-0.410368884996024363,-0.0783751176910070374,-0.598282613570962019,1.93481636733658169,-2.28833174407445572,0.0620823291958621237,-0.256967707029810588,-2.56230689403185696,-1.27893457673008171,-0.45390843277011772,2.29562549492410284,2.95631088522154073,0.297901925714163629,-0.718488003650812335,-0.799257816163692292,-0.0860144134844686298,1.33003082702063002,3.63945311479105804,-3.33171130298303808,-0.749381811694703415
-3.70995583783341409,0.750132487633641487,-0.244009547905299218,-1.37204026997894579,-1.5663619922881582,3.61523947908109289,-0.517995337282309287,0.125014366875494692,0.577863100989414291,2.69009866289068045,-1.31007911142327371,-0.481394845568988761,2.44035617785309933,-2.51851429401411764,2.26937599050335237,0.938455766979591099,-0.894560496130081928,-1.53577334243786412,0.396935847359302707,0.953722864330671549
0.68102031900663107,0.242941396019194567,-1.18223614513800723,-1.11231395315507675,-1.93854440227632563,0.641361919073651809,1.77100223759599862,0.821485020319480119,-1.14797811049374809,3.12796174789708203,0.60346804019487843,-1.40265016573600154,2.66487320623881896,1.08496937363748169,-2.98607285148182511,5.44506202357394553,0.329301562846195217,0.824286644326131857,-1.87105255054782127,-0.258669450821863545
-1.45069680562263192,0.349672288883042581,0.496757885647658937,-1.27718701570240856,2.13267922432982582,1.5205367207911018,-0.822722798930958343,1.66284907598825993,-0.590256918283253218,-2.19333016374400014,2.61450599535157746,-0.967420959554675997,2.44076645086888977,-0.354117079395441015,1.57774379445480628,-2.55477621111825348,0.283231585141341113,3.02058491269961094,-0.282799930506756947,1.37889792955912083
-0.0881428599271018576,-0.681326549512433099,-0.55553239340932159,-0.383834122560771596,0.268257038699092454,-0.664129660905647845,0.117123439315025057,-1.80145762352822181,-1.11117026291429721,-1.68409695437946971,1.22846214947181664,0.108982635153386451,-0.488850374543418564,-0.110533937021093681,0.0739078834398817497,-1.72295830412357076,-2.47236778308938954,-0.0738700528815534468,1.66673041423322132,-2.04024677391366716
2.65794045281008051,-0.934490359021021955,0.364303371215423333,-1.57504570540537592,-4.91467304468484922,-2.73598509149237223,1.20315634439804087,-0.852372336757554749,-0.574499575509337279,-2.86494519614980714,1.24334743366397138,1.44060335647622861,-1.89219476432574352,-0.127169247785060308,-1.47410436649431809,-4.46468938712483965,1.28198438359345479,-5.33363248792677958,0.314889831967991141,-2.61922782226361583
1.37991687201615942,1.13307791791855306,-0.886844244397642978,0.651294226080558092,1.33551275952546855,-1.95118064900382837,1.5759822951733673,1.13322791322420469,0.323550482177117293,1.89173233354399839,0.336327502921447252,-0.65083619263288961,-1.18368582179858173,-0.973770478663953387,-0.300436050018441592,-2.59309645107936015,1.7540669697477258,-1.73377652019787321,-0.224350948862639316,-1.6959453491638643
3.16955706394786274,0.424868752241737979,-0.30723907703240505,-0.693676855130711645,-1.32400994029787666,-3.30887563437498322,0.595803268245182704,1.07779306052905666,0.428715522748416122,0.335375309930587895,-1.58876595863969539,-0.371197759371643343,-2.14023347524886498,2.40416370005126945,-1.49358727037729144,1.04037934868714199,-2.51252798910507202,-1.23394072526360365,0.0921850500779715781,-0.995430276272880721
1.87002783204028789,-0.797641947203677981,1.11556990849449855,2.05940853667273993,0.479276384658054166,-2.95207687720317624,1.04655857272712094,-1.75108883296133877,0.142094513951546514,-0.846881674602811163,2.41031048541363679,3.68517460658599383,-4.34344044482324865,0.982790080509529429,-2.83170087443045215,-2.03396480637781307,-1.19733880113199431,-1.31829334385988028,-3.50364989065322741,-1.54414910690804774
-1.7953762457109026,-1.93931285147652765,-0.58548075090214502,-0.106313014184043361,-3.05040616034654022,1.44607576319386832,-1.845320927633749,-1.67750565370076443,0.887549527962146034,-0.259570698262514388,-3.11606632357939528,0.214792465291377965,1.0706437164744198,-2.44380566048815817,2.70090039958172712,-1.47485332435001637,-0.60475625760109486,2.71866797868180576,-1.15249877915658661,-0.264879281398933797
-0.821262104396597747,-0.0507672922642632835,0.161106270906745203,1.18368884407929853,-0.600546180840919486,0.425001844138508056,-0.423231428830623091,0.74519052394374774,0.635251143297802412,0.562722335163808318,4.42952341493683921,0.843565090078444602,1.33605171640878595,-0.39783062310525491,1.03234396603714162,-2.29591581849175963,0.155063533110386953,3.4764429840494766,1.00878670958318839,2.65216133757180206
-5.86499017914847443,-1.17378886361342172,1.64079824341355218,2.23479275979398606,-1.11502274679864821,3.74520674612937565,-3.10489248016077468,2.84249369366722515,1.90556713195102212,-1.4897255816144328,2.26933727656262407,-1.2616804297016162,4.32520258823148307,-3.75186442976448564,3.47011129651010419,4.42791825195097388,0.102482913184201913,6.47363739219482071,-2.62873057598689153,2.19496844823645576
2.81208374473085509,1.21740459647696753,-0.773281427704447966,0.921240686788221463,1.69216753733073433,-3.70289958077424153,2.47218071201757184,2.35148730412408691,-1.07241483194290721,0.116065107352169711,3.06201631589901124,-0.768578397541054059,-1.03591103945194329,2.77087779663057177,-1.06727210998953725,-3.84367170236438405,1.21162320714831284,-4.31094279124171553,-1.61682563336514629,-0.530129930776888747
0.0131346103724737668,1.10266659122748956,-0.95746436577418581,2.15550294458364666,2.04964524825592598,1.96495230747034921,0.446031084964459312,-1.00771360272579158,0.985637193077996465,2.28754800034164951,0.934054412348889529,1.82882085999932764,-0.607615363417277621,-0.613607874904814277,0.274825079067381406,-3.65998655230828485,-3.32168195022712043,1.36953015130062417,-0.619546693362676315,0.431880701200414885
2.58118317937851582,0.316630287586795955,0.948043180465775071,2.97151412709582763,0.947645039236922893,-2.32334617321867398,2.96755426566573011,0.81797325671201393,-0.376790440892383727,1.51098482795243472,6.45258472520195436,-0.531113718696544002,-1.49342260571019425,2.60961324128170302,-0.0689489606988146209,0.0474668548118094211,-4.21115623603301525,-2.77378012255320039,-4.07220667971946604,-1.66080290052038415
-2.10342172879859746,1.58771586384010743,1.74492661515009551,1.46214780823070956,-2.68761264079370354,2.87585165661964215,-1.70024985529516481,0.140200193271111245,-0.91778836242980677,1.11239109314168916,2.34166907941349489,-0.641434545925345656,2.47686287758197698,-1.49831675686392773,1.06822015509807611,3.85308784504104551,2.43249490748691022,5.27979919260526653,1.12206514882804864,2.90244353263120791
2.97533110328205819,-0.246193055027043417,0.0601215174587153289,0.603069054531408577,2.19387379783675618,-1.2262187213176452,1.8077928762542097,-1.75687654600028442,0.183004729739244143,-0.0798271086036615313,2.4514433018152304,2.02276273783388749,-1.78885806471736242,2.34887006645046403,-3.72912977164651993,-2.30498188934143622,-0.420213602981720835,-6.13247607217065482,-1.93404502657706523,0.223379032213606554
-3.64087024138748339,-1.92120682795115938,-0.239627520255240312,0.947834237787263167,0.118036487592988404,1.97283418372005448,-1.81672040184247585,-0.75543272175923315,0.0265838279962575114,-2.06791930820845504,-1.25205026590221413,1.44647632153959749,2.17166674681524041,-4.16239878466633861,0.699157110295299478,3.99756359298050157,1.78989928084493966,6.8982581710902684,-2.04753433578106403,3.98522574173687749
0.22740486211064373,1.02894184839014691,-0.964757432147034355,1.53980437679914561,-2.35866435266995067,-0.849608395916176207,-0.856107614622885316,-0.289480552300192706,-0.659298869542979782,3.03587890214254852,-0.228811511888393743,1.35025773779984526,0.188756528234128279,-1.17493588895474854,0.142442220551930537,-1.10585380005514433,-0.599848260653025434,2.19353332826552183,0.193077629430897124,-3.26295251385790408
-0.346606730394868501,0.296077109404382088,-0.910488031091875483,0.218316884570179309,-1.15197633709392133,1.66002817257133994,-0.539344426615797845,-3.04348005921884868,0.4024827947425757,-0.633920751175113151,1.0479315484299121,0.596392416873809617,-2.07384464710241812,-1.62354142415396918,0.436119943049332714,1.14634668804156048,-1.99781543133002559,-2.22697337621208336,-0.744933707778835608,-0.327448162408375099
2.98592064612010333,0.209941361558387718,1.60170964447781894,3.2801786695086359,0.13838851070986441,-2.96819735373558125,1.43066694831162966,3.61722531498205457,1.10856388398361849,-0.142519745553634558,3.59719602594673837,-0.604009837073167355,1.4308674940714714,0.890154948128680013,-2.50023155142041809,-0.0601143999159213516,0.0541619097576553146,-5.36845600834266357,-2.62151437048875691,-0.0946529947217583933
0.073621493817907252,0.904824547318801686,-0.438394206530602737,-1.50122356648590149,1.70392437905087291,-1.05618186441588469,1.1723808787316996,1.27873632301882356,-0.571690539370004913,1.20264279529397,-1.15447323544073344,-0.544970010600349442,-0.837142033476395264,0.0953701626209743636,-1.12459096990729379,2.49883293090366676,-2.30698364553594137,1.45719139270787679,-0.879479705712074122,3.38052188099940132
2.58358307943758225,1.94505503344834163,1.75255538113839293,0.253064657741825072,2.58609032381335702,-1.65283634263488732,0.515516219867588776,3.28831346939865687,-1.07755658609368798,1.37729592385264787,1.72750159385051427,-3.00979940547977831,3.79880885803396406,2.39478372878879986,-0.0675879599927347308,3.94223897243920396,-2.68449828992369222,-4.95456192313676791,-3.95923664932084129,-1.62696573397699984
-0.156805624178265407,0.591656814476430593,-0.265474106363773943,-0.69693394008695897,1.65670197068086389,-0.28511468861149214,1.59379635824164656,-0.317461138568054857,-0.0885307758147180768,0.485250061484564288,1.75060584370804095,0.294555834123504112,-0.805851022256424354,-2.32643852999448741,-1.16092223358351743,0.966155612821233412,1.29143613709144045,-2.78879877437612222,-0.702423529392154578,-3.12735162440267933
-1.7192968242914819,1.04823324689957409,0.349508520059299999,-0.325110967830086139,-0.526025112136601636,0.401545857258142957,0.0697675054159818536,0.596384611352733796,-0.614195307624702869,0.868349613344045701,0.719546757199504672,-0.564358168432075091,1.64076313117227146,1.43060002523109087,1.32511332262196824,-1.75163779845018364,1.9040993667538757,-0.369073600668682777,1.88992128581147001,0.00226930849555056742
-0.0931304979798782545,0.710211571911786965,0.122992996794703852,-0.343861192498742585,0.911456540603164722,0.64905438898646417,-1.41512595647091799,-0.990383934808561239,0.864851701649103077,0.505621896942110127,-0.434298798193175128,2.26677913376928331,-0.427631887839369285,1.22419115038452597,-0.903282695534746161,-0.0365648160100294911,2.46865258658776332,1.8234087876795837,-1.66688529387096906,1.10442135775772199
0.873333453459018028,-0.72083266474930896,-1.64532088914353047,-0.578244907606093927,-2.32310072096237441,0.841992136428557192,1.2838769949707125,-1.83276980712825255,0.314277039555328985,1.22807163492813665,-1.52859354504206135,0.901751981339561359,-2.1995196596183364,1.49353346019608035,1.05160200606874765,-4.44172821732529854,-3.47515471132601883,-2.13516462086259251,0.153925426559384237,0.5840011324465475
-1.93670553592858452,0.476593469989945284,-0.234345817050916283,-0.219571790091006441,1.1118679558790725,0.584565285095843601,-1.91666341115692029,1.93691888565504078,0.786054564344243367,1.58553996668894248,-0.0664203522064175933,-2.31446037106779423,0.553480457295363992,-1.06870980595757792,-0.204036799199485502,0.568120405267979023,-1.80937987300917102,3.9680317875544513,0.610234833211537153,-1.44357341529982097
0.598140162235548334,0.0611479293919694397,-0.12071882433332598,-1.31124156321518992,-2.40097750778459851,-0.564289393849540577,2.14465056901551421,-1.68546510693132023,0.69214796229018416,-1.02015385110629175,0.0305393832391382958,-1.428747266050584,-1.65328639196875993,0.490849084415057924,-0.874373777263467877,-2.44167615338617372,-0.434586663945491114,1.22844944749944318,-4.26031499115592105,-0.245641314452358428
0.996454648508066421,-1.91281288530953919,0.407060590117330701,0.627584409733201842,-0.461876962219317677,-2.37812785362483936,-0.968227814911951978,-0.309840329272368986,-0.0935894871740470674,-1.40008733469242763,1.0307872582400186,-0.305563949802627188,0.0195482848391372276,0.437354481165865283,0.662190330622626888,-2.55182876165992534,-0.0480201621260130454,0.36117200396573268,-0.763346590463429786,2.42608028026337186
-0.734015949942594337,0.0605163402246543525,2.03919170368121438,-0.163189330328539467,2.25368640109949592,0.849943215637654403,-1.1157246967523553,-0.357578963303676778,-1.3665223006005196,1.16302679230301398,1.26751400706526063,0.678065479608937705,2.99640983681529605,-0.0999195102405422975,2.22297354289872784,-0.229097887166498482,5.14209868329113373,2.51292195269510454,-0.573380317152417773,-0.777579122315751214
-2.84078650229178464,-0.123435985307329493,-0.584244771612769997,2.36037097937018547,-5.72619797694523935,1.10285513121857504,-2.13600862378158096,-1.73130967119296963,0.626851125578891222,-1.43920281719171173,2.40310441933849539,2.24540402224916003,-1.32895253712407113,-2.10337081646960922,0.681061485818937329,-4.31643824305764046,1.2348034815872686,1.61417873732450068,4.23440830971379878,1.35029101463422951
-1.03430401133089922,-0.0342611599675982786,-0.185107550985340846,-0.800227367227298036,1.29302874511838151,0.294679820379148638,-1.68453017443546882,-0.6739110625250605,0.483984426592336203,0.0177569759232908998,-1.60593644094773658,-0.20034872092460429,-0.857225407168904607,-1.26135660079954581,1.78579494976008002,0.613798889413907145,-0.127677061648971191,1.37899824321893982,3.6447416062709137,0.317287659327810279
1.20529707470217162,-0.716773519117010927,-1.41491638465075487,0.904228675751366562,1.68205354401566454,-1.47363835104532992,-0.15200482876587329,-1.84191351030803685,-0.48673588255113448,0.0506158333882450323,-1.97949427401851819,1.71231335811204999,-4.19255661998601337,-0.649648511940485673,0.0833075048928682976,0.715167811225626671,-1.73085295741569611,-3.99754389983519021,3.91090192302044581,1.04045406261756512
0.920961732763539986,1.4516950445210044,-0.731723642233620852,0.416894662386969872,-0.320231119877592008,-1.41600597005040219,0.230425226232131464,-2.69053337362312073,0.53677842654546537,0.311059896640203781,0.806270682105541203,1.82975668541710124,-4.36172606828527343,1.09728751624655496,-0.16268228149070102,-1.16176053059236595,1.31422759066008998,2.97864307214738711,0.0825576647165023741,-1.83188321966044776
2.0840906359526632,0.44445901469955662,0.544790792037049831,3.82749659685251764,1.42118906388500466,-2.03320757887758452,2.30634286305050296,1.95707874092935907,-0.139413327769716239,0.89597544282720476,5.83751919798703778,0.585566046428531273,0.837983919713275127,0.651059135235564579,-1.18319892329237786,2.66725532093112161,-2.22605748242722168,-0.572370733689110955,-0.566053013641334091,-3.1086770724100008
-0.890441880672843689,2.18673024093004198,0.880646123783589974,1.34439450115845682,4.2131223744665931,0.824388342107835403,-0.218506934868681751,1.39022907282850561,-1.08238962821929596,-0.0415236578314889249,0.240250051808180848,-0.0717689411189416371,2.5691578957796346,0.0204398236507299762,1.23463176587795176,-0.457508442944303206,6.19722809546126818,0.0476108340594744717,1.4069889843537482,-0.741057441882057466
-0.5799043649773441,-0.940894836133055246,-1.89511591386242473,2.33824786039069243,-0.240312492741327516,0.421208629910772514,-0.315436166385737959,-4.10936714245546852,1.39342735548523655,0.0707523977177636626,0.765229093103562685,3.91749684047096203,-5.85761174663344697,-0.976590743349512236,0.1501764034934506,-2.05879359573422116,-2.94219355424777973,-0.794000693903267996,-0.882094974324325709,-1.1963630280248061
-1.02381706668664352,-0.295924231282330807,0.768198831713919006,-1.18501875992919636,3.39319506496697398,0.283802828051032352,0.430933155068849827,2.13102183625118791,0.0606408834588976139,-3.60085256625605421,0.0508052777630785476,-1.15022274729376206,0.934133867749038171,-0.825847140251597445,1.44476952484351284,3.70608960987857028,-3.58329859537984463,-2.40389560680425873,2.50187089852066391,-0.295988422832959119
-0.763458103489892848,2.38968077654128797,0.619936727770805884,-0.266879716114667598,2.0087590277629217,-0.802329430871742799,-0.13780635105545791,1.42232320759888675,-1.17966028900787223,1.03571472671474707,-2.01660858037177526,-0.929464588555995341,2.32987375250113971,0.266751928206873046,2.96739476123784796,3.87829295544009112,-3.35532452521831726,0.493986289085970143,2.42807500765818141,-0.884858466702894697
1.93360359908577228,-0.793121332000370272,0.63322092127987617,-1.16104491162103463,-0.20110700484375868,-1.11398742613291812,1.68486123045399117,0.290711915623199924,0.380611500187542084,-1.50491117551971754,-0.0799693682750791113,-0.47554813466400081,-0.328164445833623475,0.990261821787493224,-0.372132854794221868,-2.85578386539791129,0.665161677862557754,-3.50093334615816643,1.55519601599873236,-3.78868376850434574
0.294845442933183211,1.22621647260437472,-1.48701603820491202,-3.43169137390032164,0.254022472497561991,-0.526454313553585851,0.868840181275913004,0.773668260030034971,-0.857377519287984891,1.15141099104370936,2.56366391571113494,-3.21410834901510878,1.08142465175989844,0.036504711586569781,-0.839979429632824459,2.79796065707003461,-1.50964222944142978,1.57380428382653381,1.34397192279128941,-1.4090097402828492
0.791279953679108639,-0.665108337929219418,-0.805437264125744123,0.733397583671472342,-2.42100749893001277,-1.55534977725462964,0.614342356749097318,0.039407129403144156,-0.706715610394529348,0.564199696538377538,2.07804450807679686,1.47082033939655066,-1.91015377698062827,-0.100226536819034026,0.24920039249000081,-2.44321796687765991,0.0184271845677144719,-3.99637359017420613,1.31990831867562175,-3.48063023122384729
1.43573295054852235,-0.486161561094980876,0.358287314554709246,0.434023091762449353,-1.35054098007284185,-1.65822850771063179,-0.540634681326609523,3.0075788792808078,-0.517470112814314653,-0.585729925398201012,0.55497688906776832,0.263083334977738448,-1.86985339339370382,1.64123543848063735,-1.89224972883379983,-1.23967512816443581,2.17854933890137037,-0.209543651300622052,0.0324781155791054599,-3.65083803710435362
-3.91464396160201744,0.741619853857798383,1.50367723015822996,1.72994551222346571,1.46753166276467506,2.93728327883058782,-2.34077432099556848,1.26789955663045961,0.63955725311376932,2.42861625464369579,1.49070498637805438,0.538121636573107076,3.34861450240371727,-3.18497532137467276,3.20484359243571371,2.70924701883509522,1.36361647892584115,3.21593690476618832,3.65531910284965322,2.31089274232747011
-0.369858627994122169,-1.7907862821532039,-1.58656426891306279,0.145638805025236989,-2.26235197411090772,-1.02988438426812468,-0.222709816355577767,-3.4716225212355929,2.07097204315873107,-1.31092832758338784,0.415547476075498579,1.30054307662359925,-6.5281678308610207,-1.11614399164547007,-0.596778786129707473,-4.81824799984480023,1.93239238805115776,-2.2324056065635336,-0.922705166796605414,-1.32316140340456423
-2.33585363286382108,-0.337722049276641345,3.2262132730313442,-1.54093565749500705,-1.23039121262793905,2.46322132046108999,-0.830809395476365009,0.801274761355444953,0.512812311371032892,1.2355825297161136,-0.975009259635185366,-1.14657340252846351,4.30316162805047675,-1.62525472391886061,0.566630931590034082,1.95291782783303991,-0.560144173169885407,3.55976682273402822,0.248456589432034525,1.22809182349078827
-4.75708332669433709,-1.1925892170578305,0.237666818748140996,-1.60957475408911921,-0.82596364668118416,3.20785289579945809,-3.83805913251939534,2.40359402444835712,0.939240298164283116,-1.44580836108534849,-3.18300535445365274,-2.34952838971026567,3.41850937017844592,-3.74580784421301871,0.555410077241583533,2.46698051137046326,2.34214273668579676,2.34315591087103137,-3.00502943846675841,0.547359336830624765
-3.31782676634317619,-1.67588409955110862,0.626241119266243151,1.8374843150123823,1.17781060139499538,2.95084752221333568,-0.973117153112162847,0.151098590031570723,0.485135263386142934,3.30007301478238713,2.79398337560957222,2.49057224366600805,2.04753057984616227,-2.21459157896920145,3.30454575558746333,2.14926292136127506,1.83617087054525885,2.83282638797448083,-0.51740311554274887,2.25197070163973923
0.515982330139172607,1.17837439406553113,0.556431991741406895,-0.367537784574218818,2.31608031751189669,-0.462953092905929287,1.22442442158639597,0.679115025751129142,1.12833996433189521,0.849230193811238099,0.412349098650193591,0.328293954131111732,-0.413031556937844713,2.3994193568178992,-3.07658814630547939,3.07958859134703733,0.178474378500748126,-1.75914797211244212,-4.20698132250639567,-0.31445051767455795
-1.17847281583155716,-0.580084291202557445,-0.183915819619664078,-0.441095373928465984,1.80152987997562852,-0.698205449806546086,-1.11181545084000555,-3.28588697123324058,1.69278054365927111,-3.26179936880439847,-2.95423367129604486,1.51396881540206651,-4.29515838346973933,0.267969917072535535,0.556468499654799942,-5.36159225193858369,-0.368655072595034439,0.671892117158337632,0.860902464139262191,-0.541437539764667686
1.18418039450464141,1.29188429638497237,0.425901870465549448,1.1814096877964777,-1.58389993057187684,-0.197138281388914233,2.62184517368626491,-1.02894955430025581,0.0377934778118277706,3.24550756814447894,3.77392860582693102,-0.273740495325321687,1.38127664503809267,1.19214822971415235,0.379051503884360208,-0.81072439359456494,-0.541567814535391934,-2.15411093653704588,-1.33365475255570876,1.25402327438543137
-1.28402645678634242,0.185724989282726738,1.29775572572212861,-1.98898932049760768,-1.12798222433485895,-0.140203951012653122,1.35141549394894023,-0.0920563361891329757,0.487187037022550617,0.693296322156593758,-2.17449717162330014,-1.81236843579300566,2.04552731392744302,-0.67613546998087326,1.02296896424669947,2.46978701237089604,1.31595704751525089,0.31226320469569302,2.37541092093194495,1.90345625676170638
-1.07945232687986237,-0.563186329403658981,-0.11282077532866977,-0.354960653145299787,1.10245022073778198,-0.841838241478456317,-0.171198354920799656,0.0616449435566757825,-0.590856783074165004,0.0158004434756335854,1.13484473223541094,-0.260092238360558559,0.746340722751538399,-1.20804604624047496,-2.32829165661457482,0.584318916262456356,-1.71342349989792275,3.00892506048429542,-2.50161941428674339,-1.22734374877268526
-0.26662175490412604,-0.90172295572825345,-0.992532367754366818,-0.53910541529291589,-0.574865643028722562,0.93527274021920348,1.26667436046015847,-3.35203504098115967,-0.611940078939699039,1.03657617809308289,1.02499454034241566,0.634048870995886138,-0.0238355942063019494,0.337373158366060799,-0.639028781097928156,-2.40257867849659057,0.592489531002648673,0.101477794226987064,1.16202676554458617,-0.866684736897865626
-1.34965312560424855,-0.0739285080496428909,2.65364576054540269,-1.39627238478269722,2.9538098733499929,0.862163884731504848,-1.09916676910286482,2.15139508990836914,0.707846227184782073,1.07554628774491379,0.635625936945251824,-3.56499191057543774,4.31932609402341505,-0.734118330847419065,2.32852909411433995,2.49335302233333822,0.247468831906740572,1.00041243703328031,-0.597252708264600862,1.38690729408458302
0.510583202136829728,1.70097187876822176,0.519330511148174634,-1.4820922959795193,0.0816292959716968525,-1.12631198808826039,-0.994042308223825444,2.01153437244925204,-0.706342675713000356,0.414736401689754952,-0.0684018031779895369,-2.25022744379056716,1.24059024214168923,0.494476529589455427,-2.43864949196223924,1.06265263729383852,1.04938983954043952,2.74052989340454767,-2.54067093472224936,-0.458767471208532063
0.270604413536686406,0.72093727282725828,-0.174788604259836194,1.9528710650609995,0.301100444490797203,-0.74447908502258664,-0.379704721997458916,-3.89019052738397386,0.0442768294626675538,0.604107705860376654,2.58086213801925801,3.8099752870679926,-3.56596628470217381,-0.296653505906109616,-0.884714507319053323,0.0711152975330649612,2.52599756375590045,-2.14529843901837447,-1.90931578952410597,0.421985155728943684
-1.67321838011150104,-1.57124923163105179,0.0843803032701718053,0.793724685167896182,0.90352995616253251,-0.737683127643438685,0.360291515468669998,-3.53954213678915064,-1.8996615144576332,-0.560047785108338525,1.20374349570940842,3.06515879804876068,0.509011923139774947,-1.51588980675697949,-1.02048368489011998,0.98840721928159303,-2.9127313298174129,0.482310477319614794,-1.19092244235930589,0.226328648863469456
-0.191601771964363093,-0.490333707279421882,-0.568942561873657549,0.88935832271590487,-0.638615378819272661,0.161472855053094416,-2.41301821832433383,0.590077884239338823,2.02694412843435723,0.242461434497611317,-2.34693373668304428,-0.343329758845890565,-0.281812271230232558,0.870400397600589959,-1.55395609438773552,-0.537246087998732413,-1.65698432658088857,-0.0521843725008405979,-3.24193124397977073,1.02769843656911419
2.3748582641310052,-0.168371851154729552,0.192329516781934329,-1.46426505282096442,0.689699473772634186,-1.38189664339117746,2.41381817935821275,-1.5697615365479316,0.160150399357998824,0.349141790320635248,2.93304349114272433,-1.28806814541114112,-2.11612023241975455,1.12968660220555139,-3.70076533610552927,-0.0451937780302765629,1.38929177045866514,-3.98603137679488118,-5.03624086204851817,-1.67835747551263426
-2.40892568058751078,0.816800017816996404,0.249521905177104902,-0.274854679794347523,-2.05735419340376602,1.79354995364396341,-2.65000540645988458,-1.9427221294995054,0.123875002777023055,0.93745025702503737,-0.319138455554890232,0.120435888387593448,-0.0219609735884320374,-1.49484659685404742,0.648641580912111548,-0.462977278818676952,-2.19491804500277743,6.71150446533311307,0.585221217529776183,-0.232642084291946688
3.71073226438263681,1.34743523386369723,1.47219976344506187,0.883656603592082979,-0.768073602852148762,-3.33560401917380833,3.45250054027771158,1.71205521130228555,-1.23979753368035928,-0.20936118351732122,3.66820468063673966,0.374775305203852993,-0.224272221697680102,2.1954783329658758,-1.99823820515928818,-1.36978988527230783,-3.98373451470435125,-4.05676297073715908,-2.50923190047794709,-2.48882946329496058
0.442843584366632848,0.23757119299948562,0.578368829852128674,-3.05274786960241773,1.72545332260991358,-1.44475472382358205,-1.67424432243648647,0.570241628865189365,0.179552276169319458,-1.50946941609525576,-2.87733598407992863,-1.94298977589035982,0.204084816282430803,0.0759706283262017723,-2.8302470488198912,0.280811050832870557,4.62859750463996189,-0.234343401116108241,-2.9737670281531976,2.01183563803694021
-1.6967826010589615,-1.03947028197004521,-1.2332321016001313,0.0886747147314077416,-1.29177641426020373,1.69838074589018873,-1.92238462638226992,-2.46001325334120358,0.960532060484884487,-0.707552671929344346,-2.59502389340144157,2.39788965048713454,-0.911436695408949338,-0.50430775981032594,-0.891543312900934914,-0.951602442456999098,1.3190068387508771,6.27656511343110779,1.05983278696736138,3.04887933215991991
-3.12518444318218158,0.60211371957816473,0.15142509222880457,1.61685435916382581,3.23673555211409836,3.42028448956655051,-3.03607710259511343,-1.00251137590174633,1.75262523715428609,-0.562912488060465566,0.257313513427188778,1.99074662636204791,0.329089816414438519,-0.971139749391699225,2.46356708065033869,-0.467727886169192142,-0.85433944620406066,2.71124219770036223,-2.16337753199578264,3.35497690620178224
2.36742692516532482,-0.733334452644073154,-0.451514976408967039,-0.108376443303780046,0.744906340602045081,-1.32773216827649132,-0.0566893516044540066,-0.656543687826453559,-0.809215444289034691,-3.02229807164199427,1.32544106886556201,-0.0668556096053760651,-2.19496133697876505,2.86864269801853311,0.569345703245153323,-0.558153736220870056,-5.14189890394817173,1.61666717885136157,6.3877441255517633,-0.614663214069984809
0.774382663716062014,0.132465740348570005,-1.23941262803960028,0.925973854220655035,-1.6647241663913408,1.27144972443824278,0.491550468251569284,-0.163972406797644105,0.672573809943298184,-0.690122121702567703,-2.49010563545615726,0.823973331182920488,0.615082378324954382,1.87313418208258109,-1.26437548155099688,1.37749928237785313,-2.40535231832373997,1.49719922057323407,-2.93888289475452735,-0.0159088747939657993
-1.92203093286675575,0.901709482121010764,-0.85671549367455091,-2.55487327063584768,4.5656476997221711,0.573523943065995523,-0.33810545750607679,-1.2167796187406279,0.360855015377374133,-1.77480027166365595,-2.04744675356524874,-1.05386587755705086,-0.517420024778542764,0.715176544790240731,4.09417786156480812,0.439637027627176935,-1.11993369814428312,-1.17497676949414331,1.57039906640403437,0.183966921051841314
-2.6748340061172784,-0.463538022527719806,-0.055752126663297652,2.11092115319142826,-0.109510012731956097,2.78888239339018407,-1.6643470232243136,0.0563993288569107562,0.386645700361889999,-2.45612220586228958,-0.751279464235435679,0.74786537684829768,2.28068062969556795,-0.15807192954456703,-0.271328834960529008,2.82284790559439713,-2.29621761209262765,3.18240509351049994,0.669752469466810885,2.07369323127099525
-0.482952990523502046,0.917919325236089767,0.399734882526015911,0.6746347331508874,-1.77269140545811243,1.48601487180625802,-2.50045513738033165,1.69950499429021606,0.614301784286253483,2.70286230672364702,-3.44254714305148912,-0.978720165002848863,1.26114264141179322,1.08532852023527449,-1.12152471383581709,3.18046143739517362,-1.81002765995225601,1.24904273270574473,1.30761654522753079,4.25329243216986974
-1.31632204496312344,0.301693485611953971,-1.40158622103694941,-4.48945417933096103,3.99637307006526088,0.820209473290840485,-2.13300698438941572,-0.134280923729167029,0.720797361453812235,0.342230420740318064,-3.46975673720240163,-2.49499485263016174,-1.19413374369708425,0.84356501050773014,0.320291839830404046,-0.435519783617645484,1.49639645209901762,2.09053982623304924,-1.8700264555305397,-2.93396537306142902
2.98687266399353479,-0.0116248924546095318,0.887989194401121007,-0.959388572748853474,-3.85717091669872669,-2.91902395674815729,0.785590587553597786,-2.38040150796119754,0.960981969265043534,-2.20614202886350697,-0.359802336695970948,1.60676317195574825,-3.5423788572813244,0.797566206112999665,-3.5826202103248872,-3.77929086496464084,-1.27492684372988085,-3.4925533620087319,-0.426870047438927369,-0.784404396610067556
0.693989183203695514,0.482649922924358488,0.598484253717219694,0.603949503260313381,1.44534915396184727,-0.938015563867391267,0.334866393249365457,-0.237483157882724727,-0.652719593296390732,-2.01657856599501573,1.56905817165908545,0.81507161661116001,0.649531772908065852,0.574450601088215884,1.45688573198933713,0.897532548258910157,-1.10113361327391801,1.29667978861751099,3.52088756184236962,-2.86560066629331045
-0.00517500558377467258,-0.182902285201397757,1.54439713489243702,-0.639671125510654415,-2.85879257524141606,-0.994357388112263263,-1.20857729332857211,1.9576934587967878,-0.451674340885939551,-0.977507813557274008,-0.381975485827969696,-1.56942150150741577,1.42096356742579655,-0.114230223910433193,-1.59281483818135494,-0.131303926999076115,-1.26724045638558613,1.24681802797575059,-0.898616199797581228,-1.01169890665441842
-1.87083638415139908,-1.16710516647062779,-0.312626569140689814,-2.22152515494387481,1.71265233105929138,2.18139051313139598,-0.893321994562721877,0.0965050716902046551,0.236683288622914545,-2.14649666507363968,-4.01218801726071028,-1.14656879359139885,1.87588554337184021,-2.12262546565504051,-0.90579575859275463,2.22961203606777492,-1.58595331898365366,0.347932763684583646,-0.995977637522899917,1.33406745773589175
0.217527814859938523,0.826578432243122774,-0.668307168107291183,-1.39766191953549201,-4.65724191860871617,-1.22959871890760186,0.382868163784355287,-1.35543687266992463,0.429229945450564532,1.45121876786079151,-0.791817255633405437,1.03328136027994866,-4.87392732078844748,-1.05864451774127932,0.727380415664578117,-7.13026229430881742,1.64298055960669598,-1.31233377080645175,3.04735993200668753,1.09311876208050629
-1.66323575109707944,-0.63204035202108122,-1.51631531356035087,2.04409817945483097,-1.50048756886336587,1.76990583605308971,-1.344429640342649,-0.578203755420075072,0.0871638404462522082,-1.75520805134620406,3.21957779153832124,2.09999130454505156,1.67891002616699092,-0.347785096303580288,2.62273997518947377,2.13295964412994632,-2.78091056402089976,6.49111926005729512,4.44797396120315458,-0.109894498485216568
3.60128057034361415,-1.15132200981032362,-1.10743002001697333,-1.16077161371052218,-1.29565437923422344,-3.53462121728194845,3.84377677465652701,-2.71111187370497531,-0.909561233600677088,2.22542172885509171,2.38790357751569715,2.56293435128662628,-4.20494437164406243,3.09558774841646089,-1.60708440447814294,-1.47680501524404129,0.0464148610749888432,-4.39977832292707394,-3.44494747319935168,-3.49405603361518491
-3.47814553406341354,1.57122110208410803,-1.26451688999051748,2.19625870660737021,0.261678031992785221,2.90724819282788838,-2.70964661012237329,-1.11198463929907065,0.0124682828532750624,1.69484622541611452,2.21336581322028625,1.31872489066623877,0.607595469141563149,-1.64027844478857499,-0.00921906612835701744,-0.229771773418197461,0.936763918858803835,4.63692551488800131,-1.28760706703561945,5.09664792876222617
0.644221941599777193,-0.304614320964366359,-0.777608780867878768,-0.383367576541685351,-0.0110397697794141301,-0.188080610478992022,-0.812015217816416834,-0.0573444435015331155,0.543351280916151369,0.55636244588233752,0.918881102914291148,-0.594371700011410597,0.708343980013813379,2.05515889421659326,-0.253501390735964338,-0.209217154618565326,-1.30746771448254484,-0.676929416517438765,-2.80318804730083615,-0.087976757791561111
-1.43660512611541136,0.0193919099700934593,-0.778197703130382168,-0.172108216616694648,-0.215662959845119101,-1.16676191788589989,-0.590255201895689363,2.37276251303987173,1.54647390204399526,-1.00820261794729826,-0.657866714837993749,-1.9159632452131321,-0.461876239800536881,-1.16735360202000416,0.665543553287354261,2.57941357079361877,-0.307751489576318482,2.68015064246868029,0.498531771319154549,-0.27939679268072537
-1.15538023114115518,0.0627234832112268659,-0.638445328345837559,0.19167612414975338,-0.0957676584372136042,0.142869436043986192,-1.73368647424604605,1.58317850763373702,0.421631253993443533,-2.10468752558064942,-1.27645383946952418,-1.25525967031186725,-0.705918477908843989,-0.235722991140329352,1.28377760803547103,1.52999784527658145,-1.71833194091273778,0.672878438933081413,1.34299556533420383,-0.0924915302078777452
0.728492471772639982,0.907772876978556686,0.287766603730122361,1.59396328003414278,-1.67660702903069647,-1.28504384402787997,-0.350191396490156237,-0.549156508275388422,-0.121021701013938554,0.172924877182115744,-0.507289994689154478,2.72504347953574477,-0.700917345938546044,-0.596081379684248569,0.375909231070624961,-2.32781652851427312,-0.725062691530337422,-3.40097807899261806,-0.785904813423556337,-0.43539511465142966
4.29543597417107037,-1.84679322857753636,0.469712489267655353,0.687377290060155244,-2.54175186911181994,-3.06752814092902248,3.02488801536261365,0.482326052880191869,1.67781441022079059,-0.260404776745625843,0.770135972713462014,0.166499477397602014,-2.98798544637315766,1.51103469394121648,-3.67879368970612797,-0.584077963941903922,-5.15320739316588394,-6.38296477391868056,-4.56812746452077256,-2.37386872093618839
-0.820902863597065324,1.70199485323234234,1.35277164635779723,1.62393853749486161,1.51982745371131789,0.509092823684809903,0.289332630335394581,1.91683154072327655,0.542379783091919587,2.81829915244276474,2.13327429134795565,-0.50765851292233144,1.51020033858692693,-1.49777544361286363,0.490317397174131531,1.38713345199604254,-0.266601074987689257,-1.17825957691076222,-0.107437910969106876,-0.169058659815843004
-0.357942539737094945,-0.496994245517311029,-0.0864820735278839098,0.282381157515576908,1.385222202903303,-0.168224018338757358,1.48930032794900358,-0.0365658242998226218,-0.452254553943601367,1.34598222059953287,1.56185020517084228,0.676402863522843512,2.97355688692696374,0.639631873016167529,-2.45269627818198543,4.67329574327126895,0.503095280221589225,-0.192005550361644656,-2.43942336706892204,-1.17157195291775884
2.87180590157366389,-0.271688450119216662,-0.60347443607318596,1.72733934350186735,-0.681771571075743044,-3.62885139725741501,1.23638770590624025,2.11937711483546609,-0.488917974900487218,2.10466372329191964,4.88882819747630926,-0.356474323876931731,-0.696469042095176238,3.60531262831894717,0.0869738205564052069,3.00519213060182189,-2.06189259836752647,-1.45264574714152106,-4.32672374785717206,-1.75138251411289914
-0.0191662880259788129,-0.785184791427908424,-0.214241321385849975,0.607832300293386307,-1.70113477107283639,-1.18622558459627969,-0.274090945069582814,-1.92987849861308947,0.581788924465364898,-0.568460566580797577,-0.865244839534811905,0.265385936017675517,-2.55459171039440935,0.0487163327067151875,0.32561000069446594,-4.6221408923597016,1.43717682690137294,-0.631250503676449637,-2.51157304391953984,-0.77707225291009574
-3.0818038538088417,1.24567458510133156,1.77525006389764095,-0.372018371395327285,-0.745426931121698222,1.9722852347982629,-1.21296245776786282,0.753825014772612767,0.836280366306019762,-0.939948367725203071,-1.56830521984283178,-2.65697974073475685,0.483623564430700315,-0.369891371171374272,2.84434939956973043,2.39028770096200738,2.04862639992757911,6.04301490998543933,-1.35347124296603716,2.07905610231429039
2.03745491106502863,1.61852925538811254,-0.608753513420488335,-1.64530770193925124,-1.71699135166302774,-2.61724900739203115,1.72262956791882504,1.19646435393319739,-0.97939020161881718,-0.32637462230574521,0.0280857961698279535,-1.94130694946222904,-0.665740522372342602,1.58187572907219987,-0.610568096284348938,0.335362483682735191,-1.23919308743709045,-1.70098136176854808,-2.32356759640292809,1.50751050469599601
0.647528282090710894,0.804514648310852287,0.36449240244014669,0.316109393082265822,0.612437894084713941,-1.57987867601894649,0.0647871874901483763,-1.10663137182963278,-0.353547181101935892,1.78621931612252616,1.43998856861936719,1.82546332969485925,-1.43187207324809318,1.53542138363191127,2.38957449771643127,-0.942687431042526391,1.72950179048346353,0.629806019673459283,2.83199355922823992,-2.14133691891782041
4.35511291842723391,0.108022035930535068,-0.13017265264668329,-1.16013783108764601,1.02326560592188742,-2.89071305087522523,3.2607554120143627,-0.288647040409866162,0.894412004853404774,0.221077893944889164,-0.938625909796965252,-0.929240569756529355,-4.2341173393375211,3.97338071459915021,-3.89758664817700851,-4.8025208940872588,1.79904780500153993,-5.05872038979074468,-3.94512221600923807,-2.10941841810308839
-2.06782768075831314,0.888536879764729615,1.06027752494151906,0.283464270162995524,-0.890289933504877284,1.37642124776401431,-0.436555648418983033,3.22060213279367469,0.676493715032866594,-0.125457155671160475,-1.93033553092137877,-1.81139452332009965,3.41564950343238038,-1.82458613291867988,-0.282781637372871819,0.9515303079856825,0.467616786803703055,3.34447356817696928,-1.47357180990436154,0.323673470219960346
1.78543363366854702,-0.210332087745808499,0.0197665924518146997,-0.992609943679728879,2.83363480724306083,-1.65524277398823672,1.32944368947183689,0.866359576052946001,0.89401249793500337,0.636562196218389054,-1.72404889912884252,-1.2502418743316086,-2.90138734629242068,0.0878494517619827497,-2.88811241800101826,-1.89188160882067269,0.227726501094393879,-1.94608588427304641,0.633337065200657579,-0.587794597966680987
1.63851956473562366,0.31506322687481142,-1.24604022285986371,-2.19759454801191856,-0.889663313646714693,0.091722015012245417,1.16905065237279326,-2.59941329936191767,-2.47490431473718253,2.7316264200842455,0.150565394349848836,0.784466149991167816,0.705404174602822676,2.01566781614952673,-0.223491150826498591,0.442392921683160134,-2.62189146594270417,-2.76541090231581865,0.0785413905208869473,0.700332888051352853
-1.25956436735151978,0.795951054719541862,0.319941548492856942,1.01530267494671156,0.839153382882878551,0.635740372677988219,-1.33833142149120055,0.458359313402432245,2.11339767990336069,0.0891670436506102337,-1.30241765593774694,-0.346956753051671285,0.0115202424086367616,-0.166405351440472027,-0.655277249958148178,-0.558469845608032256,1.32584992518421396,-1.35541220938992812,0.633712054998689878,1.56137933060130796
-0.0702214528844914976,2.11774476900817588,-0.540785823612965233,-0.551886794541355363,3.47280916352984592,1.11821429956195084,-0.171295259073485862,-0.617707565181829343,-0.724928954716130947,-0.623557553589213609,0.0471902356669458359,0.863511641482488046,1.32957091564414109,0.624915122203455686,2.48676162383571375,0.901479948534611109,-0.490151709070234975,1.00389990604876012,-1.60052482837892396,-0.779113337592841515
-0.145301280243550185,0.743949314243125381,1.70925526443603659,0.801375837082683673,0.538853178555660728,-0.532914013525595753,1.29503357862689827,1.40976633463800827,1.59279573071760994,-1.03480533581800715,-1.27378917026702565,0.401634882980940633,-1.10567120006914732,0.980548180310729323,1.23747252777333983,-3.82141803375424827,-1.25154768392565008,-3.82571041095938646,0.916294507637023581,1.51980275285111932
-0.310849054850149742,0.231760393154021443,1.28759635876763445,-1.56558368184472863,3.48023059670187029,1.19411643342491836,0.446173388451109154,2.16124735362185083,0.24372588097188852,-0.412752691250810322,-1.17514240041296913,-1.41671956798660359,1.74122688844980122,-1.39961428514710517,1.53173798001754879,0.359886929711931813,2.35666417985207977,-0.741267395068402668,-4.29409216327582488,-0.350154263411853239
-0.811697163629209406,1.00714231259806919,0.703003630669091661,-2.73453157788605772,-1.89327056901163271,2.70650795792213872,-1.43239071229965043,0.0679580100700488132,0.230503388813227295,1.5858403735431954,-2.73931858886454238,-1.57491995009506591,3.2811999222910031,-0.856359569519839603,0.396746219643494269,8.03829490409076008,2.17975597509492447,0.0160555013433082081,2.2611966396561427,-0.204332937481862015
-5.34512045598159524,0.30026671716956016,-1.21485838116936273,-1.8287539900178944,-0.868194955493622134,4.32182205768294292,-4.68287250159485335,-0.861628391073457567,0.316277244387611511,0.103001498258890725,-4.39409935322317935,-1.4234062207944691,1.45610310985318914,-4.1968414589392502,4.43792307697070409,3.01516687738039568,-1.15461462102417345,8.36194849315679534,2.80624290232083906,4.62933622297475011
-0.135649785004739176,2.1462731424012107,1.06222528511742764,-2.12479529541260304,1.47811941878644015,-0.494476199845086728,-0.210309850817129995,-0.214865174106458723,0.465626426239843849,4.7564473712334765,-2.71199144719830931,0.398222583254790041,0.479018230962996783,-0.749833876695625845,0.51540760089267712,3.98417926711154324,2.50549372742180143,5.13542879078129033,1.96385757969264763,0.419704264614638667
0.144200940596455579,-1.44683128020784557,-1.66482246480672136,0.377760404259332994,-2.1598944949892025,1.11138932572259597,0.885379491300700594,-2.31450161157126466,0.0368209113914315239,1.36127368740972776,-0.837250985099133094,2.1853628750141505,-2.01079682629280576,0.160164200397212686,-2.1174823773827951,-0.397832476520504186,-5.98880951488077784,-0.779986823147394981,1.91575697625260566,2.05872807278490244
0.180194455529194192,-0.138870691754725106,-0.0663722326766925802,-3.19112647286898632,-0.512668417890404515,0.485067677963590016,1.25962992860597378,-1.33619628257273471,0.593918137582477024,-3.03982408562821549,-2.00328109660445985,-0.855984592784979959,0.31214751271245661,-0.0619592385183443187,-1.91261510212966734,0.268907848105852942,-1.71650870136906453,1.24035371945389672,-2.53546645581786256,-0.967454441095317086
2.99761117375720465,-0.402553798835397547,-1.21401650697243046,0.512493931205358022,-2.48795633937960803,-2.17445558435040676,2.56673066163831898,-1.56151025832262658,-0.466244168564058092,-2.15177501524464798,5.02958290991231749,1.92221526532950149,-3.7840744967900819,2.74331693429204471,-3.66905654972424422,-6.00784813109088134,0.727743633694264092,0.013831103993324937,-1.84913609468049045,-0.725696431439158629
-0.895043862341010743,1.64150357424587146,-1.59382358878922714,-2.19169956293093682,-1.02353798343862223,0.498039196600757572,-2.06145592083441365,0.147412326811794447,0.035522508001673718,1.39549705168154925,-3.03448253985307081,-1.7785097130836538,0.912484326174100913,-0.0550570078913370856,0.867016028433845842,1.25193649529341799,-1.33454191326753313,4.79456999070148804,1.44433433957306367,1.68446723792538444
3.55943511470881058,1.37811421293627601,-1.8255923567511334,-0.376842310717150464,-2.06043121404355034,-4.10434590740951855,1.43389169042194831,-1.6161338964964338,-0.0444185749609605218,-0.394807964507432219,0.0298534519188773384,-0.350805550174177805,-4.09189077124264955,1.57526354103842547,-0.800334158291687636,-6.80909089279200419,-4.66726133372648899,-5.37298131256220568,0.984306583828806536,-0.427701097614535286
-2.01214958728224591,0.203097772108939201,0.652211345273227217,0.31413568169190903,0.0860940755491744064,1.81510744652165878,-0.849120958163336881,-0.583289532823638601,1.55063697960233182,-0.948121875894397781,-3.35953757236900641,0.865984624566725647,-0.204256978329342226,-1.88638733221782373,2.94138922383171808,1.61528591236408925,1.74802159716336125,7.06784726076115355,0.347008099789269109,-0.889725833755185769
2.39249247370339635,1.62733336541549423,0.149597238384499981,0.247620774860393966,2.55594845552460637,-3.73486967410094151,-0.0233645087199554902,0.467652064586624283,-1.52094841158737992,-0.923878189187531285,-0.571271881018104333,-1.19107939496060422,-1.47866336464950932,1.23675426519648912,-0.956442813886835386,-2.9928633797456401,-0.576829150389068124,-5.88799859398745173,0.0664703798484920644,0.297266903351276257
-2.41735211196156952,0.145569595505023047,0.650244417093408411,0.0891610834150354525,0.1833859853185561,3.89178313904194306,-1.6335765276325751,0.533483497736802148,0.825375914915048137,1.17725827224549939,-1.26563632288481331,0.97669113744797964,1.36657632606663926,-0.350703809565307945,1.55398034418615039,-0.54151599846742049,3.30565395570155829,3.40282725934115859,0.55156557035243492,0.0790134100341916418
1.04119975150998334,0.471372994440723558,0.538659941852256297,1.86684544453315882,-0.110278393803260058,-1.00807800175953499,0.516003168653282329,1.3374950196111357,-0.960300007008184409,-0.737783978776205052,3.22219909490046286,-0.696791131187681989,-0.00896392199584987795,1.85343511063358912,0.0774204929525116464,0.755379245460825466,1.17047629859155422,-1.09960723154498718,0.777461784070397788,1.62637459135313911
1.04118171032913676,-1.06917814028069191,-0.494383134495162746,0.338768229603605919,0.175648803293442596,-1.42212200794583432,-0.913131550986518992,-1.73886047911993491,-0.395452704570399383,-1.02820774051508779,-0.954952682203731196,1.0944891006555959,-0.744962336036772976,1.30149709589221763,-1.62791977186234238,-1.65344944238679381,1.62839228901288346,2.42633420813880374,-1.99754683874639571,1.17457568069029561
0.601533098178979042,-0.00896973669355460856,-0.350334283257741297,-0.31868745923713182,1.54275422577657806,-1.08913403985465518,0.306125701653820637,-2.72717765657102174,0.615707011406561477,1.79873721067309122,-1.05675427325576932,-0.766846505040145621,-2.62206014913788277,0.110485038645763617,-0.370424591033937212,-4.68834798134689557,-2.20667917028286364,-3.4284503580032677,-3.62393437150636233,0.408904403401429806
1.78162232800043197,0.140116240670706077,0.541693929872169466,-2.76000467129603644,-0.455883287078016786,-2.0265520685180678,0.0959836099872504733,1.3927080681172801,-0.663912377496513217,1.21918062618659584,-2.69715932728476204,-1.93740744110888397,2.18751991218688158,0.670199890461866343,0.889010281951799097,2.98042984482789475,-0.368086659490824808,-2.9004859816748354,1.97154634485706892,-0.500626646996678359
0.828495230022929796,-0.449056743344789455,0.526341950048753726,0.421020879544436011,2.86687806156471092,1.92999013044688872,0.703762315608081557,2.01155582222664364,1.20209719959901373,-2.40593126949091207,1.01440996936904182,-0.62969866715091527,2.56583954074598042,-0.316648799225232869,0.484350828824278323,4.80226050644559077,2.61586403922634014,1.43371485638823848,3.13465438344200242,0.142022556769818675
1.09844494969322426,0.0345122897440837753,0.342482204088945308,-0.866886205309035818,1.53617141829928316,0.0397603679123327003,0.144841025651544941,-0.966895842917942949,-0.354824964506254836,-1.70790159952829002,-0.576918707156400812,-0.0496494251531008901,0.135214589977577571,1.21965950111465338,-0.697093562482983709,0.77171215496571377,-1.07084441672620434,1.62087599733181009,-2.98982447140652141,2.251316326249301
-1.45947446984889084,0.318199042255774556,-2.45198405300602129,0.909939812917997415,-0.464604071565834276,2.12509924144065199,-1.46627360549810404,-1.80867810063805212,-1.53535127630924029,0.521172207139291022,0.906891153260911742,3.22455880424380448,-0.116665513704152013,-1.25988231022464214,4.86478096513531444,2.91695143407045565,-3.59933921410727642,4.53518562404366765,4.72195439646951343,-0.301876787815805847
-0.213799669159472017,0.2614638387003137,2.24794010620904716,1.20290391879072889,3.46986824750073719,0.537968590847930139,0.191073106135307813,0.435283268598737894,-0.0256140551082335924,2.72987394751399748,2.3238650646245258,0.569827508230759783,1.63984313369458334,0.916070090984708041,0.328338505226832333,0.817748368580826557,2.87037998089958357,-0.146012333022918689,-1.9053541696667593,-0.0265065452846527418
1.08221706373654625,-0.140088102993513958,-0.365571616644738973,-0.255520222702854016,-1.92065352208785423,-0.965146185270080004,-0.276832877459902094,0.63684797486651179,0.0389149378521715869,-0.431431427469718465,1.86720007829876167,-1.14430719671015679,-0.130543871941767253,0.189730278891105525,-0.644873998114953495,-4.29835219743933283,-3.41722094833793566,-1.00224196586793735,-4.34231050297248533,-0.234880477568007201
0.766361289040742411,0.0312694762905462373,0.936260458490078551,0.819136720026696574,-1.39750301614388639,-2.09115393486225765,-0.363310136229135439,-1.18180811902668514,0.963652151795344469,2.25193474610738065,1.75367238276789505,0.118542810207770799,-4.15261257830498742,-0.602157190815145626,1.29395611709426372,-1.67741786365251699,2.31296382147049773,-1.34422494674359028,0.787714133678508399,-0.734791274836632424
0.308398480797343222,-0.805525569270901798,-0.153086456236762702,-0.00437808096017052503,2.18746498588419414,1.69041330899399567,-0.400438419096169784,1.96512033687710019,-0.774943103440555392,0.169323273402092966,-0.784319966930464907,-0.346191539440001972,3.73164679181556114,-0.037142680424416756,0.301132989026033526,0.939467941947247809,0.61689155028607745,-1.36994293712897619,-0.943373005703612377,-2.26333829126091857
0.297044991917604972,-0.355078187029478687,0.829967017379228067,-1.03273193884587333,0.97472471290676177,-1.09161357044888518,-1.27193063284313768,-1.05718860740591114,2.28556843892866191,0.4073453027865378,-1.37364346576505025,0.331341130823190666,-3.85618544650054362,-0.286620005633474118,0.434367922677387164,-1.5221383387703622,1.54000498604942049,1.98721408424479096,1.69344280687962367,1.39392366168538961
-2.69193041226419449,-1.5171584997001617,-1.26833386198286502,0.127122754705202512,-2.38349688423032813,2.20850749359681364,-2.27162881200834077,-0.270978723016618017,0.654148260729088826,-0.835765872340197391,-1.7828704083455269,-0.423637438196476757,-0.57653740156631017,-1.58799803487587665,2.17890767652895878,-0.243699126862247206,-0.662397644640688732,3.59602520883968912,1.40662822451589831,3.06311916753862512
0.483037845315757886,1.1081104175537666,-1.28990276253536873,0.406556138771757725,2.31697386311754938,-0.194318686169597465,0.290662934591973565,-1.37778161128726917,0.54281474168031596,-0.79013167758865599,-0.213984566137852467,1.24754720766290395,-0.972515614343334334,2.78006470943234252,-0.638056813655543675,-0.441488231882103288,-1.67306315238773684,0.533529764724696487,-0.150424468757950291,-0.550903374746591901
4.69621895427910641,0.171886601343319789,1.2134685438244901,1.82888032601767492,1.08933347453114893,-3.59285469310694916,1.28086810763320313,1.96263477067675396,0.25897104336724891,-0.69515636290905336,3.43222733688742032,0.782304353414943532,-0.528781379026393328,4.16942630396874048,-2.72038276311231364,0.803973003078281567,3.46473075791574514,-3.18773445145913614,-2.3219768701928003,-0.377959088694881207
0.151852111715996302,-0.963442907500061785,1.79979854039356235,2.27126595493491656,0.469146645480546132,0.117439644548267899,-0.147161044664167351,-2.91415319441491816,0.415192917461274458,2.7285198284245098,1.64800950124122836,5.74489212232296431,0.14622050779624135,-1.68002968045857148,-0.139045982985832373,-2.08904501300654255,5.22681098480319406,-0.584681920397522981,-1.35741160690685936,-0.281925188652518088
-0.517709005498343089,2.87231449942372841,0.106039962397737442,1.21594443966397381,1.01300208600544872,-0.129064657395950522,1.77321255792224974,-1.29997189143114156,-1.33553244261761428,2.90051746913402875,2.62780330087465863,0.895534229128028159,1.73997860501423385,-1.28318860886093122,0.428106542287933656,1.71484632256781544,2.41051535145778795,-3.22666346603245291,-2.63130171203428365,0.952169676684885724
2.30055619460342431,-1.11870377726541403,1.24153148607100028,-0.256073044735853128,-1.97057408020638225,-2.38660621327164568,1.64165526558165409,2.68686790117967966,0.347892133605160858,-1.05205212856181629,0.576009611300972391,-3.66493637036596454,-0.428907132091942367,3.79729441862904515,-4.56586202227572091,1.07481769707126795,-0.630561961900838908,-2.297624249437769,-1.69489832209235147,0.161476284797618302
-1.88087633896036754,0.137572464735541189,0.819749362044659757,-1.23019090783707541,-1.61882622601495418,1.97917245568592071,-3.82592546964166491,-2.39916909708295334,-1.30241855104675364,2.28628583923117379,-1.37822113185479544,-1.70571807116000596,0.19363980499224559,-0.423692293169308121,0.768937850193076144,1.60978168306816394,2.4196380598328151,4.60386190264369066,-3.84777838968243691,-1.84423016976216969
2.55967077413975597,1.32373953581062476,-0.599668019257080132,-1.13604893595521594,-4.12059145581820285,-1.39746009401231963,1.63621820222699244,1.31788064290335716,-0.157993561101060775,3.21129415045001165,-0.37556447121798614,-3.04789310065599572,-2.1943813855176324,2.049185420212988,0.750988777847074074,1.14516189414306457,-2.70019678384903594,-0.321429059090763247,-0.863376656158270084,0.102047468491714671
-3.10786101958479177,-0.179079146474179829,0.750383444276418232,1.17398759209386294,1.49463436487545898,3.38270439611436835,-1.37280028404804488,-0.26798423834967916,-1.31162367620122611,0.13270098089372373,0.642223515517545085,0.66165992726246714,4.87470802900267763,-2.89526745617655923,1.46676891288157729,4.60008849645322559,3.00939796177768448,3.41828786908301563,-0.282896720227134024,2.64384420653080099
-0.461599323612427892,-0.143692767164014051,0.924117556884402447,-1.40466229048289404,-0.484510234134315265,0.989986073039291981,-2.0446902914691627,1.39672600711855277,0.691766128680131653,-1.02016429399380759,-0.690296994558427413,-3.15156538087249727,0.611109850890938278,-0.264866560043903632,-0.774698699158453019,0.0174429767990951778,-1.00857518942704916,3.49698717366565814,0.763929094921643403,-2.51300603229282515
-1.15714220006334245,-0.543456603108277148,0.752949007495443468,0.411077053078582,-2.18539948348557145,0.51593054817951578,0.485357959703169028,-0.466525384770675899,1.34951803330855391,1.63735132210164758,1.29333985730469014,0.917756443091607643,-2.74389682715210981,0.52603153978306505,1.10167623258026959,0.760856134497819081,-0.13359741435739475,0.198582756681140532,-1.25782404311969143,-1.70037377727170291
0.192143676584285467,1.62231382688380643,-0.690561553944523121,0.618222524304674947,-0.380687150472065861,1.48028272522763338,-0.373971828193784162,0.538593032414420025,-0.547800914464258937,0.328262988770486597,-1.31864611652245456,0.781668097423037223,2.54653739384787059,-1.04059825252197968,0.292238876876529718,4.55117387026874187,-0.332587790442015863,-1.46365862713642647,-0.192179288202442622,0.465571928088244547
-0.822024979362663277,0.344389285526950917,-0.147620434076948276,-0.452515223670861944,-3.89559995471125387,1.42686003887613855,0.657056175067610493,-1.63675977546409879,-0.918034003919462771,-1.06914515460436577,0.991979193250939972,0.13682084048147708,0.391502974442088647,-1.00554229043112286,-0.8713787117669759,-0.0946256121763618535,-0.826305588159518822,-1.96665750847431497,-0.903565132284464445,-0.770101634862885187
-4.79372770817066396,-1.3224510467129893,-0.366309403960408619,0.287166681611201402,-2.75715288089109301,3.272831244454665,-3.51256375962054346,0.417162558379857051,-0.907785128023231636,0.257877661446675566,-2.8296421700586416,1.2984729907370316,2.6322726569611401,-5.21354382418287532,2.6696642311841341,5.62999501038155437,-1.09811491035335052,6.45409387583651295,4.50318103456279406,2.82636976379402016
-3.12311034682506028,-0.112720151031662261,0.531205697025172174,1.19876578105224763,-0.0480089758312948547,3.54804675815998172,-0.932721131522830982,2.00517477165290092,2.12889358070094925,0.778942269948289967,-0.0873904344119926513,0.353062061517117776,1.84718287490182598,-0.00593206185397008885,3.2183150208439244,3.06858356632606188,-5.71337429456331058,1.2121214928609616,2.89224406031196635,1.67797260111008661
-2.00403209187119424,-0.353935348867874144,-0.0356462128714454332,0.319831939114907149,-2.44609534615549551,0.273056748836627727,-1.99716678999448072,0.657770349155052725,-0.729286384146593303,0.263356891706200635,-0.584193076357867214,0.0199757767210798666,1.49435111649115537,-1.11676266429686599,0.504880002609478185,4.13656061503670447,2.43239257596313951,1.62513152067908084,-2.2475618079533457,3.79275555049070157
-1.41184671320186861,-1.23537737496411104,0.267740288700462459,1.42213269286050936,1.49141040493429644,0.0299353988846534531,-1.2096397043663909,0.309343822647800026,0.848957953905179141,-0.830573950593431642,-1.81345024411436739,1.11111854432132273,0.630803976451264736,0.158043283471200779,-0.130598397819427336,-0.788518783506208298,3.31246128433919784,1.92652119357129004,-3.25741773595321993,0.314215758815274471
2.71957769338750444,0.65188746965187927,-0.364373637608950474,0.330455835720885605,2.04013182676410176,-0.783131748063370381,0.961276477848653221,1.09840459062492646,-0.0017397838847873783,-1.17878884236448056,-0.379590577831257048,0.507284624561920583,-0.630394305703441238,-0.77476116286942398,0.161519170961685027,0.896596945373297372,0.388077573899032913,-5.30474585970400003,0.317198907103529326,-1.5249293442559706
0.399571739236962487,-1.10667305344075162,-0.116154517028757939,0.182004297944623195,0.00910802767775076121,-0.903882183801167916,0.990397743724988344,0.280789321357468036,0.605810543561162929,-0.578213162548213089,1.51722299689267826,-1.39501847379152499,-0.511751789129114121,0.81193732626211168,0.251505174895175487,-2.19910086025568097,1.65784606900478382,-2.21334351082327574,-2.12487278622606457,-0.271359305499525749
1.73654695587636443,-0.408154374088008975,-0.934444907753731679,0.0211333897811024594,0.373090827101531519,-2.06893885053143345,1.37989985209830257,-0.24660426793286061,-1.57048086437237377,-0.794669766047267023,1.4893600768764006,-1.87629719809328765,-1.63001013953352691,1.17972758116951204,-1.12089636309241714,-2.10877766659224841,-2.09676880863930171,0.734123031261633141,0.364003672779543153,-1.35444488263376894
2.5005219310564395,0.197215424399016015,-0.749389631289762437,-0.322705095860291502,-0.508259103600129825,-2.2908344814575039,0.820568024017390707,0.732740326948878362,0.29175415598211879,0.466460968387422958,-1.41719059809521308,-1.53373155639433367,-0.648857824420019269,1.49852377410449944,-2.34301671178094795,-0.417568743261648445,-2.80186695420658616,-2.15223547168593932,-3.11392922519162552,-3.09573996143505603
-1.567213625157172,-0.399813748947927372,-0.816508391756104457,0.199264919724799983,-0.116566732711465199,2.02308181755739547,0.429492910697329422,1.16606320899818483,-0.800028324206946362,0.960089719626715299,-1.19170036171126559,-2.77777592418271313,2.7037288926111831,-0.476242446280475906,1.22957456078764915,1.47339883493026313,-3.04672694286616119,1.91441319294252521,-0.635919321263978654,2.32732861805094693
1.38477553860765101,-0.275037156583148423,0.179645393393063874,-0.756765523896415826,-0.801279621176849921,-2.47001516301184365,1.24005542173956007,0.916017814343962011,0.0205814499421154984,-0.708817389194751901,0.0177157420632276935,-3.17360776539889811,-2.02877783287195523,2.05498716395078729,-0.634290932360731197,0.99343236918646538,3.64397893399723438,-2.81211278451183899,0.488210699665032499,-0.825108443448006046
-1.77629492002023692,-0.135331272082916176,0.849780628306848085,0.440191877833312817,-0.478384345322055649,-0.224245483657280392,-1.04101208139345314,-0.982294008238828731,1.09265249623217287,-1.00773798557014693,-2.0949043727686063,0.471520072301548909,-2.49099563649357947,-2.06996419510915697,1.45857750033013311,-3.01629126055083807,-1.28418748084434986,1.0961592643214273,2.29208430291082932,2.02286934102763594
1.02080249234856946,1.30271027308236365,-0.961739302168359567,-2.38118690145362688,1.33053510248430817,0.678350312456328264,0.242188105313230151,-0.39381561328810949,1.39921001233778508,0.412983659134919301,-1.50760965602665897,-0.597339966588630311,-2.50276565947028296,0.0662767145210083758,-1.51438925389129442,-0.363755258244950197,-1.63664785125252576,-0.958553135344824114,-2.02970223988330201,-1.07180217100970787
-3.75513736008236387,-1.47014952883352779,-1.13708387917992937,0.79038763076150087,-1.75664724886263368,2.91886466668859068,-0.594989355134844855,1.24986474977721129,1.40170107968843416,-2.89288618173423862,0.654519204600497173,-4.16268521515004508,-0.561532952103363625,-0.882246308784173761,2.43758879435445452,-0.263138140233293294,0.851407589589098013,3.66345455980300638,2.62898196826551134,1.38235760048405965
-3.3048985118314862,1.55979456106114656,0.775285762427293745,1.4148061983389959,-3.07650895743876829,5.69000393506796698,-1.68101005185484231,0.462527910518573115,-1.25501293875337439,-0.829697294819850217,-0.138178172633810464,2.42851622762526986,7.15169883439353615,-1.83732424667004257,3.1372777028079657,3.43009275052018081,2.42047725882354214,2.48285353752256999,4.8470523556780778,-1.22386191226130525
-1.85199130438140513,0.647244622566463756,-0.368344155371717441,-2.9596894714441162,0.105819101647643132,0.559885936156664155,-1.18922791790980664,-2.8108531305272022,0.105747883117313785,1.25602736133489334,0.416413526330718986,-0.371615520154431223,-1.05454994970260985,-0.811695666983868191,0.628182770841056115,-1.99791973777118592,-3.66442608352104804,4.25324765136387484,0.84064428886704079,1.17952381059857725
-0.102307612021608083,-1.10142754253773378,-2.13532012635075441,1.04985148817141627,-0.172800942511139172,0.10852744380680017,0.31504881722447492,0.592239223074150556,1.379828782958467,-1.56469677827309916,0.152868976744985119,0.647038765948621863,-2.09466596647018699,0.931111626276887039,1.20413261639656421,-0.368710185276063029,-1.0194849143935234,-0.404095735183052418,-0.613905265270228262,0.302716616175181585
0.910462938195088389,1.58110435977137787,0.278935235326088216,-0.630251475008804962,2.05024161935587479,-0.121398920435019153,0.797947824250983095,1.36570184503086023,0.0604892781091442081,-0.839885222114145624,-0.153682987367877166,0.359485189237304104,-0.590041065355771055,0.0315006951852168163,-2.45186779578745551,-2.49709754693961505,-2.68570949377537804,-1.93421049531317712,-2.92004736611432136,1.7096501134094324
-4.19205738338091827,-0.468837028183266502,-0.0324744543187907644,-0.103578280225608693,0.599025592290449271,4.74881416648184729,-3.8256191829056867,-0.659379874152870693,-0.895100135227070548,0.499721203908460587,0.943566017711631622,-1.74384905642784638,2.43819585894070023,-2.37723034198035021,3.53126482227475247,1.93902042878348224,-0.324573300987202884,5.46223208775510205,5.00431999044483522,3.6479423649332392
1.96263354725583494,0.648887009584262153,-0.550386903160902663,-0.135673753420398641,1.705634736816521,-1.96707182931628943,2.38619006972418379,-1.80682174048286748,0.195063785990224975,0.657722014442096103,0.00441546043243889238,-0.21402345368715911,-3.71873950263183417,1.2411544425273846,-2.90812900498602245,-2.54524742528296777,-1.78913816159873451,0.798873369217523499,-1.7247049764715412,-4.43616679328136865
0.258954597647436835,0.285594040380404646,-0.28626583638769032,0.810404887231520599,0.632496224263401241,-0.699344680572621114,0.83321458957347172,1.28365737960403137,-1.75462632138690622,1.26335507128576618,2.99559639768883867,-0.325481138588621044,1.76044267175525859,-1.05467513054901652,-1.21564513415423914,1.80411786922479722,-0.221412391984612322,-2.21609667209099914,-4.0035810188151153,-0.100156542344357558
-1.07968967238123437,0.616555572547529351,0.128222646097650578,-1.5874336515330747,3.74009198298294709,-0.506906738912912824,-1.0641937827688408,-0.827980194558821658,-1.15071600143684627,-2.10820435597078992,-0.0599812313895558488,1.19142745004542894,-1.04144092242737019,0.77116311193059095,1.07330145952816269,-5.17818447579264518,0.53039911947373175,0.531748912751363378,0.982141831271260313,1.97222517804278374
3.60039162892602072,-0.763852911138223623,0.101816402850096757,-0.435433678468757079,-3.59207961329795733,-3.00961613619172175,3.28663248916276585,-0.340955312058750737,0.532601288189426314,-0.610181742895012924,4.82546117121397877,-0.513352101312578801,-3.50168623459302131,2.13902381442627387,-1.89090466321806794,-2.92851897741394973,1.92667821818967822,-4.15073589722155933,0.475454513780535715,-3.51285110782311039
2.28319856235052221,0.0765161585149529561,1.71412601059353853,-0.105356121022608371,-1.59579345074605161,-2.43259378248641722,-0.417833571972615392,1.80653166464851944,1.33597683599146455,-0.345259072868517869,-0.834904612954678438,-2.00956748885360392,-0.381328913635569033,1.02697963037074702,-0.0811994021778529029,0.447875346002355623,4.63880032973183098,-1.88690955068840061,2.32014968202199245,-1.53631628078184512
-2.33224835292708654,-1.77650011613827097,0.952707436952925923,2.42817249149285308,-1.26111320943233585,2.15187401945985002,-3.02003093814906176,1.00920817176312516,1.03148212975164943,-1.2647118630318559,-2.81221244943985527,1.59284983947196546,1.54018396037778249,-2.23151748306352626,4.97054511270791988,1.43900892615586962,1.34717551840682348,9.66612996248066025,6.19671757131280643,2.58287867170062357
-0.945962699539090845,1.06904285078033623,0.37146616913541014,2.21001777403516897,-1.10213096306388136,0.454090563483661946,-1.33098879790886127,-1.82618895149069616,-0.597950175223721403,2.40410930412740376,2.00997314629689905,3.16832694804522896,-1.31318770278788288,1.50647014517655564,-1.94928713680339372,-1.9063741663868754,1.36084437399160252,1.82024127157166427,-0.232538138059738581,0.0562204291013328333
-0.826180403808614794,-0.961927020789990594,0.744447606814605756,1.4869781891342071,-1.24005720935005836,2.43195467958064748,-0.0283511415630158976,1.14431700616321508,-0.494448475691607547,2.45854538458900373,2.23660429308949471,-0.534487167829503118,4.72375343546477655,-0.905787890839582999,2.07333469470012144,0.54676611718888446,-0.0985938898546606241,-0.506054178818823641,2.97689249059442007,0.514303322482292824
-0.655593760052216701,-0.916778009912741054,-0.230519637539420119,-1.93100226518843821,0.566193913459714926,0.25911966587505425,0.852671841217964244,1.37233902543445185,-0.834760428466832849,0.989070174971841243,0.582943739286324925,-2.00062334218449056,0.322201365966779896,0.0446294211485977407,1.86462162918689867,1.85581117259924366,0.492291390675456186,-2.69690589836964723,-0.248218498723065562,-0.51523341513382459
0.281651054951567781,-0.299386772698479131,0.323282583487766173,-0.737406640332516461,-1.54159172168805392,0.433327846196695232,0.710716560905928163,0.527834939731636643,0.882912541664947148,-0.626179866106366556,2.26347306472624066,-0.511313710131282462,0.576972815042944398,-0.527806517490405636,1.21149457122465498,3.38519741069449687,-0.246477516931680712,0.673645293407700518,2.04963209889495701,-3.47211337593609137
-0.630784367340182062,0.582865446554534539,0.621726825613165279,0.421289020599479203,1.2246650917057571,0.948590662246897254,0.159383209564822298,-1.23540693908095389,-1.04232929312798528,0.570534833240648243,-1.19563439104328229,2.43061296888644351,-0.499285283770212307,-1.48405957309889369,3.81538009915308018,0.5803443525620956,0.210571016290211382,1.74526297435175226,2.22091966837485222,2.48597267853994541
3.26209206616997216,0.0449904436018391599,0.133882082239258599,0.683347334315573707,1.71757983544416648,-4.74544979274667433,2.64510785877733312,0.664591381519486157,0.695792848361199923,1.89022653396931561,-0.220498868402457388,0.762646676617251829,-4.0959177389125534,0.663303935145955204,0.133443811826569558,0.299496008045790796,-0.596548957857143791,-7.7072945787787388,-2.57568022881768899,-1.82933415880720629
3.17652637277405026,0.982146177389065622,-1.93893690581076816,0.740151241026714035,2.58274233684601695,-2.20938229907372685,3.21897091517517087,1.04299006894502644,-0.0161440524233581705,1.75836040596827248,6.52986632406858902,-2.11471768883342381,-1.52186980086283175,1.11250822416367567,-1.9369358528431273,-1.36132936333584098,1.92711698174718227,-8.56096578645079731,1.68164999227428047,-2.38307991315170975
-2.89962615417907976,-0.448548036186924903,0.159729458179285744,-0.238241581234088562,0.344769954197966577,1.49304450024742263,-2.25194513502305149,-0.160691361844764263,1.34191193945614384,1.71051285547548249,-3.68582470112240745,-1.01326981316137288,0.573624482794103385,-3.97903461288224003,1.1006235599782983,-1.09139966558918733,1.12931787387839333,2.8164063252698579,5.34227554209908462,3.97392951681477102
-2.7691113090955457,-0.0640167576139077099,1.74641842598019492,-1.38468308899261894,-0.855393376394565808,4.40246396050340838,-2.02482609283624759,3.72353084814068813,-0.143583460819791786,-0.942694503257546002,-2.35068132220010284,-3.65553350060455262,8.43566967014868219,-1.4279147982749405,2.42595115845415865,5.84814076105301783,1.26756171365031789,3.62711002180320152,-0.0908754550179085019,0.718352972531965728
4.71540144234255276,0.528256814974768507,-1.58525348858037796,-0.0705252843833148596,2.66792685535129337,-5.59140068066022966,2.54909610429534883,-4.03182373615977507,2.25382323391474948,2.05959453516362423,1.40509680935260195,3.12929664907026384,-10.8865504348738487,2.10634279116344025,-3.26896259517273435,-8.35536633003672513,-3.71387997428119387,-2.48951535869791574,-4.1539828969988335,-3.04860908651191576
-1.13632539107289543,-1.56484903621506954,-0.154972694374067965,-0.884444167349633048,0.405461067836173361,2.08950813336547281,0.168208015411435097,-1.75325382571282939,0.628318514530917249,-2.1191500364982776,-2.14522387943271031,1.40474117721805047,-0.499214130603944373,-0.345060494854336097,-0.376308644801693015,1.9197512842911868,-2.57878630807073694,-0.515798146111732803,1.03590804785751245,0.981593767522870198
-1.86395355810653141,-1.61801115060651135,-0.316101997134739521,1.53122431221463473,1.51542004961598176,2.12930111415136381,-0.318162740529078836,-2.11559731484029845,0.642961989874882511,-0.659762125827912937,3.16945877735823256,1.071055387254783,-0.976699993621855889,-1.71977168502681388,2.00355761011360967,1.77406408078323863,-0.471605685219290638,4.15168862649250237,-2.36682619248670489,-1.03319550272516181
2.59465668967066687,0.207932938799952866,0.209549679456330962,-0.513301667989821131,-3.39833175945128652,-2.25775105986856417,1.50931672051448995,0.581485459782399405,-1.09380674505638975,-0.406846659034409752,1.32162273129679653,0.176237939201093513,1.31058898994883344,0.104528978926506907,-2.9911358274695008,3.656858853659819,-0.0360223551978476608,-3.13589088962829576,-6.21365301510988033,-0.521370165362529114
-1.29817520376866535,-1.07192926519617204,0.0938503841575340919,2.0639895493443654,1.97138320925589139,1.11885059439717582,-1.33393167874566632,2.00386926780973251,0.240716765013110429,-1.70846889834728954,-0.260026863364783645,-1.90654221408166591,3.7661896565705737,-1.50097068980770465,0.768581260966301638,1.7017927600464906,0.76175723560672981,1.26420720095627526,0.142165205816718487,0.672095383463438112
-1.84397786398015406,0.874633974273180348,1.65300037724018134,-0.600438166249565697,-4.23912848206471349,1.48043733456122806,-0.440856586678001705,-1.72822794244701727,0.550779647357029334,1.92350211929079773,-2.00403210567168877,1.37554649304399623,0.0622468092368700238,-2.0199416355358637,0.629739013497702005,0.317341990620199965,3.47792778646114042,1.81956783006565415,1.10345271616231888,0.721077051406993741
-2.27356242961883126,-1.04799990260682985,0.19363820375052479,0.538765224060170356,1.54819417660796543,1.80785816697457435,-0.575393234824738475,1.21005447807263611,-0.153551379580273373,-0.153643291750950345,0.943738564431658489,-1.18481960047328827,3.48327448485208491,-0.564993685941206469,3.53074149361722833,5.63011702796449676,-1.85044852076199473,2.36386048987251574,1.08837647928397674,2.75445824713346665
1.57360840343649233,0.776802920387150042,-0.0329396448087227664,-1.38220057752319869,0.674690372396450577,-1.51690350923467454,0.638581672928243305,-0.704720614284052305,-0.5201820590259153,2.9038661803955339,1.27343065615544537,-0.628873639247804372,-0.269226113195015937,1.59166598434454132,-2.04461778009226292,-1.91329342823136472,6.79988609361768948,-4.12494314483962299,-0.833619100740105146,-1.47845645972377437
-1.33176770953410473,-0.754041199424757669,0.909141609269108808,1.0595503981174752,4.28868688720333946,0.30699597346834423,1.07748552983390389,1.90403920767077595,-0.553483886272672421,2.50503403681207804,-0.86592829261733284,-1.08224230983066105,2.13094688922954045,-2.1527191915401076,-0.817558330133749678,-0.880590148628173863,1.75896702788192916,-1.6591463660216359,-0.0729451549675601413,1.60473473707990233
-3.43831474265343218,0.000172570838326952517,0.808029410763664968,-0.230200415203293707,-2.32514899218896121,3.62352797749378075,-3.90679585977175581,0.286656584059934327,-0.308335639756596225,-0.819471727286924301,-1.85754964440240666,0.397949709262044815,3.94530142739832534,-2.71207738863112002,0.393448148292925404,1.96383768337967046,1.35590267471480752,6.73920916501343559,1.38284501231269119,2.92576854990227941
2.12594778274325291,-0.156977892613119646,0.855400480356643067,1.37766377063137635,2.89832882996235108,-1.77054581763409802,0.844545610631902477,-0.459140626257627305,-0.00582145150876108106,-1.60334354821632652,1.62014667143351265,0.453934761639968321,-3.18797316861541313,-0.302902106947589345,0.904309217188215442,0.944798710028315836,0.950841448005588119,-1.41391308704725471,-0.0648994277308868189,-2.34206100584634047
-2.06145561688863888,-2.04757699015103078,0.331897003356460996,0.62933406408962167,-2.09561169700843486,0.62736730986529532,-1.7825755796390601,-2.60402033088415008,0.28916991098987499,0.222639298357557996,-0.221787918836710479,4.15533439854278974,-0.34913019112872401,-2.40346464470798482,3.38703931641606903,0.471578578548699834,-1.49117879455522151,2.83548523486162818,-1.0016975216274453,2.57159543264158685
2.5801801145564931,0.13482928929357052,-0.314679431467446313,-1.19576028615291841,-2.36466743616003416,-2.15654878484304513,1.11115362508060112,0.17093558582807647,0.952598454931110283,-1.58427419488337229,-0.58294973269993966,-1.06546879093220315,-2.8130628563360367,2.92948817756246616,-2.1879019125421304,0.16723802219874867,-0.293856150000336158,-1.74200729376933938,0.66659890391036114,-1.44400782112553028
1.96986456457297776,-0.484613876146926748,-0.450703685964160272,-0.261327257657027578,-1.3603215236314703,-2.25931935768383507,0.341970534158546502,0.960514631599076907,0.615141360034235696,-0.461367799965981706,-1.05390240969205085,-1.16280915769382309,-2.83302283029679458,2.30275396455199166,-2.42852978758108939,-4.90392780379805249,0.00538023372109888102,-2.10884527436870783,-0.679465318175168087,-3.23926954988707827
-2.65659936937725849,-1.28110883058470026,1.23299800974964757,-1.88198563228389482,1.80085401348391949,1.78002653682511247,-1.1816769173585755,1.87286976728558696,-0.251009374540233032,-3.448356746112061,-3.58851415284747155,-2.46397603540828625,2.59989648726651712,-1.4751629037972529,2.17753110900153457,4.27880610705771325,2.05691191639274473,1.00957150366171811,1.21725378695600206,0.913213156632430412
1.19458394049439476,-1.40723168159453671,-0.582122118160422808,0.372976260288338357,-2.52946021918867991,-0.871634623789841023,-0.130548470511688497,-1.24741969547191056,-0.175154628168611881,1.42821965053698974,-0.0530651448584814681,0.37834188896527432,-1.00239148828112801,1.49022736963207758,-0.893318382310718362,-1.93486908846843142,1.8411112176690605,-0.939941455075110177,-2.21029730611396902,-0.706159603964262583
0.065400131403447373,0.808135227556442848,0.169885322356780138,0.424508978488370547,1.02549753020615686,0.604624671591467822,-0.194695251229019151,-1.58691163178271211,-2.49401461936908042,-0.750251021071168478,1.71892689578830549,0.229403553896329021,1.75309738664281034,1.22189121945611201,1.81817116565994352,4.63495244480063118,-1.3963822683587408,-5.48208259815262533,-1.59953770030254083,-0.116968889293543918
-2.15936364688644478,-0.674217612113456655,1.67414093175201595,1.55699366505609582,-4.58804738094878761,2.04974130961089429,-1.14455118318430782,-1.56315021291499634,-1.31329787920104657,-0.356979071648414692,1.36818315633903964,2.83425413556974304,3.37147277620715435,-0.793179663665296797,2.9878565782528832,1.95843717524475514,1.43085312630151318,3.97263107944360705,-0.346053807069544417,-1.16366333938383204
1.99310741863273955,-0.882978643319673573,0.293182494073616795,1.40427661517043312,-0.507951328676749969,-2.02251423536880726,1.62480877137119473,-1.17376300006883727,0.558416891126238379,-3.6008262011779113,1.58015398639653792,1.90853677486631423,0.0174009099128180911,-0.279369735482012715,-0.427450040972713108,-0.517579730864604626,-0.679877321471444529,-0.255667447927284297,-2.93538331264628782,-3.17191293154134613
1.64200035089291152,0.523484798157317188,-0.160349300739375117,1.39186144143371582,0.258491966350405944,-2.24232051509074592,0.108803871445563194,0.0313065056124029392,0.163911718555122266,1.31093688396145414,1.24647008151012173,0.460545808970071524,-2.23601502632417581,-0.0219264613395806912,-0.737224273306540612,-3.10504633300171351,1.169301980901019,-1.71091852506115161,0.380205150798547886,-1.88388233192874854
3.71973780848071778,-1.01807945794917099,0.466432031023108096,-1.64663253217420724,-0.64073495891310539,-4.34438678119912769,1.84604025324397636,3.180703991441308,-0.372645637294761911,0.745503787775352089,0.365125793976202317,-3.27942941048058234,-1.90106191702188965,1.58435547747804506,-2.44550419445137424,-1.8261937642526882,2.51220639209365348,-4.99256939744673467,-1.66068177003737172,-5.03284067896699749
-1.69850563985136493,1.78648191567152814,0.43507676016657143,0.68265727013929578,0.82273151226427943,1.98164617731740567,-3.00974759839110284,-0.738249347947852352,1.18484942403299631,1.32536636469770741,-1.29029524117246486,0.611140135709812848,-0.61024404422515921,-0.601015185040171818,1.18933078378030133,-2.11899941542758485,2.1095222294614655,3.28891755294783694,-0.0601646261039976774,3.28372637093426301
-0.413754864117398258,1.14871566794930891,-1.47752669872356956,0.539937842296589032,-2.69499463337953848,1.48952316376682492,0.502403407801026547,-1.15868878076981385,0.193585634173420812,-1.10540611558747237,1.02893412428545616,2.32040164549262151,0.847958976221604321,0.878434954243022981,0.604511953413533032,0.374279325733921864,1.80911344380912409,0.148883887478035853,1.97191744302380623,0.572091290466897995
-3.42544026044281358,1.66493118146470254,1.04129234330186948,1.3836404103670239,0.542420622328698143,2.08075184147677961,-1.41180268357284211,2.17787231615903254,-1.18720050599849913,0.699397123308456936,0.947298104263216478,-0.346498971353565166,5.5107572478994058,-3.90644081247054986,3.76064871627612574,4.24909982178269363,0.80320799100221707,3.5401743863265609,2.17673384757578781,2.00875896008735744
1.50493643137808242,1.20803533767217486,0.714593746647205208,0.00143234651164498585,0.0570034868050217497,-3.02111561508223803,0.507076791946719396,2.59315654693222886,-0.941238592705607946,1.4920184009062567,1.31781793483578369,-1.65368399041095682,-0.0121736828869120281,0.572830378484106673,-3.81476271191282557,0.0475584464079206876,3.4431441045212634,-3.03203004500465845,-6.64070800808111805,-0.762548501275393975
0.412455735521555178,1.03136998756105158,-1.19958956449975918,2.48581035601240874,4.64291285092165218,1.62513557651359219,-0.22621780094832003,-1.44741638020490737,0.794940417560946466,-1.54264312065360421,2.11825009334039116,1.22479364891556863,0.744050729627230845,1.91745363805119373,-0.594257113888331912,-0.115843263790730025,-0.945057092158518297,-0.793091417500190743,1.82043029516961297,-0.349063009278324954
-4.26071506416041057,-2.9091877735681182,0.40115691236528811,-0.332723314736867504,1.34007249961891972,3.29582789050148994,-2.37854646218830013,0.625985723423958973,0.12763139738608395,-4.07105503102499,-0.498378607010317609,-0.166910170103029304,1.58451912055801958,-4.73380184258731429,-1.32037297178859259,2.01118930324346579,-3.01113167481232846,5.63152589397041048,-3.62442836450626293,3.5259146342286134
-3.18415009993228315,-0.0384186993515991185,0.337023076509490649,1.8561353708297319,-3.01847320855785695,3.48808514864012542,-2.23528198823347335,-2.10098612678714813,-1.28095912633650211,-0.0211418444761647985,0.819153135334401816,1.73514173567720409,3.13853685713684882,-0.237905696815205653,0.579236077440540176,4.06992290133651746,4.64370682003174551,4.52445567929094405,-0.232947106197106069,-0.243497196236705432
-0.579971405723504474,-0.0995449049045662449,-0.48253568392593188,-1.16905467767287075,1.61610265175226475,0.310108982930624166,-0.473039962287519489,0.540427961989617733,0.690747588681944413,0.886511567674622358,-2.19879771909321153,-1.73339712175266136,-0.241305414842654692,0.945591330283246712,0.0129640601431968826,-0.449219209803330743,-1.35009275058305489,-2.19304136680971906,-3.35750376625310265,-0.484840752799316654
-1.16692718736749068,-1.2996119554215364,-1.04123051289195789,-0.0912803441608560778,2.25868326811511011,-0.116628202482006851,-1.51222222279194418,-0.599823792530902788,0.396960114388356045,-0.688679117595336621,2.27665051942710628,1.57259049106631399,-1.36908661985124236,-0.0909713296638066105,0.435663676253204013,-1.39331072495325925,-0.893137212949201453,3.63288016955812676,2.00663529823152542,-1.02764586099410304
1.07334994438896736,-0.562030952270455297,-0.229636797498169842,-0.718600575161300714,4.10173337148371164,0.502293102831335991,-0.368151326857810213,1.18321806124646001,1.06219120049450533,-1.73029504277055413,-0.338395298547569501,0.0751370414710649109,0.219916222066846301,2.30198967489650608,1.91917265008010918,-0.569222955253801732,-0.925580320538922696,-0.476120702921844663,0.353003919881480333,-2.98468986892115851
-0.791272499906642834,-1.54675412380818211,-1.02873357596383563,-0.300615765585637962,3.8010382852811242,0.472850189442071855,0.893273408044043649,-2.99449191482837662,0.167772108415128629,-2.20815200702656922,-1.93684766078764592,3.31880939945810605,-3.15236032885754414,-1.28897935213876869,-1.55294968792781707,-2.41257428808150953,-1.22283894495393586,0.307180023534762536,-0.574973503324320734,-0.442649647850493544
3.53627100648259063,0.48338824819814008,-1.97019468817470789,1.21513556222331198,0.303948246843180225,-1.23040558305189274,2.07028059087987248,0.0220102341027077521,0.582758655903241163,-0.279905967298583969,2.70119652956839662,0.99594033969344542,-3.00220197810903944,2.67238408012437967,0.808414592303634549,-0.279681428378180774,-1.76885960100944795,-5.2535505039789312,-3.02085661236300362,-2.89695857536206347
1.69962572684084501,1.70645744497902307,1.16302293401277534,-0.363657205378896009,-2.52525603786526931,-1.02194223280853991,0.575894304564394943,0.990079022186193924,1.88693130398084086,0.0814345090325632875,0.324006334396234941,-1.38297137241675783,-1.30412855800848315,1.07213053004736247,0.588003517534969045,-1.94776024710951634,1.64897518102961671,-1.17619781512485178,-0.294227498879081451,-1.46584126122372638
3.70074806874712392,-0.0334508074516650586,0.791501173121298973,-0.487961757420932285,-0.579559449562216167,-2.33074493399906935,1.89887711275754878,-0.146690143889448704,0.900010441915161774,0.619654165082182629,1.92203088384864618,-0.534835027997562107,-0.813921764096074973,1.79555217285173363,-1.57513102665567728,-4.28186496169444997,1.44859098261102304,-3.75919213925253182,-1.08630904721354438,-1.34620245369187175
1.82957002156433934,-0.572175934945252207,0.164531417264578983,-0.979647050662962871,-1.9655915994238915,-1.48281589067696928,0.726956103752440908,1.92963188320900692,-1.00116552020590954,0.759905621684892507,1.55376568215134858,0.389846314983052,1.69425822359624978,0.348021558329788372,-1.68381567382967456,-0.205048870074498624,2.65057744210010382,1.10755131270287488,-2.0109205168909301,-3.67562343726914209
-1.10473419851808141,-1.93920158668698894,-0.297897296956024293,0.95791587392409594,-4.23353957266762304,0.756881805303897481,-0.167414422373357352,-2.39989107875325258,-1.96328424063636353,-3.20384387712951124,4.10958506532125956,1.30254937391523207,1.59296421028075774,-2.21848698921890142,2.01966001869993672,2.92840333687201282,0.578414431675608021,1.18107001369805586,-2.44362526182511708,2.07863125347917865
-3.08159136946889101,0.568822782342591871,1.41782875081810644,1.17146507935119382,-1.60756629957415975,2.21487744282042698,-1.93949976573713045,1.20352725728972976,-0.0521833081429759274,0.328579895301793767,1.02673601986936114,-0.59572641627804368,2.434788009941669,-0.549930664235265265,3.90440993418694182,1.10273415814115028,0.10002641796855144,6.56194445017260897,2.22935444193672305,0.923794318430439687
-2.96241779930904947,0.0373184942421549842,-0.0166381513824939119,1.26597929511453877,1.28867143972502829,1.97940962806805576,-0.373114778170212713,0.670259119753902732,-1.07139847871098448,0.762766430976120402,1.16972419253031767,0.132278682568841455,4.03428475003689524,-0.968540845402240391,1.84777755746346384,4.6565004224390929,1.55018310192049102,5.47432702234332691,2.25739227624070615,2.03269537428169134
1.10603869974846702,0.327807186796443384,-0.63628002327963995,-2.86240386954208459,1.30494052309439468,-0.606539084206150436,2.13223930531606909,-0.352540532154696273,0.1618592235920083,0.86380961832126979,-0.451351636675122847,-2.14075716547378603,-2.36543897916177803,1.02227912889493289,-0.186720662349138145,-3.88370621812217953,-0.777383234902458642,-2.08352562158650434,2.04878465835973556,-0.0644407003736589962
1.27702271380060139,-1.28081407938065328,-1.15505332284002549,-0.0302030991411620514,1.08814157332863748,-1.44231878777879485,0.34522995857567329,-1.73619815634404584,-1.63995874389523055,-0.914672552740140254,3.11167024701049666,1.16853932265177107,-1.24891466576261578,0.523338839180420567,-1.45324776373090492,-0.613391238001047556,0.548055477071898611,0.771532205429854567,-0.108099829824806135,-0.382794256773245745
-2.48144834332916764,-0.40596471430289216,-1.13638962547267686,-0.75288465826263562,-4.19426930890431304,2.83173900817181723,-1.018410243035069,-1.21387537449501148,-0.118300247700360892,1.26759868523243813,-0.404152130884511351,1.05276037144629342,1.01309259401690732,-1.93497037354897161,3.055221726099834,1.94191001765557925,-2.18117257421137323,4.96602724813778984,2.10812198741897472,0.240895956748177709
-2.67196600425163666,0.514639414678224938,-1.42129994483075506,2.52495564893072544,0.306652505815337151,1.70166768905239207,-2.74263860215071054,-1.24120515443635249,0.651928895693273946,1.6584648068250456,-1.54360887179214523,1.34613476314933278,-1.67604756531682186,-1.44491800152522876,4.04044855386505208,-1.19041437556720542,-1.12069079256260506,5.56828497984772142,3.0489752049208505,0.440324110393156942
-1.42110370297240163,-0.146055389399053298,0.17299033938254943,0.444577059681168396,1.22051178276522809,1.3263935494139889,0.103688851749726418,0.63656659552097461,-0.486507691651505481,-0.740798834122981198,1.60548097097963316,1.07206980978907507,2.08261946964845812,-0.589018008649130786,1.29992939213114722,3.87764785433623915,0.532082291040184896,-1.20964490659553547,3.11105673530896709,1.74084185214478659
0.929156928057631948,1.10990723058926277,0.366665390122775825,-1.09809884116861434,-1.58501641055405851,-1.13176026162776067,-0.0218197294491798803,-0.812295191500297387,-2.01634414919653571,-0.688160701485432513,-0.541352770708732778,-1.24743984664246477,1.78833178685050509,1.1153374373349989,-2.39194580571101145,2.81136712493667629,0.271372107330806078,-0.853698693106284656,-0.630998927414665456,2.40170053880112722
-0.169922900709734676,-1.22951988689295866,1.0377503036213569,0.186009987282986233,1.03826906987244749,-1.5491889538450927,-0.945989132140905187,2.88267041064990925,1.85626802788155132,-1.09968425128010128,-4.15122186262629445,-2.92045094300812247,-0.277196478499076304,-1.30427494662320642,-0.26186285651701946,1.12317569939127981,-0.801254321398626512,2.19559388519213083,2.10798199363273664,-0.900430683175735158
-0.589179683836746348,-1.30477976037638199,-1.983988112785255,-1.16587074851134465,1.9900040353325319,0.122643733785155293,-3.05257837620124439,-3.65300563874160567,-0.0592962308535261023,-0.929186398500522981,-1.28267797367415359,-0.178984561974345702,-2.80697953005518697,-0.227514617298939542,-0.430197188245142526,0.31754859080989567,-3.44478610720889611,2.59919456345686362,3.04539046544235825,3.51247239548436996
1.76837743981299877,-0.834204736307912142,-0.256090867853091542,1.94185795302590236,1.26995205027278835,-0.0215297076700974623,0.693328749985834603,-0.758084770218341975,-0.108963560468658016,-1.57228163432426093,3.2080173035183579,2.60711650981208098,0.41045402813879367,2.65441085481123284,1.47531714175565187,2.17762542476454035,-3.35674328828343382,-4.95949697479197127,-1.50794767477658698,-1.96845331977641402
-2.35708574370433777,-0.639282744249941026,-0.0505584507758240348,2.24889931537520349,-1.62547141763271741,3.20650874104381112,-1.27712857848205874,-0.949830310546548318,0.384303025735889481,0.338511205586824682,-0.0769301201698579656,3.34602299922013202,0.833845652643171675,-1.94823651262995456,3.17328372701686812,2.11158381379213766,-0.139962495130519421,7.30441779771057043,1.88293375382943595,-0.33994503489432143
-0.475516480574430633,0.998991992770981496,-1.05283838345817427,2.44180812806252678,-0.0745255349714462473,-0.885991701070425353,0.0253612583529537923,0.538501624243911126,0.214389798186150365,-0.0416295035731868157,2.95559680181626616,1.45318677523793838,-2.83408893022229824,0.415930710869370335,-0.626570593787384222,-0.511622280899389104,0.784028186221932266,-2.17765572617121972,-0.783395845068801666,1.22175093902276788
-0.756150994800929399,0.185061123763955421,-0.828963182495755291,-1.53696262299720621,-3.56543939930089993,0.0435760870450741106,-0.719930899925245393,-1.25504775848951322,0.464366373180987835,2.32661155406191611,1.55448479520505467,-0.251922483739942082,-1.12619448440267012,0.0274395868890292584,1.44382865039314146,-2.41769772829294416,-4.70224267073046498,2.44292524011495171,-0.0568465092732304902,3.1281495709409457
1.43767697256207416,1.98484172018367033,0.751445971009154778,-0.345353634761158212,-2.73398051127704678,-1.15188733591939108,1.26677178311816041,-0.8473603351271628,0.0391974728470836503,-3.00651773043154025,0.106740441012967063,-1.6118403793836118,-0.486164856409199542,0.320306120286268425,-2.04918776217669496,-3.07676879526609603,-0.924848221419603878,-1.12981088007729391,-3.03962012797583014,-3.57322152910439028
0.834242773945387595,-1.00900208447384232,0.70672098589653054,-0.0564403454167168653,0.463262904983321011,-0.763287875179832986,-0.841193323211184452,0.296283374730920257,-1.23281463006799541,0.278695566208910395,0.140695240169183777,-0.159950855939806347,1.85888074750686139,0.620010733474397169,-0.444079596873925841,4.29261608251667059,3.13601357927949387,-2.97077790645947459,0.747101452757478635,1.59689801578193302
1.35078364609360579,1.39585860801423678,-1.67276629821883827,-2.20013298395554724,1.14976625055014914,-0.041911471035247283,1.47320263614836855,-2.04106249957465202,0.271031263847716641,-0.619704083519301951,-0.775461190937941636,-1.36494709318382434,-2.99811183795245118,2.08284950868452068,-0.474482766098229813,-3.38984256339238899,-0.234387374622730682,-2.47351928383447284,-0.171315405631094292,-0.930034582278073119
2.53514574005522642,-0.111292130000974529,1.71360402078131058,0.920263752365058418,1.40562218173419828,-1.56113006466340676,0.889134339741108004,-0.235714516232488708,0.730710956236387821,-3.09110748158078152,-1.97409653595390644,-0.482814854402280558,-1.41087512397183956,0.444611530823951662,-4.3477182073111944,-1.82451850826716377,3.35235577423232511,-4.16465881856307174,-1.4690788028585966,-0.558630878721645741
2.01489577918226326,-2.19578595282645139,-0.407559584516417606,1.90632291136634224,1.81584723496489775,-0.0275068232116267714,-0.168549376317927241,2.01773437717063819,0.905943159767678696,-2.23650871756952485,-1.5821399903304143,-1.27158796534058705,1.16413677478620947,1.42107402708224728,-0.372990568381480703,-2.66591549482551882,-0.457353239188033056,-4.35273495357261453,-2.39956729810849456,-0.449464532401765426
-0.251594847203472416,-0.698483710683201697,0.415865770667048773,0.548124222752709889,-0.521895612459869818,0.0937690348679000862,-1.3521718271745411,-0.0621826606879552837,0.362168875649463984,2.58764644473669181,-1.2450495407655513,1.13919190904695267,-1.59386060729748191,0.352332086401084654,0.076794620842425762,-1.0448675498218869,-0.740432942121088233,0.0020695405272301232,1.23002025472600041,-0.287056224676461691
-2.56428431320041605,1.01808781727995679,0.944187248650365074,2.06942519341756004,-1.46853961237253561,3.23553196381042785,-2.00634947478778169,2.23920415270674145,-0.809143946477725251,-0.0260517471905251791,-0.318445600269564477,0.245384166171205398,3.4690237356861271,-1.75406229204625563,1.4801976679872304,1.79220073259210322,-2.91640061463465017,1.31078347553591334,0.456682143085890946,1.36820114443052443
2.18153791720326673,-0.248296505111961857,0.947540350690269761,0.880820571605314129,-1.03669012711637576,-1.49039505988252574,1.18494937430183978,1.51636014796142971,-0.860513513460214985,-0.761444514493004321,-0.222493010323855017,-0.613069729066919478,0.176317954592068116,2.86522065035165019,-3.39372338824867414,-1.19107810179453244,-0.913902624876877567,3.19334682437963213,0.136690734630065397,-1.88336979299755392
-2.26492648195927337,0.50153590622616806,0.00474061899065329664,-0.313932704766545667,0.565798400865044959,0.693834417838800177,-0.489705009377173817,1.23818401710238457,-0.441252606850797091,-1.35570972082831132,-1.72358192546602429,-0.143888234451424152,2.93185250882006576,-2.13092084886210564,2.05281790994999191,4.80262897882263484,-3.71270481382637962,-0.274222132639768745,2.06384488421723811,2.64077990742388735
-1.51846306673715192,0.334848234702726677,0.111451134889249862,0.974801313026618876,-0.328769339267696248,0.699713172652646986,-0.820737090075020492,-0.118951236856974243,-0.407984443003969022,3.10338432094268768,1.19333445103916658,0.167161105530005183,1.12193886623706907,-2.72214853099129872,0.201862341791440469,0.761575724816090038,0.994224150032318899,-1.1325818210372991,2.2065714031846877,1.91675141611573863
2.41918180997287235,-1.46305371839729625,-2.93634088999160303,-0.633450455007733559,-0.498533527748030225,-3.56122338345683431,0.750931555638030268,-2.1917447381839974,0.192523093201370538,-1.89535282840216146,-0.206605621971468895,0.641865141453212606,-5.48167959112553227,1.18773026279222305,-1.77541686812653099,-3.69368933223741847,-2.47221520611964696,-5.07315584898681848,1.24040713435757732,-0.93597137140005604
1.22932394314287796,-0.690256430485546857,0.372557605113246038,3.21934622112921875,1.56937678900681066,-0.614218683746033722,1.838462864364798,0.245470938315590886,1.21023000912548673,-2.54236205436562113,1.6820476220799383,2.8400494784904482,-3.12903799717445841,0.480416565462879863,-0.831695818864485403,-3.9112583671220289,-1.34936191074571599,-6.47319746663536222,0.562000208527864364,1.20291264125559394
2.14997664612241435,-0.231608675458201574,-0.500209148479042853,1.05712028687258242,-0.551873227793848731,-2.76727093374758804,2.08739623077364023,-0.250727617884678622,-0.795875590027594226,0.52281037108669548,3.88295037437401414,1.08988269401560944,-1.03015126179957872,0.826415308965049888,-3.38912039599943204,-2.35358248860771591,1.29894282899783997,-1.5989377418822377,-2.90150351426635433,0.571495744425346341
0.688970550750325872,-0.678735596047582268,2.47436660603384118,-1.3811795311985402,1.17375699666082056,-0.28505245790212963,0.609701917231512014,2.92590287622671852,1.31062814947516992,0.117645826572389062,-2.51071988510622646,-2.23727954289877839,0.6790234441288584,1.60688772687807324,0.788216212391998461,2.77655409148014209,0.660258592156073743,0.989462034913232147,-1.22101766282165025,-0.397646405036653383
-0.585849586441305692,1.26913204772675958,-0.267951898507928665,1.01866688432158869,-4.37218066764198987,0.670593061316585914,-2.10277609041257296,0.0110927499533729212,0.231466162492638766,-1.7761120872680598,-0.468267899923144715,0.566882383682481672,-0.101138303976433572,1.68925052034140322,-0.324428116694396751,2.62935789203107628,3.08482623497824404,-0.028093241166786756,1.24384662998598006,0.651865038751228698
-1.04392367911278972,-0.43977519722531172,1.40324706586302872,1.81147449717856612,0.459874961958965711,0.374802903402615684,-0.345730669602729634,3.57657503452769143,1.76927699026512819,-2.75285641292910643,2.28579744666300222,-0.0668395790764419739,1.47264227858341501,-0.863088816833431194,1.18237603626474974,5.10696364126348268,3.00349576389696837,0.796110664999042372,4.21821107657589423,0.249316798265522555
-0.480992405149704372,0.535155441104753216,-0.733854604580578385,-0.0689674073685325739,0.624087847827416775,-0.613282587684756519,0.459833491207238432,1.54207608855402145,-1.13888715787702921,-0.774462069817919652,2.85539639101773091,-0.461734199103997822,-0.259113946262048034,-0.209388734151489037,1.59504388251408336,-0.701350430674064995,0.541977338865997083,0.0978645639829944375,-0.02549781331945912,1.97091313395664325
2.55940474168676335,-0.813745207288497752,0.779891568848587347,1.79976163216179352,0.466599667589135181,-2.62051850619160032,2.3395331091887912,-1.24765235852232292,-0.0677338838043450159,2.59750329861416196,2.67690930800893012,1.9819588637962724,-3.4523256192831302,1.52594994085718216,-0.249832968549717455,1.55987805288865422,2.36110027675823186,-3.13224869049837817,-0.701438600104727139,-1.77900629960357048
4.30435414473589706,-0.944087433380939811,-1.02012608134110083,0.755996454446011934,1.17298971063227087,-4.22290350778609724,1.68649577649395876,-1.30231390651093926,-1.47579160756936223,-1.58851764254958439,-0.076923715124990466,2.3169181076181129,-4.25642306665034198,3.46279492896042385,-2.98243875586505558,-3.0238880030844566,-1.68470283934601506,-0.0299050297841660304,-1.37923771218688773,-3.5978661515462349
-0.618797788381287628,0.152510590779553534,-0.243493929903381201,-0.341074448902870753,-0.355650979581576987,1.52536828464930618,-3.04116714335359228,0.979280961307085307,0.968992427098601561,-3.73263489288892547,-3.4882618151957856,0.0228051615604125055,-1.44664305759113088,-0.746444321853009241,1.74181693849759567,-1.01025272089113249,-1.25641821708801227,3.64185477767665855,1.53976607495408468,-2.08563951944165415
3.24387854946743825,-0.266614203837509556,-0.131170118072067132,-1.16515723978128483,-3.01368216084312612,-3.86495672792410927,1.87139868688156419,0.201839977125194636,0.408098622015815149,1.48904776266497851,-0.0575042264689707705,-2.18528547116084937,-2.23122989477858935,2.73318707741958189,-1.72427035260991324,-2.38667692427606859,0.169574952837169474,-4.56076744582698712,2.53218889642707312,-5.03295185886520891
2.94549311012355197,-1.0525233658580091,-0.627616939598907964,1.23705809339346451,-0.0883997418370836147,-2.79637023779966087,2.22993664743517161,0.104859256518769872,-0.422919394214638922,-0.284999308905509952,1.82615799284009128,0.952925141538331855,-2.64235781738778153,1.55235379569368215,-1.971249230633914,-0.78756520632536553,2.64506174197002464,-3.1727439463189131,-0.755419772597813344,-0.476291504924113984
-0.90498477305732028,1.2499492377074608,1.03399601470082736,0.980243260792854065,0.900204216180026107,0.59037376222719895,0.347432550884860802,1.7102626454641332,-0.591844842363658419,0.11188102013869336,-0.386100280956878705,-1.06366486601059518,2.75139244918115056,-1.77309180280424017,3.63186894071532462,2.41069123558567799,3.66109544292881806,2.05668625976088393,5.83846903431186171,2.69967270858324282
-1.66643900739413797,-1.01612441907916118,-1.97158542137485182,0.933064137102155744,-2.20084881743057625,0.470683161361317992,0.364345668869850703,-1.18311599825603975,-0.433963115996045701,-0.936885462266883517,-2.20202367339449179,1.32436481410689177,-1.14123784077284363,-0.589892512310287942,1.589652525060129,2.58872970454882401,4.22644198380708147,0.44504120673118458,-1.77043873586595213,1.23050672059796806
-1.9594676300902294,0.191888866555983584,0.836634292454964679,0.98139782660445074,1.542275330917382,0.866634550819280869,-2.67438404494339643,1.82255805378978852,0.466237208961894745,-0.029527526821182086,-2.36196497948007433,-1.35598509137049428,-0.192402166663151492,1.05962318746723749,2.73069873625329063,0.863294066363052726,0.563269498174050032,2.11734565049725543,0.67281628546776262,4.80377214018831644
-2.89360808583421525,0.964189604851109161,-0.881786540594297619,-2.32709967117275207,-4.01165205527013491,2.69783651898679455,-1.47010826140778694,-3.30716882394765799,0.736276100652232257,2.53775427629714434,-4.78195386666336741,-0.293164233899491145,-0.172997389790429057,-2.7035320394234148,0.182580512683050145,-0.185353330376522768,-2.1754316969967058,3.9990214772861199,-1.35201015359222732,0.900363311182942105
-0.655286155189027442,0.0272447273099560572,0.0647868644602081351,0.678571403568865139,2.96494858436530517,0.495884949007989906,-2.30043005898674435,-1.19321763362336264,-0.707571534250095779,-0.229771702413418849,-0.920200106872056223,0.668843370983023933,0.348416918390176578,-0.532391006752139462,1.61841906205768371,-2.63656846441399662,0.329452877884482631,4.0757277129191225,4.50642339402504266,0.485060878770289861
3.67262437798715169,-0.805800022756013035,0.996117588577827395,-1.8150808751161116,1.1538050439836991,-2.37341347289715365,2.87742484748944083,3.93655897470664717,-0.114733854318665021,-1.52200330605685075,0.10046711329475104,-4.94146858287321322,1.5700112061425795,2.48126995079363866,-3.50695996029960755,2.10533282485002315,3.60381039652803636,-2.84468086508249973,-4.71208252866995814,-1.82903813248874392
2.94623829703717099,-0.320034661781718577,0.188023901656907605,-2.30389454189824727,-0.908033010938661733,-2.75149452993111421,2.18874166361230982,1.07585066583891109,-0.925631282220388152,-2.73857851087529491,-0.211419103591258262,-0.421222372884257179,-1.40961858029116294,1.08683530757181512,-1.55904941946024178,4.04520876559529263,0.0984128171603265434,-2.8243711729790526,-3.03078704324693105,-0.589205730272457928
0.26177009995030931,-1.16437099833429358,0.585362294588560483,0.690926755513952884,-0.710646533264634783,-0.109888631704337117,0.183109270097535942,1.50448661359870894,-0.0344553558293567153,-0.581928934139087084,-2.79893570053297891,-1.99465621503869972,-0.379180934636755118,-0.682915404969174578,2.12369563624153512,-0.00379294793618371656,-1.21518993804276376,-0.727878500569516307,3.71828215634950077,-1.8356350198466298
-0.252955711668795269,-0.360786602523858801,1.08574257503745764,-0.341033376802283794,-0.86053026049642356,-1.95298170770175328,-0.826206199767826832,-0.575127873649713073,-0.0752355019494560656,-1.31665626268023095,0.5583291300830443,0.302783459484874895,-1.13040411706140675,0.53035759471853583,-1.11648990797098535,-1.32967248730410081,0.114579868630006423,-0.0674863498670975615,1.31600755694805072,-0.96112178122485814
2.03434667826868898,-0.857408820592276855,-0.646048421964899866,-1.4033470841693827,0.962664835560334553,-1.41557897809880573,0.724545202115311371,-0.929122907433119982,0.209679392402456422,1.69366126151642393,-0.602168040385547054,-0.87967871583335755,-1.27169315211494305,1.51616574740731425,0.450806998847108564,-2.62710645919452501,-1.96091937158516205,-3.00628872279029036,-0.950475870507400233,-0.0910841237046748353
-2.32554394903590556,-0.877837010706510656,1.23271597868313409,-0.029460166250219022,-4.27788454935027307,2.07744900498714502,-0.513722670116866675,2.36359192891478598,1.12295791098005804,-0.853193875036460936,-0.328842133641932155,-0.65359412875936973,3.50819101130537625,-0.817765529959870285,0.718551955264276954,3.54335024265278742,2.14150379516939626,2.04672385378108634,0.522321455908645982,1.59102559562383483
0.351995010247636131,-1.71682228346104515,-0.825174786682477679,-0.0563919247652251016,0.692295294012758355,0.60136842358887288,1.42321447930210176,-0.654961389359679957,1.58071294264196061,-1.07328265067635908,0.145381267422943911,-0.954862019914527349,-2.79585443321165972,0.623876880798474365,-0.84279188616258327,-2.19441262782711499,0.235254023969752118,-0.813894235785497688,1.19643654379342457,1.49133364030391236
2.25121793951359672,0.171410210900302867,1.65791350689500905,-2.24609543040955995,1.44912186726263692,-1.60886520790588294,1.05923367675129998,2.32589117559031466,-0.845294113588717089,-0.937017520199483034,-0.46031150904029261,-2.33655579699278837,2.86931854888665772,1.11970138538632513,-2.26906532398215832,2.52171914383823648,0.636785019292592902,-0.725967864971580501,-4.89783793909132381,-1.19204871352724129
0.601425026469598722,-0.208094620856252799,0.504413777240974692,-0.243122502561298109,2.04917056808409059,0.837618785711666813,0.300032954055453605,1.94047327571875017,0.131319638919682763,-1.99708258078929823,2.0383120028466144,-2.18275749918276052,2.49311238350529418,0.810442013306956421,4.86644878355194521,5.35278859213544767,-1.86371827015550373,0.86028469821697906,2.26882717497387221,0.133464815462806058
-2.15101868716025102,0.857134688501632769,0.619840670933619609,1.57399016135434167,1.72978505398663485,3.60552462605144353,-2.94224200180189044,-2.90284881864297084,0.171417075943855857,-0.0584573199261020637,-0.202815539427497832,0.685699684896808104,0.0915094979113885432,-1.14673029363925627,4.11553057570392511,0.177953635971151658,1.03209927745323671,4.07514219648370446,4.16467639084097652,2.51755752099257979
0.459294784705283177,1.91109029074178194,0.0906551847607095784,-0.323660038359135371,2.20809792777131841,0.226886495664799681,1.26901810483427213,-0.871247586787114447,0.822496103920876687,-0.300766937494876596,0.560075250625900467,-2.35611422662782033,-1.26849074170479192,1.30181510420541646,-0.523731882911878999,-2.77485471525558935,-0.242483002293831962,-0.517456963951470894,-2.0292092296394304,1.38335615288700886
-1.88375505367035578,-0.585065464033211469,-0.048724459564661822,-1.47609258717935177,2.06872373445786728,1.72065504665205782,-1.42982575999312056,0.799644982744879274,-2.28639362655151235,1.94740740139933011,1.08176814584302972,-2.12779937644176798,2.93259249544759237,-2.72623119923847179,0.0527448531248848121,5.82228252648514299,2.88234168826512605,4.61608948027773813,0.715182938615286368,-0.945397198334555378
-2.6262972575982646,0.151844850477141385,-1.30599529691283034,-1.13968291032965041,-2.03300204217172142,2.12902992213238251,-2.63398274270545674,0.24505382720563984,-0.0155255142462578169,-1.48552399572103488,-3.38007848406236944,-0.816387536291071303,0.175084358406666613,-0.767071923636613362,4.54042253671860419,1.94246994384677851,0.087334720809176522,8.04584759960764018,2.76653471041285259,1.37797053580277717
1.65845804202681868,0.769504831145557233,0.134733457239667426,-0.533927528245144445,-2.06292802592785129,-1.51750526617197101,0.977744565970895652,1.79992102717143587,-0.0467790521660625402,-1.86526838709258036,-0.156206178046753519,-1.30700931435720524,1.28826661508719309,2.09598190812639107,-2.17514636494949709,1.65763295059246363,1.85390141718206625,-1.37645999537382058,0.523804195769309477,-1.51699301405556808
0.03511030499492096,0.442766505229510776,-0.254311012526405866,-1.38744989291936238,-0.0887953658753610209,-0.736979105731274564,0.772823097454368391,-0.341758408221979726,0.258892414879806132,1.36720418853086567,-1.92560726033320884,-0.771477316013341574,-2.06742124736116972,-0.560640046312864904,-3.98247399783486111,-0.763465542327822155,-3.56059491126109906,-1.09876100985387914,0.528429267149749582,-1.86491657658539367
1.01192256292311678,0.220852878705686206,-0.210955460144123613,-0.412708136069934228,-2.52636659831751231,-2.15333309948508633,1.96672251095018158,-2.59500802495132232,-1.45569513012444052,1.52858732450747703,3.07361153707455781,1.55646820125101959,-2.14119850858073635,-0.61388769870185611,-0.00131495905199596514,-0.603321268913776021,3.48669805607437677,-0.991239717253650454,1.24379173413650701,1.52294687946183926
1.79115508234214738,0.929855918511546586,1.09075521219558413,2.53861187638994812,3.82557344329661708,-2.30299337758720535,-0.888287393900519251,1.30522203316389396,2.27146928653057101,0.703062085555955618,-2.16506835977762302,0.0662604266383302193,-0.793026058348082263,2.0020670570281851,0.811579191580479975,-3.61355571124358788,5.10358669575978041,-0.399974304407201664,1.04788121537590317,2.14469771891970007
2.97220256583442488,0.00179785819580202243,0.599848690026298814,-1.15196541514768747,2.44832864575421372,-3.06020189549849286,1.37645404806356542,1.22411900015523267,-0.191167899675779879,0.72220739393682909,0.664674661475113671,-0.72718227218895759,-3.27532931466240163,1.2163298793602022,-2.51355756638254491,-4.5466072233074124,-0.203711602336715564,-4.99045577646352889,0.597566822522992092,-1.33604122303663408
-0.017778450469321392,1.59622092496463841,0.0705960361674129178,0.226291431520006636,3.13310400746396978,-0.959341209374559134,-1.08185850320564181,2.37704626724091517,0.719796399153413202,-0.483571633798399625,0.580842319012434771,-0.675661608363208988,-0.379048610085946425,1.32590907876188502,-1.79656928937193205,-4.14199142058975944,0.183089214107973575,1.6351265019164607,-1.38369918964475924,-0.274062442228286407
-0.703351752847316769,0.354957262115011107,-2.37226726276190991,-0.790126969273470148,0.558119349720863633,0.0965687714608448322,-0.870709390459739718,-2.06658847901694687,0.544971817339644948,-0.955029104215878499,0.0448237669031752647,1.62401457560166818,-3.08987084513609434,-2.27758763505775397,0.982795256947829432,-0.807579326824235166,-5.3187965903660599,1.81019943537072758,0.792733089472426156,-1.27379049733455796
4.47184677168154376,0.641718504283888991,-0.986337227477653844,-0.559177027349514244,-2.24670561395493884,-2.68496740484720897,3.50808686776816181,-2.25563219080380017,0.676246202510004446,1.2454534132446633,1.51426648722920532,1.14114527990223924,-5.8143566474625743,1.69335741648562133,-2.20696833337334919,-4.86124623892532259,2.31703487106407957,-5.40944302117946485,-1.99302226469007637,-4.33878108406821728
0.322394164798556815,0.799745608287925069,0.458601928745022758,-1.23476839692155149,-1.77298949620704116,-0.116766456165034144,0.736571754669206769,3.90967735424756935,1.01257656732317947,2.25476572479709692,0.92630791171816762,-4.6073258413949576,2.619260534746636,-0.0568761273763643688,-1.53027855429974258,1.96814294607052909,0.0363376464139387595,-2.91881615431927921,1.81762691157304412,-1.81427888077952804
-2.50012194026451295,1.38195316197704665,1.32938406208393345,0.932651706459992735,1.31421191293512862,2.11779389446655752,-1.78361618986166581,3.41742949037890797,-0.263806879181257836,0.885174430351695407,-1.58402851820706325,-1.56672344844501277,4.2361525587210842,-0.695585423771994282,2.96794804405407353,5.03994530042688282,2.18820760890105026,4.73237571797407242,4.05687809786165055,0.70339312381895347
-2.0604022467911145,0.0335479497275084568,1.49533656922955682,-0.466155084023433197,1.46850367198204812,0.894840100952690842,-0.0875674118732690937,1.42725433882527164,-0.810437060270468801,2.80264530146439483,1.66543155679147237,-1.18588223545184857,4.44244205048945684,-2.40577533523553422,0.994448702484000191,5.40612304010646127,3.30649452595637783,1.69062027754040689,2.23393877040230038,0.95280904978009695
1.71459789805798812,0.944031183432457621,-1.93831682609202471,1.50635294322724289,-4.89100936258296937,-1.39577671573681372,0.978571371719818672,-2.96944524509781305,-0.373206078334738733,0.467684770133729222,1.40507237752044811,3.10960751450670525,-2.81705765968123378,0.105491407530332468,0.200503451189345649,-3.40091005875599839,-2.23106562486531335,-3.38609578130594358,-3.20253909234316891,-3.4480817060060116
1.50531223731451647,-1.11497217211196009,-1.5561864784970767,0.596898316131609818,0.0331583557123369052,-0.627583745829563111,1.84431678853982817,-3.28142998236142924,-0.265321000936452389,-0.757583873950577025,3.87025675607604835,3.03623165216529722,-5.07967029837305439,-0.039946032433654334,-1.14221816697924394,-8.30720404670075396,-1.12356905622639514,-1.32219327284359989,-2.37888607744313152,0.644830445257682294
-1.83041946585116921,0.87022256195349057,-0.0327695150565896973,0.535311023830807975,1.69036988626925888,1.30638991279535999,-0.574851448681960919,0.939330393119394258,-0.256846207953366823,0.469285787635225993,0.747331250811756442,-0.442392307259492079,2.47701573134504782,-0.872955816298262799,0.578045604582054562,1.70290799462636722,1.39535172995319923,3.96151372520721923,0.2728227581880181,0.122799659395116015
-0.441187830746946397,-0.544407772274345558,-0.673149763225437847,-0.614322637388306947,1.37852032222202392,-0.472603879083284606,1.32980326508208302,2.49647148698852073,-0.321447191260258447,1.93920201724007901,-0.558397237274693592,-2.52542831237249654,0.858325825041055479,-0.259657691728996498,0.170080558653305458,5.15773608811544815,2.14353720537909576,-3.05360401408027116,0.298389271940239897,0.660504294014152449
-2.43647746444569746,-1.06395841794062784,-0.439746949114409591,-0.160231338980356214,-4.19574238869508243,1.20778943547320483,-0.797860884477694099,-2.91531848295842089,1.81732033781226043,-0.149012458378277951,-1.85793720391312744,1.40830702711584488,-2.86293218104537317,-1.30442516119062502,-0.25534192416047452,0.149908726264832814,-1.92070864507026151,4.70535429440026842,-0.282757714387374126,0.0209541411283852112
-2.41521075744087366,-0.0464801695369632048,-0.78084517026541489,-1.93582182773129019,-0.242712181135083083,2.15836564670478026,-1.22943028757451711,-2.4073340240374983,-0.457494585484571559,-0.407832564458121938,-2.7615132768845605,-0.00316724725447601599,-0.0139242009818836276,-0.659161557743363158,0.615073865943306708,2.17544784424773807,-2.19660245927849296,4.55522595655893792,-0.352258074134340793,1.50605548084296226
1.2405164318378028,-0.22285964411004347,0.121802800980545189,1.09324631074918344,1.03606524613467399,0.132410432686879354,-0.660562323043242694,-2.77877881736984378,0.60328559812915461,0.715094049568435253,-0.63614400020799533,3.0460295366046517,-2.81153943688657382,0.816623134322307265,-0.557926782709337377,-0.386837847549831582,2.03825376092572741,-1.10406942039625844,1.67741826426909024,-1.03567271803972893
-3.78063197756224456,-1.56662151868672894,0.519505432860435046,2.89553114686312174,0.974080985626610496,3.28579346976087461,-1.94850199394184687,2.96790140290918103,-0.463947834096265388,-1.87128465182524772,0.178131460488405557,1.54891204468123811,5.11349760880469262,-0.485339061964699281,-0.637255140018931465,7.03060492708290319,-1.50033338193397503,2.64156397179666858,1.77783788439934298,1.45970111010189485
1.03361613227422233,0.131109369180240076,0.332745326625660531,-0.888100828121897723,2.47192585427947931,0.132286872806298972,-0.0753849696594066782,0.84876390382434963,-0.778041563813708259,0.83041645941748865,1.92047808946671683,-0.406645507353297742,0.133913357289599022,1.22451848896238813,-0.833857824483859034,-0.230006191817932859,-1.47543163349093986,2.25029093641832301,-0.808139910532523431,-3.1188796305412021
0.452546103243824271,0.0229535580252505332,0.934458500131842063,0.898478412508864621,-1.75666085781799119,1.02485781016104593,-0.70924674326549153,1.93510444954975513,-0.0918875900269934265,0.269909577656230026,0.452589392423147496,-0.263367745169557965,1.75735305738181902,0.238062887477173746,0.407224801056557617,4.03340885408843253,2.36537791860096736,1.96758947327405842,-1.0991464124806043,0.773370722820166723
-1.12198865210638532,1.80891146575650597,-0.945968084910534301,1.09287282533514185,-0.134499892609897392,1.16019642973285841,0.0359680877808986194,-1.72304881909924279,-1.09145158053319546,-0.0395677608012736312,0.510866896270043447,2.08647179213738365,-0.862498483293714147,-1.82375432060276554,-0.854092043025878933,-0.954610153009200157,1.16564926217981824,4.16513559941597045,0.28289231602353937,1.32549921312465147
2.48716387360455515,-0.154254723459546161,1.58579527110619622,-0.467140802406816658,-1.53142016205930798,-2.35487327117257994,1.52421099260638004,2.66694647548649488,0.241613843254219252,-0.516489098809007952,-1.32061511733539327,-1.49739350242027447,0.310461963048666578,1.88175895633041756,-2.03914072311313754,-1.26256615688639484,4.43299206897958697,-0.327224882322247168,-0.953936151771424212,-2.240533292652644
0.610810395628271885,0.500219128049789519,1.19065894091380442,2.83157892891664442,3.48308502914789031,-0.163204913000217333,1.68821310188620166,-0.0786122754388933476,-0.741521734056225679,-1.01850475706691768,4.29013208890618447,1.39581345756595598,1.31606301749813759,0.297155072511962604,0.555831235291635584,1.28921714215779581,-1.27109333698857907,-1.00141661750170274,0.267379519081911265,2.94461884499414017
1.99792393181497507,-0.610572632155398365,1.93429950661764694,-1.43283394283669607,2.9754146818651499,-2.36703449498035035,0.833631420666384848,2.29718278356810712,0.0580551705150641612,-0.717006489440414008,0.431221963758269322,-2.9488461527524108,-0.131552669792165317,0.200311353333262943,-0.647479253077770323,-1.1087376753998015,-0.0308618752269550697,0.206804848284408566,-2.75039849989659801,-0.111591939429639464
-0.347346283607741224,-0.927433216134807559,-1.31658722578939646,-0.25463544579560099,-2.35558706555050623,0.786771374113196753,-0.2066424085954367,0.623374384109637192,-0.521984803132915065,-0.24023796116359758,-1.46783958938160852,-0.759223588272136651,-0.584253264088267055,-0.326018712632317909,-0.507614778104244602,-3.36514441905361172,1.51191217082025608,2.31902287020133402,3.44145460080959698,0.642930302501028339
-3.98176297393055645,1.84712780035330182,-0.274248928597471908,0.349798050802898775,-1.92171357909980411,4.29169074077055068,-3.17964929100161475,-0.349291148759190317,0.334087322114701102,-0.183065692849487066,0.185343147332477504,0.227407781688036575,3.0723323244415095,-1.52374140732492558,4.80907716562391929,3.86873579484256425,4.69130146635297329,5.81046125221443432,-0.013984373479273865,2.0958253997859515
2.4740551962025692,0.912846464779365263,1.67214619617212312,-0.304251657070812531,2.16620909445769128,-2.04336666668161815,1.09218553657248396,2.14181478708527262,0.591039446188685869,4.29965174526772209,-3.38176994766192207,-2.19608129752270331,-0.514077601452869959,1.72847835735318034,-3.32025374565540154,1.43584397386670903,2.71201717343731552,-0.689848342406082393,-3.33386203800676117,-2.74863692542448979
0.667175910289574903,-0.653199719535638157,0.419508419850359582,3.72970808160729028,-1.47826044395946754,-0.924656459641842621,1.17725628797342163,-1.68180599234364214,-1.00396178475233189,-1.21986838231022121,4.48110803954073678,3.9511713567655331,-0.251388638587840718,0.938996073531927267,-1.68460493665276934,3.16499218862713283,1.94910962377176422,-0.721231157674783185,-2.43330260956847422,0.73121502816906303
1.84833168372959489,-1.17432234941745994,-0.780990681907197226,0.613607436228373881,1.35501765126763618,-2.66890976188515427,2.70012389780549,1.55514080123842757,0.127982212968647924,0.184722967315366193,0.494643623675358857,-0.285463142451584162,-2.17439426568562499,-0.074985860325447698,0.522586020095873627,-3.60034670198239981,-1.74018727918225902,-0.552895036802613649,2.12670827532877649,-2.10432462859080394
-0.934896773534936276,-0.130635748777670202,-0.658341925170058295,-1.10356425039895378,-1.35072392691459586,1.12112650533321556,1.17240880171660899,-1.95178790301233085,-0.457308700598485718,0.868219178293072824,-0.0283775044941432936,1.12963665439016347,-0.539311511528238308,-0.664549664778662064,2.20642930558826622,-0.149781329063579355,-4.94866085511764897,-0.036635214888307191,0.622048749239308085,-2.69645534075938453
0.358601488908091737,-0.590012977386134785,-1.02404625281989325,-0.756666973947135002,0.49973218405400438,1.98379481469933738,1.69139256214563782,0.483705707114347627,1.63963522618390645,-1.84181808748537068,0.13450405928847492,-2.51327249404201325,1.29369076460352628,1.7793956828712223,-1.82228534356966865,1.76171811953790169,-2.56723459319111935,-0.340731134499305588,-1.07747035632689525,0.767075886842244925
-0.171631737225688641,1.60977517071742482,-0.514646631046626224,-0.210196941509717711,0.151523039922064284,0.284387041680612518,0.375738982967152579,-0.434782999012521154,-0.212308334223737211,-1.95199469878327192,-1.43828307246058529,-0.778988229748456384,0.835413118486235562,-0.69963157745323501,0.698439759393910897,0.202803672361090093,1.42344636451793405,-1.50570478424081755,1.44012697857284699,-0.00466903072008783941
-2.65212317830535715,0.247156534437419778,0.355424653057452855,1.01711413389724559,-2.12342539507317474,1.18954697602799087,-1.99890135415128167,0.673196242078810347,-1.13137042364427209,-1.68714179146764964,0.679269414030716501,0.990364855075457462,3.16417092523265353,-1.99190378905540189,3.67054848616521179,8.45144338711301479,0.745361871316251201,5.273341443103301,4.05412352557575151,1.18387024079309611
2.23580893339079712,0.321799088557721991,-1.60635596915132406,1.28052321415546921,0.283564190463084564,-1.66029519193190445,0.768862016798197212,-3.12478783798308424,0.0547423153158258166,-0.295297706629949253,1.47787970984238726,1.7309619026172669,-4.57238340807171095,1.70796521917896893,-0.958701940142584363,-0.343138201591087932,-4.75318320595994415,-6.47066234562921494,0.0254132843885800166,-1.3367713366761349
2.29216765690401081,-0.88099922480749715,-0.200769358772204615,0.0673455853413517797,-1.16827859993516991,-0.258433066431522973,0.0030392715060483938,-1.64113972316355605,0.047376755488626375,-0.355808557933282199,-0.381250595494624034,2.45816457071409644,-0.0147108806460259384,0.197684358312789771,-2.72749833808508413,1.37463527155828413,2.18832236042053552,-3.86286542546309519,-1.72057823959042411,0.407109457980578793
0.159661444618956705,0.53788377212420091,-0.312893972249177643,-2.52043396177915113,2.98872529906147033,-0.932811342886937567,0.668052017582559277,0.0304689288006079299,-0.505730547841859224,-0.466856525322356886,-0.742587238548450768,-0.607097217042977144,0.648051978052944011,-1.57462931608720313,2.80732808815484658,3.4852187057079993,1.36962487802532573,-5.36491636874250766,2.16539515396387339,-4.29816959660514541
2.7027907860197975,-0.31286425721190364,0.521984967243489861,0.262602884654312418,1.93266958890250629,-2.42278492011865643,1.60391533239257811,1.68334949773070686,1.7039955779697713,-2.16042996080336147,1.75734567478864689,-2.06243689541162167,-1.48381339508154508,1.50928742679113759,-0.531526680439861954,-2.23122366592512522,-1.76657858035777915,-3.12020438979539971,-3.95827404715433939,-0.74003323328223547
-0.0845718093235626189,-0.733441079157934883,-0.534697897960043411,-0.765738007090228434,-0.612176586959607083,-0.0397961291089654473,1.08995519506842364,-0.261396722948512794,1.348720950636491,-0.313452164663673982,-0.0169861311443018186,0.00831341648625974657,-1.64518314108527663,-0.293282406307895316,0.210344345245968539,-0.159963100861109236,-2.09823689391842638,1.14444506756442665,0.945157683555034045,-1.07910061490877629
-1.20268267699347486,-1.83064974925670998,1.09720144791745589,-1.16437366884917681,0.0873833322391671247,0.861818096875641593,-1.62558342540933665,0.0432302950747358861,-0.478227993014993247,-1.86693406774790605,-1.08595582911565192,-1.89039961585655325,1.70183507017202995,-0.231748404555021104,-1.28110005277100636,0.379529311351172294,1.6701669545459481,0.00373896039301370442,-0.0314898781459763411,-1.85711905854264203
3.65052031802970722,2.78901508067704906,3.06069124310241936,2.06402491121594434,1.25315214343166481,-2.46408972244194269,2.26485004203825913,0.708923260755487505,1.4427248037585354,-1.07225882590644916,0.37126662338530142,1.18926169135942672,-1.5833385559342843,0.835596069971461297,-1.58458736074605788,-2.13088311755133075,2.28857144493320463,-4.57012207303962192,2.90418755673690354,-1.72389187934115728
1.14645729960802112,1.77083249848832258,0.0774478905736586121,0.559094934317735714,1.57438325692277492,-2.28395411379684488,3.12127946511903831,1.46706926067282661,-1.15839408755417295,1.64142725430361813,1.7277534023189185,0.197170380030457754,-0.714614450688890401,2.16025968075257868,-1.03490854297778112,-3.6582129772159786,-0.436297086987399108,-2.79640317194103716,0.391849839377875764,0.0643761920377247665
-0.388598132656860884,-0.371406166604997645,-0.467948054909572808,-0.377561532134444044,3.21661168426829347,2.92846071812568276,1.54678929294908829,1.12062829965016442,-1.94957496583337075,2.52824585032672822,1.88781229847906751,0.101205981843454251,3.38596397483134792,-0.140659429836187483,-2.36336504697084226,3.65243452292326332,-3.88454386316136269,-0.886235596735421849,-3.41536613462896588,1.2449326984939777
-1.69986590161141637,-0.384876540850748905,0.138153140551509984,-1.71089138066341406,0.0807487624632866052,0.773911660979502369,-1.47854951759327702,-0.0876777713184560409,-0.447380187401796525,2.15912394434098864,-3.08739263970133671,0.739900719479176017,1.4428311933235749,-0.397045869157072517,0.446588332625708961,1.8263600601613601,0.222657339260221659,0.969755399853198474,0.959745304583458414,1.74139435149786959
-1.67126814755907271,-0.164526631715081334,-0.231828431975883265,-2.09398870719370667,-4.80489336095808817,1.79832078082257385,-2.7109043847658616,-1.45802748790240599,-3.34015075053909882,-0.915251813429777572,-1.61098884381162155,-0.688602891103603065,3.62038153328370171,-1.16476086422757019,0.578714356553561515,3.50102412963179477,-0.0342619367209097483,4.38048118256521413,3.23962188607178669,2.38462058086191142
-0.484891306460297988,0.604125837020416556,-0.17527212210610485,0.145748395826967803,0.299277608597525668,1.99333950598925158,0.0377341534270875106,-0.714454992811830558,-0.35608882214159987,4.78797387216261061,-0.40715950129746542,0.773335537368172954,-0.445949220064912277,-0.75909474005062505,-0.170035863200888593,-4.09287495014369807,0.472185796025835658,1.39936003606813086,-1.03908730578519015,2.19296548477964226
-4.08329455300069544,-2.03823437604283075,0.50287273551329692,-0.751117974043827297,-1.26190252676595516,3.20998289168996731,-3.00697768264419674,-0.14941673825326765,1.06104543649694882,-0.0389631025471840961,-3.96843349775065279,0.843097002126114936,1.07908427776372751,-2.79282699755044606,2.46276142945172882,1.12452537146887588,1.22289648375639159,3.66438352929473021,4.20735227496998831,2.44080880244292109
0.859676171820250135,0.994664800962557494,1.46961079929483862,1.80994964379319412,0.137743020300581054,1.54040968165914882,0.688789177141558628,3.75442675815289784,1.01041759031626821,1.72224318595885428,0.273253295430335219,-2.65686632966040825,3.22001574143928515,1.15107680522363931,-0.55361870767757726,3.29005268181594879,0.372302665820762879,5.10301319527119635,-0.224141710461504218,-0.716686295238111115
0.044861984197151504,-0.828449413756231823,1.18433447848055495,0.0268992970809791461,2.57905214757829215,-0.570969137078282785,-0.620517220765291921,0.0645348661381541788,0.377853736333807422,-2.44020258793279776,-2.30270870289736118,-0.220211537612648611,0.110297850476789513,0.276005277284025075,0.865463401547169942,-3.52213905762930501,2.09547360872561983,-1.39095836429077302,-4.01856932233011488,-1.467392750122122
1.85104902830038376,0.285502385387959356,1.27225961706281243,0.200814006115408727,2.64282042348186819,-0.550966879066799198,0.534526880879262367,-0.496977224893693226,0.207295132366565105,3.59144337250549661,1.10596770105052222,-1.34086813178111042,-0.299350390263174448,3.01902028466085914,-1.07282358534146627,1.73422786880339874,1.87439097564718371,-0.60397180003895079,0.96162990080952726,-3.76770550133151128
-4.17985863310379724,0.491308868024785406,0.227178619081665145,-0.342823921500919671,1.36737900998832451,3.5287508032287338,-3.09649146211997106,2.46579453257488046,-1.03650862760759566,0.563730583685681186,-3.17548280585553577,0.401486580410533478,5.27255054218551678,-4.38049454569207786,1.06312233153906655,4.01032910063358905,0.965905992496674082,6.38286910055490075,4.26243679100413697,0.399252831161989674
-3.30561719828526757,-0.671749621191835455,-0.212872929669189165,-1.04354872011077093,-1.66325406522486219,1.49143131344505653,-0.208934387990825338,-2.97684242275712485,-1.16783649697597913,-0.3326579694867286,1.12193370376308232,1.33377114479468384,-1.07689374822197315,-1.96591154619775854,1.45802427493868225,-3.88822518843986442,0.234045964093283043,0.360824918087653157,3.97181209583163808,-0.821624000844451419
-3.37193952934723296,-0.772380331291625088,-1.49543756121061389,-1.2495050312042224,2.91856245156894323,1.41930992174459836,-1.55732917510785529,-0.445051759344674336,0.797167858959741515,-1.01426447244354678,-3.39665742693032779,-0.77931079879635512,0.490375881552718662,-2.34180862297198455,0.24082440173621783,5.0910416429858989,-4.52608600925897164,4.25275439258331911,-0.391472397796956972,0.0531103880066215381
0.457112725184687096,-0.778486828714955115,-0.301567252645147277,-1.57847835362772804,0.837699903292674519,-0.139416335189192692,1.92448959481934478,0.95578916959833593,-1.55606392695159101,-1.66406510125717255,3.45896871776335146,-1.35647433609403301,1.74835612264562346,0.549167395335202868,1.08233409924978452,1.47265259425082062,-2.28419293310398519,-1.02691938316612497,3.74599496541951238,-1.58228674169635286
-0.269105205989178864,-0.0333301234036380636,0.866704378638371464,1.95248667921939667,1.54216138188641194,0.658109504989424776,-1.75367073044602417,2.9029099941157428,0.263866617534666947,2.29339647435086924,-1.43120502341909339,-1.64650045735173522,0.926644422175289528,-0.954441250457441992,-0.512217853171319848,-3.01585274441563955,0.138902228623018598,1.95900203027472575,-0.637007168565548731,2.43718951550663254
2.36754619461100191,-0.23446394488121422,-0.59040696196751441,-0.772963863794380868,0.7331598082752534,-2.61803974182703714,0.485698735493229117,-0.341980447746926541,-0.459155772984007449,0.167267345563470698,-0.806074705764926458,0.859516828130020505,-3.15779178755783407,2.25415625275712861,-0.462360255783458962,-3.6992059915040989,-0.865132477632826968,0.27853781468402955,-0.629330113580268691,-1.50856741605438804
-1.02488119187136606,-0.655967876085821744,0.184769910559627604,-0.560177208819271355,-1.57998631212516605,-0.0785947625078238926,0.02524116570878851,1.58722367373606965,-1.19516493837581339,-0.57841159153487165,0.985735389355142155,-0.9173665270834932,1.61191253909335752,-2.29482761282465875,1.83822010128938484,1.09043995574617436,-0.0971819386764919552,2.39810640915149254,-0.713146962794287798,0.68119438104326524
1.81642307543804193,-0.449472979239837422,-0.813551486541439828,-1.29996182739156096,-2.60843999278057526,-2.66604062240332151,0.724515890031133925,-1.57327802649195814,2.00459839845959609,-1.56199718860428027,-0.0205823107933678778,-0.539334799600280523,-4.0805053178713182,0.935569404702368601,-1.32801453458779584,-4.31115664939452614,0.829478879007539804,-2.70625914052533911,1.60442635213305107,-0.616116827510900689
0.159200238356154072,-0.133468024037291688,-1.25135649923367054,-0.493564253924535234,-0.278920099280846157,0.367634795822032012,-0.513097166660099413,0.259022076440044158,-0.203036257676324883,2.49051708860052035,0.528292517877982259,-0.347849906450482083,-1.85250615912654593,-0.963408379245112023,-0.958265557922783784,-3.73451664172363484,-3.66159224596707711,0.912817784153341583,-0.667646538523894884,-1.3349344958004763
-1.26029636354187802,0.5452340599246015,0.824544657655399527,-0.177674339428627814,-0.107041091355337042,0.0930806234673398902,-0.628763433879845568,1.57976968424374076,-1.26847858879749276,0.100686848217566599,-3.10924084783543453,-0.0331799903084245909,3.71268593729192498,-1.88605791362301223,-1.12571468671793129,3.30731409594956727,3.74415071947388123,0.854113869997422337,0.0691363360206175559,2.36215198819383154
-2.18494995777300449,0.173013357063061368,-1.14687301373432415,-1.01725862786306331,-1.1929767670946454,1.92695784888600463,-1.8757089968751115,0.199287016214001161,-1.41258814191953141,0.840826405365909912,2.84862319952159604,-0.759645294405869254,2.90678398403892402,1.0357919534906872,0.698389981670900495,2.52068139750340059,0.790624155455333266,0.0180981293797630761,-2.47958764571623336,1.96931500680079363
-5.50955031939211715,0.272200689710950794,1.79700569214875472,-1.43909641404176369,3.40094332166333535,4.91274418250284572,-3.62813408076608912,0.569133111392199686,-1.42128778289894897,-1.4773073318592822,-0.787136059347088524,-0.974837279652726596,4.61168550695542923,-3.22809001420492514,2.75565771842774287,5.07733558241315919,-1.43486578606914272,5.78052499731464131,1.1510724252597313,3.90942257001567883
-0.653835414974952456,1.10311971690421862,-0.423051601691860069,-0.846865528752844043,1.4883678204104418,0.502154587875564107,0.229229089902158373,-1.96248806478766813,1.78383194541388312,0.283666324172677398,-1.29630812663982198,1.19817572289890362,-2.37345681134739861,-0.808117278229147584,0.681225736513735636,-3.30716773484303905,0.27151957760419454,1.75901525560737437,0.876548468421086358,0.0979781621464602959
0.158501719862183144,0.109626051907932745,0.0909522812705546579,0.157541396616360435,3.51378669588217418,-0.725206652630079773,0.0209165775203259165,2.11125767324556124,-0.288244146415608582,0.272257996903564059,-0.365854708966379671,-0.843848101522973848,-2.01018186317093273,-1.39424960456698988,-0.347376444969517806,0.0580754548307965621,-0.616403519951609358,-0.583132452814734026,1.34910830759728828,0.64468805296817433
0.584134424237655936,-0.304552044262265342,0.290765413114007054,0.351317162978539432,1.01849516539294105,0.402657196811947615,-0.117636744876997532,0.644686406965330527,0.593599937543662137,-2.20998601193129307,0.338278236664904419,0.702967471900626806,1.1926281779757566,1.26043651077629404,0.304126432629109156,-0.757985883454726395,0.0165746298650632159,-1.30480953002001931,1.0083159694418411,-1.51936155043974885
-1.45039225815080641,0.883492068104467121,-0.481126505561107531,0.503411345217082196,0.870345268283311047,1.77362806489431057,0.653621613110077493,0.715335234379100959,-0.616142036769275703,-0.219787168763811963,2.11787960320265656,0.0247401427303160226,1.22214297565404606,1.24887250234377434,1.22777062449947838,1.49603263235960249,-4.92401759729708211,0.197509910482918216,1.30778710479726579,0.895424309995560552
-0.860443709055015549,-0.416980600944623025,1.01529233950134823,0.331885109349127572,2.3844103512166912,0.582262725066884701,0.0994110276088913392,2.35172504855505604,1.12922442166396064,0.433090884448105007,-1.3255552268498132,0.495073442331838753,1.55876258098678755,0.273637482119833519,0.682360534883958425,-1.96545789466742127,4.4324825095402991,1.00083121299644318,2.15251087816024844,-0.129750437179495193
-2.07050178876262336,-0.692896918650654281,-1.08731412022362361,-0.207094327575916476,1.32591240504410424,2.00000062911733378,-1.355663098854339,-1.42696949228155257,-0.399977765614294323,0.0697726253019723963,0.751912839527757892,1.420336457988437,0.245759889700182033,-0.0252174025681196415,1.8296148164386834,-0.152351806828286751,-1.74382035628773635,1.71690144053157567,0.431595175396280895,2.75874584929171718
1.72131833724746963,-1.07355999929320411,-0.163666276262895316,2.84844394418248781,1.80147857919869181,-1.22795856372934375,-0.343722989938489987,0.371274157843091479,0.533253118007043558,-2.16991862011987324,0.533455229508884909,1.64235851341599592,-1.15210352882429667,0.457163612624346516,-0.318083992336976651,-1.9202693244615201,0.336912102730738072,-6.16518348612570488,0.263387731961516158,0.672739395872618773
0.461067972380346469,1.13899631077645824,-0.86647612576911337,-2.38572590142812757,-1.07827020796972062,-0.184172185812693345,1.60218375481660247,-2.21738265362125553,0.273254029450881675,2.98693909536187308,-0.0867997716449430412,0.825031838729730405,-3.30668544386720953,-0.370384756067479393,1.23184905445816528,-3.8688577613212578,0.478786828064930337,1.53110914552193234,-0.185171537902186739,-1.55883279162710298
2.47270662189622303,-0.604377036106959808,1.31397505075361853,0.530783495101868064,-4.68198798693836338,0.199290955327698582,2.5633665869018194,2.03711115703609513,1.25145444253733484,-1.57663103635704793,0.902303845828141715,0.343467665566902947,2.32618969987031443,1.04229418918530592,0.476475233092102823,2.96196191586895319,5.39912395317038118,-4.52359969742319112,-2.66619378851984257,-3.55090779953686386
2.89026012202786031,0.235311344102716424,-0.989525625831315647,2.47624858467765341,0.441886159484381646,-2.26041298982735661,1.56148903859331023,-2.43993711463479812,-0.654037036333110611,-2.6272540516123799,3.58938366711869605,4.05401393865591686,-3.0450041381171209,2.2384001778804592,-0.6306289777548586,0.828030688171437435,-0.388473936967128231,-6.03547023214235967,2.22302962381442226,-4.51890188077137278
-3.57536233421870442,-1.47239380025961397,-0.606782318051639069,-1.71944046504166326,-3.20167716443417172,1.89182418050138845,-2.51317323653591007,0.919577731217162686,-2.27438230248023432,0.23913835653806878,-0.0757177435254987458,-1.93831054844948558,3.12544310185372254,-1.88282405146920628,2.16943018298880075,1.75484101059376285,-0.869783657074282401,5.71338475080130248,4.1898949160695782,2.69575669142452456
4.93256460019024434,-0.446333621576988582,-0.343077552900671934,-0.858744927136399272,-0.625416443088317786,-5.64904197206863579,3.08640941316198747,-1.78783876770701156,0.70712193459622974,-2.13970214228687095,-1.20405157766753201,0.208283669095110952,-4.76478196159892864,2.62528690711278001,-2.18838962095886869,-0.928310351466472228,2.0029891540300131,-6.659844611355342,1.47319057633427675,-2.49977612879882871
1.3894619953718832,-0.0804169564026029488,1.87382143182066874,1.47969417944622905,1.01329156777365492,0.47892764173984409,0.142349365102718867,2.06711045295988605,-0.308847549506501673,0.627361326148642373,-0.326993450044482104,0.926256425601536759,2.65880943060946384,1.39065905844799209,-2.58694080284757622,2.79359972094352838,0.857579975399977545,-0.714238346381736555,-1.12756723406334003,-0.483140648362635927
-1.18193337978442736,-0.783445760840950078,1.09118989243080144,-0.608388078107272134,1.45216834290344776,0.348434439039521704,-1.20274392441701883,-1.2440185198472955,0.749927818144280889,-2.90429384513326161,-0.733528530267647527,0.620026225769297668,-0.71391215454265744,-1.66930487273222772,-2.1032840944111153,-2.48508761510814136,1.31664883178197134,-0.347147790459467587,1.01174907982117168,0.725142252441459245
1.75413440321718417,-1.3552426733629781,-0.788213938068809905,1.0186886284904082,0.888328236586317765,0.20921005918159219,-0.0521540629726821511,0.276145688128699218,0.426060089544985476,-0.105767607333301539,2.0622194384194219,1.42214848691565132,-0.634971995986941762,1.32611721034379282,0.38664768371985575,-2.77169533705015203,0.881578803231143571,-1.90894014210145269,1.60463160826896911,-0.0591078588476944833
-0.49146499397338228,-1.15026597012817788,0.415110671714812141,-2.21903815890800526,-0.589702909081372573,1.54879693458722589,0.678517269060616712,0.146450370611740099,0.117037048149194134,-1.79912557475042245,0.868915122790219652,-1.44907098273089696,2.10272276162569938,-1.43358185882227218,0.976104414633989448,0.142193890040510945,1.0593700219740434,1.21359061500557841,3.34894213912774408,1.79664161183381377
-1.60493832924668589,0.16584747647053999,-0.432247682357707552,-1.10155958573677126,-4.43005781213101191,-0.87870123716435089,0.343493845321679703,1.49083182827291405,-0.908738512886641314,-0.332490902231303787,1.23745699012807941,-2.82757545999329496,-0.550700194789673136,-0.238262794353403723,2.71172561649295796,0.822488794336016626,-0.886314085932470852,0.397519214137637633,1.17708394826236651,0.750660666146175104
-1.36363944373071577,-1.03286206237638156,-0.393809999275207989,-0.991285084339003641,-3.49022658813892006,0.000103073382491223909,-0.288925577120231925,-2.5851934164257524,-1.28746305998878019,1.13417990974603944,1.1268611123364658,0.333765878157844198,-1.23886372900375874,-2.28608017152523857,1.64158524724788424,-0.310167841338047312,1.48497914280548859,2.69713920535840446,-2.92474244827675145,3.1272788866657466
-0.166177986464771388,0.00348383472935764405,0.273072459103212428,-1.38967646030793301,1.4224096212787396,-0.840909818486565097,-0.388398505438165287,-0.489577766658126468,0.0406203781384456425,-1.69274714553963923,-2.50596095965718435,-2.5393232999314197,0.42077469523491573,0.824203956428642082,-2.71154881226026223,-1.70357025705778109,-3.18001352149959438,0.266923559894277185,-2.62846484671161162,-1.77711606166132108
-1.52323466973185351,0.144966341844802171,-0.586453738768478727,-0.111399956340898706,-2.41294675557383442,1.51541705613933475,0.24824523156447123,0.851046226203858169,-0.782277555457076779,0.957646743107639087,-0.122685820674300949,0.582927745993640944,0.688251387390361624,-2.31122899921927827,0.676025496156344441,-3.05571441189188686,-1.20332078064952608,1.01789374437872415,3.15419580373591257,1.90328267404971574
0.710235460705044952,2.07926509421342987,0.772863706809459705,1.67678956377762534,-2.06984538823971409,0.611361603410661147,-0.0619692442346909608,0.819987943271417441,0.614085545936966404,1.81749231043533688,1.53611536936548276,1.32977755807993958,-0.469465082838613157,-0.234313227111033334,2.04351772656206165,0.159213341038630357,2.05178285604565458,-2.44010961072666044,1.02586613150202721,-0.257479256521513988
-2.3214730135034034,-1.24424314088169963,1.33844307696762588,0.359923260886943486,2.25355477968569096,0.405917652258522665,-1.33031337056061583,3.353396284708555,0.481240418052255814,-2.16259875941251289,-1.37399156790089094,-1.73660949088324057,2.67511173793511059,-2.815082597479305,-0.178633027316975418,3.97011824469411589,3.55454179252359959,1.3043821458667455,1.54209231844895167,0.814613470650448201
1.29002883043503558,-0.886854832396279158,0.108683183635575886,0.797304351439959924,-2.75094986544921527,0.361564584965332059,0.359007574871806567,-1.70701029948785243,-1.71485858648854372,-1.30462517991341409,0.456116674632380092,1.44797785362022302,0.617982303449130077,0.736091632803106299,-1.68618810950375653,0.220030856893628418,1.37041778378410228,-0.274550078344684256,-3.54816846971794408,0.124536774593622557
0.622863635435380925,-0.788234959741014873,-1.43754089531133733,-1.39512066813972124,-2.33282770824862595,-1.12572916402191692,0.470177195585723851,-0.525318479840185537,0.0199262959723899361,-0.656416768101648729,-2.32060322380942585,-0.511116580283016431,-0.376934346000164122,-0.191965439212910954,-1.32568382251669337,-1.83874396373682769,-1.75592204472574842,-0.507241013231447435,-0.274300192492989037,1.55941998255670433
3.04230468832050427,1.38461227668032349,-0.69856411127871465,-2.30912080246067308,-3.86335674424567133,-3.92824495053220168,0.487994645221941081,0.104122961958915253,1.87893147050865728,-0.217902344137855281,-2.84767326317672742,-3.0594491295219326,-4.337367872695995,2.5289591797130897,-3.41955483455512166,-5.24417117402589827,-4.65195173366342463,-0.149533908007992128,-4.38089258339643184,-0.730751197584173395
-4.64852328723164288,1.38153480506433568,-0.00898562214183344123,1.13468459752308859,2.5644515316914287,3.69623699576102194,-2.70779572432992444,0.714077557483565939,0.46749538879849617,0.0237895232028843412,-2.43571823963056477,0.665932990139649905,2.75443716974485575,-0.672393516233378619,4.78257215932634594,-0.352109482741609414,-0.203981927007798297,5.10822437982874078,1.56480838226001762,4.03874188276488244
-2.58916848188588711,-0.153554407776219676,1.55865262859799625,-2.76755136004258606,-0.336541870004217758,2.09426114954902953,-2.23952264002877177,0.628671177902999978,-0.146040221511574808,2.05654058116253591,-3.52526738013222207,-2.49732072261894,2.97825921932225679,-1.35528606056567646,3.37866819703870513,0.666304809782001572,2.20166993995817872,3.98060514043182812,4.03301700106536387,2.94733984656664472
-0.5804393367534596,0.381114342853378529,-0.0113619476662353176,0.512891231066996967,-6.23610425893068587,2.47821429391267234,-0.0737564319307897204,-0.284804386573374202,0.54384400111565212,0.405806733543161824,-1.84928408637258812,0.664520057748195891,1.16691283744744756,-0.137433624893030792,0.791092085637824516,-1.08799882039179097,-2.34044502914054053,-2.45213796190779743,2.0612946311731597,0.143799265295672246
-2.65181629008624542,1.25225018473818905,0.471107398436200975,-2.48862291860928764,2.01665530282854855,1.41417509373274131,-2.55785670062767467,1.11813220218518361,0.479235022495132168,1.32003962991428114,-4.01304230029748865,-1.37650817389449687,1.54580941224837809,-1.67840877126642529,2.35688838046722982,4.61593205253683259,-0.371372372273379436,6.154451813734652,1.29484491555776393,2.95948458364154954
3.38784427362811336,0.346281527054283278,0.705528820233054521,2.46173366862959986,1.67867122218869946,-2.42586580322863066,1.06815577439550857,0.12975120144725022,1.71410446678070683,0.660122472779732905,2.61677109857785295,1.84125913615936265,-2.77848472233087751,1.41554071416810534,-1.56678448423638206,-5.62243260115560428,3.07805198150175441,-3.13743910342695553,-3.07517764889243139,-4.52257483418786688
0.759809238628269878,-0.364830202755377697,1.17627103596582838,-1.73756914779468397,0.536306512427914717,1.40602733152627635,0.206942931092711779,1.51579514703597074,-1.07436457821208831,1.58639394450184756,-1.1479784294751596,-2.19374911415496321,4.62492417881349027,-0.172661210536035642,1.13266211334161171,2.89777751213124901,1.05731666594643259,1.95700112704910989,-1.20325577530260497,-1.33095435327845846
-0.636538349064519893,-1.05790164777292994,1.13361776078146881,-0.323427395120633177,-0.251886710489259202,0.866259985032164503,-0.3360755944605614,2.02528777211961897,0.928308929499319535,-0.530447601820706716,-0.58493715645866684,-2.57994115335587892,0.439648635065932325,-0.0539096565521168802,2.06135088031542235,0.316461089602905532,-0.640252582775508006,-1.11511145267679113,0.120723560252544729,-0.120868317958472193
0.727813346092113345,-0.745188465917761556,-1.15638038862884396,2.99635387809867204,-2.03561085389290497,0.652618330899104371,1.38151839143133448,-0.47378664551081956,-0.867726953693472414,-1.84583420763095107,5.03774048859230827,0.657652156006272137,-1.08821033480797724,0.707220262556881973,-2.66087556388484447,-0.875467643537360174,2.03395181724553487,0.221815041239211058,-1.26268566821195094,0.259265768899421045
2.32083590534388984,-0.90241027099022697,1.37485697537376539,-1.13911318890197388,-0.428775427858119507,-1.34075688047346575,1.00221149877258742,0.573107351359974371,0.790520006992217805,-0.448350769718869446,-0.810528696889764255,-1.32898671246552125,-2.79386182868050437,1.31780149714742856,-1.4679675960527383,-2.71647471124426332,4.24623935106550654,-2.05531040794017095,-3.43234863294713799,-2.17801774435359263
-3.57139795108982527,-0.781670186646243326,-1.80675418034529933,0.247197804625347434,1.16432198568454326,4.24161491129571555,-2.05915124786056181,-0.227003659332253249,0.0533398499872027379,-1.70057847282237229,-2.0998169009421237,-0.492104702222659784,3.63844315579741107,-2.57899897376588205,3.30102765650953289,0.823572757970814195,-1.67795507175789393,3.96821822705591831,0.70938343226061773,3.30170003763444075
-4.58828199856444119,0.364600855242365851,-0.572751089006567904,1.47638198779472085,0.350582996217216503,2.92036713330956266,-3.95916514525851992,-0.682457574564747094,0.588644179333768114,-1.93371455119132163,-0.0824829672203925557,1.96413056962553489,-0.258025118268892961,-4.55292264217900922,2.73445122811217578,0.392830225764754015,-3.45455597968640671,11.0068841549109191,0.557349833583898335,2.73993412858108432
1.47419016595426067,-0.33610199243714578,-0.832110608712935851,1.14963420042066566,-0.147573035973498773,0.61953392008133612,0.379849254484184606,-0.391481727551599934,0.754494295416246574,-0.375793188222262098,1.55695127948957879,1.52414534743965291,-0.384466190207014169,2.36938454740850446,1.08661605520644211,3.1846914445053307,2.91567412026248585,-3.41421531644124743,2.94453922855260597,-2.15153112775404054
-0.624558400524526491,-1.05274258564392631,-0.693339460769295535,-0.947107671136058094,-0.924538298503391975,1.04355685414593879,-0.901393322981782208,1.17917683591432243,0.619179801175104738,-1.13264864394441322,-0.0575235528620621772,-1.02454570345407725,-0.659624904208541252,0.431716526215683016,1.40470283776399985,-1.94581742611500785,-0.355778511766945749,2.24088062243529862,-0.903122283792447411,2.41965578785849988
0.200455257865458064,0.439751171105797367,0.729717154439790128,2.34545292176904718,-1.21696997481503977,1.33895942818522462,-0.796600772741966279,1.73612914649345607,-0.925145076103729425,0.20426054952787373,2.97145455798936409,0.608091566201243716,3.06359984377446271,-0.668545223485730866,0.525374106620754677,3.51966284890585657,0.674890482174851036,-3.03021255859834904,1.92779229420462905,0.269353749783483254
5.31585826793469707,-0.567630775306446678,1.02842491665138991,0.485367233616198934,1.76529612831419058,-4.40638874923579227,4.33832427366508266,0.868337279279176477,-2.43052702838425194,-1.67374348416353724,6.06168573216938444,1.4596480651735062,1.17674454197854828,3.14356110146146728,-2.45514661394998646,2.6519278242850306,2.11272338849596064,-14.7588051248325343,-3.57729676319590695,-2.07853140789954116
-4.37391444057909329,0.704493834203053337,-0.584800539436642786,-0.0658535597895464064,1.81703958766315621,4.96727541283790508,-2.11334962355527534,1.61535367462248747,-0.875076886964011313,1.79925657614306278,-1.12994885918016297,-0.777015182947551564,5.6295665351897819,-1.7222683077253742,0.632093168124734817,2.26341906730997167,-1.20352427704386611,6.12012878116924952,1.14688558769268134,1.05799924343535978
0.109942517070274151,2.79095090554606751,0.326325834518470748,3.6287609506411318,-1.76318707221221738,1.51421345931828566,1.16429350961807598,0.587032591708421814,-0.618744973120844421,0.894588087547493527,3.15457669445311595,0.613969181774946082,3.30439294931973304,-0.804024188623077896,-0.708411401974064492,0.26958761875333026,0.820281412190415837,-4.36829404525143516,1.45427306479700236,0.510476094618777076
-2.07992538947889072,2.38390106941336688,0.0777558457650448925,0.187706379547215085,-1.30319751209322576,1.16391974608502724,-1.77760006656162362,-2.63631289945792835,-0.251509595882568493,0.207219245621082293,0.636230965172965401,1.18701646761619251,-0.0233242223832398031,-2.1138878739943574,4.02834334568207186,1.41959623060834472,0.714356376318730169,3.01268394457014743,-1.10713688019709999,-4.4486724560568538
-0.434583149919631428,0.332920921775142764,-0.680484206315344675,0.985399543770706043,-1.91651830102168619,1.9327410436158845,-1.12293725196326721,0.424551681171797202,0.444700675114750699,0.422826596320228398,-0.0446997984543971369,1.04665332769714392,1.47567633439613455,1.27438603334986111,-1.413123149030169,3.54577644651301993,-0.17733368723028084,2.48819126212972419,0.532888505960813497,1.0668206447904629
1.32960673373994465,-0.313518248205491346,1.84158248561417048,-1.47844908083667415,2.62506637495832917,-1.2277962232627444,0.597402023323477693,1.25975441545170863,1.69748188091507113,-2.32896399411296562,-0.00960722782817732823,1.28817301606383272,1.55845466193360216,-0.272627397882636791,-0.16074863444087556,2.41602857086998757,-0.560744737175711938,-2.29331634103168058,5.16310510187732241,-1.03431772427899626
2.08710858724185355,2.13682809746302826,-2.52010408691815702,0.488597515235900282,2.85645169861609682,-2.28500208813933581,1.02935093792729138,-3.16175244865797334,-1.25020062282032973,1.45034168295572274,1.22289043059870584,2.46924020100661012,-3.72540537773452263,0.712602955409758931,-0.355243423079052878,-3.72768600067588851,-0.357659337065130034,-1.18371698843463591,0.804625102038143858,-3.40116094649520262
2.29549338492206312,0.94963692812412881,-0.239935906922167541,-0.355353719718301042,-0.856767050763920901,-2.1609910296717687,1.70886796685245312,-0.198339732843069827,0.253265271620754184,-2.4245160960085852,-1.40555528125326967,0.187300129259336534,-1.6791505139733538,2.43692249624464008,-1.8093305945644651,-1.94008125272523424,-2.35607537428940272,-0.828980151589018499,-2.89230041251920911,-2.25457009656504503
3.00558406669101252,-2.12023773169712548,0.395191532285242897,-0.132200564671632687,-2.13874902485885121,-1.97591350559469525,0.718544572158438366,2.23453570201538199,1.33160684682734831,-1.48106689216282761,-0.995218413110131817,-2.27598089092240619,-0.287569340012387986,2.48179466971961782,1.30591856989620836,-1.59830131013158616,1.35803975504466634,-1.95024421092673994,-0.433033473104184607,-1.28709668001102484
-4.77652085993389974,1.05526554764412683,0.552146921510651811,-0.517965826778166272,0.353782070239765101,4.02210860048252083,-4.42721533444841953,0.640211947325833641,-1.36399680144140278,0.519998274512333825,-1.93529644157955616,-0.353262564445084748,6.26841018326699917,-3.82940659558235241,1.72630381078429251,5.95631031617965601,1.87097193525845862,7.20191050793817844,3.03075990941251705,4.62848026427815462
-0.799250761083276751,1.06413944884445755,1.67188873442640284,-0.235109795066633376,1.87462378618599335,1.12733679462918368,0.566992206232771245,-2.49152689087696011,-0.121154045565241911,-0.397410388548887883,-1.07119456793164214,1.31504625043147949,1.48276291592587128,-1.03100222623703819,1.28108745289220138,-2.63701857975996745,3.07180340459408052,-0.302130117773281248,1.40616575833520985,-1.46587015225714068
-0.635852415073065225,0.347576405093283025,2.24344169501687274,0.35721608372956476,-0.888853706153255207,0.212082035419338677,-1.54041571462209337,0.596398851277092246,1.199971497585403,-0.700735215139503098,-1.978441597208074,-0.533315716442946175,0.377533927936015534,-0.792695234069298871,0.0402047273229811791,2.14023722439418806,0.521509870028488365,1.99532467415455672,0.261721757699696689,1.73928130735715869
0.655222194682985482,-0.190231874027726761,-0.61151566613827002,-0.146635107848892804,0.294584736456385665,0.470517100640008457,0.173026399170916223,-1.45448127402345784,-1.05423593608939647,-0.4926995760074252,-1.17521822875551285,0.759569776529476548,0.491225510938096188,0.467350276602808368,2.0397945148761254,-3.04224288001399756,-0.190618341763618165,0.917678955980286926,0.840164578117572058,1.19957195334901501
-2.25845747260312191,-0.328150333308769415,0.596683681956248435,-0.425450167704487348,-2.12825126642082241,4.55076789452193342,-0.79934679389992247,0.169079472486540011,0.00883125550734719864,-0.735095464521626885,-0.501238328757365847,-2.41703838171007579,4.19470280309342414,-1.22396010097185415,2.44774078780443949,3.72708645069879596,2.5078186437210257,3.58884578082741168,-3.90195589047666624,1.83384762784300692
1.38933528304296439,-1.96839802106257045,0.479061289484784936,-1.51022701739444609,-3.00417827403503113,0.645935892009469326,0.807261912885898103,3.99657908975996623,0.8339172612749578,-1.21813408823646374,-0.768999642971118114,-3.90579766842070475,3.13860462389908079,0.699858839827518064,-0.850438523342036401,0.139588927195021334,1.76857011576790235,-1.53531783451405501,-0.181801596539734739,-2.0060393413424582
-3.18973159877070733,1.57013463512466012,-0.0589498250437001658,-0.0969963183810742119,4.12394450530321954,2.64713095048800451,-1.6232129514565028,2.66800200336277404,2.20818277232947535,-0.097158300028623773,-2.56630992292699522,-1.93163353676870742,0.283248698437411239,-0.876550731910831327,2.08976927978168936,1.43252536455189938,0.890026543129812775,2.51450815156825103,2.93170467686113767,3.78459714063268837
3.89500700013103307,-0.129240139631527445,-0.0367431017278763705,-1.33663513762527675,-0.0263669319415095298,-1.95163564692219405,2.05246908064565714,-0.617739193672504405,0.773504995794398797,0.22050573605880408,1.27542043845203823,0.278447986498866984,-3.80305361531693364,1.74876494115391123,-6.68737795308744953,-0.566283757624489681,-0.178425668775475055,-4.09542112123416491,-4.55783070816820146,0.0604883178358780957
2.5000289589373601,-0.496092032185195708,-1.19994192079296713,-0.24394777047474428,-1.39206360289347786,-2.94078299375421981,-0.992787618862811194,-0.0641051235289349791,-0.465857615790771284,-0.349941963695345526,-1.64787368715030857,0.281033190120331344,-2.97127410738983944,3.45271953632537176,-0.771603967010242808,-2.7207685091011018,1.27481654643820042,-3.33312697360765009,-3.73063968988574279,-1.82888838003961207
-2.32414795620499159,0.178716792859735435,1.51414435336224784,0.74114836447525223,0.577971023696600583,3.16935258472478898,-0.517739037241105815,0.630581741270550777,-1.87488035039183143,-0.467531456613912155,1.99293209299627838,-0.727919440383734684,4.58931610277035418,-0.379991760730449324,-1.3647125293022877,-0.00514462413508293918,2.90706897714614687,2.24948823234948136,-0.381970311642653992,4.67420104013428883
1.73011566830965569,0.287276494667623061,-0.578090591530340703,2.16310845665895535,0.818542360033446825,-1.04263563216489552,0.191954087801703588,0.0940470416820450156,1.13628201449545285,1.31185339279750623,-0.081323489954547995,2.33755321732366328,-2.90225675036161501,1.57618118616897074,-1.46034169835227412,-0.094888208423052775,2.35293429084591876,-3.58545881454181359,2.22018333866158191,0.149125315364738442
-2.21110290669271414,-0.733204185965945276,-1.53441158928784827,-0.877835815573967282,-0.351820365570753191,1.19410035146401361,-1.54873861827641002,0.259892343430892181,-2.06871724664864054,2.07111814713760012,-1.31218030510427686,0.699997393183738881,2.47137140678604572,-2.05619607368653368,1.21178568251481722,1.77795974271281576,-0.950605534957665532,-1.65847335402896889,1.30688936614098372,-0.0423004092696587231
0.839651621930908476,-0.491876402494847431,0.639862374118745691,-0.648473127936438853,0.869260522429318394,-0.325340934194432996,1.19238223203879889,1.49111322352580422,-0.027394556931463792,2.3889148224035317,0.29605761661745883,-1.3021465261193863,1.77509668194730375,-1.3166358329550345,-2.02947168882139728,2.62173383637057889,1.40113852251083482,0.339932947010057662,-0.347375275106868275,0.419438118785677827
-0.830894024089859351,2.13500020558102488,0.780634460732764879,-2.01356084104940081,0.3495303866863817,1.58656605100936487,-1.63922900471517852,0.250876348351312672,-1.4068202677280508,2.45776612630090208,-0.392800236514579959,-0.899204794644618888,0.811725561963779763,-1.30857618304194689,1.48624721422512684,0.343662556635604244,1.94382627202332881,3.3041850724439783,-3.32795434874306206,2.86200314176940651
0.894414219310378122,-1.79671188580665797,-0.0155470529092669365,-2.33242523268506208,-0.830968837264831062,0.157171182007822707,0.166388309922851862,-0.683142622155760271,1.88239661202025266,-1.64038703868379532,-2.96056684305632567,-0.0997998788119344449,-3.47305292575385582,1.25107822776677757,0.448948457142767987,0.254256036876834013,-2.10567206485033465,1.61883489451797025,2.48922023045584773,-0.731779742898079788
1.74161690969157235,-0.125718192621866315,0.539413395811482843,1.97016472228985817,1.75805880745322396,-1.66019508336307031,1.84571587337378817,-0.231432516402217986,1.00306920940485078,1.2142653916511883,3.98276859796272253,0.658408463181636372,-2.85183449333663619,1.22301562863605739,-0.506919114050004782,-1.94312341595596361,2.35549364711399445,-1.9771638097588522,-2.41708441894233372,-0.414210859673556031
-2.11699693061452177,0.434145572927334411,-0.868887626770561528,-1.95263271371968172,4.20727439289670269,1.33017829859682668,0.0916795352193373603,0.908731690873347486,0.555327180966071587,0.550861834376413229,-1.6804900254327213,-2.73449461412632999,0.312804128396479364,-2.94946676729720281,0.399397133066439591,3.89051448457899074,-1.25642282935593808,2.4050215059899247,1.96745458854271127,0.072078905695623155
0.487844099041528867,2.11147472277948278,-0.0903793506328428031,-0.0344188859179049914,1.85884348154514156,-1.07779350141465291,0.669790974362820424,-0.31316846102132978,0.121482951933019501,1.07485349793549334,0.697306232812696103,-0.406968943438135278,-1.07571400876857015,1.40252169753376132,0.140885563423121085,-0.247417789294213597,0.285973591571398622,-3.33828816719336885,-0.219282392216679334,-0.955478603920809855
-0.748298558736331332,-0.0911890456416302592,1.02700713493842244,1.66533315677325122,1.4988091898400997,0.661647228305979329,1.42814062318892621,-0.543541108075334733,-0.627340995058739193,-0.983954339229816344,4.62674028857983011,0.824798025076074581,1.92630010555340347,-0.513311596426002437,1.66375226981851831,1.58762003863283874,-1.62966748688052832,-1.28734273612082339,0.470226092792787209,0.779882861933820504
3.48370843581313361,0.74987170816919968,1.33224603034482714,0.807267449195250619,-0.607325173145596642,-3.53513575331467989,3.82533205639253371,2.02703599884731878,-1.1776612258003456,0.410997796774986546,2.62534417343226734,-1.82257331502650022,0.635505947418387951,2.88630209990528819,-0.830146651347994258,-0.746054516701243564,2.03693289890078777,-8.7920157630929765,-1.50732293754674029,-3.38853450642142784
-1.46620504390232176,0.29800886899159551,-1.31471281240444759,-0.648827434474732234,-1.75346870314132719,1.3160578595431125,1.06362760285236435,-2.05473513029173382,-0.354303578306873534,-1.33107443278982873,-1.25174308571061199,2.11417271893199343,1.08575511299114558,-0.410578571942544268,1.77378295955093956,2.64742470312687139,0.673141635061504262,-0.123129396955970638,0.448042703614444204,2.690737092883146
0.679290731312504836,0.541345021911134094,0.239616847430215885,-0.959539654807552655,-1.00984022230723403,-1.02893345551519366,-0.112601034666533262,0.0466886421681596067,-0.653971722421179957,-0.0866502298227610213,0.196711810755183736,-0.490836468319258368,0.468821897273600297,-0.168105977023038589,1.16967005219003317,-1.93945493101117949,2.68427730587498026,3.84260373409399048,2.02910758017497583,2.66387587789563529
2.92665884762731476,0.053945638827788453,0.808605533400601262,1.0761932501109146,0.481941951803207091,-2.16438884995141345,1.53295572477613362,1.1895550641386754,1.06567625308061165,-0.00519706182161904645,1.16433695117059832,0.998651188154770053,-0.746111440997559439,0.508032154643234146,1.22477565868765215,-1.13365944171834387,-2.39604394915850571,-1.34438014315150167,1.061571151869241,-1.70723033723615347
-0.386797458624155599,-2.71603569327682637,-0.0708754115690753417,0.166513860231451261,0.897540396013247754,-0.558366679286855905,-0.611471265100536732,1.57187444406038668,0.702497729041598906,-2.12014856611236047,-0.45295939060124385,0.183609475693159191,-0.528655686597468755,-0.782176084358849999,-0.197598297150586466,0.774194975782993788,-2.0683341248052356,0.74610476706687956,-0.291703787729800712,2.36833628240804783
0.753649596987890025,-0.438688522234646272,0.00560797004301666867,0.0204246064129277802,-0.438102827282155105,-0.582203406419387837,0.284176497902538405,-0.320042064969257967,-1.62226453045012931,1.05536758765877448,2.36977307562065143,-0.740731423547381529,-0.976824376488599877,-0.62258072515677243,-2.0824340904758607,1.9419459194100992,0.509852762992262565,-3.19394101317328838,-0.75910000785689824,-1.62598021113862035
-3.85514615831636709,-0.387530388229706535,0.307446663999437542,0.313410197334547058,-1.13210804715395219,3.24594538560854673,-2.75280471212791822,-0.014992978085123624,-1.59772984882386448,0.118524175715152127,-0.832941458270789914,0.339825516701901309,4.21603803516516962,1.04868410419415836,4.49950286926234799,7.03830307684703804,0.787345100862870684,3.87452848887881496,3.36955514757444341,1.18242483924519903
-0.180627573492437993,-0.611141619906879763,-0.406041210071654057,-0.828196511868017571,0.460606290670909524,0.00254621410093008914,-1.01928521650108306,-0.195746475238166073,0.0545458265264745154,0.396403567987485106,-2.27145789282983213,0.808244458214600336,-3.16234030027310364,-0.85436304711912392,2.39058243224547251,-4.90881901436905554,1.79384451244216914,3.31351839574428064,1.94613611887041227,-0.206464830639400104
-0.294001446235239661,-0.452326960554266133,-1.34526895109125144,-1.21069135982984499,2.8426326972670064,-0.0812675945220092677,0.245374178395010328,0.677603040690974989,-0.0269473328118030424,-1.21240535802601257,-1.58972293728899539,-2.29721888391576101,-0.290430980709655007,-1.75316555453944734,-1.8822766120298422,0.835712890260057906,-1.18638870946340225,-2.32154731821379912,-0.824079581702619079,-3.51500783564826813
-0.711004755608868222,-0.467689279472719766,-0.475246441041609791,0.863051451448464513,0.537323144070294911,0.488782940348318651,-1.10466852394574078,-2.27503546449942329,0.726292101867605067,-0.188651977677317867,1.03534725808933037,2.17605128960305594,-2.151881182567557,-1.16429211717218561,0.240095422070761733,-3.89380875512786506,-2.3551432206794618,-1.02175734320046563,4.90979499877611758,-0.217443570898860294
5.74916099605987618,-1.43581096858832602,-0.166660584586451277,0.194446688644859977,2.21095177751464034,-4.71458858273246584,3.68671977852283828,-0.283362039985925185,-0.959599538190700763,-1.00125358495518801,4.59363895713699044,3.54703345952687021,-2.12766130551591015,3.42426854923733126,-3.52643603087261148,-1.56700489205862503,1.78352959702873037,-5.67515368593010283,-1.92142387373032886,-4.2293793261185133
-1.44896387103947699,-0.334605600691900984,-0.0397616752847138322,2.64987960300003023,2.35537800066999736,0.728708462095943532,-2.62681935692058843,2.20216610033577087,0.315260473620202819,-2.3602489745612858,-1.45264119538090264,0.883815593390283594,1.07213583794866052,-0.352993273406701447,-1.86937019925089709,3.447638805434043,2.95513911457452316,3.44393954202255159,-2.66374384752837967,0.211853090062365607
1.30023416734900321,1.2985660629754745,-0.276314949227795148,-0.101333561665670702,-2.51300652747472775,1.22046632185094373,0.417739959447210207,0.949437018227818563,0.415839588599170029,0.994214644556973393,-1.27806872609134525,-1.12406569255045552,0.733837841245178923,0.342916058886178099,-2.31116075916494568,-0.670227474407474655,-0.967911215768930466,-1.28475535089180348,-1.17463749355568359,-3.16361750524538188
1.20416466143641121,0.0466991538252067365,1.65693066453353288,-0.166910461398315918,1.99489688919406416,-0.181784645705508591,0.538341672930543469,2.04716306886416533,0.142872255767829054,-1.85107891474596009,1.13347348253046043,-2.0845934250678182,1.44187275279540095,-1.25281984928619283,-0.0080161748932084647,2.46959534935254243,1.8269900406396089,-3.64034087834516651,0.397570482152601434,-1.74203349037766153
-0.302233465338129115,-0.879230493329253404,0.585535387909531524,0.22664345915472392,-0.995755145737706182,0.0260247405519390372,0.291785707835262864,-2.33310479742140053,-0.270874889339730862,0.468008709359210739,-0.91288277433599907,3.076961286244146,-0.849066215888623521,-0.67224903995274321,1.54791219779813338,-0.81461711298278483,0.307730930797838587,-0.678818428334789226,1.97637823174563909,0.691105037800142208
1.76571819905639416,0.782988136015680292,0.438126065019223854,0.891203048431482125,0.133829801691439931,-0.694909371299834766,-0.618490217765810812,2.77502158016775846,0.464096902425283897,0.00774676874028558827,-1.12795153296778405,-0.186253625649326682,0.914768063728831349,0.412610644860375519,-0.860624240704874865,-2.84229666006423898,-0.46509863293532705,-1.38100651161351817,2.34299477629832209,-0.669310152627290544
1.74922040089680353,-0.890001813062711977,1.90122610941142578,2.13375618679750234,-0.0328709245868477606,-1.65124858383288919,-0.611729571943183115,0.93085589366418986,-0.291374309185035762,-2.24103321479813955,2.71422443211579756,0.598966455081585636,-0.915260260620982757,1.32222327669995288,-0.801621645276771932,3.0679367806889255,1.87000959733649186,2.79973934260654689,-5.47642162770737162,-1.24797269583583548
-0.387501879913978386,-2.06682233101640378,0.631923608789938807,-0.193219339483086533,0.833892712448798479,0.0417073508597954959,1.63666020997755934,1.90517527250365082,1.36043771287707238,-1.79848784527324712,3.27749445914511517,-1.8729321372510781,-0.206853913384125371,0.467144151851626943,1.09575069989594898,-4.4560204962143013,1.7523695770474077,0.148727850730658528,0.747142380524664196,0.255748548429271361
3.14485059527493149,-1.60882386912539865,0.953901936656670002,0.864636502432023057,1.57559713722867478,-3.67917812686607659,0.75839354901546685,1.52728087746358998,1.84119946161132964,-0.965722431507777479,0.222096710914080397,-1.76683944727653186,-2.60970315683484388,3.31970903188061106,-1.07702568991292691,-3.43293929854496849,-0.723949925211362921,-5.29155501145073881,0.057369935125267571,-0.338800348745063318
-2.31432302659461087,-0.373538287623336684,-1.20576014834894307,-3.67233682415384566,-1.50608868025504639,1.47718199955724816,-0.574755959111005077,-1.29794866818103038,-0.287219217779339231,0.0295544456474786492,-1.48035857839165641,-1.59731235963691121,-0.196334842277212013,-1.96711212107380184,2.2511640512633404,-1.6594247541496796,-4.21859448470301679,-0.0195476443348893587,2.78176985759887518,0.898241619473319375
0.158393693485765347,1.73996861456427232,-0.723087749558392834,-2.82399430563237264,2.41089129272968572,-1.38519642435967616,0.698877302436240688,-1.24550837804720649,-2.02126098809368449,2.40156806499346942,0.0138526370345472549,-1.35765688877519297,-1.61112714003676594,0.806934529900042441,0.311866695976514396,-0.935666912586861854,-3.27070404863852016,-1.90059763945205207,1.34246618255425609,-0.455132351333312313
-1.84592778468027663,-0.762349715612426926,-0.722386746436742611,-0.66071592501167109,-0.839263883814715506,0.741989447852252071,-1.59589621686801686,0.152576457150072786,-0.189536531990559198,0.769939468996587606,-1.73121663586701269,0.4653870479906283,0.382180541291557374,-0.0625615263806273136,1.77757020181382597,-3.38951147942728781,-2.13675001915170837,0.522595420355696727,4.15903325193257611,-1.30345129453961817
0.987356443563206509,-0.160273115332053934,-0.287337898483900345,1.83267249706036117,1.10814649756417061,-1.77787003207971073,0.79229294863107802,-0.972013248643945893,1.76800499751957241,0.877867668964614212,0.908962679869430912,1.1196678074226718,-4.0112980264583511,0.984550796720173871,1.22834215385643875,-3.72353951305383557,3.68898336295227036,-2.25682544689756215,-0.595051061296024808,-1.13013287081653258
-1.98662814894455741,-0.860175681525887637,0.141424556099085386,-0.617473942630893169,1.48878478382059987,0.872040624612092752,-1.0844206971037742,1.32463246057636108,-0.737507832000437569,-0.502981397108101969,0.635864806012550021,-1.78612783375820094,1.49887638834290282,-3.07246951440852278,1.00522598841273125,1.27010278297532797,-2.9201290189945639,6.82172719086890478,-0.323303989198592157,2.34490839032049037
4.16049819982660729,-0.992294801380575353,-0.188677758694358738,-1.52898009590693285,1.23768772315301168,-2.49504723258581507,2.30386231990591472,-0.77801333977443865,-0.485754321813050338,-3.90446541864170715,1.48861408176498333,-0.829693706959099386,-2.20816663525200152,3.21022135134725728,-2.71605452528976787,-1.77780148697585871,-1.79542865253957773,-4.69668406464309385,0.992831960269228597,-2.36268886432795577
-1.9272979711091891,0.692806475722980375,-1.26616271327411845,2.19175768993440112,-3.45118158125849028,2.20493021714875503,-0.96764255707312552,-0.844017814367739372,-1.92305887051898439,1.12449639639370891,4.28552605443754242,2.46121866254702493,3.58603719653356512,-2.66305926648771996,0.571086817734329344,2.42625811475411579,-3.17657374863181552,2.76495889780879311,0.187709794980224359,2.02985668608727243
5.24566863095767477,-1.50148102940398442,0.0213164749131577423,1.40009650138111019,2.57564645185987651,-6.7005379706588224,3.50485886589893214,0.609912777270245843,1.32787320710393675,-0.8660769897917312,3.44032078312123035,0.275799950206148559,-6.55762385521410174,5.1551797668133803,-5.3355603622929495,-3.68507379813788738,-1.69834438189599224,-12.6892125912538773,-2.86846409267918778,-6.0420525137322123
0.0434943384973963607,-1.99588255500139611,0.934805211250064105,1.57689710556943896,-1.55613651729443991,-1.09385415366390593,-0.132129123896251977,2.60803456186894067,1.13159166552249912,-2.64531861111198197,0.0521731124798724272,1.18849582708488044,-0.0381660905958198099,-0.181816783055701925,0.967515373878104823,-2.58623262511616359,0.625625280384138005,2.6035409779232408,1.11202767654014245,-0.0313288468006944557
-2.92212711706544503,-3.27266354873049847,0.433790460353631058,-1.14480054929503061,1.00095534007787368,2.88347181442593525,-1.7548262179778904,-1.64828219381048058,0.890591976412966724,-0.616344069040173026,-1.80689852081651581,0.437109774731902656,0.585401077521059965,-2.8581929720933994,0.741333828620830637,1.26698235771824108,1.20958236089718607,0.592323302038022081,1.442094380607436,1.30524138575551585
-0.557791943764712972,-1.82915548713072473,0.13851806216985374,-1.33172420649645895,-0.718842641225533208,0.0899360968609453082,-1.25179939271255636,0.372084907997386138,2.57459591915755537,-1.26034037308965963,-2.88215910298819011,0.724782372213051751,-2.55680543303083541,0.480296947355013271,0.173762664179481913,0.0564230423829606212,-0.775804847087228189,2.6791881166216438,0.89549562300414387,1.47906431144446193
-0.794678556746652998,0.222774940427014512,0.146861274559873606,2.04385126684190377,-3.10230242308531823,-0.950771778314439486,-0.692239717988316294,-2.21156307482608039,0.871712430080450962,-0.0214530134926933687,0.294656338766226489,2.99615945596120126,-1.59135774495841464,-1.41074658918876894,-0.178157143369829823,-0.648793276303312849,1.89740699095946641,-1.28757910448785839,1.16040055225242633,-0.202151531626478975
3.47244272412998001,0.624031520108991211,-1.41062967511408699,0.828431187279239589,-1.82390344744670285,-2.18776798625687841,2.14107270052944321,-2.25659687240779139,2.66182734718108094,-2.00745182133866562,-0.505996477517421384,3.91581449083520239,-5.04369141931210585,2.35120871687911892,-1.29020530484006413,-8.54283875214860267,-3.75672658173641416,-5.58499683560199944,2.02028578199622944,-1.96498173333263138
-2.38133952657602377,0.561714845098080118,-0.172866160081176945,-1.9804512196066526,-0.479644395086040787,1.23634005234013311,-0.72624986505878375,0.601278885758760651,-1.69796603671555024,0.531681564931755224,-1.41019458007472864,-2.52014576890808373,2.47875792914200632,-0.758070148158815904,1.95979345963053531,2.85462430034375503,-0.872021101115895259,3.1623463367884912,2.41115522108891911,0.840870445125210586
-1.20604455620825624,-0.969520196305732829,0.761379775719278618,1.00167182770930352,-1.55744469787078788,1.55864278520011412,-0.182807309140510049,0.690715404064021432,0.544115896443576719,-1.15111247011166884,1.0529232847151917,0.274045356838384324,1.49171509482690379,-1.38099286316596315,1.13772588567019284,0.644629815097937597,-0.483361881331594467,-1.58375885713871956,-1.50294475178657305,0.453358134553894232
1.61778478455386021,-0.793122783890129579,0.267247607327453451,-0.811519340716179038,-1.19931493104471643,-1.81328050148875386,1.32294022424843538,3.20522354834129075,-1.63085111831840823,-0.315044031156588022,0.895976409770331994,-2.62976666695201455,2.06716444229566898,1.80202166259664986,1.2173882653479855,3.61034240466713596,2.9786725505604088,-5.31809572299349309,0.347723246463026159,-2.09899624843755239
0.779550674541196087,1.29257693427110154,0.282003133248840354,-0.25235993559940717,1.03135534171098464,-0.328058885631469677,1.08532942497255314,-0.6952415946170174,-0.566278391739205356,1.0188656915857297,1.7363179620652287,-1.00448034522079155,1.80260816070084529,0.872605606963826275,-0.637710310484997267,5.87919078841921383,-4.27269819784265081,3.34196020160174978,1.15804821792319013,-0.204480582375736325
-0.121140533177075474,-0.883431611825852392,-0.519209837323687529,-0.835293921208028145,-3.11800394593351093,-1.0525991492475073,-2.10968792099614522,0.180375883352867333,-0.643238081963576902,-1.44393127897447981,-0.580988067166303246,-0.685581432741230179,-0.0953014570964592495,0.619284508483573193,1.48799704754403894,-3.9494285768559374,-0.916836579239060034,-0.409078835911064254,-3.0061484163161194,1.11378661128952139
0.0857848017541089497,0.177588463619729214,-0.0361988131832083407,-0.528742701328453357,-1.52622194236148045,-1.34076402114152371,0.173405350536854047,0.335171133853249759,0.349417102153884829,0.347284217250230343,0.633029930304864319,-0.636899616846699712,-0.590572182023889169,-1.27185060012675444,-1.35697519583876747,2.78177108215919189,2.12130009617972393,-4.31568150351248292,4.94835002601643392,-0.383831783992182762
-2.16776473579073814,1.31061153669394059,-0.816589066803959929,1.49380338359251263,-2.12630364700940611,0.720264335454899651,-1.31281973218174763,-0.847564249212958476,0.629070085620805464,-0.439196714909090458,-1.99085445748901368,0.612661559046862592,0.0886758009132840863,-1.67148556139084503,-0.016999313795327417,-0.613767752889090912,-3.46073392205809727,0.382227454883026063,-0.759221813480026153,-0.14822721185504073
0.554261363462028256,-3.14888412216086611,-0.0385653729345418403,3.06561482731095802,1.04612887042468494,0.689538669488740319,0.638683720732469595,-0.501448230546815754,-1.36982111661697825,-3.12460484912893754,3.41075593049594472,0.871282321614249344,2.9950197469609825,1.05817043078628692,-0.239392075372036328,3.31433907942587291,3.22988803177580275,-2.10668737649546411,-1.60627358082369942,-1.76100083471939373
1.19772586527135538,-0.231211356420969683,-0.842009368253529344,-2.18230886844009087,-0.0494027038586307976,-1.51057786826814366,-0.206052266014602942,-0.819088359472025074,-1.17923317462686672,-0.50277680976936967,0.427421718596328715,-1.68538854800361526,0.333322869255970378,-1.83851673933638349,1.99213722541922733,1.07193860042150746,-1.32895860876981131,1.07507493070784732,6.19017091062588953,0.149384008012985708
0.230845641779513333,1.97321125631614613,-0.360797259444633311,-0.0322825490618213473,2.24277063255609699,1.03402031653771531,1.63864873429217583,-2.04027608853398057,-0.201178505799700841,0.613113899955276542,-0.823260855802748548,3.11997786512820818,0.52684925639333513,1.76541098123858031,2.62624383222095181,-2.0263015422789441,1.20169019998374882,-2.55636985059362232,1.50526314625293223,-2.52996958651997206
0.84945761528862318,0.48232294080766891,0.814649495824759207,0.0259649291967161237,1.68172193224512978,0.274941808624444173,0.779408082232504573,2.10087952466551897,0.42733407732904749,2.85682374910637815,0.879308659170611406,-2.38021285761866608,1.89843217801697883,-1.00390549355859005,2.09931463537982754,0.83542862358614578,0.558594391267061341,-3.49002830133971154,-3.128945060744734,-1.86622742418976628
1.55258499058227595,0.87664213385404377,-0.138370902816565694,-0.0481104516701006749,0.855357111200367948,-1.35884455538016247,0.727773671334357553,-0.546881806845945895,-1.99967834149281209,-1.83992112336551528,2.04533448457409861,1.03892140555203705,1.63886804006176789,0.632060720501778528,0.681565073485942197,1.55114601633955029,1.51107304741285331,-0.748069829579849466,2.43968330836198621,-0.279873364641759215
1.84843496420971176,0.307529935325942583,-0.609315966274920018,-0.591457282281471097,0.179259362896467045,-0.246047859940118657,1.1309027678951824,-0.0546113890847721578,-0.629741339722248439,0.295427212973925157,0.491441965305410622,-0.868209371863422064,-0.673642209333978892,0.640935545076339208,-3.8984753230432343,0.0108745924447363421,1.17902711345086963,-2.71806756233348112,-1.56161787254601903,-1.54887269552148288
-1.76676628815466952,-0.444778727442659172,-0.333069118983663148,1.46425472966177272,-1.5437976174609509,3.79341500694611611,-2.37336576062102456,0.0277576293009956371,-0.274690767334748176,-1.30411488458891922,-1.01903683606265827,-0.277277326080297981,2.68590647255771398,0.393079511201227527,1.35261854205428733,1.30958213645419974,-0.362950064074391621,2.63653720117388612,0.258769128895792622,2.00464663036160529
-2.59642421767648601,-0.503775728024864478,-0.395804663169691706,3.83773353238210868,-0.51747859659558082,1.24412004306557944,-0.854599342916498639,-1.14612984783210758,-1.73532079608332834,-1.0965536930254336,2.8773990989609417,3.40889005698835801,1.4414396720510565,-2.80266406444229466,0.869104585579452471,1.21507675304327845,0.773123447356101834,2.64819907873755644,-0.833478697100683674,0.652926249070959308
-0.667311168976305269,-0.482157078553933471,1.16045700994963319,-1.37396928456099565,-1.43488862449392207,-2.41858406687735572,1.2436068164170484,0.385089022563068151,1.02412349138121828,2.5491277990601251,0.474512243912460829,-1.86615609196183474,-1.91096549398161741,-0.595282858742734788,2.65315339556545071,-1.6651445913171441,0.210714166297491096,2.20338458952200211,0.117354735375769528,-0.271963059056193779
3.16374200562030161,-0.553087235460906879,0.230477612764544704,-0.667910258049179806,2.34837380737233037,-2.85719301888240063,2.63634113813938509,-3.01546998810088951,0.721377508956880575,1.63987587378529875,2.66760960527003155,1.10570022935339995,-5.20367967617579286,0.51734639284358086,-0.991531833421335218,-4.75324827929317362,1.58603255208048943,-4.05678417600378793,1.16083396267716132,-1.0105483575723575
-2.62519183051404426,-0.245584011345835795,0.508153548522405241,-1.92392174069174171,3.23084098156052324,1.87688404685774346,-2.50540067301696912,0.965586506902075814,1.14566743706881224,-0.0324548166895007317,-2.58609162643428192,-1.30488764870882279,2.74933301687203224,-2.8562662139178725,2.34639798362822205,2.78796597695393533,0.21537706372287016,6.93358890479875356,1.79892888167083331,1.19092824462009017
-2.14818731072638158,1.48838047183801958,0.684046043581586938,1.64740869037226179,-2.36756803964388274,1.79310821117820907,-1.18333365695107351,1.47686246844059776,-0.972280748384651949,-0.656706977255096969,1.75813516991296903,1.46784154128991662,3.46296581890293931,-0.354710780059024289,-1.38966261526120305,5.55382737624247902,0.404168442596994693,-1.18794805044478302,-1.49525654714390499,0.587705979876628648
6.6861534609392832,0.62236780531542002,-0.210185129619512218,1.33747592867994136,-1.35548384897289065,-4.67572550183563518,6.06533790626973168,1.46667644213772608,1.44467033931190447,2.40534505222262585,4.02210656028246216,1.28695209362863494,-4.7055477338429732,3.49488284689379158,-2.87561487620997447,-1.58190783494699372,2.49510358480851302,-11.1313578873545236,0.538219690474402657,-4.83937845190561866
-2.09790791845512814,-0.0228882543357519334,-1.52528350329413187,-1.12156546334827767,-1.10091161345886546,1.05142476753697656,0.323083723544399182,-1.63298940688613459,0.156482940704935153,-0.444276570422434958,1.85315012897385589,1.05914386023264817,-1.72112829453699168,-1.55800299301227096,1.41020950066501127,-1.87973585835876822,1.69189633102780301,-1.64412602072353109,1.79006229882091561,2.66658992831801456
0.178349414631963438,0.281540878848700493,0.899269148144173358,1.34724675356618739,-1.51641054473304204,-0.261585858070971511,1.484993931037911,-2.21950534580914027,-0.0826284449366052332,1.0393580705784089,3.26708936883419021,2.93684780780228083,-2.31251096002626344,3.08221421670212115,-0.250749344023139364,-3.46290961838405753,-0.176521814910922642,3.32162425565209807,-1.90998783597772737,-0.310622020092552686
-1.14053987813920044,-1.90277840143204879,0.428776145877053982,-1.44572102112762435,-0.70923087064056145,1.72490070685990937,0.555705194751578646,1.77230211094570489,0.315575537621352986,-2.20181511076101266,0.381525883397311139,-3.90320483549662045,-0.10559494117589957,-2.31383967525412793,1.50466104498479103,-2.28668849141326991,0.680116777326041588,-0.990715453149812797,3.55544064608032384,1.75325531661776512
2.62410162668283542,0.0934478059982023213,-0.383035900017247688,1.82372227105350415,-1.58853520830626094,-2.98658507224076741,1.08160802523332467,1.19692110133658325,-0.0649033817401544894,-2.68164562105423121,0.472858883211039305,1.79863574948297167,-2.53192414336897231,2.51644241571480132,-2.35608517113214155,-2.58264382886426214,0.321085510767536275,-1.97970882007188842,-0.80880701052865922,-3.23531278641843212
-1.04988930548714521,0.383632733930487579,0.197835757327194189,2.93513785517999803,3.09788681483889938,0.845797584030023697,-1.16026583990298437,1.3482070619564237,0.704804486920515116,-0.905012334120824269,1.36564640543594629,-0.376972505310892991,1.44267492147209553,-1.80498186615852063,0.474404283146630967,1.35691160649559928,3.53274298878417081,3.27128865034995897,-3.02037823053325116,-1.00849952845726376
2.94702484338726078,1.34153517357300966,0.0926239889283301532,1.49972542000585918,0.303944765164173458,-2.09301540671667974,1.95487715108430171,-0.937967332654141117,0.0376109692780419377,-0.940302426502843902,3.56308600354893779,2.74685776639304668,-4.10907010926814742,1.79154071510264812,-2.04714854401984692,-4.1106492708914919,-3.35151910449174872,-1.48179861964276327,1.77833250576871271,-0.787797086779599143
-1.48166803908135991,0.482399688402374627,-0.556323340718633763,1.25412399560028587,-0.299644403513200541,0.583893063886855246,-2.38191199113547514,-2.84954895702620448,0.603156700927412692,1.30345302765434612,0.425781120846856598,1.92554880751885471,-0.882991724009968948,-2.97742734535546694,2.73529330788352887,0.300383903806871522,-1.96238219692327864,5.17789854717150622,4.68978268563568168,-1.39002740775567535
-2.30528901788397578,-0.241941521043961438,-0.428704315702646166,-1.73221151967667653,0.372758987780385298,1.71653363112074531,-2.13855198075468556,-2.65608649634004079,1.06372535461185702,-0.790773838470367418,-4.2272088026673913,0.339586414931316083,-1.72748230812642833,-1.68830490346413109,0.488188612891044704,-1.82430443100704509,-3.57254550648317704,-1.47210062523280549,1.57958704470676792,-0.0864379742297057135
0.0786348933043558296,-0.873774656647209769,-1.2843023651256491,-2.08620648563788347,5.67802739074474072,2.69098748683001165,0.826753241065041666,-1.37663609195281267,0.169043392072177251,-0.960544159241987661,-0.688124665424915793,0.0278141424588304251,0.171031481991976542,2.28168714762159608,0.291668558577933335,1.27121130024627282,-1.51461572117038745,-1.13923520844328441,1.28401841456200128,-0.278596502536518631
-2.26977318788936921,-1.00461584229324963,-0.472384774153044085,-3.26110395251402219,-1.21193315899916376,2.12933934804625835,-1.48982534306913328,-0.897178903946810102,0.979415520932420014,-0.384687462336369579,-6.09811003365405746,-2.89922394828869745,-0.595897074874615851,-1.24525709738031098,-2.03012859539437729,1.72321080118313597,-2.49331935526372517,5.66554286883828162,0.0387451046677187647,2.21062406676145384
-2.10081871793207187,0.525631863429572133,-0.0710354084780738804,-2.21698063957014346,1.76743246012644528,4.26728235361757235,-2.25612310040347763,2.93134094973618486,0.690811633625860511,-0.51692148846016206,-3.9730080358957105,-4.91227939221039467,5.17410135215168321,-1.71328700603715434,0.272317183388868067,5.02666906074678632,-1.74706032820764845,9.42107646405473531,-2.40044800563430138,1.20414930428927902
-1.56938491047073203,-1.38586663586316106,-0.688877341544087418,-0.225021110686368681,0.122478247430797521,1.3056153541269806,-1.36438276272831849,-0.066795557229369279,-1.57827550393027494,-0.773387402865485019,0.94408077493521747,0.951566760280464496,0.987349388219632806,-1.83178395693422513,2.89936546663972683,2.78032621853619499,-1.80345802058048688,2.62288284957610562,3.77197842883148748,2.26466646344742673
0.623778410327790689,-0.899381822285525878,-1.80580910161876229,-1.49329996284144229,2.74844218469690249,-1.97914319133010896,1.6097544422154626,-2.78960316144352971,0.901255326022721737,1.35460398381892411,-1.42774025646616454,1.13151617924567693,-4.82227134515627665,0.305469132551220268,-1.35669623341076595,-3.10069365233544136,-0.253189667524248874,-2.12091640372222701,-7.49322117187081282,0.862253166644444846
-1.85948094679422748,0.50817105255452022,1.6109361920410703,4.24908396797966592,-2.68614350284370706,1.90567205853781019,-1.34777380063877628,-1.26122977981871709,1.00395223825816249,1.54263630048080369,-0.4279338001116052,2.02347414028708972,0.501941136625869366,-1.57897492375976567,2.12499925889048402,2.47260458103176628,1.60731645429095082,4.29063166478141245,-0.350660944561271337,0.24652120037038136
-1.33472563403892419,0.225913227038118003,-0.543347281105091118,-0.949295494596232858,2.59127995039644698,-0.680399735255782234,-2.02754759255732386,-1.88289041220270525,0.865803812579713949,1.28672582812589043,-2.74478248550541792,0.732080489435021131,-3.31164586133365368,-0.479760864339307924,-0.495967759613407499,-1.63058209756726646,0.936998857505983662,1.20478620198013253,1.32758365537069101,-3.07263726239810664
2.73173398388557054,0.0493207169332676026,1.49833140129206499,-1.09270689699622858,-3.9029386699185582,-1.84923043171475854,2.41382965995643639,0.183288836666905902,0.218926427350672637,1.54158220853812744,0.89994574582900333,-0.56570836854949702,-0.951960567784855383,4.75433015907908718,1.10881487498657805,-0.244431002254646146,-2.96995743741296225,-1.8415884714255677,5.11178317657608883,-3.06829344807883153
-0.357357823148703069,0.130653160163814591,2.37006623706332187,0.280375190058235135,1.39293036866286313,-0.534232454015290181,-0.0324902976193873483,2.536426114399982,-0.435460657229812476,0.674847850366075308,1.03800708681161402,-1.80374295373026738,3.14978267740442197,0.358141506138086096,-2.12470813948139314,1.66372796051921013,2.4771106658946187,-4.50130345087441874,-1.54317195914424521,-2.45929816575165194
0.238649909332747684,1.87258407831481843,0.290957292545451274,-1.25900617226687839,-1.82041604189578266,-0.0917346140808687482,-1.11021687489193588,-0.38948703090624015,0.0132811298687500901,1.54536952211569178,-3.59718201256015391,0.942021642665482051,-0.467017798202312817,-0.811195593483494126,-0.81223173844326213,-0.407237834589160852,-0.652329201785893598,0.902345041246776947,1.05287372296172799,2.24318653485445019
0.271664094584531335,0.859583012995396967,1.36328264326935988,2.8410505027652575,-1.11292250096181711,-0.160976725301971019,0.371970268864901032,1.40870246130897248,0.894466107740492289,1.23577679901802928,1.77881824707626501,-0.158748609188287371,0.559752382992637743,1.35241077688396305,0.976411248174255064,3.0014085842369842,3.02532629355532157,-1.93398909568904243,2.93070876089628474,0.17106011094495896
2.47888012890273401,0.90777823702471272,0.211959069960015983,-1.00741250979761476,-1.16583395763459485,-5.0368260532522644,1.99634501374059603,-0.356124317160003034,-1.43278803565935187,3.34048196303348544,0.366751055736617315,-0.4515525905239961,-4.17031351761206182,0.493373929585332049,-3.25704586770209836,-1.03689845626022126,-0.722429218102102255,-3.00131762939519087,-3.46258226132754032,-3.09686055160045415
-3.27514150155798989,-0.354237038970168727,0.734669309618148803,2.40690818089155245,0.811678023480011501,1.44740724425538803,-2.83294319619326584,1.26637538454307119,-1.83331863141425022,1.98217374050371276,0.288179777780972535,0.810110172778308324,4.08144056367356711,-2.38144356737014551,1.74657208615508153,1.61727942389962598,1.02207090546802659,6.41905035888463438,-1.98359122510991415,2.98495680448455847
2.04993234403224101,0.471023996264315015,-2.79843341624432762,3.38355829351560544,-0.202364968160504699,-0.472001194378254163,0.966226368135211344,-4.32477359805024797,0.545724996116008887,0.944963047036263326,0.102753548472723236,4.75626636516813583,-5.15379480476347585,2.26273129078446988,-1.33375440475999696,-5.68375645067405255,-2.21053305254850407,-4.82288657267282606,-2.11165438401142591,-4.00185007146951133
-0.974958604566036002,-3.77569362546520759,0.551269812798800052,-1.15195465074229419,0.326491215594448214,0.589600661966328876,-0.413998597155950998,1.91846013938911741,1.14269313565158037,-3.84255967356881012,-0.074077709416590129,-2.26087488281059157,0.183786099547103565,-0.355982749637390683,-2.48688125908326807,3.87801286530926292,3.44263800626442684,0.453139187373973518,-0.848145578846070225,-0.853874058260787661
3.65710302424914779,0.273006559537328108,0.48830970134756907,0.569963467697388038,1.01171958270880702,-3.00315530928031871,2.44401230410113657,-0.126245097499621428,-0.327359220831635545,0.498784169641846742,1.85752281261731755,1.2560676663374466,-0.985195383906718125,2.32956488891384605,-2.53758890614907484,0.464930194100370953,2.71986025497512385,-4.49957297449466864,-1.56317555379301476,-0.466034283254013804
-1.22923336025654528,-1.53427440210510158,-0.23851475838009778,-0.758924684698949803,3.10359828022302331,0.624984865075235874,-0.912190397919963925,2.25285356249638458,-1.14516837116445891,-0.454160860427575142,-2.88804621765534497,-3.99497673063036318,1.61985012478954005,1.1603772209631722,2.13958652843254349,3.52057229654862436,1.9864217736310712,1.661749770192958,-0.339088083078072422,0.918021308275023928
2.93417475506653203,0.296772067994310051,-1.33160440558078497,2.38107972077844776,0.696211104123503288,-2.7576347432851076,0.742703170586048289,-1.20958536273376605,-0.48958573540042799,3.16391223074492389,2.94876410023940094,1.26430724344422463,-3.40837401013246089,3.27032552241477203,0.569514278507004645,-0.851679797264602079,3.42782108710497146,-3.56682255561280526,2.41702462507180238,-1.268988880835483
0.74852425057344707,2.13073992557100222,1.33822406291063589,2.03469102852586436,0.655744212824338701,1.39528393198547107,1.45625494431908664,2.22474634432655582,2.39674398195201777,2.02204065160575341,0.349844833700484192,-0.0525677310903769415,1.44664353669868562,0.516850710984907313,-2.21200108887979585,0.685510819362885493,2.81378202218126727,1.3726313009980442,-2.34516156058583247,-0.662132245589624246
2.20471057991834218,1.37596223289314268,0.425618488342552226,-1.31439168915477755,-0.357138948206022044,-1.80630468747727346,0.755103508428900838,0.341935223440674563,-0.149497028330268511,0.627798517808493606,1.71036625563109701,-1.82882002945231847,0.0404226581248004757,1.29286023621760493,1.27919722755804566,-0.97162115178497821,0.625044154972208998,1.03096748285711604,-0.414358685971824903,-4.0869309361691144
1.81989581617050211,0.475658744436486813,1.42455818278173774,-1.38237725789879096,2.86570028797028797,-1.47908146851328137,-1.20806312640201141,2.69774725344717181,0.669125152645831278,0.194731986368131077,-1.53524826932183966,-2.1470490493621619,0.998396735948414604,-0.194441078062024902,-0.912664322118120652,-0.76878883866299319,6.60061304774615554,-3.4653739711281708,-1.25934312981347252,1.83562226269449602
-0.462397234926576139,-3.22209557908783673,-0.494733688277958328,-1.68619016788028819,4.4447614523381036,0.828538598633776213,-0.866345008333160305,-3.84531297792396742,-0.334908708074860006,-3.57623392914799787,-0.87457467176451742,1.34292756215015752,-1.2762508520996998,1.11438654544145543,-1.01312335806186349,-3.48449167857210895,-4.50064839082189128,-0.512934342049995218,0.329260494032290296,2.23821897937578518
-0.545217278062325894,1.11510920802621727,0.665537152899372542,-0.270445211692899812,-1.49231870943099998,-0.156309425858662476,0.301648020755450497,0.871902040423127023,-2.36035678507887425,0.257271589100123044,0.941488204877928392,-1.77248203327750353,4.51945890009774676,-0.916426126629119486,2.69376422034207685,6.85919436403337013,-5.09712303303076109,1.71470176277689879,1.1810851881659028,-0.442902471663834563
0.396562776424332186,0.479855993314050322,1.38030819484117373,0.188340028356821343,2.6112955051854625,1.42942756994030784,-1.1593631039772434,1.73261969159199758,-0.66899782953257203,0.9397968428947574,0.0950978859527394638,0.321973824317286383,2.49004531252858907,1.00613867352915132,-0.30011571416196331,4.0253419285923755,0.781158697923362011,1.06174022450292149,0.940557809293176228,-2.28715215441357822
-1.27941571062667503,1.03688014666115391,-1.32753256033502209,-1.56280751008641872,0.200357240667770192,0.93725291441472236,-0.277626195340224979,-2.48920577232021722,-1.54950644470720844,-1.11441385841496765,-1.13133327303418563,-0.513506313011643289,-1.16614390804223822,0.595547223646287871,-1.47364439990384621,-2.12043452729362691,-0.273378519273845211,4.44601931523311933,-1.98705297245396806,0.906334493868201752
-3.80836404136980722,0.71325112783537703,0.00587343774502055178,-1.95918140939725038,-4.94227031229925817,2.89051030014724697,-2.59070885223160863,-1.43437936074351025,1.00374818301277835,0.421818434523915098,-5.12654786281239083,-0.270447697218436756,1.19821536347114188,-1.66362725296775782,0.325941223828613624,3.19126952003648467,4.82230690010619245,5.23939672609680596,-2.82416246742720745,1.90692027119563701
-1.37663996007075906,0.0500090407597118328,0.602359464734537164,0.737809151514268624,1.51671420143904268,0.924772258998548424,-0.375532367189227112,-1.47709828871388527,-1.51193103052237343,1.27923456510332612,1.99055061063259076,1.63793547252923277,-0.428473280963514613,0.41195357541012434,0.574753442120011671,-4.70881432905779373,1.77797057767937483,0.650451953374708625,2.9825978523820047,1.89105715551923237
0.139619613977966267,-1.10593285728201884,0.396581792927614918,-1.07416218936209718,-2.55847792118630135,1.62179861286683491,0.872275854578711041,-1.72778187703683161,-0.884129932387838213,-2.53469127141014594,0.455605501975530514,0.78393108802954814,1.2567313354104539,-0.597980299192044207,-0.299535422341877078,2.10504909259388118,2.39990089239746851,0.393987641802946431,1.9310734602478774,-0.833946889509411871
1.11720034793807987,0.362246311526875864,1.02847373770578954,-0.524534631876399371,1.31641276329765566,-2.38457379944256553,1.1679255616491071,3.24322389733813843,-1.38174343650043752,2.05186580627450477,0.70802622722896269,-2.31177081450747268,2.30806003612604149,0.996404673771555838,-0.283796013755650389,1.4566949715879367,1.9865716693971065,-2.11409051504990275,0.281770127174090057,-1.57110004820339966
-0.504526262208607967,-1.5458680632008297,0.859135965399675072,-0.136171880665239331,-2.02333670835564838,-3.27239604441914578,-1.32607638514888082,-0.207611999359661958,-1.92893044367472455,0.304758445464196115,-0.221812263037217877,-0.98297689099096186,-1.9673624557083691,-0.410656237063329876,0.567968252866883794,3.11364457137170625,-0.787224254103520149,2.99270884770099688,-0.668056758154295216,-0.858697049594549178
-2.72003325529267093,-0.33426721277004795,0.402674572990744106,-0.283067635441133447,1.93681936467691584,2.94836931896995358,-3.58593282729452634,0.83228364490430129,1.09326223554174495,0.665690187798768096,-5.21220516072463091,-0.760574181470953126,4.21733954810851763,0.0931199363338050395,2.34485726193666233,0.712139807930518454,0.85943926490299305,8.84479774265106045,1.70417829491581707,1.37371786462391032
4.27492364631364019,-0.831557043841682053,-0.488530483687972972,-2.39008993115112212,0.118018350059703597,-4.63712063199808888,2.24242863420209027,-0.614049763709682006,1.3270916872911438,0.576282056883757221,-2.53507681263942741,-2.34478114765569234,-5.16888134597956395,2.1026630396358339,-1.29421792135490255,-3.97897371684687862,1.06044315965963043,-4.68422753277466963,0.876380928964718309,-2.34060714891295918
1.33367968109057267,-1.4670364656157564,-0.8125802636473487,-0.111819451793571001,1.81009905112661396,-0.130363078303153579,2.5874171046927894,-0.12749054398295856,0.107756082564058178,2.57764790808276123,0.176874168164555035,0.151731613225016743,-1.47624406638969163,0.966043103084815891,0.611170749438241456,-0.681129146036495214,1.92345293096230652,-2.30505579686971362,0.420115877854842446,0.688817589817241838
-0.791383208420007978,-1.71478130780583293,-0.320730369828921336,0.14385874671651902,-5.93368377013505199,0.977139301933997895,0.371275424836568169,-2.74109963625573494,0.0456079542435310556,-1.82979672016265149,0.217492674636429323,0.465838153597704197,-2.34945965147041358,-0.361690885090756475,-0.988519278081753328,-0.574773839807474762,-0.303092445904096341,-1.81537907087924633,-1.92373373797327085,1.08451926874220694
1.09676306892197095,-0.122202819749085131,0.934895175107477328,2.13975149619236538,-0.110648380595626067,-0.493095146729088385,-0.264944291284276767,-3.57065452654735749,0.0350466011149544385,1.72160520190264732,2.54344498709094902,3.17336995070249372,-2.13294067418293265,2.7168453740785532,-1.58085462613240701,-1.13468192488745978,-1.63503083694181428,-0.861109062315451035,-4.65174427378465793,-0.33303066343056148
-0.63942021109513536,-1.34477288456796473,-0.0674508866860626249,-1.58637249062542818,2.574038284961079,-0.555537725674945193,-0.781992510344136083,2.29700962855933311,-1.24344421155751128,0.491555239481136497,0.78803019735818125,-3.3356428992613516,3.9008353157229303,-0.927869636924666619,-0.141783234415514769,0.607955233944048934,-0.0232428641082202646,2.01377843823913727,-0.667368447005795673,-0.572030087890500361
-1.74450697838409652,0.265088186105005064,0.750595249921586105,-0.310452011791589599,0.490134039178129755,1.80780003457803096,-0.518188869317806389,0.512947294301197454,-0.966356173650703587,0.232942086879411536,-1.18764416769582692,-0.782320748204531236,3.4519058872434667,-1.22006240655626952,1.97670999278723447,2.4621083845879892,1.67900725748349755,1.18397614268098428,0.224862368169059995,2.48458426630183649
0.0308780883405561819,0.513789631331702079,0.479836646922579158,-0.447511244679034692,-0.051402548293135647,-0.872734849272112756,0.485162794206733583,1.1684176993393407,-0.524558594860570993,2.03850559036734902,0.403381915261340596,-2.12555743398853858,1.31789306933416528,0.558825824764212942,-1.03254680092949314,1.77682807565881973,0.613452350393202339,-0.447964900064385774,-0.341277178143204296,-1.78094743330319538
2.35072158618254079,-1.05115385222782654,2.24615931884497666,0.204588505070720739,2.44499904847758343,-0.0885390669741233094,-0.0210388632796254318,1.92522386134241508,0.228727669998885413,1.34814605928933329,-0.259374899031040274,-0.596931112399919583,0.454719258417298655,2.14419306942667909,-0.56149932485992915,-1.15386259090437027,3.01080750015483734,0.617640877815274547,-3.47560410852926172,0.0629014701489261641
-3.88638929739221517,-0.415667344655490323,0.168592598042501041,0.131081178104982488,1.88605945690282617,3.27739468799082978,-2.55500111796433371,0.183656707990177748,-0.440987075512751736,0.764346806749652941,-2.38156949812441177,0.230633572962519851,4.54625107497619929,-1.09631773854169068,4.42846773248209402,2.12355813279715866,-3.84841218643432992,5.17589718098895979,0.700265606556672915,4.22570881590536374
0.588557288483598673,-0.330607716563428577,1.52494324102850398,-0.729094187259773374,-1.94080409266414566,-1.63665249546682956,0.346312683433300184,2.65298279041575613,-0.047343208504609352,-2.84104166814025838,-0.842630679159288354,-2.85628758523719783,-0.268814687321529078,0.695594320934752375,1.32309491837367021,-1.0552905964960011,0.768352910088312302,1.00614347581228447,0.783635722978111016,-1.49842297852345463
1.18292941551600106,1.83946822834677226,-0.119902613359204796,-1.1751029915979927,0.479934997375047467,-0.388715750023482243,1.48385036522827818,0.283952291177351712,0.932316240353530779,0.938804866357570433,1.50888215559717098,-0.774749169523316517,-0.396520546291927067,-2.01874399937738991,-2.23648376948236693,0.116564686117519051,3.02858336354907776,-0.574015732248441379,2.71522506252608986,-0.641687913120726594
-2.36965703635937119,-0.345614162376538803,0.935549118363617538,-2.06928960699547071,3.13673167353356863,0.586877922581068079,-2.39325489714863027,0.72824715591561473,0.571205945942376836,-1.27930016056399554,-2.48293658886025304,-1.64528615880487528,1.08200671935095283,-1.10038008891840122,4.96969380123565774,0.984777087469330903,-0.259242845533537769,5.57843800825049652,2.59442834874228145,3.13780291321950822
0.911876367171599034,1.02230792420082728,-0.2740197142663785,-2.92492935136022059,-1.16227623156537652,-1.74110157277878286,-0.348455510042632921,-0.40509133626008037,-0.404047098517761827,-0.373498836978390814,-2.49647312120180276,-0.348525362931378702,-0.353931507704849546,-0.0173491743106405395,-0.551244074933394335,-1.53627431821723048,0.0282404499095092257,-0.783884222235954886,-2.03060745050200397,2.40119662747323037
-4.45467534208648086,1.93428999127650036,-0.458632193803334642,0.810446443778099601,-0.959223113306145181,2.35594045138536634,-3.44817759394118095,-1.53151961174483464,0.982195030368091415,-0.341573840814719421,-2.74725136959317506,1.36805554285382569,-1.82499521855682101,-3.78881400325998641,3.7030185760086094,-1.9772435133302344,-1.03265144131234066,6.43553194644874171,1.95555653678004049,1.90633044506222982
-0.00432773961546776328,0.386436373124022237,-0.201499596874848613,1.42227438822629737,3.24193599402170074,-1.29878069829614184,-1.47762857712550844,0.515384086305980649,-0.473560023654753637,0.237963774890081858,-0.842080343020150779,1.75864638310017884,-0.9183426617627789,-2.83055326088845316,-0.226267667871725281,-0.309931119028811652,3.87777345021441855,3.21304098498121071,-1.3236476734305318,-1.12366724160309839
0.161989507340662836,1.03487178037162253,-0.748775562252136595,-1.01963882555821295,-0.401467986515786857,-2.73603011488610415,-1.14499550919883353,-1.18299568897354068,-1.05216542855026662,-1.93957677318951327,1.51118621988968305,0.684696033372399815,-1.62881299403550983,-0.395413263101847989,-0.318188552615522313,-2.85703225025468432,2.68642882396875704,2.99627473589757187,0.585721187644539398,0.703427595601586964
-0.652940908307582446,1.12602515472133713,0.598578868631459593,0.544145247854921466,-0.294708901019340275,1.44998342333176988,-1.29158671896504096,1.37318905999582141,0.239490684222211453,-0.465286079532871821,-0.412598815791026141,-0.864142244147022343,2.94738031977375492,-1.34665751957415081,-0.403336410064638107,0.503418921078623183,1.59673368493521828,2.27752310706974725,-3.55416985116804041,3.44797079015786778
0.297899220228908523,-0.804857593400524318,0.55572923625996995,1.59399118750265401,1.31259113390416626,-0.656902080698124502,-1.11303108195758926,0.851781983741452753,-1.3246981678793468,1.07626593029144035,1.15460547920365197,0.00702518384408952826,0.539364569146713713,-0.0351498705051642227,-0.954332552755487562,-2.54221437243153536,-3.07489336701061822,2.51387357374392684,-0.737990074566220233,1.27039008907118567
-3.41779876147967121,-0.895954045595794946,-0.83114519987389146,0.0668471929340779814,0.889046576275651534,3.75330054320803663,-0.159321250098721501,-0.482221046244830309,-0.968724361975637493,0.280042992669729984,1.95111058905775181,0.312072952663351499,4.16046316823413775,-3.00133853769290981,1.58498554032265981,1.61893177662217291,-2.47151652387712772,0.769936564958788594,0.373462503176109073,2.31452373854001792
1.25790199878157005,0.392671472787837705,0.249372645682037514,-2.22710035048699817,-0.286667143340745112,-1.18019232979449451,1.56467666506557701,-0.0949697314716706903,-0.807674405148610108,1.42933608957091085,-1.69505288980474789,-1.17377216474549351,-0.00025001677108934747,-0.0463470492773094545,-3.71478075756554116,-0.13146965843427566,-3.45173780796259289,-3.64154523873471048,-3.03173834313421331,-1.16019746553886582
