-3.82168377679914872,-1.75747281155213586,-0.664971741865604593,2.80579767363417654,0.474608374610574757,3.52416029847491119,-3.50465807604357327,-2.42719325992473633,0.317303187427580957,-2.86819504453409779,0.318524501000580995,-1.05304288808714297,0.389850220018474136,1.06299012733518805,0.462132545790005955,-0.741859581704499949,0.351388835158712443,8.68940253115241568,0.737889230810683361,6.06736908399027008
0.159160175581699842,3.67796337650484917,2.06338852954481933,0.862177663459263721,0.392628402229621198,0.58435033398034264,0.341980089714775171,1.59415960513744936,-0.725724336891147792,1.86353524402408754,-1.25055780329756772,-0.937048269497769537,2.15344384867634142,-0.0921966556945771759,-1.53501146477781014,2.07662349499810883,1.38021461228398201,-2.93427624454568603,-0.641024428233652133,0.129053706749957392
0.117498229786773351,0.747183242873930897,-1.85908195563029199,1.37892289390614864,1.24617503279134212,1.31277922310001682,1.33345032185164203,1.02761929362704385,0.415913468728713986,2.20672224671236172,-0.289938034764266772,-1.99641104838960026,0.915215503988665691,0.216425050750527981,-0.788151420299394112,2.36823910221651657,-0.280552409144753656,-0.174788886653767461,-0.643441623718447819,0.347768848072074754
1.43878752613916627,-0.710193519795461858,-0.760400003862830687,-2.50490513452171015,0.819948472052137611,0.0352624345600437081,1.13374890982902921,-3.00539362706393698,0.801466240599418289,1.59605459178857667,0.462748587268321132,1.40441867138767029,-4.65979466290607114,-0.357166053979220632,-3.1663054305716769,-0.465742638532441799,-2.25162925069695907,-5.76184795292471019,1.31576700469933283,-0.507165689123756147
-1.72405622800285951,-0.531617671766335564,-0.080110484186498479,-0.331214850786453019,0.432364549076380444,1.73656982358640999,-3.14132911536852122,0.97874258441446238,-1.94144249190695728,-1.20924897436127243,-0.841317819657612542,2.1104295725914981,4.18505335596066974,1.25837757203081368,2.30785379166923388,4.02379699808425961,2.14312164455531207,3.31795999497979288,-0.635500995112375455,-1.66956237192334633
1.5964486122570638,1.84655120535044937,0.727694007631941475,2.96276680955865546,-2.01446953795488559,-1.52257116216826938,-0.0793353394800730971,-0.198959806233325126,-0.728592033948004092,-1.01861466765532138,2.11420089164226432,1.51567390786296508,-1.09220591413106294,0.61313248177516988,-0.117803464438144587,0.778349062246214252,-0.593793815750849219,-1.65829693760672581,0.375896034603520279,2.82440354987360376
2.20192865162323681,0.770598423283085587,-0.0196721319723237795,2.40623758120340892,1.45045094866502167,-1.87330324816395644,1.05161082214811974,1.14562521708819065,1.24030101510810375,1.04419399041453209,1.93065852411268435,1.18880971058674634,-2.66111964773025367,-1.51612888870923035,-0.666676879883529083,-3.71748808107744155,-0.207147901461443545,0.815967642104779234,0.898850670923421746,-2.40236022329785071
1.39241158128072051,-0.233065632812586715,1.15917273874389015,0.785118182074995064,-0.15601297255898422,-1.35956852217046076,1.68307394247267927,-1.95459541608576237,0.0860818355860684947,-2.30718176047238366,0.469175737761545475,-0.456504162657065171,-2.17878372690860189,0.461522008254631577,-0.910369913327136571,0.215545365207015394,5.16075993449802706,-2.40948248924623076,1.68571587280481849,-2.19993526052917776
-2.72106221476679222,-1.27965973752249362,-0.289524513360202351,-0.293743764660732876,-1.45795837392581595,1.23609163378155773,-1.79041917214921442,2.07276513371339588,2.39382241223976999,-3.20730625802580249,1.18179791635475961,1.50920430058944111,1.64469504065813887,-1.62162218314162621,0.737151133466353303,-0.12076256889529903,-0.192681590869203556,1.65032094753422376,-0.171322779684295406,1.64840768740160937
-0.570851994381113226,-0.516309228399451703,-0.0293515432950611187,1.732193809747689,-1.40803680797912767,0.121196707536487466,-1.13408589821354311,3.5588000818901353,-1.35523848052719575,-0.831778287332726518,-0.934894948188512598,-0.710514738736108931,4.3284697115660542,0.715576822558418923,-0.357197036877075491,5.49886042250238116,0.982670017075024438,-1.32277490536759257,1.06106654122298583,1.75037240490679902
-3.42482388887140887,-1.06162787491833166,0.446967973475175473,1.20566747483060466,1.10795113534237899,3.2529445541810369,-1.21242847673547649,-0.160270526819551118,-0.00777843018820126211,-2.70084507845224264,-0.0956057053302603599,-0.510156795108740457,2.70434102125819731,0.182301300861509891,1.88215331068004477,3.89326227647091816,0.646559545614103892,1.74070801865477742,0.618807682517583446,3.35595720533332686
3.2601719316731681,-0.421922817395947614,-0.948224900105496649,-0.378666810565933321,2.37902459804538502,-4.18738037770916449,1.24957303125539676,-0.464213668631477117,-0.744456012066543771,0.44870382635740852,-0.651320420311757853,2.07775424955801569,-5.03943088837389741,-0.10722178129339309,-5.10766759676303916,-2.96258815684332877,-2.76638301597779446,-3.10607272895024211,0.163752679832637416,-2.82155789018109715
0.158361869145126927,-0.561961952888526128,0.0235897954522078443,-0.0245453621068307329,0.0540057921631315815,2.25489326915519905,0.0430685187090917715,-2.68365749053287228,3.63966974435231583,0.14535327998013578,0.725180493337064358,0.386467983893232891,-2.35484250309279508,-0.749732418618790142,-0.608155752288517482,0.937424783543539197,3.50981638304474197,0.277042295317397769,0.587094797541367952,-0.17122478063846408
-0.937688324644785243,0.203068200883469191,0.101910965183041588,0.930710413296340855,0.135364989516553569,0.0071769566615802298,-2.12524325155917593,1.2999716642083019,1.87875826228582143,2.0929002032048305,0.837415350893536581,1.04649547257031128,-1.1857689690222335,-0.236314146083904775,-0.484816518083606041,-1.92779703833826477,-1.82883029311059886,1.16431535201749603,-1.42011443821239447,0.549542936390608694
-0.106083990179840049,0.157825353832132559,0.0548637064614373102,-0.279449332350496682,0.761206209208102891,0.0319654861497203485,0.871366463000400993,2.52767984076111452,0.179379193345554272,2.61853880023369401,-2.16475782256573401,0.678533795481849777,0.70596125053841019,-1.85827656341902592,-3.3580883339259695,2.61007706968368769,-3.57095411753577574,-1.28194857801578599,0.987249440838161574,-2.25524194459322125
-0.441513575765097144,-0.68436676135088137,0.00573201747095822278,0.579394604947622849,-0.0437627162080486062,-0.915190427000117435,-0.482796004014190594,-2.60771014141242397,0.220216941410911304,-0.931856496705205761,2.15457323913116783,0.679165289616009749,-2.42328214399902553,0.0264489155349227796,-0.255575210593238122,0.695417412413330771,-3.49228082175715615,2.86268051787640321,1.43764107515237982,1.67355521022969933
1.33783082303547873,0.0120390616759871259,-1.19940631548380972,3.0543235533718156,0.852211859219530465,1.01398970931683197,2.77513026869094803,-1.70246918042523498,0.990830432857706667,-1.7364523450718623,1.30682082126910926,-2.91598510631187535,-1.84817345045659476,0.690775564866067393,-2.7412143075269757,0.132460875703814623,-2.89654172777521612,0.0816047042707165743,-0.394107007628717754,1.17753540667829193
-3.37249049848572868,1.74080173852703979,-0.32236373940513241,0.0373565418925301956,1.08589440816316585,2.81675267192186984,-2.45594990465435048,-0.82738546729045348,0.0387835595463684041,1.84592350209337752,1.18368021058170991,2.87193348709887886,1.78342483425461173,-2.35004365023135886,1.86369008920206491,2.00942231203789978,-2.62942847374924282,3.17859009240930623,-0.637407476300716702,2.11892906319668883
0.529346781909427411,1.56837511507154082,1.28880294888128133,-1.95641468525424078,-0.239558267428882421,-0.521981405342503368,-0.281048740588313473,-2.66867549904324619,-2.58893127703826531,2.07874777973002045,0.817991045371903147,-0.171150939626440346,1.58770388645198701,-0.262038419085607821,1.23530266601800975,3.59882726170030143,-1.52305123007471122,-2.86013042412633922,-0.737230951130374179,0.738962381004139357
0.716014688172465719,1.69496818673125449,0.586471773174211952,-2.12246846585236915,-1.06202322492159551,-1.13614158533828613,-0.875683728899195546,1.42485280962859839,1.49179186581632717,1.67984567201833257,0.4212032051267664,-0.498852807881214055,-1.65417129602473967,0.475124149148302088,0.596584670738009692,-1.73309141997953464,1.76604270214905257,-0.669323029057753649,-0.614605519306761328,-1.76739855398453449
2.22019797903758276,2.67674485974917076,1.8994616442198724,1.96865830441243794,-1.04307928924293147,-1.85192755317514735,1.53245079084472602,-0.699047731323395705,2.13087232293304174,1.39270351825755845,0.76639316289607573,0.856726565429525744,-2.57108397607956229,-0.232897816670813884,0.768643021446434371,-2.98173897643712271,2.5900443738238863,-4.07536065050772311,-1.65633352521553023,1.05116968329358973
-1.08551925125951376,0.781763352694621383,0.146268047143061075,0.287041640474430648,1.41863811123417749,-0.685012114214777701,-0.292360207489165913,1.7077970427905067,-0.920002140338575192,1.95977318349956775,1.4638679789088509,-1.00090659217533418,1.62262182849160341,1.11475007491271749,1.28347760704692004,1.61083690629102771,1.68527221359974999,-0.689462051153201139,-0.137311842679062407,1.42399577683046097
3.50159676017962518,-1.36771663333801663,0.649611785369327177,0.365250182488315978,-1.41963129981849057,-3.7553703183434135,1.77351765828701069,0.409412382729171298,-0.420062351490314567,-0.830144704768529418,-0.0414512346726449432,-2.36460176189966864,-2.03587864253992556,0.526311538289943814,-1.72870677921746063,-2.22579454300554902,-3.67219348417704872,-4.40208729126093168,0.521273383360335019,-2.50966137942148038
-1.31651750717989247,1.2397706866188154,0.975083094715704535,2.24977150324963704,3.07080126579962309,1.88798096434675933,-0.649935908420141262,-0.605447170058752926,1.61417718401064314,-0.764919463531243071,0.0198414988697147611,1.34334653125592918,-0.51120613168411444,1.08081482546334584,3.63307016011477701,2.24296539421323038,1.62469156992578112,2.32631606475582764,0.00776825525550351934,-0.454021314763720041
-1.47881706824960046,-1.92604797976805564,0.980811518317902586,-0.252671455434793579,-0.517095244735220394,1.33425597195808732,-0.331552225241800558,1.889626117876686,0.169368382117703636,-1.33348356844365257,1.16736508499130154,-2.6111197355664344,3.84222143889618728,-0.683514708663732651,-0.923658841438621869,2.96966099956597196,-2.81249125025896118,0.585119037225149796,-1.51804708193473492,-0.943512404173618924
-0.269068365843819546,0.286652316487699288,1.03886807518860702,-0.193743810338367461,0.0100566608159229874,0.144206267541924588,0.435561271550209905,3.42768850234490907,-0.650934878476956191,0.192846088293229218,0.228594008990754577,0.975558753843298376,2.7385122466219145,0.408704777540201847,0.499422006349137748,1.44146312469179039,0.752837035611941707,-3.24231360180276207,-2.12435946522779195,-0.539687084983972443
-0.521741020119910748,0.0164964761411311341,-0.064618234626636975,0.651504539951807349,0.419485516824312676,-0.451843545864186791,-1.32426011004828181,0.163040730464628636,-0.407443101471583358,2.59672689230639975,-1.32983105415359892,-0.92788147592621173,0.192810575690216812,0.0322636356390053544,0.366629805303920198,1.19244452383131661,0.131530213985419198,-2.3953159875114709,-0.326107240561489431,0.650805459465536473
-0.814654555212556142,0.0719299476451046027,0.620839214641490944,0.842401896493484403,0.504954708544431363,-0.00413909011798153145,-0.168923204573463298,1.68100078164827638,-0.878826375303519147,0.113773091869479648,-1.21785164463544526,2.99165083812312282,2.08724185501844106,-1.3100872451530754,0.407694980680209873,1.12245411267114426,-3.01156584791031223,-1.89224755310856607,1.89479503087431511,1.77857174790688055
-1.20466944209911597,0.0443348693552533465,0.153466781405678848,-0.403209380266442041,-1.06609081655986837,3.40645054113969259,-2.4684562225619322,1.50102748965956079,-0.642245628809402835,-0.872704091428829098,0.300313754043353531,-6.18001471045585316,5.22655699161527476,0.606519207770009117,3.45647071379044135,4.55921436284312254,-4.39965311876445941,0.892124910403908067,-0.437340755709044737,1.38544356369893107
3.05912605766929335,-0.781388310875011038,-1.16263804351775568,0.183872283055116659,-1.0315082155520463,-3.37339979083099051,1.36059402365547899,-0.556661709306817021,2.43211869526725133,-1.08587397532252972,-0.320078160358466923,1.94767968110189393,-5.25577137673383188,-0.826522317903317871,-4.720607752783887,-3.66827010818560417,0.659046415923442375,-3.60869983507343184,-0.857849915945659069,-1.64488944100265977
1.64417921143938672,0.36105878213422854,0.643213799427781452,-1.64631714695147124,-0.930653636373731885,-2.39255518338660744,-1.70467341732796851,-0.125964988095641939,-0.241548550761557651,1.93310099065713192,0.345535190289925798,-0.576475173518411377,-2.03620826000701838,-1.65998947465563007,0.885232387280234456,-0.961210228373444275,-2.00683370088003654,1.50309742834036797,-1.31657651648911123,-0.484790095602256499
-0.56133628817612502,0.558438180439129295,0.816253908189235267,0.473740295467659944,-0.716591324188964207,-0.31873069675686766,-1.07043351531797559,-0.109127631438196829,0.84656477622374271,0.0479300706016253589,-1.12213617327861259,-4.38501001842238924,0.260242193277588629,-1.38012649178676727,-0.717352383689924711,-0.383231529440593466,-0.626018834751180364,0.698944302003514317,0.353246238893124953,-2.43093926894675771
1.70928101967562962,0.213135424245367355,-0.319560309096215578,-1.10446868545520971,0.212371210966355445,-2.42919875530180862,-0.591783852058446858,1.67076360211301345,-0.382856801866888752,-0.0253424511527673563,-1.5799289858340968,-1.5534839191924712,0.537869317043825346,0.0720345142131529337,0.520566074283874913,-0.697327083377685897,-2.5305388740878807,-1.36755669962223303,0.773839419700138254,-1.96280332035366722
-0.435496420227369785,-0.266208201788856347,2.1727891173002245,-0.0521016317783694338,1.06214165422784301,0.584365506996725736,-0.844910770773421915,-3.13456485182235323,2.25256187565942634,1.4979250980909149,0.694952933285357455,-0.645690812240612533,-1.60398565728328868,-0.864576384766959305,2.2899505550112389,1.46039220832486305,-4.04524280244340684,-0.949025473027765076,0.123003768048824694,-0.297244644173708883
-0.481368146865456037,0.641914345074890202,1.86057801183551352,-2.04069156933027784,-1.07341583361948567,3.07525765511659221,0.198343331627940156,0.320767921804646916,-1.367973625144145,1.31941114277421168,0.51950857117101179,0.142129387519365102,4.47885612930886001,1.2835314224875769,1.60323539579363517,6.02459794318490172,-0.921616679214217416,-0.14411689535507205,-0.282008435206713481,0.660633274863981601
2.1297320825361874,2.21735271605556905,0.942485161150831363,-1.25171179502694985,-0.738917772382815308,-0.26814209560577118,0.577306448614931522,-1.65036874385470012,0.737417265534643263,-1.59520701549910293,-2.34711815342107855,2.49857879235605385,-0.295642147965323787,1.7382415542119416,-0.218165372286630993,0.709446176643568904,0.379258699580443059,2.01017476546508123,0.0235280510296971244,-2.09422679010075496
-0.6961812706703151,-0.267218013732667625,-0.31900254562359609,-2.02937619734361707,0.555183677991013869,1.04044720461531393,-1.07723667786367527,-0.709905354372428299,1.80709161114074446,-1.77873302732988714,-0.0404911289061253149,-2.39742907764708857,-1.67505194319574069,0.295956449735840177,-0.0443155733975991589,-1.46657590161046536,2.71761547592984254,2.45313468404347201,-1.020662892365785,1.24083705746399642
-0.569658496307439366,0.756288637571356559,1.17006484541394462,-1.7643670026463476,2.01159265158482592,0.636091801848734595,-0.124682849392990222,-1.41559611567011556,-1.16845541906233108,2.34970832875462188,-0.718650061989734912,1.60194191359914839,1.57259759546033018,-0.132952138824248972,2.09639800265131182,0.242794341995979851,-2.22369474976034676,0.452012550210540986,0.594575364120418226,0.138765307057772458
-0.0150121292555100237,1.2912218320551665,-1.6246911343985222,-1.87548313020772439,0.33158159459721076,0.797023837004961488,0.604269466094515484,-2.34271234088257563,1.75843768093608244,2.40576670120778013,-1.35719646817680739,3.02153711142348325,-3.11395554247070194,1.03918027936513147,-1.44517445801064048,-4.99606350773906716,-0.352624046900650245,1.18313311132274057,0.22773151638788483,-2.06119943809098638
-1.33742815079792599,1.4938276593115094,-1.85393872452556541,0.612602694832809935,0.675823016312877778,0.309820412279867896,0.00867838242367869814,3.92784780904805286,-0.319660431430141334,-3.44333271115508976,0.294259337070400639,-3.15038019566245797,1.18492632789141306,0.048988925437205004,-0.647129418754574193,0.83863158182916353,-1.94989888921359,-0.167524300405555687,-0.173465813248340345,0.015929304512562175
-0.735287882552256966,1.40897499629657563,0.182590233342888209,1.80882193243883727,-1.26852577410344258,-1.03966024857406114,-0.0840232515703726868,1.63579698301108767,-0.0124576608629883255,1.04069042984168103,-1.01264996518691519,0.130720896897219274,0.968936669970072328,1.06758454509366985,-0.689770540572346547,2.49034158145419404,-0.613092852299452429,2.93842887076960046,0.847223165479887963,0.780823149632961289
-1.68710111353166559,0.3487475719649617,1.07174129879234981,-1.23549659785243304,2.18889180251102022,2.09673311090941583,-0.3728226685067344,3.94932009846688814,0.99895463123606365,-2.99016586082551195,-0.92581554070975236,1.03986343991652164,2.22092317543414186,-1.49520774698773851,1.57770834208828892,3.64534492334449967,3.98411660203537199,6.36352391371295223,1.1832621986269618,0.43627480287082443
-0.576951716254549662,0.531156138855483073,-0.942361135059007649,-0.0188050480380431706,1.29162957478368767,0.947413153155090448,1.12027203701545552,1.86156965880409975,0.931351030030075355,2.46512852963072326,0.581156568547246288,-1.01358370411024423,0.391302998190885765,0.972253462675294444,1.27999589908548228,-1.40039930426906878,-1.41021935866646109,-0.736963853221589638,1.36787352207180168,-0.980508074786436867
-0.0806605525872317319,-1.46195762324704792,-0.547860354994867627,1.3695360924071811,-1.18717915081723802,0.485057483138618628,0.366061992546106107,0.929406218297197384,-1.5535111384997804,-1.7426957457454082,0.245100732012385358,-0.495644815281459983,1.18629522383705366,-0.75415564752093267,-0.567568327821234453,-3.59186460761947357,0.116287790502893479,3.00322920053302367,1.50651567894021077,0.802812196787160093
-1.31026921987536693,-1.14858658730694896,0.417968958221572928,0.630628255073294675,1.14450244450369931,0.432057386986772651,-1.55123734493178689,0.708743974795325138,0.304067537505512853,-0.863077301789413553,-2.56016128713938595,-1.0863362018055116,2.41978948594824006,0.149379081484758369,-1.82843035499395667,-0.875925425159601811,-1.58319073236733132,3.64819931677193354,-1.30170503804148119,1.65330772823403027
1.14436650962871544,-0.121873685307980664,0.223677722988520761,-0.689444944287237793,-0.0611216999744717548,-1.13349086788258746,-1.21483894618867505,-0.979969657759431456,-3.17031550242191029,1.00287085397772557,2.3141309237418195,1.78165004816559569,2.0862091389554247,-0.930945682132230723,0.709224219173562931,4.39286975402957047,-2.02678152503328191,-2.09628655563818,-0.238205821944454693,-1.3595060072722811
2.45262772106340021,1.05283093515445092,0.2077031620987905,-2.04128022287980926,1.03797857544900829,-0.960857588188583689,-0.326179830218455258,-0.690828950095098815,-0.925630878584326577,2.78307060716780663,0.78738825460068862,-5.53902394187798564,-0.839684900887740615,-0.151480120403990198,-0.610380272423485026,1.58257284640599538,-3.19302584792628252,-2.20774092120453114,0.0335448369465857835,-0.614397024573042017
-2.88542412272349047,0.991785713635011557,0.0752567181983400529,-0.364390090000850708,-1.08138641955854431,4.52517531212911184,-2.20508604009142184,1.75141203472494822,0.849099282748834727,-0.103587341826323648,-0.0612571247395597776,-1.2393422851378002,4.64795427353431201,0.207137966522733918,3.48382508854330775,5.11627928363246909,3.35690684890890578,6.52816589472915254,0.288253047368424331,1.20417025934269994
-1.83867918798881069,-1.04140276604079629,-0.21773279029915002,0.0851700091982438429,-0.58581259278029274,0.0785195477115621376,-0.625510600614867185,-0.284644438909747555,2.82187674727684445,-0.765527670792235715,1.86664369953894904,3.38971502020416526,-1.43453879883056379,0.598687795655887811,2.05453620233980683,-0.171509048896618554,2.9082452079702148,0.773809280181938619,-0.477437307819761236,-0.462048770447661017
1.25906609483755205,-0.122834208966578512,0.706244018132750617,-0.711398408383672742,-0.747410754580442482,-1.18317471856020751,-0.454433861585841703,1.32951146804007259,-2.24297286552398667,1.74887764164038439,0.102527350781949481,1.41038600046229723,-0.434098108414898098,0.808619438386758871,0.606189936968021148,-2.47182408829557954,-1.58607651731294319,1.33286582882417282,-3.52491216921818262,0.551393472584259858
0.574755317262966803,0.739531845209203564,0.354620263521948698,-0.148864794736535244,0.32179884455207669,0.257707293051683994,1.30160972741741432,-1.18856367501389459,-1.26302453276406945,0.677028628610869099,-1.52241672806202821,-1.86101079781165035,-0.291549340542392843,-1.30529105397841461,0.302037070181471912,-0.931097887216514986,-1.87276871363786146,-6.63177026177940299,-0.644791747843179053,0.362495431883680108
-1.78464490885787419,0.259140804538621206,0.0253720797750386397,-0.420700924736900572,0.355886332622435186,1.30838827439308125,-2.64454995439235363,-0.647903114953665704,-0.534870157133779833,0.733769092939978718,-3.08474681985938659,1.24284352083435845,1.75721734223864456,-0.284941747507140075,3.48875480713667452,1.4038117764523852,0.305542187790165565,1.99213414947522871,-0.979742631003426956,1.90537005163139517
-0.669892474679880334,0.405324919400141703,0.454621930651696371,-1.9887926307214645,-1.61454480320795368,-0.502727278019347357,-1.0080288353169562,-0.5394973774421854,-1.51570514043762783,-2.16390487739144133,1.89643442497848524,1.12519034426170328,2.11137607447293307,-0.814907758323644371,0.0182118013156843395,-0.994515547644391318,-0.468852125954256627,1.32029602191904805,1.70189518836700171,2.04923781788719328
-0.16498650919880592,0.573895647737638126,-0.826600491140546012,-0.630742547412929011,-1.96490242245073943,1.65300876265194008,1.27713585112398298,-0.266937529022465703,-1.34500979295225087,1.27177905039405825,1.63776340602194481,-1.73905431307946512,2.38618823337719332,0.688841979692983553,-2.69585601203126135,1.95063255164462968,1.18246264537945911,-0.0893763166019393152,1.65074148031383694,0.526132799237651216
1.81713953543884621,0.204236863338151775,0.888667364923258485,1.02619336696077568,0.92335880793656655,-1.21095339225023446,1.07292955945482138,1.2170112157886368,2.25776356208165785,0.670790345002476807,-0.648574498420511292,0.106721299624353338,-0.626988111916682689,-0.440612833099473467,-2.07322906449957456,-2.67095667750342391,2.45119811253321362,-2.16767278429276189,0.789480862852114829,0.0919759627380630357
1.46268971447756368,-0.817717098738541481,1.76496807967406477,0.545049738566748321,1.54865954429540742,-0.711721589354097461,0.937132303455668891,-6.19820590129510762,-0.0608112271347460015,0.434894485920385265,0.716480829014941034,0.74952954236263658,-4.2302555555012864,0.781628709986419312,-0.723557799316276173,-4.35846648221843669,1.63315429560893621,-2.48051661134599177,-2.18515904668912153,-1.3431087590970161
1.50413217941524779,-0.155048860344815714,-0.389343615229112316,0.774343272447694964,2.01402751889139298,-2.20784988139273208,0.578959623799716439,1.7399909537107443,-0.934143828142014132,-0.673840405386687435,0.154761143119376388,2.31032030532612964,0.821089607257605159,-0.171248445371604885,-1.3071144422338592,-2.13403990510373021,2.53456352426348541,-3.07671813701206442,1.60495145480373003,-0.980219368134428559
-0.0997703097915490222,0.865668110233681731,0.56443819452873667,-1.74070650084342637,0.737252327251751161,0.16949095402175654,1.20301892851936931,-0.876509611962447921,3.15751222389932762,0.639643017192343843,0.741661089907579396,2.6494853165199892,-4.20114572676463283,0.406787097022840494,-2.25448461980864279,-6.83042443502932617,1.17569869467107813,1.56794149092475998,1.66895030391119281,-1.01584990249500606
-1.83466660556097438,-0.992509986686032186,1.34204028963191324,1.5158551290132587,-0.717449091901436908,3.2334066462689206,-1.21385990953573475,1.54091353475599746,0.57738016318382801,-1.16492827145196087,-0.0356701410184184151,-0.904596805674633297,4.39432408568008892,1.21614302062629354,-0.669413033742924712,2.43735485839332933,1.2667166552775142,3.59872594731912132,0.845372864534639001,0.521716975319281517
-0.938871434599235943,-0.405389784653565011,-0.140391690329230961,-0.553580718372948866,0.661466809098395392,-0.73057078394413677,-1.45206489655755155,-0.932261621615092184,0.226515770548282841,-0.604869787526188363,0.346991248729916657,-2.10648329094563636,0.0935883816021299136,0.769795186136265297,2.34268684988178189,1.18805904373090487,1.80186348199884883,1.19920480514778438,1.21386256844260543,1.70012151745178963
-2.34633383190599432,0.440168583841825056,0.16998563022131627,1.44407195120840393,0.36635960080910035,2.10031882900638145,-3.26996506816369115,-0.020210346818178581,0.041200074385204094,1.86124155070058528,1.05706299992858654,2.27052376008827395,1.79122203457730156,-0.727976613443310772,1.9652373224251638,1.96517094680469073,3.85119894358776138,2.49816513946112106,0.350536100193578393,0.909868298670222786
-1.81763058175645953,0.30615933844550991,-0.93550958313374355,-2.19066105881013451,-1.62121963225939436,1.00511544821086307,-0.0603054332237756632,0.848635673139205515,1.16000612701750061,-1.66506864840246172,0.0142375234175674496,-0.578079958746306244,-0.586164936184185081,-0.47010440496237077,1.31848251404921246,-0.0853790124105931053,-1.61543696949735072,2.02274935089482932,2.31607567194686048,2.6988245869315679
-0.998741129974810127,0.135267379941207744,1.89670743407665188,0.690401282147058648,0.60978196237835014,1.73791825284836454,-0.894957087051761579,-0.766770411699299936,3.30704919376855244,0.219028981768162101,-0.487388842009144452,0.0152124807708636095,-2.22354700882583067,0.605934578996012885,3.81245864082332941,-0.345740532529830391,4.44287721851076967,3.66308008715845856,-0.792426854746447806,1.64987156810000557
1.84760732984351539,-0.0506765593330280456,-0.619498241968144514,-0.256855102127502732,0.908043029693259007,-0.20498872863801687,1.36506267595085862,-0.293509117846954881,-0.73522345916464904,-0.209214795465435283,-1.25718909269859491,0.0573179332236273958,0.386538461598239569,0.489323525468314813,-4.88514973114736151,-1.3369442694167859,0.267385392449525028,-2.56094018188427519,-1.21559011588879895,-0.397488647331459777
0.276514553595080925,-0.436638526550071959,1.57288576621539433,-0.455130744001800758,0.373436347416961301,-0.439839873208738519,0.0745132522023559812,0.792964485066374181,-1.34060758449520656,1.88475459490132202,-0.936368250382486389,3.48874112052852769,1.66334832216847484,0.863209063939184174,-4.41492719909874065,1.29334377655376143,1.59790963030225242,1.41348234853190591,0.690285068703501259,-1.32352526360433753
1.81367930677402733,0.223829494315300692,1.00851672347470234,-0.831573717922348021,1.40143995362579732,-0.744198756113922721,-0.635269512106010348,2.99913818869758986,-0.0804027536601534393,0.836341270185779861,0.850147121485177237,1.65044653398395647,1.88688673764495785,-1.08017389368765016,-2.84207455471534809,3.1917533040434507,2.63143464023185425,-2.43696423811957885,-0.880556199835146769,-1.37866737434616793
1.49377047118844497,-0.674716136725688642,-0.607984389792609159,1.07797561086518279,1.55064434839542487,-1.6090579120474735,0.482777971746724599,4.4523667177847841,-1.77900132030004765,0.171173498056902795,-0.146913138828369427,0.776587508680635752,3.21813348977993252,-0.803714582945079581,-2.90736871054728319,1.48661074054902409,0.753181183654423436,0.769537941234460399,-0.0431729916757953303,0.00489548759061815119
-1.15744584844208864,0.627006714321730607,-1.82161786216480004,-0.207353163691873343,0.973444612597861414,2.27453432128570121,0.11026847084717635,-0.923999818741514378,0.37673700089694373,0.680445125188663624,0.215126358386412031,0.980020509050354649,-0.617545920631321077,-0.289527666966490571,1.94533382911927388,1.65114606436827516,0.0160937292907543106,1.20798475936873584,-0.45947583897528621,1.75948012994126723
0.00447853001556038858,1.37710557673195044,-0.962049203574324663,-0.21633372253530897,0.418581527246148333,-0.908034992032043964,-0.465479614942302056,-1.04730585519697428,-0.0310173004330507318,0.892908204177938147,-0.434901441926352883,0.815507559265937432,-1.02484518932560253,-0.0199937382263908094,-1.22570344761061079,-0.958939101602470867,-0.431655828286354959,4.11153233464042778,-0.228596641291750086,0.57566766034448269
2.21480736167063741,-0.0494381867058291541,-0.879383319159531829,-0.415419562593779212,-0.295418506670560244,0.384846172173061052,2.10174145578484373,1.55924670536562604,0.0257599111138792428,0.711792245058073147,3.4509479325966641,-2.05811244914556246,0.528660749115457462,0.11815185802290637,-1.50546510792781829,3.63179674553220977,0.643233518779561475,-0.681932979222490521,-0.840672863231438638,-1.14339381394176476
2.20026664002869543,-1.84871160378102761,-0.0349247884699886227,-0.358637541706368079,-0.39177500591629727,-1.13422970177571059,1.05752001745451563,-1.2330271794953569,-1.37884170032304043,-0.468517513001331709,0.14833377151171484,-2.34902757851684063,-0.380702243450997457,0.681877574450830748,-3.69753005399905277,-1.48246890047456459,-0.0744164965275479623,-2.70857318116592927,0.0669423152974608082,-1.91887775328108701
-0.871719829393846624,-1.12643387932696837,0.111931578541321144,0.861257910720546915,-0.821744885439056105,0.605409370403905744,1.26904664943303458,-1.11966576887145486,0.35636599409404135,1.19991960867294178,-1.18715370664028819,-0.320468487690707404,0.175965456045130003,-0.788669526658337894,0.369659568057275567,2.5229086752189267,-0.00811281037765095026,-0.0426377375744312614,1.67654303385467496,-0.965785430751741836
0.541228638108982696,0.355572479465404823,-1.28094866234969462,-0.00943110230484027305,-0.690459702679474319,-0.910150159858093666,0.962207016845867624,-3.44185611397620317,0.822154557356852611,1.5705424452339154,2.01536414221456273,-1.90435899577451173,-4.96052499423948579,-0.334945565300157844,-0.689819111903837712,-3.19076771952579641,-2.77710810679243458,-5.29490419763973819,1.7203570568466553,-1.82462458021221385
-1.18623272179629202,0.83680333780305538,1.16009819424213334,0.389762285865855429,-0.59453473666890011,0.942389829913028998,-2.23470679690247698,-0.397066035056801325,-0.361251576947932918,-0.138417788417521198,-1.57519105765136835,-1.60319766866430702,0.924001974536224902,1.73458120630129331,1.15869936171956089,4.82467952293230162,1.34728055446404826,2.01998498640748458,2.09603603361843893,0.493739788817588954
0.597310242963746574,0.243105749520086178,-0.628729116245348885,0.557672127880151747,0.0764557108180812656,0.537979845127909306,0.699675636111416033,2.85748749308628103,0.48298630857031255,0.852606299989745797,1.37447476438233851,1.42729588316461808,2.5521012301419872,-0.448001404562516692,-1.22604093518187862,0.400882105452831206,-1.37050285832472429,-4.72816452380662611,0.104823256707938614,-1.94397152308755428
-0.0591143866593696055,0.514900129299461051,0.756627413671229654,0.531570221069472604,0.665605997955139528,1.31879577536283055,-0.834138529015685526,-2.19463742399316608,-0.467386548503550325,1.1936616151767403,1.19338330055023789,-0.505373956941057578,0.835945832072355066,0.213592167962394525,-1.05218135871198593,-5.3106197227352876,1.79706059033510379,-1.54930313658842089,0.851823057598676492,0.527390734043218679
-3.69926064952692357,-1.06090676024831354,-0.115341547227240826,0.143447868665413952,-0.0616543596493694737,2.44797578916608094,-0.478926691914453084,0.715581901134578313,0.812646269719780379,-0.257111430657096907,-0.434586551696897472,3.21779046997985319,2.71642194141742044,-0.140236567069786794,1.58580226212881126,0.283263441114006753,-0.425030274734186198,3.90063231592505577,-1.35814896043073485,1.96116262243094952
-2.89467368276739512,-1.30340318860707671,0.500932218775471672,-0.238645514988370416,-2.57106552149049827,1.58098086194820464,-2.40009052810098833,-0.431083053350726553,0.124448818556213633,-2.0319342680298238,2.76117301560687034,-1.67618204260165204,1.62813558722908636,1.00185958075011006,1.6036802884085295,3.51418283356833427,0.941531362596264576,1.56209402451156154,-1.20814564809872071,3.00300227930099206
-0.25918721540454337,1.21791139355496081,-0.607537322266383795,2.79040357948582418,-1.79612928952485174,0.493330541075074236,-2.11410061516320091,-0.787729858232917524,-0.247271821962462751,1.0001079370524808,2.28230201971762936,2.8211614968098222,-0.788336830101820207,0.762854282457431143,1.10099882772918178,-2.72410278704147135,-0.508124110528349493,1.58403423069936178,0.616243961309234867,1.14799260164441286
-2.18911089619791666,-0.990874551312124097,0.692157429085894615,-1.50550303304433797,0.786151732298630113,2.20802464620514982,-2.03677954498427827,-2.76633630658781637,-0.0571220301854670764,0.613581306061787624,-0.164514553845533179,-1.80276972678995251,0.103931633126222889,-0.241448499881573853,2.2835651441770759,-0.44217636924668996,-1.27404427400826914,2.37853315432101997,1.31359055043944162,1.80979082585070228
3.05448076279222436,1.13574395284667351,0.834293909584260418,0.226319144229331332,0.0386342573609514683,-2.58198493450576949,2.50350213757533613,-5.05046625002472904,-1.63169779884746702,-1.12107021728988743,-0.718382849587572481,3.08819059611554625,-3.10792545505837081,0.894892616674811792,0.0372758857236954524,-2.6457125891250115,2.4598354036480381,-5.34582359248379291,1.06451614950583351,-0.199879822617662989
-1.12618568104039984,-0.619158413570114807,-0.32816649950778215,1.80368209481181951,-1.92276723872227162,1.01237106074241479,-2.11821884065792254,2.90241076330170644,1.12774581911955574,2.86421970230198086,0.836463892731123204,1.68718757563971256,1.18840782961734814,-2.41259601330604312,-1.01150942679287681,-1.155048722230269,1.10396527274950551,4.01002277268211138,-2.35578481443822918,0.857205141576649288
-1.9234338413825649,2.43622937261076533,-0.211947825170811233,-2.39097972040553275,-0.233680213831238187,1.6925005651807381,-1.87095920071983746,0.806686459775989628,1.12631711709485671,0.294058559212952986,0.60793289021388186,-1.37789498667405597,-0.083220574244721443,0.154400224446380324,2.11178978011134744,-1.02959537715270621,-1.69476208545568108,2.78374601682370226,-1.60823895311307141,0.745115089696899213
-1.81283561474249044,-0.804417901514082545,-1.07903274805685534,2.70360467476710875,-1.02554311127816922,0.171477691394658183,-2.78462637997249729,1.60976559330396807,0.858234420220014504,1.76072828295961137,-0.0658540590793717656,3.69448493179027881,-1.1001418461404151,2.4310893398320399,-0.364633836223231367,-1.3317561683039445,-1.01246033540939417,1.93240569978468191,0.35993596006398576,2.27673613653791618
0.0204185496352922748,1.35121937569139972,1.76727716510022126,0.427193597170913486,-0.121209614153550541,0.305863256416693319,-1.44797462633895035,-4.70240700473307438,0.335656098565484728,2.1672962551175261,0.499151131852756169,-1.89370232260292304,-0.554375699665424992,-2.29772784324718371,1.69394482739542074,1.28147718017815992,2.97520640553545324,4.48293825091594034,-2.3082718261707158,-2.08426024194337511
1.52007563536361512,0.229483713859258642,-1.82219091738140571,-1.37128859002285086,0.802910991273855901,-0.365490097386292012,1.1249196238099306,2.43827738391750071,-0.425446206067998156,0.0663093160801754566,-2.37989065631067298,0.477173611813284215,0.680405763632639604,0.485802639540006242,-1.02650449929919385,2.94341829641234609,-1.2280551056705804,3.22641466476221384,0.9805202615518116,0.880411334383847444
2.47470508558911684,0.395204048862635438,-0.313825005117735367,0.79073944881565017,-1.6704105889183245,-1.06893950315660602,0.231513855932674012,-2.51292426579982875,0.155426798662908566,0.799359899487446568,-0.209400383925184286,-1.85684938372045005,-1.94755259748485288,-0.300030313858885289,-0.667418519123317955,-3.22748981044533956,0.230799124934581407,-1.67577059148700824,1.30074274454080241,-0.911285763777781144
-1.11471965725280109,0.733310959689329578,0.0714651507095260818,-2.23014404827725476,-1.38240304715131357,-0.400084505377749533,0.00476939526604289264,-1.7613165384313838,-0.820599410870177959,0.62663725779075774,0.90482523917427915,-0.104902983494661012,-1.23790181341674654,-0.8379487602711575,0.0951159797452017786,2.09235575638778926,2.80865330307500383,1.96918727460713705,0.4514418472353805,1.59243061618308612
-0.887703340844369415,-0.0892000548579385544,-0.690931711661721737,1.31895064915232552,0.970101081716693625,0.192149106066210357,-1.88560950206269906,0.394993301112152584,1.77087897979769138,-0.955913366997907299,-0.636386919585379185,2.05140715595947087,-2.19248814598156638,0.499259295199165176,0.226339261464878067,-1.59252434732855108,0.0551477599156132633,2.32334566018576183,0.458437033526253146,3.85868086615904771
-0.821148450878391056,0.500565745447205224,-1.7740558733236762,3.00539451350237963,-0.00880123188558981119,2.17988810550712175,-1.51880905673026767,-0.737645983116060888,1.66914687640106085,-2.74945185500474798,-2.11098441729782937,-2.10287006446383495,0.0749951840350924215,1.63629476961345799,0.720887036172507267,2.33801181585783446,-2.18929605700134022,5.93869406445890657,-0.100211640630233134,-0.16752864534837994
2.75056839271915932,0.622784002508884771,0.227322380120292017,-3.03761117290024529,0.954036277228217933,-2.567524455865688,-0.427051819485399553,-2.26150693325627339,1.82572703056146635,-0.653790995235199346,-1.69923093502717215,-1.14611816899520513,-4.38764976858542877,0.0798012297909206358,-0.696937658563113183,-5.01584664892654608,0.126027097632217755,-0.49698376199172889,0.0780791359803003626,-1.58932825618165774
1.32525110651051614,-0.727202226869947843,-1.52301192577387701,-0.0920498855154412016,-0.272042540367474439,-0.367695499206646292,-0.533656661517616038,0.444113244721589029,-0.696179917993227315,-1.81616011676356148,-0.123967779989267099,0.320750203496610098,1.03379223324930591,0.411762536527879475,1.1783857108910516,3.60575085503028925,2.15333770020045723,-1.12717895806316148,0.85867774406493913,-1.99674513221251826
1.02384899356588877,0.215218797342914187,1.4623765027104052,-0.984416469276954254,2.54782778448496616,-0.643932017284699842,1.61528482426008035,-0.875679469013921352,0.349287450475898653,-2.73577371757980048,2.41600230701149021,2.94673978849375162,-0.124520970266692357,-0.422366624193559803,0.0418216359575344226,-1.26777142653062302,3.31721357867383793,-0.0234821057798849896,-0.430248004744152701,-0.643706160222758172
0.420009869622632426,1.8196855486854675,-0.753781303214753673,-1.7422752746183694,1.55113013621555362,1.02598522768770906,0.291026867745960427,-0.0609837501772491214,1.07511537889388498,2.29175940715714566,-1.29394755884935897,-1.98027287001463459,-2.56739455633444713,-0.205547632180559187,1.46258223316181768,-2.34979906131827576,2.31538119700526712,-0.960723099741047859,-1.38341115438501494,1.68368021295636017
-0.569306868666261456,2.34784224525375151,-0.259978641961247592,-0.416739759382350528,0.420935992987052754,-1.43278940394179322,-0.876182611206986706,-0.00883236247837265731,-1.2589034256335887,3.86361595456147766,0.750920637044334205,-2.80600209608889539,-0.874991490158449126,-0.538319889305681976,-0.0815957540427239142,-2.82344045218378081,-2.77918475096551454,3.88526845285927047,-1.55918562317706111,2.35955702037405946
1.00057740622447033,1.03712236659782442,-0.25960910003257559,0.0625769565742120282,-2.66292303105907946,0.0284002849254079183,2.14896884283712053,2.72850053820972782,-0.833461547602110775,-0.581733749505820463,0.59215037697377737,-0.724077864682355687,1.2208015895681954,1.26641813985789065,-0.262804618417438907,1.07513137468058839,-0.553168483948033307,-1.46638809814241688,0.927090131125834493,-2.54456079936363855
-2.02713544632441645,1.12190829874141174,0.0286518651883605306,-3.49275464280732617,2.35923370343420435,1.60567896864070536,-1.56334390823128944,-0.247740333134412266,0.654706135022599889,-0.212054971789308905,-0.381944877096989377,-1.51192589948366529,-1.51139790251741557,0.273396176710173189,2.84172960208079539,-1.31435730429184328,3.06268516149646874,4.10189124574841912,-0.963225576433541897,1.43791923114785902
-1.18846046906534419,0.758177570293759207,0.838836132122327993,1.73901955252145313,-0.11924161114080549,0.133803008595784617,-1.49959462072919458,0.596051397550570461,1.07732741002859123,-0.465962694999242644,1.39791738614565531,-0.987782711647614997,-0.464649999370659539,1.70811393493960662,-0.0551593740187988901,-2.77994379892954413,-0.170399757683313502,2.28521825505841925,-1.67409156399628567,1.07874503188087378
1.41302974048976093,3.4715038457720846,0.0155750110788612003,0.52509154719505069,-2.1581889592418344,-1.01408642697733775,0.384885757424362152,-2.2589415575054641,0.693473982006768574,5.47845722126015922,-3.78344556184852276,3.04085287329099963,-3.26481985743403014,-1.17075573439836433,-0.98776705742590809,-0.667714013259296135,1.4486474106123175,-3.63556571915208915,1.5967643294150613,-0.295151894993763708
0.141528676249055269,0.566686282143177733,0.243899195872526287,-1.13242423245733215,0.764532847755235445,0.52537076570943031,0.693036779171925854,0.668611143593228263,1.294517558150168,0.423429197147024483,2.48044983627716897,1.66767440437423087,-0.834474112938586643,1.41068478404067643,0.533745494598884762,-3.52822810882261839,-3.68844924596702439,2.83330324286552182,-0.000184179815051883515,-0.474889006836399452
-1.91901496167306207,0.172552359107929598,0.81049731395766067,0.797702790307334153,1.15782771247180882,2.17915723433699871,-0.902974554883533953,-1.78495760489186672,-0.61953728909575656,0.274376511147129742,2.632046704829059,0.103230733608512537,-0.694664166699854868,-0.627912999686298989,1.03523438923402855,-2.8175977202655953,0.744203626531720452,-0.527076981352191054,0.0980351641607834778,1.04047613939425476
0.366150688506038546,0.326021731397521775,0.0413741101522856966,1.44060276634043238,-0.203875281041654893,-0.717014482483821713,-0.721289639915333458,-0.180566858302655148,1.38885146940677107,-0.1879539781882823,-0.0911290907686507778,1.21650615500886539,0.626968298249062972,-0.132298361687003596,1.91259329372349618,-1.52473447876560519,0.0109231156532391023,-0.130381586429738155,0.650070915211950262,1.39270678173066531
0.469101256906112152,0.760402972892538886,0.342589499878561965,0.139507295963603478,-1.72340189327605242,0.0588820362186016286,-0.466654971383795802,2.70595458369970121,-0.161567818624578224,1.24360464648847646,0.771776951849731052,1.54067776993669314,1.2841444394297441,-1.49436678595011041,-1.1197588164800707,1.39486530895580274,1.92282088386792971,-1.38529131882669554,-0.882525981362291545,-0.404797900257944321
-1.5412842211315656,0.108133879051100557,-0.590008064254768816,-0.269918294221415334,0.110406067147309161,1.51560436353379591,-0.82426955806385116,-0.520433034712286302,-1.11503149561130588,-1.16871508203996011,-0.0771215018360288246,3.62239300317151969,1.2689186455375514,-0.221803742993437525,3.15901010373160762,2.68447521199090877,-1.85980927531289808,1.67492056103029041,-1.34404289650977282,1.22607744840144472
-3.37462824077499945,0.606071459539233026,-1.77713757103222258,1.88376122357684261,-1.75108507190914575,4.66091384053996283,-2.12517581180995396,-2.97434998495981784,0.738748302720093175,-1.38041034185993072,1.36374944815877419,-0.394804448494439519,-2.00781972007690568,-0.551426931137538268,2.53522006388833887,-0.603798523550506228,-5.02566677121382988,5.25879124730892133,-1.23143708524096329,3.57960498604312871
-0.582809771788898257,-1.52227331867187377,-0.167609615518265143,-1.47651207145090724,0.0989930201505847956,0.852325483174293352,0.215247965934291713,-1.86514667804861944,1.24336540476456636,-3.35773704490463887,1.27713055888665816,0.454585918850896109,-0.231810747146338786,-0.658028460900584977,2.53829718763935652,-0.616950999954482104,1.424309001129338,1.27829289644389221,1.5201750741522968,-0.560216965787352361
0.510336160019916663,1.74739850796705132,-1.22461564985791149,0.525034743806322424,-0.598307950173832093,1.0913255188428479,-0.333082739916643555,1.89636707064364574,0.472296843319110871,4.4372878354135219,-1.43006224300079987,0.393741168341015246,2.32852651291116608,0.240056833473247661,-1.3406645295063726,2.74249112113503202,-0.454475251587603046,-0.452559723059043018,0.455623846454269232,0.57328676574265458
0.705227620513135367,-1.67413159097267372,1.07868884743862292,2.14419301255831929,0.744546567974406104,-2.07629737306237994,0.971439985370746051,-1.17235987162180577,0.37073412202285061,1.237892080062855,-1.88462226166058788,2.60135274124952698,-1.25597847641788829,-0.87552131973959213,3.08481440241880556,-3.50229622095072379,3.97576025431957003,3.03030248057901108,-0.843884947826604948,0.445410697938626365
-0.261846127459363531,0.805692332196786487,1.23730733015984695,-0.986904907557958122,-0.798784821575783566,1.35990762260373366,-1.67205680028034576,1.31494739343073563,0.432089164921009961,-0.613704432308266434,-0.350779520038792536,1.10485875747307594,1.76920249158697063,-1.19115633400265963,0.35339530043065337,-0.279419583848311393,1.76173099979376824,3.99167448498339494,-1.55578271765208931,-0.080189600476116063
1.01357380862864699,-0.687966692977579397,-1.26507901294570768,-1.38326300237979294,-0.116763057537785181,0.155884896329907013,1.94486712921674276,-2.04745181347252547,1.37059263617748317,-1.7688346283969798,1.54446708852632542,-0.405787983692044607,-2.27223468744938062,-0.766806771632609685,0.211312130643541041,-3.42854853132994286,-2.41947814700527886,-2.04495913686798714,0.304570127975359761,-0.290945517090678119
-0.899226952856046591,-0.883607325828920542,-1.12060523189052463,1.24198177939506671,0.334791812347170425,0.339700388719201496,1.52815156183115519,-1.07622060331927205,-0.952673973106019423,1.07016966549413084,0.93840936994386881,0.46370938570134479,1.2971888234573834,1.3777436589541685,-1.26762637929898281,0.926426530660532044,0.667642500883160905,-0.244843250089675224,2.85530705691683151,2.59950225733734319
-0.822333904423782514,1.16431441872874886,-0.103122080434241731,-0.374125912823627949,-4.22033677022502918,0.535855835642365941,-0.423876007436028213,0.413565830830315784,-0.901777029122781237,1.12887440207008805,-0.895402823783619239,-0.113020187822816642,3.25989838981698199,0.947506873298444185,3.41873358417262763,0.711750593885801974,3.01172337310509031,0.743538383565741978,-0.792361067623271853,-1.18005437160828985
-1.50935201128173113,0.0078309624174055948,0.0624094292806852136,2.02736126279320183,0.843536355294101092,0.50727149694407514,-0.471642893079043113,3.96936830100032623,-0.828997213437352332,-0.645497171433501382,0.234792447711685004,2.83662125127238918,4.39851934857031868,-0.780880021743171615,1.27353443692098045,3.26195087810671014,-0.134323257214945924,-0.772008090370035815,-0.596337869716902835,-0.0471346268390348128
0.341539352798236218,-1.31374142660735105,-1.04852736177548733,-0.16383545514595213,-1.88137313494878611,0.292283637845719868,-0.324732751325559288,-1.09763226163131966,-0.26936734800322637,-1.3840058110961313,-2.86993378412877842,-2.9182941093642456,-0.577042674861551808,0.676155717247329924,0.813287430616867479,1.36406179063980137,-5.16616784475397406,-0.420753136275139661,-0.652203126787567311,0.261699985532101054
-4.52902677637553008,0.27000125670577757,-0.205359690380083115,-1.19866585213988963,-1.16254233980540023,3.75615695120095472,-3.79685717675295376,-1.30533313992554612,2.02819974114799084,-3.33755456923280702,0.260005614934310014,1.80731840703378799,0.280770874386142677,0.829976312232627134,0.131518423451259442,1.46053629946012897,-1.63312026933782062,7.21446037369283832,0.790734232144002402,3.68956267952455619
1.71534612867538949,-0.230683170080365901,0.478610231509716766,0.192257132552525162,-3.32058264066077813,-0.612293235249702694,0.289414225351494914,-1.61294491360110737,-2.02748045769434482,-1.13002622037298295,-1.29971988742473488,-0.19203296854027832,0.167598480488367119,0.660661253255406922,0.504732029632078971,-4.20074356307330099,-1.79717531322157265,-4.44874194431032688,1.52275631606203188,-0.861291582292971314
-0.33198095100514835,-0.062622006956652515,-1.06400550995534893,-0.588645051240092476,-1.7497733011562624,-1.0052830728824409,-0.75848627240981692,2.59292168057485961,-2.193282910034696,-2.58106174316099279,-1.07201520661995309,-0.939130941736921909,0.326032765925833079,-0.170159959030130675,-0.617028748053023768,0.350041785885133405,-0.363300029986971196,-0.81833518611950895,1.24566705305018521,-0.126743945799106916
-0.672755776378435422,0.352846919420385152,-0.606252106700868154,0.0627769919930009496,-0.0329805564819519934,0.742502937999259149,-2.31506020285814884,1.32730025896781956,0.606686373951010993,-0.584554878285598045,-0.11690475741132858,0.383457522757543523,-0.124864517116845472,-1.51096284235255451,3.11211537765122648,4.72417042504223073,0.611731811936385372,1.0533586194822675,0.940871219085154809,1.86148457923240507
-1.97052673682474233,-1.10967447045215484,1.43606928104276355,1.55476345109590097,0.672656012684413773,1.26724660062138095,-1.14715531589152242,0.184629971464451342,-1.69852622698360345,1.47332449205098071,1.60582893281424477,0.892971760827445671,2.26812446010026836,0.11519921620104627,4.86262387888319125,0.826992055884554267,3.42089541015693444,4.02387511360984718,1.2553696125450895,1.13693950800628563
-0.247470810793925605,0.57631072498407987,-1.25457728650485478,-1.4529481184044275,1.34977347170831274,0.23098785780277295,-0.411710964878349461,3.9258544918169016,1.05975328640877353,-1.92612430003615342,-1.22376984113972642,2.3950477764325977,1.48078231611486433,-1.34129936716004616,1.23218187916342825,-1.31495988213091253,-4.34543596904534724,-1.59532231009839576,-0.456992236864845802,-0.498812708959058937
-3.70584945540790622,0.803733314962166712,0.78900472088664908,-2.01847910455286206,1.65116680339154032,0.643038873267400723,-2.26137269754822468,1.07893268364810524,-0.664151436098994186,-0.604065924488733197,0.180319366242819912,-1.90390747047414566,0.625468712100892499,-0.235404749785663198,1.24404507426841815,0.788530688758472209,1.66276814450552246,3.37219874015185184,-2.66466368769747364,2.54381220909902694
-1.78573054170828649,1.18288168419499429,-1.04043975801033617,1.00982291450010186,0.959499864811215075,0.73824888981951331,-1.70091601442445017,-0.178277834159033755,-0.815456401448913626,-0.707143992458942772,-0.543688187696349634,-2.1392776100574924,-0.732796164918365078,1.66489567072243982,0.0424880775168574309,0.0387155588338992038,1.0761034299158323,2.00233236193532305,0.475869333848341958,1.4554790292621711
-2.99739169027725838,0.275693857816649235,-0.682541915084630801,0.212101331818983524,2.622029875419567,2.65310584364443836,-3.32146179402019159,3.49740355722244489,-1.92502422987698352,1.87165085300953549,1.08737324880692787,-1.41902710596655801,4.877827450964209,-0.564984515182893166,2.51498464223708096,7.41319283494254222,0.24215460965042182,6.50830100986833493,-1.04407452470081341,-0.508395421679682658
-0.363892839675524604,-1.22289905939799026,0.970143168962058544,0.473619912775813723,1.24033545349994601,-2.13425022434958667,0.204890306580575526,0.619867249175122925,0.522788429479627115,-2.02635564855521322,0.198698717155257609,0.606406497399390121,-1.50929065115254524,-0.784681213727968174,2.50719197863335808,-2.8226593900835879,1.37191676483724656,0.600491660845337227,-0.0785946433854546045,-2.17203425325781829
1.26177605779151714,-1.95179175423674223,0.483133850618574279,-0.889646256622766751,0.3774145481613429,-0.203692630819182263,-1.77077514911934708,0.135561303540683298,0.0755802210912296935,-2.05981368544385512,1.93430053960858284,-1.84803654891134372,0.196084671410366201,1.55824766336220266,-0.946811616505374154,0.0309511425907194777,-0.553768297001454246,2.42496697764114799,-2.3501305118143474,-0.115487965981087196
-1.85220394356785478,1.62711763255684994,-0.31647694195546533,-0.166978242557383361,3.72199372072789014,2.05114024943658801,-1.12907827939795591,-2.06706211172564824,-1.02778000038095385,0.40324743113384498,-1.6210981650224372,-1.59771675755664555,1.51381894336242362,0.446722175447476555,1.64146874267690279,0.042266974665461754,-1.40456940005728081,-0.291365659239834984,-0.65169770263576543,-0.210353307148946816
-1.04057505981669074,0.175792965630380577,-1.00382316061988441,0.452735177028623148,0.989407222230682781,1.97206063241965524,0.491570799177021067,-3.43866871964880083,-0.997597872311700495,1.3611335443608521,0.616010576259105824,0.556198977501178859,-0.936021307937352387,-1.76946128697296268,2.15563287141498172,-2.82545095211779573,-4.22121381684592833,1.08096204601718893,-0.376126665132402449,1.20575792033250928
0.234501155080617113,0.916095277189148849,-0.735061999681320577,1.43967104720292172,-1.06426823814320426,0.388854950810980593,-0.966597476429545632,-0.284683092429617313,-0.758745359139213371,1.96595485951498183,-0.340660328737834417,1.00016801341477746,0.677417021306886524,-1.10397881868428804,-1.94222605591430519,-0.701844723730816078,2.19596475213941122,-0.795914252597916372,-2.15390294497941692,-0.203234784337681607
-3.46104453929993561,1.22353507927692395,-0.773460792319125234,-2.12100769028659375,0.705084432505529546,3.59498481857687846,-0.905117146875979772,1.12474758469915348,-1.92589612769018448,-0.910088605717958354,0.45826928525807642,-1.29941124653080342,4.71466536022761407,-1.88108157252512176,2.67121382964889298,4.94148474603418464,-1.92658712072161564,0.096335546846403039,0.832554362263744463,4.54890314254710493
-0.49707004194022214,2.10428185419066027,-0.37681573994138251,0.383353388182016142,-2.17814395042995912,-0.609112874598497611,0.0301109380116430965,-2.18653313539218441,-1.65184204229629916,1.83370079470399339,1.64821842719125988,0.384007651021776364,-0.563152747261658093,0.718787019747880951,1.90351042366699597,-5.01745831438799872,-1.3396823375620297,-1.14175370524995135,1.45694750162728059,3.83761625053301003
3.16058113109498118,1.72293892307162078,0.0968375732094266389,3.09994389452221375,-0.279897961455677358,-2.28326153475774696,1.52525027465928997,0.0799789092576085048,0.0627306858400565881,1.61172011552583361,-1.37492480477843104,-1.09895975822819825,-1.83796265569333683,-0.680073696154416596,-2.19454247336237751,-3.3325514094927029,-0.444816238668887254,-2.36119213964072427,1.23622134427736419,-2.64406595334981231
1.82983310831472346,0.353573010647635577,1.54233619034157554,-0.494361625570361451,-0.66206975725324424,-2.60806928540111338,0.709775172964252854,2.88260555279004738,-0.114322882739794698,-3.67201882261306167,0.808078269187662901,0.47491856536329502,1.67347336223514143,-0.988587931149495946,-1.6078598352821325,0.166042801715173494,-2.22166792579553052,-4.27850389338753168,-0.241496145874867618,-1.65645199270072219
2.41810609199072823,-1.30216239266141542,-1.28477712929696897,-1.57132549187958914,-1.09696949709615432,-2.91343272873666104,2.03203259694793958,-0.1600630307217632,1.84924764170274836,0.231264992653076901,-1.12021671483902985,2.00306898841978231,-3.144672813563544,-0.336510637002269186,-2.04354316959849269,-3.88898441405329409,-3.04307390767813146,-2.55218072631325921,1.44717559009872598,-1.37422042442383097
0.24187662719502423,-0.311412446120631625,-1.76107765963945972,-1.48792604299498854,0.221706852519764103,0.117547143070879934,0.869846443613400577,-0.754778171960119426,0.86470168157170757,-1.32949737574477456,-0.439394255466347139,-0.972987553354318191,-2.09013563300055472,-1.78672076812989111,-0.203206715447791453,-0.31352490424451529,1.3016880831314761,0.139384974666355688,-1.02381785973388584,-0.93150481633536486
-0.411652761195286931,-1.28884207910191106,-0.312856879827510148,-1.7398306251217166,-0.952688585039319524,0.0182291666821981745,-0.291147173157111749,2.2114194168088277,2.48941034739190403,-1.60101663402654681,0.722300176401564298,-2.89396193297575799,-3.50925244128230851,-1.63701756762768724,1.40794114329087594,-3.17025840508479284,-2.37036555259984727,-1.42993812471428328,0.363385975049300258,-0.22208887895716739
1.14544394629575108,-0.510396532706870687,0.095649093350181541,1.0132684224344124,-0.337263647915584497,-3.01189098200960226,2.23245238653699074,-0.62448252594128717,0.604534089188524915,-3.21515538772820086,-2.23182406171015613,-3.4961948597884458,-4.19703428526699973,0.978339811009096949,0.259416915412600813,-4.49019008377754059,0.300174282365143708,-5.11865168310786522,-1.3908117888123579,0.763170820399680094
0.00583319094614254043,0.90669996483597548,-0.518339831759910608,-0.684655086307994543,-0.229429486234386415,2.18432392714130197,0.673105538840348738,0.60112261325184746,-0.0297582722500475787,2.85462831012144935,0.748780804363457064,0.509854194177203568,1.66095722469195639,0.619016271696659626,-0.0107344818090428732,-0.7282410694319148,3.55784630331336649,2.16229486552691652,-0.230043166713483765,0.147139888901011123
0.450983216888952654,2.01071949474494183,0.0884607747854873061,-0.870047495980689867,-1.96160831625831933,-1.27008133944523638,0.77516702961017403,0.395011134540965314,2.77002500683216013,0.911188506529931774,1.43184057309072665,-2.87735452046634999,0.227088917796237161,2.02908999122375144,0.581715081430107528,-0.51903054259485315,-0.772952670936508657,-2.39500323837959517,1.14319678962363036,1.17498487537360852
0.737082003773187777,-0.67803860886537648,1.38653127723686986,-0.494398137568276552,1.82535772936902063,0.454887985025835717,0.418080159624076408,1.15270634410616712,-0.921183786136090643,-1.13897612201693499,2.03037169899559666,0.931398998258980648,2.53432995482283374,0.912749959985866388,0.39921653313184835,-2.76294207403296754,0.666370843931566315,1.66559856783227,0.83541130610954295,-0.956770081454292098
0.359114788497295667,0.87082220276979394,-0.352879144800388012,-1.0071107311549603,0.575154251086559487,1.23811047350659709,-0.954457610407905555,0.500693396115369671,1.21519845260651826,-0.733436504161440128,0.374773612640831089,0.630477881154374309,-1.1185340119177265,-0.434043415755091311,-1.9965895419642028,-3.43190394065659454,4.42105586992478816,-0.365397411213235268,2.04227233642482631,1.22503057185411968
-0.320160746090388415,0.292496467776868274,0.577124704429877067,-1.8274346693613388,1.98249528073667247,-0.0855447332247237097,1.06784702491059091,-0.305435538720769506,-0.234117521822693325,0.328967478364525667,2.95582974872233484,0.995394105536388518,-1.32385661949803746,0.466382593065096662,0.418709505369005974,-7.74772439398847368,3.98705219176760384,-1.46413798553122976,0.596036802397334253,-0.377501379279362281
0.645085002114983541,1.04985539767553404,0.562480612485524722,0.183702775911564115,-0.158495518945674457,-0.670988342596600007,1.55418109337802512,-1.33420145967035042,0.674148960198882152,3.12396015956387929,-1.05042495373195743,-0.3098350180353589,-2.43754077803042657,0.3843153685117639,-3.17994137861002457,-4.36476617347099705,-0.391710987447405845,-0.651830950047375124,0.126245775137303395,-0.216690290302796823
2.78776025836475894,-1.45758914429132025,-0.0853194603797835793,-1.83483276058633393,-0.627014232823190243,-2.63881719707721007,0.811106974757943688,-1.78042404327766612,0.696882543269814136,-0.213310801152936602,0.796571882902494699,0.536876263621293481,-2.70419865242240576,2.88187650309940846,-3.27877225250449778,-5.36217027991126027,-3.23931128747306563,-1.98285835743394045,0.337990781072163793,-1.65747634691548673
-2.49685128699628978,0.821853822465428041,0.47485870028186733,0.194970541055668328,1.06757657209977319,2.95495309227161318,-1.89759506237104869,1.51514316630823265,-2.38174077548127583,-1.01937852395541917,-1.76500172388908427,1.54275874999736518,6.06544855526301419,0.260766015265767481,3.29652796214931421,4.3627607316544621,3.92545875466944016,7.6460365101404415,-1.8312914506983935,1.947770704124687
0.236088490042997229,0.420361310338169925,0.62750831696483389,-1.25363957591367092,1.77116203385362447,-0.406091636897808805,0.968056782271776939,2.63010583223667194,1.5556151393690798,-0.724740137615049074,-2.82096152102293241,1.32283266869224603,1.48250959929536075,-0.352086008444998433,-1.51893326537781936,4.57215665965282358,5.48156144958375613,-1.93565316129685594,-0.523330015888528788,0.292477174501274195
-1.86652217566688994,-2.88345577622446569,0.865226796235930462,-0.366325176107564654,1.2228929210475854,2.21235288488141446,-1.59292757653517936,1.63245688601356198,1.20976921003201743,-2.145187880940989,-1.27619072566456726,-1.80626729065546154,2.40368151509074668,-0.10018761293158418,0.971038059147861454,4.59421251853606538,-1.01148705425689234,3.17477668867905427,1.08349465907756448,0.557066815276877736
-0.0865016682364366518,-0.0806641571937903035,0.74730163111949055,2.12835963211838841,1.00196966693920375,0.484639919826661658,-0.716961797094540887,-0.2283242353096466,0.0565735383085420665,-1.85364999676176789,-0.29641419157085841,1.13238187546672031,2.20067946283730764,1.69371012227004791,0.0850007002781290738,5.29262607369707538,-0.791856416292381793,1.45898764858652452,-0.379911180776106916,-1.29836722458547271
-0.150362668317779835,-1.8489005436477024,-0.652337729947075284,3.34950660801493783,0.32872020856443096,2.00928425755951423,1.04432854955459153,2.16623927899897151,-1.69014626261853884,-2.12769634663148821,1.21615790487082043,-1.96204261308685046,5.42551077964110107,1.04234925933143363,-0.51974388407480332,1.06863487551393854,-1.90174109741871966,2.6691880844749436,3.12394136693683855,1.03853818219732297
-2.08702968292383906,-0.521641617144646852,-0.950002224826168251,0.675508530486859882,3.29785049708740363,1.68815733135481705,-0.356467066182036885,1.26061632667979162,1.09609275114520521,-1.52783761262677831,1.44234330708825786,-2.07160145527085149,1.95469457001766944,0.58327348055820849,0.0967895166048011041,0.811918870944800197,0.324483510526113572,2.40620446483128747,-1.16931510787863147,2.33787942834329243
1.02533533965836798,1.13664544960307046,0.186116332514064925,-0.470739164959785183,-0.34152783449410018,0.848712988788264844,0.325222688047597963,2.25199386531933721,1.71547299926998442,3.28828618854354415,-1.34723300138835445,2.3217829735033475,2.72432547394542235,-0.233949602649848015,1.24999388911162224,3.92010983890032216,2.92344469862217071,-1.36982379976798607,2.10370187504166584,-0.200247116794915053
1.44756718422844233,-1.03691275131460792,1.57571083515200483,-0.341557533979186256,1.04175284610243946,-0.939148352428978428,1.97762884222885926,-1.87255091524498241,1.54336162667971921,0.0511207925111567818,-4.08916968672910563,0.988433472202680519,-2.58285724031095931,1.2726472383410512,-2.92018392521046399,-4.60853829035074636,0.967434237016280174,-2.0971816090688109,0.92376238625431184,-0.521593646012865619
0.781543780791716824,-0.32822270328123726,0.766901465814335381,-3.83862261643117364,-0.617327732814355157,-1.49580867334499334,0.864404271440832983,-2.70959628290387533,-0.584336648233993561,-2.3571567643088609,2.11787581273717462,0.967503382284527147,-1.60710121790660287,-0.472446610860976668,0.0506657999194952691,0.483590056313916439,-2.2907535425805956,0.382360593008727989,0.664594368746101893,-1.63002821668195819
0.626508952857583679,-0.637455493663031891,-2.09858168972169379,0.926788233697587338,0.18949549191089024,-1.34493460906430706,1.02035675641434898,-2.03531598404600089,1.01956758727576968,2.71623578393931986,2.09929819662057948,-0.258843028772642147,-5.1514056071946186,1.92002535603513125,0.0611757713985927043,-5.34805577684022992,-0.386438452966811952,0.954906323824548542,-1.02203658537059461,-2.8202510052598786
-1.0618897414738786,-1.62553431396199999,1.13998388778214599,0.424040160573422698,0.576632390085268121,1.88036834856700308,-2.73816453102247293,0.181066715044369636,-0.064370004292862798,1.20745960209025038,0.157066202002295485,-2.30260129028919502,2.29043130781979309,1.26208169342719279,3.54294339457086105,0.936384333760372001,-0.107689051844157113,3.59631353941549392,-0.704948399579683471,3.07068479044107345
-1.48862738570161257,0.852682948476064406,-0.210771025656982552,1.86230503316044693,0.202134575454119725,1.46514451869501627,-2.24904095468284426,-1.11383163127549678,1.81621553474749664,0.84854812252714773,-1.2196699671684168,-3.38175079090241049,-1.48970174169773029,0.41495544986536953,1.92564561436246384,-0.398839708941941484,-2.03550151380707911,-0.366622219925146875,-1.39478177445503437,1.19978022314596933
1.94551121684397943,0.191206437890093506,-0.567471855997894403,2.96331652497355513,1.11599191560659983,-1.88277124443286348,-0.0388226506026736057,0.145429130583921568,-1.80182626788369826,0.279001232052238479,1.01177749126468641,-0.455128323679590052,-2.58322984663825572,-2.04121639914684483,2.16704127222227783,0.862135198825439208,-3.59811563178918714,-2.89313174772306958,-1.30321114183699338,-2.48633018529137395
-1.1574864533593856,-1.687805400302123,-0.436909859377775822,-1.12560837039177808,0.578549018545640004,0.835296615004190057,-2.21485511637403398,2.45157728342278558,0.375994688083711559,-0.56553611907508472,-1.29502050646869948,-1.81449003740568582,1.53935531695285088,0.218164983364410675,1.48980330864048849,0.899733064421141093,2.04487253710356098,2.76509857112289259,-1.3492614732149717,1.81831302273116946
-1.16420353061077209,-0.246813973021845878,0.586151522163756877,-0.554473254330585807,-0.657949942479196359,1.11431901733984229,-1.68749778473975187,0.470816439690064314,-2.01801929114330525,1.71601002759489751,-0.365468517361055845,0.244440850002637933,2.39634759838582267,-0.818992845449751594,1.11679199635243376,-0.133091607355772218,-2.18367899912294483,1.67537380520642554,0.72389510182560135,-0.409594654969194116
0.876287104579118181,-1.60521930483837227,1.0374863036683728,1.13606351767420244,-2.38231648535021723,0.461311172153525906,-0.313977338062257194,-1.93418371012380508,-0.23200250079252574,-0.949325460009611266,-0.0433641932661735507,-2.12678535329603724,0.480468638723651198,0.36046861419139431,-0.210806404043875767,3.49266157742584804,0.785276519263963357,-1.768191659813656,-0.691909265673367746,0.832418615296299902
-0.515901404047294565,-0.0537395273486535457,-0.0543237790724390712,0.536052102958167187,1.46422953340259832,1.66322229580172354,0.117117481717396776,1.18255880055033979,1.637196226665937,0.419812706270170921,-1.04107342434233763,-0.17985275333208639,2.70234394763077246,-0.171491223769193929,-1.14016385752865945,5.35266838063244066,1.39168966250519754,-1.71630637907945727,0.451004250936136664,-1.89674687748510462
0.966347591928987337,-0.0409920849230375958,-0.237108753948324813,-2.18477860341992036,0.407203297076552617,0.519969301090607683,1.54767842519870236,-0.900918657087053654,-1.02560008511600875,-1.69391757585219338,-1.56409845339450371,1.459789452308067,1.42245115663771737,-0.474713183231535996,-1.50566247073523463,-1.74193257440635474,0.0172327423875444051,-3.38196499257056793,1.25318813964665465,-0.722685571801067961
-0.994256837091309409,2.56578236632631906,0.57821794211577382,-0.706430765687073192,0.55078586873420099,-1.25832697740617627,0.542337314219930033,-0.376375321744294611,-0.720077539502095409,2.07211667953812384,-0.83466463804010238,-2.45751865461688057,0.49517432998928268,0.0341712711317519319,-1.26884342260549121,-2.11468520149200589,-0.280271614181303697,-0.817240387108351451,0.32764840174486054,0.183645877987352713
-2.64306215600461369,-0.108762085441212589,-0.112088302007511659,0.38250570818726809,1.26644204708531571,0.0458210602029387598,-1.41870159775334859,1.50913913592207405,-1.30874894584480295,0.694017994520189418,-0.518692683595533777,-0.266551727047520726,-0.028711327804378857,-0.804185291198590058,2.59484884494405321,0.024097370653397069,2.42321221700437883,3.18089422352593276,-1.77373341030772913,1.39085236193558948
-0.00930110009272475287,-0.365220427805557912,1.79155476637950684,-0.657302887187382501,-2.09222896946943582,0.805090933915650675,-0.14301555757660267,2.7314949383169207,0.921344719652707256,-1.92588833203697685,0.39239280664094045,2.37943571344326044,1.96856920288273507,0.681316327146396228,0.0427645880090779806,2.17069899545369305,2.83351771726047907,-3.73558175830049688,-1.60241693367369153,-2.7163959778975606
1.61121252017944849,0.642756563775145562,1.35067362201114238,0.276213418187135795,-1.75700860549690963,-1.53889690136901369,2.16848748035926198,-2.13985560499498773,-0.388190119189586402,2.22340874957395762,0.592581763853130217,-1.04049898900457305,-1.35809849335783106,-1.52521102523358176,-2.15138945324783171,-3.23960053008469595,0.491659638130238885,-4.71507103518232462,-0.355898199503596302,-1.82595890248701953
-0.01787491631750995,1.69402262673060555,-2.81607374322572612,2.14841281492944258,1.51440584587895244,-1.61804335222526352,0.974399117848901319,-2.36265911847753918,-1.15299848680528294,-0.0687817806692786471,1.20559349007493077,-3.11728348975184488,-3.33290014230908316,0.875736468743445018,-0.199140734063572411,-2.47000794324628892,-0.433724240953584805,-0.28782732807237893,0.987158447653946003,1.2273911132248343
-3.54224658401077619,1.19720227713268645,-0.00655107876175243468,0.0814520375475789177,0.778360671102466761,4.15058226772041827,-1.42579548017634417,-2.55597137194925983,-0.546359923897778321,-0.538612171620056923,1.43504530853605994,-2.60172327874831089,2.15695238174994319,-0.0410541897668228878,3.08810856810538237,1.39387869114223628,-1.37055241422552387,4.48200236795565754,0.3136172379423251,1.70107087064792739
-0.334883103583681396,0.620391081546065148,-0.953168774253417062,1.44876959386208415,-2.75846202305877242,-0.315529015869644103,0.317918793776791109,-0.660062780097242507,0.222978845952702537,1.75226261863412902,-1.32569600042327096,-0.370124851967743751,-1.70794353577984337,-0.681107961044978061,0.522136192204544103,0.0327151098431466975,-3.24824678075777884,2.66973403093419437,-0.351719766657420663,0.258287196828327181
-2.40926908599452672,-2.17322394294285637,-0.0721279025963377091,0.552235458212461672,-0.797576823060145546,2.46981634200355815,-1.09045767999793641,-0.883313798392301619,-1.86776502419544554,0.773527309647750627,-0.643343816509496458,0.838172818942528708,2.29745613264674997,-0.924895457040677327,0.433079404595287876,0.145548942519933694,1.42055812380098634,4.70021361299903262,0.718385162881021389,0.685473114245306325
0.897542293482311959,1.09005178017297721,0.687524676831085202,-1.19074178096759242,1.46242191460595938,-1.64440266142252711,1.58707584474287366,4.36386880578270553,-0.0312317052803830729,-0.83270749751948514,2.53716539920614537,-0.577157122184449367,3.14893508295328406,2.33814049546917602,-0.913028121224248479,1.24269928973316524,0.910044163864434097,0.440342585123352614,-0.227291633894387279,1.45511297537149176
-1.36415198641690782,-0.865872611287823446,-0.957701497367159704,-1.61639512306334443,-0.851120392805300829,1.14615504184166328,-2.58392360332400495,-3.56361098035813884,0.634669009310092735,-1.08270227552493403,0.599667538367802289,0.434771042552400677,-2.56085479577300079,1.22604685707705263,5.23822913821317826,-0.562349309952966059,-4.16310809204797749,2.07802729285532095,0.677443914262999769,0.153750242756263117
1.66120988373816836,0.490556131001307905,-1.22094807588025889,-1.1738819345039464,1.06732383653440666,-0.32237813917701158,0.968648386912317694,3.87323648179981905,0.488099533857515144,-1.70168734406901279,-0.161933968062511729,-2.6658382280840982,0.530540101584332402,-0.47758607484732174,-1.10201646344586246,-1.15933101892191948,-5.46324768092589874,-4.87036605995174199,0.225581589876240607,0.519394452254749228
-2.13582482165029663,0.137194206772161792,1.37538410369797259,-0.633979715227790508,-0.92398667773199139,2.66614689991754572,-2.21583786161948737,0.194218771455193256,0.0233323903261129818,1.57253330695849836,-0.310906296216662492,0.0325724243510144146,1.53849286851053346,-0.303853684529025669,-0.172182116568238813,4.55920875025947137,-0.801494121534703563,2.24545771862137666,0.738034005222340528,0.286883149183425945
-0.575488636046485591,-0.155540582117403375,0.220706122769101787,1.04479124822212732,-2.51189884941011199,0.466186352807633153,-3.37403258671654394,-2.00522816235088053,0.382520183389342128,0.458080699972554961,-0.419628304497975335,-1.28665729645837024,-2.37888900211467869,-0.915307339858834945,-0.186585254508202375,-3.74926752754687431,3.07124876643636435,1.06397552993988209,2.58543769398271861,1.03450837200806056
1.63306664663902379,-0.536207327525029642,-0.872197420742220397,-0.0438386473827401535,-1.24716926395103478,-0.542252997577886253,0.311840206472677905,0.717809094951705418,1.13175568667378168,0.102480695294402138,-1.56550561242021247,-1.31463915384495644,-0.681301403300428543,0.901197988259802019,0.570265567695802056,-2.43724102976481927,3.39560506727820055,-1.39335106081814697,1.40889659804513201,-3.95428293690722965
-0.854981295026890908,0.947955657157382503,0.631346049386015018,0.807516574709471913,-0.282230814763119564,1.71943881618409766,0.00678954103652631025,0.247894236193148876,0.792048614703560583,1.04596622455325394,-1.05506567076814362,1.61446120161499995,1.23980705077574904,1.59390608041941695,0.340363223331953679,0.394207304905181466,1.22737404470026901,0.0480427051489689602,-1.67888560402014519,-1.37429634934272404
0.652681859567655676,-1.39797132823307813,-0.823986521653723436,-1.09481991586045968,-0.96278761674686264,-0.4299019614482536,1.53887763081599105,-3.05020114213379667,0.655362975069950338,-1.42591924300963457,0.0892298940255656509,-2.2264453976302323,-1.82344859091729838,0.0595591473372679564,-1.06985192951081864,0.234585796907123972,0.32176876989031955,-0.844040348427873677,-1.16570623702570697,0.51920947872265677
2.02748728246558318,0.470740232974285522,0.597327511527189658,1.63114317990622437,0.301145690333509908,-3.30140197459357765,-0.28984544973919657,-1.17234405961671406,-1.94112728664830514,-0.0190522942522273094,-0.20949534243777726,0.195487870064443875,-0.69724557115402408,-1.34096852736792216,-0.927697326358029484,0.591623981030383272,3.90224538216234862,3.94470183040350131,-0.871209490483559446,0.00980989187879591738
-2.79265591531297463,1.42427196581479065,-2.22133636679715973,-1.93690832842518668,-0.366507863730989147,2.45639090780098801,-1.786249540065459,1.18652340387522748,-0.141411039850751624,-0.616755141166214771,-2.91588098371966575,0.914726936103304911,4.27688550042237647,0.835796521417404681,0.446853794400276005,2.28946482158190445,-2.51937476452353604,7.22272063589315483,-0.978449946812078974,1.42086090539978782
1.30285518353560081,-0.302125259706935601,-0.167914866254181783,-1.61718018331621427,-0.0253350394705785763,-2.77489926999688041,-0.088715613925661338,-0.342392503454747699,1.19973017069399712,-0.420067411386477907,1.15276512744409598,-1.30456517203023536,-3.16708825271985628,-0.578093635919522675,-0.394759417045209726,-2.02415826836296375,1.83380915402037958,-1.46031622436144981,0.895546037760346136,-1.63827614238190611
1.96948288355825518,-1.36583307668498821,0.396550508165089022,-1.57237183228788813,1.05279912785989116,-1.52116596890393141,3.02325355046247957,0.188359649089252346,-0.327781019699831255,0.31181334792275972,1.09346969412094808,3.46823499165142879,-0.389456800891659793,-1.24978097744239669,-1.37281091755861451,-2.98654158367779754,1.11032820577164681,-4.47632478567629644,-0.991716261738687099,-0.937789314493358006
-1.55660622221296885,0.0118661835497735155,-0.564889016577688308,1.95883440509821427,-0.288156249904027051,2.41370198126327251,0.00825422471023029916,-0.18597840454531836,-0.501245102592032588,-3.23147938962366421,-2.27439967340158855,-0.352819072527925881,2.67513751112353981,-1.65481317912654191,2.78373711767854992,3.2339513206047763,-1.29349767960689732,0.349226838479843538,0.327938420165904299,2.30100345861372535
0.809519387182200845,1.85568192143607336,-0.70190178494379063,-2.11719073361326204,0.620511527253939432,-1.85583650523356258,-0.204148908699651049,-0.941899050046104303,2.01187906526409321,0.37044286638462065,2.17096150747550487,-0.823728847155523858,-5.41027630948780835,0.78523459733326717,-1.91435796219904208,-3.86087351559841441,-1.75831365106262272,0.516126023217909347,-1.04721887089458598,-0.216611666097393657
5.11944590711093106,-1.82832993374876307,-0.524026135129764925,-0.444771394918846374,1.09697835631184115,-4.48234648422920223,3.4084682515343121,-1.85851362941760589,-1.3209064886869657,0.606097039462102805,-1.79767564933541935,-1.54595718505554069,-2.37522783620122313,-0.329407155716704259,-1.9722315592927222,-3.13864532884631009,1.31911477342482808,-5.12600140380154468,-0.853332180320369282,-9.5086947629070746
0.588833318089503677,1.11824301445889573,0.587599481242766508,0.72730194055358599,-2.07706195697018714,-0.310981510281367668,0.583312252668308995,-3.42761476282358801,0.63211091521838525,2.85758901594566339,-1.08054739084116025,0.715902293328331107,-3.41399451297474732,0.230054009271129428,-0.208478229729789244,-3.8480321614781019,1.56278713687506188,-3.12986921500579429,-1.24282138882488646,-1.26344245571605396
-2.09605740422833176,-0.169414876728421815,-0.126812888406692192,-1.30722251762125707,1.92192429229558792,2.35174028255466805,-3.2062517908546857,-2.17030191714855292,0.794608795437054205,-1.4729260124683532,2.23936092814044674,-0.860092919616432861,-0.219657496679517283,1.45846683181921977,1.00217650505097389,1.80719905390749713,-1.52136100662640805,4.65607597834266507,-0.293896299824268792,0.619935978607864868
1.13202854158549293,1.50434216117327502,-0.979163555313586675,0.42883091058570455,-1.28276488464671279,-0.55916627969759447,-0.704710004623177788,-2.4274847193418001,2.1817876053338443,-0.149963289299164054,-0.372788225013562236,-2.78030611400498184,-5.39330010565503937,-1.30220295196427482,-0.958673031227629813,-4.46045101932099808,-1.1888070314444219,-0.863636347124053794,-1.66754613732059997,-0.494025832869922743
-1.74945464181030608,1.46616693747570692,-0.350893040959605607,-0.232072309617639527,1.23731926985111484,2.53467178076567512,-2.97864869122264064,-2.8524099830344225,-2.7450588356644241,-1.4555771512567135,-3.79123814535285808,0.49220863190062214,2.47182239947378468,0.462172333458054307,0.507425430280435075,3.50223990091531778,-0.370388707254412697,2.973186445223722,2.70708581354569899,0.550231663899914292
1.64160183686724159,0.551170542123539109,1.4146484895578304,-0.0227340213263312191,0.80296609575462019,-1.98726298962289349,1.28496915031833625,1.99011618423966863,-0.522070351301995528,-1.05378045698443557,-0.54271265265150892,-0.264814573867927505,-0.386450836040509949,-0.805695331569258322,-1.86084990673611972,1.11448766638962815,2.57122410034493987,-2.63671631558645725,-0.350379855584805,-0.410815012146538316
0.43013607348699201,0.111988792841502635,-0.383575728543013139,-0.0591177877602105314,0.248959401631261484,-2.18118592156577806,1.9719761415492203,2.99396346711204453,-0.138152394687213131,-0.926002088809926405,0.667261227497565224,0.792805254248223457,-0.374685919419345093,0.41514006060042985,-0.48947191854185268,0.178210479076859357,1.71691367371703518,-0.848636646470626199,0.278431760882125234,0.465393049070257414
-0.165698234108490244,0.993204569019945804,-1.21557295657350228,0.797426343883509747,0.0043273900076045901,0.82598557073838208,-0.270597488198701774,1.39556770733929025,-0.925584555093389327,0.913995396071306643,0.659465119410978073,3.46613848062880692,1.48107235502339996,-1.06375306182056462,0.788468828491775575,1.60540582479652683,0.232409317293830714,1.95224924116342868,-0.490541656755862532,0.0992346793620208917
-1.95770105897495217,-0.757033074885285373,-0.640439312634078939,0.649408037164507901,-3.32196725613469868,1.16114137073751311,-1.94185103841379036,-0.846212454876912212,-0.786723108529778448,-0.445268309325985601,1.67538041809005489,-1.14582114934951695,0.732772064147452107,1.56062590192816231,2.50431957920552861,-0.626596074944017811,1.64391480746663077,2.53098678272130639,0.417084195945284841,1.07674569719626767
0.2598033088236959,-0.166075369012550267,0.325277565724315487,-0.2477796608939698,-1.8178667542864968,-0.707914772546719306,-0.0850319163547546414,-1.04835801726194489,1.01035086629982707,1.36472750323984315,0.472362178968080082,0.385837593610097396,-3.36958172067174955,0.136623982642974928,-1.09968587210161362,-5.58463982900576017,1.53490932709015637,1.27438939943041718,3.1971920697482763,-1.29221725686623756
-0.30451332996507946,2.07108371408171266,1.49598707281998577,-0.398928845509190444,0.873131511231051483,-1.19903429747892187,-0.0444518133630781784,-0.335530861351940435,0.324112325739703944,2.87980016334776101,-1.75011307161521468,1.0517007175987918,-1.28339699492154424,-0.425464646447105854,1.11671493756440321,-2.96588692035310286,2.48298814980094074,-0.13380039267910665,-0.497773062410892642,0.786570802427600912
-1.7542940897684598,-0.519086609802665078,-0.520701145147603794,-0.612148956611058837,1.31723449337887999,-0.215994073817424942,-0.568423430356470583,2.94167282132643226,-3.39723951706529892,-0.182557037219113899,-0.877105765996914588,3.83407840797733934,3.14143213239013708,-0.880291985584783609,1.00939680243846697,3.7645555424490067,3.207007741208868,2.44666899882408462,-2.7053411413859525,-0.301740525972288787
-0.438199877952611727,0.654570896671414548,0.729820716616038645,1.40947210372075538,1.9879136297675668,1.82607322454416043,0.201688272904539556,0.733516476106790827,1.20695591176318362,0.676107522246980452,-1.75723786716577535,-1.56317185283991478,1.29263508907385649,-1.11397117079689578,-1.0856936675483948,0.834841577914446575,2.50558624240531858,-0.937197828481371564,-0.465061202143389918,0.340193565665121156
1.53274850610176805,-0.62593940258931835,0.796492157630408038,-2.21563121133603547,-0.0492616291306366971,-1.66670167544570935,0.145307379777429996,0.960768439380871309,1.6761170299323247,0.260996491548625975,0.56568110497161006,1.49855354025563514,-0.371060289895835393,0.664112104290184191,1.13652088824334596,0.201615319251840786,1.64965757632154264,2.0223627312029353,0.399557396429527423,-2.50562131372143426
0.324264169289166959,1.2333363317715198,-1.00009728692954969,-1.22386806482865995,0.78163420416828211,-0.827021688006628897,0.758973296698591593,0.198844704435212349,0.687336913172960084,0.540547436331534237,3.23612800057424765,1.51628035027424701,-2.06891429399705151,-1.44841180913604139,0.0420624385484505078,-3.85031081219303895,-2.17608651449954138,-1.0411083695016996,0.128212831121787524,1.58456906508574358
-0.115132093363384758,-0.469865093608823003,1.08984999759212275,0.808321471775429345,0.15513341116804541,0.108841600401158742,0.124929765838613427,2.2598865063975655,-0.31830824923549883,1.42135540950733219,1.0721730006267205,1.35431569789112105,4.11455412339889381,-0.174095472307207511,0.481692490197180079,7.72669677261214538,4.01338603648655567,-0.476869814954885118,0.138833688153911783,-0.94601353934356236
-0.698900299852452722,-0.592847053293010906,1.22921637296120556,-1.18505106664252402,1.67718120978268059,0.32762660902143137,-0.914729068959183822,0.618536446603757062,-2.25089143939259229,0.125335957691784267,1.40999741658588307,2.54438068034304932,3.36383869411818059,-1.59018866431734618,-1.32761050633976296,3.3893142328103143,-1.27148065322158899,0.469264560923257024,0.218029145870585611,-0.377891783599597519
0.56398742930656387,0.56966713075444908,-1.53811505152071692,-1.90396974599270985,0.152305395713820457,-1.8254377316294792,0.193422188434551084,-0.863349575763884713,0.188920542156698568,-1.40721346817429183,-2.15676732188094444,-0.225833468857034314,-3.99673516687579022,0.466239554702414183,-2.00427254710499492,-3.837721735675379,0.707366632043330723,-2.16630606735555675,1.31755231681254337,-2.1032699229009042
0.846223701840101539,-0.891251164029678966,-2.45822386787090696,-1.10908991286473757,0.111487113590668055,-0.712547668180261495,2.4989873469163788,0.744542490146507197,0.106318907320027828,-0.62504217200558998,1.61764015652868998,-2.65948333484267829,-0.282286122764084102,0.0131681753069590735,0.151421962210246508,-0.228530249183913681,-0.688925107508299273,-1.5001088013134074,-0.520947275692116851,0.784048892457865243
-0.498839579541456912,0.697501336885035905,-0.0926855474084667674,1.30882395141108687,2.99111860783690053,0.620636681712214311,-1.28568358378075098,-1.97336684141126639,-0.0574319108487475749,-1.57546195930894428,0.709715057236903535,4.41579587765078507,-2.80331230578693491,-1.7746672742667069,-0.400358351986396355,-2.58936052286603058,2.15696885968120711,4.65977374805280498,0.199126558132378201,0.796868600125964721
-2.24667348718146798,0.967433079508467464,-1.42918866883302953,0.963554664597381594,0.817678012932246068,1.22196194326372121,-4.02929026802693002,1.9454049574249288,-0.634771561705842036,2.421586446244262,0.173276867452954592,1.16569073079469243,1.96488049645191576,0.519386121026194303,0.461660749367582113,0.105411387238317944,2.21446342098143933,1.52701989122110637,0.946498381887590834,1.8752613178604467
-1.48417032015123462,0.54570988738129278,0.442637274904583877,1.6041912920994652,-1.05485107039617709,0.41313178353101554,-0.816269968840992011,-0.53113433361041007,0.346087632422526104,-1.2593976705551384,0.181937936155357749,0.0744939062012769243,-1.0060873012997158,1.90485186810171725,0.329416518542463732,-1.1384488749702637,0.72481856319586524,1.08940639037295384,2.44319383182545558,0.613714876836626289
1.00095273642782656,0.0769254674788835552,0.152467650576888825,-0.910779298240044333,0.63516071304866506,-1.69059042059010078,0.235264667777086128,-1.30265620805915772,1.23195579616472739,0.253045343776949205,-0.937710916467336952,-0.0610753350349029986,-1.89596607141898232,-2.63593196198104263,0.196567421148159227,-1.48409848340357065,-1.7242672754966577,0.280337760621750254,-0.0816207793924431102,-0.372906457046729423
-1.87456058646233181,-1.75245743835040457,3.45302786682690455,3.37411266044701508,1.423584824625304,2.88727323850292006,-2.38057436281637358,-2.1960152646752813,-0.461750165238523747,-2.17831055072251356,-1.31471856501331419,-1.51650293404175573,2.74471631606012823,-0.485385904766578002,0.87313982214193897,-0.499979804880973544,3.77466153163838447,5.47949532524528848,1.00136857209447117,-0.209582172358508234
0.364412432657722163,-0.882111521279125843,-0.196862171962917276,-1.26180261937997473,0.0298052527096649388,-1.89463084960330974,0.51504845875087546,-1.79286027634774392,0.683226585004339193,-0.794852247108499221,1.4014863491842382,-2.32384006862711434,-4.50409319793949869,1.38316188956379338,0.58193890449495933,-3.64095873392476266,0.127751428210065521,1.44979048268184729,-1.29943491084314777,0.233796527003616361
-0.436968620068382774,-0.408899409661405588,0.90357831307876868,-0.0541969901273541416,-2.75566094865789513,0.058812335236328013,0.766784076641459089,-1.69759096957323163,-0.174984965851973817,-1.12581673121776404,0.0402935949845436223,-1.09349631465638342,-0.196978126813793591,-0.875800059917861917,1.43599168998402371,-4.49874292555918487,1.18017852690084957,-0.194015856035725104,-1.46090658916422345,1.5499527344224262
-0.0863527629454369366,-1.03384808036157505,0.954415412744755165,-0.246299462466761876,0.11820518202796472,0.25180011076082659,-0.913045294388204254,2.87834914990555335,-0.638953414178367485,-1.33653735490239711,-1.25448892729405936,1.99274288277856693,3.85684990977669395,1.29175650306404011,-1.86164295668009916,4.95172636321398585,-3.24682909284286936,-0.0688898405717695284,-0.660707746792311035,2.45197237633708109
2.33512888325569801,1.6053903355089012,0.654503305193918195,2.31345954443339386,-0.0269559891592282691,-0.504514816373436203,1.39218298642949057,-2.95550410773995464,0.22437105620181233,0.860045244928507313,1.04362868509978601,-0.779387456965081715,-2.04252148057670357,-0.840982855078822311,-1.67618904516883194,-5.38797558438287183,2.98323315985134929,-4.42031209284452853,0.44288666357231804,-3.66084053648080676
0.878808668460668851,0.949964782825345022,0.551077945698119187,2.26286256980522937,-0.596979439670179302,-2.07165053701043655,1.1596065973460572,-0.436340810619811059,0.284031228800349089,0.650863299464411793,-0.338827893668542157,-1.97189146608916399,-1.34314421336553647,0.46121377325514884,0.147026066292409163,0.682896121697543768,-2.02742653154853558,0.0131654156758621733,-0.503236687823400253,-0.566786878609023104
-1.07124316222910632,-2.23493066849116628,0.755605876857966874,-2.2992261299149237,2.1360901668162029,1.65510318689691172,-1.00221766608465312,-3.94314141854380473,-2.21427660252864023,-2.20822785072799199,0.566729310391047236,0.964527322085306671,0.720369043176591672,0.332225358428581918,2.33251111733666283,-1.09210540989973737,3.7045133230787024,2.87628910408371397,-1.89278256854545868,-0.10936133978314759
0.534989296286905058,1.41001707010180821,0.948539753703428468,-0.0907236704969979074,1.2934685579060512,-2.92935700457909443,0.352662124632728113,0.90556721466068979,-0.513401519500465087,0.542167785221895349,1.20695655826747972,-1.36944969327250599,-0.398057476416053768,-1.0202127102548062,-0.14398512020995019,-0.68755431025218805,-0.0556581167170313307,-0.971144988574435652,0.197215305046888889,2.14988296012840996
2.71509593465707688,-0.2296649271787089,0.536636132223553108,0.19439537393625389,0.0202761906361344883,-1.59554526239631178,1.18728153696236527,0.792619996873572763,-1.05247384689630108,-0.597059709252896642,1.27772813118992401,-0.432251616621598445,0.522858486981637283,-0.259830571493391005,-2.17104656842842569,0.8881057251172918,1.24963615648240456,-1.01936921198138752,-0.483773546107324925,0.30558597309032709
-1.20729557311271929,-0.0643768993460849537,-2.39753296097837287,-0.902102422955291638,-0.473653830135029874,1.39739576299230261,-0.796265036239082402,-1.33843249976675804,1.21551795230720816,-1.12242940233571731,-2.64720230414982272,-0.943598925442793779,-3.1035549104160598,0.653485302491062181,0.695380191232505274,-3.420778181969371,-0.996398782199471644,1.22241793307011104,1.13351308778230031,0.705881775647144827
-2.5456970118650184,1.2760710396672843,-0.580101276742249983,-0.0819813188188420611,0.453018170708648138,1.85758504949211178,-0.895126163829578103,0.775121416740067293,2.08278394419863355,-0.340553870121779678,-2.2710826103677606,-0.335364381711226622,-0.711040305345411183,-0.223330301319313362,2.76619572180886264,-0.493616738656360077,-3.92897666770193732,0.579640346902596471,0.0273758092476453427,1.59005002497832959
-2.19728071134980674,-2.09651404962590293,-3.05032620010327804,-1.55567954098763139,2.39113301565920278,0.0905256962662712578,-1.97256264084777189,0.578786539947163781,-0.329610023629880788,-0.721953159373000086,-0.0402439456791134631,0.444696660680128419,-1.64128927477895292,1.01798982735249699,4.3722586513073729,-0.793880196701039154,-0.542848421517177715,7.24320473846355473,1.18431420469701987,1.29211939414716359
-2.50246721969770425,-0.440414236862716413,0.633313827894138037,3.9400177007946664,1.53995573105364381,2.42157395875875503,-1.40710238887825789,-0.257185789033983425,-0.357650595639701752,-1.65140950062332892,0.917605121187871964,-2.17274017355239435,2.76778615905530767,-0.555659114832697143,2.60412058476573005,3.41633274370897189,3.37400956102910854,6.48942720674217721,-0.640962751734517999,2.42369565350502336
-1.07733100298993745,-0.916045732234011867,1.10863129992022613,-0.818654314007116302,-1.9700848924207246,2.63110655178776298,-1.90113358938492438,3.06668995622242457,0.690363123879176643,-1.46065572265333254,-3.35247464215211588,2.47882856076010638,3.792512052246376,-0.185473628306635857,2.31998864500991964,-2.03854777569204559,1.68668945319144181,5.01910727590615213,-1.12985252493727217,0.98203525213307219
-1.69365990974191982,-1.47457044695933148,0.57579338392054713,-1.24058015379995656,-3.80788735812151069,0.174698255096456395,-0.700043870481336317,-4.07233265844544778,1.72259273160676774,0.256020949620358873,-2.88611012697089375,-0.415046333692126457,-3.31224194744938405,-0.131467260702660182,2.68070524756690665,1.17419899764452285,2.54371920098899773,4.18513623609600671,1.6387444695206983,-0.0871749635730002664
1.36027514255079196,0.129264184576898145,0.121874663330764979,-2.26131698431915495,0.535966820413135037,0.766488152946805834,0.390965809557031918,-1.71514527083168478,1.33748804217532857,0.434671017518234781,0.21456308687366149,1.80241588207904302,-1.19482730543779492,-1.24603148489568372,-2.60013177275757768,-0.019709939845887408,0.218723105684632352,-3.09629220289902207,-0.772775769591156902,-1.38849493044187033
-3.37085703547586668,-0.739646456746245962,1.06866006998233409,0.164572121451036613,-0.719155393903682882,1.71716671264756893,-3.11450571523794251,0.707944507304832715,-0.290403360144821154,2.07889276188885619,-1.16571288364795755,0.461911549895885676,2.10492325360841592,0.89284648474089201,2.19865353642802175,0.265266465870540313,2.00015911793723777,3.5600659190697268,-0.0997570165780743562,4.46413065480442217
2.23841712035421292,-1.7498476315244178,-0.56567313698908539,1.89849744338796045,-2.53680791676934447,-0.90662271821875029,2.46351897641586204,-1.23183885964000828,0.136545268311450002,-0.287704724179531413,0.943481294200813059,-1.61673164876545994,-3.26959308353191158,-0.0575126103840519973,-0.270644625763748981,-2.45967279784469461,2.49257776649923679,-5.4015970283100021,-0.760388842531515396,-2.05376337551599564
1.24669978052151431,1.11891771841101328,0.395706992896137755,-0.704671293451726855,0.149698110802927442,-2.28661477206765351,-0.375338032749117201,-1.66456705318377263,0.186606504492001862,-0.0924478068858862329,0.27596574493465803,0.857382305376291454,-3.30160518334200903,-0.105170996138402598,-2.61638075995327446,-3.20019416836037562,-1.32414760790301522,2.03682522527162702,-2.42198634056222906,-1.80965127779687185
1.40147128810265742,0.803051474148316902,0.298381572109300497,3.52533425230466735,0.953157584357094967,-0.250195174345928695,0.325630164392535448,-2.44232395772037814,1.48017365180917548,-0.331034756537974151,-0.893616572809624143,-2.40240468350330882,-1.58996020259555171,-1.14058498742433345,-0.195470752816367943,-0.234099816366888119,-2.43350456435376872,-2.8199448298346752,0.967547129283523377,-0.333516988287658855
0.703152324035469456,-0.941966525685305811,1.37724696348578513,-0.384755477878742647,2.42147271505216022,-0.574707598723248392,0.219945551245080501,-0.315236620673459644,-0.702877576948207849,-0.841343456581232552,0.372828137694567574,-1.30013834392225913,-0.0168178736941220312,-0.397166703417085987,0.505754927602442228,-1.50039922275142046,0.729197340211667044,0.163942110307253613,-0.16791361605880481,-1.51653827836373845
1.47506371993299701,-0.698364060465715308,0.82881204340627912,0.136336477347325929,0.228915522991120224,-2.38736872524895238,2.26002077519307987,-0.636626293277627542,0.38549812498072189,1.75417364341735693,0.359130194704169792,1.94728893521564372,-2.50608143897936841,0.766393656369821485,0.106490742647022463,-3.80356781195648308,0.0730909001015812992,-0.889335879815984942,0.367576003781278415,-0.312496372564296188
2.45506164597569976,-0.781635051202518416,-0.286629649943747955,-2.27040221903171702,2.1383446909813757,-1.40871453701671401,1.88630140437907245,3.35964282501818845,1.48965783245904015,0.665708406725617263,-1.14925606504612987,-0.806328603627460505,-1.29901523445874445,1.30167329438082136,-2.74569325064414382,-0.98111812927728892,0.510074988918833072,-5.67168679164455369,-2.64583569397992635,-1.20233863040425804
-1.46719385438179617,-1.14143266162218193,-0.104502468063089909,-1.85179993992673309,0.715257463102716762,-0.118409569537037476,-2.03196805923338264,-0.602199392516277854,0.0194784635739104865,0.127559599457940792,-3.16977708319022433,0.966474831943039292,-1.83476811760229497,1.20415098333300974,-0.102831579674031656,-0.360024532542556397,1.44267808321201674,2.69671590365771507,-1.03556615235330196,-0.00119966899786729821
2.63275964736378842,-0.339606948614075699,-0.257114621845710045,0.169330636326376738,-0.425847722167538412,-1.50386142937875378,1.41944279235837589,-2.21703115197244172,1.11029383381621582,-1.14549917597461914,1.75373721470197252,1.43643816158434046,-3.4249753095720199,-0.871417276052549372,-1.85633741074452119,-3.19450370880853152,2.52348425968718182,-5.3234149548807661,-0.428314137878377632,-0.224283936556569585
0.275841577989703102,-0.631678733600443798,-1.02670063749492169,0.94399120885655885,1.2427066785350771,0.642583793847652629,0.351820743161803895,0.330405040442693476,-0.420428109091120605,-0.720082687794952547,0.0133190408019010567,-0.548865835414104608,1.03111175263496602,0.160745441265270406,0.860336216442445401,0.395379383308394339,-2.81052161854151006,2.88470684584522363,-3.94355277201788956,0.618424303951352172
1.99768274354321806,0.81819496734680297,-0.292358475708735133,-2.13098689046411893,2.10508853044137867,-1.91774155775019328,1.06379852658463148,-1.29907765495223226,-1.54514206790872977,0.829428209772625435,0.936575756944315385,0.591773822891521695,-0.520694723465122467,-0.107059526804207675,-0.445556856514634336,0.258696059999531658,-1.10208182239808794,-4.03372788733510479,-0.837017840360946286,0.634584194659453371
2.81531489699567095,0.850046720810859191,-0.267985721816337563,1.3040558559769595,-0.884653836230419377,-2.52418005017148372,0.465882828535701454,-0.33063572766668059,0.190058656980850782,0.196252912759868281,2.95340848879791373,3.12185291294948586,-1.01639079805352273,-1.40446724000429102,-0.777204276761490731,-2.55533240017993801,-3.6451843091292031,-6.40057596975663756,-2.75321996455954343,-2.29234047570275834
-1.07829967040254826,-0.109437483425369617,-0.410046618204399249,-3.48230983370521985,-0.586768651235625827,1.04338805483239128,0.370623775470993899,0.198536583186236765,2.25954091078988917,-3.75155770469146832,-1.7461205898566925,2.17942099914315257,-1.53398468765219831,1.35450238724612038,0.983184561463801177,-1.17502853702760124,-1.93126127187229901,-0.751055319130724208,2.99376433807873843,-1.41139042749729815
2.023928575686333,0.236262705463487738,1.06900710875644167,-1.77552459462427126,-0.117280043470761791,-4.32833949334309942,2.47413702824705384,0.429300974102475752,1.84135258018351777,0.264958357772537512,1.05901688131650751,0.190407521548218245,-4.02939539157692383,0.511013703669240371,0.129785823218358909,-2.42447133898094247,-2.34543988122799973,-3.21227884853908563,-0.334879155186187993,2.24580250296630757
3.48781706403295599,0.894835995869927792,-0.19104432317865741,-0.0616917400780560635,-1.11952728658238998,-3.30275875783444883,2.67251680301049266,-1.36421468377995958,0.562819749316402329,2.58260801735282808,-0.722560544275201222,-2.98868490100955331,-4.90814486939114492,-0.123862725780612873,-4.3570608391828225,-8.28859808018443722,-1.58352723768405057,-4.56527939419189277,0.831351704627753429,-2.23482145495124485
-1.60956797813093466,-1.59663184183058959,-0.465965762721873566,-0.472890743262635527,-0.845615513451066558,0.0633846804763841948,-0.262081269175294729,4.35848189006074094,1.14811636633867731,-0.830283105645621355,0.991022033284174375,-1.86562208451063349,3.32215290133218311,-0.304422742761685183,4.83448493503088894,6.48407304617118552,-1.96429169677524817,-2.07737712637167871,2.03781201793251832,-1.76485818959986229
-1.95216713439607714,-2.54753192982324661,0.283664236031054007,-0.91734858668464625,-0.383435029470792887,1.39362419499550372,-1.5851840117860394,2.10020113306296707,-1.29445481285095521,-2.16418617577751649,-1.8457304907408838,1.84421567927279373,4.9302849724254969,0.984331310460665354,-1.1319923216558645,6.71766511644867048,1.00123103839290017,2.67182370490739141,1.20121045342975363,2.83074482224187518
0.66178926698644569,0.048323529690159156,0.0565983324018709405,1.98064581794037409,1.37908457390003258,-0.909702156841186382,0.678943437528763516,-1.88149103403403917,0.647610711739854517,0.24979721724241491,-1.19709884544920309,2.02932585904858609,-3.6063019487735315,0.000384516530962894965,0.260614912278139987,-4.82508091177548515,-2.58986271505594257,-0.855175292896635408,1.01470212761137946,-0.740952054355492828
0.993796097749269913,1.13491766325892907,1.45618577016426043,0.752760456029047287,1.48166671575678288,-1.6388695324977085,0.984798258105663793,1.09442579544458929,-1.69757344875614158,-1.12152430105173462,0.857778771829085906,0.151343138563461432,1.16099956825082606,-1.73694557215278489,0.230535755935398295,-1.0449553622555694,-1.69958120572321802,-5.14501658258043904,1.20541883773325065,-4.4218977521559335
-2.36323400884514889,-1.03164153232293976,1.29196218279344244,0.576475956079019913,1.02372073324799162,4.5212210262130732,-1.28475642441332916,-0.421488807251310771,1.30495341435257162,0.522816440786414427,-2.00480023440334021,0.0680975217219544071,2.75206654466270795,1.62615588588448756,2.04432145200911819,-0.261259202316499906,2.58060743861502262,1.88822287808481515,-2.5721365574326982,0.228344773119331962
0.992059115234200428,-0.907063019410779825,-1.24126180623048654,-1.16622282728191262,2.48891508380059312,-1.65967167204230415,1.25011195317238988,-0.405468402732788336,-2.72902939683560453,-1.54481466750078167,2.68040976843528123,-0.352118707692701982,-0.0495048205725623289,-0.502277133137380649,-0.76920492182149891,2.15123285684574217,0.341305015266553768,-1.64026000095239355,0.782401415803171796,-1.70539289158693985
-0.245550004301540642,-0.0275704802500264141,1.84369323944466523,0.776703003551806326,0.370419885525978598,0.463964727016854317,-0.65712692086532476,2.96357831685958217,-0.0703680493201916807,0.804602042166665865,2.40738195646190167,1.89759773766625517,3.23171770985217233,1.45141935469096106,-0.749775079892667007,2.73825744811957517,-2.60094683090968637,0.936683233132830417,-1.05562370722003473,0.637428942999265002
-0.0497622793911102548,-0.07470004507798432,-0.215590642163680624,-0.35396233816167727,1.6449130927378719,-0.984910856827778791,-0.427858782729924281,0.0528682227157804135,-0.877249145750099824,0.956767395537962306,-0.996612367952351974,1.77533052044048412,-0.265769015575471335,-0.544235132903383101,-1.09115053736493239,1.08696667703003591,-1.96310716587485223,-0.285785769623645991,-0.0935140976753973396,-1.67617518383822439
-3.21589484041810714,-1.21651775806616147,0.173520359303874327,-0.0996733505568212913,0.544512718674852625,3.93052339767985925,-2.55025088921121235,0.762992549046345725,-0.445114334908657427,0.420757011931404468,-0.119941125090119505,-0.0318966297631253018,3.75363792251099104,-0.00730796486037119108,2.55188818847697263,2.83597351369191752,-0.503603082374602606,5.527308321165747,-1.81068509643669961,4.49738717726338244
-2.69552381494751225,1.14591914631089264,-1.49945286445467474,1.99635732268114374,0.0744301882078991228,3.74727345236229148,-2.14349451971152538,-1.77210660461990743,3.1089679523881868,0.865088038629936662,0.839293076894182311,-0.805586328267455909,-1.43398336472908494,0.797637748079733977,2.64108386430950715,-2.68819727550137522,-0.0199846451741502104,3.20176889497483907,-1.01153943840959415,0.983838541941966738
-0.874729126678378877,-0.0847474997402108687,-0.330896350074886103,1.52516918474851626,-2.23232909133028823,2.39731507066029748,-0.742694518736578546,-3.80460089759766529,-1.60782483341142557,-3.86646687578753001,1.48816999800630434,2.30183516323985593,0.844499237075150511,-0.328026153027907552,4.6528738086145216,1.86813057664788928,-2.05288564947432395,3.34135307622617983,0.815972796200311601,-0.376986580366070301
-0.161962326537452156,0.035931673662566728,0.280241813582142563,-0.734940398779293846,0.592310103045879943,0.0187332622986098804,0.357020734036227638,-0.2284590118648131,-3.34514531429910722,-1.15840485777582458,1.00604156257980848,-0.354947204967305641,2.47214000683390367,0.0270509309006169325,-0.483712147761167166,2.14175485107216312,-0.501126331928178126,-0.565696216015597941,-2.10968998123507578,0.0139879076726221133
1.16044846462376205,2.54883412474501325,0.374460441152017709,2.39148125705694392,-2.22595602835643502,-2.46663914949290186,-0.95187614336553461,-0.503847797364013861,1.71308319372508944,2.06964727739650201,-2.37379042132906193,-2.62254095981455748,-3.15373871575699782,0.768679486049803851,-2.45733094923255013,-3.3770979305514226,-1.69636221817341859,1.47958136379859595,0.542797870528702098,-1.92023552360474792
0.604895651885995256,-0.674000877225889528,0.233232971957380519,1.22734106110793917,0.787125568435667056,-1.02854930517065934,-1.10043908237582722,1.66625491469101483,0.448701596410951642,1.32922497410926721,1.89220213359040268,-1.55186656868484474,-0.66346001452848713,0.268357081791902818,0.510211285256019553,-0.430930377853541213,-0.815183576143469701,2.0016819472803391,0.0579949757825254028,0.039239622722980462
-0.48730861505796591,0.0128368882923008947,0.437052514852367013,0.381010620875536055,-0.314655293382170187,0.349964607914526105,-1.61518012915071441,0.318449085748348182,-2.11634143239524208,-1.17000147761646534,1.52813861800361184,0.138976347345331819,1.26244075444495185,-1.72555515691416606,1.27345238221310675,0.945708229579999227,1.98740223457545118,0.663179505771634981,-1.60715261959578104,0.903418419634304803
-1.60658210595770767,1.11202136430681797,0.00183660354600277925,1.45746975853396932,-1.53305238536661514,1.22190516949583761,-1.4789522136163491,-0.0662009654073822673,-0.685990516723962052,0.799663493365249223,0.669313104805693504,2.29174394963815953,0.670599291350897797,-1.11269350252925503,0.795173458641596165,3.95322355019847826,1.11405410779226877,2.67574444379124943,0.178607020017131329,2.09909819003168785
2.79527921567046933,0.244544703662316842,1.10180236155472788,-0.0658235916640122903,-0.313179491261406817,-3.29643591645472345,3.71367360105644284,-0.573519426521506337,-0.117277261178988138,-0.343980966973347735,-0.369364748761527695,2.67788346720710058,-0.817707061138706282,1.51123451193867009,-2.92765160381901612,-0.098017547613242495,0.149228811627817926,-6.21406633382331464,-1.70018141870845763,1.02389291285992123
0.144302574031123038,-0.0754001260602637779,-3.38973427230928737,1.02652067526451396,-2.06661407629656235,-0.85859150272054241,0.0973193518278208103,-0.295017487739376694,1.70961881590851483,0.947252014112467178,-1.43263027898066975,0.890554111953297256,-4.1558147988405354,0.751253818223465708,-1.27404351207086508,-1.39328846454607014,-1.72605728290414362,-0.402669553456158569,1.57030278417357372,-1.83506634024193516
2.30809034641363509,-0.267758186059813386,-1.09066038411691646,-1.56533339235554902,-1.25930179283409172,-3.51306125014619219,1.92772235779471512,2.88817176001136788,-0.910954994624121661,-1.20052058302544196,-0.599589084552563989,-2.07345251233321459,-2.66056147402010801,-0.826517025859854537,-1.36213512146755744,-1.16070793870741573,-0.153320493829647547,-3.93220093989696329,1.4937471048918638,-1.55276498307099065
1.50614850994040794,0.352344711835606283,-0.736500349012295885,1.2058437676596061,0.256103845043875344,-0.0738414936677799366,-0.323040056215869453,1.00400709424379997,0.749984512098932354,-1.04492066312352949,-0.295589379043875444,0.282852961055109986,-0.921148288331413045,-0.396199989678872988,-0.387361705094325548,-0.661618185802967274,1.41329395563767402,0.441171183958354529,1.69544806600109488,0.0609325678490596767
-2.57689042718090633,-0.510142046939050853,-0.703270157409144336,1.38756272823282623,-2.52783975057019505,1.97300747715349045,-3.89055242758832565,-1.83814493665671841,-0.524410032365141943,-0.864787788983127914,1.44373918734113182,3.44226796544147362,2.1202046853602754,2.16029552085001564,1.97752286098173946,-2.92328266346304266,-1.30090889254207109,6.42235930253135479,-0.551105518001414385,2.39809130791237601
-0.824682228260781969,1.52477756335363202,-0.556970238723084599,2.06512010607889973,0.672716901750920804,1.06163309847038922,0.635925144395533382,0.617252481965532396,-1.10391250158201193,-1.03258177614507018,1.88146368117736928,-0.10375160336142554,2.4876024294816288,-0.299439989367733195,-1.73453306170491439,-1.55464797418560674,-0.0619509688825358035,1.01769008290380358,-0.791786165031855504,3.85198489366694607
0.402515879350449968,-1.12899814292838907,-0.458764302049778527,-0.116630296734059807,-2.13889581043679655,-0.0567758284819994269,2.8491740093867155,3.15814389653279459,0.906089305097914632,-0.58724606798216028,1.02572521394821381,0.478381472001130292,1.22477091970223539,0.279270591519444833,-0.074717898269625993,4.19907759729747099,0.998641216477381355,-1.4560429790017464,0.992511591353825828,2.55767168029342917
-0.926030361923355083,-1.42853786834157703,0.992815966721644405,-0.518419630233366457,-1.13747881370500958,1.24028640294736414,-0.298820580598517349,-1.42586055090692954,0.135301410339551315,-3.74354722107039617,-1.42324121602450337,0.201216281661781571,1.84948548940890878,-1.04954072262273157,0.717748128651753747,1.11165338491718058,-0.485172570747938625,-1.78482967817055638,-0.645535105710143164,2.54151777414958335
-0.468008423349676406,0.068820360819821999,-1.53816692090736806,1.8272555354150295,-1.06513471441617846,0.328395411258610159,-1.99308591745067165,-3.54953997386519449,-0.570024813672275088,0.140070906276573287,-0.0640295356900724283,-0.127541313152488373,-3.1871333551811496,0.373709557720554197,1.21901919759535948,-3.92402048708865747,-1.32896193330191537,4.26554070960124854,1.15659083826273723,1.84346470308099231
-1.69014754430867753,-1.02254285854220295,1.53822868542147884,-1.91934545457818828,-0.481092124702545421,0.998392002759500463,-2.39785427824489616,-2.57815893229794169,1.15421145061502894,0.297549517082944637,-0.482443689656110786,1.44113034324700551,0.539851853552451355,0.929508794550938378,-1.39343002864943655,2.07388786337809394,-1.39460379779769772,6.04252917939363421,1.52054769505314669,0.319915598227188291
2.13902087113038197,1.14880611613227335,-1.95215403594304515,0.895693402211581891,-0.311140228430779764,-1.95817700404144746,0.972254615493509888,-0.529737771777974764,-0.703544512930141641,2.0996759870965378,-0.971687092003590602,-2.61915837774470583,-3.8323406382226568,0.292268305618842816,-3.04037173833738805,-3.93495314475715086,-1.82668318703244181,-8.79185099826236538,-1.28176996121470643,-0.997839544423507085
0.588799614230487656,0.589687863864140072,0.827476109509970637,-1.46953434483618728,-1.94180398141574972,-1.0092217284742393,1.25844778068361274,0.878603767913449962,0.713072681769307715,0.299205354080295249,-0.0252559779180007021,0.470843845895587032,-0.593697334257767828,-0.736608787197666093,-1.18166824218007926,-2.04295263102284474,0.236756112324747026,-3.87626550338614573,0.372965245417389901,-0.0108219283695292299
-1.74501876238387821,-0.324931914457801674,1.11575562581487753,1.40125580906485814,0.185143619485327482,0.701557247080080826,-1.51263213334429181,1.35273257642334577,-2.4437887228598556,-0.664059190121683907,2.83534244151312054,1.59661566700526447,4.74634518651456982,0.0254659497921436717,0.603706319870811581,5.3258117911796683,1.6923121722152259,4.99771609424845931,-0.325173595298471119,1.06439590350281876
-1.15136335317166161,-1.10610590015932808,0.459698805234695862,-0.486887840837592123,-2.26794122347141069,1.81238290133475077,-0.930946515326943835,1.36437602555817961,-0.0824187255741857111,-0.649338478488775905,-0.738469209455323128,-1.13127051108855481,2.18002136786524048,-0.469742890596145768,-0.323347334765846317,1.51382228377695882,1.37505806485589965,2.7903291030547801,-0.524725978890562939,0.0372721804982565699
-1.58444561656314642,1.39367723512830399,0.84505988041374458,-1.09049003346688123,0.724778714079669317,1.54733091872517203,-0.0252610244125434057,-1.0611080488073299,-1.48546079960066124,1.18493847100348293,0.932619092284988516,2.03144669679611134,2.63883476941216166,2.94339944158387201,1.23483292976487435,5.2967342329090279,2.6858680312492611,-0.342630317406549367,0.667996529385899929,3.96186161294823025
-3.09032961570843412,0.634014612020015522,-1.09081824648195269,0.225724681039128211,0.34270401117043392,1.14369053890872796,-0.913717498596679167,-2.47380294341011275,-1.55270397775846392,0.934417435729114843,-1.53188529711017929,-3.97170219809491032,0.55683476354852901,0.310888593915562894,0.170952533669014639,2.93192136471191755,-0.668902028423418504,5.85419013234936614,1.09841882320320106,2.20959021245365328
-0.458023956548239741,0.750237726126390614,1.11114267894081675,0.59881591596296202,-2.15638594407673034,-0.363173732526605952,0.0174668298679376659,-1.59939169705292228,1.00376319751063003,0.384187432673347096,-0.174062355194744528,-1.94215757870407302,0.0169857101922752454,1.02903531448151409,-1.28797614738446642,0.766791732796432757,-0.204497798272374021,2.66736034133751421,1.70131867447000129,-0.269631544911140164
-0.21720919705006772,-1.30595428698521832,-0.173395390465477806,-0.517350059226026837,-0.804203203851920789,0.524420835756787884,-1.92930213557275088,2.88572704268252123,0.76813547787444636,-3.23500571809555915,0.388617293515562068,-0.581067684143365182,1.6177381335504295,-1.24682633704800194,1.33771159978255394,4.3301851952587036,-0.361714535576583951,2.5212476619806603,-1.80857549183013089,-1.78212727139259153
-2.10455969344831173,2.09034270273841871,-1.15087871431101707,-2.32262281164769568,-0.165959296322017613,2.62650904576230504,-2.04398690775520064,1.55840846141342193,0.296931741436417318,1.80386544709666397,1.51415659098775457,-3.18218536892022286,2.42220387278708715,0.528646829044467359,-0.244283491402205843,-1.72687748756405601,2.08320594039501783,3.00869159792395768,1.49129981735551809,4.56233455164380342
1.25869904850262837,1.53362597750327612,-1.06113521661025656,-0.122044080518323869,1.21088079120758318,-0.756301579209848751,0.607392255538999448,-1.35487062082311005,-1.11282132560523395,-0.244786891827170255,0.220980088761716487,-1.11740916711098759,-1.93057478053118015,0.585233937060172127,-0.738130436382316457,-1.01705566312512596,-2.16006015545952801,-0.772849161142638574,1.96904663329613183,-3.55939459474435171
1.10516307703786998,-0.314388361154286033,-1.20024947413178684,0.327560672876979264,0.487596571591871808,-0.271761855349800407,1.55427675323850689,0.983400070717977082,3.36162025297838385,1.73559705545880205,0.141742919242838911,1.8060785758701039,-3.3595144351583115,-0.525687262148888168,-0.262573358938264334,-2.98737435147676722,-1.720340358874894,-1.93709990259067011,-0.457736738076495009,0.0466656880108350589
0.154045816319119039,-1.13344819546310083,0.663233539548498396,1.88119090504288766,1.36145111756131598,1.08031779755498181,0.294221339686742356,0.254744119492272991,1.98676409221769878,1.29085241788444405,-0.372673922036179051,1.61744294902312147,-2.06147707328050389,-0.896583879369221348,-0.106358521078050786,-1.37443365163225639,1.02775604991259506,-1.82613585493201391,0.792557751593339077,-0.678081794418015527
-0.686460333171804549,0.400976584272026093,-0.505701494557284081,1.47314528903490927,-1.8399336339280199,0.462813549150039638,-0.672965911504044834,2.48716120630985982,-0.0874686862313856228,1.48137054512565336,-0.228969772341504035,-0.549815532606654389,1.72081982823437762,0.421027716760709603,-0.106255541701937281,0.527869732632903044,-0.761854587050228904,2.31381451608116651,-2.20165884498258801,0.593325876393220875
-2.64129031998288744,0.81933156281527586,1.31107109305650771,-0.25423730115168014,-0.252618489954838599,1.97777941377564792,-3.04313358629013964,-0.563271648364121469,-1.76288931055740572,3.23622714546266677,0.938557758903233896,1.84452617082736703,3.86872950379188651,-1.2172277379201053,-0.0824666082222081653,-0.282395435637570136,2.51454350497291657,3.63527455766367869,-0.758338533985923657,0.417154016181903842
1.8188598283939863,-0.77538934999739062,0.95836259554881531,3.04153442716132183,-0.791633555357602159,0.377700667614028762,0.75006044430486829,-1.02552900157728932,0.901084275491404685,-1.23017587986564525,0.753456578771421137,1.39345939225200954,-1.35050772921527518,0.919740246017271446,-2.73775828901847529,-1.0413705492796419,-1.58971892132200243,-5.17298897459732299,-1.29137992818924885,-0.504515179760521626
2.3638711547417639,-1.31622300757228028,0.413653182237787742,-0.655083285818257921,1.05367265151626976,-0.822921189785101981,1.14064525996696453,-0.29899861530872851,-4.21081010435228631,-1.73298683846793899,-0.995266912444461416,-1.43953832882484623,3.85692027863635944,-1.50082655592098679,-0.320452034338264802,0.291294472175225083,2.38264626456497508,-3.81147638743769823,0.53394399097458356,-2.4632367354990552
2.91451058475585612,0.507505965692483074,2.15769191294084584,0.644443880057733676,0.300010639720046379,-3.3695052535092902,1.97115330060616722,-0.687354636371090399,-1.28952302225097193,0.316820182043838494,-0.977457086805224806,1.16675250943537834,-0.662010649961100373,0.954042276012751489,-1.99475818334166766,-1.70751791603272896,3.4463634322177632,-9.72978181149821886,-0.515357184066683738,0.374705657594368635
-0.887674682339690269,1.48834359895700596,-1.91748819055714304,0.844607891684313605,0.0945208620779711545,1.28374504541952117,-0.370485703992249227,2.58542374181407908,1.59970006277866639,-1.00230541827105513,-1.53261022494280774,0.27289887793368639,2.55235449434482398,1.13913392482080544,2.03151872988770643,3.79500028069537798,-2.57973669972395481,0.679888804860895646,-1.23122141114137351,-0.55608823550592601
-0.65512206242333948,-0.443951053030124054,-1.0574389723765365,2.22721062139576675,0.282842350392451092,1.28679335562167751,-1.10118565573174898,2.01365739307848202,-0.293753455430227517,-0.528041319483197991,-0.131256144410576148,3.84323568152026329,2.2879457026687624,-1.08468637869160345,-1.1474284373750625,0.221324562178876166,0.0338417201480460741,2.86814154139393507,0.145168314192019976,1.16182278783148263
0.0221028549821558583,0.209844779992596514,-1.24785233642655036,-2.08725968996104561,-0.0370175725416687848,0.310705244910511658,1.92927851759195601,-0.30370775959126739,-0.219279478453682591,-1.85139574864803635,0.541769679308760632,2.80297515271917463,-0.213971920345213867,0.237524571245170207,-2.23348830030593248,-3.68318726769651184,0.00730717105696871479,-0.570785858575690863,1.23685854192754174,-0.657708765655219296
2.97532026290963492,1.51705692258367031,0.381758845641198941,2.06235482685547433,0.198699887983263185,-2.6622565134808438,2.22596796462111435,0.387634130522694631,1.51787505165212555,-0.71660980200733182,0.327060288325402293,-0.356934854639329946,-3.30201863563326015,0.910531191304225884,-1.92958070835639073,-0.846862685424704775,1.90493760840078541,-5.2842675825844001,1.44737760643431534,-2.38994586935218045
0.749269001553427905,0.790179597536251221,0.840398046043064784,0.684162023562164157,1.32965470546333209,-0.0523136203701465574,-0.660282244513805683,-3.30668712554170163,0.195727766555629623,0.113814856999445532,0.81638742883428439,-3.68552396989290409,-3.0341863584735651,1.59139958411180871,1.50180669359321084,0.366991378739003449,3.91472939376129991,1.34533607177726422,-0.621943735518902474,-2.17464142393106163
-1.15254684130356888,-0.484861179505858442,-1.69059890926056799,1.07401180139261987,-0.11058940124589732,1.73605104530181253,-1.42263581299915809,-2.81118503989066015,2.30965918642489365,-1.99690648468347232,1.89099907113280197,-2.24785447145719885,-3.27350724972563967,-0.0809296367192141736,-1.82083488836987284,-0.731680644230097266,-5.66733611937467252,0.98022480205104412,-0.422582608153905082,-0.56120046506020238
-0.56187277308479977,-0.204977432227800654,-0.458839327505343175,-0.10587330379463479,2.79060183553569319,0.543078396388587681,-0.479668006517221357,-3.29742766288217348,-0.740864179213297502,-0.18270671759130927,0.226455660663731795,-0.839120916676019846,-0.84630810467683204,0.0375588721329065192,1.65458857511601765,-1.29510590917957313,-2.44216247816215137,3.444141249332767,-1.00954336144546497,-0.901633801605027374
-0.166377056959386621,0.455458009549180309,0.570021342660890662,0.389507223624616428,-0.505727348838738044,-0.237226054595072344,-0.0648691744235664197,-1.49799314314664067,1.13926834094886731,-1.74721962283795396,-1.16756619635646164,-5.27835245885326465,-0.673906133710479471,0.214939726043070656,0.0586957744647251464,0.713276134047474475,-1.72494165488131457,2.67424483638846633,-0.104502331501563017,0.29909496157286608
-0.225427104638804165,-0.520889946123962333,-0.216880381752357299,0.651105244909132685,-2.15943442824911491,0.557389515803303648,-0.478023835894643867,0.633647585369773281,-0.330039288940423892,0.466991879697586543,1.79005971294104116,2.69000301830245592,-0.191992610718402207,0.260262672970972386,1.17716753365355609,-0.364747589470732603,0.149963526924179719,3.11449819332132138,-2.44599947151510966,-1.37825691072215784
0.507941472829912199,0.236960231347936728,0.340423438287683455,-0.172436867675708705,0.905919063972930427,-1.53425334710907513,-0.609869760233750946,0.951060433364935953,1.18213189526257123,1.0493464168607558,0.277914776114720485,1.28427417404374133,-0.694410046028157257,2.85772620498564978,-1.95540734284138806,-0.204092401740834289,-3.0928843714550478,-0.933618793828417948,1.19575365362876451,-0.0355513472333314692
0.193569626808521439,2.37775510509061094,0.465364186110418798,1.61107296301197955,1.43761190799665783,-1.27253003161792355,1.23526468371511422,-0.870052589278429989,0.124942538078478785,1.14057062693009126,2.02314867237946849,0.435373714582153126,-1.4660544239412252,0.837906364997950015,-1.023512563967512,-5.23063277435752472,-1.29165219212997751,-0.90526806682439831,-2.31481978279324796,2.08516668100817926
-0.321074597275046114,-0.654699094380595592,-0.247060244474257618,1.79550547362399526,0.260389766250170906,1.6058128828020557,-0.305734522767811323,3.01654888833097345,-1.46663479126660912,-2.92697687261777251,1.7413280975571892,2.48836351614005569,4.89574646062933727,1.05659306172941148,0.861704834547164622,1.41698166087296973,3.14916421599310015,4.26997024082630361,1.94875409466909355,0.247477548344114839
0.904102995007295296,0.0713637037411445491,-0.753157978959454577,0.728612170797881653,-2.34746777909986193,-0.756251450246931967,-1.19203983147017922,1.27636478660335895,0.437321975959810816,-1.89656999916345081,-2.70265465323596032,-1.9848856582012151,-0.659697418610691533,0.425035926054506907,-0.245754322313390006,1.81258542329417494,0.259644941558801634,1.50535881989897424,1.28077219262645792,0.387844074800957395
-0.260541670725998653,0.252099969795675449,0.634249663370892502,-1.1967277728308845,-3.17702952027024343,-1.79499259787422893,0.360315987526928783,1.50872062154619924,1.72940306654393661,-1.29501032397953053,0.172036177632729881,-2.3444264488999047,-1.89243192436665297,-0.253206241537739185,-1.09577913541937733,2.00873630912134926,0.414034304592435121,2.10762989297371472,1.22405706711821738,-2.21687410816062025
0.540096539393764674,-1.70181398898105929,0.807284207644178409,3.25497557041993657,-0.0201377719993024937,0.105563921383477075,0.54958619285248933,2.4768685720621777,1.45428352676892425,-0.256216412837096841,-1.24780393838462644,2.62304245397025815,0.893023622872920364,-0.0369042238833942535,1.83820381777458297,0.0477181151037509924,-1.2907444609231058,0.45191072999544929,0.27393106104199344,0.99674378330808755
1.42150050226036306,1.92560959509687946,-1.18378737998888695,-0.142023945347897473,-0.588410145486336522,-1.40238280652321778,1.59258325433120906,-1.47766276229245519,-1.42507278870080567,1.12509334743927369,1.84488394254455845,3.79668169089854812,-3.41685586951995246,-0.327320422596690641,0.25446387209565402,-7.14678411391408197,-2.39066885182316113,0.156136646781260963,1.90424678387450075,0.649706139887843204
-0.058429978096256871,-1.03120165883218773,-0.18046009545813288,1.40423654148858845,0.0621976315137899027,0.574654207403968331,-0.818932341332778146,-2.847073564047927,-2.67631194269890527,-0.507369449628968572,0.10554972364593429,3.67372491880472918,1.97117901375784466,0.193479474691905046,0.0503609658279111638,-0.388652737520334801,-0.884747427026157163,1.37102939703520454,1.75783862831483306,-0.302601673910732505
1.75038098050497548,0.909998305152756481,0.465590207073045048,1.50096787842303914,0.0101825959269251955,-3.14782626224687867,1.0318799804178298,-0.962241312805727667,1.20066757877884833,-2.27256267507027276,-1.04238307945788322,-0.854029734942340135,-4.71502012722492481,-0.635097902739246711,0.248734950622648415,-5.63260447931501673,0.749928655896352048,-4.55230156658302398,1.41038951259989109,-2.20013786220182217
-1.0733580141875585,0.250027480314504613,0.75131324333994165,0.055808482208090239,-0.493218013156391966,-0.407705686468517847,0.00224149914102126984,-0.248158153802984699,-0.948088556759673629,-2.359756605635281,5.69493174763476695,-4.41313493868885676,0.955041958389351686,0.250862750191039596,3.130208418569012,0.573166600095229239,-3.02895107554498999,0.876575911038690481,-0.457342821122912857,-0.140557037583151856
-2.11882117697756334,0.816896416516929569,1.19762592222659903,-2.39921633128453005,-2.32493085928952015,1.60333620435352509,-1.52007949481206639,1.26150478487724449,-0.753515722672436383,-0.834195472304007257,-0.865683174158742408,-0.573621783096262217,2.30162848049768876,1.25626568674917327,-0.22312514807300457,2.91983951271048614,3.08149874323622797,4.77225092277711305,1.30687390642971968,0.866702665033223241
-2.23771205165168086,2.64733703264809073,0.894914311361220238,-0.294036571824293158,-0.181964001104812256,3.22024822140224387,-1.38887121210759346,-3.29363338536917594,2.95520058909816896,0.792200998708609272,-0.248816605030415139,-1.46552837943247138,-1.59097284724326915,-0.718698523843091186,3.58881289313150109,-1.34626776241659174,4.24289415917423973,3.52154853026021764,-1.08449065491175101,1.85134523011221908
-0.601965307300760588,0.518945873781560763,0.985507405491297672,-2.3156969815849795,-1.33036958565879004,1.41631014953714285,1.32009999187934457,-3.11235220354572339,-0.743742890221822273,0.547833802093394606,-1.84926880969257468,-1.26018605681397644,-0.530407629346175469,0.784725046446401286,0.361094045378783646,-1.62172591063922389,-0.915374318875040283,-0.534944374707793546,1.86732492124693117,3.12130298262308026
-1.80727581207543131,-0.924254901318401934,1.1889986378813997,0.757641841214261702,-0.289345295713293704,0.141818198740165879,-2.44135902345955813,-0.235020388982483314,0.419749246003432885,-0.481104448727309508,-0.0714768717610684695,1.81208072021565414,-0.739136175668873463,-1.11280527911507754,0.83594575952025596,-1.56672561154014178,0.493961599355505376,4.95717173477504058,0.953656716873096832,1.20272847285844753
1.50159082270055433,1.13737924431912729,-1.40655923021871443,-0.56537287535365377,1.37377500891625681,-0.977164250526310507,-0.361127777519653526,1.85370030548413012,-0.664028489298364999,0.758991211696822266,-0.658056231615537279,-1.31927791487813151,-2.48267812702369817,-1.03736314035094224,-1.22263307760778428,3.28664447155579431,-2.54725063726800105,-1.17846198606604036,-1.05943536639002978,-2.97673421357254409
1.00350404795449322,-0.648618284436563108,-1.59930745859310752,2.36576938995957153,-2.37907085140393182,0.192601582088337997,-0.831411701757655552,0.60272450603576877,-0.0920496608440725533,-0.269047270590921928,1.12769315806242698,-0.139617564118297566,0.449286363350960782,-1.29630544592422114,1.34276413820934359,2.33892807346915177,0.514626231624636055,1.1081499567816393,-0.981877632158869917,-4.95226512298880106
0.281881511904893967,-0.078491783164265444,-1.61660006203761442,-0.904953444718742839,-2.41252964258970426,0.480239134755823749,0.388372266290224089,-1.29770188379265083,0.0335043252836442068,-0.598390040049438743,1.0026243878022767,1.77461954296769364,-0.116358015341630136,0.670263650266394007,2.33046322628699931,2.66949485702280676,-2.45628179647984801,-0.593543342657588902,-1.59084375630422237,1.18989643391160493
-0.518394970394290389,1.47312891388639278,-0.517286408616572269,-1.09458361190927578,-1.57840155871867238,-0.207913986082577995,-2.35238855388978463,-1.29968608308875533,-1.63154639340825569,0.736061176369616876,1.2763401904690943,-1.65770762386385218,-0.0695585005111998556,-0.980816204526648527,-2.14275540875626325,-1.71169905373634368,1.17426308100761645,5.91394198908970115,0.601290106294155136,0.465796068806175301
-1.43031962056174655,1.43097531103453313,-0.233714167935591383,2.00650448686547511,0.238254214370646672,1.19902607816430251,-2.8116535792140227,-2.41394774332087358,0.0609516219565406289,1.73910749423206057,-0.597678019857855514,4.25168038714922769,-0.94854674487746804,0.919127585514132872,2.64988189464459323,0.94612969946260328,0.668019519556008801,6.38672474412473345,-3.03303511274518423,1.66387296011310659
-1.25963828108532283,-1.82857627241761378,0.241649142656922472,-1.05972792663422011,-0.368002846308824128,2.44936731974974231,0.422149367550951116,2.48056231583886166,0.365810777062728687,-1.77365727552534858,-0.224833595437066019,-0.331206276578943415,2.15753934784628942,0.514751272194380549,1.18084313295759258,0.570802776990734673,5.61304749134543712,-0.74843708859469138,-1.10312850959139874,-0.454604922429922398
2.97630528429373253,-0.895291068071555007,-0.52040299071790086,-2.2517987108013795,-1.24793004655088469,-1.78258708531651333,1.04855619256469756,2.42661459860841466,0.666399918684846382,-2.05463597167775358,1.93605251491613006,-1.13307318385287226,-0.565182377665485736,-0.795423201505667254,-1.39816904385378526,-4.50643458554239551,-3.01496616668359207,-4.58886447342112014,1.08865159322110538,-1.80681043812513109
-0.144271502826874592,0.530071349079667353,-0.69334477107236725,-0.212834750203707262,2.01067506338011137,0.80942902048157539,-0.700537878849505691,-5.03893643462091489,-0.857706976479754357,1.27534947735051674,-0.403702430577910498,0.947886943358915546,-0.698755099461629281,0.978321478897794417,-0.669810517847952647,-3.17173329229943635,2.64675261174871412,-1.43746621080556203,-0.404928193947390602,3.01755757216171983
-1.22544665262268837,-2.27470812799450028,-0.0327919443679940414,-0.886071156418098527,-0.600605505765331116,0.390642725255744006,0.330294969984216091,-0.377127599275755343,0.351574854777214008,-0.226117332395819742,0.572347764630012024,-4.23125407295609524,-0.838309231333816296,-1.75252001514539968,3.20807744544734286,0.749589653120811272,-1.5353348585699691,2.76026983236846091,0.816620700960870693,-1.17007192870225674
-1.26118054077535224,0.4492544917179499,3.18041444673501106,0.451033682370028,-2.81759187317256021,0.671791317766749163,-0.511070598397732501,-0.346913865035661406,1.08969634891108602,1.45202553432026193,-2.33480652990013748,-1.22643845822658126,3.98502833950039115,-0.826881766817709307,3.44768199628715521,3.66239890225457065,4.18295297657821674,-1.52190043787516571,0.337134010384534222,0.133441276691837502
1.28734745783694726,-1.33920742951230443,-0.339669948752080231,-0.678716079920883897,-2.00504424997765884,0.168851426326082854,0.970305794985234837,1.34797745200287888,-0.0792477983093939492,0.811579566712578693,0.618220805841903753,1.16316298662511874,1.34968587558014241,0.896425682642821298,-0.141593872584807601,3.31088787252995509,0.542739241786971305,-0.651209036854637713,1.1223354134317991,-0.674882232283935846
0.833803058451416224,0.914772161419560526,0.265618830320030086,-1.0494153531091921,0.877164980789326698,-1.07312522497199159,1.37068195083019884,1.98482298053372386,0.0549633482674853555,-2.00167848533411252,-1.28941678731887044,-0.882485030210195864,-0.109088410805525671,-0.672763452695060438,-1.31724833126502561,-5.32841310400450396,2.44188501925328971,-0.570902936148451112,-1.51427873667823687,2.12775469028197328
0.505333373396722796,-1.30601340348946215,0.891925890844817437,-2.22926907310275801,0.708334038717660097,0.0202861323464221671,0.500010636830933053,1.00751843599441204,-1.46703124984418287,-0.347722017696433461,-0.0131726967536567614,1.4699922613543317,2.24645954756193156,0.606380434964788106,-1.49293956032877784,3.58812492825547169,1.90598741167912489,-1.4484544304232454,2.11507087084533874,0.320601025964580844
1.46947241250204819,-1.43890916917355582,-0.594186978955709599,0.102693836594271046,-3.40744883468765325,-0.482124767106855978,-0.557233974218596551,-0.739974619223695118,-2.01986649476142999,-2.18087818893196683,-0.780798878890934245,-1.10638072379231533,-0.128793412629874454,1.45923017294695456,1.03999909087534448,-1.81004706786490011,1.4300614421095641,2.18597060164100698,0.110176460322943551,-1.12472928670718075
1.24671834418985528,0.19725832245754607,1.01353577508695336,-0.181450684856899802,0.0726790138875030856,-0.585789544655769157,0.282320218250023014,-2.98666068726353506,0.157928315978567962,0.621624771782668506,-1.15700547538474563,-1.58461326865172358,-2.97929701542288061,2.07444059859161278,-0.310967827506365702,-3.89870841249025268,-1.08357241434460261,0.956980523954596651,-0.519269606709083842,-0.591306738959292977
-0.437153825448499733,1.4109786044971846,0.504140851211341334,0.111057724903085214,0.808142832559069713,0.766965061172705687,-0.796912114966049412,-0.422703163993395858,0.127890158207778631,0.922493376182648595,2.24326996793732159,1.46775863500032266,0.718878542548592181,0.20729009581897162,0.488572077932316717,3.18718987273741439,-1.17183985739538787,1.68683340526045122,0.213860064418146339,-0.185643067991409755
-0.0999828285041335363,-0.460826617424834495,-0.261612898696141016,0.838767886214452973,1.65546467630382654,-0.770830983801095271,-0.61738253107365948,-3.59190600087686596,1.83512088589287825,-1.0199299759963274,-0.0728138082872821918,3.155165154274858,-2.88393220938750749,-0.398488752517591249,-0.720733720553548451,-2.81740173824315088,-0.554882303521033626,0.0354897386847041613,0.369349011205354238,-1.03012433652246127
-1.13666678506144248,0.485593514926594749,0.111446498819829043,-0.883483500948337275,0.0479388689814983296,1.93022713093979603,-1.41559070667110243,2.59886573773378249,-2.12776040350805884,-0.0118290533007335743,1.26589196724812458,1.55186520820688645,4.48768826243704222,-0.706705975075823445,0.762021579778005775,3.02855715110530399,0.0482546810884553964,2.13129148066897267,0.159344707877478065,2.13796774120158384
1.16346617446627643,2.13908792302901096,-1.64922005365078084,2.31891804473083374,1.6602592347354983,-0.899556215671098003,-1.14173806145419099,0.583855420526721014,0.289827550616266028,3.43816425550700711,-2.5282647200525683,1.00200952597752591,-1.11041307547025503,-0.643365243360113359,-0.707718235288605446,-0.00328892326172119552,-0.563801907916246181,-0.186224151593500031,-0.609064130496064227,-2.16303543963124811
1.21646357540501437,0.483363573224189769,-1.2057550250345026,-2.75145314088707504,-0.14593385190771091,-2.96857121605996843,2.12239322359978155,1.07266359868913996,-0.380231713221127254,2.13940546614320803,-0.340726640442254369,-0.750792549079088101,-1.84165936576096967,-0.255841383776191533,-0.466650638723307476,-5.2245510128377326,-0.685306847098078431,-2.12137705635458262,-0.302523034989785222,-0.492597655808675039
1.23810721084191799,-0.172059012050050669,1.3198077161521824,-1.67653984185662819,-2.72741779430456166,-2.94269975687640528,0.841406585584754119,0.742304122237022357,-0.12022611878405115,-1.49063268885797906,1.61503387002780774,-4.19590757930280578,-0.322448632834384019,0.66222182854586864,-2.16643619090707551,2.55717580683089363,-1.4296578119336083,-1.07698967651333066,-0.184670904172418632,-0.176187339496881007
-2.37287124606140676,0.626304089995239455,-0.892387032699142102,-2.12907204170307285,-2.29507169398254085,4.52617307214548603,-2.95314264631928269,0.617945881869376823,0.0257654526145313263,1.42384733081574333,-0.204070075487023217,-0.909192385477491039,3.33743761283564488,1.44142750133907427,1.07072118093950053,3.84206015921234822,0.696749580974307725,0.251456513602799414,-1.06801364191885861,1.83912072816691885
-2.17954258334269335,-1.52313478637499955,-1.09464061615595321,-0.638577535254940098,0.617684910586959623,1.46651261503359631,0.0728467336938448673,-1.36553047847440512,-2.05569654108456579,0.16573519987336377,-1.89212546341865595,-1.16194549385527601,1.55560008487343326,-1.1345737216736882,0.264815300196735381,1.21553012499967461,1.29620109774487346,3.5702350829430709,0.376329083444647272,1.92025941359976815
2.65861978697483492,2.53123079025863529,-0.788686232796360076,1.79300833139731886,0.558565947712961308,-1.75182346185401516,1.74277352683565434,1.71944483374404977,2.69324196781473146,-1.04777949057070741,-0.646331104874463991,-2.75514804905406052,-3.78688171559265241,0.164643437061987946,-3.0372148984050571,-7.12894257577456081,0.786040081065188967,-6.21850181389900847,-0.270906409007305282,-2.99957766854810481
0.800424459275433042,0.492403155442240226,0.625840408512990831,1.34850347228349077,-2.76524843973405421,-0.378249486844459748,-0.612382235128034802,-0.434651412421295513,-0.463172193696920698,-0.019434758285680049,0.0061961293598176469,0.359893634973158461,1.56951604860149052,0.868988536261515843,-0.467337188647085844,0.744582431191443073,0.648037516403297209,-1.95060012804948668,1.28092339626890239,-1.87353406004493217
-1.27237336017145286,-1.66603367745161202,0.288029653164103006,2.67952679743563538,0.081856907721162539,3.26415386902866977,1.35893171706722637,1.36055235017517973,1.52563641061669153,1.1581019544827944,-0.930188134862809823,-2.57324066265805529,2.09723154603438999,0.677354380915716314,1.6652665965708553,5.10027787033078805,-3.54167384114228323,0.29309127347453362,1.21475780603836303,1.43427730618349147
2.12863569572928935,-0.643844821628922315,-0.513905835428225433,2.15715009754272735,1.72476919827025332,-1.836670568232881,1.98059560871958062,-0.336236835213924723,1.09203327001941863,-1.28834082521875426,-1.18006240788126004,1.17617732223966387,-4.23473274529208243,-0.287485664308242961,-0.290957118188876485,-6.47322476469211061,0.826831024781771062,-4.20653129536114445,-0.176037233470566989,-1.62776572772993888
1.95033360193204874,0.691470766567573669,1.64807013088608478,-0.726318648358792895,1.93046843430720649,-0.605429314401363383,1.43948683758638873,1.03336457994600317,2.84178951362144483,3.05827643627607326,-1.00508918348425147,-1.5923452987126967,-3.27881965702557876,0.619183977783972272,-1.83513471857700305,-1.510707874304279,-2.28101277195404162,-3.41345532329884893,-0.709261022539598662,-1.62083999580924787
-0.801099888068078414,0.518914782814357212,0.0444995483783923798,-0.673266534045375842,0.438415673204972045,0.91249484246359347,-0.939279158923085999,-0.69797785605965168,1.64505637985045561,-0.366441946505027261,2.09996373101090139,0.982914581783785768,0.431571596103652144,0.339249335272480745,0.0592946223144847559,0.60211041653610009,-3.73967483336583406,3.61115441062524178,0.118035091634480949,-0.733292198606636747
-2.69407635263201684,0.503795245788122181,-0.962571914663444272,-1.01685885411248034,-0.0641661269825573033,1.44028747358552756,-1.3557257245601293,-3.25698026912505867,1.20380357839946117,-0.882259753750547993,-0.150175762471901592,-3.41178100755254166,-1.2349489478526483,0.295514767520189348,0.1175639943091603,-2.72887924974201157,-4.46940064760836631,0.504368918464847882,0.34667758522904224,-0.675501717860234496
3.01749991585462096,1.3581796250184186,1.84354279523812337,1.4000479450709038,2.22829430889229618,-2.74957536484767751,2.23924977039104789,-1.55118542613686272,1.37029502046147411,0.969725618223653107,0.112360378929194885,0.939149847279512451,-3.72564706394517353,-0.381825658107538657,-1.7183343721836779,-2.22720196211027499,1.42898205303971038,-2.0907652695519281,1.2139922753678889,-4.18126835402825048
2.98526205112239529,0.498016417602617278,-0.227990286367264178,-1.37504657296747279,-0.937800006621782201,-4.3594994498659565,3.42231725324571556,0.738056315831632004,0.00129629865608155365,1.48470159468426988,1.23369632944028895,2.40606376327189109,-4.29171845012932174,0.344861073208879376,-2.14709028083840892,-4.73485491845977968,0.484336508980736491,-2.10792528203073637,-0.586361642975566144,-1.35188557728793013
-1.10622356727608362,-0.143743878723459617,0.352519043871585114,1.40998321244404989,0.749032088737462853,2.17838610081082429,1.13471555801160529,-1.62722482334583862,-0.35858219866417218,-0.312116939595372678,0.0557619778822878304,2.61313639233497197,0.869993092377413624,-1.52050545594925146,3.18695034784585296,-0.165455131196285105,-2.79257358084342,-2.95819675506728608,-0.60549830225825263,0.391250493901344587
-0.133662695093391459,-1.58526944372322376,-0.53761561876015429,-2.63363074203816883,-0.214470718309892422,-0.482037302021719238,0.731378205844144258,-1.03209021875810736,-0.892632195430214215,-3.40445314700835233,0.857876139457225517,0.229075946276015241,-2.28904558742238917,0.205737170205741782,-0.718609067202226948,-1.72348897442464777,0.606367370396759142,-0.757263274527359309,0.27878199367093337,2.38264083237023394
-2.09057992659381453,1.42372629097507586,-0.880579127783831073,-1.66958361568886571,-0.783142928906625513,1.63845129103048315,-0.599817244043618136,-2.62880169551532683,-1.32015302613517749,0.344645624500749648,0.773523509595689496,1.35995512110373662,-1.15771615318285659,-2.31694991300646613,-0.458418819150730572,0.0338188735503027471,-3.80441987637353263,2.39118234466977153,0.889051474460340496,-0.6414060654406194
1.42659493564227602,-0.19350056222571993,0.938356728263373019,0.628335030978074749,1.1841553174886339,-1.73847203639858239,0.500541038339194833,-0.576994439129079661,1.39220380085029394,-2.1681231280684603,-0.818894648305440565,0.705825255538088614,-1.86810711586964517,0.633577721725903431,0.411508637450808457,0.187948191860209862,2.55271534760822449,-1.35891095544470786,1.0123838621455663,0.697136190567934966
-1.5246049759690794,-0.110724699316689532,0.115806821575371685,2.09939375717102772,-0.389552786802910223,0.257350261815367021,-3.2409034458299355,-0.198361790225654255,1.6011325730134196,-0.574572376339155921,-0.565243024347690692,-0.89371395477427007,-0.950627838979673179,-0.377130788082456425,0.672180017179462519,-3.42700668757100635,-0.168091171242381959,6.31156714823868725,-0.308659829807474639,2.62655436100203632
1.32861987319631747,-0.909001248323164313,0.526912963209196672,-0.551251733424867441,-1.40844347981886364,-0.647545844557950057,2.25916481952147796,0.295767281572066387,3.19391392057404699,1.56666538234589114,-0.518522135244347981,1.81705419172458726,-0.942359723554882178,-1.17586890406357258,-0.437527940845263641,1.19092229565417762,0.337396597550737365,-1.00919052310955748,1.58317337136005598,-2.71561522225757601
-0.753135927696991114,0.180177937624926537,-0.319603499857567197,1.67699609954868789,0.0161043349709540477,-0.933561274211009651,-2.91047075652067111,0.478564548947185753,1.31724523946891225,-0.142348211763152072,2.12413421365842003,0.144288843265942074,0.638510083638422876,0.968246899640379688,1.4687077457974167,2.76596021865417319,-1.76726285899241908,3.27498166426341442,0.605810941764433175,-0.350512471428862438
2.84698416542978094,0.246903247901794853,-0.160705545471348826,0.145935278526014095,1.94413604520721695,-1.88549510408378063,0.526898096705241792,1.70575079998201651,2.07440206079323852,1.43475261915917018,-0.864726938650183241,-2.50198896484962718,-2.91370318241534232,-0.240331430324494555,-1.13211743115154384,2.0522638274374212,-0.45833248287404077,-2.67135158016190344,0.844513525125710651,-1.450504958186277
4.07469648265005269,-1.08496204308568789,1.11949948007416689,-0.945546122137460254,-0.331598785370871285,-2.51937079725244795,-0.757406653368208227,1.41864176286588828,-0.637347784475673862,-0.162930654003574593,0.0476064876027882666,-1.21431601127840838,0.353114977431234711,0.673196532712422857,-3.778967997432368,1.87716016339434333,2.28313797990305423,-0.594883213011223266,2.09510303935446363,-6.28211245208998381
0.211482872536316091,0.0525709416485843281,2.91289130822953002,0.519407867527548639,0.779085673100874287,-0.0656160020878334554,-0.068215019184184128,-0.392209763012373314,0.735205780309427737,0.998511035082664922,-0.847417696352666949,-1.34583734964524182,0.871147535946732554,0.0512425586470256489,3.33481104158614849,-0.230503212120090978,-0.817989914704466359,1.22805152423016084,-1.02806144362729501,-2.74050775786508627
-4.5521319680576271,-1.73906734335545865,0.00218522557172468263,1.16863318790341197,-0.445727981395659723,3.48444297470461795,-1.89598153079137255,2.02166962299436337,-0.110654840829389117,0.324368490405476828,-1.12957794235923981,-1.29894087426614568,4.26974391771361095,-0.546289789502316214,3.50903699426808879,2.0317797047754631,-3.15770129122587884,6.83197274387390241,-0.517793487216597681,4.11177506078837407
0.485948913578196695,1.07840324037387192,0.696531689790980346,0.877379417859919908,-0.992265981531402552,-0.262023305119649441,-0.333818189579376534,1.2201198525968584,-0.913577513408214803,-0.492365545050132469,1.86948124708629271,0.45009527639011071,0.737052487241536713,0.00661467882526443635,0.270336548063940141,-0.693178014563234246,2.00310426653320128,0.951477394213061878,-0.358412827286503866,-0.737190514351305781
-0.60708266226569485,-0.192220800568580791,0.195094199005589441,-0.319634611408753322,-1.46103915269461737,1.58110335175292049,0.372329402113555086,1.15393842461892016,-0.93551232847751753,0.714147722168142707,-1.36026930540697633,-1.95387781533197469,3.22634971044516883,-0.280069927409069497,-1.46985815042009471,-0.523837206515386788,-2.20045562625538871,-0.12125633283911591,0.866375954845089558,0.860777207514412335
-1.59515666293446978,0.150622555559208088,-0.598841062990513429,-0.0158793125826210309,0.981711991926277228,1.25757879403278117,-0.698031141840044,2.37058425647215421,-1.6468370828762906,-0.315239135541882876,-0.725808343836905179,0.516239404116352163,4.41121089253389886,0.911885425799886518,2.62404709092087485,2.68898721481457503,3.27933755655990167,3.30058793152261298,-0.166154933553638307,1.5005841955282373
0.607578659627846185,0.199332792796123093,-1.3123837681524082,-2.79721659238009979,0.543211365708900495,-0.997881032653726963,1.05142061806384901,0.042874816949401609,1.13754711296094135,-1.20206060645317359,1.3029197737554441,-0.424788440628043218,-3.00113585615376977,-1.70806899471042239,-1.72738200892793681,-2.24447743715824322,-0.369549236111204771,-2.5076379919237155,-1.29108193514718761,-0.147022999790772324
0.930516746351176205,0.242556714813464525,0.106681373999407136,1.69783258462096631,-1.09608403122683584,-2.52204890973785378,2.58420325190098188,-1.6994938793106884,-0.779568243423109486,-0.798435734699788568,-1.88777170557229002,2.69136118880817854,-2.4918038064101129,0.480480137548631392,-0.91931499633325453,-2.96950062446723129,-0.253879808483064906,-6.93973529974786274,0.422537690402816191,-1.1098512244472194
-0.308003956221535591,0.0195840847648443769,0.379404061353675381,1.22328322843120252,1.06484508063459793,0.33238552762328194,-0.554468550927521231,-0.154787341729619804,-1.63251264258489437,0.797574146043475651,0.918312788467128827,-0.40316925949504101,3.00940391524580608,-0.534845903558789804,1.47930724465153118,-3.76775521283884052,0.477992300037448914,1.54825574865549398,0.265549196263164755,-0.404531440032141754
-1.016872590259982,-0.120533955544019689,-0.000490474779353333896,-0.0877680263794280713,-0.522842140011547052,0.852809410154902969,-1.43400009688359842,0.322691992677872963,0.347196866875628674,-2.58410832876007435,0.131674024716686794,-1.14129178626399796,2.87833032957450863,0.941376576572472756,-1.53382218860795572,-1.64242905462602518,1.66152698508620578,1.39378492763569839,0.229100907273947996,4.19244553115987717
0.885135076464273474,0.405468887346827955,-0.400993074314739018,-0.328213064202886484,-0.163708136780560676,-0.0758366890930287224,0.526169122499294706,-2.21489747987421204,1.70925927113721032,1.34901048167416526,-0.442936733437107766,-3.26670672112724914,-3.10880411856412842,-0.834827688937864409,-1.54170405166852698,-1.09259913588355206,-2.45360525484821368,-2.80594331784773621,-0.952745119709700106,0.657132827278813947
-1.30284863686268948,0.298390336155556213,1.36030662349154174,2.4073558220810507,1.85693937365106043,1.98332403486846598,-0.601963569153799116,-1.03944982829701749,-2.13547638553416919,-0.380288869458112466,-2.38002901303931313,-1.84751474209722799,2.049876440200471,-0.0504716662384804074,-0.668695217840963085,-0.976174157957204636,2.53763561760743217,0.289342464932425991,1.68203237279658335,-0.402100606920476722
0.661138177549971395,-1.22971941343772606,-0.457343761204240307,-1.97486019337978513,2.15305027106063873,-1.22776462056460822,-0.924895581113163057,1.55133899947680831,1.36954246493756693,0.309278734704035385,-1.16204708082192099,1.33912002984892076,-1.35230564072637516,1.482265772849366,-1.8146775369039474,-2.20256280065319876,0.331349550939881443,-0.870643788267665308,1.22057945585654504,-0.9112211406529096
1.5968070316788856,0.476446684260402709,0.573196886349193746,0.290756226574326315,-0.00269002542108551191,-2.6477596959375953,1.24334271180107891,-3.92783642203527661,1.8273713743789155,0.945840020537879411,-1.89665318150489015,-2.08775286578171348,-6.00122664481682566,-1.55929505243961852,-2.48090940421053263,-3.03497719132846466,-0.430444182913085782,-3.90061102373265722,0.52426200006143342,0.792955261749912044
-2.99454489135245527,-0.0850236827812875795,0.772512400579537184,1.50247647173399357,0.988043624084395389,2.3661279382439977,-1.51402010676683618,-1.27851887454108626,-1.78406518932037739,-0.478013075626701422,-1.4574896416105072,-2.10491836753896377,2.29972760398991216,-0.296901265286905525,1.87039280478937542,2.97611693174851677,4.06173247700303275,1.82137569513052666,1.40713952248862118,0.214190589984335961
1.35871036532390166,0.406077211113161585,-0.478929980501923369,1.63969017981341114,1.19430089046185306,-1.10301126370361025,0.350361467522397885,-2.23655449152344143,-1.63171661841862892,-1.92926897971708078,1.46722767523647013,-0.300103805687595648,-1.39274527404974768,0.106463190495454968,0.99731568362657963,0.00309383927521079179,1.37994686142999923,-1.66325972238234665,1.11943491173930698,0.70175592998841585
-0.984016182396588168,-0.712173637167311635,0.171752407125666612,-0.484749576618832889,-1.94144708627789675,0.320508242555719747,-0.206320485515765789,-0.429691281263618441,-0.0110346352125501451,-0.0911467802252914627,0.82570593841719897,1.33748711370652185,2.2513485744182864,-0.590845318255496577,-0.629531237026463186,5.93392777381737968,-0.817637866331095031,-3.42093414060888934,0.963985131206338774,-1.44082936484985269
2.86031520518473403,1.75280245131234924,-1.1685350496249518,-1.94657708653503025,-1.31731574762942394,-3.25368468044464176,3.92983080283541497,2.5565013851761984,0.467071381466087732,2.56916904300918869,4.03171921157540147,-0.982279996010347212,-2.24872405408137954,0.100891529317205825,-1.48096442810793483,-4.53424487620032668,-3.64318319346855324,-4.02657803571074169,0.00270097987218653312,-1.24419503319488789
-0.45480250526485555,-1.81576209603998429,-1.70931796567695926,1.13216743416889276,0.227079651404624661,-0.974835078927580811,-0.244701461186639352,0.357212428585365838,1.35974478495215068,-0.225441004423455965,-0.238009455696280209,2.18078210020499652,-2.30286008699070344,-0.473387887525563711,-1.21881276688858375,1.10790390872735789,-2.61458390181471367,1.86749395452000799,-0.639941766734090201,0.933430695506180186
2.24701568275916719,-2.40112648928427852,-1.11329318344120631,0.823132716213210824,0.892936228631762585,0.819941209924581749,0.842506294795609345,-3.27805810266628583,0.568384351684441125,-3.24765314542333305,0.38258707735322095,1.67780273608972097,-2.28273876751703408,0.971338214320897397,-0.492969124364982192,-0.121041102555201549,0.455738172879855741,-2.05718174187148728,1.19853522599360951,-0.171486668955391247
2.58913944330753631,1.01988074439618148,1.09869278027032213,-0.423701530359238299,-0.346429724967803498,-2.27084434927481782,1.48165207707465263,-0.88351931563104158,0.706559030260256349,0.333659661523214968,-0.282960505199875756,1.11405573482687159,-1.84575032434446351,-0.69792967247940696,-2.83800025060176475,-2.76586528761240835,-2.54313393356291506,-3.00519713228344187,0.531030320564903291,-3.85693750510488931
0.991134620996820037,0.612633465074196359,0.362987339662771358,-1.08905948364125615,-0.586841223582974747,1.0334904431504921,-0.596200657238121545,-0.324592110922172272,0.535756539603429616,-0.254413906407461143,0.873841905115621875,2.2128484908044399,-0.167610362216139008,1.73751682834401544,2.26324068862002381,0.329959884512349588,2.98227627382874383,1.99299479360686349,0.896965887476646295,-0.309638256435339099
3.01612453511239487,1.56214199778002283,0.321572945742305771,-0.850269543478465284,0.48333141709707933,-1.49468216406383414,1.94297824535956032,-0.679861975266382812,0.110811385807177504,1.20492043898650114,-1.62214408271658361,-1.18181740502422272,-3.06137586468346523,-0.423708279423886225,-3.15316075165274556,-1.54928318458520931,-4.21754085388671118,-5.82080815650938721,0.226082892408906194,-4.25442561485415549
2.9862304844367995,-0.78845058266598822,1.24239416602885289,-1.09149317232034915,0.192406142166428207,-4.3951503107969554,2.5978962642267569,-0.192570545715170627,1.69088930572832319,-5.09157539961042094,0.177722231503046113,0.973969645259900152,-4.48983757038411291,-0.292091743534516834,-1.29895221469024347,-1.16265442482858039,3.58536209569202446,-3.79602122629236893,1.28960636730611311,-4.81298785407185648
1.24664630703876411,1.03512438809599749,0.655433068433005972,-1.41552929677694883,-0.0170069970803446574,-1.51462281424564016,0.532928222852922517,-0.84657019570255343,0.629168136347296292,0.405934464888499269,3.22563521254754804,-3.18582655515101898,-0.108517675104181116,-0.350613381614719166,-0.0241346706593323392,2.08098880464366909,0.818532955992477551,-2.67043884074566673,2.04696925217498293,1.62171480681749935
-1.96901545324426341,-1.29932462304580221,-0.817265904714457925,-2.69841148566275013,1.52539417832319346,2.60467678410819659,-1.27189790668122571,-0.231095401608961609,-0.335062270410436402,1.62088352294430615,-2.20569198168549141,1.58945635021537779,1.0421816431284876,1.12621677551328236,1.19797894334977073,-0.0878964790021154602,-1.5580996886900611,-0.400232178312372511,-2.39405252322039308,2.89100527132416429
-1.36909895670161674,-0.824846710005449402,-0.689769916476131062,-2.08252593746587289,2.13945183439309172,1.81539562298253765,-2.59435429807219631,3.06528387056278051,-0.225091296211355291,-0.807218466258655565,-0.946723237128089701,1.41660542368689746,2.02167320156759889,0.433894365974648921,2.05878569199303962,2.28977956339068234,2.09208528791817416,4.49147014668409561,0.605109384108424631,-0.0693799705753497531
0.617064078760537038,0.819650605995788428,-0.385102582520630954,-0.423992980426513955,-1.15269500176925144,-0.175404130241905543,0.0670457119940992136,-1.40673568310804575,0.485439502907776488,0.26610028453326845,-0.273633919868857378,-1.45875296557992984,-2.53881872828937105,-0.0494385925329554402,-1.68039740528734938,-1.76085366495464513,0.496620337142069601,0.651988046853705372,-0.892902075227703595,-1.81700700794366865
1.86783258033047339,-0.234151633431041756,-1.42517504948233165,1.00744998940019914,0.145568956529628535,-2.14616417820871019,0.188053110542220986,-2.17770372762925524,-0.495416138828730757,0.427749362533337452,-1.7402932996145577,-1.45653755623650638,-4.16291874935210071,-0.77208403001391479,0.193518961910748799,-4.06421758015167622,1.14422104764283183,-1.11010162496740472,0.550215525181466325,-1.24155941703896566
-0.905663359585380134,-1.78036124734455559,-0.360230492325039509,-2.5817955715233265,0.997934739206389421,0.0875720854582421604,-0.644370304121775206,-0.220929346466096993,0.276460590645440318,0.638430124251306075,1.58633702560368994,0.215854123433924849,-0.287601420640386518,0.876604347906037695,2.80525065165815723,2.93027017118546773,2.53533237863847649,1.65196829454121974,1.14372174285284212,2.07037959078882983
-0.906065995625391363,-0.273694897984082919,1.54901314248357225,0.0931435782932253931,0.673561347757348994,0.206997902373410286,-2.36048660561875945,-3.66779188991125871,1.44413364744698924,-1.65589681480741446,0.0931149853020974,-1.13660755980287154,-2.7798020074078722,2.90156775661314548,1.00682138276987421,-5.41300841067523919,2.58384727770056122,-0.54642016646260938,1.89074542966348913,-1.02590563834324144
-0.886746362401487187,-0.311684087934261,0.0606171245329872876,0.909523594832814863,-0.714087329318618846,2.14053171064124292,-0.255225537921044854,0.448063644770405112,0.386499042489066191,-2.20223003612856516,-0.0873114381505459003,-1.88715554154376597,2.61433430700075453,0.829297357580459638,1.08313057314191008,0.106371151201119757,1.20094686852514942,0.235027668119997341,-0.0110470420025162754,1.49950938425464186
1.18631639168463354,1.68188616538775348,0.209563377150719821,-1.19853001953960447,-0.461865283947947569,-1.39878390882515857,0.603805076201121227,-1.85583828464654443,1.75565359022730161,2.67913499850244152,1.16378198393297749,0.287966317031869368,-3.74564752250322375,-0.960230500418024602,-1.40969701454625573,-5.59135584329319002,-2.88056194784063058,0.340111641181225666,-1.33441046357429083,-0.0084579191813742554
-2.28412029740593425,-2.40377283007655285,1.58721471639819223,0.600698595090705778,-0.9529353362271622,3.29370312287925593,-2.05045730032800622,0.625462809934565378,-0.567162830166489051,1.37634044513174691,1.53403577529395618,-2.11435106525618721,5.21938963255356736,0.570200953166228097,1.96873858291411197,2.90932236221666995,1.08761328987490558,3.10588821518538039,0.871849001211042141,0.973557659914214724
-2.84575386747224623,1.82796736153927353,1.81360326136362815,-2.09289243154315141,2.75069692098544483,2.42088368311811086,-0.725616406660646862,1.45399883047658185,-0.305013132920885388,-0.185188877524747247,-0.265767375716067955,1.0931477976829107,5.14867095523168317,-0.0763614124235753311,2.82410723461480284,4.24175082331545017,0.457113617184359389,4.39149015456870107,-0.114233387042688622,3.48246417944191089
1.13521068496029431,1.0096078067617007,1.20344504012830167,0.297309279489523126,0.198433661964690061,-2.15574073978647673,-0.103214782483409276,1.6581449475422585,1.76165865253690446,0.461173293503209125,-0.034035146614658944,-0.429970653106266643,-1.65884287812818876,-1.67189708624987565,-0.0576998020224703326,-1.58644394179141623,0.0970683853652373058,2.71368034330458796,-0.13719978468454147,-0.938587938546783906
0.691598396738224541,-1.38049428122160411,0.196328230069217236,-0.264924859850476035,-1.83740186840841924,-2.23175478668357163,-0.302690205596556572,1.05034603745830935,-0.0114810148686292045,-0.215091963409872466,2.67145215619875342,-1.50833218449474016,0.286756978111718852,-0.0204677736029349709,-2.42310304233071472,2.41666491606256217,-1.63369609849109243,-0.201724703118609738,-1.18083208704407872,-2.70926387968910509
-2.8187701854267222,0.407280473592313619,0.640340969493352397,-0.63282438873319069,1.68170240980652896,2.62402614942712686,-2.27503332682697268,2.67763814297157099,-1.04512115267393479,0.0113993421013840104,0.387546317405330298,1.5665320405209715,5.51771936536624885,-1.13204131340573588,2.37392230005807114,5.15646977260067363,-1.62312554575358226,2.26703514903824743,0.972837217433856871,3.56937419095129016
1.15910083963710764,-0.947051818512204102,1.11195293155629282,0.310706389919186532,-0.761139313666657991,-0.432655965544733845,0.421863167738824596,0.442508437617522177,0.343891547501653627,-3.61375409435418904,1.5629161559496747,-3.03676602556284436,0.0832347762769519439,-1.90341332641436933,0.965197321969711752,2.62459623990951219,0.586482065387347373,-3.0484010157903545,0.878193218863578706,-2.14287935651214179
-1.62432152024719145,0.481885095216549597,-1.26803349548751565,-0.810875272386696211,0.85984918351445494,1.91325975207996613,-2.36860881917716171,3.03570915453882062,-0.430473836565496759,1.93576377375076469,-0.0837555482218416969,0.0501194129890775719,1.61597757995194513,0.50429013441899484,1.19375457289811937,1.82864899563927552,-3.36428564941951214,0.161385846853946552,-1.38379206582734904,-0.687507841254967889
-0.19567198970232641,0.753157261886127638,1.03824659918163742,0.938385564836163311,0.102764925756574324,-0.527636378184303201,-1.1007519669345549,-0.2698069227618069,-0.476027085310426146,1.94473073905613258,-2.96313709340058384,-0.254136662231590038,-0.752871890715938519,1.95090410143825799,2.9370374420389842,0.916394973293642168,-0.111276915942930266,4.66099881132541949,-0.0590247536452035634,-1.65054993461604771
-0.187252156587336627,-0.973233398709838382,1.81762224184745236,1.17200870616416863,-2.0711278054811868,1.43374322659787357,-0.354067325703391278,1.80337066082277486,-0.110377606158248487,-0.479631970435091037,-2.52741312196792034,-0.870144256169375074,4.00312464057346773,0.474608080659978782,0.459437632859573841,3.41602624672290878,3.66203840726078589,0.833402601101021379,-0.175493788279511537,1.4346483737230411
-1.44604227514175188,0.592540126118488386,1.45935994941854519,0.825844993636686953,-0.238690623308060235,3.9115950009146645,-1.94238520594270381,-1.58980375997240553,1.41304138112719802,-0.437153447107739124,0.187343232243769697,3.51813053858021707,0.450021534913878973,-0.459285105145882666,0.243469694299460471,0.895966061124344515,-1.1317690894943655,2.84795236669087659,1.60341191329296939,-0.456563282103779722
-1.64298735086250458,-0.43541906351746712,0.814234028106947672,-4.05022793406236836,-1.21834272112893682,1.6054920257617924,-1.90136484068218836,1.83348462722448025,-0.551375439393928857,-0.778142331263638076,-0.633720169541060141,-1.16383218489727391,4.08413494129336829,0.519436466175973499,1.74233358018736251,7.17507726980843152,2.06258957479709926,3.88751274768813193,-0.992612852736886042,2.07478331873753374
0.958014977900673248,-0.424149172462624069,0.200099403165318351,1.43723560337181988,1.51987338957453355,-1.43232147125004006,0.712443619185473276,-0.493858430619973865,2.05739995405851683,1.58255754623556388,2.09796812373940078,0.978098260388198137,-4.07122901527670855,1.14764253850421261,0.0409854173491339471,-3.23870420979022899,2.51026557330974542,1.47061836165939908,0.912002934944848409,-1.98872807335806145
0.690108503796351913,-0.714158750195180492,0.74825200935001801,-1.27254833106590937,-0.689673822173392903,0.759119421642430514,0.958169255209465831,1.25144764391182539,-0.998112805131689873,-0.302139163003530997,0.759069051250494398,-2.48596476472845529,1.96004656610486117,-0.326160658984687213,-1.19004919455128566,-1.1229489515336788,2.76828802034216181,-2.39252585428008224,0.460401440000348661,-2.52043135125798523
0.0191576251147801344,2.23690717902524083,0.00210824683035213713,0.0666215340290489538,-0.248186353841390317,0.660419715993465495,-0.0758620712580102413,0.492727388489525797,0.127634711058120714,0.991581354405923099,-0.175035466428911352,0.954721268380447574,1.28878385587671973,-0.487851301785982683,1.26308678288382858,-0.595490375425990925,4.226722055599752,-0.534266537202530589,0.605577280165408793,0.536688870742145774
-1.34856394440210958,-1.48791458739641147,1.93318911775801761,1.94361305783903626,-1.901536320616249,1.13024756286946992,0.19584774524625842,-0.664676657315496411,-0.675763088339996876,0.187888217942859842,-1.10169795427864803,-2.70552888621315057,0.979511038184835092,-1.98807909830187435,-0.419193815179843055,2.33427770667798518,-1.93843387252581034,0.236851792925252241,-1.51181104260772448,3.38190236066666783
-0.333773300895283953,-0.0113420101729808393,1.15340616847516819,-0.0674483294527550709,0.425771156057931921,-0.251606915697970668,0.34961446883539754,0.855179699689512463,2.45718579766871681,0.542201346824267238,0.617377638282418206,2.32431159790159159,0.46420713372938327,-0.732920235702530953,-1.63706968589341417,4.77132072396392815,-2.76371437552637733,-0.307238276588109926,-1.72681220674391867,-0.326138183422349848
-1.49018108288279416,0.678047276738017013,-0.10093657604037419,-1.56267891030052963,-0.904218118214598632,1.61949184979423921,-0.136363074674343554,-2.83027933549279709,0.59039469093115049,1.0640999548899106,-1.85179858311609791,-2.68642443333339243,-0.987746211908294036,-2.05056683142581164,-0.921818866557531313,-4.22669008367691124,-0.765611919594289314,1.05245209966460029,-0.393076391123894198,3.41200675154896871
0.245196113127245235,-1.40427376225210465,-1.89338848182003172,0.617737965243616127,1.56322373664048486,-1.34893202433585602,-0.361946295435427778,-1.75882939326446031,0.662523268150788658,-2.23019350111224668,-1.09570544396771719,-3.0952246222259947,-4.68266067179347267,-0.948751680657320851,-0.345586023364775119,-1.84437364884437716,-0.038559822041227515,-4.88751129036605914,-0.319089562804269811,-0.744217409298143728
0.34369530891189376,0.192977912658571921,-0.359664656013068573,2.80992946714853176,1.22204410230940685,-0.657584868305440717,1.02075858344959292,-0.89803568030948111,0.930842130359290865,-0.900535086241696203,0.142316670862169481,1.2250455377789129,-2.02969074545966288,-1.5274750440605982,-0.75617134047802137,-1.6153752154614589,-3.71809436823383699,-0.619977354313385298,1.96725294314131594,-1.08554056555081901
1.4604543585590759,-1.12479984542149425,-0.552591822695356893,-1.17820902199051769,1.00938866351586132,-1.38689822430998944,2.00606852883790499,-1.07074488771057386,-1.51675237482517344,-1.28863865954183821,-1.286914236299604,-3.52569732494346511,-0.971176524589456025,-0.753245145268763405,-1.35767615371992934,-2.24026068179014182,-1.6957592956450247,-1.95323905586871227,1.13576316647844755,-1.14799069691894351
-1.04742722127861621,0.505610041528965937,-0.663021424098597323,0.966041417645325362,0.0249705841075671571,0.471406578112337826,-0.551134755254839126,1.86482721985467625,2.11077065903297934,-0.825095019600900592,0.157957269105267833,0.958578388333360509,-0.900489529925178389,0.855217200358458829,0.73279060331744772,-2.42211410112652814,-1.49346695030263321,0.123193588514585561,-0.935130899227471168,-0.146446790246702319
-2.77352746637097658,-0.302628681038255243,0.755898715619946482,1.83023406911337316,-1.61402072089488224,2.18317092795509238,-2.32246628987778836,-0.29667272478686163,0.74936236923726407,-0.0811469832880699904,-0.428540278416470799,0.404837439436615709,1.13364111674522072,-0.866996673396721929,2.54974467970865515,2.00808010056601161,2.19019401189265928,3.8467747852210703,0.805629518900279673,-0.183134943811568973
-1.28566919517556943,-0.140226945134358849,0.686422287039211265,-1.78238662091389544,0.00678551456944597245,0.831139942082161798,-1.60542487081785734,-1.72235456459501513,1.00803860230879105,-1.84623563241444377,-1.3170118652558771,-3.36496936225300436,0.368794916175822607,1.13804334769479465,-0.843588588080942614,-2.32299672964312665,-1.56536360900794613,3.44849110760963784,0.594403622620508387,1.644066319939538
0.980518107380036974,0.436414898587346778,-0.362162464886332691,0.770305345025902644,-0.551645735966490358,-0.600107314900940936,-0.662388373387919005,-0.498919273108337724,-0.53464404004043331,0.610522246005643199,1.31888969177324378,0.154134688787063823,-2.48160533372156111,-0.923679577912686622,-2.42236971297350356,-4.84710935832656631,-1.81932285434793695,3.24737845162003946,-0.492803790686818677,-0.481464936650348729
0.345149709784508041,1.42469470618516669,0.676234856000681228,2.07964626906107997,-0.802187191661370869,0.433281672403559193,1.79558730248442844,1.86479082917294647,4.49574548206324653,-0.544822084396710982,0.466618463477793344,-1.29174841428154674,-2.40090590023826911,1.47411834118744811,-0.208726223288648177,-0.0842999650075976076,-0.38665641522583466,0.419852428663013422,0.764996670778448351,0.229094443410334303
0.293040686173712872,-0.940246476591919622,0.660296716250860394,0.564844327380282452,0.773855423689712385,-0.430520766613388117,0.666138122725206672,0.808856223355106541,-4.21463255333911935,0.111662117027213348,-0.0426230500342885676,-3.85980543349094996,2.68008881360740192,-2.45961622803148749,-1.08712794556174286,1.66682889007765955,2.23707517341068041,-2.44090585955309436,-1.06778018422857768,1.26439879831487456
-1.57184558346340175,-0.140997338853363824,-0.225764277202797875,-0.358553153773888411,0.213386550682385212,2.05152498940607853,-0.918211900258395386,2.79674502546472237,0.348262792295047363,-0.141437848986521814,1.16336700101282697,0.457530559983701401,1.82379332805494654,0.205082172985344757,-0.0867635734334189918,-2.09041573861237628,-1.33296649779884957,-0.667579044558603951,-0.155383423204471544,2.1308333479213819
1.44904441360550118,0.401775185180998085,-2.71460429891545107,-2.53335733914586037,1.21402226439988414,-0.109103835498065294,2.08231883685642449,-0.980477999978248582,-2.33413624768421268,-0.688113792753380471,1.67661820705014519,3.43991243903609911,0.155876453797100717,-0.581610188742893941,-2.15687360763309055,0.0258611695273861762,-0.411324502332325981,-5.4512805511825384,-0.414008146377280395,-0.575441770558225651
-0.462784088583188979,-1.18781188420550499,1.16379915412782475,-1.65932499194313143,-1.84912629367741843,1.20688157600110468,0.0679612438564914656,1.7164452606515872,0.466317295917162866,-1.08767026192707728,0.180877235044979157,1.84014709230081341,3.35797226561156004,-0.0498478516984245876,1.03725317483112223,2.18108394815139039,2.76703522520792156,1.7268592711769053,-0.700661588961855486,1.79653155284014576
0.519460637075896181,-0.338968091785850023,1.63720538739608523,-0.401860311133695858,-1.25804664387196752,-1.53384927873583754,0.194449541608844062,-2.68451989646962463,-6.54613151013227235,1.75235150381298155,-1.70555552121800069,-1.17780564034280966,2.72576751469257195,0.967817317285744605,1.03048751547809436,2.5336752937554885,0.0274139410370580518,-3.52267611747678089,0.71954638574531582,-2.00734323147246618
-2.53071799350900495,1.21503014436972845,1.75059696357504668,2.00649958106239534,2.14867963053673172,1.09592627730021586,-2.91994452268148574,0.969187760894690054,-1.451991921296935,1.16207076699846334,3.54878738872206156,3.58238651914390527,4.62757796563105828,1.14092041082779794,3.40235411561705003,6.55993525838163105,4.72688798237356789,6.00061942566061024,0.521960655503395654,1.60377392534686081
1.22589355881152762,-0.737953319796496032,1.02975428093311705,0.750391310589355931,0.221304830419244924,-1.76375833100035528,-0.0740763404344352838,-1.85295204124326096,-0.621838250505461598,-0.525269051623422079,-2.52525526933251232,-1.71694298074486817,-0.720152671733823357,-0.874952142894004914,-1.03708612124131494,-0.115457532351233697,-1.2777637079497477,0.0320073772442035637,-0.503997837538325277,-3.29136595030308809
-0.889818834002371051,-0.974982049871986223,0.463528538909342425,0.671211857422449487,0.305746295646983079,1.06487410572439689,-1.82654688801687493,0.542104475652743223,-0.113734507637600957,-3.634926413268456,-0.553952448405667486,-0.544356275578709359,0.0762416046780456658,-1.03288396681174466,0.321830510392459967,1.33515782503996561,1.29393943537768497,-1.00982659330496305,0.576453506133384197,-1.41536210692204922
-1.07589545805420683,-0.77963227975736038,0.443958244694450443,-1.75425783235631627,0.920981057448811202,1.74043734590750576,-0.576686422169690682,-0.406151827699747947,0.324261372824248328,-0.157586925416061285,-1.25577334073922353,0.99422992249718567,-0.299387052153487376,1.04784779936878203,1.28594052875463638,-0.537101770163874614,-0.393190925605867991,0.546871221667957541,0.946237609494522292,-0.0652353529309942781
-0.751186067542578773,1.2778126924388129,-0.844736159501484396,0.648566130387224327,0.849569458912816544,0.445719121015300868,0.766225312707918715,-0.705943561857786173,-0.718975380010070109,-0.337925478893746634,-0.680046771652238147,0.386482603627216648,2.4048387193855465,-0.490922527283032761,-0.153340822733104371,3.36102997903117062,-0.161992190524698987,-0.886175109875161682,1.33426211415484608,-0.673786892799841608
-1.24094264947021182,1.65235826128531893,0.524592460273491934,-0.593305546034494813,-1.78725319851916353,2.00441250306540653,-1.33512966969993041,-2.3490898842647292,3.0416910474271055,1.01039417670181653,0.0346997125547695157,-2.02254684532037832,-3.59523022563919215,-1.68304133802986988,1.57203799006566114,-1.16164616418320676,1.43428716531003997,-0.270191969650923736,0.941518842090018238,0.0349751763499031101
1.23565323493131229,0.776381613121374103,-0.135755635922023665,0.741249904333556531,-0.450637934817995967,-1.80877620441370812,0.173107923535769315,0.102300842069345838,1.44945208336008968,-2.10901347723492005,-0.327624329411032034,-2.11949692027422554,-2.17384645671761989,0.208464109369127154,-1.50455205263165492,-1.17167964559128168,0.876241775107403753,-1.3929481085454849,0.489927334683749771,-3.79606065508696044
0.879538233157714511,-0.707131279010152825,-0.191174464032743019,-0.183333545420201,1.34564322924251312,0.328637626909302039,-0.55644390081303452,-0.450763228297913265,0.741988968374182156,-0.749811831862216338,-3.18411260666170515,1.85637066364104175,-1.38311601266898609,-0.583929482008641254,-0.646196580872788751,3.70476347416368057,0.900078000168811787,-4.52468994608734221,0.571495457502991133,-1.96031940331138466
1.78287666910249176,-0.980136921853391629,-0.471254983442620734,-1.68912227097582424,-1.5988418503132853,-1.03528768155229822,2.2633288048964153,-0.417731481342435707,-0.689700636119389365,-1.7456817036330452,-0.0491480563573040291,-2.72187411676261837,-1.65415641119213253,-0.945897860654345557,-1.70492800062259087,-0.250640748051535467,-2.31469983839119164,-2.77847730311255869,-1.11237905994003938,-3.29258852287818637
3.12920944982745297,-0.375073990533659085,0.239689401753852671,-0.494691361577011657,0.637938564843272604,-2.18909757151964479,1.43609654028879841,1.35223883891010832,0.888045249863193886,0.86574709948806261,-1.41664754223392575,-2.97995302626899106,0.837176780120703179,0.0959326814810170098,-1.07807179626882088,0.917719801807694302,3.28833502966694757,-5.50437627704116306,0.00451926363978539213,-4.05394155159945413
-0.869089312216360543,2.04275283238049532,-0.947407564086121812,1.20478226784939935,-0.302661798988522857,0.535697888063921601,-1.18328827183946839,-0.156926264694205786,0.536857527637076504,-0.336843606635166604,1.76571134779837546,-0.227914966608772335,0.474313112819549798,0.525804403745836257,2.20486949234248231,-0.268567362013230448,-2.77233513601152026,2.98834919148405653,-0.124833386514220143,0.0962608872269967025
0.467354296310795225,0.00604750624745155167,-0.229625611939739654,-0.906919553837527204,2.79845029769144071,-1.71658956970241694,-0.361680551033227493,-1.65780349827190521,1.1874610631505067,0.478511242439366713,-0.54058488881605693,-2.57024595552387458,-3.59033098867455758,0.350919310375859717,2.35609788838625045,-2.34675599281651337,2.25809368979483027,0.0263674710861609811,1.74976888620289595,-2.21942734503034522
-2.62847761250531597,1.88594713999442076,-0.661546404687346934,-2.35258851664006086,-0.0148590983477298669,1.20257258537698952,-1.82797586675853463,0.0645811767323311164,-1.28237206492535916,1.80343419309021025,0.203081403049132608,-1.59085648868179019,0.808816137574254856,-0.018820657717112773,1.57662871952696348,1.65828896085406674,0.00414635178287212254,1.44037565607291795,-0.07470193895626287,2.91267964968179793
0.31301172054924864,0.338870008436801928,0.454912539857874609,1.64955860475955762,0.215551694219635492,1.70617922298034164,-0.914587556440942362,0.302222647026055835,-0.8236717062927984,-0.390598132268468901,1.96536841720335675,-2.43133180220505274,1.94993253852083304,-0.122313159300586796,1.88663714334575339,4.21221031652002065,1.63783463481218905,1.4873261507466855,-0.935702475377219622,2.16899941391667639
-0.84256117464239233,0.305705688256163677,-0.461857171172399161,2.63318567219171307,-0.577125260978165855,0.767754483076103167,-0.120764522780532887,0.237912543231221241,-1.66304256755851232,-0.632077775631433747,0.814532560296742258,-0.927863589689294721,1.18722205469566378,-0.340824372909604378,0.916094222958309223,1.77485920482441717,1.75160047483602876,1.75250303380884742,1.63634553154888707,-0.228198975174779661
-0.318453935543285049,0.644829611576567041,0.406232111496288295,-4.16715018511641233,-0.176189201603663609,1.68112594020382966,0.0555356732735611397,1.88734452333684644,-0.296966985676512085,-1.11326514322737369,2.57235807489407398,1.00398279676587143,4.28821468219471313,-0.137174974296626451,1.46645628932818006,4.87132541518160878,0.544569899592356799,0.99421967889388807,-0.576029380817036696,0.669023986834899831
1.19234974679143746,-0.525193069429533588,1.02711685324685242,-2.45141299027187287,-2.77548343498263916,-3.02832744151590871,-0.124978808666743837,-3.09458395635157091,-0.702232014821420392,-0.96580480336959873,-0.636167678630885303,1.87966277110357094,-2.54979264780474502,-0.298673501615273007,-1.91444177295652462,-4.0397911895855465,2.93058468451959797,2.04802647321340903,-1.05120662415085087,0.280521766127553085
0.304792665812602948,-1.31713456145869356,0.199055682233464148,-0.226571380022859453,-0.23708233030962006,-2.06188656773220291,-2.3418933642287878,0.928395919275334158,1.92980522790150744,1.19036131718755578,0.932076923859712303,3.3401476537697592,-0.857322115134762086,-0.197072332374087555,1.74078772312860752,0.832224389002941045,-0.781689632639051779,5.24373295360892033,-0.5538773857417707,0.144844718542616102
2.28577195140744083,-0.779566803967506883,-0.0610361588625964804,-0.176247879943135261,2.78402950885659006,-0.916467603986932389,-1.09305264400443281,-0.473079657294698308,1.78430125297120101,1.45570378039736981,-0.705743877061130176,0.0180557656151706727,-4.87289757280780478,-0.270312722014957263,-0.519450672715706663,-2.18028124888761488,0.495292776402511903,-0.277076302011660169,0.231127610436041186,-0.471657834769917628
0.708106832614061599,-0.157109688465064179,1.29917808302850579,2.13832954117012308,-0.334729313414026064,0.260717949044380448,1.72527893593221826,1.1208297728098755,0.6964622946617961,-0.423395159121866316,1.50026365081575874,0.831545795229839957,0.586238117959726357,-1.07381031316118514,1.60067278310346794,-0.866632073996268848,1.0521026508802791,-2.9852543337491122,-0.147711246428932824,-2.62379074531501777
-0.909041245986417223,-1.46493364336907805,-0.296337798733671665,1.24597837122690125,-1.49337273152367755,1.42747466085471997,-1.1440812097926345,4.00709722906883137,-2.11355830809649126,-1.34675924141407521,-1.14381112057744927,-1.31179257998527299,5.98483491429061853,0.561821399244277431,1.14784776896978258,5.55481661969294649,-2.76624590070160803,0.513376038790382738,-1.11895987074728875,2.04347803195130462
1.16937922668712924,0.311768571242718506,1.15282020577552879,1.99950131966310285,0.374499067195771085,-2.66438854457903718,-1.32748545243178939,0.971980177153629388,-2.03134169529529274,3.35820490031404528,-3.88900033640567688,0.937436256052145644,0.696167851609685417,-0.0438070588450275231,-1.58907955423404257,1.96140565592510208,4.59015197939266795,-1.72977802563553906,0.449811845289748269,-0.459143434367080494
-2.06403248270401019,-0.873621442613923271,0.69622579018605657,-1.32056720574824293,-3.52893785388219516,2.49781978047839237,-3.50613026108924553,2.09025609950175317,1.24929719843669362,-0.759391005507046746,-2.95739982455393191,1.13617744186660841,3.22520238917481938,-0.466033791846755696,2.1494782730247608,4.40328548617889837,-2.06595249433959838,1.83382015686559696,0.300425443217858468,3.83114868935727326
0.675923764548851613,-1.18397299889585472,2.1552444331088676,1.37230792973490656,-2.42659396240601488,-1.55989389222894603,-0.295172749458138151,-1.77043417670223779,-1.90945751744110503,1.61452597974194179,-1.97582992365256893,-1.85288066382129801,0.376083465867506517,-1.82917877167546972,1.518810280340541,1.39663590122288084,0.681693124155032359,2.24573079368861261,-3.2958868535710435,-0.110116827247226157
-2.19640016580371178,0.0185568074344973806,-2.05562632498219999,-0.816675530313325515,-1.19277142346498688,2.01792080517811323,-1.65409986805670006,-2.18174194484489359,1.40242369245580156,-2.67517138060887261,0.0975121229073269563,-0.0359641018980488697,-3.19625848902561938,-0.198162554460833695,-0.13228257518217254,-3.77922980185696344,0.649633155338787516,4.30626055098771232,1.34246442760248086,-0.0184852937896995174
0.335236280327522895,0.12014990008430286,0.841092955333825443,0.686528314594717748,-1.46004814307102171,0.0688962901409505835,0.673659837311749499,-0.0474695462318743058,-1.1374546063007569,1.05677162163083471,0.671029331574267252,-2.65144214055042537,0.17204132375469891,-1.72245921562790527,1.89177306435717507,0.915474340055278279,-0.444269912270741085,2.10160139834554727,0.37759483388385584,-2.55218205329426517
-2.50397719219184767,0.995092593690158234,1.15864498634896607,1.89700284339891856,-1.04849873994476694,2.88768406653730603,-2.66324468675495973,1.0867082162510191,-1.65727242134866648,2.24696980720114992,0.0168900481501747662,2.68788171004358567,4.55694320248669005,-0.413306687528543326,0.768192695863361363,1.42597622569269311,1.51620512439172583,4.51659016618626374,0.647108057419830685,-0.593070729189149604
1.61566632580103486,-0.51899144685701204,0.766757635028007312,1.1606159543694512,-3.51443043707339076,-0.31741515576161855,1.80455221789528553,2.90746310571870836,-0.528371418274457105,-0.676137697137935811,-1.54887898414829484,1.76118253234258826,2.79698662393069286,1.77126036159151057,-2.34275199766755327,1.26781839109452288,3.78813870796012742,-1.32067531207417299,1.62257144578509549,-2.38737563497890637
1.36912017187633506,-0.670790364206793388,-1.25651100988365316,-0.798389050700574643,0.000550699598029599779,-0.0582506158798025836,0.489407762137821223,0.682012284065826146,0.321909908122909538,0.53333397530469262,-0.332724190240855644,-0.34360378325782881,-1.01216223870395639,0.774212726381097394,-0.0256452293524674635,4.28249358531212643,-2.30223170160440072,-3.4987395031070232,1.44287074844405527,1.73964562774935816
1.31388405083218807,0.367376079637100061,0.442672641838073866,0.114268774554703162,-0.877237611772231696,-1.05927228275167007,2.18468881718725783,-2.44697710595817997,0.75219132857161608,-0.893132754356854575,2.6612019969300702,3.80717191399608357,-3.38988219418566228,-0.43282980937345189,0.198367332540450747,-5.30226405979197946,-1.66837323029648954,-5.23729741852957087,0.237045566331661017,-2.06068172851637277
0.00954163084950988317,-0.0593542615561406528,-0.564327046652707609,0.949694000537764094,-1.11290006318762713,-0.259068634951309107,-0.0474766948510268599,-1.81158053914617478,0.034480961268872061,-0.727724823290136658,2.1798082154306857,-1.21943419980948886,-2.34120670079672077,0.295620017201665641,1.22907703374171939,-2.64393777349055092,-0.565252584926553947,5.24829648582059693,1.54803358962613236,-0.512718320878467027
1.34102339924383451,-0.665767911203791862,-0.867919545930212366,1.44906161809775891,-0.0467034943557392973,-1.41262253739483978,1.63124347960798488,-0.499033587202598772,-2.0928778052490995,-1.43405525722777671,-0.521988366730016806,-3.28121877223632286,-0.662442680421910457,1.60946670409708625,-0.719804155298587101,-2.66078470148149515,-0.639508166202144679,-2.75791088014226737,0.128273022672771353,-0.32782614856865655
-2.22190915635470709,0.717284456398075365,-2.45302416364086096,0.22989146348586692,0.512626070488851227,1.90105295540580976,-0.776718635167689575,-0.88490676290976078,-2.33896506740814436,1.64200726175726386,-0.713797377780051034,-1.76084029882661208,1.86402159529956912,-0.431870513921501775,1.96626142903103873,0.270722963622946566,-3.17856902142168973,3.00397093855391217,-1.08792683588611006,2.46781728607775541
3.42252749991692617,0.761940204829991252,-2.41141065878663818,0.506976224676629061,0.34252045408152676,-3.43313758045688289,1.61077158319236124,-0.184726059482136912,0.23069733278495877,-0.870589111832675844,0.661978868499972561,3.624555126509442,-4.662382645211955,0.0341383613946437542,-0.660082129881789159,-5.11759813993639767,-0.873495248468100782,-4.31692680702694531,-0.176457395524237615,-1.42472860859276107
-3.19367753678106192,-1.26569450505305214,-1.33970468415568766,-1.83952646123072272,0.0469612741961120961,3.75694807916314577,-2.42413250352787157,-1.99422740530396458,1.21313016542945529,-1.29472209186355069,1.44023578701786548,2.61620290997395255,-0.493361468211970966,-0.77157600476419308,3.72344299780266619,-1.38359714273757395,0.161483266074346044,6.55795581548340678,1.95399432293436659,1.94316058047035489
-1.38485431507979362,-0.766630226049404784,-0.860533012361904381,-1.40056856344627012,-0.0569572436452278619,0.60833485052767744,1.21534829837854041,2.46847723294092214,2.79420903403515952,-0.33226087461213577,-0.133738514147903026,-0.420630364878444907,-0.544899330027592277,-1.2125951408342257,0.727962268304450988,-1.14003729404116538,-3.60043462770346023,0.949340023932973565,2.39608557385980925,-0.57499327653108534
2.0277049566793397,0.830908076203394907,-1.39281803919683633,0.490452733866776125,1.28707822903233615,-1.13411776688167998,-0.0224478404796409174,1.57235695634496997,-0.158364279509326217,-0.911857775803406767,-0.0131809690287994913,1.21115219675219876,-1.639119721346463,-1.7497987668596322,-2.56041534887407174,3.66833705795475273,-1.88125311154658026,-1.14856813447492545,1.16340311071059066,0.040828134333173012
-0.0541071550821257408,-0.0463531405231571089,-1.81584122512405521,-2.36575693475380877,-3.47901177341368495,-0.174451487816723594,0.475885828818473022,-1.59840077307210837,-1.04150303917433118,1.25675647864221207,0.111145337897115351,0.0253570265501636381,-1.35936198563159505,2.99044639722702676,-2.07291034705110766,-2.57427162959308342,-0.747592108481001771,-2.72726207972363399,-0.519120349845276552,-0.564520333244186157
-1.42414709186204536,0.404488828847728021,-0.311800679282477899,-2.704128868633767,1.07532346169703463,1.85261346723513154,-0.430891510619701101,0.789739122048297437,-1.87612496228142644,-0.637895119334990102,0.716596982510924629,-3.4657968330604314,4.19667815423147772,0.567252268603579801,-0.215636531379869989,1.37115856492586063,0.66987388787941704,1.52330621263701427,-0.404993235785966188,3.04996756464661667
-0.264473967580474478,-0.448418793102962121,-0.899323731511171509,1.11855683827833086,1.17599346891444689,-1.28157401039947416,1.09998169747628882,-0.0861096082754995162,0.173322580527684289,0.15541108787331373,0.832198906862388066,1.43220354149710039,-2.11064810673458902,-0.323713791677101181,1.3276548865501383,-3.91720302451678037,0.551273644284999476,2.33589695346111492,-0.390996583997250569,1.30269004339078753
0.633222323476637539,-1.43328451165356685,0.766841750982120152,-2.99992612858006025,-1.34418371064724407,-1.25448474788582565,-0.0560295929286064448,-0.889569911109952871,0.33053802402111282,-0.678160494961865257,2.12746359998151258,1.36864676928216111,-1.58664405162435473,2.41122240988319003,0.624035885009458391,-1.05149267618186215,2.84339095692992583,-1.33561650141249522,-0.528087185921223168,0.546367478847659793
2.56922656408776318,2.66093212085321706,0.865438165633432677,-0.635634732017406945,1.69291245856759565,-0.371051015796953376,1.03156304912873042,1.75420956836961461,-3.07049547514251309,1.58122881467428078,-0.0741410062950362408,0.460725025453245673,4.42668781396063427,0.802960253261287504,-1.333730885121027,3.07435732277616092,-0.452095572562104253,-0.985363049317988349,-0.337549181589019309,-1.564799332977445
-0.722427646105509358,-0.918551160706965408,-0.0968844897972867131,0.0780919203897332687,-2.9835531909258548,1.0347818188645268,0.167159241267462788,-1.52348849137896658,0.134580247539940551,-2.07434607308367003,0.0495398468559980279,1.21722905463371034,0.21350136642708728,-0.649741812324904799,2.14587400928798777,-0.505766215117616547,-1.40155412451845329,-0.600555721368699391,-0.301946518692368271,0.224740993462882621
-1.20050294740090968,-0.605297185160137308,-0.543015113519056514,0.95399470523584895,-2.20238473664785328,0.790463214960989924,-0.559216157159946103,-1.83814001761525025,-1.53956145201240502,-0.203383905874961274,0.249656702735509495,3.58833838136191963,2.3807782208719428,1.16635748364783742,4.35313728345572493,3.20962095710088935,1.90561004102322462,2.61852212752684421,1.3963921356479867,1.86830940147496616
0.755500628467325241,0.178056389401529513,-0.657111200881743462,-3.47610573790893973,-0.671909962482389767,-0.697685764855336843,-0.236327698841538036,-0.544532560729380166,0.984655791021911586,1.89647815715358559,0.445967139213216235,1.15393691717123659,-1.48985147288523301,-1.06329966496303574,1.29168093497259662,-2.74196216214549748,-2.42014299813165801,-2.30973795460342179,0.928375719666605481,-0.655896449214123822
2.89260978777121469,0.550481234907509998,1.54191499723636904,-2.0018680914088578,-0.877141421327205295,-1.69994324329489621,1.59639733150983454,-2.82247621431051288,0.74657370796635325,-1.11527153407350132,-1.27533651861514907,-0.991288875447189688,-1.7090260819653762,0.500203368105040402,-0.896604502856512608,-1.60760143951157386,-0.860761090885415303,-4.55314239942330623,0.324796020010132636,-3.4029264448399954
-0.827546597714392762,0.500986547944330063,0.637905642165266684,-0.826382241188421407,-0.184131143680351411,-0.856306796865852982,-0.56739212951333684,4.68054551873463431,1.76973966825259277,1.60801016961971088,-1.3310624247163354,1.33436470119881045,1.80798611995876657,0.257306752126399474,-0.575214751952004555,3.39934756381904979,0.125943272199329631,3.51715234985965042,-1.30315267013607627,0.78189937104659113
0.498048993344601898,-1.17609515668649744,1.2313849497084377,0.587165562828493859,1.62619772333225487,-1.69826070176849986,0.196584268857999095,-1.61035179995309985,-3.3044196933384451,0.472600172976221478,1.36758084277441294,0.884916167781802265,0.685978151505294176,-0.386458403447738019,1.70118719466991797,-1.13922041793757511,-2.15080191483856531,0.5483682819821879,1.02226662781583322,-0.682023575277603156
-1.25708438290481617,-0.832062107003935125,-0.2393409345394715,0.581730067381788452,-0.0683082567184915695,1.31481451865894639,0.514410224875057054,0.00524265734854807448,0.999826156164657087,-1.30219138698777459,-2.15215134437533928,-1.76765628238152339,2.55078231645045106,0.366184036184055928,0.884903873789968598,1.8176715251407829,-1.81174797194064574,-2.13322310251834502,-0.672563238093794813,1.38975410859094173
0.124284635145641156,1.50358842883164656,-0.38062120098969654,-0.84995417786439087,-0.369482554583102196,-2.73439201230101059,-1.17633079768325155,-0.284625099955944927,1.70175547187631637,1.17777762598366342,-1.14629128244892442,1.49072541065994124,-4.75367838566485101,-0.835087880509972624,3.59397292770913035,-2.01448114678046908,1.18643867307795792,1.6823358600760292,-1.98715918202344755,-1.29956553657830121
1.02733692626167739,1.85240969896501451,-0.322407522040629557,-1.19620423139850107,1.63742857611618597,-3.43462931173980746,1.58541296654711861,-0.772113298429037198,-0.224288519050388657,0.641282635210144836,-0.630243184552984781,0.133114517161966428,-2.97495132382441163,-0.232503468437680966,-0.836846118478078993,-3.79512858493021898,-1.38190348402737584,0.541928117199528603,-0.586716298876353237,-0.0613840827148063595
-2.43051579999461076,0.692458424814030749,0.949825792029381555,1.02704911870410553,-1.71860189209439729,1.12963875540539815,-3.37182216721754102,1.07026229766298142,-0.800466460377565525,0.730875716923601426,-0.366021666645023613,-2.65984720357569593,3.65379838567082338,-0.644376518856189406,1.98216499440897853,3.95304495367592779,3.40617099072389262,2.63949947309795796,-0.854362319982487906,1.26909858468829895
1.48873747783333776,0.321732901902139268,0.26171905513459176,-0.571949946992128089,-1.05132881377125487,-2.57084610109370892,0.347458825767653523,1.88829157564828809,-0.333320614362968504,0.102569874906189573,-0.126665774294564382,2.03331746740852104,0.0147838399468786207,-1.03249663741529574,-2.07544338917955473,2.28666868399695034,0.793388511257221984,-1.3645286876380156,-0.627089916573133954,-0.505294381065860332
-3.00124413462480266,-0.0165420565443741528,0.867934498630655415,-0.645698832128385969,0.838444077187628589,3.5334157305614653,-1.18165009657343001,-2.23023433494690071,0.512928422530046557,1.0848514055811036,0.21399197084060903,2.4895591209862773,1.2382597686641621,-0.166086230540674562,3.16248867641677256,0.112017665076820733,0.76623132367947977,3.8911324597475736,-0.141287764947017169,1.41295354511954296
-0.26949877387367227,0.223198327006555258,0.970764148523071579,-0.306888039037039706,-0.853660339831746939,1.73182225900668185,0.339828589152849192,0.897749662807133642,-2.12371706144212524,-1.74418258588501152,-2.12411049110641814,1.71730304574036241,3.65225041739010603,-0.0982386473323553777,-0.280497850166046614,2.00676373855972345,4.85817003357691846,-1.22030761188682502,-1.96213104058421206,1.70912137020369581
3.15668202052677138,-1.49995787987620033,-0.524513274834040644,1.14761932868212679,0.973411961261349212,-3.4638387087662954,2.93587876050756647,-1.91238218357125644,1.73206011046227171,-1.95863884543248523,-0.595699776717596108,-0.320963431152937462,-6.77103460500518395,-0.140752367123215011,-1.91915971606589575,-3.51657352197572992,-0.58598634922956494,-5.13482504025105868,-0.73867790602204042,-2.5767644567564929
0.870403156339563111,-2.03507800083886758,1.0114098850817097,0.425039705280392699,-1.43875403442612426,1.64685005689281239,2.09487045344979217,-0.238759061563194402,-0.503926980439733829,-2.51836986371524896,-0.645932355910204259,-1.89971473164491922,2.60850457565860605,0.00720048397855671714,0.109579742493504037,2.15567919473240277,5.33433377686809873,-3.39844226192312426,0.231620759675838755,-2.87062980538185686
-0.924251636408799926,-0.373622034021177329,-0.0489886065190551223,2.74834741471916821,-0.407480601195622405,0.104535669394028044,-0.315445592622925097,1.2313637737769314,0.174905199829416658,1.13186149403341041,1.23463007488144427,1.88654078143361859,1.04757049609937591,-0.818916290634749466,0.444758518673040615,2.55520114904453033,-4.82447451414157236,-0.466490319564198619,0.903183316703544903,-1.71408155563394504
-0.853367567352217526,1.54560553082683838,-2.18755169779405589,-0.225611203038097619,-1.03850475667913278,2.26061746950391562,-1.05098300769746422,0.0458710370309610566,-1.1307844736787882,-0.0418608271860382783,-0.55321549863211994,0.791882404845106302,1.55199733516991256,1.72153405697302153,0.33891169234375651,4.99091279738962612,-3.28750717022235772,-0.944361224449497549,-0.164180291932851552,-0.241815789550440391
0.42079538680466444,-0.925883279800691184,0.359886634303455466,0.331974391193886109,-0.592145239732018047,-1.22330700947850701,0.173013008067778196,-1.63402154253244558,-0.871516277437440423,-0.00531324928823681455,-1.55917857809225979,-0.879036595056476799,-1.93253369226565952,1.03959152038532832,-1.17257459807715425,-0.302150627929300974,-0.880100919587344488,-1.29231559547975072,-0.638076057652992135,0.785816585854693828
1.05966205181516293,-1.4511434851658247,-1.32960809005157699,0.913773162101490732,0.777123145750697075,-0.398794899795034852,-0.060746232636708683,-1.70004025823584537,0.351042609725089438,0.103913454534467084,-0.428241320670355197,-0.815202785652399897,-2.5641072655552688,1.02730588288003699,-1.8344145346346179,-2.25928348331277862,-3.57363823133470948,-3.54722783769373251,3.42090771746697619,-0.636628610981682663
0.674777387021792907,-0.910198317772536125,-1.84298451216582571,-0.761720212837911137,-1.41185475949384043,-0.048152503782491772,0.929588702221988528,2.15334954202293583,-1.07740630117709912,1.76057735330180187,0.233160726067715873,-1.68141145151104032,1.14674597025167024,0.269126420841279856,1.17192356387802632,4.44664740877720988,-2.75202237309430586,-0.349328186062625001,-1.11294640903824282,-2.61721577842471609
-0.138986937130571142,-1.09346811326979609,-0.0634012916139767291,1.23289754610121616,0.473619938548661856,0.515090619178821596,1.28453658423189165,-0.749018719565127111,-0.490327634132834977,-0.273203797175868734,1.60652758462292633,0.474158156527641539,0.271649212277275398,-0.579721708526756307,0.994855254965744451,-4.00170756552342244,-4.11854515583481451,-2.51227598511701045,0.173375396453429226,1.55482029570435176
0.348421457309238292,2.07663911636376586,-1.30499148826945488,0.979936152785709669,-1.2013516165489766,0.0608733697466798535,-0.607949219619482673,-1.07152592097710397,-0.321401078804407714,-0.394365284917649273,0.621283656107097237,0.92020162498552649,-3.17612317322824911,0.156464998172729047,-1.81178008862703788,-2.40647142782446011,-1.14354953885109678,0.834632598041690987,-0.875172454964828317,-1.38513747193929304
0.0441555535135446028,1.28670658922444647,0.0909211051564988854,0.895462216182240756,-3.44076138409907673,-0.0656543775721441653,0.521900377137353932,-5.6774069555258988,1.35098125275445713,0.81406940197899913,-0.88504010691243129,-4.43961098318380198,-4.82374061734483828,-0.0204407978676666782,0.662783807341462139,-6.94712377808293713,1.22521396728790233,-2.21632378125353124,-0.451940437053725719,0.666754527989944723
1.10646947233595649,0.252859191970039976,-0.312200294699326919,-0.434407751788932039,-0.407829920840808935,0.520346534476223144,-0.210500000671135362,-2.57099410355367386,0.994207464841826649,-0.172358910599561932,-0.0033627895399218591,2.59023955198900202,-0.772337783933059518,0.733161002122476702,-1.684243822212939,1.66063585630837895,-1.18668168010436714,-1.57009436004442371,1.18068498798287558,-0.776612374630434532
1.90712867131989205,0.547821560676817421,-0.986915654086963468,-0.44342516510389246,1.28271729328608752,0.816127209728226943,1.1423902915992854,-0.214961705810950976,0.594839038893181571,1.66716181270137342,-1.20785876347472865,3.74155440857741128,-0.419231622721574937,0.265073515904566237,0.774334927229206604,1.20437265821786466,1.79331121369581115,-3.00500077312750191,-0.552372859434802188,-0.422047628208185144
-2.07766003387934672,1.4500383198886333,-0.34171739654782457,2.21095735268707561,-0.410527674302034684,1.07573958229425348,0.647986318337870681,0.524308725919587326,-1.8133129298723063,-0.060732946366518735,0.0191071464441730544,0.678391326968285302,1.6725221124368761,-0.269465448711423416,2.61468235829260154,-1.39454010706207709,0.283642115624796909,-1.23961964601546804,-2.40279899617184034,1.30046800057200485
-0.926534887714554722,-1.18374739875225576,0.312406916269687474,0.0110346932449766032,-2.51552050328503318,-2.53510711589925419,-2.08905670429776258,-1.18984730202218936,-0.576397655114083585,1.63265357533130206,-0.608534803277478553,0.606426269154198838,-2.38649411330826888,1.54848520951058455,-0.102213379603842067,-1.86935962739011385,-0.968261668086577099,-0.100714528592301705,2.03896963650058627,-0.665507236876173303
1.21611419934092213,1.30298429248441905,0.753714918114742338,0.640962370921380642,0.232258027240756199,-0.993755803710172581,0.907007086847681609,2.22812189087942425,-1.56811291791635998,-0.215563359451949821,0.210194393525986983,-0.942547566547793814,4.64504894389487255,1.24211234753841593,-1.65163299096009952,1.48196257005844645,1.52091132888479619,-2.38674857927418671,0.102994860324963633,-1.86450687966739159
-0.820071802249771165,-1.29381757669774955,-0.274754185067988876,3.33452859216324393,-1.86303451248534113,-0.0987264553757800645,-0.319178252732214784,3.71182986547469973,-2.51458562173721045,-1.3802124416086432,2.72370514664151608,-0.602431299542354526,3.00325126182120083,1.69312155809816978,1.42789704399775919,2.75419033406386982,3.23437074295264404,1.02140969688160199,0.827483974121258736,1.24093130291935605
1.2787968773344649,-1.19147276818518644,0.490072047132548094,-0.228180646080184318,-0.442496638646515283,-0.684848495280557801,-0.780265113689766476,-2.57746371807601538,0.340293256318045967,-0.517318535801899015,-0.795642923764042886,1.782754523911525,-3.24153574034194358,0.346126026643186924,-2.45077389841184701,-1.91817446281777748,-3.57354147325521643,0.638905538673147144,-0.1117359454423172,-0.529714102265425146
-3.99368305129588475,-0.420664038747746216,1.05079628593650032,-2.0606461571896304,-0.498023119577223949,4.82305476394993615,-2.48809764216941254,1.43153320099791848,2.34927001914189004,0.35132811343869691,0.955420634341479058,4.09980669391280639,1.83520736599893386,-0.611566324232077241,0.222700339489813021,-1.94068662727640517,-2.75893264780107028,4.16736151817969169,-1.01200499881630024,3.59292080134405012
0.397278309275130859,-0.11900757093813126,1.20880717373299174,0.0185970994325604794,0.647931089745071631,-0.430153801014810155,-1.36703575422275536,-1.84919647157329958,2.11535492988122309,0.522781908147843088,-0.928454137602412688,1.53586249614516435,-0.98384393224012201,-0.954237450081374172,-2.70209193103216627,0.388362182498449893,0.0857638754781327589,0.478278689865821005,0.0889815724312723044,0.0776979872798797405
-1.33404286410927519,-0.754211565809375095,-1.15507965771958165,0.481945132405252497,-0.663345702345742971,1.00432524032735304,-2.38496472381513458,0.847126525876378822,0.791603304925481255,2.33476007920515549,0.787514330660499695,-0.486523856821997336,-0.0585924570069084813,-0.595172480670523973,2.48939555211286656,-3.20808161638629485,-4.25220862279688028,2.64133555271862086,-0.78301644961135819,2.69012584830662416
4.21485568032392166,-0.0882904708061793414,-2.21124206162496684,-3.22966755572968234,2.18888744007484748,-3.05943688715586193,4.25728645731069744,-2.93726530174967948,-2.2688005546834078,-0.195288356809191432,-1.07029536407999126,-2.06036046211675705,-2.36296180652266541,0.905142696647241785,-2.71897094785828708,-1.4585830340781949,-1.79149927986744761,-6.03980924277900755,-0.451461613584576482,-1.95591626893422621
3.60506550541916848,0.322452371753373934,-1.12029443615442292,0.530611186344757901,0.659597238256743768,-2.97852908884111134,2.42592888316660416,-0.847772485097804007,0.894871912355553079,-0.746864611848822135,-1.02551747921000147,-0.717190413138459992,-5.05276972746688102,-0.801968364018762259,-2.32750083728882373,-4.00115234085348792,0.56895196514482993,-3.91797442185198852,-0.098542553966526461,-1.61798705676688814
1.78254026366316576,-0.789379063429988759,-0.487026628988574073,1.01278092311134826,-1.02557505149004413,0.0527248411158884253,2.22141791970994884,-0.127877948237645006,-0.426255651209687503,-0.947143354093776368,-1.77717414810068131,1.30785978361396338,-0.876751493247538982,0.480345685132649802,0.0363847402652330912,-2.35871399697548512,-0.395598704785446786,-2.33672993419487218,-0.27243519166383362,-2.32058035889918957
-2.05380138678793944,0.714080490147351754,0.923017674047688419,2.02414044535170268,-1.61298155271527399,1.75094124072815993,-0.0228668203337034533,0.507729150881066071,-1.90195102454842413,-1.02989041186063468,-0.215171528258702199,-0.69071322089088294,6.05662787052150886,0.795524499511016114,2.35686225260288706,5.00714705272141991,-1.14685973849301526,4.05454184974302656,-3.53105612414250425,0.341833866610752601
1.94901074394147988,1.23238622404609499,-1.7170898572011748,0.700096089197772331,-1.73162346421290114,-0.991626955594579695,0.925131190263901337,1.01124309245648236,-1.74603729729588908,1.36896724609723042,-1.62647499982456445,-3.09970003207073797,-0.827122421843040523,-0.294174429616787247,0.530970317730225849,1.09907796620832077,-4.78607040067708223,-1.31325081365063245,1.80106429968632931,-0.974199479541986046
2.09927981285722032,0.0289128529398910358,-1.4126741410270125,0.713944001281366925,-2.83236577611950713,-2.25545089161232903,1.05313646694678331,0.564222554737096704,-0.395888012995467831,-1.15875392072698324,0.50268139849756166,-0.085680519488007395,-1.93274004278392719,-1.80178138861798787,-2.17951335005199898,-5.66125671996093871,-3.72965501399594812,-4.29382580899308142,-0.0521199286159235303,0.49111973274888715
0.0979566385560197705,1.63109150178370355,0.228616349884647851,-1.96658640557946041,2.22162674340238997,-0.349315133386413623,0.405642134794020282,1.97548043917699112,-0.303872002693238552,1.9402286585520041,-1.02478398012589955,-1.23024796515826096,1.60339588301111524,0.222307115573530445,0.0945926224285461165,-0.958924393370916062,0.747904923282542211,-0.758536361989438856,-2.46601669464731543,0.0533415635315901207
-2.00639233441092468,-1.22451679499971844,0.566446231806799871,0.979930526971652727,-3.74547060061346171,0.343128621569308234,-0.185427316998152403,-2.36049698478332637,2.20126602154441109,0.088293025990774654,-1.04160689660922201,3.07772547657939199,-0.691393148723269291,0.672613763010962096,1.92485686165965086,-1.20331715162782094,1.85172906004134097,1.81118210819992309,-1.27009266485255012,-1.18996491365587653
-1.88225736706076896,0.274943929812345778,0.093737893235358416,1.14443639150998622,-1.27210851420606574,1.39934029032320173,-0.36875361846807142,-1.70517664333430385,0.260525618421741489,-1.13881059468666024,-0.607706610153636473,0.560007197799558543,-1.13431994458348973,-0.394157553606183431,0.967171215924472527,0.934017282746707256,-1.22027969828503235,2.28618438251173428,1.30405717777489194,0.219202490246665355
1.40283328992189271,-1.89676597513173739,1.72327463713846418,1.63195852668701402,-0.409429626734620078,-0.907793538564503399,0.441543521706764308,-0.764097119575355976,0.107509196635787938,-0.876640936027047291,-2.61537194460945344,1.00099801948169875,-0.871357066755317433,-0.388123792712949223,-0.190680823530717553,-0.426347828363686898,0.795593370256701848,-0.681660040728874428,-0.543621876319562713,-0.686939495042332315
-1.80052579483135022,0.4971561002005907,1.01403439945626594,0.911707384253999664,-1.2092234284334169,1.05284179829590507,-0.11663349406798923,2.58722453496817817,0.0838932764323959135,0.813818720715737465,-1.96481730748368388,-0.578526486269812512,3.79824162788368946,-1.56206128428285917,3.15194389734416136,1.0755961347423284,2.34992026992593228,3.38617961465868644,0.513971541035007418,1.81464531738094892
0.703375039903674337,0.498427651457867549,-1.28732035279616919,-1.41772827807405633,2.5300411888267913,-0.897222112375598901,1.22124274115436338,-1.85388855283202414,-1.07315377960268354,0.593178404318494779,1.94191641038905205,1.30421277173716232,-2.20629441145046057,-0.00694531831705864303,-0.717758438082790162,1.37840206178391433,-4.46136686383924363,-3.26686725951693235,0.41844204868169943,-1.17537723374143654
-0.626864460781386579,-1.13704166072050472,0.20315308701199189,-0.622349692348779238,-0.71703624947999256,1.32988826249048087,0.660416193231435522,1.01462377424567896,2.1150815185111882,-0.142021659922340227,0.370145620191899449,-1.45096382091411513,-1.51215736032589931,0.286794723987706335,0.227277648277850824,0.552432727966217119,1.79073040306122655,0.432356351512186043,0.182606385816303923,-2.36485971875396483
1.53261684656203379,0.0461625816715861143,-1.04419336492202386,-2.24862181506990533,-1.2547797513094241,-1.5463372098761845,1.97759113377597107,1.07662932783108389,-2.41342529175666876,-1.32769013188734308,0.866816572949041797,3.14579428348792289,-0.839958137542812233,0.709031887027487762,0.767541374818724531,0.0831885097585716576,-1.17395850072855179,-0.266560668085576824,2.08479332776152093,-1.8171111993624609
1.79900956071669493,-1.6988830080633448,-2.34966528179594203,0.751566400590124917,-2.83853954031149103,-1.46643657110134185,0.827971666850415566,-2.81467017895805105,-2.55919926109246099,-1.73904644846781853,1.29564090917435659,0.321948707283783109,-2.83735705443102493,0.122614119761635151,-0.574357987094823441,0.0188447525453147094,-3.93327641067367262,-3.46299311366326901,0.821433384157198687,-1.71454862366242811
-1.92140298791028874,-0.478406247983282962,0.036415373964130214,2.08920204839072587,1.4562523037154258,0.895618936178380287,-1.67502933205883453,-1.86494138973092394,2.52814231237992049,0.48499232605845527,-0.222838241575912449,-1.23936456141884088,-1.93266794984984669,-0.113206089305466231,0.826891320601569557,-3.66792984059723315,2.60280878581760522,1.74528046046657304,1.04450678052748391,3.69592953867188667
-2.32288691089028942,0.764781068148612353,0.750409384153062131,2.47230946622060932,0.711146201401118505,-0.0228979792530382038,-2.29687086465915513,3.54056901284274028,1.10280062028417625,0.72571474999609964,0.338530433564212807,-0.759537676739507339,1.72887442065927854,-0.458540907165009004,-1.56957556559911549,-3.2967862333760789,-0.595737443492326935,4.03364644968242114,0.618126919760314975,0.508315772912510511
0.944569912602591266,0.306850300546902488,0.965684814524645496,0.915819603502985746,0.706599881537203101,-1.06606258748097527,1.11861931770082013,-2.2492509447858442,-1.90266688242887461,0.481864180779096762,-1.1963391683396043,2.91704049210709693,0.0718433681390800161,-0.475422913906143052,-2.00724900707609599,3.56815802830950224,-0.525542335322310317,3.30965147349559574,0.0609142462721498912,-2.02848700800340476
-1.23019622767570058,-0.698496238518140466,-0.856613651486534455,-0.733134222136843872,2.82105723794972718,0.740030862676432255,-0.721697964363009814,-0.548093479763495539,-0.168558175143543265,0.798965976907640707,-1.11580331844877767,-1.03043229704434425,-0.141047962590760051,-1.06948131579552008,2.90024075626387745,1.1697682355210981,0.892104773999925826,2.71680469405800329,0.992147891409068561,1.49733140664695208
