experiment_version,data_format_version,method,method_label,setting_index,setting_id,tuning_parameter,tuning_value,target_knowledge,seed,data_sha256,source_commit,node_names,sample_sizes,n_observational,n_interventional,total_samples,method_config,graph_representation,estimated_dag,estimated_graph,estimated_targets,directed_tp,directed_fp,directed_fn,directed_tn,directed_tpr,directed_fpr,skeleton_tp,skeleton_fp,skeleton_fn,skeleton_tn,skeleton_tpr,skeleton_fpr,screen_type,screen_edges,screen_parent_sets,fit_seconds,solve_seconds,objective_value,objective_bound,mip_gap,solver_status,solver_status_code,optimal,solution_count,node_count,status,error,aggregation_source_file,aggregation_source_row,estimated_dag_canonical,estimated_graph_canonical,estimated_targets_canonical,is_nonoptimal,paper_directed_tp,paper_directed_fp,paper_skeleton_tp,paper_skeleton_fp,directed_positives,directed_negatives,skeleton_positives,skeleton_negatives
2,1,ps_mip_unknown,PS-MIP (unknown targets),0,graph_x0p0625_target_x16,graph_bic_multiplier,0.0625,unknown,20260901,e9ce21c7b59bc711fd15a108e1b2fc6b28b2df9f51750099b1dc46b524524897,dda019b4bd2708fce4d6e383f2c3d37297759bd3,"[""Raf"",""Mek"",""PLCg"",""PIP2"",""PIP3"",""Erk"",""Akt"",""PKA"",""PKC"",""p38"",""JNK""]","[1755,911,723,810,799,848]",1755,4091,5846,"{""data_preprocessing"":""within_environment_centering_then_observational_population_sd_scaling"",""fit_time_limit_seconds"":14400.0,""implementation"":{""files"":{""MIP.py"":""b6ba5d31edf2ecb82b71eb6b590bea1ff6b6ff900c5c744742357c6b13771618"",""MIP_profiled.py"":""9e1566b8775e0739b5dd3a6c398d0c0f3da42a638f24b20353fba0a802afd4a8"",""experiments/run_sachs_roc.py"":""693d312888b75d14bd1d233038a1d3a2b304dcd7fee353f44e2365719e1e04e2"",""src/sachs_data.py"":""ffb32c1afce83fbefa1c8c3cf15870b59f48777daa76bbcae85c3e463908f311"",""src/utils.py"":""f01793e8b6d3c43caa8183bbf4fe3a1837d3de10e01d304e842bcfada449e153""},""protocol_revision"":2,""sha256"":""8d0070e53e36f737b4faaa327e5fdd7f05b7edba01a6bec8668a9f8013fea9f4""},""roc_basis"":""returned_or_deterministic_representative_dag"",""runtime_environment"":{""distributions_sha256"":""68cf7e3ca0e9990911bd854a560a2beec32895d37fe44a26334dc305595bc4e3"",""key_distributions"":{""causaldag"":""0.1a163"",""gies"":""0.0.3"",""gnies"":""0.3.3"",""gurobipy"":""12.0.3"",""numpy"":""1.22.3"",""scikit-learn"":""1.3.2"",""scipy"":""1.11.4""},""python_version"":""3.9.5""},""seed_usage"":""gurobi_Seed"",""setting"":{""bic_multiplier"":0.0625,""graph_penalty"":9.272914114000162e-05,""setting_id"":""graph_x0p0625_target_x16"",""target_bic_multiplier"":16,""target_penalty"":0.023738660131840415,""tuning_parameter"":""graph_bic_multiplier"",""tuning_value"":0.0625},""source"":{""gurobipy_version"":""12.0.3"",""implementation"":""MIP_profiled.optimization"",""name"":""PS-MIP""},""threads"":8,""utigsp_protocol_note"":null}",dag_and_i_cpdag,"[[0,0,1,0,1,0,1,1,0,1,1],[1,0,1,0,1,0,1,1,1,1,1],[0,0,0,0,0,0,0,0,1,1,0],[0,1,1,0,1,0,1,1,1,0,1],[0,0,1,0,0,1,1,1,1,0,1],[0,0,0,0,0,0,1,0,1,0,0],[0,0,0,0,0,0,0,0,0,0,0],[0,0,0,0,0,1,1,0,0,0,0],[0,0,0,0,0,0,0,0,0,0,0],[0,0,0,0,0,0,1,1,1,0,1],[0,0,0,0,0,0,0,0,1,0,0]]","[[0,0,1,0,1,0,1,1,0,1,1],[1,0,1,0,1,0,1,1,1,1,1],[0,0,0,0,1,0,0,0,1,1,0],[0,1,1,0,1,0,1,1,1,0,1],[0,0,1,0,0,1,1,1,1,0,1],[0,0,0,0,0,0,1,0,1,0,0],[0,0,0,0,0,0,0,0,0,0,0],[0,0,0,0,0,1,1,0,0,0,0],[0,0,0,0,0,0,0,0,0,0,0],[0,0,0,0,0,0,1,1,1,0,1],[0,0,0,0,0,0,0,0,1,0,0]]","[[0,0,0,0,0,0,0,0,0,1,0],[0,0,0,0,0,0,0,0,0,1,0],[0,0,0,0,0,0,0,0,0,0,0],[0,1,0,0,0,0,1,1,0,0,0],[0,0,0,0,0,0,0,0,0,0,0]]",6,32,12,60,0.3333333333333333,0.34782608695652173,15,23,3,14,0.8333333333333334,0.6216216216216216,complete_undirected_superstructure,55,11264,60.085773173719645,2.071171998977661,8.559351903321241,8.558622381070554,8.523101502624578e-05,optimal,2,True,10,1706.0,ok,,/gpfs/projects/p32811/micodag-intervenion/experiment_results/sachs/parts/ps_mip_unknown/setting_01.csv,2,"[[0,0,1,0,1,0,1,1,0,1,1],[1,0,1,0,1,0,1,1,1,1,1],[0,0,0,0,0,0,0,0,1,1,0],[0,1,1,0,1,0,1,1,1,0,1],[0,0,1,0,0,1,1,1,1,0,1],[0,0,0,0,0,0,1,0,1,0,0],[0,0,0,0,0,0,0,0,0,0,0],[0,0,0,0,0,1,1,0,0,0,0],[0,0,0,0,0,0,0,0,0,0,0],[0,0,0,0,0,0,1,1,1,0,1],[0,0,0,0,0,0,0,0,1,0,0]]","[[0,0,1,0,1,0,1,1,0,1,1],[1,0,1,0,1,0,1,1,1,1,1],[0,0,0,0,1,0,0,0,1,1,0],[0,1,1,0,1,0,1,1,1,0,1],[0,0,1,0,0,1,1,1,1,0,1],[0,0,0,0,0,0,1,0,1,0,0],[0,0,0,0,0,0,0,0,0,0,0],[0,0,0,0,0,1,1,0,0,0,0],[0,0,0,0,0,0,0,0,0,0,0],[0,0,0,0,0,0,1,1,1,0,1],[0,0,0,0,0,0,0,0,1,0,0]]","[[0,0,0,0,0,0,0,0,0,1,0],[0,0,0,0,0,0,0,0,0,1,0],[0,0,0,0,0,0,0,0,0,0,0],[0,1,0,0,0,0,1,1,0,0,0],[0,0,0,0,0,0,0,0,0,0,0]]",False,6,32,15,23,18,92,18,37
2,1,ps_mip_unknown,PS-MIP (unknown targets),1,graph_x0p125_target_x16,graph_bic_multiplier,0.125,unknown,20260901,e9ce21c7b59bc711fd15a108e1b2fc6b28b2df9f51750099b1dc46b524524897,dda019b4bd2708fce4d6e383f2c3d37297759bd3,"[""Raf"",""Mek"",""PLCg"",""PIP2"",""PIP3"",""Erk"",""Akt"",""PKA"",""PKC"",""p38"",""JNK""]","[1755,911,723,810,799,848]",1755,4091,5846,"{""data_preprocessing"":""within_environment_centering_then_observational_population_sd_scaling"",""fit_time_limit_seconds"":14400.0,""implementation"":{""files"":{""MIP.py"":""b6ba5d31edf2ecb82b71eb6b590bea1ff6b6ff900c5c744742357c6b13771618"",""MIP_profiled.py"":""9e1566b8775e0739b5dd3a6c398d0c0f3da42a638f24b20353fba0a802afd4a8"",""experiments/run_sachs_roc.py"":""693d312888b75d14bd1d233038a1d3a2b304dcd7fee353f44e2365719e1e04e2"",""src/sachs_data.py"":""ffb32c1afce83fbefa1c8c3cf15870b59f48777daa76bbcae85c3e463908f311"",""src/utils.py"":""f01793e8b6d3c43caa8183bbf4fe3a1837d3de10e01d304e842bcfada449e153""},""protocol_revision"":2,""sha256"":""8d0070e53e36f737b4faaa327e5fdd7f05b7edba01a6bec8668a9f8013fea9f4""},""roc_basis"":""returned_or_deterministic_representative_dag"",""runtime_environment"":{""distributions_sha256"":""68cf7e3ca0e9990911bd854a560a2beec32895d37fe44a26334dc305595bc4e3"",""key_distributions"":{""causaldag"":""0.1a163"",""gies"":""0.0.3"",""gnies"":""0.3.3"",""gurobipy"":""12.0.3"",""numpy"":""1.22.3"",""scikit-learn"":""1.3.2"",""scipy"":""1.11.4""},""python_version"":""3.9.5""},""seed_usage"":""gurobi_Seed"",""setting"":{""bic_multiplier"":0.125,""graph_penalty"":0.00018545828228000324,""setting_id"":""graph_x0p125_target_x16"",""target_bic_multiplier"":16,""target_penalty"":0.023738660131840415,""tuning_parameter"":""graph_bic_multiplier"",""tuning_value"":0.125},""source"":{""gurobipy_version"":""12.0.3"",""implementation"":""MIP_profiled.optimization"",""name"":""PS-MIP""},""threads"":8,""utigsp_protocol_note"":null}",dag_and_i_cpdag,"[[0,0,0,0,0,0,1,0,0,1,1],[1,0,0,0,1,0,1,0,1,1,0],[1,1,0,0,1,0,0,0,1,1,0],[0,0,1,0,1,0,1,0,1,0,1],[1,0,0,0,0,0,1,0,1,0,0],[1,1,0,0,1,0,1,0,0,0,0],[0,0,0,0,0,0,0,0,0,0,0],[0,0,0,1,0,1,1,0,0,0,0],[0,0,0,0,0,0,0,0,0,0,0],[0,0,0,0,0,0,1,0,1,0,1],[0,0,0,0,0,0,0,0,1,0,0]]","[[0,0,0,0,0,0,1,0,0,1,1],[1,0,0,0,1,0,1,0,1,1,0],[1,1,0,0,1,0,0,0,1,1,0],[0,0,1,0,1,0,1,0,1,0,1],[1,0,0,0,0,0,1,0,1,0,0],[1,1,0,0,1,0,1,0,0,0,0],[0,0,0,0,0,0,0,0,0,0,0],[0,0,0,1,0,1,1,0,0,0,0],[0,0,0,0,0,0,0,0,0,0,0],[0,0,0,0,0,0,1,0,1,0,1],[0,0,0,0,0,0,0,0,1,0,0]]","[[0,0,0,0,0,0,0,0,0,1,0],[0,0,0,0,0,0,0,0,0,1,0],[0,0,0,0,0,0,0,0,0,0,0],[0,1,0,0,0,0,1,1,0,0,0],[0,0,0,0,0,0,0,0,0,0,0]]",5,27,13,65,0.2777777777777778,0.29347826086956524,13,19,5,18,0.7222222222222222,0.5135135135135135,complete_undirected_superstructure,55,11264,52.80734507367015,1.49822998046875,8.562142597410759,8.561309240938167,9.73303659815225e-05,optimal,2,True,10,1772.0,ok,,/gpfs/projects/p32811/micodag-intervenion/experiment_results/sachs/parts/ps_mip_unknown/setting_02.csv,2,"[[0,0,0,0,0,0,1,0,0,1,1],[1,0,0,0,1,0,1,0,1,1,0],[1,1,0,0,1,0,0,0,1,1,0],[0,0,1,0,1,0,1,0,1,0,1],[1,0,0,0,0,0,1,0,1,0,0],[1,1,0,0,1,0,1,0,0,0,0],[0,0,0,0,0,0,0,0,0,0,0],[0,0,0,1,0,1,1,0,0,0,0],[0,0,0,0,0,0,0,0,0,0,0],[0,0,0,0,0,0,1,0,1,0,1],[0,0,0,0,0,0,0,0,1,0,0]]","[[0,0,0,0,0,0,1,0,0,1,1],[1,0,0,0,1,0,1,0,1,1,0],[1,1,0,0,1,0,0,0,1,1,0],[0,0,1,0,1,0,1,0,1,0,1],[1,0,0,0,0,0,1,0,1,0,0],[1,1,0,0,1,0,1,0,0,0,0],[0,0,0,0,0,0,0,0,0,0,0],[0,0,0,1,0,1,1,0,0,0,0],[0,0,0,0,0,0,0,0,0,0,0],[0,0,0,0,0,0,1,0,1,0,1],[0,0,0,0,0,0,0,0,1,0,0]]","[[0,0,0,0,0,0,0,0,0,1,0],[0,0,0,0,0,0,0,0,0,1,0],[0,0,0,0,0,0,0,0,0,0,0],[0,1,0,0,0,0,1,1,0,0,0],[0,0,0,0,0,0,0,0,0,0,0]]",False,5,27,13,19,18,92,18,37
2,1,ps_mip_unknown,PS-MIP (unknown targets),2,graph_x0p25_target_x16,graph_bic_multiplier,0.25,unknown,20260901,e9ce21c7b59bc711fd15a108e1b2fc6b28b2df9f51750099b1dc46b524524897,dda019b4bd2708fce4d6e383f2c3d37297759bd3,"[""Raf"",""Mek"",""PLCg"",""PIP2"",""PIP3"",""Erk"",""Akt"",""PKA"",""PKC"",""p38"",""JNK""]","[1755,911,723,810,799,848]",1755,4091,5846,"{""data_preprocessing"":""within_environment_centering_then_observational_population_sd_scaling"",""fit_time_limit_seconds"":14400.0,""implementation"":{""files"":{""MIP.py"":""b6ba5d31edf2ecb82b71eb6b590bea1ff6b6ff900c5c744742357c6b13771618"",""MIP_profiled.py"":""9e1566b8775e0739b5dd3a6c398d0c0f3da42a638f24b20353fba0a802afd4a8"",""experiments/run_sachs_roc.py"":""693d312888b75d14bd1d233038a1d3a2b304dcd7fee353f44e2365719e1e04e2"",""src/sachs_data.py"":""ffb32c1afce83fbefa1c8c3cf15870b59f48777daa76bbcae85c3e463908f311"",""src/utils.py"":""f01793e8b6d3c43caa8183bbf4fe3a1837d3de10e01d304e842bcfada449e153""},""protocol_revision"":2,""sha256"":""8d0070e53e36f737b4faaa327e5fdd7f05b7edba01a6bec8668a9f8013fea9f4""},""roc_basis"":""returned_or_deterministic_representative_dag"",""runtime_environment"":{""distributions_sha256"":""68cf7e3ca0e9990911bd854a560a2beec32895d37fe44a26334dc305595bc4e3"",""key_distributions"":{""causaldag"":""0.1a163"",""gies"":""0.0.3"",""gnies"":""0.3.3"",""gurobipy"":""12.0.3"",""numpy"":""1.22.3"",""scikit-learn"":""1.3.2"",""scipy"":""1.11.4""},""python_version"":""3.9.5""},""seed_usage"":""gurobi_Seed"",""setting"":{""bic_multiplier"":0.25,""graph_penalty"":0.0003709165645600065,""setting_id"":""graph_x0p25_target_x16"",""target_bic_multiplier"":16,""target_penalty"":0.023738660131840415,""tuning_parameter"":""graph_bic_multiplier"",""tuning_value"":0.25},""source"":{""gurobipy_version"":""12.0.3"",""implementation"":""MIP_profiled.optimization"",""name"":""PS-MIP""},""threads"":8,""utigsp_protocol_note"":null}",dag_and_i_cpdag,"[[0,0,0,0,0,0,1,0,0,0,1],[1,0,0,0,1,0,1,0,1,0,0],[1,1,0,0,1,0,0,0,1,0,0],[0,0,1,0,1,0,1,0,0,0,0],[1,0,0,0,0,0,0,0,0,0,0],[0,0,0,0,1,0,1,0,0,0,0],[0,0,0,0,0,0,0,0,0,0,0],[0,0,0,1,0,1,1,0,0,0,0],[0,0,0,0,0,0,0,0,0,0,0],[0,0,0,0,0,0,1,1,1,0,1],[0,0,0,0,0,0,0,0,1,0,0]]","[[0,0,0,0,0,0,1,0,0,0,1],[1,0,0,0,1,0,1,0,1,0,0],[1,1,0,0,1,0,0,0,1,0,0],[0,0,1,0,1,0,1,0,0,0,0],[1,0,0,0,0,0,0,0,0,0,0],[0,0,0,0,1,0,1,0,0,0,0],[0,0,0,0,0,0,0,0,0,0,0],[0,0,0,1,0,1,1,0,0,0,0],[0,0,0,0,0,0,0,0,0,0,0],[0,0,0,0,0,0,1,1,1,0,1],[0,0,0,0,0,0,0,0,1,0,0]]","[[0,0,0,0,0,0,0,0,0,1,0],[0,0,0,0,0,0,0,0,0,1,0],[0,0,0,0,0,0,0,0,0,0,0],[0,1,0,0,0,0,1,1,0,0,0],[0,0,0,0,0,0,0,0,0,0,0]]",3,21,15,71,0.16666666666666666,0.22826086956521738,11,13,7,24,0.6111111111111112,0.35135135135135137,complete_undirected_superstructure,55,11264,52.834338585846126,0.1627211570739746,8.567397547064516,8.567397547064516,0.0,optimal,2,True,10,113.0,ok,,/gpfs/projects/p32811/micodag-intervenion/experiment_results/sachs/parts/ps_mip_unknown/setting_03.csv,2,"[[0,0,0,0,0,0,1,0,0,0,1],[1,0,0,0,1,0,1,0,1,0,0],[1,1,0,0,1,0,0,0,1,0,0],[0,0,1,0,1,0,1,0,0,0,0],[1,0,0,0,0,0,0,0,0,0,0],[0,0,0,0,1,0,1,0,0,0,0],[0,0,0,0,0,0,0,0,0,0,0],[0,0,0,1,0,1,1,0,0,0,0],[0,0,0,0,0,0,0,0,0,0,0],[0,0,0,0,0,0,1,1,1,0,1],[0,0,0,0,0,0,0,0,1,0,0]]","[[0,0,0,0,0,0,1,0,0,0,1],[1,0,0,0,1,0,1,0,1,0,0],[1,1,0,0,1,0,0,0,1,0,0],[0,0,1,0,1,0,1,0,0,0,0],[1,0,0,0,0,0,0,0,0,0,0],[0,0,0,0,1,0,1,0,0,0,0],[0,0,0,0,0,0,0,0,0,0,0],[0,0,0,1,0,1,1,0,0,0,0],[0,0,0,0,0,0,0,0,0,0,0],[0,0,0,0,0,0,1,1,1,0,1],[0,0,0,0,0,0,0,0,1,0,0]]","[[0,0,0,0,0,0,0,0,0,1,0],[0,0,0,0,0,0,0,0,0,1,0],[0,0,0,0,0,0,0,0,0,0,0],[0,1,0,0,0,0,1,1,0,0,0],[0,0,0,0,0,0,0,0,0,0,0]]",False,3,21,11,13,18,92,18,37
2,1,ps_mip_unknown,PS-MIP (unknown targets),3,graph_x0p5_target_x16,graph_bic_multiplier,0.5,unknown,20260901,e9ce21c7b59bc711fd15a108e1b2fc6b28b2df9f51750099b1dc46b524524897,dda019b4bd2708fce4d6e383f2c3d37297759bd3,"[""Raf"",""Mek"",""PLCg"",""PIP2"",""PIP3"",""Erk"",""Akt"",""PKA"",""PKC"",""p38"",""JNK""]","[1755,911,723,810,799,848]",1755,4091,5846,"{""data_preprocessing"":""within_environment_centering_then_observational_population_sd_scaling"",""fit_time_limit_seconds"":14400.0,""implementation"":{""files"":{""MIP.py"":""b6ba5d31edf2ecb82b71eb6b590bea1ff6b6ff900c5c744742357c6b13771618"",""MIP_profiled.py"":""9e1566b8775e0739b5dd3a6c398d0c0f3da42a638f24b20353fba0a802afd4a8"",""experiments/run_sachs_roc.py"":""693d312888b75d14bd1d233038a1d3a2b304dcd7fee353f44e2365719e1e04e2"",""src/sachs_data.py"":""ffb32c1afce83fbefa1c8c3cf15870b59f48777daa76bbcae85c3e463908f311"",""src/utils.py"":""f01793e8b6d3c43caa8183bbf4fe3a1837d3de10e01d304e842bcfada449e153""},""protocol_revision"":2,""sha256"":""8d0070e53e36f737b4faaa327e5fdd7f05b7edba01a6bec8668a9f8013fea9f4""},""roc_basis"":""returned_or_deterministic_representative_dag"",""runtime_environment"":{""distributions_sha256"":""68cf7e3ca0e9990911bd854a560a2beec32895d37fe44a26334dc305595bc4e3"",""key_distributions"":{""causaldag"":""0.1a163"",""gies"":""0.0.3"",""gnies"":""0.3.3"",""gurobipy"":""12.0.3"",""numpy"":""1.22.3"",""scikit-learn"":""1.3.2"",""scipy"":""1.11.4""},""python_version"":""3.9.5""},""seed_usage"":""gurobi_Seed"",""setting"":{""bic_multiplier"":0.5,""graph_penalty"":0.000741833129120013,""setting_id"":""graph_x0p5_target_x16"",""target_bic_multiplier"":16,""target_penalty"":0.023738660131840415,""tuning_parameter"":""graph_bic_multiplier"",""tuning_value"":0.5},""source"":{""gurobipy_version"":""12.0.3"",""implementation"":""MIP_profiled.optimization"",""name"":""PS-MIP""},""threads"":8,""utigsp_protocol_note"":null}",dag_and_i_cpdag,"[[0,0,0,0,0,0,0,0,0,0,0],[1,0,0,0,1,0,1,0,0,0,0],[1,1,0,0,1,0,0,0,0,0,0],[0,0,1,0,1,0,0,0,0,0,0],[1,0,0,0,0,0,0,0,0,0,0],[0,0,0,0,0,0,1,0,0,0,0],[0,0,0,0,0,0,0,0,0,0,0],[0,0,0,1,0,1,1,0,0,0,0],[0,0,0,0,0,0,0,0,0,0,0],[0,0,0,0,0,0,0,0,1,0,1],[0,0,0,0,0,0,0,0,0,0,0]]","[[0,0,0,0,0,0,0,0,0,0,0],[1,0,0,0,1,0,1,0,0,0,0],[1,1,0,0,1,0,0,0,0,0,0],[0,0,1,0,1,0,0,0,0,0,0],[1,0,0,0,0,0,0,0,0,0,0],[0,0,0,0,0,0,1,0,0,0,0],[0,0,0,0,0,0,0,0,0,0,0],[0,0,0,1,0,1,1,0,0,0,0],[0,0,0,0,0,0,0,0,0,0,0],[0,0,0,0,0,0,0,0,1,0,1],[0,0,0,0,0,0,0,0,0,0,0]]","[[0,0,0,0,0,0,0,0,0,1,0],[0,0,0,0,0,0,0,0,0,1,0],[0,0,0,0,0,0,0,0,0,0,0],[0,1,0,0,0,0,1,1,0,0,0],[0,0,0,0,0,0,0,0,0,0,0]]",2,13,16,79,0.1111111111111111,0.14130434782608695,7,8,11,29,0.3888888888888889,0.21621621621621623,complete_undirected_superstructure,55,11264,57.298489559441805,0.11694908142089844,8.574180659146506,8.574180659146506,0.0,optimal,2,True,10,59.0,ok,,/gpfs/projects/p32811/micodag-intervenion/experiment_results/sachs/parts/ps_mip_unknown/setting_04.csv,2,"[[0,0,0,0,0,0,0,0,0,0,0],[1,0,0,0,1,0,1,0,0,0,0],[1,1,0,0,1,0,0,0,0,0,0],[0,0,1,0,1,0,0,0,0,0,0],[1,0,0,0,0,0,0,0,0,0,0],[0,0,0,0,0,0,1,0,0,0,0],[0,0,0,0,0,0,0,0,0,0,0],[0,0,0,1,0,1,1,0,0,0,0],[0,0,0,0,0,0,0,0,0,0,0],[0,0,0,0,0,0,0,0,1,0,1],[0,0,0,0,0,0,0,0,0,0,0]]","[[0,0,0,0,0,0,0,0,0,0,0],[1,0,0,0,1,0,1,0,0,0,0],[1,1,0,0,1,0,0,0,0,0,0],[0,0,1,0,1,0,0,0,0,0,0],[1,0,0,0,0,0,0,0,0,0,0],[0,0,0,0,0,0,1,0,0,0,0],[0,0,0,0,0,0,0,0,0,0,0],[0,0,0,1,0,1,1,0,0,0,0],[0,0,0,0,0,0,0,0,0,0,0],[0,0,0,0,0,0,0,0,1,0,1],[0,0,0,0,0,0,0,0,0,0,0]]","[[0,0,0,0,0,0,0,0,0,1,0],[0,0,0,0,0,0,0,0,0,1,0],[0,0,0,0,0,0,0,0,0,0,0],[0,1,0,0,0,0,1,1,0,0,0],[0,0,0,0,0,0,0,0,0,0,0]]",False,2,13,7,8,18,92,18,37
2,1,ps_mip_unknown,PS-MIP (unknown targets),4,graph_x1_target_x16,graph_bic_multiplier,1,unknown,20260901,e9ce21c7b59bc711fd15a108e1b2fc6b28b2df9f51750099b1dc46b524524897,dda019b4bd2708fce4d6e383f2c3d37297759bd3,"[""Raf"",""Mek"",""PLCg"",""PIP2"",""PIP3"",""Erk"",""Akt"",""PKA"",""PKC"",""p38"",""JNK""]","[1755,911,723,810,799,848]",1755,4091,5846,"{""data_preprocessing"":""within_environment_centering_then_observational_population_sd_scaling"",""fit_time_limit_seconds"":14400.0,""implementation"":{""files"":{""MIP.py"":""b6ba5d31edf2ecb82b71eb6b590bea1ff6b6ff900c5c744742357c6b13771618"",""MIP_profiled.py"":""9e1566b8775e0739b5dd3a6c398d0c0f3da42a638f24b20353fba0a802afd4a8"",""experiments/run_sachs_roc.py"":""693d312888b75d14bd1d233038a1d3a2b304dcd7fee353f44e2365719e1e04e2"",""src/sachs_data.py"":""ffb32c1afce83fbefa1c8c3cf15870b59f48777daa76bbcae85c3e463908f311"",""src/utils.py"":""f01793e8b6d3c43caa8183bbf4fe3a1837d3de10e01d304e842bcfada449e153""},""protocol_revision"":2,""sha256"":""8d0070e53e36f737b4faaa327e5fdd7f05b7edba01a6bec8668a9f8013fea9f4""},""roc_basis"":""returned_or_deterministic_representative_dag"",""runtime_environment"":{""distributions_sha256"":""68cf7e3ca0e9990911bd854a560a2beec32895d37fe44a26334dc305595bc4e3"",""key_distributions"":{""causaldag"":""0.1a163"",""gies"":""0.0.3"",""gnies"":""0.3.3"",""gurobipy"":""12.0.3"",""numpy"":""1.22.3"",""scikit-learn"":""1.3.2"",""scipy"":""1.11.4""},""python_version"":""3.9.5""},""seed_usage"":""gurobi_Seed"",""setting"":{""bic_multiplier"":1,""graph_penalty"":0.001483666258240026,""setting_id"":""graph_x1_target_x16"",""target_bic_multiplier"":16,""target_penalty"":0.023738660131840415,""tuning_parameter"":""graph_bic_multiplier"",""tuning_value"":1},""source"":{""gurobipy_version"":""12.0.3"",""implementation"":""MIP_profiled.optimization"",""name"":""PS-MIP""},""threads"":8,""utigsp_protocol_note"":null}",dag_and_i_cpdag,"[[0,0,0,0,0,0,0,0,0,0,0],[1,0,0,0,0,0,1,0,0,0,0],[0,0,0,0,0,0,0,0,0,0,0],[0,0,1,0,1,0,0,0,0,0,0],[0,0,1,0,0,0,0,0,0,0,0],[0,0,0,0,0,0,1,0,0,0,0],[0,0,0,0,0,0,0,0,0,0,0],[0,0,0,1,0,1,1,0,0,0,0],[0,0,0,0,0,0,0,0,0,0,0],[0,0,0,0,0,0,0,0,1,0,1],[0,0,0,0,0,0,0,0,0,0,0]]","[[0,0,0,0,0,0,0,0,0,0,0],[1,0,0,0,0,0,1,0,0,0,0],[0,0,0,0,1,0,0,0,0,0,0],[0,0,1,0,1,0,0,0,0,0,0],[0,0,1,0,0,0,0,0,0,0,0],[0,0,0,0,0,0,1,0,0,0,0],[0,0,0,0,0,0,0,0,0,0,0],[0,0,0,1,0,1,1,0,0,0,0],[0,0,0,0,0,0,0,0,0,0,0],[0,0,0,0,0,0,0,0,1,0,1],[0,0,0,0,0,0,0,0,0,0,0]]","[[0,0,0,0,0,0,0,0,0,1,0],[0,0,0,0,0,0,0,0,0,1,0],[0,0,0,0,0,0,0,0,0,0,0],[0,1,0,0,0,0,1,1,0,0,0],[0,0,0,0,0,0,0,0,0,0,0]]",3,8,15,84,0.16666666666666666,0.08695652173913043,7,4,11,33,0.3888888888888889,0.10810810810810811,complete_undirected_superstructure,55,11264,46.72382625192404,0.04709506034851074,8.584012950500007,8.584012950500005,0.0,optimal,2,True,8,1.0,ok,,/gpfs/projects/p32811/micodag-intervenion/experiment_results/sachs/parts/ps_mip_unknown/setting_05.csv,2,"[[0,0,0,0,0,0,0,0,0,0,0],[1,0,0,0,0,0,1,0,0,0,0],[0,0,0,0,0,0,0,0,0,0,0],[0,0,1,0,1,0,0,0,0,0,0],[0,0,1,0,0,0,0,0,0,0,0],[0,0,0,0,0,0,1,0,0,0,0],[0,0,0,0,0,0,0,0,0,0,0],[0,0,0,1,0,1,1,0,0,0,0],[0,0,0,0,0,0,0,0,0,0,0],[0,0,0,0,0,0,0,0,1,0,1],[0,0,0,0,0,0,0,0,0,0,0]]","[[0,0,0,0,0,0,0,0,0,0,0],[1,0,0,0,0,0,1,0,0,0,0],[0,0,0,0,1,0,0,0,0,0,0],[0,0,1,0,1,0,0,0,0,0,0],[0,0,1,0,0,0,0,0,0,0,0],[0,0,0,0,0,0,1,0,0,0,0],[0,0,0,0,0,0,0,0,0,0,0],[0,0,0,1,0,1,1,0,0,0,0],[0,0,0,0,0,0,0,0,0,0,0],[0,0,0,0,0,0,0,0,1,0,1],[0,0,0,0,0,0,0,0,0,0,0]]","[[0,0,0,0,0,0,0,0,0,1,0],[0,0,0,0,0,0,0,0,0,1,0],[0,0,0,0,0,0,0,0,0,0,0],[0,1,0,0,0,0,1,1,0,0,0],[0,0,0,0,0,0,0,0,0,0,0]]",False,3,8,7,4,18,92,18,37
2,1,ps_mip_unknown,PS-MIP (unknown targets),5,graph_x2_target_x16,graph_bic_multiplier,2,unknown,20260901,e9ce21c7b59bc711fd15a108e1b2fc6b28b2df9f51750099b1dc46b524524897,dda019b4bd2708fce4d6e383f2c3d37297759bd3,"[""Raf"",""Mek"",""PLCg"",""PIP2"",""PIP3"",""Erk"",""Akt"",""PKA"",""PKC"",""p38"",""JNK""]","[1755,911,723,810,799,848]",1755,4091,5846,"{""data_preprocessing"":""within_environment_centering_then_observational_population_sd_scaling"",""fit_time_limit_seconds"":14400.0,""implementation"":{""files"":{""MIP.py"":""b6ba5d31edf2ecb82b71eb6b590bea1ff6b6ff900c5c744742357c6b13771618"",""MIP_profiled.py"":""9e1566b8775e0739b5dd3a6c398d0c0f3da42a638f24b20353fba0a802afd4a8"",""experiments/run_sachs_roc.py"":""693d312888b75d14bd1d233038a1d3a2b304dcd7fee353f44e2365719e1e04e2"",""src/sachs_data.py"":""ffb32c1afce83fbefa1c8c3cf15870b59f48777daa76bbcae85c3e463908f311"",""src/utils.py"":""f01793e8b6d3c43caa8183bbf4fe3a1837d3de10e01d304e842bcfada449e153""},""protocol_revision"":2,""sha256"":""8d0070e53e36f737b4faaa327e5fdd7f05b7edba01a6bec8668a9f8013fea9f4""},""roc_basis"":""returned_or_deterministic_representative_dag"",""runtime_environment"":{""distributions_sha256"":""68cf7e3ca0e9990911bd854a560a2beec32895d37fe44a26334dc305595bc4e3"",""key_distributions"":{""causaldag"":""0.1a163"",""gies"":""0.0.3"",""gnies"":""0.3.3"",""gurobipy"":""12.0.3"",""numpy"":""1.22.3"",""scikit-learn"":""1.3.2"",""scipy"":""1.11.4""},""python_version"":""3.9.5""},""seed_usage"":""gurobi_Seed"",""setting"":{""bic_multiplier"":2,""graph_penalty"":0.002967332516480052,""setting_id"":""graph_x2_target_x16"",""target_bic_multiplier"":16,""target_penalty"":0.023738660131840415,""tuning_parameter"":""graph_bic_multiplier"",""tuning_value"":2},""source"":{""gurobipy_version"":""12.0.3"",""implementation"":""MIP_profiled.optimization"",""name"":""PS-MIP""},""threads"":8,""utigsp_protocol_note"":null}",dag_and_i_cpdag,"[[0,0,0,0,0,0,0,0,0,0,0],[1,0,0,0,0,0,0,0,0,0,0],[0,0,0,1,0,0,0,0,0,0,0],[0,0,0,0,0,0,0,0,0,0,0],[0,0,1,1,0,0,0,0,0,0,0],[0,0,0,0,0,0,1,0,0,0,0],[0,0,0,0,0,0,0,0,0,0,0],[0,0,0,0,0,1,1,0,0,0,0],[0,0,0,0,0,0,0,0,0,0,0],[0,0,0,0,0,0,0,0,1,0,1],[0,0,0,0,0,0,0,0,0,0,0]]","[[0,0,0,0,0,0,0,0,0,0,0],[1,0,0,0,0,0,0,0,0,0,0],[0,0,0,1,1,0,0,0,0,0,0],[0,0,1,0,1,0,0,0,0,0,0],[0,0,1,1,0,0,0,0,0,0,0],[0,0,0,0,0,0,1,0,0,0,0],[0,0,0,0,0,0,0,0,0,0,0],[0,0,0,0,0,1,1,0,0,0,0],[0,0,0,0,0,0,0,0,0,0,0],[0,0,0,0,0,0,0,0,1,0,1],[0,0,0,0,0,0,0,0,0,0,0]]","[[0,0,0,0,0,0,0,0,0,1,0],[0,0,0,0,0,0,0,0,0,1,0],[0,0,0,0,0,0,0,0,0,0,0],[0,1,0,0,0,0,1,1,0,0,0],[0,0,0,0,0,0,0,0,0,0,0]]",5,4,13,88,0.2777777777777778,0.043478260869565216,7,2,11,35,0.3888888888888889,0.05405405405405406,complete_undirected_superstructure,55,11264,49.98444985318929,0.04258990287780762,8.598013561289232,8.598013561289227,0.0,optimal,2,True,5,1.0,ok,,/gpfs/projects/p32811/micodag-intervenion/experiment_results/sachs/parts/ps_mip_unknown/setting_06.csv,2,"[[0,0,0,0,0,0,0,0,0,0,0],[1,0,0,0,0,0,0,0,0,0,0],[0,0,0,1,0,0,0,0,0,0,0],[0,0,0,0,0,0,0,0,0,0,0],[0,0,1,1,0,0,0,0,0,0,0],[0,0,0,0,0,0,1,0,0,0,0],[0,0,0,0,0,0,0,0,0,0,0],[0,0,0,0,0,1,1,0,0,0,0],[0,0,0,0,0,0,0,0,0,0,0],[0,0,0,0,0,0,0,0,1,0,1],[0,0,0,0,0,0,0,0,0,0,0]]","[[0,0,0,0,0,0,0,0,0,0,0],[1,0,0,0,0,0,0,0,0,0,0],[0,0,0,1,1,0,0,0,0,0,0],[0,0,1,0,1,0,0,0,0,0,0],[0,0,1,1,0,0,0,0,0,0,0],[0,0,0,0,0,0,1,0,0,0,0],[0,0,0,0,0,0,0,0,0,0,0],[0,0,0,0,0,1,1,0,0,0,0],[0,0,0,0,0,0,0,0,0,0,0],[0,0,0,0,0,0,0,0,1,0,1],[0,0,0,0,0,0,0,0,0,0,0]]","[[0,0,0,0,0,0,0,0,0,1,0],[0,0,0,0,0,0,0,0,0,1,0],[0,0,0,0,0,0,0,0,0,0,0],[0,1,0,0,0,0,1,1,0,0,0],[0,0,0,0,0,0,0,0,0,0,0]]",False,5,4,7,2,18,92,18,37
2,1,ps_mip_unknown,PS-MIP (unknown targets),6,graph_x4_target_x16,graph_bic_multiplier,4,unknown,20260901,e9ce21c7b59bc711fd15a108e1b2fc6b28b2df9f51750099b1dc46b524524897,dda019b4bd2708fce4d6e383f2c3d37297759bd3,"[""Raf"",""Mek"",""PLCg"",""PIP2"",""PIP3"",""Erk"",""Akt"",""PKA"",""PKC"",""p38"",""JNK""]","[1755,911,723,810,799,848]",1755,4091,5846,"{""data_preprocessing"":""within_environment_centering_then_observational_population_sd_scaling"",""fit_time_limit_seconds"":14400.0,""implementation"":{""files"":{""MIP.py"":""b6ba5d31edf2ecb82b71eb6b590bea1ff6b6ff900c5c744742357c6b13771618"",""MIP_profiled.py"":""9e1566b8775e0739b5dd3a6c398d0c0f3da42a638f24b20353fba0a802afd4a8"",""experiments/run_sachs_roc.py"":""693d312888b75d14bd1d233038a1d3a2b304dcd7fee353f44e2365719e1e04e2"",""src/sachs_data.py"":""ffb32c1afce83fbefa1c8c3cf15870b59f48777daa76bbcae85c3e463908f311"",""src/utils.py"":""f01793e8b6d3c43caa8183bbf4fe3a1837d3de10e01d304e842bcfada449e153""},""protocol_revision"":2,""sha256"":""8d0070e53e36f737b4faaa327e5fdd7f05b7edba01a6bec8668a9f8013fea9f4""},""roc_basis"":""returned_or_deterministic_representative_dag"",""runtime_environment"":{""distributions_sha256"":""68cf7e3ca0e9990911bd854a560a2beec32895d37fe44a26334dc305595bc4e3"",""key_distributions"":{""causaldag"":""0.1a163"",""gies"":""0.0.3"",""gnies"":""0.3.3"",""gurobipy"":""12.0.3"",""numpy"":""1.22.3"",""scikit-learn"":""1.3.2"",""scipy"":""1.11.4""},""python_version"":""3.9.5""},""seed_usage"":""gurobi_Seed"",""setting"":{""bic_multiplier"":4,""graph_penalty"":0.005934665032960104,""setting_id"":""graph_x4_target_x16"",""target_bic_multiplier"":16,""target_penalty"":0.023738660131840415,""tuning_parameter"":""graph_bic_multiplier"",""tuning_value"":4},""source"":{""gurobipy_version"":""12.0.3"",""implementation"":""MIP_profiled.optimization"",""name"":""PS-MIP""},""threads"":8,""utigsp_protocol_note"":null}",dag_and_i_cpdag,"[[0,0,0,0,0,0,0,0,0,0,0],[1,0,0,0,0,0,0,0,0,0,0],[0,0,0,0,0,0,0,0,0,0,0],[0,0,1,0,1,0,0,0,0,0,0],[0,0,1,0,0,0,0,0,0,0,0],[0,0,0,0,0,0,1,0,0,0,0],[0,0,0,0,0,0,0,0,0,0,0],[0,0,0,0,0,1,1,0,0,0,0],[0,0,0,0,0,0,0,0,0,0,0],[0,0,0,0,0,0,0,0,1,0,1],[0,0,0,0,0,0,0,0,0,0,0]]","[[0,0,0,0,0,0,0,0,0,0,0],[1,0,0,0,0,0,0,0,0,0,0],[0,0,0,1,1,0,0,0,0,0,0],[0,0,1,0,1,0,0,0,0,0,0],[0,0,1,1,0,0,0,0,0,0,0],[0,0,0,0,0,0,1,0,0,0,0],[0,0,0,0,0,0,0,0,0,0,0],[0,0,0,0,0,1,1,0,0,0,0],[0,0,0,0,0,0,0,0,0,0,0],[0,0,0,0,0,0,0,0,1,0,1],[0,0,0,0,0,0,0,0,0,0,0]]","[[0,0,0,0,0,0,0,0,0,1,0],[0,0,0,0,0,0,0,0,0,1,0],[0,0,0,0,0,0,0,0,0,0,0],[0,1,0,0,0,0,1,1,0,0,0],[0,0,0,0,0,0,0,0,0,0,0]]",3,6,15,86,0.16666666666666666,0.06521739130434782,7,2,11,35,0.3888888888888889,0.05405405405405406,complete_undirected_superstructure,55,11264,53.90948948636651,0.04316210746765137,8.624719553937553,8.624719553937547,0.0,optimal,2,True,4,1.0,ok,,/gpfs/projects/p32811/micodag-intervenion/experiment_results/sachs/parts/ps_mip_unknown/setting_07.csv,2,"[[0,0,0,0,0,0,0,0,0,0,0],[1,0,0,0,0,0,0,0,0,0,0],[0,0,0,0,0,0,0,0,0,0,0],[0,0,1,0,1,0,0,0,0,0,0],[0,0,1,0,0,0,0,0,0,0,0],[0,0,0,0,0,0,1,0,0,0,0],[0,0,0,0,0,0,0,0,0,0,0],[0,0,0,0,0,1,1,0,0,0,0],[0,0,0,0,0,0,0,0,0,0,0],[0,0,0,0,0,0,0,0,1,0,1],[0,0,0,0,0,0,0,0,0,0,0]]","[[0,0,0,0,0,0,0,0,0,0,0],[1,0,0,0,0,0,0,0,0,0,0],[0,0,0,1,1,0,0,0,0,0,0],[0,0,1,0,1,0,0,0,0,0,0],[0,0,1,1,0,0,0,0,0,0,0],[0,0,0,0,0,0,1,0,0,0,0],[0,0,0,0,0,0,0,0,0,0,0],[0,0,0,0,0,1,1,0,0,0,0],[0,0,0,0,0,0,0,0,0,0,0],[0,0,0,0,0,0,0,0,1,0,1],[0,0,0,0,0,0,0,0,0,0,0]]","[[0,0,0,0,0,0,0,0,0,1,0],[0,0,0,0,0,0,0,0,0,1,0],[0,0,0,0,0,0,0,0,0,0,0],[0,1,0,0,0,0,1,1,0,0,0],[0,0,0,0,0,0,0,0,0,0,0]]",False,3,6,7,2,18,92,18,37
2,1,ps_mip_unknown,PS-MIP (unknown targets),7,graph_x8_target_x16,graph_bic_multiplier,8,unknown,20260901,e9ce21c7b59bc711fd15a108e1b2fc6b28b2df9f51750099b1dc46b524524897,dda019b4bd2708fce4d6e383f2c3d37297759bd3,"[""Raf"",""Mek"",""PLCg"",""PIP2"",""PIP3"",""Erk"",""Akt"",""PKA"",""PKC"",""p38"",""JNK""]","[1755,911,723,810,799,848]",1755,4091,5846,"{""data_preprocessing"":""within_environment_centering_then_observational_population_sd_scaling"",""fit_time_limit_seconds"":14400.0,""implementation"":{""files"":{""MIP.py"":""b6ba5d31edf2ecb82b71eb6b590bea1ff6b6ff900c5c744742357c6b13771618"",""MIP_profiled.py"":""9e1566b8775e0739b5dd3a6c398d0c0f3da42a638f24b20353fba0a802afd4a8"",""experiments/run_sachs_roc.py"":""693d312888b75d14bd1d233038a1d3a2b304dcd7fee353f44e2365719e1e04e2"",""src/sachs_data.py"":""ffb32c1afce83fbefa1c8c3cf15870b59f48777daa76bbcae85c3e463908f311"",""src/utils.py"":""f01793e8b6d3c43caa8183bbf4fe3a1837d3de10e01d304e842bcfada449e153""},""protocol_revision"":2,""sha256"":""8d0070e53e36f737b4faaa327e5fdd7f05b7edba01a6bec8668a9f8013fea9f4""},""roc_basis"":""returned_or_deterministic_representative_dag"",""runtime_environment"":{""distributions_sha256"":""68cf7e3ca0e9990911bd854a560a2beec32895d37fe44a26334dc305595bc4e3"",""key_distributions"":{""causaldag"":""0.1a163"",""gies"":""0.0.3"",""gnies"":""0.3.3"",""gurobipy"":""12.0.3"",""numpy"":""1.22.3"",""scikit-learn"":""1.3.2"",""scipy"":""1.11.4""},""python_version"":""3.9.5""},""seed_usage"":""gurobi_Seed"",""setting"":{""bic_multiplier"":8,""graph_penalty"":0.011869330065920208,""setting_id"":""graph_x8_target_x16"",""target_bic_multiplier"":16,""target_penalty"":0.023738660131840415,""tuning_parameter"":""graph_bic_multiplier"",""tuning_value"":8},""source"":{""gurobipy_version"":""12.0.3"",""implementation"":""MIP_profiled.optimization"",""name"":""PS-MIP""},""threads"":8,""utigsp_protocol_note"":null}",dag_and_i_cpdag,"[[0,0,0,0,0,0,0,0,0,0,0],[1,0,0,0,0,0,0,0,0,0,0],[0,0,0,0,0,0,0,0,0,0,0],[0,0,1,0,1,0,0,0,0,0,0],[0,0,0,0,0,0,0,0,0,0,0],[0,0,0,0,0,0,1,0,0,0,0],[0,0,0,0,0,0,0,0,0,0,0],[0,0,0,0,0,1,1,0,0,0,0],[0,0,0,0,0,0,0,0,0,0,0],[0,0,0,0,0,0,0,0,1,0,1],[0,0,0,0,0,0,0,0,0,0,0]]","[[0,0,0,0,0,0,0,0,0,0,0],[1,0,0,0,0,0,0,0,0,0,0],[0,0,0,1,0,0,0,0,0,0,0],[0,0,1,0,1,0,0,0,0,0,0],[0,0,0,1,0,0,0,0,0,0,0],[0,0,0,0,0,0,1,0,0,0,0],[0,0,0,0,0,0,0,0,0,0,0],[0,0,0,0,0,1,1,0,0,0,0],[0,0,0,0,0,0,0,0,0,0,0],[0,0,0,0,0,0,0,0,1,0,1],[0,0,0,0,0,0,0,0,0,0,0]]","[[0,0,0,0,0,0,0,0,0,1,0],[0,0,0,0,0,0,0,0,0,1,0],[0,0,0,0,0,0,0,0,0,0,0],[0,1,0,0,0,0,1,1,0,0,0],[0,0,0,0,0,0,0,0,0,0,0]]",2,6,16,86,0.1111111111111111,0.06521739130434782,6,2,12,35,0.3333333333333333,0.05405405405405406,complete_undirected_superstructure,55,11264,54.939700034447014,0.04491400718688965,8.67789868343969,8.677898683439686,0.0,optimal,2,True,5,1.0,ok,,/gpfs/projects/p32811/micodag-intervenion/experiment_results/sachs/parts/ps_mip_unknown/setting_08.csv,2,"[[0,0,0,0,0,0,0,0,0,0,0],[1,0,0,0,0,0,0,0,0,0,0],[0,0,0,0,0,0,0,0,0,0,0],[0,0,1,0,1,0,0,0,0,0,0],[0,0,0,0,0,0,0,0,0,0,0],[0,0,0,0,0,0,1,0,0,0,0],[0,0,0,0,0,0,0,0,0,0,0],[0,0,0,0,0,1,1,0,0,0,0],[0,0,0,0,0,0,0,0,0,0,0],[0,0,0,0,0,0,0,0,1,0,1],[0,0,0,0,0,0,0,0,0,0,0]]","[[0,0,0,0,0,0,0,0,0,0,0],[1,0,0,0,0,0,0,0,0,0,0],[0,0,0,1,0,0,0,0,0,0,0],[0,0,1,0,1,0,0,0,0,0,0],[0,0,0,1,0,0,0,0,0,0,0],[0,0,0,0,0,0,1,0,0,0,0],[0,0,0,0,0,0,0,0,0,0,0],[0,0,0,0,0,1,1,0,0,0,0],[0,0,0,0,0,0,0,0,0,0,0],[0,0,0,0,0,0,0,0,1,0,1],[0,0,0,0,0,0,0,0,0,0,0]]","[[0,0,0,0,0,0,0,0,0,1,0],[0,0,0,0,0,0,0,0,0,1,0],[0,0,0,0,0,0,0,0,0,0,0],[0,1,0,0,0,0,1,1,0,0,0],[0,0,0,0,0,0,0,0,0,0,0]]",False,2,6,6,2,18,92,18,37
2,1,ps_mip_unknown,PS-MIP (unknown targets),8,graph_x16_target_x16,graph_bic_multiplier,16,unknown,20260901,e9ce21c7b59bc711fd15a108e1b2fc6b28b2df9f51750099b1dc46b524524897,dda019b4bd2708fce4d6e383f2c3d37297759bd3,"[""Raf"",""Mek"",""PLCg"",""PIP2"",""PIP3"",""Erk"",""Akt"",""PKA"",""PKC"",""p38"",""JNK""]","[1755,911,723,810,799,848]",1755,4091,5846,"{""data_preprocessing"":""within_environment_centering_then_observational_population_sd_scaling"",""fit_time_limit_seconds"":14400.0,""implementation"":{""files"":{""MIP.py"":""b6ba5d31edf2ecb82b71eb6b590bea1ff6b6ff900c5c744742357c6b13771618"",""MIP_profiled.py"":""9e1566b8775e0739b5dd3a6c398d0c0f3da42a638f24b20353fba0a802afd4a8"",""experiments/run_sachs_roc.py"":""693d312888b75d14bd1d233038a1d3a2b304dcd7fee353f44e2365719e1e04e2"",""src/sachs_data.py"":""ffb32c1afce83fbefa1c8c3cf15870b59f48777daa76bbcae85c3e463908f311"",""src/utils.py"":""f01793e8b6d3c43caa8183bbf4fe3a1837d3de10e01d304e842bcfada449e153""},""protocol_revision"":2,""sha256"":""8d0070e53e36f737b4faaa327e5fdd7f05b7edba01a6bec8668a9f8013fea9f4""},""roc_basis"":""returned_or_deterministic_representative_dag"",""runtime_environment"":{""distributions_sha256"":""68cf7e3ca0e9990911bd854a560a2beec32895d37fe44a26334dc305595bc4e3"",""key_distributions"":{""causaldag"":""0.1a163"",""gies"":""0.0.3"",""gnies"":""0.3.3"",""gurobipy"":""12.0.3"",""numpy"":""1.22.3"",""scikit-learn"":""1.3.2"",""scipy"":""1.11.4""},""python_version"":""3.9.5""},""seed_usage"":""gurobi_Seed"",""setting"":{""bic_multiplier"":16,""graph_penalty"":0.023738660131840415,""setting_id"":""graph_x16_target_x16"",""target_bic_multiplier"":16,""target_penalty"":0.023738660131840415,""tuning_parameter"":""graph_bic_multiplier"",""tuning_value"":16},""source"":{""gurobipy_version"":""12.0.3"",""implementation"":""MIP_profiled.optimization"",""name"":""PS-MIP""},""threads"":8,""utigsp_protocol_note"":null}",dag_and_i_cpdag,"[[0,0,0,0,0,0,0,0,0,0,0],[1,0,0,0,0,0,0,0,0,0,0],[0,0,0,0,0,0,0,0,0,0,0],[0,0,1,0,1,0,0,0,0,0,0],[0,0,0,0,0,0,0,0,0,0,0],[0,0,0,0,0,0,1,0,0,0,0],[0,0,0,0,0,0,0,0,0,0,0],[0,0,0,0,0,1,1,0,0,0,0],[0,0,0,0,0,0,0,0,0,0,0],[0,0,0,0,0,0,0,0,1,0,1],[0,0,0,0,0,0,0,0,0,0,0]]","[[0,0,0,0,0,0,0,0,0,0,0],[1,0,0,0,0,0,0,0,0,0,0],[0,0,0,1,0,0,0,0,0,0,0],[0,0,1,0,1,0,0,0,0,0,0],[0,0,0,1,0,0,0,0,0,0,0],[0,0,0,0,0,0,1,0,0,0,0],[0,0,0,0,0,0,0,0,0,0,0],[0,0,0,0,0,1,1,0,0,0,0],[0,0,0,0,0,0,0,0,0,0,0],[0,0,0,0,0,0,0,0,1,0,1],[0,0,0,0,0,0,0,0,0,0,0]]","[[0,0,0,0,0,0,0,0,0,1,0],[0,0,0,0,0,0,0,0,0,1,0],[0,0,0,0,0,0,0,0,0,0,0],[0,1,0,0,0,0,1,1,0,0,0],[0,0,0,0,0,0,0,0,0,0,0]]",2,6,16,86,0.1111111111111111,0.06521739130434782,6,2,12,35,0.3333333333333333,0.05405405405405406,complete_undirected_superstructure,55,11264,54.45548274088651,0.04118013381958008,8.772853323967052,8.772853323967048,0.0,optimal,2,True,5,1.0,ok,,/gpfs/projects/p32811/micodag-intervenion/experiment_results/sachs/parts/ps_mip_unknown/setting_09.csv,2,"[[0,0,0,0,0,0,0,0,0,0,0],[1,0,0,0,0,0,0,0,0,0,0],[0,0,0,0,0,0,0,0,0,0,0],[0,0,1,0,1,0,0,0,0,0,0],[0,0,0,0,0,0,0,0,0,0,0],[0,0,0,0,0,0,1,0,0,0,0],[0,0,0,0,0,0,0,0,0,0,0],[0,0,0,0,0,1,1,0,0,0,0],[0,0,0,0,0,0,0,0,0,0,0],[0,0,0,0,0,0,0,0,1,0,1],[0,0,0,0,0,0,0,0,0,0,0]]","[[0,0,0,0,0,0,0,0,0,0,0],[1,0,0,0,0,0,0,0,0,0,0],[0,0,0,1,0,0,0,0,0,0,0],[0,0,1,0,1,0,0,0,0,0,0],[0,0,0,1,0,0,0,0,0,0,0],[0,0,0,0,0,0,1,0,0,0,0],[0,0,0,0,0,0,0,0,0,0,0],[0,0,0,0,0,1,1,0,0,0,0],[0,0,0,0,0,0,0,0,0,0,0],[0,0,0,0,0,0,0,0,1,0,1],[0,0,0,0,0,0,0,0,0,0,0]]","[[0,0,0,0,0,0,0,0,0,1,0],[0,0,0,0,0,0,0,0,0,1,0],[0,0,0,0,0,0,0,0,0,0,0],[0,1,0,0,0,0,1,1,0,0,0],[0,0,0,0,0,0,0,0,0,0,0]]",False,2,6,6,2,18,92,18,37
2,1,utigsp_unknown,UT-IGSP* (unknown targets),0,alpha_0p1,conditional_independence_alpha,0.1,unknown,20260901,e9ce21c7b59bc711fd15a108e1b2fc6b28b2df9f51750099b1dc46b524524897,dda019b4bd2708fce4d6e383f2c3d37297759bd3,"[""Raf"",""Mek"",""PLCg"",""PIP2"",""PIP3"",""Erk"",""Akt"",""PKA"",""PKC"",""p38"",""JNK""]","[1755,911,723,810,799,848]",1755,4091,5846,"{""data_preprocessing"":""author_log_values; tests handle centering internally"",""fit_time_limit_seconds"":3600.0,""implementation"":{""files"":{""UTIGSP.py"":""3973f67e884621c5a01f640fbb8fa1cf5d74c185e1fe9b18177c63b857894572"",""experiments/run_sachs_roc.py"":""489a8e862120b1f2ef691af58a155cc976e9484bdf397e02146b11c85cf8c932"",""src/sachs_data.py"":""ffb32c1afce83fbefa1c8c3cf15870b59f48777daa76bbcae85c3e463908f311"",""src/utils.py"":""f01793e8b6d3c43caa8183bbf4fe3a1837d3de10e01d304e842bcfada449e153""},""protocol_revision"":2,""sha256"":""8dae0133348240b02042031c9842e7085d8928f0df153897e6a0c8359fb45d08""},""roc_basis"":""returned_or_deterministic_representative_dag"",""runtime_environment"":{""distributions_sha256"":""9c7a4a5cb7f6697a085b6d58d0d66c4e250a3d6ca85f10964dbf36997f07634f"",""key_distributions"":{""causaldag"":""0.1a163"",""gies"":""0.0.3"",""gnies"":""0.3.2"",""gurobipy"":""12.0.3"",""numpy"":""1.22.3"",""scikit-learn"":""1.3.2"",""scipy"":""1.11.4""},""python_version"":""3.9.5""},""seed_usage"":""python_and_numpy_search_initialization"",""setting"":{""alpha"":0.1,""alpha_inv"":1e-20,""setting_id"":""alpha_0p1"",""tuning_parameter"":""conditional_independence_alpha"",""tuning_value"":0.1},""source"":{""name"":""UT-IGSP"",""url"":""https://github.com/uhlerlab/causaldag"",""version"":""0.1a163""},""threads"":8,""utigsp_protocol_note"":""modern Gaussian-invariance adapter with alpha_inv=1e-20; the public paper-era code/result provenance is internally inconsistent""}",dag_and_i_cpdag,"[[0,1,0,0,0,0,0,0,0,1,0],[0,0,0,0,0,0,1,0,0,0,0],[0,1,0,1,1,0,0,0,0,1,1],[0,1,0,0,0,0,1,0,0,0,1],[0,1,0,1,0,0,0,0,0,0,1],[0,0,0,0,0,0,1,1,0,0,0],[0,0,0,0,0,0,0,0,0,0,0],[0,1,1,1,1,0,1,0,0,0,0],[0,0,0,0,0,0,0,0,0,0,0],[0,0,0,0,0,0,0,0,1,0,0],[0,0,0,0,0,0,0,0,1,1,0]]","[[0,1,0,0,0,0,0,0,0,1,0],[0,0,0,0,0,0,1,0,0,0,0],[0,1,0,1,1,0,0,0,0,1,1],[0,1,0,0,0,0,1,0,0,0,1],[0,1,0,1,0,0,0,0,0,0,1],[0,0,0,0,0,0,1,1,0,0,0],[0,0,0,0,0,0,0,0,0,0,0],[0,1,1,1,1,0,1,0,0,0,0],[0,0,0,0,0,0,0,0,0,0,0],[0,0,0,0,0,0,0,0,1,0,0],[0,0,0,0,0,0,0,0,1,1,0]]","[[0,1,1,0,1,0,1,0,1,1,1],[1,1,1,1,1,1,1,1,1,1,1],[0,1,1,1,0,0,0,0,0,0,0],[1,1,0,0,0,1,1,1,1,0,1],[0,1,1,0,0,1,0,0,1,0,1]]",5,19,13,73,0.2777777777777778,0.20652173913043478,9,15,9,22,0.5,0.40540540540540543,,,,14.846115158870816,,,,,,,,,,ok,,/gpfs/projects/p32811/micodag-intervenion/experiment_results/sachs/parts/utigsp_unknown/setting_01.csv,2,"[[0,1,0,0,0,0,0,0,0,1,0],[0,0,0,0,0,0,1,0,0,0,0],[0,1,0,1,1,0,0,0,0,1,1],[0,1,0,0,0,0,1,0,0,0,1],[0,1,0,1,0,0,0,0,0,0,1],[0,0,0,0,0,0,1,1,0,0,0],[0,0,0,0,0,0,0,0,0,0,0],[0,1,1,1,1,0,1,0,0,0,0],[0,0,0,0,0,0,0,0,0,0,0],[0,0,0,0,0,0,0,0,1,0,0],[0,0,0,0,0,0,0,0,1,1,0]]","[[0,1,0,0,0,0,0,0,0,1,0],[0,0,0,0,0,0,1,0,0,0,0],[0,1,0,1,1,0,0,0,0,1,1],[0,1,0,0,0,0,1,0,0,0,1],[0,1,0,1,0,0,0,0,0,0,1],[0,0,0,0,0,0,1,1,0,0,0],[0,0,0,0,0,0,0,0,0,0,0],[0,1,1,1,1,0,1,0,0,0,0],[0,0,0,0,0,0,0,0,0,0,0],[0,0,0,0,0,0,0,0,1,0,0],[0,0,0,0,0,0,0,0,1,1,0]]","[[0,1,1,0,1,0,1,0,1,1,1],[1,1,1,1,1,1,1,1,1,1,1],[0,1,1,1,0,0,0,0,0,0,0],[1,1,0,0,0,1,1,1,1,0,1],[0,1,1,0,0,1,0,0,1,0,1]]",False,5,19,9,15,18,92,18,37
2,1,utigsp_unknown,UT-IGSP* (unknown targets),1,alpha_0p01,conditional_independence_alpha,0.01,unknown,20260901,e9ce21c7b59bc711fd15a108e1b2fc6b28b2df9f51750099b1dc46b524524897,dda019b4bd2708fce4d6e383f2c3d37297759bd3,"[""Raf"",""Mek"",""PLCg"",""PIP2"",""PIP3"",""Erk"",""Akt"",""PKA"",""PKC"",""p38"",""JNK""]","[1755,911,723,810,799,848]",1755,4091,5846,"{""data_preprocessing"":""author_log_values; tests handle centering internally"",""fit_time_limit_seconds"":3600.0,""implementation"":{""files"":{""UTIGSP.py"":""3973f67e884621c5a01f640fbb8fa1cf5d74c185e1fe9b18177c63b857894572"",""experiments/run_sachs_roc.py"":""489a8e862120b1f2ef691af58a155cc976e9484bdf397e02146b11c85cf8c932"",""src/sachs_data.py"":""ffb32c1afce83fbefa1c8c3cf15870b59f48777daa76bbcae85c3e463908f311"",""src/utils.py"":""f01793e8b6d3c43caa8183bbf4fe3a1837d3de10e01d304e842bcfada449e153""},""protocol_revision"":2,""sha256"":""8dae0133348240b02042031c9842e7085d8928f0df153897e6a0c8359fb45d08""},""roc_basis"":""returned_or_deterministic_representative_dag"",""runtime_environment"":{""distributions_sha256"":""9c7a4a5cb7f6697a085b6d58d0d66c4e250a3d6ca85f10964dbf36997f07634f"",""key_distributions"":{""causaldag"":""0.1a163"",""gies"":""0.0.3"",""gnies"":""0.3.2"",""gurobipy"":""12.0.3"",""numpy"":""1.22.3"",""scikit-learn"":""1.3.2"",""scipy"":""1.11.4""},""python_version"":""3.9.5""},""seed_usage"":""python_and_numpy_search_initialization"",""setting"":{""alpha"":0.01,""alpha_inv"":1e-20,""setting_id"":""alpha_0p01"",""tuning_parameter"":""conditional_independence_alpha"",""tuning_value"":0.01},""source"":{""name"":""UT-IGSP"",""url"":""https://github.com/uhlerlab/causaldag"",""version"":""0.1a163""},""threads"":8,""utigsp_protocol_note"":""modern Gaussian-invariance adapter with alpha_inv=1e-20; the public paper-era code/result provenance is internally inconsistent""}",dag_and_i_cpdag,"[[0,1,0,0,0,0,0,1,0,0,0],[0,0,0,0,0,0,0,1,0,0,0],[0,1,0,0,0,0,0,0,0,0,0],[0,1,1,0,0,0,0,1,0,0,0],[0,1,0,1,0,0,0,1,0,0,0],[0,0,0,0,0,0,0,0,0,0,0],[0,0,0,0,0,1,0,0,0,0,0],[0,0,0,0,0,1,1,0,0,0,0],[0,0,0,0,0,0,0,0,0,1,0],[0,0,0,0,0,0,0,0,0,0,1],[0,0,0,0,0,0,0,0,0,0,0]]","[[0,1,0,0,0,0,0,1,0,0,0],[0,0,0,0,0,0,0,1,0,0,0],[0,1,0,0,0,0,0,0,0,0,0],[0,1,1,0,0,0,0,1,0,0,0],[0,1,0,1,0,0,0,1,0,0,0],[0,0,0,0,0,0,0,0,0,0,0],[0,0,0,0,0,1,0,0,0,0,0],[0,0,0,0,0,1,1,0,0,0,0],[0,0,0,0,0,0,0,0,0,1,0],[0,0,0,0,0,0,0,0,0,0,1],[0,0,0,0,0,0,0,0,0,0,0]]","[[0,1,1,0,1,1,0,0,0,1,1],[1,1,1,1,1,1,1,1,1,1,1],[0,1,1,1,1,0,1,0,0,0,0],[1,1,0,1,0,1,1,1,1,1,1],[0,1,1,0,0,0,1,0,0,0,1]]",5,10,13,82,0.2777777777777778,0.10869565217391304,8,7,10,30,0.4444444444444444,0.1891891891891892,,,,13.842373655177653,,,,,,,,,,ok,,/gpfs/projects/p32811/micodag-intervenion/experiment_results/sachs/parts/utigsp_unknown/setting_02.csv,2,"[[0,1,0,0,0,0,0,1,0,0,0],[0,0,0,0,0,0,0,1,0,0,0],[0,1,0,0,0,0,0,0,0,0,0],[0,1,1,0,0,0,0,1,0,0,0],[0,1,0,1,0,0,0,1,0,0,0],[0,0,0,0,0,0,0,0,0,0,0],[0,0,0,0,0,1,0,0,0,0,0],[0,0,0,0,0,1,1,0,0,0,0],[0,0,0,0,0,0,0,0,0,1,0],[0,0,0,0,0,0,0,0,0,0,1],[0,0,0,0,0,0,0,0,0,0,0]]","[[0,1,0,0,0,0,0,1,0,0,0],[0,0,0,0,0,0,0,1,0,0,0],[0,1,0,0,0,0,0,0,0,0,0],[0,1,1,0,0,0,0,1,0,0,0],[0,1,0,1,0,0,0,1,0,0,0],[0,0,0,0,0,0,0,0,0,0,0],[0,0,0,0,0,1,0,0,0,0,0],[0,0,0,0,0,1,1,0,0,0,0],[0,0,0,0,0,0,0,0,0,1,0],[0,0,0,0,0,0,0,0,0,0,1],[0,0,0,0,0,0,0,0,0,0,0]]","[[0,1,1,0,1,1,0,0,0,1,1],[1,1,1,1,1,1,1,1,1,1,1],[0,1,1,1,1,0,1,0,0,0,0],[1,1,0,1,0,1,1,1,1,1,1],[0,1,1,0,0,0,1,0,0,0,1]]",False,5,10,8,7,18,92,18,37
2,1,utigsp_unknown,UT-IGSP* (unknown targets),2,alpha_0p001,conditional_independence_alpha,0.001,unknown,20260901,e9ce21c7b59bc711fd15a108e1b2fc6b28b2df9f51750099b1dc46b524524897,dda019b4bd2708fce4d6e383f2c3d37297759bd3,"[""Raf"",""Mek"",""PLCg"",""PIP2"",""PIP3"",""Erk"",""Akt"",""PKA"",""PKC"",""p38"",""JNK""]","[1755,911,723,810,799,848]",1755,4091,5846,"{""data_preprocessing"":""author_log_values; tests handle centering internally"",""fit_time_limit_seconds"":3600.0,""implementation"":{""files"":{""UTIGSP.py"":""3973f67e884621c5a01f640fbb8fa1cf5d74c185e1fe9b18177c63b857894572"",""experiments/run_sachs_roc.py"":""489a8e862120b1f2ef691af58a155cc976e9484bdf397e02146b11c85cf8c932"",""src/sachs_data.py"":""ffb32c1afce83fbefa1c8c3cf15870b59f48777daa76bbcae85c3e463908f311"",""src/utils.py"":""f01793e8b6d3c43caa8183bbf4fe3a1837d3de10e01d304e842bcfada449e153""},""protocol_revision"":2,""sha256"":""8dae0133348240b02042031c9842e7085d8928f0df153897e6a0c8359fb45d08""},""roc_basis"":""returned_or_deterministic_representative_dag"",""runtime_environment"":{""distributions_sha256"":""9c7a4a5cb7f6697a085b6d58d0d66c4e250a3d6ca85f10964dbf36997f07634f"",""key_distributions"":{""causaldag"":""0.1a163"",""gies"":""0.0.3"",""gnies"":""0.3.2"",""gurobipy"":""12.0.3"",""numpy"":""1.22.3"",""scikit-learn"":""1.3.2"",""scipy"":""1.11.4""},""python_version"":""3.9.5""},""seed_usage"":""python_and_numpy_search_initialization"",""setting"":{""alpha"":0.001,""alpha_inv"":1e-20,""setting_id"":""alpha_0p001"",""tuning_parameter"":""conditional_independence_alpha"",""tuning_value"":0.001},""source"":{""name"":""UT-IGSP"",""url"":""https://github.com/uhlerlab/causaldag"",""version"":""0.1a163""},""threads"":8,""utigsp_protocol_note"":""modern Gaussian-invariance adapter with alpha_inv=1e-20; the public paper-era code/result provenance is internally inconsistent""}",dag_and_i_cpdag,"[[0,1,0,0,0,0,0,0,0,0,0],[0,0,1,0,0,0,0,0,0,0,0],[0,0,0,0,0,0,0,0,0,0,0],[0,1,1,0,0,0,0,0,0,0,0],[0,1,0,1,0,0,0,0,0,0,0],[0,0,0,0,0,0,1,1,0,0,0],[0,0,0,0,0,0,0,0,0,0,0],[0,0,0,1,0,0,1,0,0,0,0],[0,0,0,0,0,0,0,0,0,1,0],[0,0,0,0,0,0,0,0,0,0,1],[0,0,0,0,0,0,0,0,0,0,0]]","[[0,1,0,0,0,0,0,0,0,0,0],[0,0,1,0,0,0,0,0,0,0,0],[0,0,0,0,0,0,0,0,0,0,0],[0,1,1,0,0,0,0,0,0,0,0],[0,1,0,1,0,0,0,0,0,0,0],[0,0,0,0,0,0,1,1,0,0,0],[0,0,0,0,0,0,0,0,0,0,0],[0,0,0,1,0,0,1,0,0,0,0],[0,0,0,0,0,0,0,0,0,1,0],[0,0,0,0,0,0,0,0,0,0,1],[0,0,0,0,0,0,0,0,0,0,0]]","[[0,1,1,0,1,0,1,0,0,1,1],[1,1,1,1,1,1,1,1,1,1,1],[0,1,1,1,1,0,1,0,0,0,0],[1,1,0,0,0,1,1,1,1,1,1],[0,1,1,0,0,1,0,0,0,0,1]]",4,8,14,84,0.2222222222222222,0.08695652173913043,6,6,12,31,0.3333333333333333,0.16216216216216217,,,,13.79083433933556,,,,,,,,,,ok,,/gpfs/projects/p32811/micodag-intervenion/experiment_results/sachs/parts/utigsp_unknown/setting_03.csv,2,"[[0,1,0,0,0,0,0,0,0,0,0],[0,0,1,0,0,0,0,0,0,0,0],[0,0,0,0,0,0,0,0,0,0,0],[0,1,1,0,0,0,0,0,0,0,0],[0,1,0,1,0,0,0,0,0,0,0],[0,0,0,0,0,0,1,1,0,0,0],[0,0,0,0,0,0,0,0,0,0,0],[0,0,0,1,0,0,1,0,0,0,0],[0,0,0,0,0,0,0,0,0,1,0],[0,0,0,0,0,0,0,0,0,0,1],[0,0,0,0,0,0,0,0,0,0,0]]","[[0,1,0,0,0,0,0,0,0,0,0],[0,0,1,0,0,0,0,0,0,0,0],[0,0,0,0,0,0,0,0,0,0,0],[0,1,1,0,0,0,0,0,0,0,0],[0,1,0,1,0,0,0,0,0,0,0],[0,0,0,0,0,0,1,1,0,0,0],[0,0,0,0,0,0,0,0,0,0,0],[0,0,0,1,0,0,1,0,0,0,0],[0,0,0,0,0,0,0,0,0,1,0],[0,0,0,0,0,0,0,0,0,0,1],[0,0,0,0,0,0,0,0,0,0,0]]","[[0,1,1,0,1,0,1,0,0,1,1],[1,1,1,1,1,1,1,1,1,1,1],[0,1,1,1,1,0,1,0,0,0,0],[1,1,0,0,0,1,1,1,1,1,1],[0,1,1,0,0,1,0,0,0,0,1]]",False,4,8,6,6,18,92,18,37
2,1,utigsp_unknown,UT-IGSP* (unknown targets),3,alpha_0p2,conditional_independence_alpha,0.2,unknown,20260901,e9ce21c7b59bc711fd15a108e1b2fc6b28b2df9f51750099b1dc46b524524897,dda019b4bd2708fce4d6e383f2c3d37297759bd3,"[""Raf"",""Mek"",""PLCg"",""PIP2"",""PIP3"",""Erk"",""Akt"",""PKA"",""PKC"",""p38"",""JNK""]","[1755,911,723,810,799,848]",1755,4091,5846,"{""data_preprocessing"":""author_log_values; tests handle centering internally"",""fit_time_limit_seconds"":3600.0,""implementation"":{""files"":{""UTIGSP.py"":""3973f67e884621c5a01f640fbb8fa1cf5d74c185e1fe9b18177c63b857894572"",""experiments/run_sachs_roc.py"":""489a8e862120b1f2ef691af58a155cc976e9484bdf397e02146b11c85cf8c932"",""src/sachs_data.py"":""ffb32c1afce83fbefa1c8c3cf15870b59f48777daa76bbcae85c3e463908f311"",""src/utils.py"":""f01793e8b6d3c43caa8183bbf4fe3a1837d3de10e01d304e842bcfada449e153""},""protocol_revision"":2,""sha256"":""8dae0133348240b02042031c9842e7085d8928f0df153897e6a0c8359fb45d08""},""roc_basis"":""returned_or_deterministic_representative_dag"",""runtime_environment"":{""distributions_sha256"":""9c7a4a5cb7f6697a085b6d58d0d66c4e250a3d6ca85f10964dbf36997f07634f"",""key_distributions"":{""causaldag"":""0.1a163"",""gies"":""0.0.3"",""gnies"":""0.3.2"",""gurobipy"":""12.0.3"",""numpy"":""1.22.3"",""scikit-learn"":""1.3.2"",""scipy"":""1.11.4""},""python_version"":""3.9.5""},""seed_usage"":""python_and_numpy_search_initialization"",""setting"":{""alpha"":0.2,""alpha_inv"":1e-20,""setting_id"":""alpha_0p2"",""tuning_parameter"":""conditional_independence_alpha"",""tuning_value"":0.2},""source"":{""name"":""UT-IGSP"",""url"":""https://github.com/uhlerlab/causaldag"",""version"":""0.1a163""},""threads"":8,""utigsp_protocol_note"":""modern Gaussian-invariance adapter with alpha_inv=1e-20; the public paper-era code/result provenance is internally inconsistent""}",dag_and_i_cpdag,"[[0,1,0,0,0,1,0,0,0,1,0],[0,0,0,0,0,0,1,0,0,0,0],[0,1,0,1,1,0,0,0,1,1,1],[0,1,0,0,0,1,1,0,0,0,1],[0,1,0,1,0,1,1,0,0,0,1],[0,0,0,0,0,0,1,0,0,0,0],[0,0,0,0,0,0,0,0,0,0,0],[0,1,1,1,1,1,1,0,0,0,0],[0,0,0,0,0,0,0,0,0,0,0],[0,0,0,0,0,1,0,0,1,0,1],[0,0,0,0,0,0,0,0,1,0,0]]","[[0,1,0,0,0,1,0,0,0,1,0],[0,0,0,0,0,0,1,0,0,0,0],[0,1,0,1,1,0,0,0,1,1,1],[0,1,0,0,0,1,1,0,0,0,1],[0,1,0,1,0,1,1,0,0,0,1],[0,0,0,0,0,0,1,0,0,0,0],[0,0,0,0,0,0,0,0,0,0,0],[0,1,1,1,1,1,1,0,0,0,0],[0,0,0,0,0,0,0,0,0,0,0],[0,0,0,0,0,1,0,0,1,0,1],[0,0,0,0,0,0,0,0,1,0,0]]","[[0,1,1,0,1,0,1,0,1,1,1],[1,1,1,1,1,1,1,1,1,1,0],[0,1,1,1,0,0,0,0,0,0,0],[1,1,0,0,0,1,1,1,1,0,1],[0,1,1,0,0,1,0,0,1,0,1]]",8,22,10,70,0.4444444444444444,0.2391304347826087,11,19,7,18,0.6111111111111112,0.5135135135135135,,,,14.297624548897147,,,,,,,,,,ok,,/gpfs/projects/p32811/micodag-intervenion/experiment_results/sachs/parts/utigsp_unknown/setting_04.csv,2,"[[0,1,0,0,0,1,0,0,0,1,0],[0,0,0,0,0,0,1,0,0,0,0],[0,1,0,1,1,0,0,0,1,1,1],[0,1,0,0,0,1,1,0,0,0,1],[0,1,0,1,0,1,1,0,0,0,1],[0,0,0,0,0,0,1,0,0,0,0],[0,0,0,0,0,0,0,0,0,0,0],[0,1,1,1,1,1,1,0,0,0,0],[0,0,0,0,0,0,0,0,0,0,0],[0,0,0,0,0,1,0,0,1,0,1],[0,0,0,0,0,0,0,0,1,0,0]]","[[0,1,0,0,0,1,0,0,0,1,0],[0,0,0,0,0,0,1,0,0,0,0],[0,1,0,1,1,0,0,0,1,1,1],[0,1,0,0,0,1,1,0,0,0,1],[0,1,0,1,0,1,1,0,0,0,1],[0,0,0,0,0,0,1,0,0,0,0],[0,0,0,0,0,0,0,0,0,0,0],[0,1,1,1,1,1,1,0,0,0,0],[0,0,0,0,0,0,0,0,0,0,0],[0,0,0,0,0,1,0,0,1,0,1],[0,0,0,0,0,0,0,0,1,0,0]]","[[0,1,1,0,1,0,1,0,1,1,1],[1,1,1,1,1,1,1,1,1,1,0],[0,1,1,1,0,0,0,0,0,0,0],[1,1,0,0,0,1,1,1,1,0,1],[0,1,1,0,0,1,0,0,1,0,1]]",False,8,22,11,19,18,92,18,37
2,1,utigsp_unknown,UT-IGSP* (unknown targets),4,alpha_0p3,conditional_independence_alpha,0.3,unknown,20260901,e9ce21c7b59bc711fd15a108e1b2fc6b28b2df9f51750099b1dc46b524524897,dda019b4bd2708fce4d6e383f2c3d37297759bd3,"[""Raf"",""Mek"",""PLCg"",""PIP2"",""PIP3"",""Erk"",""Akt"",""PKA"",""PKC"",""p38"",""JNK""]","[1755,911,723,810,799,848]",1755,4091,5846,"{""data_preprocessing"":""author_log_values; tests handle centering internally"",""fit_time_limit_seconds"":3600.0,""implementation"":{""files"":{""UTIGSP.py"":""3973f67e884621c5a01f640fbb8fa1cf5d74c185e1fe9b18177c63b857894572"",""experiments/run_sachs_roc.py"":""489a8e862120b1f2ef691af58a155cc976e9484bdf397e02146b11c85cf8c932"",""src/sachs_data.py"":""ffb32c1afce83fbefa1c8c3cf15870b59f48777daa76bbcae85c3e463908f311"",""src/utils.py"":""f01793e8b6d3c43caa8183bbf4fe3a1837d3de10e01d304e842bcfada449e153""},""protocol_revision"":2,""sha256"":""8dae0133348240b02042031c9842e7085d8928f0df153897e6a0c8359fb45d08""},""roc_basis"":""returned_or_deterministic_representative_dag"",""runtime_environment"":{""distributions_sha256"":""9c7a4a5cb7f6697a085b6d58d0d66c4e250a3d6ca85f10964dbf36997f07634f"",""key_distributions"":{""causaldag"":""0.1a163"",""gies"":""0.0.3"",""gnies"":""0.3.2"",""gurobipy"":""12.0.3"",""numpy"":""1.22.3"",""scikit-learn"":""1.3.2"",""scipy"":""1.11.4""},""python_version"":""3.9.5""},""seed_usage"":""python_and_numpy_search_initialization"",""setting"":{""alpha"":0.3,""alpha_inv"":1e-20,""setting_id"":""alpha_0p3"",""tuning_parameter"":""conditional_independence_alpha"",""tuning_value"":0.3},""source"":{""name"":""UT-IGSP"",""url"":""https://github.com/uhlerlab/causaldag"",""version"":""0.1a163""},""threads"":8,""utigsp_protocol_note"":""modern Gaussian-invariance adapter with alpha_inv=1e-20; the public paper-era code/result provenance is internally inconsistent""}",dag_and_i_cpdag,"[[0,1,0,0,1,1,0,0,1,1,0],[0,0,0,0,1,1,0,0,0,1,0],[0,1,0,0,1,1,0,0,0,1,1],[0,1,1,0,1,1,0,0,0,0,1],[0,0,0,0,0,0,0,0,0,0,0],[0,0,0,0,1,0,0,0,0,1,1],[1,0,0,0,1,1,0,0,0,1,1],[0,1,1,1,1,1,1,0,0,0,0],[0,0,0,0,0,0,0,0,0,1,1],[0,0,0,0,0,0,0,0,0,0,0],[0,0,0,0,1,0,0,0,0,1,0]]","[[0,1,0,0,1,1,0,0,1,1,0],[0,0,0,0,1,1,0,0,0,1,0],[0,1,0,0,1,1,0,0,0,1,1],[0,1,1,0,1,1,0,0,0,0,1],[0,0,0,0,0,0,0,0,0,0,0],[0,0,0,0,1,0,0,0,0,1,1],[1,0,0,0,1,1,0,0,0,1,1],[0,1,1,1,1,1,1,0,0,0,0],[0,0,0,0,0,0,0,0,0,1,1],[0,0,0,0,0,0,0,0,0,0,0],[0,0,0,0,1,0,0,0,0,1,0]]","[[0,1,1,1,1,1,0,0,0,1,1],[1,1,1,1,1,1,1,1,1,1,1],[0,1,1,1,1,0,1,0,0,0,0],[1,1,0,0,0,1,1,1,1,1,1],[0,1,1,0,0,0,1,0,0,0,1]]",7,29,11,63,0.3888888888888889,0.31521739130434784,12,24,6,13,0.6666666666666666,0.6486486486486487,,,,23.048702367581427,,,,,,,,,,ok,,/gpfs/projects/p32811/micodag-intervenion/experiment_results/sachs/parts/utigsp_unknown/setting_05.csv,2,"[[0,1,0,0,1,1,0,0,1,1,0],[0,0,0,0,1,1,0,0,0,1,0],[0,1,0,0,1,1,0,0,0,1,1],[0,1,1,0,1,1,0,0,0,0,1],[0,0,0,0,0,0,0,0,0,0,0],[0,0,0,0,1,0,0,0,0,1,1],[1,0,0,0,1,1,0,0,0,1,1],[0,1,1,1,1,1,1,0,0,0,0],[0,0,0,0,0,0,0,0,0,1,1],[0,0,0,0,0,0,0,0,0,0,0],[0,0,0,0,1,0,0,0,0,1,0]]","[[0,1,0,0,1,1,0,0,1,1,0],[0,0,0,0,1,1,0,0,0,1,0],[0,1,0,0,1,1,0,0,0,1,1],[0,1,1,0,1,1,0,0,0,0,1],[0,0,0,0,0,0,0,0,0,0,0],[0,0,0,0,1,0,0,0,0,1,1],[1,0,0,0,1,1,0,0,0,1,1],[0,1,1,1,1,1,1,0,0,0,0],[0,0,0,0,0,0,0,0,0,1,1],[0,0,0,0,0,0,0,0,0,0,0],[0,0,0,0,1,0,0,0,0,1,0]]","[[0,1,1,1,1,1,0,0,0,1,1],[1,1,1,1,1,1,1,1,1,1,1],[0,1,1,1,1,0,1,0,0,0,0],[1,1,0,0,0,1,1,1,1,1,1],[0,1,1,0,0,0,1,0,0,0,1]]",False,7,29,12,24,18,92,18,37
2,1,utigsp_unknown,UT-IGSP* (unknown targets),5,alpha_0p4,conditional_independence_alpha,0.4,unknown,20260901,e9ce21c7b59bc711fd15a108e1b2fc6b28b2df9f51750099b1dc46b524524897,dda019b4bd2708fce4d6e383f2c3d37297759bd3,"[""Raf"",""Mek"",""PLCg"",""PIP2"",""PIP3"",""Erk"",""Akt"",""PKA"",""PKC"",""p38"",""JNK""]","[1755,911,723,810,799,848]",1755,4091,5846,"{""data_preprocessing"":""author_log_values; tests handle centering internally"",""fit_time_limit_seconds"":3600.0,""implementation"":{""files"":{""UTIGSP.py"":""3973f67e884621c5a01f640fbb8fa1cf5d74c185e1fe9b18177c63b857894572"",""experiments/run_sachs_roc.py"":""489a8e862120b1f2ef691af58a155cc976e9484bdf397e02146b11c85cf8c932"",""src/sachs_data.py"":""ffb32c1afce83fbefa1c8c3cf15870b59f48777daa76bbcae85c3e463908f311"",""src/utils.py"":""f01793e8b6d3c43caa8183bbf4fe3a1837d3de10e01d304e842bcfada449e153""},""protocol_revision"":2,""sha256"":""8dae0133348240b02042031c9842e7085d8928f0df153897e6a0c8359fb45d08""},""roc_basis"":""returned_or_deterministic_representative_dag"",""runtime_environment"":{""distributions_sha256"":""9c7a4a5cb7f6697a085b6d58d0d66c4e250a3d6ca85f10964dbf36997f07634f"",""key_distributions"":{""causaldag"":""0.1a163"",""gies"":""0.0.3"",""gnies"":""0.3.2"",""gurobipy"":""12.0.3"",""numpy"":""1.22.3"",""scikit-learn"":""1.3.2"",""scipy"":""1.11.4""},""python_version"":""3.9.5""},""seed_usage"":""python_and_numpy_search_initialization"",""setting"":{""alpha"":0.4,""alpha_inv"":1e-20,""setting_id"":""alpha_0p4"",""tuning_parameter"":""conditional_independence_alpha"",""tuning_value"":0.4},""source"":{""name"":""UT-IGSP"",""url"":""https://github.com/uhlerlab/causaldag"",""version"":""0.1a163""},""threads"":8,""utigsp_protocol_note"":""modern Gaussian-invariance adapter with alpha_inv=1e-20; the public paper-era code/result provenance is internally inconsistent""}",dag_and_i_cpdag,"[[0,1,0,0,1,0,0,1,0,0,0],[0,0,0,0,0,0,0,1,0,0,0],[0,1,0,0,1,0,0,1,0,0,1],[0,1,1,0,1,0,1,1,0,0,1],[0,1,0,0,0,0,0,1,0,0,1],[1,1,1,1,1,0,1,1,0,1,1],[1,1,0,0,0,0,0,1,0,1,1],[0,0,0,0,0,0,0,0,0,0,0],[0,0,1,0,0,0,0,1,0,1,1],[1,1,1,0,0,0,0,0,0,0,1],[0,0,0,0,0,0,0,0,0,0,0]]","[[0,1,0,0,1,0,0,1,0,0,0],[0,0,0,0,0,0,0,1,0,0,0],[0,1,0,0,1,0,0,1,0,0,1],[0,1,1,0,1,0,1,1,0,0,1],[0,1,0,0,0,0,0,1,0,0,1],[1,1,1,1,1,0,1,1,0,1,1],[1,1,0,0,0,0,0,1,0,1,1],[0,0,0,0,0,0,0,0,0,0,0],[0,0,1,0,0,0,0,1,0,1,1],[1,1,1,0,0,0,0,0,0,0,1],[0,0,0,0,0,0,0,0,0,0,0]]","[[0,1,1,1,1,0,0,1,0,1,1],[1,1,1,1,1,1,1,1,1,1,1],[0,1,1,1,1,0,0,0,0,0,0],[1,1,0,0,0,1,1,1,1,1,1],[0,1,1,0,0,1,0,0,0,0,1]]",3,36,15,56,0.16666666666666666,0.391304347826087,12,27,6,10,0.6666666666666666,0.7297297297297297,,,,23.198670199140906,,,,,,,,,,ok,,/gpfs/projects/p32811/micodag-intervenion/experiment_results/sachs/parts/utigsp_unknown/setting_06.csv,2,"[[0,1,0,0,1,0,0,1,0,0,0],[0,0,0,0,0,0,0,1,0,0,0],[0,1,0,0,1,0,0,1,0,0,1],[0,1,1,0,1,0,1,1,0,0,1],[0,1,0,0,0,0,0,1,0,0,1],[1,1,1,1,1,0,1,1,0,1,1],[1,1,0,0,0,0,0,1,0,1,1],[0,0,0,0,0,0,0,0,0,0,0],[0,0,1,0,0,0,0,1,0,1,1],[1,1,1,0,0,0,0,0,0,0,1],[0,0,0,0,0,0,0,0,0,0,0]]","[[0,1,0,0,1,0,0,1,0,0,0],[0,0,0,0,0,0,0,1,0,0,0],[0,1,0,0,1,0,0,1,0,0,1],[0,1,1,0,1,0,1,1,0,0,1],[0,1,0,0,0,0,0,1,0,0,1],[1,1,1,1,1,0,1,1,0,1,1],[1,1,0,0,0,0,0,1,0,1,1],[0,0,0,0,0,0,0,0,0,0,0],[0,0,1,0,0,0,0,1,0,1,1],[1,1,1,0,0,0,0,0,0,0,1],[0,0,0,0,0,0,0,0,0,0,0]]","[[0,1,1,1,1,0,0,1,0,1,1],[1,1,1,1,1,1,1,1,1,1,1],[0,1,1,1,1,0,0,0,0,0,0],[1,1,0,0,0,1,1,1,1,1,1],[0,1,1,0,0,1,0,0,0,0,1]]",False,3,36,12,27,18,92,18,37
2,1,utigsp_unknown,UT-IGSP* (unknown targets),6,alpha_0p5,conditional_independence_alpha,0.5,unknown,20260901,e9ce21c7b59bc711fd15a108e1b2fc6b28b2df9f51750099b1dc46b524524897,dda019b4bd2708fce4d6e383f2c3d37297759bd3,"[""Raf"",""Mek"",""PLCg"",""PIP2"",""PIP3"",""Erk"",""Akt"",""PKA"",""PKC"",""p38"",""JNK""]","[1755,911,723,810,799,848]",1755,4091,5846,"{""data_preprocessing"":""author_log_values; tests handle centering internally"",""fit_time_limit_seconds"":3600.0,""implementation"":{""files"":{""UTIGSP.py"":""3973f67e884621c5a01f640fbb8fa1cf5d74c185e1fe9b18177c63b857894572"",""experiments/run_sachs_roc.py"":""489a8e862120b1f2ef691af58a155cc976e9484bdf397e02146b11c85cf8c932"",""src/sachs_data.py"":""ffb32c1afce83fbefa1c8c3cf15870b59f48777daa76bbcae85c3e463908f311"",""src/utils.py"":""f01793e8b6d3c43caa8183bbf4fe3a1837d3de10e01d304e842bcfada449e153""},""protocol_revision"":2,""sha256"":""8dae0133348240b02042031c9842e7085d8928f0df153897e6a0c8359fb45d08""},""roc_basis"":""returned_or_deterministic_representative_dag"",""runtime_environment"":{""distributions_sha256"":""9c7a4a5cb7f6697a085b6d58d0d66c4e250a3d6ca85f10964dbf36997f07634f"",""key_distributions"":{""causaldag"":""0.1a163"",""gies"":""0.0.3"",""gnies"":""0.3.2"",""gurobipy"":""12.0.3"",""numpy"":""1.22.3"",""scikit-learn"":""1.3.2"",""scipy"":""1.11.4""},""python_version"":""3.9.5""},""seed_usage"":""python_and_numpy_search_initialization"",""setting"":{""alpha"":0.5,""alpha_inv"":1e-20,""setting_id"":""alpha_0p5"",""tuning_parameter"":""conditional_independence_alpha"",""tuning_value"":0.5},""source"":{""name"":""UT-IGSP"",""url"":""https://github.com/uhlerlab/causaldag"",""version"":""0.1a163""},""threads"":8,""utigsp_protocol_note"":""modern Gaussian-invariance adapter with alpha_inv=1e-20; the public paper-era code/result provenance is internally inconsistent""}",dag_and_i_cpdag,"[[0,1,0,0,1,0,1,0,0,1,0],[0,0,0,0,0,0,0,0,0,1,0],[0,1,0,1,0,0,1,0,0,1,0],[0,1,0,0,0,0,0,0,1,0,0],[0,1,1,1,0,1,0,0,0,0,0],[0,1,0,1,0,0,1,0,0,1,0],[0,1,0,1,0,0,0,0,0,0,0],[0,1,1,1,1,1,1,0,1,0,0],[0,0,0,0,0,0,0,0,0,1,0],[0,0,0,0,0,0,0,0,0,0,0],[0,1,1,1,1,0,1,1,1,1,0]]","[[0,1,0,0,1,0,1,0,0,1,0],[0,0,0,0,0,0,0,0,0,1,0],[0,1,0,1,0,0,1,0,0,1,0],[0,1,0,0,0,0,0,0,1,0,0],[0,1,1,1,0,1,0,0,0,0,0],[0,1,0,1,0,0,1,0,0,1,0],[0,1,0,1,0,0,0,0,0,0,0],[0,1,1,1,1,1,1,0,1,0,0],[0,0,0,0,0,0,0,0,0,1,0],[0,0,0,0,0,0,0,0,0,0,0],[0,1,1,1,1,0,1,1,1,1,0]]","[[0,1,1,0,1,0,1,0,1,1,1],[1,1,1,1,0,1,1,1,1,1,1],[0,1,1,1,1,1,1,0,0,0,0],[1,1,0,0,0,1,1,1,1,1,1],[0,1,1,0,0,1,0,0,0,0,1]]",9,28,9,64,0.5,0.30434782608695654,12,25,6,12,0.6666666666666666,0.6756756756756757,,,,15.547989217564464,,,,,,,,,,ok,,/gpfs/projects/p32811/micodag-intervenion/experiment_results/sachs/parts/utigsp_unknown/setting_07.csv,2,"[[0,1,0,0,1,0,1,0,0,1,0],[0,0,0,0,0,0,0,0,0,1,0],[0,1,0,1,0,0,1,0,0,1,0],[0,1,0,0,0,0,0,0,1,0,0],[0,1,1,1,0,1,0,0,0,0,0],[0,1,0,1,0,0,1,0,0,1,0],[0,1,0,1,0,0,0,0,0,0,0],[0,1,1,1,1,1,1,0,1,0,0],[0,0,0,0,0,0,0,0,0,1,0],[0,0,0,0,0,0,0,0,0,0,0],[0,1,1,1,1,0,1,1,1,1,0]]","[[0,1,0,0,1,0,1,0,0,1,0],[0,0,0,0,0,0,0,0,0,1,0],[0,1,0,1,0,0,1,0,0,1,0],[0,1,0,0,0,0,0,0,1,0,0],[0,1,1,1,0,1,0,0,0,0,0],[0,1,0,1,0,0,1,0,0,1,0],[0,1,0,1,0,0,0,0,0,0,0],[0,1,1,1,1,1,1,0,1,0,0],[0,0,0,0,0,0,0,0,0,1,0],[0,0,0,0,0,0,0,0,0,0,0],[0,1,1,1,1,0,1,1,1,1,0]]","[[0,1,1,0,1,0,1,0,1,1,1],[1,1,1,1,0,1,1,1,1,1,1],[0,1,1,1,1,1,1,0,0,0,0],[1,1,0,0,0,1,1,1,1,1,1],[0,1,1,0,0,1,0,0,0,0,1]]",False,9,28,12,25,18,92,18,37
2,1,utigsp_unknown,UT-IGSP* (unknown targets),7,alpha_0p05,conditional_independence_alpha,0.05,unknown,20260901,e9ce21c7b59bc711fd15a108e1b2fc6b28b2df9f51750099b1dc46b524524897,dda019b4bd2708fce4d6e383f2c3d37297759bd3,"[""Raf"",""Mek"",""PLCg"",""PIP2"",""PIP3"",""Erk"",""Akt"",""PKA"",""PKC"",""p38"",""JNK""]","[1755,911,723,810,799,848]",1755,4091,5846,"{""data_preprocessing"":""author_log_values; tests handle centering internally"",""fit_time_limit_seconds"":3600.0,""implementation"":{""files"":{""UTIGSP.py"":""3973f67e884621c5a01f640fbb8fa1cf5d74c185e1fe9b18177c63b857894572"",""experiments/run_sachs_roc.py"":""489a8e862120b1f2ef691af58a155cc976e9484bdf397e02146b11c85cf8c932"",""src/sachs_data.py"":""ffb32c1afce83fbefa1c8c3cf15870b59f48777daa76bbcae85c3e463908f311"",""src/utils.py"":""f01793e8b6d3c43caa8183bbf4fe3a1837d3de10e01d304e842bcfada449e153""},""protocol_revision"":2,""sha256"":""8dae0133348240b02042031c9842e7085d8928f0df153897e6a0c8359fb45d08""},""roc_basis"":""returned_or_deterministic_representative_dag"",""runtime_environment"":{""distributions_sha256"":""9c7a4a5cb7f6697a085b6d58d0d66c4e250a3d6ca85f10964dbf36997f07634f"",""key_distributions"":{""causaldag"":""0.1a163"",""gies"":""0.0.3"",""gnies"":""0.3.2"",""gurobipy"":""12.0.3"",""numpy"":""1.22.3"",""scikit-learn"":""1.3.2"",""scipy"":""1.11.4""},""python_version"":""3.9.5""},""seed_usage"":""python_and_numpy_search_initialization"",""setting"":{""alpha"":0.05,""alpha_inv"":1e-20,""setting_id"":""alpha_0p05"",""tuning_parameter"":""conditional_independence_alpha"",""tuning_value"":0.05},""source"":{""name"":""UT-IGSP"",""url"":""https://github.com/uhlerlab/causaldag"",""version"":""0.1a163""},""threads"":8,""utigsp_protocol_note"":""modern Gaussian-invariance adapter with alpha_inv=1e-20; the public paper-era code/result provenance is internally inconsistent""}",dag_and_i_cpdag,"[[0,1,0,0,0,0,0,0,0,0,0],[0,0,0,0,0,0,1,0,0,0,0],[0,1,0,0,0,0,0,0,0,1,0],[0,1,1,0,1,0,0,1,0,0,0],[0,1,1,0,0,0,0,1,0,0,0],[0,0,0,0,0,0,1,0,0,0,0],[0,0,0,0,0,0,0,0,0,0,0],[0,1,0,0,0,1,1,0,0,0,0],[0,0,0,0,0,0,0,0,0,0,0],[0,0,0,0,0,0,0,0,1,0,0],[0,0,0,0,1,0,0,0,0,1,0]]","[[0,1,0,0,0,0,0,0,0,0,0],[0,0,0,0,0,0,1,0,0,0,0],[0,1,0,0,0,0,0,0,0,1,0],[0,1,1,0,1,0,0,1,0,0,0],[0,1,1,0,0,0,0,1,0,0,0],[0,0,0,0,0,0,1,0,0,0,0],[0,0,0,0,0,0,0,0,0,0,0],[0,1,0,0,0,1,1,0,0,0,0],[0,0,0,0,0,0,0,0,0,0,0],[0,0,0,0,0,0,0,0,1,0,0],[0,0,0,0,1,0,0,0,0,1,0]]","[[0,1,1,1,1,0,1,0,1,1,1],[1,1,1,1,1,1,1,1,1,1,1],[0,1,1,1,1,1,1,0,0,0,0],[1,1,0,0,0,1,1,1,1,0,1],[0,1,1,0,0,1,0,0,0,0,1]]",5,13,13,79,0.2777777777777778,0.14130434782608695,8,10,10,27,0.4444444444444444,0.2702702702702703,,,,14.267941144295037,,,,,,,,,,ok,,/gpfs/projects/p32811/micodag-intervenion/experiment_results/sachs/parts/utigsp_unknown/setting_08.csv,2,"[[0,1,0,0,0,0,0,0,0,0,0],[0,0,0,0,0,0,1,0,0,0,0],[0,1,0,0,0,0,0,0,0,1,0],[0,1,1,0,1,0,0,1,0,0,0],[0,1,1,0,0,0,0,1,0,0,0],[0,0,0,0,0,0,1,0,0,0,0],[0,0,0,0,0,0,0,0,0,0,0],[0,1,0,0,0,1,1,0,0,0,0],[0,0,0,0,0,0,0,0,0,0,0],[0,0,0,0,0,0,0,0,1,0,0],[0,0,0,0,1,0,0,0,0,1,0]]","[[0,1,0,0,0,0,0,0,0,0,0],[0,0,0,0,0,0,1,0,0,0,0],[0,1,0,0,0,0,0,0,0,1,0],[0,1,1,0,1,0,0,1,0,0,0],[0,1,1,0,0,0,0,1,0,0,0],[0,0,0,0,0,0,1,0,0,0,0],[0,0,0,0,0,0,0,0,0,0,0],[0,1,0,0,0,1,1,0,0,0,0],[0,0,0,0,0,0,0,0,0,0,0],[0,0,0,0,0,0,0,0,1,0,0],[0,0,0,0,1,0,0,0,0,1,0]]","[[0,1,1,1,1,0,1,0,1,1,1],[1,1,1,1,1,1,1,1,1,1,1],[0,1,1,1,1,1,1,0,0,0,0],[1,1,0,0,0,1,1,1,1,0,1],[0,1,1,0,0,1,0,0,0,0,1]]",False,5,13,8,10,18,92,18,37
2,1,gnies_unknown,GnIES (unknown targets),0,author_logN_x0p01,author_multiplier_times_log_n,0.01,unknown,20260901,e9ce21c7b59bc711fd15a108e1b2fc6b28b2df9f51750099b1dc46b524524897,dda019b4bd2708fce4d6e383f2c3d37297759bd3,"[""Raf"",""Mek"",""PLCg"",""PIP2"",""PIP3"",""Erk"",""Akt"",""PKA"",""PKC"",""p38"",""JNK""]","[1755,911,723,810,799,848]",1755,4091,5846,"{""data_preprocessing"":""author_log_values; gnies center=True"",""fit_time_limit_seconds"":10800.0,""implementation"":{""files"":{""experiments/run_sachs_roc.py"":""489a8e862120b1f2ef691af58a155cc976e9484bdf397e02146b11c85cf8c932"",""src/sachs_data.py"":""ffb32c1afce83fbefa1c8c3cf15870b59f48777daa76bbcae85c3e463908f311""},""protocol_revision"":2,""sha256"":""205c63b604eeb7a6c6545058fd15789c30d7b05e72d2b6bac2f870fe8de67dc7""},""roc_basis"":""returned_or_deterministic_representative_dag"",""runtime_environment"":{""distributions_sha256"":""68cf7e3ca0e9990911bd854a560a2beec32895d37fe44a26334dc305595bc4e3"",""key_distributions"":{""causaldag"":""0.1a163"",""gies"":""0.0.3"",""gnies"":""0.3.3"",""gurobipy"":""12.0.3"",""numpy"":""1.22.3"",""scikit-learn"":""1.3.2"",""scipy"":""1.11.4""},""python_version"":""3.9.5""},""seed_usage"":""not_applicable_deterministic_package"",""setting"":{""lambda"":0.08673512945671191,""lambda_multiplier"":0.01,""setting_id"":""author_logN_x0p01"",""tuning_parameter"":""author_multiplier_times_log_n"",""tuning_value"":0.01},""source"":{""name"":""GnIES"",""url"":""https://github.com/juangamella/gnies"",""version"":""0.3.3""},""threads"":8,""utigsp_protocol_note"":null}",i_cpdag_and_deterministic_consistent_extension,"[[0,0,0,0,0,1,1,1,1,0,1],[1,0,0,1,1,1,1,1,1,0,1],[1,1,0,1,1,1,1,1,1,1,1],[0,0,0,0,1,1,0,1,1,0,1],[1,0,0,0,0,1,1,1,1,0,1],[0,0,0,0,0,0,0,0,0,0,0],[0,0,0,0,0,1,0,0,1,0,0],[0,0,0,0,0,1,1,0,1,0,0],[0,0,0,0,0,0,0,0,0,0,0],[1,0,0,1,0,1,1,1,1,0,1],[0,0,0,0,0,0,0,0,1,0,0]]","[[0,0,0,0,0,1,1,1,1,0,1],[1,0,0,1,1,1,1,1,1,0,1],[1,1,0,1,1,1,1,1,1,1,1],[0,0,0,0,1,1,0,1,1,0,1],[1,0,0,0,0,1,1,1,1,0,1],[0,0,0,0,0,0,0,0,0,0,0],[0,0,0,0,0,1,0,0,1,0,0],[0,0,0,0,0,1,1,0,1,0,0],[0,0,0,0,0,0,0,0,0,0,0],[1,0,0,1,0,1,1,1,1,0,1],[0,0,0,0,0,0,0,0,1,0,0]]","[1,1,1,1,1,1,1,1,1,1,1]",7,40,11,52,0.3888888888888889,0.43478260869565216,17,30,1,7,0.9444444444444444,0.8108108108108109,,,,234.31364383548498,,-6570.583679004141,,,,,,,,ok,,/gpfs/projects/p32811/micodag-intervenion/experiment_results/sachs/parts/gnies_unknown/setting_01.csv,2,"[[0,0,0,0,0,1,1,1,1,0,1],[1,0,0,1,1,1,1,1,1,0,1],[1,1,0,1,1,1,1,1,1,1,1],[0,0,0,0,1,1,0,1,1,0,1],[1,0,0,0,0,1,1,1,1,0,1],[0,0,0,0,0,0,0,0,0,0,0],[0,0,0,0,0,1,0,0,1,0,0],[0,0,0,0,0,1,1,0,1,0,0],[0,0,0,0,0,0,0,0,0,0,0],[1,0,0,1,0,1,1,1,1,0,1],[0,0,0,0,0,0,0,0,1,0,0]]","[[0,0,0,0,0,1,1,1,1,0,1],[1,0,0,1,1,1,1,1,1,0,1],[1,1,0,1,1,1,1,1,1,1,1],[0,0,0,0,1,1,0,1,1,0,1],[1,0,0,0,0,1,1,1,1,0,1],[0,0,0,0,0,0,0,0,0,0,0],[0,0,0,0,0,1,0,0,1,0,0],[0,0,0,0,0,1,1,0,1,0,0],[0,0,0,0,0,0,0,0,0,0,0],[1,0,0,1,0,1,1,1,1,0,1],[0,0,0,0,0,0,0,0,1,0,0]]","[1,1,1,1,1,1,1,1,1,1,1]",False,7,40,17,30,18,92,18,37
2,1,gnies_unknown,GnIES (unknown targets),1,author_logN_x0p25,author_multiplier_times_log_n,0.25,unknown,20260901,e9ce21c7b59bc711fd15a108e1b2fc6b28b2df9f51750099b1dc46b524524897,dda019b4bd2708fce4d6e383f2c3d37297759bd3,"[""Raf"",""Mek"",""PLCg"",""PIP2"",""PIP3"",""Erk"",""Akt"",""PKA"",""PKC"",""p38"",""JNK""]","[1755,911,723,810,799,848]",1755,4091,5846,"{""data_preprocessing"":""author_log_values; gnies center=True"",""fit_time_limit_seconds"":10800.0,""implementation"":{""files"":{""experiments/run_sachs_roc.py"":""489a8e862120b1f2ef691af58a155cc976e9484bdf397e02146b11c85cf8c932"",""src/sachs_data.py"":""ffb32c1afce83fbefa1c8c3cf15870b59f48777daa76bbcae85c3e463908f311""},""protocol_revision"":2,""sha256"":""205c63b604eeb7a6c6545058fd15789c30d7b05e72d2b6bac2f870fe8de67dc7""},""roc_basis"":""returned_or_deterministic_representative_dag"",""runtime_environment"":{""distributions_sha256"":""68cf7e3ca0e9990911bd854a560a2beec32895d37fe44a26334dc305595bc4e3"",""key_distributions"":{""causaldag"":""0.1a163"",""gies"":""0.0.3"",""gnies"":""0.3.3"",""gurobipy"":""12.0.3"",""numpy"":""1.22.3"",""scikit-learn"":""1.3.2"",""scipy"":""1.11.4""},""python_version"":""3.9.5""},""seed_usage"":""not_applicable_deterministic_package"",""setting"":{""lambda"":2.168378236417798,""lambda_multiplier"":0.25,""setting_id"":""author_logN_x0p25"",""tuning_parameter"":""author_multiplier_times_log_n"",""tuning_value"":0.25},""source"":{""name"":""GnIES"",""url"":""https://github.com/juangamella/gnies"",""version"":""0.3.3""},""threads"":8,""utigsp_protocol_note"":null}",i_cpdag_and_deterministic_consistent_extension,"[[0,0,0,0,1,1,0,0,0,0,0],[1,0,0,0,1,1,0,0,0,0,0],[0,1,0,1,1,0,0,0,0,0,0],[0,0,0,0,1,0,0,1,0,0,0],[0,0,0,0,0,0,0,0,0,0,0],[0,0,0,0,0,0,0,0,0,0,0],[0,0,0,0,0,1,0,0,1,0,0],[0,0,0,0,0,1,1,0,0,0,0],[0,0,0,0,0,0,0,0,0,0,0],[0,0,0,0,0,0,0,0,1,0,1],[0,0,0,0,0,0,0,0,1,0,0]]","[[0,0,0,0,1,1,0,0,0,0,0],[1,0,0,0,1,1,0,0,0,0,0],[0,1,0,1,1,0,0,0,0,0,0],[0,0,0,0,1,0,0,1,0,0,0],[0,0,0,0,0,0,0,0,0,0,0],[0,0,0,0,0,0,0,0,0,0,0],[0,0,0,0,0,1,0,0,1,0,0],[0,0,0,0,0,1,1,0,0,0,0],[0,0,0,0,0,0,0,0,0,0,0],[0,0,0,0,0,0,0,0,1,0,1],[0,0,0,0,0,0,0,0,1,0,0]]","[1,1,1,1,1,1,1,1,1,1,1]",4,13,14,79,0.2222222222222222,0.14130434782608695,9,8,9,29,0.5,0.21621621621621623,,,,52.170417678542435,,-6758.844245955419,,,,,,,,ok,,/gpfs/projects/p32811/micodag-intervenion/experiment_results/sachs/parts/gnies_unknown/setting_02.csv,2,"[[0,0,0,0,1,1,0,0,0,0,0],[1,0,0,0,1,1,0,0,0,0,0],[0,1,0,1,1,0,0,0,0,0,0],[0,0,0,0,1,0,0,1,0,0,0],[0,0,0,0,0,0,0,0,0,0,0],[0,0,0,0,0,0,0,0,0,0,0],[0,0,0,0,0,1,0,0,1,0,0],[0,0,0,0,0,1,1,0,0,0,0],[0,0,0,0,0,0,0,0,0,0,0],[0,0,0,0,0,0,0,0,1,0,1],[0,0,0,0,0,0,0,0,1,0,0]]","[[0,0,0,0,1,1,0,0,0,0,0],[1,0,0,0,1,1,0,0,0,0,0],[0,1,0,1,1,0,0,0,0,0,0],[0,0,0,0,1,0,0,1,0,0,0],[0,0,0,0,0,0,0,0,0,0,0],[0,0,0,0,0,0,0,0,0,0,0],[0,0,0,0,0,1,0,0,1,0,0],[0,0,0,0,0,1,1,0,0,0,0],[0,0,0,0,0,0,0,0,0,0,0],[0,0,0,0,0,0,0,0,1,0,1],[0,0,0,0,0,0,0,0,1,0,0]]","[1,1,1,1,1,1,1,1,1,1,1]",False,4,13,9,8,18,92,18,37
2,1,gnies_unknown,GnIES (unknown targets),2,author_logN_x0p5,author_multiplier_times_log_n,0.5,unknown,20260901,e9ce21c7b59bc711fd15a108e1b2fc6b28b2df9f51750099b1dc46b524524897,dda019b4bd2708fce4d6e383f2c3d37297759bd3,"[""Raf"",""Mek"",""PLCg"",""PIP2"",""PIP3"",""Erk"",""Akt"",""PKA"",""PKC"",""p38"",""JNK""]","[1755,911,723,810,799,848]",1755,4091,5846,"{""data_preprocessing"":""author_log_values; gnies center=True"",""fit_time_limit_seconds"":10800.0,""implementation"":{""files"":{""experiments/run_sachs_roc.py"":""489a8e862120b1f2ef691af58a155cc976e9484bdf397e02146b11c85cf8c932"",""src/sachs_data.py"":""ffb32c1afce83fbefa1c8c3cf15870b59f48777daa76bbcae85c3e463908f311""},""protocol_revision"":2,""sha256"":""205c63b604eeb7a6c6545058fd15789c30d7b05e72d2b6bac2f870fe8de67dc7""},""roc_basis"":""returned_or_deterministic_representative_dag"",""runtime_environment"":{""distributions_sha256"":""68cf7e3ca0e9990911bd854a560a2beec32895d37fe44a26334dc305595bc4e3"",""key_distributions"":{""causaldag"":""0.1a163"",""gies"":""0.0.3"",""gnies"":""0.3.3"",""gurobipy"":""12.0.3"",""numpy"":""1.22.3"",""scikit-learn"":""1.3.2"",""scipy"":""1.11.4""},""python_version"":""3.9.5""},""seed_usage"":""not_applicable_deterministic_package"",""setting"":{""lambda"":4.336756472835596,""lambda_multiplier"":0.5,""setting_id"":""author_logN_x0p5"",""tuning_parameter"":""author_multiplier_times_log_n"",""tuning_value"":0.5},""source"":{""name"":""GnIES"",""url"":""https://github.com/juangamella/gnies"",""version"":""0.3.3""},""threads"":8,""utigsp_protocol_note"":null}",i_cpdag_and_deterministic_consistent_extension,"[[0,0,0,0,0,0,0,0,0,0,0],[1,0,0,0,0,1,0,0,0,0,0],[0,0,0,1,1,0,0,0,0,0,0],[0,0,0,0,1,0,0,0,0,0,0],[0,0,0,0,0,0,0,0,0,0,0],[0,0,0,0,0,0,0,0,0,0,0],[0,0,0,0,0,1,0,0,0,0,0],[0,0,0,0,0,0,1,0,0,0,0],[0,0,0,0,0,0,0,0,0,0,0],[0,0,0,0,0,0,0,0,1,0,1],[0,0,0,0,0,0,0,0,1,0,0]]","[[0,0,0,0,0,0,0,0,0,0,0],[1,0,0,0,0,1,0,0,0,0,0],[0,0,0,1,1,0,0,0,0,0,0],[0,0,0,0,1,0,0,0,0,0,0],[0,0,0,0,0,0,0,0,0,0,0],[0,0,0,0,0,0,0,0,0,0,0],[0,0,0,0,0,1,0,0,0,0,0],[0,0,0,0,0,0,1,0,0,0,0],[0,0,0,0,0,0,0,0,0,0,0],[0,0,0,0,0,0,0,0,1,0,1],[0,0,0,0,0,0,0,0,1,0,0]]","[1,1,1,1,1,1,1,1,1,1,1]",3,7,15,85,0.16666666666666666,0.07608695652173914,8,2,10,35,0.4444444444444444,0.05405405405405406,,,,33.48199851065874,,-6930.808413302817,,,,,,,,ok,,/gpfs/projects/p32811/micodag-intervenion/experiment_results/sachs/parts/gnies_unknown/setting_03.csv,2,"[[0,0,0,0,0,0,0,0,0,0,0],[1,0,0,0,0,1,0,0,0,0,0],[0,0,0,1,1,0,0,0,0,0,0],[0,0,0,0,1,0,0,0,0,0,0],[0,0,0,0,0,0,0,0,0,0,0],[0,0,0,0,0,0,0,0,0,0,0],[0,0,0,0,0,1,0,0,0,0,0],[0,0,0,0,0,0,1,0,0,0,0],[0,0,0,0,0,0,0,0,0,0,0],[0,0,0,0,0,0,0,0,1,0,1],[0,0,0,0,0,0,0,0,1,0,0]]","[[0,0,0,0,0,0,0,0,0,0,0],[1,0,0,0,0,1,0,0,0,0,0],[0,0,0,1,1,0,0,0,0,0,0],[0,0,0,0,1,0,0,0,0,0,0],[0,0,0,0,0,0,0,0,0,0,0],[0,0,0,0,0,0,0,0,0,0,0],[0,0,0,0,0,1,0,0,0,0,0],[0,0,0,0,0,0,1,0,0,0,0],[0,0,0,0,0,0,0,0,0,0,0],[0,0,0,0,0,0,0,0,1,0,1],[0,0,0,0,0,0,0,0,1,0,0]]","[1,1,1,1,1,1,1,1,1,1,1]",False,3,7,8,2,18,92,18,37
2,1,gnies_unknown,GnIES (unknown targets),3,author_logN_x0p75,author_multiplier_times_log_n,0.75,unknown,20260901,e9ce21c7b59bc711fd15a108e1b2fc6b28b2df9f51750099b1dc46b524524897,dda019b4bd2708fce4d6e383f2c3d37297759bd3,"[""Raf"",""Mek"",""PLCg"",""PIP2"",""PIP3"",""Erk"",""Akt"",""PKA"",""PKC"",""p38"",""JNK""]","[1755,911,723,810,799,848]",1755,4091,5846,"{""data_preprocessing"":""author_log_values; gnies center=True"",""fit_time_limit_seconds"":10800.0,""implementation"":{""files"":{""experiments/run_sachs_roc.py"":""489a8e862120b1f2ef691af58a155cc976e9484bdf397e02146b11c85cf8c932"",""src/sachs_data.py"":""ffb32c1afce83fbefa1c8c3cf15870b59f48777daa76bbcae85c3e463908f311""},""protocol_revision"":2,""sha256"":""205c63b604eeb7a6c6545058fd15789c30d7b05e72d2b6bac2f870fe8de67dc7""},""roc_basis"":""returned_or_deterministic_representative_dag"",""runtime_environment"":{""distributions_sha256"":""68cf7e3ca0e9990911bd854a560a2beec32895d37fe44a26334dc305595bc4e3"",""key_distributions"":{""causaldag"":""0.1a163"",""gies"":""0.0.3"",""gnies"":""0.3.3"",""gurobipy"":""12.0.3"",""numpy"":""1.22.3"",""scikit-learn"":""1.3.2"",""scipy"":""1.11.4""},""python_version"":""3.9.5""},""seed_usage"":""not_applicable_deterministic_package"",""setting"":{""lambda"":6.505134709253394,""lambda_multiplier"":0.75,""setting_id"":""author_logN_x0p75"",""tuning_parameter"":""author_multiplier_times_log_n"",""tuning_value"":0.75},""source"":{""name"":""GnIES"",""url"":""https://github.com/juangamella/gnies"",""version"":""0.3.3""},""threads"":8,""utigsp_protocol_note"":null}",i_cpdag_and_deterministic_consistent_extension,"[[0,0,0,0,0,0,0,0,0,0,0],[1,0,0,0,0,1,0,0,0,0,0],[0,0,0,1,1,0,0,0,0,0,0],[0,0,0,0,1,0,0,0,0,0,0],[0,0,0,0,0,0,0,0,0,0,0],[0,0,0,0,0,0,0,0,0,0,0],[0,0,0,0,0,1,0,0,0,0,0],[0,0,0,0,0,0,1,0,0,0,0],[0,0,0,0,0,0,0,0,0,0,0],[0,0,0,0,0,0,0,0,1,0,1],[0,0,0,0,0,0,0,0,1,0,0]]","[[0,0,0,0,0,0,0,0,0,0,0],[1,0,0,0,0,1,0,0,0,0,0],[0,0,0,1,1,0,0,0,0,0,0],[0,0,0,0,1,0,0,0,0,0,0],[0,0,0,0,0,0,0,0,0,0,0],[0,0,0,0,0,0,0,0,0,0,0],[0,0,0,0,0,1,0,0,0,0,0],[0,0,0,0,0,0,1,0,0,0,0],[0,0,0,0,0,0,0,0,0,0,0],[0,0,0,0,0,0,0,0,1,0,1],[0,0,0,0,0,0,0,0,1,0,0]]","[1,1,1,1,0,1,1,1,1,1,1]",3,7,15,85,0.16666666666666666,0.07608695652173914,8,2,10,35,0.4444444444444444,0.05405405405405406,,,,30.571973396465182,,-7091.526650540191,,,,,,,,ok,,/gpfs/projects/p32811/micodag-intervenion/experiment_results/sachs/parts/gnies_unknown/setting_04.csv,2,"[[0,0,0,0,0,0,0,0,0,0,0],[1,0,0,0,0,1,0,0,0,0,0],[0,0,0,1,1,0,0,0,0,0,0],[0,0,0,0,1,0,0,0,0,0,0],[0,0,0,0,0,0,0,0,0,0,0],[0,0,0,0,0,0,0,0,0,0,0],[0,0,0,0,0,1,0,0,0,0,0],[0,0,0,0,0,0,1,0,0,0,0],[0,0,0,0,0,0,0,0,0,0,0],[0,0,0,0,0,0,0,0,1,0,1],[0,0,0,0,0,0,0,0,1,0,0]]","[[0,0,0,0,0,0,0,0,0,0,0],[1,0,0,0,0,1,0,0,0,0,0],[0,0,0,1,1,0,0,0,0,0,0],[0,0,0,0,1,0,0,0,0,0,0],[0,0,0,0,0,0,0,0,0,0,0],[0,0,0,0,0,0,0,0,0,0,0],[0,0,0,0,0,1,0,0,0,0,0],[0,0,0,0,0,0,1,0,0,0,0],[0,0,0,0,0,0,0,0,0,0,0],[0,0,0,0,0,0,0,0,1,0,1],[0,0,0,0,0,0,0,0,1,0,0]]","[1,1,1,1,0,1,1,1,1,1,1]",False,3,7,8,2,18,92,18,37
2,1,gnies_unknown,GnIES (unknown targets),4,author_logN_x1,author_multiplier_times_log_n,1.0,unknown,20260901,e9ce21c7b59bc711fd15a108e1b2fc6b28b2df9f51750099b1dc46b524524897,dda019b4bd2708fce4d6e383f2c3d37297759bd3,"[""Raf"",""Mek"",""PLCg"",""PIP2"",""PIP3"",""Erk"",""Akt"",""PKA"",""PKC"",""p38"",""JNK""]","[1755,911,723,810,799,848]",1755,4091,5846,"{""data_preprocessing"":""author_log_values; gnies center=True"",""fit_time_limit_seconds"":10800.0,""implementation"":{""files"":{""experiments/run_sachs_roc.py"":""489a8e862120b1f2ef691af58a155cc976e9484bdf397e02146b11c85cf8c932"",""src/sachs_data.py"":""ffb32c1afce83fbefa1c8c3cf15870b59f48777daa76bbcae85c3e463908f311""},""protocol_revision"":2,""sha256"":""205c63b604eeb7a6c6545058fd15789c30d7b05e72d2b6bac2f870fe8de67dc7""},""roc_basis"":""returned_or_deterministic_representative_dag"",""runtime_environment"":{""distributions_sha256"":""68cf7e3ca0e9990911bd854a560a2beec32895d37fe44a26334dc305595bc4e3"",""key_distributions"":{""causaldag"":""0.1a163"",""gies"":""0.0.3"",""gnies"":""0.3.3"",""gurobipy"":""12.0.3"",""numpy"":""1.22.3"",""scikit-learn"":""1.3.2"",""scipy"":""1.11.4""},""python_version"":""3.9.5""},""seed_usage"":""not_applicable_deterministic_package"",""setting"":{""lambda"":8.673512945671192,""lambda_multiplier"":1.0,""setting_id"":""author_logN_x1"",""tuning_parameter"":""author_multiplier_times_log_n"",""tuning_value"":1.0},""source"":{""name"":""GnIES"",""url"":""https://github.com/juangamella/gnies"",""version"":""0.3.3""},""threads"":8,""utigsp_protocol_note"":null}",i_cpdag_and_deterministic_consistent_extension,"[[0,0,0,0,0,0,0,0,0,0,0],[1,0,0,0,0,0,0,0,0,0,0],[0,0,0,1,1,0,0,0,0,0,0],[0,0,0,0,1,0,0,0,0,0,0],[0,0,0,0,0,0,0,0,0,0,0],[0,0,0,0,0,0,0,0,0,0,0],[0,0,0,0,0,1,0,0,0,0,0],[0,0,0,0,0,0,1,0,0,0,0],[0,0,0,0,0,0,0,0,0,0,0],[0,0,0,0,0,0,0,0,1,0,1],[0,0,0,0,0,0,0,0,1,0,0]]","[[0,0,0,0,0,0,0,0,0,0,0],[1,0,0,0,0,0,0,0,0,0,0],[0,0,0,1,1,0,0,0,0,0,0],[0,0,0,0,1,0,0,0,0,0,0],[0,0,0,0,0,0,0,0,0,0,0],[0,0,0,0,0,0,0,0,0,0,0],[0,0,0,0,0,1,0,0,0,0,0],[0,0,0,0,0,0,1,0,0,0,0],[0,0,0,0,0,0,0,0,0,0,0],[0,0,0,0,0,0,0,0,1,0,1],[0,0,0,0,0,0,0,0,1,0,0]]","[1,1,0,1,0,1,1,1,1,1,1]",2,7,16,85,0.1111111111111111,0.07608695652173914,7,2,11,35,0.3888888888888889,0.05405405405405406,,,,33.62061774358153,,-7240.076668145316,,,,,,,,ok,,/gpfs/projects/p32811/micodag-intervenion/experiment_results/sachs/parts/gnies_unknown/setting_05.csv,2,"[[0,0,0,0,0,0,0,0,0,0,0],[1,0,0,0,0,0,0,0,0,0,0],[0,0,0,1,1,0,0,0,0,0,0],[0,0,0,0,1,0,0,0,0,0,0],[0,0,0,0,0,0,0,0,0,0,0],[0,0,0,0,0,0,0,0,0,0,0],[0,0,0,0,0,1,0,0,0,0,0],[0,0,0,0,0,0,1,0,0,0,0],[0,0,0,0,0,0,0,0,0,0,0],[0,0,0,0,0,0,0,0,1,0,1],[0,0,0,0,0,0,0,0,1,0,0]]","[[0,0,0,0,0,0,0,0,0,0,0],[1,0,0,0,0,0,0,0,0,0,0],[0,0,0,1,1,0,0,0,0,0,0],[0,0,0,0,1,0,0,0,0,0,0],[0,0,0,0,0,0,0,0,0,0,0],[0,0,0,0,0,0,0,0,0,0,0],[0,0,0,0,0,1,0,0,0,0,0],[0,0,0,0,0,0,1,0,0,0,0],[0,0,0,0,0,0,0,0,0,0,0],[0,0,0,0,0,0,0,0,1,0,1],[0,0,0,0,0,0,0,0,1,0,0]]","[1,1,0,1,0,1,1,1,1,1,1]",False,2,7,7,2,18,92,18,37
2,1,gnies_unknown,GnIES (unknown targets),5,author_logN_x2,author_multiplier_times_log_n,2.0,unknown,20260901,e9ce21c7b59bc711fd15a108e1b2fc6b28b2df9f51750099b1dc46b524524897,dda019b4bd2708fce4d6e383f2c3d37297759bd3,"[""Raf"",""Mek"",""PLCg"",""PIP2"",""PIP3"",""Erk"",""Akt"",""PKA"",""PKC"",""p38"",""JNK""]","[1755,911,723,810,799,848]",1755,4091,5846,"{""data_preprocessing"":""author_log_values; gnies center=True"",""fit_time_limit_seconds"":10800.0,""implementation"":{""files"":{""experiments/run_sachs_roc.py"":""489a8e862120b1f2ef691af58a155cc976e9484bdf397e02146b11c85cf8c932"",""src/sachs_data.py"":""ffb32c1afce83fbefa1c8c3cf15870b59f48777daa76bbcae85c3e463908f311""},""protocol_revision"":2,""sha256"":""205c63b604eeb7a6c6545058fd15789c30d7b05e72d2b6bac2f870fe8de67dc7""},""roc_basis"":""returned_or_deterministic_representative_dag"",""runtime_environment"":{""distributions_sha256"":""68cf7e3ca0e9990911bd854a560a2beec32895d37fe44a26334dc305595bc4e3"",""key_distributions"":{""causaldag"":""0.1a163"",""gies"":""0.0.3"",""gnies"":""0.3.3"",""gurobipy"":""12.0.3"",""numpy"":""1.22.3"",""scikit-learn"":""1.3.2"",""scipy"":""1.11.4""},""python_version"":""3.9.5""},""seed_usage"":""not_applicable_deterministic_package"",""setting"":{""lambda"":17.347025891342383,""lambda_multiplier"":2.0,""setting_id"":""author_logN_x2"",""tuning_parameter"":""author_multiplier_times_log_n"",""tuning_value"":2.0},""source"":{""name"":""GnIES"",""url"":""https://github.com/juangamella/gnies"",""version"":""0.3.3""},""threads"":8,""utigsp_protocol_note"":null}",i_cpdag_and_deterministic_consistent_extension,"[[0,0,0,0,0,0,0,0,0,0,0],[1,0,0,0,0,0,0,0,0,0,0],[0,0,0,1,1,0,0,0,0,0,0],[0,0,0,0,1,0,0,0,0,0,0],[0,0,0,0,0,0,0,0,0,0,0],[0,0,0,0,0,0,0,0,0,0,0],[0,0,0,0,0,1,0,1,0,0,0],[0,0,0,0,0,0,0,0,0,0,0],[0,0,0,0,0,0,0,0,0,0,0],[0,0,0,0,0,0,0,0,1,0,1],[0,0,0,0,0,0,0,0,1,0,0]]","[[0,0,0,0,0,0,0,0,0,0,0],[1,0,0,0,0,0,0,0,0,0,0],[0,0,0,1,1,0,0,0,0,0,0],[0,0,0,0,1,0,0,0,0,0,0],[0,0,0,0,0,0,0,0,0,0,0],[0,0,0,0,0,0,0,0,0,0,0],[0,0,0,0,0,1,0,1,0,0,0],[0,0,0,0,0,0,0,0,0,0,0],[0,0,0,0,0,0,0,0,0,0,0],[0,0,0,0,0,0,0,0,1,0,1],[0,0,0,0,0,0,0,0,1,0,0]]","[1,1,0,1,0,1,0,1,1,1,0]",1,8,17,84,0.05555555555555555,0.08695652173913043,7,2,11,35,0.3888888888888889,0.05405405405405406,,,,28.092591137625277,,-7735.083423199522,,,,,,,,ok,,/gpfs/projects/p32811/micodag-intervenion/experiment_results/sachs/parts/gnies_unknown/setting_06.csv,2,"[[0,0,0,0,0,0,0,0,0,0,0],[1,0,0,0,0,0,0,0,0,0,0],[0,0,0,1,1,0,0,0,0,0,0],[0,0,0,0,1,0,0,0,0,0,0],[0,0,0,0,0,0,0,0,0,0,0],[0,0,0,0,0,0,0,0,0,0,0],[0,0,0,0,0,1,0,1,0,0,0],[0,0,0,0,0,0,0,0,0,0,0],[0,0,0,0,0,0,0,0,0,0,0],[0,0,0,0,0,0,0,0,1,0,1],[0,0,0,0,0,0,0,0,1,0,0]]","[[0,0,0,0,0,0,0,0,0,0,0],[1,0,0,0,0,0,0,0,0,0,0],[0,0,0,1,1,0,0,0,0,0,0],[0,0,0,0,1,0,0,0,0,0,0],[0,0,0,0,0,0,0,0,0,0,0],[0,0,0,0,0,0,0,0,0,0,0],[0,0,0,0,0,1,0,1,0,0,0],[0,0,0,0,0,0,0,0,0,0,0],[0,0,0,0,0,0,0,0,0,0,0],[0,0,0,0,0,0,0,0,1,0,1],[0,0,0,0,0,0,0,0,1,0,0]]","[1,1,0,1,0,1,0,1,1,1,0]",False,1,8,7,2,18,92,18,37
2,1,utigsp_intended,UT-IGSP (intended targets supplied),0,alpha_0p1,conditional_independence_alpha,0.1,intended_targets_known_present,20260901,e9ce21c7b59bc711fd15a108e1b2fc6b28b2df9f51750099b1dc46b524524897,dda019b4bd2708fce4d6e383f2c3d37297759bd3,"[""Raf"",""Mek"",""PLCg"",""PIP2"",""PIP3"",""Erk"",""Akt"",""PKA"",""PKC"",""p38"",""JNK""]","[1755,911,723,810,799,848]",1755,4091,5846,"{""data_preprocessing"":""author_log_values; tests handle centering internally"",""fit_time_limit_seconds"":3600.0,""implementation"":{""files"":{""UTIGSP.py"":""3973f67e884621c5a01f640fbb8fa1cf5d74c185e1fe9b18177c63b857894572"",""experiments/run_sachs_roc.py"":""489a8e862120b1f2ef691af58a155cc976e9484bdf397e02146b11c85cf8c932"",""src/sachs_data.py"":""ffb32c1afce83fbefa1c8c3cf15870b59f48777daa76bbcae85c3e463908f311"",""src/utils.py"":""f01793e8b6d3c43caa8183bbf4fe3a1837d3de10e01d304e842bcfada449e153""},""protocol_revision"":2,""sha256"":""8dae0133348240b02042031c9842e7085d8928f0df153897e6a0c8359fb45d08""},""roc_basis"":""returned_or_deterministic_representative_dag"",""runtime_environment"":{""distributions_sha256"":""9c7a4a5cb7f6697a085b6d58d0d66c4e250a3d6ca85f10964dbf36997f07634f"",""key_distributions"":{""causaldag"":""0.1a163"",""gies"":""0.0.3"",""gnies"":""0.3.2"",""gurobipy"":""12.0.3"",""numpy"":""1.22.3"",""scikit-learn"":""1.3.2"",""scipy"":""1.11.4""},""python_version"":""3.9.5""},""seed_usage"":""python_and_numpy_search_initialization"",""setting"":{""alpha"":0.1,""alpha_inv"":1e-20,""setting_id"":""alpha_0p1"",""tuning_parameter"":""conditional_independence_alpha"",""tuning_value"":0.1},""source"":{""name"":""UT-IGSP"",""url"":""https://github.com/uhlerlab/causaldag"",""version"":""0.1a163""},""threads"":8,""utigsp_protocol_note"":""modern Gaussian-invariance adapter with alpha_inv=1e-20; the public paper-era code/result provenance is internally inconsistent""}",dag_and_i_cpdag,"[[0,1,0,0,0,0,0,0,0,1,0],[0,0,0,0,0,0,1,0,0,0,0],[0,1,0,1,1,0,0,0,0,1,1],[0,1,0,0,0,0,1,0,0,0,1],[0,1,0,1,0,0,0,0,0,0,1],[0,0,0,0,0,0,1,1,0,0,0],[0,0,0,0,0,0,0,0,0,0,0],[0,1,1,1,1,0,1,0,0,0,0],[0,0,0,0,0,0,0,0,0,0,0],[0,0,0,0,0,0,0,0,1,0,0],[0,0,0,0,0,0,0,0,1,1,0]]","[[0,1,0,0,0,0,0,0,0,1,0],[0,0,0,0,0,0,1,0,0,0,0],[0,1,0,1,1,0,0,0,0,1,1],[0,1,0,0,0,0,1,0,0,0,1],[0,1,0,1,0,0,0,0,0,0,1],[0,0,0,0,0,0,1,1,0,0,0],[0,0,0,0,0,0,0,0,0,0,0],[0,1,1,1,1,0,1,0,0,0,0],[0,0,0,0,0,0,0,0,0,0,0],[0,0,0,0,0,0,0,0,1,0,0],[0,0,0,0,0,0,0,0,1,1,0]]","[[0,1,1,0,1,0,1,0,1,1,1],[1,1,1,1,1,1,1,1,1,1,1],[0,1,1,1,0,0,0,0,0,0,0],[1,1,0,0,0,1,1,1,1,0,1],[0,1,1,0,1,1,0,0,1,0,1]]",5,19,13,73,0.2777777777777778,0.20652173913043478,9,15,9,22,0.5,0.40540540540540543,,,,14.150838473811746,,,,,,,,,,ok,,/gpfs/projects/p32811/micodag-intervenion/experiment_results/sachs/parts/utigsp_intended/setting_01.csv,2,"[[0,1,0,0,0,0,0,0,0,1,0],[0,0,0,0,0,0,1,0,0,0,0],[0,1,0,1,1,0,0,0,0,1,1],[0,1,0,0,0,0,1,0,0,0,1],[0,1,0,1,0,0,0,0,0,0,1],[0,0,0,0,0,0,1,1,0,0,0],[0,0,0,0,0,0,0,0,0,0,0],[0,1,1,1,1,0,1,0,0,0,0],[0,0,0,0,0,0,0,0,0,0,0],[0,0,0,0,0,0,0,0,1,0,0],[0,0,0,0,0,0,0,0,1,1,0]]","[[0,1,0,0,0,0,0,0,0,1,0],[0,0,0,0,0,0,1,0,0,0,0],[0,1,0,1,1,0,0,0,0,1,1],[0,1,0,0,0,0,1,0,0,0,1],[0,1,0,1,0,0,0,0,0,0,1],[0,0,0,0,0,0,1,1,0,0,0],[0,0,0,0,0,0,0,0,0,0,0],[0,1,1,1,1,0,1,0,0,0,0],[0,0,0,0,0,0,0,0,0,0,0],[0,0,0,0,0,0,0,0,1,0,0],[0,0,0,0,0,0,0,0,1,1,0]]","[[0,1,1,0,1,0,1,0,1,1,1],[1,1,1,1,1,1,1,1,1,1,1],[0,1,1,1,0,0,0,0,0,0,0],[1,1,0,0,0,1,1,1,1,0,1],[0,1,1,0,1,1,0,0,1,0,1]]",False,5,19,9,15,18,92,18,37
2,1,utigsp_intended,UT-IGSP (intended targets supplied),1,alpha_0p01,conditional_independence_alpha,0.01,intended_targets_known_present,20260901,e9ce21c7b59bc711fd15a108e1b2fc6b28b2df9f51750099b1dc46b524524897,dda019b4bd2708fce4d6e383f2c3d37297759bd3,"[""Raf"",""Mek"",""PLCg"",""PIP2"",""PIP3"",""Erk"",""Akt"",""PKA"",""PKC"",""p38"",""JNK""]","[1755,911,723,810,799,848]",1755,4091,5846,"{""data_preprocessing"":""author_log_values; tests handle centering internally"",""fit_time_limit_seconds"":3600.0,""implementation"":{""files"":{""UTIGSP.py"":""3973f67e884621c5a01f640fbb8fa1cf5d74c185e1fe9b18177c63b857894572"",""experiments/run_sachs_roc.py"":""489a8e862120b1f2ef691af58a155cc976e9484bdf397e02146b11c85cf8c932"",""src/sachs_data.py"":""ffb32c1afce83fbefa1c8c3cf15870b59f48777daa76bbcae85c3e463908f311"",""src/utils.py"":""f01793e8b6d3c43caa8183bbf4fe3a1837d3de10e01d304e842bcfada449e153""},""protocol_revision"":2,""sha256"":""8dae0133348240b02042031c9842e7085d8928f0df153897e6a0c8359fb45d08""},""roc_basis"":""returned_or_deterministic_representative_dag"",""runtime_environment"":{""distributions_sha256"":""9c7a4a5cb7f6697a085b6d58d0d66c4e250a3d6ca85f10964dbf36997f07634f"",""key_distributions"":{""causaldag"":""0.1a163"",""gies"":""0.0.3"",""gnies"":""0.3.2"",""gurobipy"":""12.0.3"",""numpy"":""1.22.3"",""scikit-learn"":""1.3.2"",""scipy"":""1.11.4""},""python_version"":""3.9.5""},""seed_usage"":""python_and_numpy_search_initialization"",""setting"":{""alpha"":0.01,""alpha_inv"":1e-20,""setting_id"":""alpha_0p01"",""tuning_parameter"":""conditional_independence_alpha"",""tuning_value"":0.01},""source"":{""name"":""UT-IGSP"",""url"":""https://github.com/uhlerlab/causaldag"",""version"":""0.1a163""},""threads"":8,""utigsp_protocol_note"":""modern Gaussian-invariance adapter with alpha_inv=1e-20; the public paper-era code/result provenance is internally inconsistent""}",dag_and_i_cpdag,"[[0,1,0,0,0,0,0,1,0,0,0],[0,0,0,0,0,0,0,1,0,0,0],[0,1,0,1,1,0,0,0,0,0,0],[0,1,0,0,0,0,0,1,0,0,0],[0,1,0,1,0,0,0,1,0,0,0],[0,0,0,0,0,0,0,0,0,0,0],[0,0,0,0,0,1,0,0,0,0,0],[0,0,0,0,0,1,1,0,0,0,0],[0,0,0,0,0,0,0,0,0,1,0],[0,0,0,0,0,0,0,0,0,0,1],[0,0,0,0,0,0,0,0,0,0,0]]","[[0,1,0,0,0,0,0,1,0,0,0],[0,0,0,0,0,0,0,1,0,0,0],[0,1,0,1,1,0,0,0,0,0,0],[0,1,0,0,0,0,0,1,0,0,0],[0,1,0,1,0,0,0,1,0,0,0],[0,0,0,0,0,0,0,0,0,0,0],[0,0,0,0,0,1,0,0,0,0,0],[0,0,0,0,0,1,1,0,0,0,0],[0,0,0,0,0,0,0,0,0,1,0],[0,0,0,0,0,0,0,0,0,0,1],[0,0,0,0,0,0,0,0,0,0,0]]","[[0,1,1,0,1,1,1,0,0,1,1],[1,1,1,1,1,1,1,1,1,1,1],[0,1,1,1,0,0,1,0,0,0,0],[1,1,1,0,0,1,1,1,1,1,1],[0,1,1,0,1,0,1,0,0,0,1]]",6,10,12,82,0.3333333333333333,0.10869565217391304,9,7,9,30,0.5,0.1891891891891892,,,,14.86990450322628,,,,,,,,,,ok,,/gpfs/projects/p32811/micodag-intervenion/experiment_results/sachs/parts/utigsp_intended/setting_02.csv,2,"[[0,1,0,0,0,0,0,1,0,0,0],[0,0,0,0,0,0,0,1,0,0,0],[0,1,0,1,1,0,0,0,0,0,0],[0,1,0,0,0,0,0,1,0,0,0],[0,1,0,1,0,0,0,1,0,0,0],[0,0,0,0,0,0,0,0,0,0,0],[0,0,0,0,0,1,0,0,0,0,0],[0,0,0,0,0,1,1,0,0,0,0],[0,0,0,0,0,0,0,0,0,1,0],[0,0,0,0,0,0,0,0,0,0,1],[0,0,0,0,0,0,0,0,0,0,0]]","[[0,1,0,0,0,0,0,1,0,0,0],[0,0,0,0,0,0,0,1,0,0,0],[0,1,0,1,1,0,0,0,0,0,0],[0,1,0,0,0,0,0,1,0,0,0],[0,1,0,1,0,0,0,1,0,0,0],[0,0,0,0,0,0,0,0,0,0,0],[0,0,0,0,0,1,0,0,0,0,0],[0,0,0,0,0,1,1,0,0,0,0],[0,0,0,0,0,0,0,0,0,1,0],[0,0,0,0,0,0,0,0,0,0,1],[0,0,0,0,0,0,0,0,0,0,0]]","[[0,1,1,0,1,1,1,0,0,1,1],[1,1,1,1,1,1,1,1,1,1,1],[0,1,1,1,0,0,1,0,0,0,0],[1,1,1,0,0,1,1,1,1,1,1],[0,1,1,0,1,0,1,0,0,0,1]]",False,6,10,9,7,18,92,18,37
2,1,utigsp_intended,UT-IGSP (intended targets supplied),2,alpha_0p001,conditional_independence_alpha,0.001,intended_targets_known_present,20260901,e9ce21c7b59bc711fd15a108e1b2fc6b28b2df9f51750099b1dc46b524524897,dda019b4bd2708fce4d6e383f2c3d37297759bd3,"[""Raf"",""Mek"",""PLCg"",""PIP2"",""PIP3"",""Erk"",""Akt"",""PKA"",""PKC"",""p38"",""JNK""]","[1755,911,723,810,799,848]",1755,4091,5846,"{""data_preprocessing"":""author_log_values; tests handle centering internally"",""fit_time_limit_seconds"":3600.0,""implementation"":{""files"":{""UTIGSP.py"":""3973f67e884621c5a01f640fbb8fa1cf5d74c185e1fe9b18177c63b857894572"",""experiments/run_sachs_roc.py"":""489a8e862120b1f2ef691af58a155cc976e9484bdf397e02146b11c85cf8c932"",""src/sachs_data.py"":""ffb32c1afce83fbefa1c8c3cf15870b59f48777daa76bbcae85c3e463908f311"",""src/utils.py"":""f01793e8b6d3c43caa8183bbf4fe3a1837d3de10e01d304e842bcfada449e153""},""protocol_revision"":2,""sha256"":""8dae0133348240b02042031c9842e7085d8928f0df153897e6a0c8359fb45d08""},""roc_basis"":""returned_or_deterministic_representative_dag"",""runtime_environment"":{""distributions_sha256"":""9c7a4a5cb7f6697a085b6d58d0d66c4e250a3d6ca85f10964dbf36997f07634f"",""key_distributions"":{""causaldag"":""0.1a163"",""gies"":""0.0.3"",""gnies"":""0.3.2"",""gurobipy"":""12.0.3"",""numpy"":""1.22.3"",""scikit-learn"":""1.3.2"",""scipy"":""1.11.4""},""python_version"":""3.9.5""},""seed_usage"":""python_and_numpy_search_initialization"",""setting"":{""alpha"":0.001,""alpha_inv"":1e-20,""setting_id"":""alpha_0p001"",""tuning_parameter"":""conditional_independence_alpha"",""tuning_value"":0.001},""source"":{""name"":""UT-IGSP"",""url"":""https://github.com/uhlerlab/causaldag"",""version"":""0.1a163""},""threads"":8,""utigsp_protocol_note"":""modern Gaussian-invariance adapter with alpha_inv=1e-20; the public paper-era code/result provenance is internally inconsistent""}",dag_and_i_cpdag,"[[0,0,0,0,1,0,0,0,0,0,0],[1,0,0,0,1,0,0,1,0,0,0],[0,0,0,0,0,0,0,0,0,0,0],[0,0,1,0,1,0,0,1,0,0,0],[0,0,0,0,0,0,0,1,0,0,0],[0,0,0,0,0,0,0,0,0,0,0],[0,0,0,0,0,1,0,0,0,0,0],[0,0,0,0,0,1,1,0,0,0,0],[0,0,0,0,0,0,0,0,0,1,0],[0,0,0,0,0,0,0,0,0,0,1],[0,0,0,0,0,0,0,0,0,0,0]]","[[0,0,0,0,1,0,0,0,0,0,0],[1,0,0,0,1,0,0,1,0,0,0],[0,0,0,0,0,0,0,0,0,0,0],[0,0,1,0,1,0,0,1,0,0,0],[0,0,0,0,0,0,0,1,0,0,0],[0,0,0,0,0,0,0,0,0,0,0],[0,0,0,0,0,1,0,0,0,0,0],[0,0,0,0,0,1,1,0,0,0,0],[0,0,0,0,0,0,0,0,0,1,0],[0,0,0,0,0,0,0,0,0,0,1],[0,0,0,0,0,0,0,0,0,0,0]]","[[1,0,1,1,1,1,1,0,0,1,1],[1,1,1,1,1,1,1,1,1,1,1],[1,0,1,1,1,0,1,0,0,0,0],[1,1,0,0,0,1,1,1,1,1,1],[1,0,1,0,1,0,1,0,0,0,1]]",3,10,15,82,0.16666666666666666,0.10869565217391304,7,6,11,31,0.3888888888888889,0.16216216216216217,,,,14.118410381488502,,,,,,,,,,ok,,/gpfs/projects/p32811/micodag-intervenion/experiment_results/sachs/parts/utigsp_intended/setting_03.csv,2,"[[0,0,0,0,1,0,0,0,0,0,0],[1,0,0,0,1,0,0,1,0,0,0],[0,0,0,0,0,0,0,0,0,0,0],[0,0,1,0,1,0,0,1,0,0,0],[0,0,0,0,0,0,0,1,0,0,0],[0,0,0,0,0,0,0,0,0,0,0],[0,0,0,0,0,1,0,0,0,0,0],[0,0,0,0,0,1,1,0,0,0,0],[0,0,0,0,0,0,0,0,0,1,0],[0,0,0,0,0,0,0,0,0,0,1],[0,0,0,0,0,0,0,0,0,0,0]]","[[0,0,0,0,1,0,0,0,0,0,0],[1,0,0,0,1,0,0,1,0,0,0],[0,0,0,0,0,0,0,0,0,0,0],[0,0,1,0,1,0,0,1,0,0,0],[0,0,0,0,0,0,0,1,0,0,0],[0,0,0,0,0,0,0,0,0,0,0],[0,0,0,0,0,1,0,0,0,0,0],[0,0,0,0,0,1,1,0,0,0,0],[0,0,0,0,0,0,0,0,0,1,0],[0,0,0,0,0,0,0,0,0,0,1],[0,0,0,0,0,0,0,0,0,0,0]]","[[1,0,1,1,1,1,1,0,0,1,1],[1,1,1,1,1,1,1,1,1,1,1],[1,0,1,1,1,0,1,0,0,0,0],[1,1,0,0,0,1,1,1,1,1,1],[1,0,1,0,1,0,1,0,0,0,1]]",False,3,10,7,6,18,92,18,37
2,1,utigsp_intended,UT-IGSP (intended targets supplied),3,alpha_0p2,conditional_independence_alpha,0.2,intended_targets_known_present,20260901,e9ce21c7b59bc711fd15a108e1b2fc6b28b2df9f51750099b1dc46b524524897,dda019b4bd2708fce4d6e383f2c3d37297759bd3,"[""Raf"",""Mek"",""PLCg"",""PIP2"",""PIP3"",""Erk"",""Akt"",""PKA"",""PKC"",""p38"",""JNK""]","[1755,911,723,810,799,848]",1755,4091,5846,"{""data_preprocessing"":""author_log_values; tests handle centering internally"",""fit_time_limit_seconds"":3600.0,""implementation"":{""files"":{""UTIGSP.py"":""3973f67e884621c5a01f640fbb8fa1cf5d74c185e1fe9b18177c63b857894572"",""experiments/run_sachs_roc.py"":""489a8e862120b1f2ef691af58a155cc976e9484bdf397e02146b11c85cf8c932"",""src/sachs_data.py"":""ffb32c1afce83fbefa1c8c3cf15870b59f48777daa76bbcae85c3e463908f311"",""src/utils.py"":""f01793e8b6d3c43caa8183bbf4fe3a1837d3de10e01d304e842bcfada449e153""},""protocol_revision"":2,""sha256"":""8dae0133348240b02042031c9842e7085d8928f0df153897e6a0c8359fb45d08""},""roc_basis"":""returned_or_deterministic_representative_dag"",""runtime_environment"":{""distributions_sha256"":""9c7a4a5cb7f6697a085b6d58d0d66c4e250a3d6ca85f10964dbf36997f07634f"",""key_distributions"":{""causaldag"":""0.1a163"",""gies"":""0.0.3"",""gnies"":""0.3.2"",""gurobipy"":""12.0.3"",""numpy"":""1.22.3"",""scikit-learn"":""1.3.2"",""scipy"":""1.11.4""},""python_version"":""3.9.5""},""seed_usage"":""python_and_numpy_search_initialization"",""setting"":{""alpha"":0.2,""alpha_inv"":1e-20,""setting_id"":""alpha_0p2"",""tuning_parameter"":""conditional_independence_alpha"",""tuning_value"":0.2},""source"":{""name"":""UT-IGSP"",""url"":""https://github.com/uhlerlab/causaldag"",""version"":""0.1a163""},""threads"":8,""utigsp_protocol_note"":""modern Gaussian-invariance adapter with alpha_inv=1e-20; the public paper-era code/result provenance is internally inconsistent""}",dag_and_i_cpdag,"[[0,1,0,0,0,1,0,0,0,0,0],[0,0,0,0,0,0,1,0,0,0,0],[0,1,0,1,1,0,0,1,1,0,1],[0,1,0,0,0,1,1,0,0,0,1],[1,1,0,1,0,1,1,1,0,0,1],[0,0,0,0,0,0,1,0,0,0,0],[0,0,0,0,0,0,0,0,0,0,0],[0,1,0,1,0,1,1,0,0,0,0],[0,0,0,0,0,0,0,0,0,0,0],[1,0,1,0,0,1,0,0,1,0,1],[0,0,0,0,0,0,0,0,1,0,0]]","[[0,1,0,0,0,1,0,0,0,0,0],[0,0,0,0,0,0,1,0,0,0,0],[0,1,0,1,1,0,0,1,1,0,1],[0,1,0,0,0,1,1,0,0,0,1],[1,1,0,1,0,1,1,1,0,0,1],[0,0,0,0,0,0,1,0,0,0,0],[0,0,0,0,0,0,0,0,0,0,0],[0,1,0,1,0,1,1,0,0,0,0],[0,0,0,0,0,0,0,0,0,0,0],[1,0,1,0,0,1,0,0,1,0,1],[0,0,0,0,0,0,0,0,1,0,0]]","[[0,1,1,0,1,0,1,0,1,1,1],[1,1,1,1,1,1,1,1,1,1,0],[0,1,1,1,0,0,0,0,0,1,0],[1,1,0,0,0,1,1,1,1,0,1],[0,1,1,0,1,1,0,0,1,0,1]]",8,23,10,69,0.4444444444444444,0.25,11,20,7,17,0.6111111111111112,0.5405405405405406,,,,13.929902986623347,,,,,,,,,,ok,,/gpfs/projects/p32811/micodag-intervenion/experiment_results/sachs/parts/utigsp_intended/setting_04.csv,2,"[[0,1,0,0,0,1,0,0,0,0,0],[0,0,0,0,0,0,1,0,0,0,0],[0,1,0,1,1,0,0,1,1,0,1],[0,1,0,0,0,1,1,0,0,0,1],[1,1,0,1,0,1,1,1,0,0,1],[0,0,0,0,0,0,1,0,0,0,0],[0,0,0,0,0,0,0,0,0,0,0],[0,1,0,1,0,1,1,0,0,0,0],[0,0,0,0,0,0,0,0,0,0,0],[1,0,1,0,0,1,0,0,1,0,1],[0,0,0,0,0,0,0,0,1,0,0]]","[[0,1,0,0,0,1,0,0,0,0,0],[0,0,0,0,0,0,1,0,0,0,0],[0,1,0,1,1,0,0,1,1,0,1],[0,1,0,0,0,1,1,0,0,0,1],[1,1,0,1,0,1,1,1,0,0,1],[0,0,0,0,0,0,1,0,0,0,0],[0,0,0,0,0,0,0,0,0,0,0],[0,1,0,1,0,1,1,0,0,0,0],[0,0,0,0,0,0,0,0,0,0,0],[1,0,1,0,0,1,0,0,1,0,1],[0,0,0,0,0,0,0,0,1,0,0]]","[[0,1,1,0,1,0,1,0,1,1,1],[1,1,1,1,1,1,1,1,1,1,0],[0,1,1,1,0,0,0,0,0,1,0],[1,1,0,0,0,1,1,1,1,0,1],[0,1,1,0,1,1,0,0,1,0,1]]",False,8,23,11,20,18,92,18,37
2,1,utigsp_intended,UT-IGSP (intended targets supplied),4,alpha_0p3,conditional_independence_alpha,0.3,intended_targets_known_present,20260901,e9ce21c7b59bc711fd15a108e1b2fc6b28b2df9f51750099b1dc46b524524897,dda019b4bd2708fce4d6e383f2c3d37297759bd3,"[""Raf"",""Mek"",""PLCg"",""PIP2"",""PIP3"",""Erk"",""Akt"",""PKA"",""PKC"",""p38"",""JNK""]","[1755,911,723,810,799,848]",1755,4091,5846,"{""data_preprocessing"":""author_log_values; tests handle centering internally"",""fit_time_limit_seconds"":3600.0,""implementation"":{""files"":{""UTIGSP.py"":""3973f67e884621c5a01f640fbb8fa1cf5d74c185e1fe9b18177c63b857894572"",""experiments/run_sachs_roc.py"":""489a8e862120b1f2ef691af58a155cc976e9484bdf397e02146b11c85cf8c932"",""src/sachs_data.py"":""ffb32c1afce83fbefa1c8c3cf15870b59f48777daa76bbcae85c3e463908f311"",""src/utils.py"":""f01793e8b6d3c43caa8183bbf4fe3a1837d3de10e01d304e842bcfada449e153""},""protocol_revision"":2,""sha256"":""8dae0133348240b02042031c9842e7085d8928f0df153897e6a0c8359fb45d08""},""roc_basis"":""returned_or_deterministic_representative_dag"",""runtime_environment"":{""distributions_sha256"":""9c7a4a5cb7f6697a085b6d58d0d66c4e250a3d6ca85f10964dbf36997f07634f"",""key_distributions"":{""causaldag"":""0.1a163"",""gies"":""0.0.3"",""gnies"":""0.3.2"",""gurobipy"":""12.0.3"",""numpy"":""1.22.3"",""scikit-learn"":""1.3.2"",""scipy"":""1.11.4""},""python_version"":""3.9.5""},""seed_usage"":""python_and_numpy_search_initialization"",""setting"":{""alpha"":0.3,""alpha_inv"":1e-20,""setting_id"":""alpha_0p3"",""tuning_parameter"":""conditional_independence_alpha"",""tuning_value"":0.3},""source"":{""name"":""UT-IGSP"",""url"":""https://github.com/uhlerlab/causaldag"",""version"":""0.1a163""},""threads"":8,""utigsp_protocol_note"":""modern Gaussian-invariance adapter with alpha_inv=1e-20; the public paper-era code/result provenance is internally inconsistent""}",dag_and_i_cpdag,"[[0,1,1,0,1,0,1,0,0,1,0],[0,0,1,0,1,1,0,0,0,1,0],[0,0,0,0,1,1,0,0,1,1,0],[0,1,1,0,1,1,1,0,1,0,1],[0,0,0,0,0,0,0,0,0,0,0],[0,0,0,0,1,0,0,0,0,1,0],[0,0,0,0,1,1,0,0,0,1,0],[0,1,1,1,1,1,1,0,1,0,0],[0,0,0,0,0,0,0,0,0,1,0],[0,0,0,0,0,0,0,0,0,0,0],[0,0,1,0,1,0,0,0,1,1,0]]","[[0,1,1,0,1,0,1,0,0,1,0],[0,0,1,0,1,1,0,0,0,1,0],[0,0,0,0,1,1,0,0,1,1,0],[0,1,1,0,1,1,1,0,1,0,1],[0,0,0,0,0,0,0,0,0,0,0],[0,0,0,0,1,0,0,0,0,1,0],[0,0,0,0,1,1,0,0,0,1,0],[0,1,1,1,1,1,1,0,1,0,0],[0,0,0,0,0,0,0,0,0,1,0],[0,0,0,0,0,0,0,0,0,0,0],[0,0,1,0,1,0,0,0,1,1,0]]","[[0,1,1,1,1,1,1,0,1,1,1],[1,1,1,1,1,1,1,1,1,1,1],[0,1,1,1,1,0,0,0,0,0,0],[1,1,0,0,0,1,1,1,1,1,1],[0,1,1,0,1,0,1,0,0,0,1]]",8,29,10,63,0.4444444444444444,0.31521739130434784,13,24,5,13,0.7222222222222222,0.6486486486486487,,,,14.750745914876461,,,,,,,,,,ok,,/gpfs/projects/p32811/micodag-intervenion/experiment_results/sachs/parts/utigsp_intended/setting_05.csv,2,"[[0,1,1,0,1,0,1,0,0,1,0],[0,0,1,0,1,1,0,0,0,1,0],[0,0,0,0,1,1,0,0,1,1,0],[0,1,1,0,1,1,1,0,1,0,1],[0,0,0,0,0,0,0,0,0,0,0],[0,0,0,0,1,0,0,0,0,1,0],[0,0,0,0,1,1,0,0,0,1,0],[0,1,1,1,1,1,1,0,1,0,0],[0,0,0,0,0,0,0,0,0,1,0],[0,0,0,0,0,0,0,0,0,0,0],[0,0,1,0,1,0,0,0,1,1,0]]","[[0,1,1,0,1,0,1,0,0,1,0],[0,0,1,0,1,1,0,0,0,1,0],[0,0,0,0,1,1,0,0,1,1,0],[0,1,1,0,1,1,1,0,1,0,1],[0,0,0,0,0,0,0,0,0,0,0],[0,0,0,0,1,0,0,0,0,1,0],[0,0,0,0,1,1,0,0,0,1,0],[0,1,1,1,1,1,1,0,1,0,0],[0,0,0,0,0,0,0,0,0,1,0],[0,0,0,0,0,0,0,0,0,0,0],[0,0,1,0,1,0,0,0,1,1,0]]","[[0,1,1,1,1,1,1,0,1,1,1],[1,1,1,1,1,1,1,1,1,1,1],[0,1,1,1,1,0,0,0,0,0,0],[1,1,0,0,0,1,1,1,1,1,1],[0,1,1,0,1,0,1,0,0,0,1]]",False,8,29,13,24,18,92,18,37
2,1,utigsp_intended,UT-IGSP (intended targets supplied),5,alpha_0p4,conditional_independence_alpha,0.4,intended_targets_known_present,20260901,e9ce21c7b59bc711fd15a108e1b2fc6b28b2df9f51750099b1dc46b524524897,dda019b4bd2708fce4d6e383f2c3d37297759bd3,"[""Raf"",""Mek"",""PLCg"",""PIP2"",""PIP3"",""Erk"",""Akt"",""PKA"",""PKC"",""p38"",""JNK""]","[1755,911,723,810,799,848]",1755,4091,5846,"{""data_preprocessing"":""author_log_values; tests handle centering internally"",""fit_time_limit_seconds"":3600.0,""implementation"":{""files"":{""UTIGSP.py"":""3973f67e884621c5a01f640fbb8fa1cf5d74c185e1fe9b18177c63b857894572"",""experiments/run_sachs_roc.py"":""489a8e862120b1f2ef691af58a155cc976e9484bdf397e02146b11c85cf8c932"",""src/sachs_data.py"":""ffb32c1afce83fbefa1c8c3cf15870b59f48777daa76bbcae85c3e463908f311"",""src/utils.py"":""f01793e8b6d3c43caa8183bbf4fe3a1837d3de10e01d304e842bcfada449e153""},""protocol_revision"":2,""sha256"":""8dae0133348240b02042031c9842e7085d8928f0df153897e6a0c8359fb45d08""},""roc_basis"":""returned_or_deterministic_representative_dag"",""runtime_environment"":{""distributions_sha256"":""9c7a4a5cb7f6697a085b6d58d0d66c4e250a3d6ca85f10964dbf36997f07634f"",""key_distributions"":{""causaldag"":""0.1a163"",""gies"":""0.0.3"",""gnies"":""0.3.2"",""gurobipy"":""12.0.3"",""numpy"":""1.22.3"",""scikit-learn"":""1.3.2"",""scipy"":""1.11.4""},""python_version"":""3.9.5""},""seed_usage"":""python_and_numpy_search_initialization"",""setting"":{""alpha"":0.4,""alpha_inv"":1e-20,""setting_id"":""alpha_0p4"",""tuning_parameter"":""conditional_independence_alpha"",""tuning_value"":0.4},""source"":{""name"":""UT-IGSP"",""url"":""https://github.com/uhlerlab/causaldag"",""version"":""0.1a163""},""threads"":8,""utigsp_protocol_note"":""modern Gaussian-invariance adapter with alpha_inv=1e-20; the public paper-era code/result provenance is internally inconsistent""}",dag_and_i_cpdag,"[[0,1,0,0,1,0,0,1,0,1,0],[0,0,0,0,0,0,0,1,0,0,0],[0,1,0,0,1,1,0,1,1,1,1],[0,1,1,0,1,1,0,1,0,0,1],[0,1,0,0,0,0,0,1,0,1,1],[1,1,0,0,1,0,1,1,0,1,0],[1,1,0,0,1,0,0,1,0,1,0],[0,0,0,0,0,0,0,0,0,0,0],[0,1,0,0,0,0,0,1,0,0,0],[0,1,0,0,0,0,0,0,1,0,1],[0,0,0,0,0,0,0,0,1,0,0]]","[[0,1,0,0,1,0,0,1,0,1,0],[0,0,0,0,0,0,0,1,0,0,0],[0,1,0,0,1,1,0,1,1,1,1],[0,1,1,0,1,1,0,1,0,0,1],[0,1,0,0,0,0,0,1,0,1,1],[1,1,0,0,1,0,1,1,0,1,0],[1,1,0,0,1,0,0,1,0,1,0],[0,0,0,0,0,0,0,0,0,0,0],[0,1,0,0,0,0,0,1,0,0,0],[0,1,0,0,0,0,0,0,1,0,1],[0,0,0,0,0,0,0,0,1,0,0]]","[[0,1,1,1,1,0,1,1,1,1,1],[1,1,1,1,1,1,1,1,1,1,0],[0,1,1,1,1,0,1,0,0,0,0],[1,1,0,0,0,1,1,1,1,0,1],[0,1,1,0,1,0,0,0,1,0,1]]",3,36,15,56,0.16666666666666666,0.391304347826087,14,25,4,12,0.7777777777777778,0.6756756756756757,,,,15.015553273260593,,,,,,,,,,ok,,/gpfs/projects/p32811/micodag-intervenion/experiment_results/sachs/parts/utigsp_intended/setting_06.csv,2,"[[0,1,0,0,1,0,0,1,0,1,0],[0,0,0,0,0,0,0,1,0,0,0],[0,1,0,0,1,1,0,1,1,1,1],[0,1,1,0,1,1,0,1,0,0,1],[0,1,0,0,0,0,0,1,0,1,1],[1,1,0,0,1,0,1,1,0,1,0],[1,1,0,0,1,0,0,1,0,1,0],[0,0,0,0,0,0,0,0,0,0,0],[0,1,0,0,0,0,0,1,0,0,0],[0,1,0,0,0,0,0,0,1,0,1],[0,0,0,0,0,0,0,0,1,0,0]]","[[0,1,0,0,1,0,0,1,0,1,0],[0,0,0,0,0,0,0,1,0,0,0],[0,1,0,0,1,1,0,1,1,1,1],[0,1,1,0,1,1,0,1,0,0,1],[0,1,0,0,0,0,0,1,0,1,1],[1,1,0,0,1,0,1,1,0,1,0],[1,1,0,0,1,0,0,1,0,1,0],[0,0,0,0,0,0,0,0,0,0,0],[0,1,0,0,0,0,0,1,0,0,0],[0,1,0,0,0,0,0,0,1,0,1],[0,0,0,0,0,0,0,0,1,0,0]]","[[0,1,1,1,1,0,1,1,1,1,1],[1,1,1,1,1,1,1,1,1,1,0],[0,1,1,1,1,0,1,0,0,0,0],[1,1,0,0,0,1,1,1,1,0,1],[0,1,1,0,1,0,0,0,1,0,1]]",False,3,36,14,25,18,92,18,37
2,1,utigsp_intended,UT-IGSP (intended targets supplied),6,alpha_0p5,conditional_independence_alpha,0.5,intended_targets_known_present,20260901,e9ce21c7b59bc711fd15a108e1b2fc6b28b2df9f51750099b1dc46b524524897,dda019b4bd2708fce4d6e383f2c3d37297759bd3,"[""Raf"",""Mek"",""PLCg"",""PIP2"",""PIP3"",""Erk"",""Akt"",""PKA"",""PKC"",""p38"",""JNK""]","[1755,911,723,810,799,848]",1755,4091,5846,"{""data_preprocessing"":""author_log_values; tests handle centering internally"",""fit_time_limit_seconds"":3600.0,""implementation"":{""files"":{""UTIGSP.py"":""3973f67e884621c5a01f640fbb8fa1cf5d74c185e1fe9b18177c63b857894572"",""experiments/run_sachs_roc.py"":""489a8e862120b1f2ef691af58a155cc976e9484bdf397e02146b11c85cf8c932"",""src/sachs_data.py"":""ffb32c1afce83fbefa1c8c3cf15870b59f48777daa76bbcae85c3e463908f311"",""src/utils.py"":""f01793e8b6d3c43caa8183bbf4fe3a1837d3de10e01d304e842bcfada449e153""},""protocol_revision"":2,""sha256"":""8dae0133348240b02042031c9842e7085d8928f0df153897e6a0c8359fb45d08""},""roc_basis"":""returned_or_deterministic_representative_dag"",""runtime_environment"":{""distributions_sha256"":""9c7a4a5cb7f6697a085b6d58d0d66c4e250a3d6ca85f10964dbf36997f07634f"",""key_distributions"":{""causaldag"":""0.1a163"",""gies"":""0.0.3"",""gnies"":""0.3.2"",""gurobipy"":""12.0.3"",""numpy"":""1.22.3"",""scikit-learn"":""1.3.2"",""scipy"":""1.11.4""},""python_version"":""3.9.5""},""seed_usage"":""python_and_numpy_search_initialization"",""setting"":{""alpha"":0.5,""alpha_inv"":1e-20,""setting_id"":""alpha_0p5"",""tuning_parameter"":""conditional_independence_alpha"",""tuning_value"":0.5},""source"":{""name"":""UT-IGSP"",""url"":""https://github.com/uhlerlab/causaldag"",""version"":""0.1a163""},""threads"":8,""utigsp_protocol_note"":""modern Gaussian-invariance adapter with alpha_inv=1e-20; the public paper-era code/result provenance is internally inconsistent""}",dag_and_i_cpdag,"[[0,0,1,1,0,1,0,1,0,1,0],[1,0,1,1,1,1,0,1,0,1,0],[0,0,0,0,0,1,0,1,0,1,1],[0,0,1,0,0,1,0,1,0,0,1],[1,0,1,1,0,1,0,1,0,0,1],[0,0,0,0,0,0,0,0,0,0,0],[0,0,0,0,0,1,0,0,0,0,1],[0,0,0,0,0,1,1,0,0,0,0],[0,1,0,0,1,0,0,1,0,1,1],[0,0,0,0,0,1,0,0,0,0,0],[0,0,0,0,0,0,0,0,0,1,0]]","[[0,0,1,1,0,1,0,1,0,1,0],[1,0,1,1,1,1,0,1,1,1,0],[0,0,0,0,0,1,0,1,0,1,1],[0,0,1,0,0,1,0,1,0,0,1],[1,0,1,1,0,1,0,1,0,0,1],[0,0,0,0,0,0,0,0,0,0,0],[0,0,0,0,0,1,0,0,0,0,1],[0,0,0,0,0,1,1,0,0,0,0],[0,1,0,0,1,0,0,1,0,1,1],[0,0,0,0,0,1,0,0,0,0,0],[0,0,0,0,0,0,0,0,0,1,0]]","[[1,0,1,0,1,1,1,0,0,1,1],[1,1,1,1,0,1,1,1,1,1,1],[1,0,1,1,1,0,1,0,0,0,0],[1,1,0,0,0,1,1,1,1,1,1],[1,0,1,0,1,0,1,0,0,0,1]]",8,29,10,63,0.4444444444444444,0.31521739130434784,12,25,6,12,0.6666666666666666,0.6756756756756757,,,,48.651749366894364,,,,,,,,,,ok,,/gpfs/projects/p32811/micodag-intervenion/experiment_results/sachs/parts/utigsp_intended/setting_07.csv,2,"[[0,0,1,1,0,1,0,1,0,1,0],[1,0,1,1,1,1,0,1,0,1,0],[0,0,0,0,0,1,0,1,0,1,1],[0,0,1,0,0,1,0,1,0,0,1],[1,0,1,1,0,1,0,1,0,0,1],[0,0,0,0,0,0,0,0,0,0,0],[0,0,0,0,0,1,0,0,0,0,1],[0,0,0,0,0,1,1,0,0,0,0],[0,1,0,0,1,0,0,1,0,1,1],[0,0,0,0,0,1,0,0,0,0,0],[0,0,0,0,0,0,0,0,0,1,0]]","[[0,0,1,1,0,1,0,1,0,1,0],[1,0,1,1,1,1,0,1,1,1,0],[0,0,0,0,0,1,0,1,0,1,1],[0,0,1,0,0,1,0,1,0,0,1],[1,0,1,1,0,1,0,1,0,0,1],[0,0,0,0,0,0,0,0,0,0,0],[0,0,0,0,0,1,0,0,0,0,1],[0,0,0,0,0,1,1,0,0,0,0],[0,1,0,0,1,0,0,1,0,1,1],[0,0,0,0,0,1,0,0,0,0,0],[0,0,0,0,0,0,0,0,0,1,0]]","[[1,0,1,0,1,1,1,0,0,1,1],[1,1,1,1,0,1,1,1,1,1,1],[1,0,1,1,1,0,1,0,0,0,0],[1,1,0,0,0,1,1,1,1,1,1],[1,0,1,0,1,0,1,0,0,0,1]]",False,8,29,12,25,18,92,18,37
2,1,utigsp_intended,UT-IGSP (intended targets supplied),7,alpha_0p05,conditional_independence_alpha,0.05,intended_targets_known_present,20260901,e9ce21c7b59bc711fd15a108e1b2fc6b28b2df9f51750099b1dc46b524524897,dda019b4bd2708fce4d6e383f2c3d37297759bd3,"[""Raf"",""Mek"",""PLCg"",""PIP2"",""PIP3"",""Erk"",""Akt"",""PKA"",""PKC"",""p38"",""JNK""]","[1755,911,723,810,799,848]",1755,4091,5846,"{""data_preprocessing"":""author_log_values; tests handle centering internally"",""fit_time_limit_seconds"":3600.0,""implementation"":{""files"":{""UTIGSP.py"":""3973f67e884621c5a01f640fbb8fa1cf5d74c185e1fe9b18177c63b857894572"",""experiments/run_sachs_roc.py"":""489a8e862120b1f2ef691af58a155cc976e9484bdf397e02146b11c85cf8c932"",""src/sachs_data.py"":""ffb32c1afce83fbefa1c8c3cf15870b59f48777daa76bbcae85c3e463908f311"",""src/utils.py"":""f01793e8b6d3c43caa8183bbf4fe3a1837d3de10e01d304e842bcfada449e153""},""protocol_revision"":2,""sha256"":""8dae0133348240b02042031c9842e7085d8928f0df153897e6a0c8359fb45d08""},""roc_basis"":""returned_or_deterministic_representative_dag"",""runtime_environment"":{""distributions_sha256"":""9c7a4a5cb7f6697a085b6d58d0d66c4e250a3d6ca85f10964dbf36997f07634f"",""key_distributions"":{""causaldag"":""0.1a163"",""gies"":""0.0.3"",""gnies"":""0.3.2"",""gurobipy"":""12.0.3"",""numpy"":""1.22.3"",""scikit-learn"":""1.3.2"",""scipy"":""1.11.4""},""python_version"":""3.9.5""},""seed_usage"":""python_and_numpy_search_initialization"",""setting"":{""alpha"":0.05,""alpha_inv"":1e-20,""setting_id"":""alpha_0p05"",""tuning_parameter"":""conditional_independence_alpha"",""tuning_value"":0.05},""source"":{""name"":""UT-IGSP"",""url"":""https://github.com/uhlerlab/causaldag"",""version"":""0.1a163""},""threads"":8,""utigsp_protocol_note"":""modern Gaussian-invariance adapter with alpha_inv=1e-20; the public paper-era code/result provenance is internally inconsistent""}",dag_and_i_cpdag,"[[0,0,0,0,0,0,0,0,0,0,0],[1,0,0,0,1,0,1,0,0,0,0],[1,0,0,0,0,0,0,0,0,1,0],[1,0,1,0,1,0,0,1,0,0,1],[1,0,1,0,0,0,0,1,0,0,1],[0,0,0,0,0,0,1,0,0,0,0],[0,0,0,0,0,0,0,0,0,0,0],[1,0,0,0,0,1,1,0,0,0,0],[0,0,0,0,0,0,0,0,0,0,0],[0,0,0,0,0,0,0,0,1,0,0],[0,0,0,0,0,0,0,0,0,1,0]]","[[0,0,0,0,0,0,0,0,0,0,0],[1,0,0,0,1,0,1,0,0,0,0],[1,0,0,0,0,0,0,0,0,1,0],[1,0,1,0,1,0,0,1,0,0,1],[1,0,1,0,0,0,0,1,0,0,1],[0,0,0,0,0,0,1,0,0,0,0],[0,0,0,0,0,0,0,0,0,0,0],[1,0,0,0,0,1,1,0,0,0,0],[0,0,0,0,0,0,0,0,0,0,0],[0,0,0,0,0,0,0,0,1,0,0],[0,0,0,0,0,0,0,0,0,1,0]]","[[1,0,1,1,1,0,1,0,1,1,1],[1,1,1,1,1,1,1,1,1,1,1],[1,0,1,1,1,1,1,0,0,0,0],[1,1,0,0,0,1,1,1,1,0,1],[1,0,1,0,1,1,0,0,0,0,1]]",4,16,14,76,0.2222222222222222,0.17391304347826086,8,12,10,25,0.4444444444444444,0.32432432432432434,,,,47.854839506559074,,,,,,,,,,ok,,/gpfs/projects/p32811/micodag-intervenion/experiment_results/sachs/parts/utigsp_intended/setting_08.csv,2,"[[0,0,0,0,0,0,0,0,0,0,0],[1,0,0,0,1,0,1,0,0,0,0],[1,0,0,0,0,0,0,0,0,1,0],[1,0,1,0,1,0,0,1,0,0,1],[1,0,1,0,0,0,0,1,0,0,1],[0,0,0,0,0,0,1,0,0,0,0],[0,0,0,0,0,0,0,0,0,0,0],[1,0,0,0,0,1,1,0,0,0,0],[0,0,0,0,0,0,0,0,0,0,0],[0,0,0,0,0,0,0,0,1,0,0],[0,0,0,0,0,0,0,0,0,1,0]]","[[0,0,0,0,0,0,0,0,0,0,0],[1,0,0,0,1,0,1,0,0,0,0],[1,0,0,0,0,0,0,0,0,1,0],[1,0,1,0,1,0,0,1,0,0,1],[1,0,1,0,0,0,0,1,0,0,1],[0,0,0,0,0,0,1,0,0,0,0],[0,0,0,0,0,0,0,0,0,0,0],[1,0,0,0,0,1,1,0,0,0,0],[0,0,0,0,0,0,0,0,0,0,0],[0,0,0,0,0,0,0,0,1,0,0],[0,0,0,0,0,0,0,0,0,1,0]]","[[1,0,1,1,1,0,1,0,1,1,1],[1,1,1,1,1,1,1,1,1,1,1],[1,0,1,1,1,1,1,0,0,0,0],[1,1,0,0,0,1,1,1,1,0,1],[1,0,1,0,1,1,0,0,0,0,1]]",False,4,16,8,12,18,92,18,37
2,1,ps_mip_oracle,PS-MIP (intended-target oracle),0,bic_x0p0625,graph_bic_multiplier,0.0625,intended_targets_oracle,20260901,e9ce21c7b59bc711fd15a108e1b2fc6b28b2df9f51750099b1dc46b524524897,dda019b4bd2708fce4d6e383f2c3d37297759bd3,"[""Raf"",""Mek"",""PLCg"",""PIP2"",""PIP3"",""Erk"",""Akt"",""PKA"",""PKC"",""p38"",""JNK""]","[1755,911,723,810,799,848]",1755,4091,5846,"{""data_preprocessing"":""within_environment_centering_then_observational_population_sd_scaling"",""fit_time_limit_seconds"":14400.0,""implementation"":{""files"":{""MIP.py"":""b6ba5d31edf2ecb82b71eb6b590bea1ff6b6ff900c5c744742357c6b13771618"",""MIP_profiled.py"":""9e1566b8775e0739b5dd3a6c398d0c0f3da42a638f24b20353fba0a802afd4a8"",""experiments/run_sachs_roc.py"":""693d312888b75d14bd1d233038a1d3a2b304dcd7fee353f44e2365719e1e04e2"",""src/sachs_data.py"":""ffb32c1afce83fbefa1c8c3cf15870b59f48777daa76bbcae85c3e463908f311"",""src/utils.py"":""f01793e8b6d3c43caa8183bbf4fe3a1837d3de10e01d304e842bcfada449e153""},""protocol_revision"":2,""sha256"":""8d0070e53e36f737b4faaa327e5fdd7f05b7edba01a6bec8668a9f8013fea9f4""},""roc_basis"":""returned_or_deterministic_representative_dag"",""runtime_environment"":{""distributions_sha256"":""68cf7e3ca0e9990911bd854a560a2beec32895d37fe44a26334dc305595bc4e3"",""key_distributions"":{""causaldag"":""0.1a163"",""gies"":""0.0.3"",""gnies"":""0.3.3"",""gurobipy"":""12.0.3"",""numpy"":""1.22.3"",""scikit-learn"":""1.3.2"",""scipy"":""1.11.4""},""python_version"":""3.9.5""},""seed_usage"":""gurobi_Seed"",""setting"":{""bic_multiplier"":0.0625,""graph_penalty"":9.272914114000162e-05,""setting_id"":""bic_x0p0625"",""target_penalty"":0.001483666258240026,""tuning_parameter"":""graph_bic_multiplier"",""tuning_value"":0.0625},""source"":{""gurobipy_version"":""12.0.3"",""implementation"":""MIP_profiled.optimization"",""name"":""PS-MIP""},""threads"":8,""utigsp_protocol_note"":null}",dag_and_i_cpdag,"[[0,0,0,1,0,0,0,1,0,0,0],[1,0,0,1,1,0,0,1,0,1,0],[1,1,0,1,1,0,0,0,0,1,0],[0,0,0,0,0,0,0,1,0,0,0],[1,0,0,1,0,0,0,0,0,1,0],[1,1,0,0,1,0,0,1,0,0,0],[1,1,0,1,1,1,0,1,1,0,0],[0,0,0,0,0,0,0,0,0,0,0],[1,1,1,1,0,0,0,0,0,1,1],[0,0,0,1,0,0,0,1,0,0,0],[1,1,0,1,0,0,0,0,0,1,0]]","[[0,0,0,1,0,0,0,1,0,0,0],[1,0,0,1,1,0,0,1,0,1,0],[1,1,0,1,1,0,0,0,0,1,0],[0,0,0,0,0,0,0,1,0,0,0],[1,0,0,1,0,0,0,0,0,1,0],[1,1,0,0,1,0,0,1,0,0,0],[1,1,0,1,1,1,0,1,1,0,0],[0,0,0,0,0,0,0,0,0,0,0],[1,1,1,1,0,0,0,0,0,1,1],[0,0,0,1,0,0,0,1,0,0,0],[1,1,0,1,0,0,0,0,0,1,0]]","[[0,0,0,0,0,0,1,0,0,0,0],[0,0,0,0,0,0,0,0,1,0,0],[0,0,0,1,0,0,0,0,0,0,0],[0,1,0,0,0,0,0,0,0,0,0],[0,0,0,0,1,0,0,0,0,0,0]]",6,33,12,59,0.3333333333333333,0.358695652173913,17,22,1,15,0.9444444444444444,0.5945945945945946,complete_undirected_superstructure,55,11264,46.72566039767116,0.6279010772705078,8.78234929373837,8.781787612867465,6.395565151412918e-05,optimal,2,True,10,1.0,ok,,/gpfs/projects/p32811/micodag-intervenion/experiment_results/sachs/parts/ps_mip_oracle/setting_01.csv,2,"[[0,0,0,1,0,0,0,1,0,0,0],[1,0,0,1,1,0,0,1,0,1,0],[1,1,0,1,1,0,0,0,0,1,0],[0,0,0,0,0,0,0,1,0,0,0],[1,0,0,1,0,0,0,0,0,1,0],[1,1,0,0,1,0,0,1,0,0,0],[1,1,0,1,1,1,0,1,1,0,0],[0,0,0,0,0,0,0,0,0,0,0],[1,1,1,1,0,0,0,0,0,1,1],[0,0,0,1,0,0,0,1,0,0,0],[1,1,0,1,0,0,0,0,0,1,0]]","[[0,0,0,1,0,0,0,1,0,0,0],[1,0,0,1,1,0,0,1,0,1,0],[1,1,0,1,1,0,0,0,0,1,0],[0,0,0,0,0,0,0,1,0,0,0],[1,0,0,1,0,0,0,0,0,1,0],[1,1,0,0,1,0,0,1,0,0,0],[1,1,0,1,1,1,0,1,1,0,0],[0,0,0,0,0,0,0,0,0,0,0],[1,1,1,1,0,0,0,0,0,1,1],[0,0,0,1,0,0,0,1,0,0,0],[1,1,0,1,0,0,0,0,0,1,0]]","[[0,0,0,0,0,0,1,0,0,0,0],[0,0,0,0,0,0,0,0,1,0,0],[0,0,0,1,0,0,0,0,0,0,0],[0,1,0,0,0,0,0,0,0,0,0],[0,0,0,0,1,0,0,0,0,0,0]]",False,6,33,17,22,18,92,18,37
2,1,ps_mip_oracle,PS-MIP (intended-target oracle),1,bic_x0p125,graph_bic_multiplier,0.125,intended_targets_oracle,20260901,e9ce21c7b59bc711fd15a108e1b2fc6b28b2df9f51750099b1dc46b524524897,dda019b4bd2708fce4d6e383f2c3d37297759bd3,"[""Raf"",""Mek"",""PLCg"",""PIP2"",""PIP3"",""Erk"",""Akt"",""PKA"",""PKC"",""p38"",""JNK""]","[1755,911,723,810,799,848]",1755,4091,5846,"{""data_preprocessing"":""within_environment_centering_then_observational_population_sd_scaling"",""fit_time_limit_seconds"":14400.0,""implementation"":{""files"":{""MIP.py"":""b6ba5d31edf2ecb82b71eb6b590bea1ff6b6ff900c5c744742357c6b13771618"",""MIP_profiled.py"":""9e1566b8775e0739b5dd3a6c398d0c0f3da42a638f24b20353fba0a802afd4a8"",""experiments/run_sachs_roc.py"":""693d312888b75d14bd1d233038a1d3a2b304dcd7fee353f44e2365719e1e04e2"",""src/sachs_data.py"":""ffb32c1afce83fbefa1c8c3cf15870b59f48777daa76bbcae85c3e463908f311"",""src/utils.py"":""f01793e8b6d3c43caa8183bbf4fe3a1837d3de10e01d304e842bcfada449e153""},""protocol_revision"":2,""sha256"":""8d0070e53e36f737b4faaa327e5fdd7f05b7edba01a6bec8668a9f8013fea9f4""},""roc_basis"":""returned_or_deterministic_representative_dag"",""runtime_environment"":{""distributions_sha256"":""68cf7e3ca0e9990911bd854a560a2beec32895d37fe44a26334dc305595bc4e3"",""key_distributions"":{""causaldag"":""0.1a163"",""gies"":""0.0.3"",""gnies"":""0.3.3"",""gurobipy"":""12.0.3"",""numpy"":""1.22.3"",""scikit-learn"":""1.3.2"",""scipy"":""1.11.4""},""python_version"":""3.9.5""},""seed_usage"":""gurobi_Seed"",""setting"":{""bic_multiplier"":0.125,""graph_penalty"":0.00018545828228000324,""setting_id"":""bic_x0p125"",""target_penalty"":0.001483666258240026,""tuning_parameter"":""graph_bic_multiplier"",""tuning_value"":0.125},""source"":{""gurobipy_version"":""12.0.3"",""implementation"":""MIP_profiled.optimization"",""name"":""PS-MIP""},""threads"":8,""utigsp_protocol_note"":null}",dag_and_i_cpdag,"[[0,0,0,0,0,0,0,0,0,0,1],[1,0,0,1,1,0,0,1,1,1,0],[1,1,0,1,1,0,0,0,0,1,0],[0,0,0,0,0,0,0,1,0,0,0],[1,0,0,1,0,0,0,0,0,1,0],[1,1,0,0,1,0,0,1,0,0,0],[1,1,0,1,1,1,0,1,1,0,0],[0,0,0,0,0,0,0,0,0,0,0],[0,0,0,1,0,0,0,0,0,1,1],[0,0,0,1,0,0,0,1,0,0,0],[0,0,0,1,0,0,0,0,0,1,0]]","[[0,0,0,0,0,0,0,0,0,0,1],[1,0,0,1,1,0,0,1,1,1,0],[1,1,0,1,1,0,0,0,0,1,0],[0,0,0,0,0,0,0,1,0,0,0],[1,0,0,1,0,0,0,0,0,1,0],[1,1,0,0,1,0,0,1,0,0,0],[1,1,0,1,1,1,0,1,1,0,0],[0,0,0,0,0,0,0,0,0,0,0],[0,0,0,1,0,0,0,0,0,1,1],[0,0,0,1,0,0,0,1,0,0,0],[0,0,0,1,0,0,0,0,0,1,0]]","[[0,0,0,0,0,0,1,0,0,0,0],[0,0,0,0,0,0,0,0,1,0,0],[0,0,0,1,0,0,0,0,0,0,0],[0,1,0,0,0,0,0,0,0,0,0],[0,0,0,0,1,0,0,0,0,0,0]]",4,30,14,62,0.2222222222222222,0.32608695652173914,14,20,4,17,0.7777777777777778,0.5405405405405406,complete_undirected_superstructure,55,11264,46.71255393978208,0.526123046875,8.785620293091444,8.78559248705015,3.164949128902482e-06,optimal,2,True,10,103.0,ok,,/gpfs/projects/p32811/micodag-intervenion/experiment_results/sachs/parts/ps_mip_oracle/setting_02.csv,2,"[[0,0,0,0,0,0,0,0,0,0,1],[1,0,0,1,1,0,0,1,1,1,0],[1,1,0,1,1,0,0,0,0,1,0],[0,0,0,0,0,0,0,1,0,0,0],[1,0,0,1,0,0,0,0,0,1,0],[1,1,0,0,1,0,0,1,0,0,0],[1,1,0,1,1,1,0,1,1,0,0],[0,0,0,0,0,0,0,0,0,0,0],[0,0,0,1,0,0,0,0,0,1,1],[0,0,0,1,0,0,0,1,0,0,0],[0,0,0,1,0,0,0,0,0,1,0]]","[[0,0,0,0,0,0,0,0,0,0,1],[1,0,0,1,1,0,0,1,1,1,0],[1,1,0,1,1,0,0,0,0,1,0],[0,0,0,0,0,0,0,1,0,0,0],[1,0,0,1,0,0,0,0,0,1,0],[1,1,0,0,1,0,0,1,0,0,0],[1,1,0,1,1,1,0,1,1,0,0],[0,0,0,0,0,0,0,0,0,0,0],[0,0,0,1,0,0,0,0,0,1,1],[0,0,0,1,0,0,0,1,0,0,0],[0,0,0,1,0,0,0,0,0,1,0]]","[[0,0,0,0,0,0,1,0,0,0,0],[0,0,0,0,0,0,0,0,1,0,0],[0,0,0,1,0,0,0,0,0,0,0],[0,1,0,0,0,0,0,0,0,0,0],[0,0,0,0,1,0,0,0,0,0,0]]",False,4,30,14,20,18,92,18,37
2,1,ps_mip_oracle,PS-MIP (intended-target oracle),2,bic_x0p25,graph_bic_multiplier,0.25,intended_targets_oracle,20260901,e9ce21c7b59bc711fd15a108e1b2fc6b28b2df9f51750099b1dc46b524524897,dda019b4bd2708fce4d6e383f2c3d37297759bd3,"[""Raf"",""Mek"",""PLCg"",""PIP2"",""PIP3"",""Erk"",""Akt"",""PKA"",""PKC"",""p38"",""JNK""]","[1755,911,723,810,799,848]",1755,4091,5846,"{""data_preprocessing"":""within_environment_centering_then_observational_population_sd_scaling"",""fit_time_limit_seconds"":14400.0,""implementation"":{""files"":{""MIP.py"":""b6ba5d31edf2ecb82b71eb6b590bea1ff6b6ff900c5c744742357c6b13771618"",""MIP_profiled.py"":""9e1566b8775e0739b5dd3a6c398d0c0f3da42a638f24b20353fba0a802afd4a8"",""experiments/run_sachs_roc.py"":""693d312888b75d14bd1d233038a1d3a2b304dcd7fee353f44e2365719e1e04e2"",""src/sachs_data.py"":""ffb32c1afce83fbefa1c8c3cf15870b59f48777daa76bbcae85c3e463908f311"",""src/utils.py"":""f01793e8b6d3c43caa8183bbf4fe3a1837d3de10e01d304e842bcfada449e153""},""protocol_revision"":2,""sha256"":""8d0070e53e36f737b4faaa327e5fdd7f05b7edba01a6bec8668a9f8013fea9f4""},""roc_basis"":""returned_or_deterministic_representative_dag"",""runtime_environment"":{""distributions_sha256"":""68cf7e3ca0e9990911bd854a560a2beec32895d37fe44a26334dc305595bc4e3"",""key_distributions"":{""causaldag"":""0.1a163"",""gies"":""0.0.3"",""gnies"":""0.3.3"",""gurobipy"":""12.0.3"",""numpy"":""1.22.3"",""scikit-learn"":""1.3.2"",""scipy"":""1.11.4""},""python_version"":""3.9.5""},""seed_usage"":""gurobi_Seed"",""setting"":{""bic_multiplier"":0.25,""graph_penalty"":0.0003709165645600065,""setting_id"":""bic_x0p25"",""target_penalty"":0.001483666258240026,""tuning_parameter"":""graph_bic_multiplier"",""tuning_value"":0.25},""source"":{""gurobipy_version"":""12.0.3"",""implementation"":""MIP_profiled.optimization"",""name"":""PS-MIP""},""threads"":8,""utigsp_protocol_note"":null}",dag_and_i_cpdag,"[[0,0,0,0,0,0,0,0,0,0,1],[1,0,0,1,1,0,0,0,1,0,0],[1,1,0,1,1,0,0,0,0,0,0],[0,0,0,0,0,0,0,1,0,0,0],[1,0,0,1,0,0,0,0,0,0,0],[0,1,0,0,1,0,0,1,0,0,0],[0,1,0,0,0,1,0,1,1,0,0],[0,0,0,0,0,0,0,0,0,0,0],[0,0,0,1,0,0,0,0,0,1,1],[0,0,0,0,0,0,0,0,0,0,1],[0,0,0,0,0,0,0,0,0,0,0]]","[[0,0,0,0,0,0,0,0,0,0,1],[1,0,0,1,1,0,0,0,1,0,0],[1,1,0,1,1,0,0,0,0,0,0],[0,0,0,0,0,0,0,1,0,0,0],[1,0,0,1,0,0,0,0,0,0,0],[0,1,0,0,1,0,0,1,0,0,0],[0,1,0,0,0,1,0,1,1,0,0],[0,0,0,0,0,0,0,0,0,0,0],[0,0,0,1,0,0,0,0,0,1,1],[0,0,0,0,0,0,0,0,0,0,1],[0,0,0,0,0,0,0,0,0,0,0]]","[[0,0,0,0,0,0,1,0,0,0,0],[0,0,0,0,0,0,0,0,1,0,0],[0,0,0,1,0,0,0,0,0,0,0],[0,1,0,0,0,0,0,0,0,0,0],[0,0,0,0,1,0,0,0,0,0,0]]",4,19,14,73,0.2222222222222222,0.20652173913043478,11,12,7,25,0.6111111111111112,0.32432432432432434,complete_undirected_superstructure,55,11264,46.7061107782647,0.08882498741149902,8.790868598101248,8.790695511755036,1.968933379911334e-05,optimal,2,True,10,1.0,ok,,/gpfs/projects/p32811/micodag-intervenion/experiment_results/sachs/parts/ps_mip_oracle/setting_03.csv,2,"[[0,0,0,0,0,0,0,0,0,0,1],[1,0,0,1,1,0,0,0,1,0,0],[1,1,0,1,1,0,0,0,0,0,0],[0,0,0,0,0,0,0,1,0,0,0],[1,0,0,1,0,0,0,0,0,0,0],[0,1,0,0,1,0,0,1,0,0,0],[0,1,0,0,0,1,0,1,1,0,0],[0,0,0,0,0,0,0,0,0,0,0],[0,0,0,1,0,0,0,0,0,1,1],[0,0,0,0,0,0,0,0,0,0,1],[0,0,0,0,0,0,0,0,0,0,0]]","[[0,0,0,0,0,0,0,0,0,0,1],[1,0,0,1,1,0,0,0,1,0,0],[1,1,0,1,1,0,0,0,0,0,0],[0,0,0,0,0,0,0,1,0,0,0],[1,0,0,1,0,0,0,0,0,0,0],[0,1,0,0,1,0,0,1,0,0,0],[0,1,0,0,0,1,0,1,1,0,0],[0,0,0,0,0,0,0,0,0,0,0],[0,0,0,1,0,0,0,0,0,1,1],[0,0,0,0,0,0,0,0,0,0,1],[0,0,0,0,0,0,0,0,0,0,0]]","[[0,0,0,0,0,0,1,0,0,0,0],[0,0,0,0,0,0,0,0,1,0,0],[0,0,0,1,0,0,0,0,0,0,0],[0,1,0,0,0,0,0,0,0,0,0],[0,0,0,0,1,0,0,0,0,0,0]]",False,4,19,11,12,18,92,18,37
2,1,ps_mip_oracle,PS-MIP (intended-target oracle),3,bic_x0p5,graph_bic_multiplier,0.5,intended_targets_oracle,20260901,e9ce21c7b59bc711fd15a108e1b2fc6b28b2df9f51750099b1dc46b524524897,dda019b4bd2708fce4d6e383f2c3d37297759bd3,"[""Raf"",""Mek"",""PLCg"",""PIP2"",""PIP3"",""Erk"",""Akt"",""PKA"",""PKC"",""p38"",""JNK""]","[1755,911,723,810,799,848]",1755,4091,5846,"{""data_preprocessing"":""within_environment_centering_then_observational_population_sd_scaling"",""fit_time_limit_seconds"":14400.0,""implementation"":{""files"":{""MIP.py"":""b6ba5d31edf2ecb82b71eb6b590bea1ff6b6ff900c5c744742357c6b13771618"",""MIP_profiled.py"":""9e1566b8775e0739b5dd3a6c398d0c0f3da42a638f24b20353fba0a802afd4a8"",""experiments/run_sachs_roc.py"":""693d312888b75d14bd1d233038a1d3a2b304dcd7fee353f44e2365719e1e04e2"",""src/sachs_data.py"":""ffb32c1afce83fbefa1c8c3cf15870b59f48777daa76bbcae85c3e463908f311"",""src/utils.py"":""f01793e8b6d3c43caa8183bbf4fe3a1837d3de10e01d304e842bcfada449e153""},""protocol_revision"":2,""sha256"":""8d0070e53e36f737b4faaa327e5fdd7f05b7edba01a6bec8668a9f8013fea9f4""},""roc_basis"":""returned_or_deterministic_representative_dag"",""runtime_environment"":{""distributions_sha256"":""68cf7e3ca0e9990911bd854a560a2beec32895d37fe44a26334dc305595bc4e3"",""key_distributions"":{""causaldag"":""0.1a163"",""gies"":""0.0.3"",""gnies"":""0.3.3"",""gurobipy"":""12.0.3"",""numpy"":""1.22.3"",""scikit-learn"":""1.3.2"",""scipy"":""1.11.4""},""python_version"":""3.9.5""},""seed_usage"":""gurobi_Seed"",""setting"":{""bic_multiplier"":0.5,""graph_penalty"":0.000741833129120013,""setting_id"":""bic_x0p5"",""target_penalty"":0.001483666258240026,""tuning_parameter"":""graph_bic_multiplier"",""tuning_value"":0.5},""source"":{""gurobipy_version"":""12.0.3"",""implementation"":""MIP_profiled.optimization"",""name"":""PS-MIP""},""threads"":8,""utigsp_protocol_note"":null}",dag_and_i_cpdag,"[[0,0,0,0,0,0,0,0,0,0,0],[1,0,0,0,1,0,0,0,0,0,0],[1,1,0,1,1,0,0,0,0,0,0],[0,0,0,0,0,0,0,1,0,0,0],[1,0,0,1,0,0,0,0,0,0,0],[0,1,0,0,0,0,0,1,0,0,0],[0,1,0,0,0,1,0,1,0,0,0],[0,0,0,0,0,0,0,0,0,0,0],[0,0,0,0,0,0,0,0,0,1,0],[0,0,0,0,0,0,0,0,0,0,1],[0,0,0,0,0,0,0,0,0,0,0]]","[[0,0,0,0,0,0,0,0,0,0,0],[1,0,0,0,1,0,0,0,0,0,0],[1,1,0,1,1,0,0,0,0,0,0],[0,0,0,0,0,0,0,1,0,0,0],[1,0,0,1,0,0,0,0,0,0,0],[0,1,0,0,0,0,0,1,0,0,0],[0,1,0,0,0,1,0,1,0,0,0],[0,0,0,0,0,0,0,0,0,0,0],[0,0,0,0,0,0,0,0,0,1,0],[0,0,0,0,0,0,0,0,0,0,1],[0,0,0,0,0,0,0,0,0,0,0]]","[[0,0,0,0,0,0,1,0,0,0,0],[0,0,0,0,0,0,0,0,1,0,0],[0,0,0,1,0,0,0,0,0,0,0],[0,1,0,0,0,0,0,0,0,0,0],[0,0,0,0,1,0,0,0,0,0,0]]",3,13,15,79,0.16666666666666666,0.14130434782608695,8,8,10,29,0.4444444444444444,0.21621621621621623,complete_undirected_superstructure,55,11264,46.71592852193862,0.06504106521606445,8.797437326690993,8.797437326690993,0.0,optimal,2,True,10,1.0,ok,,/gpfs/projects/p32811/micodag-intervenion/experiment_results/sachs/parts/ps_mip_oracle/setting_04.csv,2,"[[0,0,0,0,0,0,0,0,0,0,0],[1,0,0,0,1,0,0,0,0,0,0],[1,1,0,1,1,0,0,0,0,0,0],[0,0,0,0,0,0,0,1,0,0,0],[1,0,0,1,0,0,0,0,0,0,0],[0,1,0,0,0,0,0,1,0,0,0],[0,1,0,0,0,1,0,1,0,0,0],[0,0,0,0,0,0,0,0,0,0,0],[0,0,0,0,0,0,0,0,0,1,0],[0,0,0,0,0,0,0,0,0,0,1],[0,0,0,0,0,0,0,0,0,0,0]]","[[0,0,0,0,0,0,0,0,0,0,0],[1,0,0,0,1,0,0,0,0,0,0],[1,1,0,1,1,0,0,0,0,0,0],[0,0,0,0,0,0,0,1,0,0,0],[1,0,0,1,0,0,0,0,0,0,0],[0,1,0,0,0,0,0,1,0,0,0],[0,1,0,0,0,1,0,1,0,0,0],[0,0,0,0,0,0,0,0,0,0,0],[0,0,0,0,0,0,0,0,0,1,0],[0,0,0,0,0,0,0,0,0,0,1],[0,0,0,0,0,0,0,0,0,0,0]]","[[0,0,0,0,0,0,1,0,0,0,0],[0,0,0,0,0,0,0,0,1,0,0],[0,0,0,1,0,0,0,0,0,0,0],[0,1,0,0,0,0,0,0,0,0,0],[0,0,0,0,1,0,0,0,0,0,0]]",False,3,13,8,8,18,92,18,37
2,1,ps_mip_oracle,PS-MIP (intended-target oracle),4,bic_x1,graph_bic_multiplier,1,intended_targets_oracle,20260901,e9ce21c7b59bc711fd15a108e1b2fc6b28b2df9f51750099b1dc46b524524897,dda019b4bd2708fce4d6e383f2c3d37297759bd3,"[""Raf"",""Mek"",""PLCg"",""PIP2"",""PIP3"",""Erk"",""Akt"",""PKA"",""PKC"",""p38"",""JNK""]","[1755,911,723,810,799,848]",1755,4091,5846,"{""data_preprocessing"":""within_environment_centering_then_observational_population_sd_scaling"",""fit_time_limit_seconds"":14400.0,""implementation"":{""files"":{""MIP.py"":""b6ba5d31edf2ecb82b71eb6b590bea1ff6b6ff900c5c744742357c6b13771618"",""MIP_profiled.py"":""9e1566b8775e0739b5dd3a6c398d0c0f3da42a638f24b20353fba0a802afd4a8"",""experiments/run_sachs_roc.py"":""693d312888b75d14bd1d233038a1d3a2b304dcd7fee353f44e2365719e1e04e2"",""src/sachs_data.py"":""ffb32c1afce83fbefa1c8c3cf15870b59f48777daa76bbcae85c3e463908f311"",""src/utils.py"":""f01793e8b6d3c43caa8183bbf4fe3a1837d3de10e01d304e842bcfada449e153""},""protocol_revision"":2,""sha256"":""8d0070e53e36f737b4faaa327e5fdd7f05b7edba01a6bec8668a9f8013fea9f4""},""roc_basis"":""returned_or_deterministic_representative_dag"",""runtime_environment"":{""distributions_sha256"":""68cf7e3ca0e9990911bd854a560a2beec32895d37fe44a26334dc305595bc4e3"",""key_distributions"":{""causaldag"":""0.1a163"",""gies"":""0.0.3"",""gnies"":""0.3.3"",""gurobipy"":""12.0.3"",""numpy"":""1.22.3"",""scikit-learn"":""1.3.2"",""scipy"":""1.11.4""},""python_version"":""3.9.5""},""seed_usage"":""gurobi_Seed"",""setting"":{""bic_multiplier"":1,""graph_penalty"":0.001483666258240026,""setting_id"":""bic_x1"",""target_penalty"":0.001483666258240026,""tuning_parameter"":""graph_bic_multiplier"",""tuning_value"":1},""source"":{""gurobipy_version"":""12.0.3"",""implementation"":""MIP_profiled.optimization"",""name"":""PS-MIP""},""threads"":8,""utigsp_protocol_note"":null}",dag_and_i_cpdag,"[[0,0,0,0,0,0,0,0,0,0,0],[1,0,0,0,0,0,0,0,0,0,0],[0,0,0,1,1,0,0,0,0,0,0],[0,0,0,0,0,0,0,0,0,0,0],[0,0,0,1,0,0,0,0,0,0,0],[0,0,0,0,0,0,0,0,0,0,0],[0,0,0,0,0,1,0,1,0,0,0],[0,0,0,0,0,1,0,0,0,0,0],[0,0,0,0,0,0,0,0,0,1,0],[0,0,0,0,0,0,0,0,0,0,1],[0,0,0,0,0,0,0,0,0,0,0]]","[[0,0,0,0,0,0,0,0,0,0,0],[1,0,0,0,0,0,0,0,0,0,0],[0,0,0,1,1,0,0,0,0,0,0],[0,0,0,0,0,0,0,0,0,0,0],[0,0,0,1,0,0,0,0,0,0,0],[0,0,0,0,0,0,0,1,0,0,0],[0,0,0,0,0,1,0,1,0,0,0],[0,0,0,0,0,1,0,0,0,0,0],[0,0,0,0,0,0,0,0,0,1,0],[0,0,0,0,0,0,0,0,0,0,1],[0,0,0,0,0,0,0,0,0,0,0]]","[[0,0,0,0,0,0,1,0,0,0,0],[0,0,0,0,0,0,0,0,1,0,0],[0,0,0,1,0,0,0,0,0,0,0],[0,1,0,0,0,0,0,0,0,0,0],[0,0,0,0,1,0,0,0,0,0,0]]",4,5,14,87,0.2222222222222222,0.05434782608695652,7,2,11,35,0.3888888888888889,0.05405405405405406,complete_undirected_superstructure,55,11264,46.71206864155829,0.046070098876953125,8.80677768792844,8.80677768792844,0.0,optimal,2,True,6,1.0,ok,,/gpfs/projects/p32811/micodag-intervenion/experiment_results/sachs/parts/ps_mip_oracle/setting_05.csv,2,"[[0,0,0,0,0,0,0,0,0,0,0],[1,0,0,0,0,0,0,0,0,0,0],[0,0,0,1,1,0,0,0,0,0,0],[0,0,0,0,0,0,0,0,0,0,0],[0,0,0,1,0,0,0,0,0,0,0],[0,0,0,0,0,0,0,0,0,0,0],[0,0,0,0,0,1,0,1,0,0,0],[0,0,0,0,0,1,0,0,0,0,0],[0,0,0,0,0,0,0,0,0,1,0],[0,0,0,0,0,0,0,0,0,0,1],[0,0,0,0,0,0,0,0,0,0,0]]","[[0,0,0,0,0,0,0,0,0,0,0],[1,0,0,0,0,0,0,0,0,0,0],[0,0,0,1,1,0,0,0,0,0,0],[0,0,0,0,0,0,0,0,0,0,0],[0,0,0,1,0,0,0,0,0,0,0],[0,0,0,0,0,0,0,1,0,0,0],[0,0,0,0,0,1,0,1,0,0,0],[0,0,0,0,0,1,0,0,0,0,0],[0,0,0,0,0,0,0,0,0,1,0],[0,0,0,0,0,0,0,0,0,0,1],[0,0,0,0,0,0,0,0,0,0,0]]","[[0,0,0,0,0,0,1,0,0,0,0],[0,0,0,0,0,0,0,0,1,0,0],[0,0,0,1,0,0,0,0,0,0,0],[0,1,0,0,0,0,0,0,0,0,0],[0,0,0,0,1,0,0,0,0,0,0]]",False,4,5,7,2,18,92,18,37
2,1,ps_mip_oracle,PS-MIP (intended-target oracle),5,bic_x2,graph_bic_multiplier,2,intended_targets_oracle,20260901,e9ce21c7b59bc711fd15a108e1b2fc6b28b2df9f51750099b1dc46b524524897,dda019b4bd2708fce4d6e383f2c3d37297759bd3,"[""Raf"",""Mek"",""PLCg"",""PIP2"",""PIP3"",""Erk"",""Akt"",""PKA"",""PKC"",""p38"",""JNK""]","[1755,911,723,810,799,848]",1755,4091,5846,"{""data_preprocessing"":""within_environment_centering_then_observational_population_sd_scaling"",""fit_time_limit_seconds"":14400.0,""implementation"":{""files"":{""MIP.py"":""b6ba5d31edf2ecb82b71eb6b590bea1ff6b6ff900c5c744742357c6b13771618"",""MIP_profiled.py"":""9e1566b8775e0739b5dd3a6c398d0c0f3da42a638f24b20353fba0a802afd4a8"",""experiments/run_sachs_roc.py"":""693d312888b75d14bd1d233038a1d3a2b304dcd7fee353f44e2365719e1e04e2"",""src/sachs_data.py"":""ffb32c1afce83fbefa1c8c3cf15870b59f48777daa76bbcae85c3e463908f311"",""src/utils.py"":""f01793e8b6d3c43caa8183bbf4fe3a1837d3de10e01d304e842bcfada449e153""},""protocol_revision"":2,""sha256"":""8d0070e53e36f737b4faaa327e5fdd7f05b7edba01a6bec8668a9f8013fea9f4""},""roc_basis"":""returned_or_deterministic_representative_dag"",""runtime_environment"":{""distributions_sha256"":""68cf7e3ca0e9990911bd854a560a2beec32895d37fe44a26334dc305595bc4e3"",""key_distributions"":{""causaldag"":""0.1a163"",""gies"":""0.0.3"",""gnies"":""0.3.3"",""gurobipy"":""12.0.3"",""numpy"":""1.22.3"",""scikit-learn"":""1.3.2"",""scipy"":""1.11.4""},""python_version"":""3.9.5""},""seed_usage"":""gurobi_Seed"",""setting"":{""bic_multiplier"":2,""graph_penalty"":0.002967332516480052,""setting_id"":""bic_x2"",""target_penalty"":0.001483666258240026,""tuning_parameter"":""graph_bic_multiplier"",""tuning_value"":2},""source"":{""gurobipy_version"":""12.0.3"",""implementation"":""MIP_profiled.optimization"",""name"":""PS-MIP""},""threads"":8,""utigsp_protocol_note"":null}",dag_and_i_cpdag,"[[0,0,0,0,0,0,0,0,0,0,0],[1,0,0,0,0,0,0,0,0,0,0],[0,0,0,1,1,0,0,0,0,0,0],[0,0,0,0,0,0,0,0,0,0,0],[0,0,0,1,0,0,0,0,0,0,0],[0,0,0,0,0,0,0,1,0,0,0],[0,0,0,0,0,1,0,1,0,0,0],[0,0,0,0,0,0,0,0,0,0,0],[0,0,0,0,0,0,0,0,0,1,0],[0,0,0,0,0,0,0,0,0,0,1],[0,0,0,0,0,0,0,0,0,0,0]]","[[0,0,0,0,0,0,0,0,0,0,0],[1,0,0,0,0,0,0,0,0,0,0],[0,0,0,1,1,0,0,0,0,0,0],[0,0,0,0,0,0,0,0,0,0,0],[0,0,0,1,0,0,0,0,0,0,0],[0,0,0,0,0,0,0,1,0,0,0],[0,0,0,0,0,1,0,1,0,0,0],[0,0,0,0,0,1,0,0,0,0,0],[0,0,0,0,0,0,0,0,0,1,0],[0,0,0,0,0,0,0,0,0,0,1],[0,0,0,0,0,0,0,0,0,0,0]]","[[0,0,0,0,0,0,1,0,0,0,0],[0,0,0,0,0,0,0,0,1,0,0],[0,0,0,1,0,0,0,0,0,0,0],[0,1,0,0,0,0,0,0,0,0,0],[0,0,0,0,1,0,0,0,0,0,0]]",3,6,15,86,0.16666666666666666,0.06521739130434782,7,2,11,35,0.3888888888888889,0.05405405405405406,complete_undirected_superstructure,55,11264,46.724235522560775,0.045651912689208984,8.8201306842526,8.8201306842526,0.0,optimal,2,True,5,1.0,ok,,/gpfs/projects/p32811/micodag-intervenion/experiment_results/sachs/parts/ps_mip_oracle/setting_06.csv,2,"[[0,0,0,0,0,0,0,0,0,0,0],[1,0,0,0,0,0,0,0,0,0,0],[0,0,0,1,1,0,0,0,0,0,0],[0,0,0,0,0,0,0,0,0,0,0],[0,0,0,1,0,0,0,0,0,0,0],[0,0,0,0,0,0,0,1,0,0,0],[0,0,0,0,0,1,0,1,0,0,0],[0,0,0,0,0,0,0,0,0,0,0],[0,0,0,0,0,0,0,0,0,1,0],[0,0,0,0,0,0,0,0,0,0,1],[0,0,0,0,0,0,0,0,0,0,0]]","[[0,0,0,0,0,0,0,0,0,0,0],[1,0,0,0,0,0,0,0,0,0,0],[0,0,0,1,1,0,0,0,0,0,0],[0,0,0,0,0,0,0,0,0,0,0],[0,0,0,1,0,0,0,0,0,0,0],[0,0,0,0,0,0,0,1,0,0,0],[0,0,0,0,0,1,0,1,0,0,0],[0,0,0,0,0,1,0,0,0,0,0],[0,0,0,0,0,0,0,0,0,1,0],[0,0,0,0,0,0,0,0,0,0,1],[0,0,0,0,0,0,0,0,0,0,0]]","[[0,0,0,0,0,0,1,0,0,0,0],[0,0,0,0,0,0,0,0,1,0,0],[0,0,0,1,0,0,0,0,0,0,0],[0,1,0,0,0,0,0,0,0,0,0],[0,0,0,0,1,0,0,0,0,0,0]]",False,3,6,7,2,18,92,18,37
2,1,ps_mip_oracle,PS-MIP (intended-target oracle),6,bic_x4,graph_bic_multiplier,4,intended_targets_oracle,20260901,e9ce21c7b59bc711fd15a108e1b2fc6b28b2df9f51750099b1dc46b524524897,dda019b4bd2708fce4d6e383f2c3d37297759bd3,"[""Raf"",""Mek"",""PLCg"",""PIP2"",""PIP3"",""Erk"",""Akt"",""PKA"",""PKC"",""p38"",""JNK""]","[1755,911,723,810,799,848]",1755,4091,5846,"{""data_preprocessing"":""within_environment_centering_then_observational_population_sd_scaling"",""fit_time_limit_seconds"":14400.0,""implementation"":{""files"":{""MIP.py"":""b6ba5d31edf2ecb82b71eb6b590bea1ff6b6ff900c5c744742357c6b13771618"",""MIP_profiled.py"":""9e1566b8775e0739b5dd3a6c398d0c0f3da42a638f24b20353fba0a802afd4a8"",""experiments/run_sachs_roc.py"":""693d312888b75d14bd1d233038a1d3a2b304dcd7fee353f44e2365719e1e04e2"",""src/sachs_data.py"":""ffb32c1afce83fbefa1c8c3cf15870b59f48777daa76bbcae85c3e463908f311"",""src/utils.py"":""f01793e8b6d3c43caa8183bbf4fe3a1837d3de10e01d304e842bcfada449e153""},""protocol_revision"":2,""sha256"":""8d0070e53e36f737b4faaa327e5fdd7f05b7edba01a6bec8668a9f8013fea9f4""},""roc_basis"":""returned_or_deterministic_representative_dag"",""runtime_environment"":{""distributions_sha256"":""68cf7e3ca0e9990911bd854a560a2beec32895d37fe44a26334dc305595bc4e3"",""key_distributions"":{""causaldag"":""0.1a163"",""gies"":""0.0.3"",""gnies"":""0.3.3"",""gurobipy"":""12.0.3"",""numpy"":""1.22.3"",""scikit-learn"":""1.3.2"",""scipy"":""1.11.4""},""python_version"":""3.9.5""},""seed_usage"":""gurobi_Seed"",""setting"":{""bic_multiplier"":4,""graph_penalty"":0.005934665032960104,""setting_id"":""bic_x4"",""target_penalty"":0.001483666258240026,""tuning_parameter"":""graph_bic_multiplier"",""tuning_value"":4},""source"":{""gurobipy_version"":""12.0.3"",""implementation"":""MIP_profiled.optimization"",""name"":""PS-MIP""},""threads"":8,""utigsp_protocol_note"":null}",dag_and_i_cpdag,"[[0,0,0,0,0,0,0,0,0,0,0],[1,0,0,0,0,0,0,0,0,0,0],[0,0,0,1,1,0,0,0,0,0,0],[0,0,0,0,0,0,0,0,0,0,0],[0,0,0,1,0,0,0,0,0,0,0],[0,0,0,0,0,0,0,1,0,0,0],[0,0,0,0,0,1,0,1,0,0,0],[0,0,0,0,0,0,0,0,0,0,0],[0,0,0,0,0,0,0,0,0,1,0],[0,0,0,0,0,0,0,0,0,0,1],[0,0,0,0,0,0,0,0,0,0,0]]","[[0,0,0,0,0,0,0,0,0,0,0],[1,0,0,0,0,0,0,0,0,0,0],[0,0,0,1,1,0,0,0,0,0,0],[0,0,0,0,0,0,0,0,0,0,0],[0,0,0,1,0,0,0,0,0,0,0],[0,0,0,0,0,0,0,1,0,0,0],[0,0,0,0,0,1,0,1,0,0,0],[0,0,0,0,0,1,0,0,0,0,0],[0,0,0,0,0,0,0,0,0,1,0],[0,0,0,0,0,0,0,0,0,0,1],[0,0,0,0,0,0,0,0,0,0,0]]","[[0,0,0,0,0,0,1,0,0,0,0],[0,0,0,0,0,0,0,0,1,0,0],[0,0,0,1,0,0,0,0,0,0,0],[0,1,0,0,0,0,0,0,0,0,0],[0,0,0,0,1,0,0,0,0,0,0]]",3,6,15,86,0.16666666666666666,0.06521739130434782,7,2,11,35,0.3888888888888889,0.05405405405405406,complete_undirected_superstructure,55,11264,46.72271871287376,0.04701495170593262,8.84683667690092,8.84683667690092,0.0,optimal,2,True,5,1.0,ok,,/gpfs/projects/p32811/micodag-intervenion/experiment_results/sachs/parts/ps_mip_oracle/setting_07.csv,2,"[[0,0,0,0,0,0,0,0,0,0,0],[1,0,0,0,0,0,0,0,0,0,0],[0,0,0,1,1,0,0,0,0,0,0],[0,0,0,0,0,0,0,0,0,0,0],[0,0,0,1,0,0,0,0,0,0,0],[0,0,0,0,0,0,0,1,0,0,0],[0,0,0,0,0,1,0,1,0,0,0],[0,0,0,0,0,0,0,0,0,0,0],[0,0,0,0,0,0,0,0,0,1,0],[0,0,0,0,0,0,0,0,0,0,1],[0,0,0,0,0,0,0,0,0,0,0]]","[[0,0,0,0,0,0,0,0,0,0,0],[1,0,0,0,0,0,0,0,0,0,0],[0,0,0,1,1,0,0,0,0,0,0],[0,0,0,0,0,0,0,0,0,0,0],[0,0,0,1,0,0,0,0,0,0,0],[0,0,0,0,0,0,0,1,0,0,0],[0,0,0,0,0,1,0,1,0,0,0],[0,0,0,0,0,1,0,0,0,0,0],[0,0,0,0,0,0,0,0,0,1,0],[0,0,0,0,0,0,0,0,0,0,1],[0,0,0,0,0,0,0,0,0,0,0]]","[[0,0,0,0,0,0,1,0,0,0,0],[0,0,0,0,0,0,0,0,1,0,0],[0,0,0,1,0,0,0,0,0,0,0],[0,1,0,0,0,0,0,0,0,0,0],[0,0,0,0,1,0,0,0,0,0,0]]",False,3,6,7,2,18,92,18,37
2,1,ps_mip_oracle,PS-MIP (intended-target oracle),7,bic_x8,graph_bic_multiplier,8,intended_targets_oracle,20260901,e9ce21c7b59bc711fd15a108e1b2fc6b28b2df9f51750099b1dc46b524524897,dda019b4bd2708fce4d6e383f2c3d37297759bd3,"[""Raf"",""Mek"",""PLCg"",""PIP2"",""PIP3"",""Erk"",""Akt"",""PKA"",""PKC"",""p38"",""JNK""]","[1755,911,723,810,799,848]",1755,4091,5846,"{""data_preprocessing"":""within_environment_centering_then_observational_population_sd_scaling"",""fit_time_limit_seconds"":14400.0,""implementation"":{""files"":{""MIP.py"":""b6ba5d31edf2ecb82b71eb6b590bea1ff6b6ff900c5c744742357c6b13771618"",""MIP_profiled.py"":""9e1566b8775e0739b5dd3a6c398d0c0f3da42a638f24b20353fba0a802afd4a8"",""experiments/run_sachs_roc.py"":""693d312888b75d14bd1d233038a1d3a2b304dcd7fee353f44e2365719e1e04e2"",""src/sachs_data.py"":""ffb32c1afce83fbefa1c8c3cf15870b59f48777daa76bbcae85c3e463908f311"",""src/utils.py"":""f01793e8b6d3c43caa8183bbf4fe3a1837d3de10e01d304e842bcfada449e153""},""protocol_revision"":2,""sha256"":""8d0070e53e36f737b4faaa327e5fdd7f05b7edba01a6bec8668a9f8013fea9f4""},""roc_basis"":""returned_or_deterministic_representative_dag"",""runtime_environment"":{""distributions_sha256"":""68cf7e3ca0e9990911bd854a560a2beec32895d37fe44a26334dc305595bc4e3"",""key_distributions"":{""causaldag"":""0.1a163"",""gies"":""0.0.3"",""gnies"":""0.3.3"",""gurobipy"":""12.0.3"",""numpy"":""1.22.3"",""scikit-learn"":""1.3.2"",""scipy"":""1.11.4""},""python_version"":""3.9.5""},""seed_usage"":""gurobi_Seed"",""setting"":{""bic_multiplier"":8,""graph_penalty"":0.011869330065920208,""setting_id"":""bic_x8"",""target_penalty"":0.001483666258240026,""tuning_parameter"":""graph_bic_multiplier"",""tuning_value"":8},""source"":{""gurobipy_version"":""12.0.3"",""implementation"":""MIP_profiled.optimization"",""name"":""PS-MIP""},""threads"":8,""utigsp_protocol_note"":null}",dag_and_i_cpdag,"[[0,0,0,0,0,0,0,0,0,0,0],[1,0,0,0,0,0,0,0,0,0,0],[0,0,0,1,1,0,0,0,0,0,0],[0,0,0,0,0,0,0,0,0,0,0],[0,0,0,1,0,0,0,0,0,0,0],[0,0,0,0,0,0,0,1,0,0,0],[0,0,0,0,0,1,0,1,0,0,0],[0,0,0,0,0,0,0,0,0,0,0],[0,0,0,0,0,0,0,0,0,1,0],[0,0,0,0,0,0,0,0,0,0,1],[0,0,0,0,0,0,0,0,0,0,0]]","[[0,0,0,0,0,0,0,0,0,0,0],[1,0,0,0,0,0,0,0,0,0,0],[0,0,0,1,1,0,0,0,0,0,0],[0,0,0,0,0,0,0,0,0,0,0],[0,0,0,1,0,0,0,0,0,0,0],[0,0,0,0,0,0,0,1,0,0,0],[0,0,0,0,0,1,0,1,0,0,0],[0,0,0,0,0,1,0,0,0,0,0],[0,0,0,0,0,0,0,0,0,1,0],[0,0,0,0,0,0,0,0,0,0,1],[0,0,0,0,0,0,0,0,0,0,0]]","[[0,0,0,0,0,0,1,0,0,0,0],[0,0,0,0,0,0,0,0,1,0,0],[0,0,0,1,0,0,0,0,0,0,0],[0,1,0,0,0,0,0,0,0,0,0],[0,0,0,0,1,0,0,0,0,0,0]]",3,6,15,86,0.16666666666666666,0.06521739130434782,7,2,11,35,0.3888888888888889,0.05405405405405406,complete_undirected_superstructure,55,11264,46.72295155283064,0.044354915618896484,8.90024866219756,8.90024866219756,0.0,optimal,2,True,5,1.0,ok,,/gpfs/projects/p32811/micodag-intervenion/experiment_results/sachs/parts/ps_mip_oracle/setting_08.csv,2,"[[0,0,0,0,0,0,0,0,0,0,0],[1,0,0,0,0,0,0,0,0,0,0],[0,0,0,1,1,0,0,0,0,0,0],[0,0,0,0,0,0,0,0,0,0,0],[0,0,0,1,0,0,0,0,0,0,0],[0,0,0,0,0,0,0,1,0,0,0],[0,0,0,0,0,1,0,1,0,0,0],[0,0,0,0,0,0,0,0,0,0,0],[0,0,0,0,0,0,0,0,0,1,0],[0,0,0,0,0,0,0,0,0,0,1],[0,0,0,0,0,0,0,0,0,0,0]]","[[0,0,0,0,0,0,0,0,0,0,0],[1,0,0,0,0,0,0,0,0,0,0],[0,0,0,1,1,0,0,0,0,0,0],[0,0,0,0,0,0,0,0,0,0,0],[0,0,0,1,0,0,0,0,0,0,0],[0,0,0,0,0,0,0,1,0,0,0],[0,0,0,0,0,1,0,1,0,0,0],[0,0,0,0,0,1,0,0,0,0,0],[0,0,0,0,0,0,0,0,0,1,0],[0,0,0,0,0,0,0,0,0,0,1],[0,0,0,0,0,0,0,0,0,0,0]]","[[0,0,0,0,0,0,1,0,0,0,0],[0,0,0,0,0,0,0,0,1,0,0],[0,0,0,1,0,0,0,0,0,0,0],[0,1,0,0,0,0,0,0,0,0,0],[0,0,0,0,1,0,0,0,0,0,0]]",False,3,6,7,2,18,92,18,37
2,1,ps_mip_oracle,PS-MIP (intended-target oracle),8,bic_x16,graph_bic_multiplier,16,intended_targets_oracle,20260901,e9ce21c7b59bc711fd15a108e1b2fc6b28b2df9f51750099b1dc46b524524897,dda019b4bd2708fce4d6e383f2c3d37297759bd3,"[""Raf"",""Mek"",""PLCg"",""PIP2"",""PIP3"",""Erk"",""Akt"",""PKA"",""PKC"",""p38"",""JNK""]","[1755,911,723,810,799,848]",1755,4091,5846,"{""data_preprocessing"":""within_environment_centering_then_observational_population_sd_scaling"",""fit_time_limit_seconds"":14400.0,""implementation"":{""files"":{""MIP.py"":""b6ba5d31edf2ecb82b71eb6b590bea1ff6b6ff900c5c744742357c6b13771618"",""MIP_profiled.py"":""9e1566b8775e0739b5dd3a6c398d0c0f3da42a638f24b20353fba0a802afd4a8"",""experiments/run_sachs_roc.py"":""693d312888b75d14bd1d233038a1d3a2b304dcd7fee353f44e2365719e1e04e2"",""src/sachs_data.py"":""ffb32c1afce83fbefa1c8c3cf15870b59f48777daa76bbcae85c3e463908f311"",""src/utils.py"":""f01793e8b6d3c43caa8183bbf4fe3a1837d3de10e01d304e842bcfada449e153""},""protocol_revision"":2,""sha256"":""8d0070e53e36f737b4faaa327e5fdd7f05b7edba01a6bec8668a9f8013fea9f4""},""roc_basis"":""returned_or_deterministic_representative_dag"",""runtime_environment"":{""distributions_sha256"":""68cf7e3ca0e9990911bd854a560a2beec32895d37fe44a26334dc305595bc4e3"",""key_distributions"":{""causaldag"":""0.1a163"",""gies"":""0.0.3"",""gnies"":""0.3.3"",""gurobipy"":""12.0.3"",""numpy"":""1.22.3"",""scikit-learn"":""1.3.2"",""scipy"":""1.11.4""},""python_version"":""3.9.5""},""seed_usage"":""gurobi_Seed"",""setting"":{""bic_multiplier"":16,""graph_penalty"":0.023738660131840415,""setting_id"":""bic_x16"",""target_penalty"":0.001483666258240026,""tuning_parameter"":""graph_bic_multiplier"",""tuning_value"":16},""source"":{""gurobipy_version"":""12.0.3"",""implementation"":""MIP_profiled.optimization"",""name"":""PS-MIP""},""threads"":8,""utigsp_protocol_note"":null}",dag_and_i_cpdag,"[[0,0,0,0,0,0,0,0,0,0,0],[1,0,0,0,0,0,0,0,0,0,0],[0,0,0,0,0,0,0,0,0,0,0],[0,0,1,0,0,0,0,0,0,0,0],[0,0,0,1,0,0,0,0,0,0,0],[0,0,0,0,0,0,0,1,0,0,0],[0,0,0,0,0,1,0,1,0,0,0],[0,0,0,0,0,0,0,0,0,0,0],[0,0,0,0,0,0,0,0,0,1,0],[0,0,0,0,0,0,0,0,0,0,1],[0,0,0,0,0,0,0,0,0,0,0]]","[[0,0,0,0,0,0,0,0,0,0,0],[1,0,0,0,0,0,0,0,0,0,0],[0,0,0,0,0,0,0,0,0,0,0],[0,0,1,0,0,0,0,0,0,0,0],[0,0,0,1,0,0,0,0,0,0,0],[0,0,0,0,0,0,0,1,0,0,0],[0,0,0,0,0,1,0,1,0,0,0],[0,0,0,0,0,1,0,0,0,0,0],[0,0,0,0,0,0,0,0,0,1,0],[0,0,0,0,0,0,0,0,0,0,1],[0,0,0,0,0,0,0,0,0,0,0]]","[[0,0,0,0,0,0,1,0,0,0,0],[0,0,0,0,0,0,0,0,1,0,0],[0,0,0,1,0,0,0,0,0,0,0],[0,1,0,0,0,0,0,0,0,0,0],[0,0,0,0,1,0,0,0,0,0,0]]",2,6,16,86,0.1111111111111111,0.06521739130434782,6,2,12,35,0.3333333333333333,0.05405405405405406,complete_undirected_superstructure,55,11264,46.71367914136499,0.04305386543273926,9.003211309399298,9.003211309399296,0.0,optimal,2,True,4,1.0,ok,,/gpfs/projects/p32811/micodag-intervenion/experiment_results/sachs/parts/ps_mip_oracle/setting_09.csv,2,"[[0,0,0,0,0,0,0,0,0,0,0],[1,0,0,0,0,0,0,0,0,0,0],[0,0,0,0,0,0,0,0,0,0,0],[0,0,1,0,0,0,0,0,0,0,0],[0,0,0,1,0,0,0,0,0,0,0],[0,0,0,0,0,0,0,1,0,0,0],[0,0,0,0,0,1,0,1,0,0,0],[0,0,0,0,0,0,0,0,0,0,0],[0,0,0,0,0,0,0,0,0,1,0],[0,0,0,0,0,0,0,0,0,0,1],[0,0,0,0,0,0,0,0,0,0,0]]","[[0,0,0,0,0,0,0,0,0,0,0],[1,0,0,0,0,0,0,0,0,0,0],[0,0,0,0,0,0,0,0,0,0,0],[0,0,1,0,0,0,0,0,0,0,0],[0,0,0,1,0,0,0,0,0,0,0],[0,0,0,0,0,0,0,1,0,0,0],[0,0,0,0,0,1,0,1,0,0,0],[0,0,0,0,0,1,0,0,0,0,0],[0,0,0,0,0,0,0,0,0,1,0],[0,0,0,0,0,0,0,0,0,0,1],[0,0,0,0,0,0,0,0,0,0,0]]","[[0,0,0,0,0,0,1,0,0,0,0],[0,0,0,0,0,0,0,0,1,0,0],[0,0,0,1,0,0,0,0,0,0,0],[0,1,0,0,0,0,0,0,0,0,0],[0,0,0,0,1,0,0,0,0,0,0]]",False,2,6,6,2,18,92,18,37
2,1,igsp_oracle,IGSP (intended-target oracle),0,alpha_0p1,conditional_independence_alpha,0.1,intended_targets_oracle,20260901,e9ce21c7b59bc711fd15a108e1b2fc6b28b2df9f51750099b1dc46b524524897,dda019b4bd2708fce4d6e383f2c3d37297759bd3,"[""Raf"",""Mek"",""PLCg"",""PIP2"",""PIP3"",""Erk"",""Akt"",""PKA"",""PKC"",""p38"",""JNK""]","[1755,911,723,810,799,848]",1755,4091,5846,"{""data_preprocessing"":""author_log_values; tests handle centering internally"",""fit_time_limit_seconds"":3600.0,""implementation"":{""files"":{""IGSP.py"":""572ffc6d1bdb88256ae3e9f433ca43e10cd8b145953e61345d4c7f2ee27b24d4"",""UTIGSP.py"":""3973f67e884621c5a01f640fbb8fa1cf5d74c185e1fe9b18177c63b857894572"",""experiments/run_sachs_roc.py"":""489a8e862120b1f2ef691af58a155cc976e9484bdf397e02146b11c85cf8c932"",""src/sachs_data.py"":""ffb32c1afce83fbefa1c8c3cf15870b59f48777daa76bbcae85c3e463908f311"",""src/utils.py"":""f01793e8b6d3c43caa8183bbf4fe3a1837d3de10e01d304e842bcfada449e153""},""protocol_revision"":2,""sha256"":""725712057f6cbe261f39152883403893654215bddf3637f6aef5d1f28ff7218d""},""roc_basis"":""returned_or_deterministic_representative_dag"",""runtime_environment"":{""distributions_sha256"":""9c7a4a5cb7f6697a085b6d58d0d66c4e250a3d6ca85f10964dbf36997f07634f"",""key_distributions"":{""causaldag"":""0.1a163"",""gies"":""0.0.3"",""gnies"":""0.3.2"",""gurobipy"":""12.0.3"",""numpy"":""1.22.3"",""scikit-learn"":""1.3.2"",""scipy"":""1.11.4""},""python_version"":""3.9.5""},""seed_usage"":""python_and_numpy_search_initialization"",""setting"":{""alpha"":0.1,""alpha_inv"":1e-20,""setting_id"":""alpha_0p1"",""tuning_parameter"":""conditional_independence_alpha"",""tuning_value"":0.1},""source"":{""name"":""IGSP"",""url"":""https://github.com/uhlerlab/causaldag"",""version"":""0.1a163""},""threads"":8,""utigsp_protocol_note"":""modern Gaussian-invariance adapter with alpha_inv=1e-20; the public paper-era code/result provenance is internally inconsistent""}",dag_and_i_cpdag,"[[0,1,0,0,0,0,0,0,0,1,0],[0,0,0,0,0,0,1,0,0,0,0],[0,1,0,0,1,0,0,0,0,1,1],[0,1,1,0,1,0,1,0,0,0,1],[0,1,0,0,0,0,0,0,0,0,1],[0,0,0,0,0,0,1,1,0,0,0],[0,0,0,0,0,0,0,0,0,0,0],[0,1,1,1,1,0,1,0,0,0,0],[0,0,0,0,0,0,0,0,0,0,0],[0,0,0,0,0,0,0,0,1,0,0],[0,0,0,0,0,0,0,0,1,1,0]]","[[0,1,0,0,0,0,0,0,0,1,0],[0,0,0,0,0,0,1,0,0,0,0],[0,1,0,0,1,0,0,0,0,1,1],[0,1,1,0,1,0,1,0,0,0,1],[0,1,0,0,0,0,0,0,0,0,1],[0,0,0,0,0,0,1,1,0,0,0],[0,0,0,0,0,0,0,0,0,0,0],[0,1,1,1,1,1,1,0,0,0,0],[0,0,0,0,0,0,0,0,0,0,0],[0,0,0,0,0,0,0,0,1,0,0],[0,0,0,0,0,0,0,0,1,1,0]]","[[0,0,0,0,0,0,1,0,0,0,0],[0,0,0,0,0,0,0,0,1,0,0],[0,0,0,1,0,0,0,0,0,0,0],[0,1,0,0,0,0,0,0,0,0,0],[0,0,0,0,1,0,0,0,0,0,0]]",3,21,15,71,0.16666666666666666,0.22826086956521738,9,15,9,22,0.5,0.40540540540540543,,,,42.1927270963788,,,,,,,,,,ok,,/gpfs/projects/p32811/micodag-intervenion/experiment_results/sachs/parts/igsp_oracle/setting_01.csv,2,"[[0,1,0,0,0,0,0,0,0,1,0],[0,0,0,0,0,0,1,0,0,0,0],[0,1,0,0,1,0,0,0,0,1,1],[0,1,1,0,1,0,1,0,0,0,1],[0,1,0,0,0,0,0,0,0,0,1],[0,0,0,0,0,0,1,1,0,0,0],[0,0,0,0,0,0,0,0,0,0,0],[0,1,1,1,1,0,1,0,0,0,0],[0,0,0,0,0,0,0,0,0,0,0],[0,0,0,0,0,0,0,0,1,0,0],[0,0,0,0,0,0,0,0,1,1,0]]","[[0,1,0,0,0,0,0,0,0,1,0],[0,0,0,0,0,0,1,0,0,0,0],[0,1,0,0,1,0,0,0,0,1,1],[0,1,1,0,1,0,1,0,0,0,1],[0,1,0,0,0,0,0,0,0,0,1],[0,0,0,0,0,0,1,1,0,0,0],[0,0,0,0,0,0,0,0,0,0,0],[0,1,1,1,1,1,1,0,0,0,0],[0,0,0,0,0,0,0,0,0,0,0],[0,0,0,0,0,0,0,0,1,0,0],[0,0,0,0,0,0,0,0,1,1,0]]","[[0,0,0,0,0,0,1,0,0,0,0],[0,0,0,0,0,0,0,0,1,0,0],[0,0,0,1,0,0,0,0,0,0,0],[0,1,0,0,0,0,0,0,0,0,0],[0,0,0,0,1,0,0,0,0,0,0]]",False,3,21,9,15,18,92,18,37
2,1,igsp_oracle,IGSP (intended-target oracle),1,alpha_0p01,conditional_independence_alpha,0.01,intended_targets_oracle,20260901,e9ce21c7b59bc711fd15a108e1b2fc6b28b2df9f51750099b1dc46b524524897,dda019b4bd2708fce4d6e383f2c3d37297759bd3,"[""Raf"",""Mek"",""PLCg"",""PIP2"",""PIP3"",""Erk"",""Akt"",""PKA"",""PKC"",""p38"",""JNK""]","[1755,911,723,810,799,848]",1755,4091,5846,"{""data_preprocessing"":""author_log_values; tests handle centering internally"",""fit_time_limit_seconds"":3600.0,""implementation"":{""files"":{""IGSP.py"":""572ffc6d1bdb88256ae3e9f433ca43e10cd8b145953e61345d4c7f2ee27b24d4"",""UTIGSP.py"":""3973f67e884621c5a01f640fbb8fa1cf5d74c185e1fe9b18177c63b857894572"",""experiments/run_sachs_roc.py"":""489a8e862120b1f2ef691af58a155cc976e9484bdf397e02146b11c85cf8c932"",""src/sachs_data.py"":""ffb32c1afce83fbefa1c8c3cf15870b59f48777daa76bbcae85c3e463908f311"",""src/utils.py"":""f01793e8b6d3c43caa8183bbf4fe3a1837d3de10e01d304e842bcfada449e153""},""protocol_revision"":2,""sha256"":""725712057f6cbe261f39152883403893654215bddf3637f6aef5d1f28ff7218d""},""roc_basis"":""returned_or_deterministic_representative_dag"",""runtime_environment"":{""distributions_sha256"":""9c7a4a5cb7f6697a085b6d58d0d66c4e250a3d6ca85f10964dbf36997f07634f"",""key_distributions"":{""causaldag"":""0.1a163"",""gies"":""0.0.3"",""gnies"":""0.3.2"",""gurobipy"":""12.0.3"",""numpy"":""1.22.3"",""scikit-learn"":""1.3.2"",""scipy"":""1.11.4""},""python_version"":""3.9.5""},""seed_usage"":""python_and_numpy_search_initialization"",""setting"":{""alpha"":0.01,""alpha_inv"":1e-20,""setting_id"":""alpha_0p01"",""tuning_parameter"":""conditional_independence_alpha"",""tuning_value"":0.01},""source"":{""name"":""IGSP"",""url"":""https://github.com/uhlerlab/causaldag"",""version"":""0.1a163""},""threads"":8,""utigsp_protocol_note"":""modern Gaussian-invariance adapter with alpha_inv=1e-20; the public paper-era code/result provenance is internally inconsistent""}",dag_and_i_cpdag,"[[0,1,0,0,0,0,0,1,0,0,0],[0,0,0,0,0,0,0,1,0,0,0],[0,1,0,0,0,0,0,0,0,0,0],[0,1,1,0,1,0,0,1,0,0,0],[0,1,0,0,0,0,0,1,0,0,0],[0,0,0,0,0,0,1,0,0,0,0],[0,0,0,0,0,0,0,0,0,0,0],[0,0,0,0,0,1,1,0,0,0,0],[0,0,0,0,0,0,0,0,0,1,0],[0,0,0,0,0,0,0,0,0,0,1],[0,0,0,0,0,0,0,0,0,0,0]]","[[0,1,0,0,0,0,0,1,0,0,0],[0,0,0,0,0,0,0,1,0,0,0],[0,1,0,0,0,0,0,0,0,0,0],[0,1,1,0,1,0,0,1,0,0,0],[0,1,0,0,0,0,0,1,0,0,0],[0,0,0,0,0,0,1,0,0,0,0],[0,0,0,0,0,0,0,0,0,0,0],[0,0,0,0,0,1,1,0,0,0,0],[0,0,0,0,0,0,0,0,0,1,0],[0,0,0,0,0,0,0,0,0,0,1],[0,0,0,0,0,0,0,0,0,0,0]]","[[0,0,0,0,0,0,1,0,0,0,0],[0,0,0,0,0,0,0,0,1,0,0],[0,0,0,1,0,0,0,0,0,0,0],[0,1,0,0,0,0,0,0,0,0,0],[0,0,0,0,1,0,0,0,0,0,0]]",4,11,14,81,0.2222222222222222,0.11956521739130435,8,7,10,30,0.4444444444444444,0.1891891891891892,,,,42.1632400136441,,,,,,,,,,ok,,/gpfs/projects/p32811/micodag-intervenion/experiment_results/sachs/parts/igsp_oracle/setting_02.csv,2,"[[0,1,0,0,0,0,0,1,0,0,0],[0,0,0,0,0,0,0,1,0,0,0],[0,1,0,0,0,0,0,0,0,0,0],[0,1,1,0,1,0,0,1,0,0,0],[0,1,0,0,0,0,0,1,0,0,0],[0,0,0,0,0,0,1,0,0,0,0],[0,0,0,0,0,0,0,0,0,0,0],[0,0,0,0,0,1,1,0,0,0,0],[0,0,0,0,0,0,0,0,0,1,0],[0,0,0,0,0,0,0,0,0,0,1],[0,0,0,0,0,0,0,0,0,0,0]]","[[0,1,0,0,0,0,0,1,0,0,0],[0,0,0,0,0,0,0,1,0,0,0],[0,1,0,0,0,0,0,0,0,0,0],[0,1,1,0,1,0,0,1,0,0,0],[0,1,0,0,0,0,0,1,0,0,0],[0,0,0,0,0,0,1,0,0,0,0],[0,0,0,0,0,0,0,0,0,0,0],[0,0,0,0,0,1,1,0,0,0,0],[0,0,0,0,0,0,0,0,0,1,0],[0,0,0,0,0,0,0,0,0,0,1],[0,0,0,0,0,0,0,0,0,0,0]]","[[0,0,0,0,0,0,1,0,0,0,0],[0,0,0,0,0,0,0,0,1,0,0],[0,0,0,1,0,0,0,0,0,0,0],[0,1,0,0,0,0,0,0,0,0,0],[0,0,0,0,1,0,0,0,0,0,0]]",False,4,11,8,7,18,92,18,37
2,1,igsp_oracle,IGSP (intended-target oracle),2,alpha_0p001,conditional_independence_alpha,0.001,intended_targets_oracle,20260901,e9ce21c7b59bc711fd15a108e1b2fc6b28b2df9f51750099b1dc46b524524897,dda019b4bd2708fce4d6e383f2c3d37297759bd3,"[""Raf"",""Mek"",""PLCg"",""PIP2"",""PIP3"",""Erk"",""Akt"",""PKA"",""PKC"",""p38"",""JNK""]","[1755,911,723,810,799,848]",1755,4091,5846,"{""data_preprocessing"":""author_log_values; tests handle centering internally"",""fit_time_limit_seconds"":3600.0,""implementation"":{""files"":{""IGSP.py"":""572ffc6d1bdb88256ae3e9f433ca43e10cd8b145953e61345d4c7f2ee27b24d4"",""UTIGSP.py"":""3973f67e884621c5a01f640fbb8fa1cf5d74c185e1fe9b18177c63b857894572"",""experiments/run_sachs_roc.py"":""489a8e862120b1f2ef691af58a155cc976e9484bdf397e02146b11c85cf8c932"",""src/sachs_data.py"":""ffb32c1afce83fbefa1c8c3cf15870b59f48777daa76bbcae85c3e463908f311"",""src/utils.py"":""f01793e8b6d3c43caa8183bbf4fe3a1837d3de10e01d304e842bcfada449e153""},""protocol_revision"":2,""sha256"":""725712057f6cbe261f39152883403893654215bddf3637f6aef5d1f28ff7218d""},""roc_basis"":""returned_or_deterministic_representative_dag"",""runtime_environment"":{""distributions_sha256"":""9c7a4a5cb7f6697a085b6d58d0d66c4e250a3d6ca85f10964dbf36997f07634f"",""key_distributions"":{""causaldag"":""0.1a163"",""gies"":""0.0.3"",""gnies"":""0.3.2"",""gurobipy"":""12.0.3"",""numpy"":""1.22.3"",""scikit-learn"":""1.3.2"",""scipy"":""1.11.4""},""python_version"":""3.9.5""},""seed_usage"":""python_and_numpy_search_initialization"",""setting"":{""alpha"":0.001,""alpha_inv"":1e-20,""setting_id"":""alpha_0p001"",""tuning_parameter"":""conditional_independence_alpha"",""tuning_value"":0.001},""source"":{""name"":""IGSP"",""url"":""https://github.com/uhlerlab/causaldag"",""version"":""0.1a163""},""threads"":8,""utigsp_protocol_note"":""modern Gaussian-invariance adapter with alpha_inv=1e-20; the public paper-era code/result provenance is internally inconsistent""}",dag_and_i_cpdag,"[[0,1,0,0,0,0,0,0,0,0,0],[0,0,1,0,0,0,0,0,0,0,0],[0,0,0,0,0,0,0,0,0,0,0],[0,1,1,0,0,0,0,0,0,0,0],[0,1,0,1,0,0,0,0,0,0,0],[0,0,0,0,0,0,1,1,0,0,0],[0,0,0,0,0,0,0,0,0,0,0],[0,0,0,1,0,0,1,0,0,0,0],[0,0,0,0,0,0,0,0,0,1,0],[0,0,0,0,0,0,0,0,0,0,1],[0,0,0,0,0,0,0,0,0,0,0]]","[[0,1,0,0,0,0,0,0,0,0,0],[0,0,1,0,0,0,0,0,0,0,0],[0,0,0,0,0,0,0,0,0,0,0],[0,1,1,0,0,0,0,0,0,0,0],[0,1,0,1,0,0,0,0,0,0,0],[0,0,0,0,0,0,1,1,0,0,0],[0,0,0,0,0,0,0,0,0,0,0],[0,0,0,1,0,1,1,0,0,0,0],[0,0,0,0,0,0,0,0,0,1,0],[0,0,0,0,0,0,0,0,0,0,1],[0,0,0,0,0,0,0,0,0,0,0]]","[[0,0,0,0,0,0,1,0,0,0,0],[0,0,0,0,0,0,0,0,1,0,0],[0,0,0,1,0,0,0,0,0,0,0],[0,1,0,0,0,0,0,0,0,0,0],[0,0,0,0,1,0,0,0,0,0,0]]",4,8,14,84,0.2222222222222222,0.08695652173913043,6,6,12,31,0.3333333333333333,0.16216216216216217,,,,27.884209053590894,,,,,,,,,,ok,,/gpfs/projects/p32811/micodag-intervenion/experiment_results/sachs/parts/igsp_oracle/setting_03.csv,2,"[[0,1,0,0,0,0,0,0,0,0,0],[0,0,1,0,0,0,0,0,0,0,0],[0,0,0,0,0,0,0,0,0,0,0],[0,1,1,0,0,0,0,0,0,0,0],[0,1,0,1,0,0,0,0,0,0,0],[0,0,0,0,0,0,1,1,0,0,0],[0,0,0,0,0,0,0,0,0,0,0],[0,0,0,1,0,0,1,0,0,0,0],[0,0,0,0,0,0,0,0,0,1,0],[0,0,0,0,0,0,0,0,0,0,1],[0,0,0,0,0,0,0,0,0,0,0]]","[[0,1,0,0,0,0,0,0,0,0,0],[0,0,1,0,0,0,0,0,0,0,0],[0,0,0,0,0,0,0,0,0,0,0],[0,1,1,0,0,0,0,0,0,0,0],[0,1,0,1,0,0,0,0,0,0,0],[0,0,0,0,0,0,1,1,0,0,0],[0,0,0,0,0,0,0,0,0,0,0],[0,0,0,1,0,1,1,0,0,0,0],[0,0,0,0,0,0,0,0,0,1,0],[0,0,0,0,0,0,0,0,0,0,1],[0,0,0,0,0,0,0,0,0,0,0]]","[[0,0,0,0,0,0,1,0,0,0,0],[0,0,0,0,0,0,0,0,1,0,0],[0,0,0,1,0,0,0,0,0,0,0],[0,1,0,0,0,0,0,0,0,0,0],[0,0,0,0,1,0,0,0,0,0,0]]",False,4,8,6,6,18,92,18,37
2,1,igsp_oracle,IGSP (intended-target oracle),3,alpha_0p2,conditional_independence_alpha,0.2,intended_targets_oracle,20260901,e9ce21c7b59bc711fd15a108e1b2fc6b28b2df9f51750099b1dc46b524524897,dda019b4bd2708fce4d6e383f2c3d37297759bd3,"[""Raf"",""Mek"",""PLCg"",""PIP2"",""PIP3"",""Erk"",""Akt"",""PKA"",""PKC"",""p38"",""JNK""]","[1755,911,723,810,799,848]",1755,4091,5846,"{""data_preprocessing"":""author_log_values; tests handle centering internally"",""fit_time_limit_seconds"":3600.0,""implementation"":{""files"":{""IGSP.py"":""572ffc6d1bdb88256ae3e9f433ca43e10cd8b145953e61345d4c7f2ee27b24d4"",""UTIGSP.py"":""3973f67e884621c5a01f640fbb8fa1cf5d74c185e1fe9b18177c63b857894572"",""experiments/run_sachs_roc.py"":""489a8e862120b1f2ef691af58a155cc976e9484bdf397e02146b11c85cf8c932"",""src/sachs_data.py"":""ffb32c1afce83fbefa1c8c3cf15870b59f48777daa76bbcae85c3e463908f311"",""src/utils.py"":""f01793e8b6d3c43caa8183bbf4fe3a1837d3de10e01d304e842bcfada449e153""},""protocol_revision"":2,""sha256"":""725712057f6cbe261f39152883403893654215bddf3637f6aef5d1f28ff7218d""},""roc_basis"":""returned_or_deterministic_representative_dag"",""runtime_environment"":{""distributions_sha256"":""9c7a4a5cb7f6697a085b6d58d0d66c4e250a3d6ca85f10964dbf36997f07634f"",""key_distributions"":{""causaldag"":""0.1a163"",""gies"":""0.0.3"",""gnies"":""0.3.2"",""gurobipy"":""12.0.3"",""numpy"":""1.22.3"",""scikit-learn"":""1.3.2"",""scipy"":""1.11.4""},""python_version"":""3.9.5""},""seed_usage"":""python_and_numpy_search_initialization"",""setting"":{""alpha"":0.2,""alpha_inv"":1e-20,""setting_id"":""alpha_0p2"",""tuning_parameter"":""conditional_independence_alpha"",""tuning_value"":0.2},""source"":{""name"":""IGSP"",""url"":""https://github.com/uhlerlab/causaldag"",""version"":""0.1a163""},""threads"":8,""utigsp_protocol_note"":""modern Gaussian-invariance adapter with alpha_inv=1e-20; the public paper-era code/result provenance is internally inconsistent""}",dag_and_i_cpdag,"[[0,1,1,0,0,1,0,0,0,1,0],[0,0,1,0,0,0,1,0,0,0,0],[0,0,0,0,0,0,0,0,1,1,1],[0,1,1,0,1,1,1,0,0,0,1],[0,1,1,0,0,1,1,0,0,0,1],[0,0,0,0,0,0,1,0,0,0,0],[0,0,0,0,0,0,0,0,0,0,0],[0,1,1,1,1,1,1,0,0,0,0],[0,0,0,0,0,0,0,0,0,0,0],[0,0,0,0,0,1,0,0,1,0,1],[0,0,0,0,0,0,0,0,1,0,0]]","[[0,1,1,0,0,1,0,0,0,1,0],[0,0,1,0,0,0,1,0,0,0,0],[0,0,0,0,0,0,0,0,1,1,1],[0,1,1,0,1,1,1,0,0,0,1],[0,1,1,0,0,1,1,0,0,0,1],[0,0,0,0,0,0,1,0,0,0,0],[0,0,0,0,0,0,0,0,0,0,0],[0,1,1,1,1,1,1,0,0,0,0],[0,0,0,0,0,0,0,0,0,0,0],[0,0,0,0,0,1,0,0,1,0,1],[0,0,0,0,0,0,0,0,1,0,0]]","[[0,0,0,0,0,0,1,0,0,0,0],[0,0,0,0,0,0,0,0,1,0,0],[0,0,0,1,0,0,0,0,0,0,0],[0,1,0,0,0,0,0,0,0,0,0],[0,0,0,0,1,0,0,0,0,0,0]]",7,24,11,68,0.3888888888888889,0.2608695652173913,11,20,7,17,0.6111111111111112,0.5405405405405406,,,,35.64860222116113,,,,,,,,,,ok,,/gpfs/projects/p32811/micodag-intervenion/experiment_results/sachs/parts/igsp_oracle/setting_04.csv,2,"[[0,1,1,0,0,1,0,0,0,1,0],[0,0,1,0,0,0,1,0,0,0,0],[0,0,0,0,0,0,0,0,1,1,1],[0,1,1,0,1,1,1,0,0,0,1],[0,1,1,0,0,1,1,0,0,0,1],[0,0,0,0,0,0,1,0,0,0,0],[0,0,0,0,0,0,0,0,0,0,0],[0,1,1,1,1,1,1,0,0,0,0],[0,0,0,0,0,0,0,0,0,0,0],[0,0,0,0,0,1,0,0,1,0,1],[0,0,0,0,0,0,0,0,1,0,0]]","[[0,1,1,0,0,1,0,0,0,1,0],[0,0,1,0,0,0,1,0,0,0,0],[0,0,0,0,0,0,0,0,1,1,1],[0,1,1,0,1,1,1,0,0,0,1],[0,1,1,0,0,1,1,0,0,0,1],[0,0,0,0,0,0,1,0,0,0,0],[0,0,0,0,0,0,0,0,0,0,0],[0,1,1,1,1,1,1,0,0,0,0],[0,0,0,0,0,0,0,0,0,0,0],[0,0,0,0,0,1,0,0,1,0,1],[0,0,0,0,0,0,0,0,1,0,0]]","[[0,0,0,0,0,0,1,0,0,0,0],[0,0,0,0,0,0,0,0,1,0,0],[0,0,0,1,0,0,0,0,0,0,0],[0,1,0,0,0,0,0,0,0,0,0],[0,0,0,0,1,0,0,0,0,0,0]]",False,7,24,11,20,18,92,18,37
2,1,igsp_oracle,IGSP (intended-target oracle),4,alpha_0p3,conditional_independence_alpha,0.3,intended_targets_oracle,20260901,e9ce21c7b59bc711fd15a108e1b2fc6b28b2df9f51750099b1dc46b524524897,dda019b4bd2708fce4d6e383f2c3d37297759bd3,"[""Raf"",""Mek"",""PLCg"",""PIP2"",""PIP3"",""Erk"",""Akt"",""PKA"",""PKC"",""p38"",""JNK""]","[1755,911,723,810,799,848]",1755,4091,5846,"{""data_preprocessing"":""author_log_values; tests handle centering internally"",""fit_time_limit_seconds"":3600.0,""implementation"":{""files"":{""IGSP.py"":""572ffc6d1bdb88256ae3e9f433ca43e10cd8b145953e61345d4c7f2ee27b24d4"",""UTIGSP.py"":""3973f67e884621c5a01f640fbb8fa1cf5d74c185e1fe9b18177c63b857894572"",""experiments/run_sachs_roc.py"":""489a8e862120b1f2ef691af58a155cc976e9484bdf397e02146b11c85cf8c932"",""src/sachs_data.py"":""ffb32c1afce83fbefa1c8c3cf15870b59f48777daa76bbcae85c3e463908f311"",""src/utils.py"":""f01793e8b6d3c43caa8183bbf4fe3a1837d3de10e01d304e842bcfada449e153""},""protocol_revision"":2,""sha256"":""725712057f6cbe261f39152883403893654215bddf3637f6aef5d1f28ff7218d""},""roc_basis"":""returned_or_deterministic_representative_dag"",""runtime_environment"":{""distributions_sha256"":""9c7a4a5cb7f6697a085b6d58d0d66c4e250a3d6ca85f10964dbf36997f07634f"",""key_distributions"":{""causaldag"":""0.1a163"",""gies"":""0.0.3"",""gnies"":""0.3.2"",""gurobipy"":""12.0.3"",""numpy"":""1.22.3"",""scikit-learn"":""1.3.2"",""scipy"":""1.11.4""},""python_version"":""3.9.5""},""seed_usage"":""python_and_numpy_search_initialization"",""setting"":{""alpha"":0.3,""alpha_inv"":1e-20,""setting_id"":""alpha_0p3"",""tuning_parameter"":""conditional_independence_alpha"",""tuning_value"":0.3},""source"":{""name"":""IGSP"",""url"":""https://github.com/uhlerlab/causaldag"",""version"":""0.1a163""},""threads"":8,""utigsp_protocol_note"":""modern Gaussian-invariance adapter with alpha_inv=1e-20; the public paper-era code/result provenance is internally inconsistent""}",dag_and_i_cpdag,"[[0,0,0,0,1,1,0,0,1,1,0],[1,0,0,1,1,1,0,1,0,1,0],[1,0,0,0,1,1,0,0,0,1,1],[1,0,1,0,1,1,0,0,0,0,1],[0,0,0,0,0,0,0,0,0,0,0],[0,0,0,0,1,0,0,0,0,1,1],[0,0,0,0,1,1,0,1,0,1,1],[1,0,1,1,1,1,0,0,0,0,0],[0,0,0,0,0,0,0,0,0,1,1],[0,0,0,0,0,0,0,0,0,0,0],[0,0,0,0,1,0,0,0,0,1,0]]","[[0,0,0,0,1,1,0,0,1,1,0],[1,0,0,1,1,1,0,1,0,1,0],[1,0,0,0,1,1,0,0,0,1,1],[1,0,1,0,1,1,0,0,0,0,1],[0,0,0,0,0,0,0,0,0,0,0],[0,0,0,0,1,0,0,0,0,1,1],[0,0,0,0,1,1,0,1,0,1,1],[1,0,1,1,1,1,0,0,0,0,0],[0,0,0,0,0,0,0,0,0,1,1],[0,0,0,0,0,0,0,0,0,0,0],[0,0,0,0,1,0,0,0,0,1,0]]","[[0,0,0,0,0,0,1,0,0,0,0],[0,0,0,0,0,0,0,0,1,0,0],[0,0,0,1,0,0,0,0,0,0,0],[0,1,0,0,0,0,0,0,0,0,0],[0,0,0,0,1,0,0,0,0,0,0]]",5,32,13,60,0.2777777777777778,0.34782608695652173,13,24,5,13,0.7222222222222222,0.6486486486486487,,,,43.725712611339986,,,,,,,,,,ok,,/gpfs/projects/p32811/micodag-intervenion/experiment_results/sachs/parts/igsp_oracle/setting_05.csv,2,"[[0,0,0,0,1,1,0,0,1,1,0],[1,0,0,1,1,1,0,1,0,1,0],[1,0,0,0,1,1,0,0,0,1,1],[1,0,1,0,1,1,0,0,0,0,1],[0,0,0,0,0,0,0,0,0,0,0],[0,0,0,0,1,0,0,0,0,1,1],[0,0,0,0,1,1,0,1,0,1,1],[1,0,1,1,1,1,0,0,0,0,0],[0,0,0,0,0,0,0,0,0,1,1],[0,0,0,0,0,0,0,0,0,0,0],[0,0,0,0,1,0,0,0,0,1,0]]","[[0,0,0,0,1,1,0,0,1,1,0],[1,0,0,1,1,1,0,1,0,1,0],[1,0,0,0,1,1,0,0,0,1,1],[1,0,1,0,1,1,0,0,0,0,1],[0,0,0,0,0,0,0,0,0,0,0],[0,0,0,0,1,0,0,0,0,1,1],[0,0,0,0,1,1,0,1,0,1,1],[1,0,1,1,1,1,0,0,0,0,0],[0,0,0,0,0,0,0,0,0,1,1],[0,0,0,0,0,0,0,0,0,0,0],[0,0,0,0,1,0,0,0,0,1,0]]","[[0,0,0,0,0,0,1,0,0,0,0],[0,0,0,0,0,0,0,0,1,0,0],[0,0,0,1,0,0,0,0,0,0,0],[0,1,0,0,0,0,0,0,0,0,0],[0,0,0,0,1,0,0,0,0,0,0]]",False,5,32,13,24,18,92,18,37
2,1,igsp_oracle,IGSP (intended-target oracle),5,alpha_0p4,conditional_independence_alpha,0.4,intended_targets_oracle,20260901,e9ce21c7b59bc711fd15a108e1b2fc6b28b2df9f51750099b1dc46b524524897,dda019b4bd2708fce4d6e383f2c3d37297759bd3,"[""Raf"",""Mek"",""PLCg"",""PIP2"",""PIP3"",""Erk"",""Akt"",""PKA"",""PKC"",""p38"",""JNK""]","[1755,911,723,810,799,848]",1755,4091,5846,"{""data_preprocessing"":""author_log_values; tests handle centering internally"",""fit_time_limit_seconds"":3600.0,""implementation"":{""files"":{""IGSP.py"":""572ffc6d1bdb88256ae3e9f433ca43e10cd8b145953e61345d4c7f2ee27b24d4"",""UTIGSP.py"":""3973f67e884621c5a01f640fbb8fa1cf5d74c185e1fe9b18177c63b857894572"",""experiments/run_sachs_roc.py"":""489a8e862120b1f2ef691af58a155cc976e9484bdf397e02146b11c85cf8c932"",""src/sachs_data.py"":""ffb32c1afce83fbefa1c8c3cf15870b59f48777daa76bbcae85c3e463908f311"",""src/utils.py"":""f01793e8b6d3c43caa8183bbf4fe3a1837d3de10e01d304e842bcfada449e153""},""protocol_revision"":2,""sha256"":""725712057f6cbe261f39152883403893654215bddf3637f6aef5d1f28ff7218d""},""roc_basis"":""returned_or_deterministic_representative_dag"",""runtime_environment"":{""distributions_sha256"":""9c7a4a5cb7f6697a085b6d58d0d66c4e250a3d6ca85f10964dbf36997f07634f"",""key_distributions"":{""causaldag"":""0.1a163"",""gies"":""0.0.3"",""gnies"":""0.3.2"",""gurobipy"":""12.0.3"",""numpy"":""1.22.3"",""scikit-learn"":""1.3.2"",""scipy"":""1.11.4""},""python_version"":""3.9.5""},""seed_usage"":""python_and_numpy_search_initialization"",""setting"":{""alpha"":0.4,""alpha_inv"":1e-20,""setting_id"":""alpha_0p4"",""tuning_parameter"":""conditional_independence_alpha"",""tuning_value"":0.4},""source"":{""name"":""IGSP"",""url"":""https://github.com/uhlerlab/causaldag"",""version"":""0.1a163""},""threads"":8,""utigsp_protocol_note"":""modern Gaussian-invariance adapter with alpha_inv=1e-20; the public paper-era code/result provenance is internally inconsistent""}",dag_and_i_cpdag,"[[0,0,0,0,0,0,0,0,0,1,0],[1,0,1,0,0,0,1,0,0,1,0],[1,0,0,0,0,0,0,0,0,1,1],[1,1,1,0,1,0,1,0,0,0,1],[1,1,1,0,0,0,1,0,0,0,1],[0,0,1,1,1,0,1,0,0,1,1],[0,0,0,0,0,0,0,0,0,1,1],[1,1,1,1,1,1,1,0,0,0,0],[0,0,0,0,0,0,0,1,0,1,1],[0,0,0,0,0,0,0,0,0,0,0],[0,0,0,0,0,0,0,0,0,1,0]]","[[0,0,0,0,0,0,0,0,0,1,0],[1,0,1,0,0,0,1,0,0,1,0],[1,0,0,0,0,0,0,0,0,1,1],[1,1,1,0,1,0,1,0,0,0,1],[1,1,1,0,0,0,1,0,0,0,1],[0,0,1,1,1,0,1,0,0,1,1],[0,0,0,0,0,0,0,0,0,1,1],[1,1,1,1,1,1,1,0,0,0,0],[0,0,0,0,0,0,0,1,0,1,1],[0,0,0,0,0,0,0,0,0,0,0],[0,0,0,0,0,0,0,0,0,1,0]]","[[0,0,0,0,0,0,1,0,0,0,0],[0,0,0,0,0,0,0,0,1,0,0],[0,0,0,1,0,0,0,0,0,0,0],[0,1,0,0,0,0,0,0,0,0,0],[0,0,0,0,1,0,0,0,0,0,0]]",8,30,10,62,0.4444444444444444,0.32608695652173914,11,27,7,10,0.6111111111111112,0.7297297297297297,,,,43.76933259610087,,,,,,,,,,ok,,/gpfs/projects/p32811/micodag-intervenion/experiment_results/sachs/parts/igsp_oracle/setting_06.csv,2,"[[0,0,0,0,0,0,0,0,0,1,0],[1,0,1,0,0,0,1,0,0,1,0],[1,0,0,0,0,0,0,0,0,1,1],[1,1,1,0,1,0,1,0,0,0,1],[1,1,1,0,0,0,1,0,0,0,1],[0,0,1,1,1,0,1,0,0,1,1],[0,0,0,0,0,0,0,0,0,1,1],[1,1,1,1,1,1,1,0,0,0,0],[0,0,0,0,0,0,0,1,0,1,1],[0,0,0,0,0,0,0,0,0,0,0],[0,0,0,0,0,0,0,0,0,1,0]]","[[0,0,0,0,0,0,0,0,0,1,0],[1,0,1,0,0,0,1,0,0,1,0],[1,0,0,0,0,0,0,0,0,1,1],[1,1,1,0,1,0,1,0,0,0,1],[1,1,1,0,0,0,1,0,0,0,1],[0,0,1,1,1,0,1,0,0,1,1],[0,0,0,0,0,0,0,0,0,1,1],[1,1,1,1,1,1,1,0,0,0,0],[0,0,0,0,0,0,0,1,0,1,1],[0,0,0,0,0,0,0,0,0,0,0],[0,0,0,0,0,0,0,0,0,1,0]]","[[0,0,0,0,0,0,1,0,0,0,0],[0,0,0,0,0,0,0,0,1,0,0],[0,0,0,1,0,0,0,0,0,0,0],[0,1,0,0,0,0,0,0,0,0,0],[0,0,0,0,1,0,0,0,0,0,0]]",False,8,30,11,27,18,92,18,37
2,1,igsp_oracle,IGSP (intended-target oracle),6,alpha_0p5,conditional_independence_alpha,0.5,intended_targets_oracle,20260901,e9ce21c7b59bc711fd15a108e1b2fc6b28b2df9f51750099b1dc46b524524897,dda019b4bd2708fce4d6e383f2c3d37297759bd3,"[""Raf"",""Mek"",""PLCg"",""PIP2"",""PIP3"",""Erk"",""Akt"",""PKA"",""PKC"",""p38"",""JNK""]","[1755,911,723,810,799,848]",1755,4091,5846,"{""data_preprocessing"":""author_log_values; tests handle centering internally"",""fit_time_limit_seconds"":3600.0,""implementation"":{""files"":{""IGSP.py"":""572ffc6d1bdb88256ae3e9f433ca43e10cd8b145953e61345d4c7f2ee27b24d4"",""UTIGSP.py"":""3973f67e884621c5a01f640fbb8fa1cf5d74c185e1fe9b18177c63b857894572"",""experiments/run_sachs_roc.py"":""489a8e862120b1f2ef691af58a155cc976e9484bdf397e02146b11c85cf8c932"",""src/sachs_data.py"":""ffb32c1afce83fbefa1c8c3cf15870b59f48777daa76bbcae85c3e463908f311"",""src/utils.py"":""f01793e8b6d3c43caa8183bbf4fe3a1837d3de10e01d304e842bcfada449e153""},""protocol_revision"":2,""sha256"":""725712057f6cbe261f39152883403893654215bddf3637f6aef5d1f28ff7218d""},""roc_basis"":""returned_or_deterministic_representative_dag"",""runtime_environment"":{""distributions_sha256"":""9c7a4a5cb7f6697a085b6d58d0d66c4e250a3d6ca85f10964dbf36997f07634f"",""key_distributions"":{""causaldag"":""0.1a163"",""gies"":""0.0.3"",""gnies"":""0.3.2"",""gurobipy"":""12.0.3"",""numpy"":""1.22.3"",""scikit-learn"":""1.3.2"",""scipy"":""1.11.4""},""python_version"":""3.9.5""},""seed_usage"":""python_and_numpy_search_initialization"",""setting"":{""alpha"":0.5,""alpha_inv"":1e-20,""setting_id"":""alpha_0p5"",""tuning_parameter"":""conditional_independence_alpha"",""tuning_value"":0.5},""source"":{""name"":""IGSP"",""url"":""https://github.com/uhlerlab/causaldag"",""version"":""0.1a163""},""threads"":8,""utigsp_protocol_note"":""modern Gaussian-invariance adapter with alpha_inv=1e-20; the public paper-era code/result provenance is internally inconsistent""}",dag_and_i_cpdag,"[[0,0,1,0,0,0,0,0,0,0,0],[1,0,1,1,1,0,1,0,0,0,0],[0,0,0,0,0,0,1,0,0,0,1],[1,0,1,0,0,1,1,0,0,0,1],[1,0,1,1,0,1,1,0,0,0,1],[1,0,0,0,0,0,1,0,0,1,0],[0,0,0,0,0,0,0,0,0,0,1],[1,1,1,1,1,1,1,0,0,0,0],[0,0,1,0,1,0,0,1,0,1,1],[1,0,1,0,0,0,1,0,0,0,1],[0,0,0,0,0,0,0,0,0,0,0]]","[[0,0,1,0,0,0,0,0,0,0,0],[1,0,1,1,1,0,1,0,0,0,0],[0,0,0,0,0,0,1,0,0,0,1],[1,0,1,0,0,1,1,0,0,0,1],[1,0,1,1,0,1,1,0,0,0,1],[1,0,0,0,0,0,1,0,0,1,0],[0,0,0,0,0,0,0,0,0,0,1],[1,1,1,1,1,1,1,0,0,0,0],[0,0,1,0,1,0,0,1,0,1,1],[1,0,1,0,0,0,1,0,0,0,1],[0,0,0,0,0,0,0,0,0,0,0]]","[[0,0,0,0,0,0,1,0,0,0,0],[0,0,0,0,0,0,0,0,1,0,0],[0,0,0,1,0,0,0,0,0,0,0],[0,1,0,0,0,0,0,0,0,0,0],[0,0,0,0,1,0,0,0,0,0,0]]",9,30,9,62,0.5,0.32608695652173914,12,27,6,10,0.6666666666666666,0.7297297297297297,,,,44.03288343176246,,,,,,,,,,ok,,/gpfs/projects/p32811/micodag-intervenion/experiment_results/sachs/parts/igsp_oracle/setting_07.csv,2,"[[0,0,1,0,0,0,0,0,0,0,0],[1,0,1,1,1,0,1,0,0,0,0],[0,0,0,0,0,0,1,0,0,0,1],[1,0,1,0,0,1,1,0,0,0,1],[1,0,1,1,0,1,1,0,0,0,1],[1,0,0,0,0,0,1,0,0,1,0],[0,0,0,0,0,0,0,0,0,0,1],[1,1,1,1,1,1,1,0,0,0,0],[0,0,1,0,1,0,0,1,0,1,1],[1,0,1,0,0,0,1,0,0,0,1],[0,0,0,0,0,0,0,0,0,0,0]]","[[0,0,1,0,0,0,0,0,0,0,0],[1,0,1,1,1,0,1,0,0,0,0],[0,0,0,0,0,0,1,0,0,0,1],[1,0,1,0,0,1,1,0,0,0,1],[1,0,1,1,0,1,1,0,0,0,1],[1,0,0,0,0,0,1,0,0,1,0],[0,0,0,0,0,0,0,0,0,0,1],[1,1,1,1,1,1,1,0,0,0,0],[0,0,1,0,1,0,0,1,0,1,1],[1,0,1,0,0,0,1,0,0,0,1],[0,0,0,0,0,0,0,0,0,0,0]]","[[0,0,0,0,0,0,1,0,0,0,0],[0,0,0,0,0,0,0,0,1,0,0],[0,0,0,1,0,0,0,0,0,0,0],[0,1,0,0,0,0,0,0,0,0,0],[0,0,0,0,1,0,0,0,0,0,0]]",False,9,30,12,27,18,92,18,37
2,1,igsp_oracle,IGSP (intended-target oracle),7,alpha_0p05,conditional_independence_alpha,0.05,intended_targets_oracle,20260901,e9ce21c7b59bc711fd15a108e1b2fc6b28b2df9f51750099b1dc46b524524897,dda019b4bd2708fce4d6e383f2c3d37297759bd3,"[""Raf"",""Mek"",""PLCg"",""PIP2"",""PIP3"",""Erk"",""Akt"",""PKA"",""PKC"",""p38"",""JNK""]","[1755,911,723,810,799,848]",1755,4091,5846,"{""data_preprocessing"":""author_log_values; tests handle centering internally"",""fit_time_limit_seconds"":3600.0,""implementation"":{""files"":{""IGSP.py"":""572ffc6d1bdb88256ae3e9f433ca43e10cd8b145953e61345d4c7f2ee27b24d4"",""UTIGSP.py"":""3973f67e884621c5a01f640fbb8fa1cf5d74c185e1fe9b18177c63b857894572"",""experiments/run_sachs_roc.py"":""489a8e862120b1f2ef691af58a155cc976e9484bdf397e02146b11c85cf8c932"",""src/sachs_data.py"":""ffb32c1afce83fbefa1c8c3cf15870b59f48777daa76bbcae85c3e463908f311"",""src/utils.py"":""f01793e8b6d3c43caa8183bbf4fe3a1837d3de10e01d304e842bcfada449e153""},""protocol_revision"":2,""sha256"":""725712057f6cbe261f39152883403893654215bddf3637f6aef5d1f28ff7218d""},""roc_basis"":""returned_or_deterministic_representative_dag"",""runtime_environment"":{""distributions_sha256"":""9c7a4a5cb7f6697a085b6d58d0d66c4e250a3d6ca85f10964dbf36997f07634f"",""key_distributions"":{""causaldag"":""0.1a163"",""gies"":""0.0.3"",""gnies"":""0.3.2"",""gurobipy"":""12.0.3"",""numpy"":""1.22.3"",""scikit-learn"":""1.3.2"",""scipy"":""1.11.4""},""python_version"":""3.9.5""},""seed_usage"":""python_and_numpy_search_initialization"",""setting"":{""alpha"":0.05,""alpha_inv"":1e-20,""setting_id"":""alpha_0p05"",""tuning_parameter"":""conditional_independence_alpha"",""tuning_value"":0.05},""source"":{""name"":""IGSP"",""url"":""https://github.com/uhlerlab/causaldag"",""version"":""0.1a163""},""threads"":8,""utigsp_protocol_note"":""modern Gaussian-invariance adapter with alpha_inv=1e-20; the public paper-era code/result provenance is internally inconsistent""}",dag_and_i_cpdag,"[[0,1,1,0,0,0,0,0,0,0,0],[0,0,1,0,0,0,1,0,0,0,0],[0,0,0,0,0,0,0,0,0,1,0],[0,1,1,0,0,0,0,1,0,0,0],[0,1,1,1,0,0,0,1,0,0,0],[0,0,0,0,0,0,1,0,0,0,0],[0,0,0,0,0,0,0,0,0,0,0],[0,1,1,0,0,1,1,0,0,0,0],[0,0,0,0,0,0,0,0,0,0,0],[0,0,0,0,0,0,0,0,1,0,0],[0,0,0,1,0,0,0,0,0,1,0]]","[[0,1,1,0,0,0,0,0,0,0,0],[0,0,1,0,0,0,1,0,0,0,0],[0,0,0,0,0,0,0,0,0,1,0],[0,1,1,0,0,0,0,1,0,0,0],[0,1,1,1,0,0,0,1,0,0,0],[0,0,0,0,0,0,1,0,0,0,0],[0,0,0,0,0,0,0,0,0,0,0],[0,1,1,0,0,1,1,0,0,0,0],[0,0,0,0,0,0,0,0,0,0,0],[0,0,0,0,0,0,0,0,1,0,0],[0,0,0,1,0,0,0,0,0,1,0]]","[[0,0,0,0,0,0,1,0,0,0,0],[0,0,0,0,0,0,0,0,1,0,0],[0,0,0,1,0,0,0,0,0,0,0],[0,1,0,0,0,0,0,0,0,0,0],[0,0,0,0,1,0,0,0,0,0,0]]",6,14,12,78,0.3333333333333333,0.15217391304347827,8,12,10,25,0.4444444444444444,0.32432432432432434,,,,43.915225801989436,,,,,,,,,,ok,,/gpfs/projects/p32811/micodag-intervenion/experiment_results/sachs/parts/igsp_oracle/setting_08.csv,2,"[[0,1,1,0,0,0,0,0,0,0,0],[0,0,1,0,0,0,1,0,0,0,0],[0,0,0,0,0,0,0,0,0,1,0],[0,1,1,0,0,0,0,1,0,0,0],[0,1,1,1,0,0,0,1,0,0,0],[0,0,0,0,0,0,1,0,0,0,0],[0,0,0,0,0,0,0,0,0,0,0],[0,1,1,0,0,1,1,0,0,0,0],[0,0,0,0,0,0,0,0,0,0,0],[0,0,0,0,0,0,0,0,1,0,0],[0,0,0,1,0,0,0,0,0,1,0]]","[[0,1,1,0,0,0,0,0,0,0,0],[0,0,1,0,0,0,1,0,0,0,0],[0,0,0,0,0,0,0,0,0,1,0],[0,1,1,0,0,0,0,1,0,0,0],[0,1,1,1,0,0,0,1,0,0,0],[0,0,0,0,0,0,1,0,0,0,0],[0,0,0,0,0,0,0,0,0,0,0],[0,1,1,0,0,1,1,0,0,0,0],[0,0,0,0,0,0,0,0,0,0,0],[0,0,0,0,0,0,0,0,1,0,0],[0,0,0,1,0,0,0,0,0,1,0]]","[[0,0,0,0,0,0,1,0,0,0,0],[0,0,0,0,0,0,0,0,1,0,0],[0,0,0,1,0,0,0,0,0,0,0],[0,1,0,0,0,0,0,0,0,0,0],[0,0,0,0,1,0,0,0,0,0,0]]",False,6,14,8,12,18,92,18,37
2,1,gies_oracle,GIES (intended-target oracle),0,author_bic_x2,author_multiplier_times_half_log_n,2,intended_targets_oracle,20260901,e9ce21c7b59bc711fd15a108e1b2fc6b28b2df9f51750099b1dc46b524524897,dda019b4bd2708fce4d6e383f2c3d37297759bd3,"[""Raf"",""Mek"",""PLCg"",""PIP2"",""PIP3"",""Erk"",""Akt"",""PKA"",""PKC"",""p38"",""JNK""]","[1755,911,723,810,799,848]",1755,4091,5846,"{""data_preprocessing"":""author_log_values; GIES score centers internally"",""fit_time_limit_seconds"":10800.0,""implementation"":{""files"":{""GIES.py"":""7c6b39b9c710c905ce890572b146ba0e4001adb7e4c97f720d25bcae18b288d9"",""experiments/run_sachs_roc.py"":""489a8e862120b1f2ef691af58a155cc976e9484bdf397e02146b11c85cf8c932"",""src/main_experiment_cli.py"":""3971c9b64c749326facfe77fdc694eb06820184553dc6cd40d233b6c6782e5e2"",""src/sachs_data.py"":""ffb32c1afce83fbefa1c8c3cf15870b59f48777daa76bbcae85c3e463908f311""},""protocol_revision"":2,""sha256"":""f906fbbfbb3492b1b983fa15ab13588d631fb2f4383269a9c6eae06c4852c24a""},""roc_basis"":""returned_or_deterministic_representative_dag"",""runtime_environment"":{""distributions_sha256"":""9c7a4a5cb7f6697a085b6d58d0d66c4e250a3d6ca85f10964dbf36997f07634f"",""key_distributions"":{""causaldag"":""0.1a163"",""gies"":""0.0.3"",""gnies"":""0.3.2"",""gurobipy"":""12.0.3"",""numpy"":""1.22.3"",""scikit-learn"":""1.3.2"",""scipy"":""1.11.4""},""python_version"":""3.9.5""},""seed_usage"":""not_applicable_deterministic_package"",""setting"":{""bic_multiplier"":2,""lambda"":8.673512945671192,""setting_id"":""author_bic_x2"",""tuning_parameter"":""author_multiplier_times_half_log_n"",""tuning_value"":2},""source"":{""name"":""GIES"",""url"":""https://github.com/juangamella/gies"",""version"":""0.0.3""},""threads"":8,""utigsp_protocol_note"":null}",i_cpdag_and_deterministic_consistent_extension,"[[0,0,0,0,0,0,0,0,0,0,0],[1,0,0,0,0,0,0,0,0,0,0],[0,0,0,1,1,0,0,0,0,0,0],[0,0,0,0,0,0,0,0,0,0,0],[0,0,0,1,0,0,0,0,0,0,0],[0,0,0,0,0,0,0,0,0,0,0],[0,0,0,0,0,1,0,1,0,0,0],[0,0,0,0,0,1,0,0,0,0,0],[0,0,0,0,0,0,0,0,0,1,0],[0,0,0,0,0,0,0,0,0,0,1],[0,0,0,0,0,0,0,0,0,0,0]]","[[0,0,0,0,0,0,0,0,0,0,0],[1,0,0,0,0,0,0,0,0,0,0],[0,0,0,1,1,0,0,0,0,0,0],[0,0,0,0,0,0,0,0,0,0,0],[0,0,0,1,0,0,0,0,0,0,0],[0,0,0,0,0,0,0,1,0,0,0],[0,0,0,0,0,1,0,1,0,0,0],[0,0,0,0,0,1,0,0,0,0,0],[0,0,0,0,0,0,0,0,0,1,0],[0,0,0,0,0,0,0,0,0,0,1],[0,0,0,0,0,0,0,0,0,0,0]]","[[0,0,0,0,0,0,1,0,0,0,0],[0,0,0,0,0,0,0,0,1,0,0],[0,0,0,1,0,0,0,0,0,0,0],[0,1,0,0,0,0,0,0,0,0,0],[0,0,0,0,1,0,0,0,0,0,0]]",4,5,14,87,0.2222222222222222,0.05434782608695652,7,2,11,35,0.3888888888888889,0.05405405405405406,,,,0.28437165170907974,,-9066.852646192929,,,,,,,,ok,,/gpfs/projects/p32811/micodag-intervenion/experiment_results/sachs/parts/gies_oracle/setting_01.csv,2,"[[0,0,0,0,0,0,0,0,0,0,0],[1,0,0,0,0,0,0,0,0,0,0],[0,0,0,1,1,0,0,0,0,0,0],[0,0,0,0,0,0,0,0,0,0,0],[0,0,0,1,0,0,0,0,0,0,0],[0,0,0,0,0,0,0,0,0,0,0],[0,0,0,0,0,1,0,1,0,0,0],[0,0,0,0,0,1,0,0,0,0,0],[0,0,0,0,0,0,0,0,0,1,0],[0,0,0,0,0,0,0,0,0,0,1],[0,0,0,0,0,0,0,0,0,0,0]]","[[0,0,0,0,0,0,0,0,0,0,0],[1,0,0,0,0,0,0,0,0,0,0],[0,0,0,1,1,0,0,0,0,0,0],[0,0,0,0,0,0,0,0,0,0,0],[0,0,0,1,0,0,0,0,0,0,0],[0,0,0,0,0,0,0,1,0,0,0],[0,0,0,0,0,1,0,1,0,0,0],[0,0,0,0,0,1,0,0,0,0,0],[0,0,0,0,0,0,0,0,0,1,0],[0,0,0,0,0,0,0,0,0,0,1],[0,0,0,0,0,0,0,0,0,0,0]]","[[0,0,0,0,0,0,1,0,0,0,0],[0,0,0,0,0,0,0,0,1,0,0],[0,0,0,1,0,0,0,0,0,0,0],[0,1,0,0,0,0,0,0,0,0,0],[0,0,0,0,1,0,0,0,0,0,0]]",False,4,5,7,2,18,92,18,37
2,1,gies_oracle,GIES (intended-target oracle),1,author_bic_x200,author_multiplier_times_half_log_n,200,intended_targets_oracle,20260901,e9ce21c7b59bc711fd15a108e1b2fc6b28b2df9f51750099b1dc46b524524897,dda019b4bd2708fce4d6e383f2c3d37297759bd3,"[""Raf"",""Mek"",""PLCg"",""PIP2"",""PIP3"",""Erk"",""Akt"",""PKA"",""PKC"",""p38"",""JNK""]","[1755,911,723,810,799,848]",1755,4091,5846,"{""data_preprocessing"":""author_log_values; GIES score centers internally"",""fit_time_limit_seconds"":10800.0,""implementation"":{""files"":{""GIES.py"":""7c6b39b9c710c905ce890572b146ba0e4001adb7e4c97f720d25bcae18b288d9"",""experiments/run_sachs_roc.py"":""489a8e862120b1f2ef691af58a155cc976e9484bdf397e02146b11c85cf8c932"",""src/main_experiment_cli.py"":""3971c9b64c749326facfe77fdc694eb06820184553dc6cd40d233b6c6782e5e2"",""src/sachs_data.py"":""ffb32c1afce83fbefa1c8c3cf15870b59f48777daa76bbcae85c3e463908f311""},""protocol_revision"":2,""sha256"":""f906fbbfbb3492b1b983fa15ab13588d631fb2f4383269a9c6eae06c4852c24a""},""roc_basis"":""returned_or_deterministic_representative_dag"",""runtime_environment"":{""distributions_sha256"":""9c7a4a5cb7f6697a085b6d58d0d66c4e250a3d6ca85f10964dbf36997f07634f"",""key_distributions"":{""causaldag"":""0.1a163"",""gies"":""0.0.3"",""gnies"":""0.3.2"",""gurobipy"":""12.0.3"",""numpy"":""1.22.3"",""scikit-learn"":""1.3.2"",""scipy"":""1.11.4""},""python_version"":""3.9.5""},""seed_usage"":""not_applicable_deterministic_package"",""setting"":{""bic_multiplier"":200,""lambda"":867.3512945671191,""setting_id"":""author_bic_x200"",""tuning_parameter"":""author_multiplier_times_half_log_n"",""tuning_value"":200},""source"":{""name"":""GIES"",""url"":""https://github.com/juangamella/gies"",""version"":""0.0.3""},""threads"":8,""utigsp_protocol_note"":null}",i_cpdag_and_deterministic_consistent_extension,"[[0,0,0,0,0,0,0,0,0,0,0],[1,0,0,0,0,0,0,0,0,0,0],[0,0,0,0,0,0,0,0,0,0,0],[0,0,0,0,0,0,0,0,0,0,0],[0,0,0,0,0,0,0,0,0,0,0],[0,0,0,0,0,0,0,0,0,0,0],[0,0,0,0,0,1,0,0,0,0,0],[0,0,0,0,0,0,0,0,0,0,0],[0,0,0,0,0,0,0,0,0,1,0],[0,0,0,0,0,0,0,0,0,0,0],[0,0,0,0,0,0,0,0,0,0,0]]","[[0,0,0,0,0,0,0,0,0,0,0],[1,0,0,0,0,0,0,0,0,0,0],[0,0,0,0,0,0,0,0,0,0,0],[0,0,0,0,0,0,0,0,0,0,0],[0,0,0,0,0,0,0,0,0,0,0],[0,0,0,0,0,0,0,0,0,0,0],[0,0,0,0,0,1,0,0,0,0,0],[0,0,0,0,0,0,0,0,0,0,0],[0,0,0,0,0,0,0,0,0,1,0],[0,0,0,0,0,0,0,0,0,0,0],[0,0,0,0,0,0,0,0,0,0,0]]","[[0,0,0,0,0,0,1,0,0,0,0],[0,0,0,0,0,0,0,0,1,0,0],[0,0,0,1,0,0,0,0,0,0,0],[0,1,0,0,0,0,0,0,0,0,0],[0,0,0,0,1,0,0,0,0,0,0]]",1,2,17,90,0.05555555555555555,0.021739130434782608,2,1,16,36,0.1111111111111111,0.02702702702702703,,,,0.30851111374795437,,-22862.925837865798,,,,,,,,ok,,/gpfs/projects/p32811/micodag-intervenion/experiment_results/sachs/parts/gies_oracle/setting_02.csv,2,"[[0,0,0,0,0,0,0,0,0,0,0],[1,0,0,0,0,0,0,0,0,0,0],[0,0,0,0,0,0,0,0,0,0,0],[0,0,0,0,0,0,0,0,0,0,0],[0,0,0,0,0,0,0,0,0,0,0],[0,0,0,0,0,0,0,0,0,0,0],[0,0,0,0,0,1,0,0,0,0,0],[0,0,0,0,0,0,0,0,0,0,0],[0,0,0,0,0,0,0,0,0,1,0],[0,0,0,0,0,0,0,0,0,0,0],[0,0,0,0,0,0,0,0,0,0,0]]","[[0,0,0,0,0,0,0,0,0,0,0],[1,0,0,0,0,0,0,0,0,0,0],[0,0,0,0,0,0,0,0,0,0,0],[0,0,0,0,0,0,0,0,0,0,0],[0,0,0,0,0,0,0,0,0,0,0],[0,0,0,0,0,0,0,0,0,0,0],[0,0,0,0,0,1,0,0,0,0,0],[0,0,0,0,0,0,0,0,0,0,0],[0,0,0,0,0,0,0,0,0,1,0],[0,0,0,0,0,0,0,0,0,0,0],[0,0,0,0,0,0,0,0,0,0,0]]","[[0,0,0,0,0,0,1,0,0,0,0],[0,0,0,0,0,0,0,0,1,0,0],[0,0,0,1,0,0,0,0,0,0,0],[0,1,0,0,0,0,0,0,0,0,0],[0,0,0,0,1,0,0,0,0,0,0]]",False,1,2,2,1,18,92,18,37
2,1,gies_oracle,GIES (intended-target oracle),2,author_bic_x600,author_multiplier_times_half_log_n,600,intended_targets_oracle,20260901,e9ce21c7b59bc711fd15a108e1b2fc6b28b2df9f51750099b1dc46b524524897,dda019b4bd2708fce4d6e383f2c3d37297759bd3,"[""Raf"",""Mek"",""PLCg"",""PIP2"",""PIP3"",""Erk"",""Akt"",""PKA"",""PKC"",""p38"",""JNK""]","[1755,911,723,810,799,848]",1755,4091,5846,"{""data_preprocessing"":""author_log_values; GIES score centers internally"",""fit_time_limit_seconds"":10800.0,""implementation"":{""files"":{""GIES.py"":""7c6b39b9c710c905ce890572b146ba0e4001adb7e4c97f720d25bcae18b288d9"",""experiments/run_sachs_roc.py"":""489a8e862120b1f2ef691af58a155cc976e9484bdf397e02146b11c85cf8c932"",""src/main_experiment_cli.py"":""3971c9b64c749326facfe77fdc694eb06820184553dc6cd40d233b6c6782e5e2"",""src/sachs_data.py"":""ffb32c1afce83fbefa1c8c3cf15870b59f48777daa76bbcae85c3e463908f311""},""protocol_revision"":2,""sha256"":""f906fbbfbb3492b1b983fa15ab13588d631fb2f4383269a9c6eae06c4852c24a""},""roc_basis"":""returned_or_deterministic_representative_dag"",""runtime_environment"":{""distributions_sha256"":""9c7a4a5cb7f6697a085b6d58d0d66c4e250a3d6ca85f10964dbf36997f07634f"",""key_distributions"":{""causaldag"":""0.1a163"",""gies"":""0.0.3"",""gnies"":""0.3.2"",""gurobipy"":""12.0.3"",""numpy"":""1.22.3"",""scikit-learn"":""1.3.2"",""scipy"":""1.11.4""},""python_version"":""3.9.5""},""seed_usage"":""not_applicable_deterministic_package"",""setting"":{""bic_multiplier"":600,""lambda"":2602.0538837013573,""setting_id"":""author_bic_x600"",""tuning_parameter"":""author_multiplier_times_half_log_n"",""tuning_value"":600},""source"":{""name"":""GIES"",""url"":""https://github.com/juangamella/gies"",""version"":""0.0.3""},""threads"":8,""utigsp_protocol_note"":null}",i_cpdag_and_deterministic_consistent_extension,"[[0,0,0,0,0,0,0,0,0,0,0],[1,0,0,0,0,0,0,0,0,0,0],[0,0,0,0,0,0,0,0,0,0,0],[0,0,0,0,0,0,0,0,0,0,0],[0,0,0,0,0,0,0,0,0,0,0],[0,0,0,0,0,0,0,0,0,0,0],[0,0,0,0,0,1,0,0,0,0,0],[0,0,0,0,0,0,0,0,0,0,0],[0,0,0,0,0,0,0,0,0,0,0],[0,0,0,0,0,0,0,0,0,0,0],[0,0,0,0,0,0,0,0,0,0,0]]","[[0,0,0,0,0,0,0,0,0,0,0],[1,0,0,0,0,0,0,0,0,0,0],[0,0,0,0,0,0,0,0,0,0,0],[0,0,0,0,0,0,0,0,0,0,0],[0,0,0,0,0,0,0,0,0,0,0],[0,0,0,0,0,0,0,0,0,0,0],[0,0,0,0,0,1,0,0,0,0,0],[0,0,0,0,0,0,0,0,0,0,0],[0,0,0,0,0,0,0,0,0,0,0],[0,0,0,0,0,0,0,0,0,0,0],[0,0,0,0,0,0,0,0,0,0,0]]","[[0,0,0,0,0,0,1,0,0,0,0],[0,0,0,0,0,0,0,0,1,0,0],[0,0,0,1,0,0,0,0,0,0,0],[0,1,0,0,0,0,0,0,0,0,0],[0,0,0,0,1,0,0,0,0,0,0]]",0,2,18,90,0.0,0.021739130434782608,1,1,17,36,0.05555555555555555,0.02702702702702703,,,,0.27438217867165804,,-46603.315790058194,,,,,,,,ok,,/gpfs/projects/p32811/micodag-intervenion/experiment_results/sachs/parts/gies_oracle/setting_03.csv,2,"[[0,0,0,0,0,0,0,0,0,0,0],[1,0,0,0,0,0,0,0,0,0,0],[0,0,0,0,0,0,0,0,0,0,0],[0,0,0,0,0,0,0,0,0,0,0],[0,0,0,0,0,0,0,0,0,0,0],[0,0,0,0,0,0,0,0,0,0,0],[0,0,0,0,0,1,0,0,0,0,0],[0,0,0,0,0,0,0,0,0,0,0],[0,0,0,0,0,0,0,0,0,0,0],[0,0,0,0,0,0,0,0,0,0,0],[0,0,0,0,0,0,0,0,0,0,0]]","[[0,0,0,0,0,0,0,0,0,0,0],[1,0,0,0,0,0,0,0,0,0,0],[0,0,0,0,0,0,0,0,0,0,0],[0,0,0,0,0,0,0,0,0,0,0],[0,0,0,0,0,0,0,0,0,0,0],[0,0,0,0,0,0,0,0,0,0,0],[0,0,0,0,0,1,0,0,0,0,0],[0,0,0,0,0,0,0,0,0,0,0],[0,0,0,0,0,0,0,0,0,0,0],[0,0,0,0,0,0,0,0,0,0,0],[0,0,0,0,0,0,0,0,0,0,0]]","[[0,0,0,0,0,0,1,0,0,0,0],[0,0,0,0,0,0,0,0,1,0,0],[0,0,0,1,0,0,0,0,0,0,0],[0,1,0,0,0,0,0,0,0,0,0],[0,0,0,0,1,0,0,0,0,0,0]]",False,0,2,1,1,18,92,18,37
2,1,gies_oracle,GIES (intended-target oracle),3,author_bic_x700,author_multiplier_times_half_log_n,700,intended_targets_oracle,20260901,e9ce21c7b59bc711fd15a108e1b2fc6b28b2df9f51750099b1dc46b524524897,dda019b4bd2708fce4d6e383f2c3d37297759bd3,"[""Raf"",""Mek"",""PLCg"",""PIP2"",""PIP3"",""Erk"",""Akt"",""PKA"",""PKC"",""p38"",""JNK""]","[1755,911,723,810,799,848]",1755,4091,5846,"{""data_preprocessing"":""author_log_values; GIES score centers internally"",""fit_time_limit_seconds"":10800.0,""implementation"":{""files"":{""GIES.py"":""7c6b39b9c710c905ce890572b146ba0e4001adb7e4c97f720d25bcae18b288d9"",""experiments/run_sachs_roc.py"":""489a8e862120b1f2ef691af58a155cc976e9484bdf397e02146b11c85cf8c932"",""src/main_experiment_cli.py"":""3971c9b64c749326facfe77fdc694eb06820184553dc6cd40d233b6c6782e5e2"",""src/sachs_data.py"":""ffb32c1afce83fbefa1c8c3cf15870b59f48777daa76bbcae85c3e463908f311""},""protocol_revision"":2,""sha256"":""f906fbbfbb3492b1b983fa15ab13588d631fb2f4383269a9c6eae06c4852c24a""},""roc_basis"":""returned_or_deterministic_representative_dag"",""runtime_environment"":{""distributions_sha256"":""9c7a4a5cb7f6697a085b6d58d0d66c4e250a3d6ca85f10964dbf36997f07634f"",""key_distributions"":{""causaldag"":""0.1a163"",""gies"":""0.0.3"",""gnies"":""0.3.2"",""gurobipy"":""12.0.3"",""numpy"":""1.22.3"",""scikit-learn"":""1.3.2"",""scipy"":""1.11.4""},""python_version"":""3.9.5""},""seed_usage"":""not_applicable_deterministic_package"",""setting"":{""bic_multiplier"":700,""lambda"":3035.729530984917,""setting_id"":""author_bic_x700"",""tuning_parameter"":""author_multiplier_times_half_log_n"",""tuning_value"":700},""source"":{""name"":""GIES"",""url"":""https://github.com/juangamella/gies"",""version"":""0.0.3""},""threads"":8,""utigsp_protocol_note"":null}",i_cpdag_and_deterministic_consistent_extension,"[[0,0,0,0,0,0,0,0,0,0,0],[1,0,0,0,0,0,0,0,0,0,0],[0,0,0,0,0,0,0,0,0,0,0],[0,0,0,0,0,0,0,0,0,0,0],[0,0,0,0,0,0,0,0,0,0,0],[0,0,0,0,0,0,0,0,0,0,0],[0,0,0,0,0,0,0,0,0,0,0],[0,0,0,0,0,0,0,0,0,0,0],[0,0,0,0,0,0,0,0,0,0,0],[0,0,0,0,0,0,0,0,0,0,0],[0,0,0,0,0,0,0,0,0,0,0]]","[[0,0,0,0,0,0,0,0,0,0,0],[1,0,0,0,0,0,0,0,0,0,0],[0,0,0,0,0,0,0,0,0,0,0],[0,0,0,0,0,0,0,0,0,0,0],[0,0,0,0,0,0,0,0,0,0,0],[0,0,0,0,0,0,0,0,0,0,0],[0,0,0,0,0,0,0,0,0,0,0],[0,0,0,0,0,0,0,0,0,0,0],[0,0,0,0,0,0,0,0,0,0,0],[0,0,0,0,0,0,0,0,0,0,0],[0,0,0,0,0,0,0,0,0,0,0]]","[[0,0,0,0,0,0,1,0,0,0,0],[0,0,0,0,0,0,0,0,1,0,0],[0,0,0,1,0,0,0,0,0,0,0],[0,1,0,0,0,0,0,0,0,0,0],[0,0,0,0,1,0,0,0,0,0,0]]",0,1,18,91,0.0,0.010869565217391304,1,0,17,37,0.05555555555555555,0.0,,,,0.2621622597798705,,-52027.797739158304,,,,,,,,ok,,/gpfs/projects/p32811/micodag-intervenion/experiment_results/sachs/parts/gies_oracle/setting_04.csv,2,"[[0,0,0,0,0,0,0,0,0,0,0],[1,0,0,0,0,0,0,0,0,0,0],[0,0,0,0,0,0,0,0,0,0,0],[0,0,0,0,0,0,0,0,0,0,0],[0,0,0,0,0,0,0,0,0,0,0],[0,0,0,0,0,0,0,0,0,0,0],[0,0,0,0,0,0,0,0,0,0,0],[0,0,0,0,0,0,0,0,0,0,0],[0,0,0,0,0,0,0,0,0,0,0],[0,0,0,0,0,0,0,0,0,0,0],[0,0,0,0,0,0,0,0,0,0,0]]","[[0,0,0,0,0,0,0,0,0,0,0],[1,0,0,0,0,0,0,0,0,0,0],[0,0,0,0,0,0,0,0,0,0,0],[0,0,0,0,0,0,0,0,0,0,0],[0,0,0,0,0,0,0,0,0,0,0],[0,0,0,0,0,0,0,0,0,0,0],[0,0,0,0,0,0,0,0,0,0,0],[0,0,0,0,0,0,0,0,0,0,0],[0,0,0,0,0,0,0,0,0,0,0],[0,0,0,0,0,0,0,0,0,0,0],[0,0,0,0,0,0,0,0,0,0,0]]","[[0,0,0,0,0,0,1,0,0,0,0],[0,0,0,0,0,0,0,0,1,0,0],[0,0,0,1,0,0,0,0,0,0,0],[0,1,0,0,0,0,0,0,0,0,0],[0,0,0,0,1,0,0,0,0,0,0]]",False,0,1,1,0,18,92,18,37
2,1,gies_oracle,GIES (intended-target oracle),4,author_bic_x800,author_multiplier_times_half_log_n,800,intended_targets_oracle,20260901,e9ce21c7b59bc711fd15a108e1b2fc6b28b2df9f51750099b1dc46b524524897,dda019b4bd2708fce4d6e383f2c3d37297759bd3,"[""Raf"",""Mek"",""PLCg"",""PIP2"",""PIP3"",""Erk"",""Akt"",""PKA"",""PKC"",""p38"",""JNK""]","[1755,911,723,810,799,848]",1755,4091,5846,"{""data_preprocessing"":""author_log_values; GIES score centers internally"",""fit_time_limit_seconds"":10800.0,""implementation"":{""files"":{""GIES.py"":""7c6b39b9c710c905ce890572b146ba0e4001adb7e4c97f720d25bcae18b288d9"",""experiments/run_sachs_roc.py"":""489a8e862120b1f2ef691af58a155cc976e9484bdf397e02146b11c85cf8c932"",""src/main_experiment_cli.py"":""3971c9b64c749326facfe77fdc694eb06820184553dc6cd40d233b6c6782e5e2"",""src/sachs_data.py"":""ffb32c1afce83fbefa1c8c3cf15870b59f48777daa76bbcae85c3e463908f311""},""protocol_revision"":2,""sha256"":""f906fbbfbb3492b1b983fa15ab13588d631fb2f4383269a9c6eae06c4852c24a""},""roc_basis"":""returned_or_deterministic_representative_dag"",""runtime_environment"":{""distributions_sha256"":""9c7a4a5cb7f6697a085b6d58d0d66c4e250a3d6ca85f10964dbf36997f07634f"",""key_distributions"":{""causaldag"":""0.1a163"",""gies"":""0.0.3"",""gnies"":""0.3.2"",""gurobipy"":""12.0.3"",""numpy"":""1.22.3"",""scikit-learn"":""1.3.2"",""scipy"":""1.11.4""},""python_version"":""3.9.5""},""seed_usage"":""not_applicable_deterministic_package"",""setting"":{""bic_multiplier"":800,""lambda"":3469.4051782684764,""setting_id"":""author_bic_x800"",""tuning_parameter"":""author_multiplier_times_half_log_n"",""tuning_value"":800},""source"":{""name"":""GIES"",""url"":""https://github.com/juangamella/gies"",""version"":""0.0.3""},""threads"":8,""utigsp_protocol_note"":null}",i_cpdag_and_deterministic_consistent_extension,"[[0,0,0,0,0,0,0,0,0,0,0],[0,0,0,0,0,0,0,0,0,0,0],[0,0,0,0,0,0,0,0,0,0,0],[0,0,0,0,0,0,0,0,0,0,0],[0,0,0,0,0,0,0,0,0,0,0],[0,0,0,0,0,0,0,0,0,0,0],[0,0,0,0,0,0,0,0,0,0,0],[0,0,0,0,0,0,0,0,0,0,0],[0,0,0,0,0,0,0,0,0,0,0],[0,0,0,0,0,0,0,0,0,0,0],[0,0,0,0,0,0,0,0,0,0,0]]","[[0,0,0,0,0,0,0,0,0,0,0],[0,0,0,0,0,0,0,0,0,0,0],[0,0,0,0,0,0,0,0,0,0,0],[0,0,0,0,0,0,0,0,0,0,0],[0,0,0,0,0,0,0,0,0,0,0],[0,0,0,0,0,0,0,0,0,0,0],[0,0,0,0,0,0,0,0,0,0,0],[0,0,0,0,0,0,0,0,0,0,0],[0,0,0,0,0,0,0,0,0,0,0],[0,0,0,0,0,0,0,0,0,0,0],[0,0,0,0,0,0,0,0,0,0,0]]","[[0,0,0,0,0,0,1,0,0,0,0],[0,0,0,0,0,0,0,0,1,0,0],[0,0,0,1,0,0,0,0,0,0,0],[0,1,0,0,0,0,0,0,0,0,0],[0,0,0,0,1,0,0,0,0,0,0]]",0,0,18,92,0.0,0.0,0,0,18,37,0.0,0.0,,,,0.09005408082157373,,-56871.67342645745,,,,,,,,ok,,/gpfs/projects/p32811/micodag-intervenion/experiment_results/sachs/parts/gies_oracle/setting_05.csv,2,"[[0,0,0,0,0,0,0,0,0,0,0],[0,0,0,0,0,0,0,0,0,0,0],[0,0,0,0,0,0,0,0,0,0,0],[0,0,0,0,0,0,0,0,0,0,0],[0,0,0,0,0,0,0,0,0,0,0],[0,0,0,0,0,0,0,0,0,0,0],[0,0,0,0,0,0,0,0,0,0,0],[0,0,0,0,0,0,0,0,0,0,0],[0,0,0,0,0,0,0,0,0,0,0],[0,0,0,0,0,0,0,0,0,0,0],[0,0,0,0,0,0,0,0,0,0,0]]","[[0,0,0,0,0,0,0,0,0,0,0],[0,0,0,0,0,0,0,0,0,0,0],[0,0,0,0,0,0,0,0,0,0,0],[0,0,0,0,0,0,0,0,0,0,0],[0,0,0,0,0,0,0,0,0,0,0],[0,0,0,0,0,0,0,0,0,0,0],[0,0,0,0,0,0,0,0,0,0,0],[0,0,0,0,0,0,0,0,0,0,0],[0,0,0,0,0,0,0,0,0,0,0],[0,0,0,0,0,0,0,0,0,0,0],[0,0,0,0,0,0,0,0,0,0,0]]","[[0,0,0,0,0,0,1,0,0,0,0],[0,0,0,0,0,0,0,0,1,0,0],[0,0,0,1,0,0,0,0,0,0,0],[0,1,0,0,0,0,0,0,0,0,0],[0,0,0,0,1,0,0,0,0,0,0]]",False,0,0,0,0,18,92,18,37
2,1,gies_oracle,GIES (intended-target oracle),5,author_bic_x900,author_multiplier_times_half_log_n,900,intended_targets_oracle,20260901,e9ce21c7b59bc711fd15a108e1b2fc6b28b2df9f51750099b1dc46b524524897,dda019b4bd2708fce4d6e383f2c3d37297759bd3,"[""Raf"",""Mek"",""PLCg"",""PIP2"",""PIP3"",""Erk"",""Akt"",""PKA"",""PKC"",""p38"",""JNK""]","[1755,911,723,810,799,848]",1755,4091,5846,"{""data_preprocessing"":""author_log_values; GIES score centers internally"",""fit_time_limit_seconds"":10800.0,""implementation"":{""files"":{""GIES.py"":""7c6b39b9c710c905ce890572b146ba0e4001adb7e4c97f720d25bcae18b288d9"",""experiments/run_sachs_roc.py"":""489a8e862120b1f2ef691af58a155cc976e9484bdf397e02146b11c85cf8c932"",""src/main_experiment_cli.py"":""3971c9b64c749326facfe77fdc694eb06820184553dc6cd40d233b6c6782e5e2"",""src/sachs_data.py"":""ffb32c1afce83fbefa1c8c3cf15870b59f48777daa76bbcae85c3e463908f311""},""protocol_revision"":2,""sha256"":""f906fbbfbb3492b1b983fa15ab13588d631fb2f4383269a9c6eae06c4852c24a""},""roc_basis"":""returned_or_deterministic_representative_dag"",""runtime_environment"":{""distributions_sha256"":""9c7a4a5cb7f6697a085b6d58d0d66c4e250a3d6ca85f10964dbf36997f07634f"",""key_distributions"":{""causaldag"":""0.1a163"",""gies"":""0.0.3"",""gnies"":""0.3.2"",""gurobipy"":""12.0.3"",""numpy"":""1.22.3"",""scikit-learn"":""1.3.2"",""scipy"":""1.11.4""},""python_version"":""3.9.5""},""seed_usage"":""not_applicable_deterministic_package"",""setting"":{""bic_multiplier"":900,""lambda"":3903.0808255520365,""setting_id"":""author_bic_x900"",""tuning_parameter"":""author_multiplier_times_half_log_n"",""tuning_value"":900},""source"":{""name"":""GIES"",""url"":""https://github.com/juangamella/gies"",""version"":""0.0.3""},""threads"":8,""utigsp_protocol_note"":null}",i_cpdag_and_deterministic_consistent_extension,"[[0,0,0,0,0,0,0,0,0,0,0],[0,0,0,0,0,0,0,0,0,0,0],[0,0,0,0,0,0,0,0,0,0,0],[0,0,0,0,0,0,0,0,0,0,0],[0,0,0,0,0,0,0,0,0,0,0],[0,0,0,0,0,0,0,0,0,0,0],[0,0,0,0,0,0,0,0,0,0,0],[0,0,0,0,0,0,0,0,0,0,0],[0,0,0,0,0,0,0,0,0,0,0],[0,0,0,0,0,0,0,0,0,0,0],[0,0,0,0,0,0,0,0,0,0,0]]","[[0,0,0,0,0,0,0,0,0,0,0],[0,0,0,0,0,0,0,0,0,0,0],[0,0,0,0,0,0,0,0,0,0,0],[0,0,0,0,0,0,0,0,0,0,0],[0,0,0,0,0,0,0,0,0,0,0],[0,0,0,0,0,0,0,0,0,0,0],[0,0,0,0,0,0,0,0,0,0,0],[0,0,0,0,0,0,0,0,0,0,0],[0,0,0,0,0,0,0,0,0,0,0],[0,0,0,0,0,0,0,0,0,0,0],[0,0,0,0,0,0,0,0,0,0,0]]","[[0,0,0,0,0,0,1,0,0,0,0],[0,0,0,0,0,0,0,0,1,0,0],[0,0,0,1,0,0,0,0,0,0,0],[0,1,0,0,0,0,0,0,0,0,0],[0,0,0,0,1,0,0,0,0,0,0]]",0,0,18,92,0.0,0.0,0,0,18,37,0.0,0.0,,,,0.09096084348857403,,-61642.10554657661,,,,,,,,ok,,/gpfs/projects/p32811/micodag-intervenion/experiment_results/sachs/parts/gies_oracle/setting_06.csv,2,"[[0,0,0,0,0,0,0,0,0,0,0],[0,0,0,0,0,0,0,0,0,0,0],[0,0,0,0,0,0,0,0,0,0,0],[0,0,0,0,0,0,0,0,0,0,0],[0,0,0,0,0,0,0,0,0,0,0],[0,0,0,0,0,0,0,0,0,0,0],[0,0,0,0,0,0,0,0,0,0,0],[0,0,0,0,0,0,0,0,0,0,0],[0,0,0,0,0,0,0,0,0,0,0],[0,0,0,0,0,0,0,0,0,0,0],[0,0,0,0,0,0,0,0,0,0,0]]","[[0,0,0,0,0,0,0,0,0,0,0],[0,0,0,0,0,0,0,0,0,0,0],[0,0,0,0,0,0,0,0,0,0,0],[0,0,0,0,0,0,0,0,0,0,0],[0,0,0,0,0,0,0,0,0,0,0],[0,0,0,0,0,0,0,0,0,0,0],[0,0,0,0,0,0,0,0,0,0,0],[0,0,0,0,0,0,0,0,0,0,0],[0,0,0,0,0,0,0,0,0,0,0],[0,0,0,0,0,0,0,0,0,0,0],[0,0,0,0,0,0,0,0,0,0,0]]","[[0,0,0,0,0,0,1,0,0,0,0],[0,0,0,0,0,0,0,0,1,0,0],[0,0,0,1,0,0,0,0,0,0,0],[0,1,0,0,0,0,0,0,0,0,0],[0,0,0,0,1,0,0,0,0,0,0]]",False,0,0,0,0,18,92,18,37
