-0.218168693366543098,0.683080200211173771,-1.27802114921084886,0.0401951191418409084,-0.89274914472802358,0.735825021859183415,-0.266926429330311354,-0.176831516973874614,0.603295530761589816,0.396742067517555141,-0.9931052395627048,-0.993352657051667753,0.541733122157576186,-0.00203409659971787301,2.25717073346849117,1.95745888805668256,-1.9273532010869272,-0.571997618063387891,2.37293631731570676,0.221144557083127358
-0.594288059059957186,0.589372986118911091,0.518524997107213337,2.99507629031254563,3.77802649193534856,-1.49667690735862413,-1.75971783688632821,0.531386251832627443,0.667989812286541973,3.74376763408982338,0.721504814257071359,-0.323324845794039029,-1.99919133278501659,-0.189081584966028504,-0.665214526497071801,-5.76523218337365684,0.330943929318989583,0.24729848853697789,-2.09595719304072947,-0.166558485872633666
0.711324934700345524,0.268841937260120956,0.0241510478615156524,0.453748023782448551,-0.190966054938909585,-1.10126206930971327,0.851605091532282144,2.0837335959717862,-1.07975060188480754,-0.525166118166574325,0.865230139945775911,0.0658338209095963439,0.817816670185695704,-0.281786602282483312,-1.05919100176180514,-0.436989159244890513,1.01431458298856847,-4.19484912499100115,0.920664311784871736,0.580973786427092409
-0.213941924752280327,-2.23890298786750908,-1.16939403324107727,1.73191235060811666,0.933499233759606528,-0.400443563850791384,-1.28079046566703947,-2.40195349355886067,0.902539318579337668,-0.960321233717832845,-1.29798540413150554,0.435680632421980796,-0.218304993115679691,-0.124496392416291873,1.5591079630800333,0.518019095431252574,1.0766402359664069,-1.44135497280108749,1.82422885394709011,-0.278745876426751471
-1.21704330060606569,-2.54434142831743237,-1.09021927275345476,1.23919359766850068,-1.3595300348356949,0.345205888424702512,-0.574873466359715368,0.932005763813654853,-2.26757771177390932,-2.82640777680960475,0.00179234712991928682,-1.18443731558515553,0.359539030455413577,-1.43090178881274954,1.17022605723199979,1.95418815559973291,-0.616109883264223002,0.285603017620024158,2.94682778986264093,0.64033733600307241
0.145426113742407964,-0.874443312086495284,-0.840025995561293981,-0.973777887519177932,-0.765859165426947541,0.194156673748351188,0.851153359654307384,1.66913272685996583,0.0138517405167087309,0.494777080583213513,2.58790382996767621,-1.62006645526909376,-0.00349836099648021719,0.254646431793959016,-0.871372312039245256,2.82293582117510988,-3.33754261353322557,-0.834405737943019199,-1.90995182634415461,-0.665856229332750793
-0.502408146767071906,-4.36839914915296568,1.16969092302740707,-0.492312442683162599,2.00184969774378985,0.716025513131429592,-2.22699059693499901,0.710056687923474317,-0.850946855878980113,-3.72739581424576549,-1.00652196146243655,-2.31376193186654788,1.11276413058757218,-0.489296233041874473,1.06904114897181346,5.61425186515964025,3.96103600485015361,4.15822940650658879,0.0790396267889102722,0.151914010937912125
1.19489006045945256,0.61105607287927477,-3.02704899332537103,1.17852440231344846,0.841714005097742968,-0.794670724293700892,1.06294424587706593,-0.474235583869508981,1.63939079868622106,-0.820916604749627465,-0.726560459229667277,-0.422785821119755878,-0.836921229163620883,0.991815680713702408,0.0318098820619880165,1.39873543284862278,-2.9438711747004449,-2.00588503043234834,-0.956619345320119274,-2.6549636989174572
-1.0237518369663472,-1.1949467387915409,0.451384476869581441,-0.102528426467864503,-1.32731514203481393,0.146350442616090176,-1.07900878283466328,-0.746963339934343939,0.835792947854443913,-0.86700197101831411,-0.357457995583379595,3.64903685225289509,-0.158728759734732355,1.69533578561915688,1.1313229327053187,1.66174464537064526,0.970552623246115242,2.38287340097338118,0.152584565909137937,0.675755867667758525
0.222555494289332245,0.539959641633984022,-0.49695002254312437,-0.649225220188698993,2.27858934068595609,1.65044660247405028,-0.917001385282542714,-2.41970959181750356,-1.62948498801000574,-3.70971894314350337,-0.148643704035755886,-1.44231442262440401,1.54858615443613101,-0.446845744507031739,-2.48167199141862005,1.64147329720237334,1.11210242664307035,3.75408202600474583,-4.83558943493745019,1.28771233130271789
-1.36543333136782463,-1.35414212443993276,-2.81596779602803782,0.709203962475114635,0.0471398737214657748,-0.871556670535923228,-1.60933221221468337,-3.49277328458110103,-1.17923955336554265,-2.16774292462705809,-3.19086942940857732,-2.34140288833904764,-0.792584948463944672,-0.720834548165173672,1.303795690860587,-1.35592722216904105,-3.15028001078377473,4.66755950043191081,0.825804796501108829,0.617555005228443421
1.00555906329906009,1.02691317093722967,-1.87805411715883164,0.508048659084250009,1.05302968023047638,0.541826448337227484,0.617428484453575899,-2.07245764239235974,0.261491968045806489,-2.16785177777738713,-0.886580575290326411,-2.33928616286412838,-1.71752325242374826,-0.54260568912626872,-0.0621985004575225098,-1.09930123353614606,-0.317753539300302645,-0.335242240473940856,0.130948467551241149,-1.36142177508049622
-0.140995491586686089,0.922061845897750421,0.357253445149820659,-0.480278848486170806,1.20531722908745764,-0.0804049896974066841,0.104018021966759106,-0.430010557637409863,-0.473391371103281389,-0.285083099777084903,-1.05757403786000159,-2.84833867147299991,0.178733479133586531,-0.718565478074765895,0.789724744133378231,4.15015502087397081,0.647075682216693426,-1.41057212195023318,3.30492161027919318,0.391480398615239811
0.414260599650001005,-5.37565937605446909,-1.58460236355900586,-0.885165494511809148,2.72211879661013567,0.448431675178010525,0.944831559284310507,1.15959086278617884,-0.735257594041300977,-0.289985460282549012,0.0937586517601801395,0.0517888243199796372,0.843606840795905644,0.870892151016322114,2.45300149257082101,-0.124556985771475351,-1.88329714423316208,-2.68890329919112947,0.438362041048797169,-3.07273029379883278
-0.367863908640340187,-1.08259510808787485,1.17329962515492348,-1.23803403043481408,-0.876777128413816387,1.34780537365113262,-0.254173899153119665,-1.99796025198181604,0.264854424430339186,0.187396257205724559,1.1534301069586852,0.36869822520697737,-1.25280823006771191,-0.746667396860873134,0.0782424295432165712,-1.78326576056924324,2.01814315318281645,2.67310280629506813,-0.0676967134595155839,0.351835349360059724
-0.664720137393181476,-0.18138940069146578,-0.97473145996620536,-0.425333005575007916,0.581835066100180764,1.93371425575124811,0.758829426635233895,1.28881436734786359,-0.115569721264344449,-1.4320566626293465,-0.000344598927151922832,2.6618871318394226,-1.2601094474787089,0.405380818804957854,1.06445835353071794,0.642706890004707376,0.263695098006722362,-2.5996090600542745,0.238230123756607348,0.4226053476423004
-0.35663813995126703,-0.490478984817861174,-1.36254920900297094,1.60919171548057327,2.08902193122272317,0.021563055529639559,1.33042220775823417,1.0223085464969317,-0.030810699113155135,-2.5472283085948737,0.319873837864429189,-1.70160237470017006,0.338283401472323719,-1.22256336345435757,-0.166326025506550901,-0.603146977659497652,2.1843380512787709,-0.76743674367532233,0.644859938451729287,1.28453397071838737
0.621834064684410603,-2.53497776045943368,-0.437862041032688387,-0.00777763109174239593,-1.22701877287074512,-2.26625815684285836,-0.215717017993168142,-1.64570049815267594,-0.339128547049127205,-1.76574565566787367,1.35491314744889246,0.138367556951941528,0.902976246778500302,0.00315971316747465023,-1.4301788269828295,0.238126197087253633,-0.761826892131894917,-3.69061689250103075,0.209726029960465604,0.707115737002598332
-0.722972764391478617,-2.27653422981267406,-1.33474143805123013,3.00351510186895787,-2.37932963568125588,-2.25997909521004914,0.650459195419157643,-0.320263228395362476,-1.20837235727494385,-0.0908116632695552678,2.08369160880382909,1.31451813970006759,0.515032788095597382,0.142357611280408664,1.99362289829511186,-0.0417177755561120023,-2.41475252379651728,1.45848484217556806,0.0266386018393985069,1.39033202494578134
-0.200757074909030525,0.197912982122623649,-1.9578971761230477,0.964448060497415161,0.369757698924043421,1.0371982918062439,0.124026330210407779,-0.686703253321617857,-1.70758589038924735,-0.212930969669763825,-1.94668530012421925,-0.178901289287469206,-0.322506323052892285,0.407471226916628015,-0.730504694276474464,-2.0084258700171187,-3.55952844960796888,1.58614277545042404,-1.65825097889258766,-0.906225105530645392
1.31476076008691312,-0.546139753819023133,1.84650830619103057,-3.22477264110781858,-1.12526051041252617,1.03206582563501059,0.332834177457335956,1.80262213764311174,1.06016056499359457,-1.02862882665107325,-0.645516348666401618,1.74290906439045523,-0.0645013090413509849,1.99227389060729698,-1.12276864928987119,-3.6861378765470767,-0.166312562783866053,-1.03450965918063753,-5.3930248612173397,-2.46242963095168754
0.942450170321949776,-0.478415181642822263,-0.77689720313850108,2.09134900015390368,0.698934292867644524,-0.680277241152190459,0.0159715680715005401,0.75577859191371588,-0.677469100815283554,-0.181175891602154526,1.04498488775630083,1.8615528372944854,0.73209920051524735,0.309866170431778942,-1.92076980524787722,0.531054299054204426,-0.229714158082379716,0.347210232270815267,-0.748713098034047841,1.68064023142240759
-0.778189190271872722,2.21109220635975001,1.16871703044449826,1.29103443721741828,-0.715737780062128515,-0.3774087633874178,1.94346222360250165,1.91581713326135361,-0.185610886687670534,1.35400377633731561,-0.0931094072657137478,-0.792232048528501931,0.669994888832501578,-0.230323532684933968,-0.334729810867758548,1.83941238270687712,0.512611821972490334,-0.802469914410610441,-3.96111305939971814,2.62047286884522324
-1.1202034884940264,3.89136590828983087,0.280178943468021857,0.614024857396569423,-0.530360049697756297,-1.19096901130140975,-1.4479085995427321,-0.591569633460226285,0.628232706138391217,1.33430108406405679,0.397057166739523293,0.0423235020219740188,-0.0759285832675705846,-1.4656751808351276,0.840230518088757705,-0.947290057601059443,-0.0577775491757298101,4.66542141628251272,0.100485608325997525,1.26131711871927421
0.429945079189181512,1.4754300992265581,-0.41196076600135062,-1.67245309901108263,0.182721144369743654,0.218409805273544949,-1.53957457387690688,-0.870006687606441731,-0.382031372992754137,1.82838612725680782,-2.164781797856695,1.84935163484535869,1.95596067532962947,1.34679509475790704,-2.03930049214816211,5.4097787727665656,-0.955149813826811411,-0.0382922553302862401,-0.193603629488041967,-0.62950436697729617
2.16421848506072889,-1.33163136694022821,-1.38330743100700415,-1.84919582366718593,-2.22073560351737731,-0.823838467335170299,1.63333121927856473,-2.11112964184876439,-0.163451984849966675,-3.27908867832632644,-1.1427043528445826,-1.64293908375078113,0.103582634103464577,1.53746911662199115,-1.32889006864938253,-2.80693857091257204,-5.16638754038857417,-3.73317105083794409,1.44008967618213268,0.804863696545296992
-0.597606863694589152,-3.15717914443175385,-0.37832344610815033,-1.83415596725520058,1.53715471429341477,-0.763219350342335678,0.714132271844828193,-3.07212975086808715,-1.25533539145406881,-2.06059308540047015,-2.38813363264007084,0.102956588429004889,1.81707172308309106,-0.620204415183161717,-0.628838823330711172,4.84229364394313322,0.10088527226119294,4.82858778489571971,-1.76467880082098794,-2.31438678280868659
-1.0296278742516316,-0.462942328119182067,-0.993421322111057825,-1.5969778753527295,-2.26181139575890233,-0.752550466446530342,-0.313990297885980429,-0.972682242298735455,1.32073777381393409,-2.77098293151112651,1.86255654034604734,0.862110122114282729,0.714776877686754464,-1.58614654034339253,0.199812583945162464,-0.385079781186489889,-2.14070384766644484,-0.247389594784173744,-2.05668178563470327,0.841415550931492118
1.06785059540504013,1.07595061209560283,-0.933688691910342428,0.563572096087621266,-0.156808683893605305,2.53335596150612563,-0.412237092469402544,-0.769485004055107003,-1.98603655047500816,2.39485516261490483,-3.05659551897206283,-0.306691171924585781,-2.02266347858657802,1.73896729766000591,-2.66667781844681251,-0.711278766027963472,-1.99532278017551157,0.000788579442502834911,-1.52436310771639416,-2.45387249347143577
0.783207981713817891,2.72093505645432199,0.126785136251887004,-4.35602916136799667,-1.70328343088980039,-0.480674717943702423,0.626205374817522364,-1.11941472003159936,-0.46589795601799322,0.369025466762425147,4.66388591998552737,-1.69170477776263395,-0.914045847242039189,0.0288471399774695297,1.98812100404714331,-1.39702722655148492,1.68418319692550278,1.83434184979221082,0.757765120600300879,0.906095859202145526
0.620787305900194375,4.28783140483954472,-0.855642437579713588,3.08116510909739194,-3.72150492834401492,-1.91353217652338681,1.26765041512615473,-2.94917334010770382,0.894242260261935651,1.88952683566020574,0.528239920696666254,-0.0419417142358337047,-0.059556131379704523,0.362372077091241585,-1.17917220023570324,0.734659426829184725,-0.172342845958425833,-1.25110897907951046,-1.30506994176329827,-1.181234458232995
-1.94921860025172866,-0.162115537644775598,0.6060111790376701,-0.465461883438166302,-0.951734875270026204,2.27482102994482238,-1.8418146481336104,1.18608723545054806,-0.918874289499166608,-0.857872443681188313,-4.66402623925342841,-0.598878828088678095,-0.925365270391767969,-2.00835315076466792,3.08442189395776412,-1.72016720560819469,-3.51481822009736522,2.94263977915854191,2.20160285863183303,-0.698458367077354647
0.318399879274479103,0.46189448169638242,-0.0922520497024966885,0.246308990389994514,2.87224299125327764,-0.805588275438766765,-1.36188554297453601,-1.82919044738653125,-0.569297976296249009,-0.384067485820612231,2.77023430047199914,-3.28717700595716522,-1.77247614369073569,-0.887473300062021742,1.2810201760644595,-1.23381955090961282,-0.840183523228121065,1.19363702331495181,-2.6800952966986662,1.19998899939254944
-0.333540905934423593,1.44573144774809292,2.07759054533171961,-3.0512942112386372,-0.201404379866850225,0.660145330452560963,0.936101007439686827,4.35593635119260192,0.288988864840723225,-0.900941893165711272,-0.186090833403999012,3.36216325371399538,-1.66199236131249939,-0.791999721227329645,0.351978200200748381,-4.40340803571494366,3.35542212801030892,-1.22656841868113475,1.19627538346658868,-0.748663251415972453
2.04576934550576706,-2.61475693521962071,-1.45901523326370031,-1.5086700948577314,-2.86575023198622736,1.39056044416955538,-0.484732786444517061,1.14978979315605767,0.568189794131784498,-0.965363720543596537,0.813637981243355957,-1.52150847271200895,-0.555784356380942923,2.25925228869863348,-3.07927894890281673,0.731157259735470189,-1.6617789598979531,0.507940439061400073,-2.65093634416297963,-3.62347697353593334
-0.0638697240708417519,-6.18797118204839602,-0.471470447470002885,-1.55720650510411929,-0.574033255195101177,2.26569589174710506,1.25866501888633731,-2.23579200270012013,0.133197868462102326,-5.46645376891077817,1.49857868467285527,-1.07075468422611464,-1.39654322840945344,0.53943900762597341,0.427944898231584936,-0.875541396197846433,3.56302722101863667,-3.72277084054244201,3.36218464626538527,3.22470169136453544
0.114299189719295646,-0.203742465994022959,-0.856898015858874817,1.79932052822971378,1.78912989504252273,-0.0340518988750719773,-1.90786649741341963,-1.01863759217073713,0.450339413851382209,-1.09517871105039122,1.67813604634460001,-1.14339194142379474,-0.184508909399590998,0.214961007703660806,0.673809852112774776,-1.78572911568114634,-4.61767165032777882,2.68742611299221767,-1.55625827290907193,2.35450287889508703
0.490254460468045383,-1.13702937337048349,0.123471660173198494,-1.68506064016829571,-1.13189642409824431,0.601344892271578058,-0.542002792161729197,-0.986096091310791567,-0.386175173082455414,-0.59042532688077598,-0.223014219919699191,2.18930362838190318,0.711777027208317037,1.69299389130749134,-0.474317650830008486,2.02304807131057052,2.55143404821287767,-1.12937526131254762,2.53462081306190257,0.192773325654309796
1.98911371443834017,1.4205063520584984,-0.250654466204716042,1.29934955881223346,-1.519941728815974,1.25727183039094648,-1.5199019084796288,-0.677983507394820273,-1.79111490195164613,-0.97290577262679645,-2.83458302322124789,0.37623172990892767,-0.81975419827820184,1.16432465138118935,0.387678143205778036,-1.73600200706717822,1.9247976362267647,-1.51294881622174326,1.42124869989759706,-3.0129341281376818
-0.996766519819434538,-1.57073807257751663,-0.578426652126169505,-1.72508388076114261,1.85696607821283965,-0.356789808300369382,-1.97999040709858209,-2.40390561700774485,-0.699754059498770675,0.635580820133370583,-1.71290100743719687,-2.83986403509444019,-1.50291883668535475,-1.42161329253247493,-1.13324929976947875,-1.18273415198103238,-3.15669966299023619,-1.55081771468047247,-1.93098496168511491,1.33869370021214307
-0.022964011958077981,-4.63174714220607875,-0.153892062408750585,-1.80633006209590552,-0.688065107703923595,-0.051364034945169279,0.635161689065490864,1.0843515623772586,-0.202110524823910259,-3.93188414409280629,1.80070451091551398,0.181445084319436373,-0.40103364865209179,-0.368660016735000429,1.85826048889306872,2.14901798116073772,-0.214404595331213949,-4.19393557268391692,2.09059006386261093,1.42072691345932145
-0.112210182892606522,-2.06237303217237855,-0.725598841688753216,0.235035909129052561,0.544654391239381974,-1.74028552116256452,-0.703861291035421832,-0.313309027908447169,-1.61811066341152232,0.0203380096377334951,-1.38471598637357296,-0.584527436096920372,0.79096692664803625,0.0664912526628864409,-0.517308395491771211,2.15435777071179402,-1.40715579123024082,-0.846889567623256179,0.875269279357683061,0.0183906880339428785
2.3500276679406551,-1.16351240832374159,-0.123219819209779091,-0.68416396861081874,-2.60671334261835819,0.913094073213643109,2.09735239188008027,-2.15549065817209762,0.288088742079117333,0.84526745435492312,2.58592410461511069,2.13074826550129126,0.391025447619424704,1.55163791868114309,-2.81467310259946135,1.27395876322595214,-2.9022169726603213,-0.525700006084954596,-1.50791906626753658,-2.73143430917968555
-4.56433025010447668,0.125308603599370599,0.36603335534315834,1.93261031837510422,-1.031228509524313,-1.74813878748045526,-3.71074410233772722,-0.0915458484173797965,0.0323527245731802526,-1.47633073200054898,-2.46739225528443873,-1.2573880654260825,0.640899703848647473,-2.45548898091262524,3.70238401164350917,1.51955078185038794,-0.0141305567994641189,7.92572559670082288,1.23852551561316693,3.36963693686035848
-0.0600660473960145241,0.781310016440312172,0.404703530837486836,0.489180236882965358,-3.5045279690905442,-0.798090674242575626,-1.60806065928921416,-1.04751574698930505,0.192607460032442307,-0.0416092106600015194,-1.42423524386122047,2.34404933177706987,-0.0721061805429388802,-1.53709176876687947,-0.817962141736595427,-0.477310314971401639,1.09187244222893054,-5.35929754703201144,-1.47726617266906324,1.1970189465561496
-0.171981623896779956,-0.543794784938250952,-1.73490559675552025,-1.94712793390959282,3.6047898409817547,2.40804332270192534,0.84157528806054982,-0.231994182016878991,0.782546022263836405,-2.38360300540770309,2.71180200337632193,-0.275850557507312188,-0.711911597047345857,0.509931881634847928,-0.852585234856577556,2.74980275133336916,-0.944786265480706766,-2.50790341473395584,-3.03853717793245348,0.226498931654778024
1.39626693171081717,2.37026724430249169,1.10740867126016895,-0.37649387362308917,-3.65503713401621333,0.0766279444717488656,0.360568794264964465,0.449345705792721872,-1.51564585911045024,0.941386316150805813,-2.28583270608281675,-0.264669918737692023,-0.144090661361226335,0.297775100613899057,1.76060936591179562,-0.916290991219945061,0.625379099176631925,-0.195695571324572382,2.60987174307221004,-0.758280722362937754
-1.03225328296276242,-2.06037410875581273,-0.307645878760608893,-2.97583146489358263,-1.00084146236501192,-1.05146530799869753,0.950609493723044929,1.58193080248237683,0.782589721807464445,-2.72696916660425881,-1.57793787313008749,1.30114120610544237,0.467182167457600439,-1.32278952119616444,-0.106235307399087972,1.71547259319511425,-0.624908710285112523,2.19247238416965073,0.763293938669047378,0.429249767630919821
0.764846345055919863,1.7349932288705685,2.45813484208207722,-1.62347386794540682,2.37258737443644874,0.856373473522338724,0.265633099611512047,-0.313655944728602087,0.961833897665777426,0.0958495667179249805,1.47470922180302866,0.0288299637329826088,1.08671093996531432,-1.06557344142964383,0.887007124412842241,1.66491082300861803,1.54735961715854198,-1.74205496431702667,0.510559258181350062,-1.71351640501469027
-0.377789476298736993,1.65007392172741052,0.244586187676519684,1.34608148632174363,-1.91152466450635061,0.777304570575536369,0.409925138103842568,0.0546985481691436015,-0.341301938037839869,1.23901741631926665,1.42765610396078246,-0.447001299209062453,-1.69871252086450331,-0.157508073635242829,0.496611436168827247,2.96802869133559621,3.13236073219337774,-2.76622435743266681,-2.10290477129259035,2.18679198240882799
0.201864725082694429,1.45311006514905161,-0.764321516996964267,-1.26815302196258517,2.23135416914867335,0.953406432940150483,-0.613654144510406896,-1.49560929262383668,-1.68025936465526171,-1.61900250579820182,2.10802945490309046,3.16613466108153885,-1.46364066714126229,0.251797162189569212,1.96628309053852357,-5.58816135270209902,-1.48512431478746554,0.723204997368297353,-2.38110577818137736,0.582841239480182516
-1.92943102105007447,0.0951000072060530777,0.0480903385417595433,-0.817105299505893168,1.29104156791826852,-1.06098106041686813,-3.22969511092473516,1.17166449992155952,0.731315305726261689,-0.301853383600173775,-1.5462250254030403,0.132825857277233672,1.2005140069507072,-1.13403203367622329,-0.277919079649974865,-0.903909189368561905,-0.339219618989792027,5.710946273103362,1.92758372873555173,3.77528381632613419
0.0943284344114594803,-0.308366672384836782,3.11456256640150109,-1.74913773339573986,-1.05369543054075487,-1.33221808103304795,1.42474695067677182,3.99442792751876707,-2.12573337700305087,-0.038943736303214016,2.07652103444663094,1.08671948299294807,-0.364303386450784916,-0.576644964526938697,1.98193557696215095,0.758025400505093261,4.02643199677209385,-2.88353888469040998,5.43161502746283009,-2.15392899032213858
1.11529322491623417,-1.54404975082939155,-0.0466659686928240433,1.65381439197237445,-3.75870077969393268,0.00216204196142970317,0.714829007357650648,-2.54913465262854233,0.650662054388154165,-3.66803293721177592,-1.50553755603273309,0.946332301781546814,-0.000182130574438667904,1.00999177042018862,-1.43708820407749394,3.15182308501895569,-1.59921197908860968,-3.21454883834300542,-1.53852144390553036,-1.66106263181660929
0.644065634145337351,-1.39224937326584364,1.57077451516944078,-0.339686929224508272,1.22098939636449511,-1.11745577745229352,0.183122499702114389,0.576582949632646447,-0.250382925463157824,-0.626873897394833124,1.58708656686476535,3.31948498468267639,0.657605144470508884,1.30321878574873828,1.23249266620296671,3.00157231550652437,2.57625104560121843,-1.11736194850473658,-0.314223046867325329,1.30156238719361439
0.443645355027703692,0.216350365803966355,0.622583944033127001,2.90598240029832278,1.81543660004745799,1.20569898664271458,0.297943806446702042,-0.646480751907371753,-0.79732615464779022,2.22996465224796037,1.46597924047803807,2.38002560757210624,1.27208731518247542,-0.0233406951717205144,0.561318488883418842,3.18563225833076746,-0.0643860771817871963,-1.22875377685294684,-0.205851632192018352,0.0917243407634247138
-0.643347703731102394,0.395771857233234992,-2.09853835989969228,-1.4668618931418218,-1.80750358271077616,0.115109122526526081,-0.510410522783616427,-0.526615055061739668,0.315235349928203512,0.521795444184402712,-0.848161624900590327,0.253862558266326532,0.91304504599336922,-0.568882637285627712,-0.893716507412527839,-1.8490757598295684,-0.707188743668967446,0.765406982250239842,0.822072356986328523,0.432933032005248519
0.444012864307388844,2.34364487701038682,1.27646189219743045,-0.0148410393403193702,0.664751901573381598,0.489721592267176098,-1.5939883470182723,3.74966799890722857,-1.78024832515495879,-0.265284515664332365,-0.434654221839180399,0.364533280144346827,0.796379400102961266,-2.15465076607064576,0.230496682220327265,0.827141154390796052,0.377168334633631308,-0.573176649173291253,-0.89486183237319683,-2.47545091997241418
-0.390210779733414892,-1.96978518383979151,-0.577924191470446713,-2.35177491318309029,-4.03660459870478938,2.03156688701765997,0.426406128215969626,0.327952133579495819,1.12424691511286401,-2.6134990111331815,-2.15911893470356686,-0.877877559435906063,-0.632299637368818224,-0.336603214110273552,-0.390530458285883064,0.887337084534696174,-2.44693136436824821,-1.85177349760235854,-2.30722201835805762,-2.0498992443962214
-2.81232040901900993,1.03260985914600467,0.943442561891591924,-0.813591054913744172,2.21756904789837783,0.253449976276496014,-2.88204193472211845,1.51681457370647044,0.706623410474521263,2.00523776988623359,-0.284316485686856579,3.68482459407041674,-1.16191640315142997,-1.62340704256353741,3.01527551177948316,0.330160435005794617,4.60418299307973911,2.93362486168450776,8.05849126384552328,0.0939026698602838245
0.970396310387653949,0.186273730071854188,-0.043728752304863297,-0.970562105784160134,-1.02065085041894732,-0.618861873016483655,2.53078209897138562,1.66558601290594566,-0.305308572124881439,0.270595246663300759,0.774560770916396857,-0.560827848393201545,-0.0155616345608194494,1.06791050849589664,0.592298628527755944,-2.63394767689004183,1.23709746810275778,-0.984074600671113298,2.76061123704472289,-0.249930363341290623
0.213257051382194029,1.79243217862003013,0.616895735646143528,2.37069246720086202,1.09022662445781537,-1.57952771917962598,-0.855882854788764469,-1.13902051013096917,0.749070412606456348,-0.366519140217823336,-0.693067271449566147,-0.996386518195229609,0.815505303233261203,0.864965649219925803,0.075150396843156983,0.993837919284229487,-2.33976832487659037,-0.468874088102228026,-3.949996998227709,3.63496461654417491
0.831598164601078271,-0.589253164458733658,-0.165535765285452691,0.864013168276464905,-0.447601582517054009,-0.947923738412587702,1.99453527902235717,-3.97028025033613563,0.285072195203169565,1.36356579217716534,0.294803220383045184,-0.258220158822223156,1.94386900719683919,1.67206764712220601,-1.70747056582587509,-0.65314732224754446,0.237053803594120066,-1.85308190389967797,-0.0606944657896086731,-2.06956541752240408
-1.36503542304713577,-1.34089158663007679,0.378655324238901692,0.0565785336112706455,-0.936366753349585301,-0.0488922050003398403,-0.0604650818988804253,-0.942399071643801545,-1.62349312752790431,-1.43061642320655724,-1.44999166703847115,-0.323047563375094271,0.439733971427721859,-3.4349670701799595,0.658806904387720382,1.01339241789703483,0.713556771148064817,-0.0363238687102169985,2.76471107066061306,1.20881366784539312
-1.33999394841924024,-2.81475071519128184,2.40401783076791142,0.25872489496190948,4.75589950593323429,-1.29924012769066399,-0.0624984889482112366,1.70338627809301602,-1.96447277184340763,-1.44832226744215387,-1.30111414383087443,1.63332247523205565,-0.0391609658462291413,-1.23345223541261007,-1.30472339282034322,-3.35756507583905606,1.28984800651744758,5.22214305940958745,1.37584490755340338,1.30530281149487015
1.01420329966446876,0.425206334412677744,0.358522606670869826,1.4595292755629603,0.618449493578031362,1.9252955611974969,0.274824240371817019,0.364790456791260931,2.09669588693485753,1.58181380301938002,1.99579273833139959,3.11029067192341202,0.624529282346143355,1.75043821850475867,-1.01011620823219994,0.387332398398106736,0.72193699833441427,1.11011022751695387,-0.208672016597738708,0.445031536433629304
-0.674895847269196159,0.374863477016030511,0.864850893549405919,-0.665034327311601725,-0.953671912479003958,1.97347573053290204,1.19555802458545202,-0.291232574774825392,-2.4626286512424822,-1.60760195414969354,0.262264925596487619,0.97339990218746042,-0.973430800814930497,-0.733578811011106779,4.9290114889656671,0.167998821909608104,-1.27517943052148164,-1.71671440615364568,4.08938664553410636,0.55791519872520634
-1.39999578167996042,-1.5394858603174435,0.474757830732127017,-2.17935995361333124,-1.47186692099999705,-0.564283301965022632,-1.54899065694507776,-1.37488065010968175,1.67983306257895881,-0.0617652816093993695,-1.70795611004427306,-2.78061337256015806,0.384192501188303059,0.049478263180060239,1.9073479554692252,-0.415941335863602712,-0.228807140180446178,3.85497500167143192,0.609691085169192459,2.47711406617850516
-0.257758691965966902,1.45811259479438737,-3.80825876187487244,3.31873266287089885,-1.16510869275693296,-3.54023076686236537,-2.11099069231802705,-3.02479806533844275,0.874168389627045794,1.05986264431084054,1.42361150950766624,0.532619215633849397,-0.186494251766494701,-1.3495594180103605,0.512405828611262715,-0.937893093801961952,-3.90532727751305764,1.69015597534847783,2.21558945805646657,1.85250772936062891
-1.31349171065072823,-0.157640092657485714,0.948927709525346441,-1.08079418138788452,-0.60922915904211794,-2.57465649592415557,-1.43187671656112547,-2.56219997267954369,-1.03964286251239879,-1.65587995199535398,-1.94557906437635353,2.43957117433917992,-2.18636210119211061,-1.55509084863217151,2.86735588885371051,-2.54135117509385644,1.673300230117994,1.60265881678117195,0.61953974095648523,1.74691543186782927
-0.596458002682809463,4.66420403167694086,1.76885575549944196,-2.67128553070687724,2.56276999160022578,1.74613119306988596,0.365277174669212612,3.85430177982646116,0.0977093945664599811,4.06353220811021654,0.16522468644710317,-1.09595627310818533,0.447252473095685221,-0.02963144923749415,2.21627370262784629,2.42163210452173416,-3.35599021625921123,-0.250198636846173939,4.0027368495138731,-1.32053566628381192
-0.27262746894249551,-0.843971536711140113,0.0156340558960524761,-1.70071884231803128,-1.10640914285566683,-1.45398595599939706,-2.13261327221636465,1.60379296314787623,-1.3429571273348837,-2.69931501861077994,-2.88108940967815963,0.995652193927649476,0.0394799848797395339,0.0150597929675885603,-0.601153738208048627,-0.117307720786941322,1.50645509672180622,-1.5639174913680296,-1.79956599313849441,0.262110102720285398
0.27413935285369978,-0.367709441162347994,2.58338064668834511,-0.743813366657233965,1.31716612887581697,-2.28510579923422608,1.32697726758383472,2.69697667720885281,0.139383999769708417,0.75245220105178634,2.02733492029075091,-1.08648730700228735,2.42581599310598328,1.76828116980166272,0.727824939248330915,0.879594200146861294,2.98063633703579045,0.137875293256506604,-2.87296320472562261,2.57511591428422726
0.0489901241456162789,-0.712764348269654735,0.878149053077566633,0.232529153336909877,-0.517404840429589452,2.18124619272862974,-0.947235328149571343,2.46841198489630509,-0.427885838954797648,-2.10143485255643903,-1.2953111294423767,-3.53820202539021178,-1.34613864426455332,-0.266148037888494282,2.24343436642368665,-1.24199654801131532,1.20354761681667233,2.87067640869429264,-0.507984621996553698,0.46705445389898792
2.08045431555143079,0.597130735043798877,-2.22584922124736551,-1.53685527769588726,0.164724231688295225,-1.68390679557096212,2.27645869201625883,-1.823986628892035,-0.849751397552822141,-0.859205258837606567,-0.960875909492314606,1.39879368282028094,-0.737399392725832215,3.27985434419169319,-1.75124317526722839,0.25038164329619883,-1.77542511831086158,-2.67233374561577541,-0.280796017060924663,-0.604489332730973716
-1.34280630496895337,3.08962057338131135,0.489712270695487839,1.70182557517478816,2.31940064255325407,-0.234123114364912899,-0.599962367741191049,0.755172261566701919,0.783103368635303831,4.06133321659982549,-0.423216348632161399,-0.747760725842979812,1.7734176946122675,0.422467678769135102,-2.00606965210331589,2.67343350505314525,-4.79542688694771879,3.08570646292653183,-5.25380261069671661,1.54609474161984872
0.146201608662760496,-1.79893115839199558,0.516448669249517267,0.465272627431195851,0.823653703654335212,-1.592394622362024,-0.830638717740199373,-2.6495650592221911,-0.698568007150721426,0.845108784409977165,1.32186251224604767,-0.577157926542241073,0.66259030664804186,-0.717168599794424488,0.27673432763957595,0.191839573821142445,1.25787623664082715,-0.292259864891844912,1.44691077837515714,-1.85327934433175501
-0.783677894805037467,-2.39736518156064005,-1.76491200058028586,-1.43872670463785601,-0.476391489740727092,1.16633614550358455,0.666433168795148356,-1.20670172491989858,-1.35395326207715905,-0.273710337114755564,0.151251208564964046,-0.546881220307121274,0.771607329000927544,-1.27652731057238511,-2.28507331589746476,-2.09030479558331495,-2.92316135678281652,1.44771161189110842,-1.97478852735964794,0.0369779091769081927
-0.189215887850858577,-3.42196728374270931,-0.895356028164306705,0.134554102843109619,-0.472520905600595342,-3.44767221249844225,-2.22993917406407105,-0.134670580893810399,-0.385538276376458211,-1.05502676241858562,0.432275745234064701,-2.24626299960427644,2.5975593866376272,-0.179440768621217023,1.02336115946173645,5.80078076186403457,2.27764600764390446,3.20114103233922309,2.23003451990011703,0.695585931581208516
0.395846134039992026,0.684413643270940453,0.154936270665422093,-0.358395239910847874,-0.993170534543035832,-0.561611888833445372,-0.0801618246588846478,1.16923399705685727,2.57495432589683482,-1.02399019439715389,0.458150050430344014,-1.49599323453880251,1.36480949446121014,1.97240263351152478,-0.153061968810826732,1.57390660989424003,-2.02821061974027828,0.748611344797299849,-1.10673969663906924,-1.22106828773236575
1.16998541565415648,0.340289686078478815,1.15355554601080379,-1.40570707953106133,0.914991021514176661,0.463325056322905826,1.58612445049743145,-1.26873401985072065,0.480010674168888207,-2.4315914112128123,-0.0361479797755310944,-4.53767214327847501,-0.957573927294471883,1.5043977401440165,1.10130423937441968,0.0489867733855921805,-1.85559500126997223,-0.700544508511831809,0.0452480449259793707,1.2049077405674371
0.512591378148381183,0.848779856580099024,-0.827925713254094475,-1.69842933236996996,-1.9824431552258257,2.81319439159990514,0.0464402072742735733,1.87539441220164704,0.387756484341349905,1.38351012667280293,0.922564453110968796,1.22303365285465393,1.79995815009426741,0.618346271221106525,1.13077584695703104,2.42268458360395877,-0.621007782584320212,-3.15738166574152856,1.15320759090747837,0.587773552975990543
-0.0994981666430649614,1.03143948183442946,2.34066360514649086,0.429128589781021808,2.02959670229721301,2.25330602564043669,1.01005762507890084,2.18117671086422904,-1.59082228766735678,-1.50943506776344072,0.867410416665462591,0.652503433699345048,-0.192642633956983306,0.894153872140349026,1.0024516681147877,3.03781895838295624,0.0407039695132649995,-4.40993941387660104,-2.21500866752497094,2.3675241863525005
-0.626760469044124524,-1.74062535436882992,-1.29342108330893857,-1.16759499291875302,-0.512422418734356455,2.28364500302310258,-0.868013351352215357,-1.56193002879555531,0.335840482121715411,-0.606064933489912305,0.200997062854755076,0.687356536975834431,-0.298155172004259728,-1.0406299465471236,-0.384128556024555812,0.395109566772077869,2.92115922317141719,1.30875357678305781,0.711565499930375767,-1.82824435364695859
-0.616616447293828585,0.639509054772250174,-0.746572731304268267,-0.738702575642150916,1.26762620782800672,-0.28061316284905824,-2.00325659681966561,1.34150298004607627,-0.399395181096722451,1.92881169508324457,-1.20562746874707738,0.291415950463559392,-0.443888198117682597,0.388441684180864388,0.291435426212894033,4.75368820215007126,-2.24572139387674063,4.08992262115828975,-0.030326002953218311,-3.1426022815681347
-0.377372031541615471,-0.996808874291226887,3.04501935169120852,-0.16515988981193111,-5.00386093791885855,-1.75247808889081425,1.02416200057430506,4.12493115081600781,0.783270631618663726,-3.8501410148976758,-1.61301238549866066,-0.890541203203961462,-0.874941339033989296,0.0956157370048600075,0.207735845404458885,4.09829671624488334,2.83350523707048474,-4.23024801316528887,-0.4858728840635132,0.403375318471466349
-1.13999780379134852,-2.05973815598871601,-1.69834280309094998,-0.418027015757846454,1.21181309254472125,0.860468125396634531,-1.23866416036874116,-0.2854832197297128,-0.655653402211119452,-0.152396324481048201,-2.66735644690974016,-0.0781577864439091108,0.189646305980072233,-1.23143290302814812,0.36382061989511616,2.73977694641492686,-1.58802814871608611,3.335999204638326,2.44622231936192103,-1.42480598015816384
0.334648966933226988,-1.29263116630858743,-1.05229242008726986,-0.063620124784291604,1.75865226038063249,-0.948698259156373291,0.481207781753935415,-1.26849511475796328,0.470439245240749149,-0.665817437574601212,1.25178903508449202,-1.08339024226653158,0.32044313938379998,-0.41821859307104331,0.271162987648927767,4.17302492528797497,-1.2968121664203125,-0.786422601393731324,1.7745302512588772,-1.72182835841241344
1.25098126920499841,-1.41436235337939187,-1.11317461790921834,-0.425354262873741007,2.23303472800338998,2.83156661259602371,1.71351503012552109,-1.92190146128139006,-0.464481801531503979,1.01445862489453309,-1.96697146639060128,-2.5385304306548524,0.0451291898772128927,-1.24468736000371272,-2.85214275651673876,1.47049630821134092,-0.521764295140479284,-2.80452585304908109,-4.85506344242248478,-0.289709815805715865
-0.844835570646705003,0.746745042153341254,-1.97610799763621858,0.390140528439628598,-2.76230308577861727,-0.673916655654203112,-0.886506999531680329,-2.51816111760285999,-1.01479330993553485,-0.863317138876569801,-2.33038293637490623,-0.391213687327444881,0.392990086818222006,-1.21969214250791991,0.995505617083667027,-0.424465259772348669,-5.96562762481618059,4.07731286096491363,-2.14986798057459749,0.00196861931600937753
0.026959322969468881,1.28602114519223787,-1.52028564121389542,-0.805062943476339998,0.333869992175971408,1.32872019855993373,1.24173597166096639,-0.127566778141254528,0.85094691096965025,3.32678078491390172,1.16494553224676634,-0.139715655817514439,0.347025031224169,1.61782085466874115,-0.278438311262230509,-0.826700333510901442,0.7140535176060957,-0.197316573064566986,1.86947816719537263,3.13311955850476531
0.0952109439436397698,2.22026820873628594,-1.0575719849829941,1.06449769935668592,2.91755411993385039,-1.64907469995589739,0.0340774316343828085,-2.28637687722988892,0.256065333470593237,1.51673541148015012,-1.60492667065900041,2.06140313090884808,-0.782547897306775764,-0.0876964524857784533,-1.83776188132728802,-0.538711399284889203,-2.59373300110420102,-0.956152334767897738,-6.59375050349173009,1.12258652191724106
-0.396862132921442234,-1.51527704159372956,1.70907969936218862,-1.82566347917212513,1.93639142382375495,0.400707495615167331,0.401515900549292537,1.03620229641560901,-0.741237029131548986,1.45794936854042856,2.41292162934905052,0.308222482528039576,0.396352920418477639,-0.551456375960178491,1.65943170200552759,0.410270858904403457,-0.659302625971893264,-2.48236369024146653,3.12308054661392775,-0.430975050122666847
-0.219829058673873506,0.939159709034724677,2.79936837009282113,0.158077777323689689,-0.0540743251483319157,-0.431110879201164698,1.20464678605830322,0.728733180025922911,0.0284262026304887977,1.90499643359498427,1.51416128304798669,0.426836677592017044,-0.807398849969125032,0.571379333740015261,-0.0157290701335978528,1.835387144834836,1.60324566149832015,4.27435634460024083,-3.90515768293766863,-0.940985424415801464
-1.78017552522532929,1.20761037401658777,0.258084181530487677,-2.11229574273153808,-0.392444176633443054,-0.201635640190079013,-2.00883098700037221,-0.0463901119118374089,1.2748531128521261,0.793664069371256886,0.632231660298807063,-0.864529096836120448,1.41750224177200734,0.203808752310738112,2.79823242976312558,-2.27762437395773354,-2.25589809502385474,4.12856721763964263,1.99220106476643499,0.854644389340617594
1.97452714300835974,2.08964068245938694,0.493525660321193105,-0.465022059146538991,2.21595266398554802,-0.475576447469485408,-0.175821747923842142,0.0947449453074216963,1.6656205085082918,2.77885902073315849,-0.601908341671190672,-1.26706568070481818,0.482975626866892105,2.84506935278519535,0.489480783708364009,3.7714799811292079,-0.839180719647890982,-1.4197002718941174,-3.25672212786222071,-0.0115257521063946138
0.826515992164696289,-0.0185995782401128691,-1.03743553341420047,0.238589607060490844,0.902596856278119142,-1.75145951793291443,0.3790325198571729,-0.965710663479352971,0.614058780824358053,2.16986167532392527,-0.0510354149157504558,-0.45892844876442157,1.97418726737325012,0.382481692444744226,-0.500509032013231714,2.59647852853152505,2.22317269889743185,2.04939947708316339,-1.11326745326118992,2.35234249265982109
0.181077127999556053,-0.387974260656434755,1.03916343364421104,0.449097965706714952,1.05713667498222308,0.33175012293509476,-0.0484916812894791854,0.092975635637480375,0.849940397113599699,0.49404110240453003,-5.12526751133508363,-0.241125513424651661,2.29325403375557713,-0.765725814656654236,1.2352414039300228,0.709253359359724778,0.926253288712347689,-0.739916411512753558,-0.572957848074164389,0.474698862713076764
-0.333647891602554481,0.138855123225701232,0.309298662349703657,-0.552450144372098606,0.323369215628180162,-0.737880730829346576,-1.22872395872594864,0.227346326198785448,0.189618447352785685,-0.268103530875583029,0.598111664962854062,-0.402860611604025365,0.126110234415422878,0.104500071553039586,-1.75024345263342362,0.499312969709605148,-5.40518785999912232,-0.0810879003380050728,2.3248257593861843,-0.712188478225765031
-0.505654247886102359,0.17771815060232049,0.677673174022027869,2.35340680000662639,-0.580239471969648202,1.07024248043644432,0.348412871869789642,0.0196081206252095991,-0.89665849938112141,-1.51983281496787659,1.04105874367684348,-0.625186225386079153,0.631356996067277132,-0.195240918005394615,1.84136281577260785,2.07706986532257476,-0.0387988409708730497,-0.0346745342932287329,2.55340602443937748,-0.188273696446062899
-0.532506639134065263,-2.3173705870850565,-1.41959827595193677,-2.14990091735816868,-0.629410380494946353,-0.145401105774540129,2.47996487489534401,-2.78032503150465082,-0.470421689088476702,-0.480323524410148139,1.92653579667211616,-2.30123632146708701,1.20274785761913527,-2.21788507428677129,-1.80340682555993626,1.63363410687041277,0.275395251043990374,-0.785074434516828346,0.303541354334373181,3.07740707693203097
0.706511749979286896,0.435841584001558258,1.74450991674936962,-0.831708958601361736,2.78677648659062616,0.811794576001518053,-1.66549462545696314,1.27969388244067428,0.718498503416915013,0.917916959632022245,-0.411909239433852992,0.113027273820949556,-0.785512751562618683,0.785425042346617808,-1.93890438723049607,-1.8026831889157906,-1.67635423864490019,0.0763075151305741689,-2.80757556927039342,1.64691072252890147
-0.663853113015713481,0.667079551520370351,0.158151417634925073,1.93397168322834845,-1.11475477104961085,2.52873723050033217,-0.151445460454786462,2.10602911285810146,0.0411163896056430597,-1.71748802990096938,-0.118845819989082543,0.10789955541716216,-0.691120104045440775,0.0356020176553624029,-0.33666360332303813,-3.08292306454633946,-0.37016898481062821,-1.64877345070684767,0.108268453246686699,1.37445028242044298
0.1048146207528904,0.800123512022782424,2.00115037241783522,-0.801547826739575919,-1.42419159245542426,-0.55858765799100607,-0.346854002534625949,0.948627078534708401,-0.586694188783798309,1.07305444889969981,0.900441232104090106,-0.0436783468658088619,-0.345068379581700335,-0.807972882979006379,1.47484462333382527,-0.744928195659899761,1.99402785697639007,3.16822281411043338,1.22434240866617694,-2.72496999444238419
-1.322545182791798,0.979065079509480185,-0.378801843563869756,0.265827648267237815,0.625752130421969088,0.862723218714836371,-0.286618582379926379,-2.48326764854426063,-0.0780952565564537737,-1.08738091557519967,-3.45220563050056883,-1.8956217921979972,-0.309257961443071494,-1.74617244308899378,0.485296022334358979,-1.67190071543198004,-1.8018291664573356,-0.406568987842641283,1.71456329739794455,-0.0663452561554715714
-1.79709950920131534,1.58372236316052661,0.562211174359418364,1.65772087318705807,3.87431329829957205,-0.739147498035315653,-0.15150230928352898,2.2875251779309056,-0.785113230354981817,-1.14427836228713531,1.83085889693200632,-0.439866250435689721,-1.32535833827700245,0.778732993189372058,-0.342659404270429013,-1.37798701267908741,-4.26690388317193925,2.60809732276023665,0.731734980033743931,4.12811516959788083
0.110728709996828947,0.445009283013299728,-1.45471123817473957,-1.92999551861870544,3.01511230245658135,0.297532688399420209,-0.794466677223587769,-0.156134199924738898,-0.755859873670456595,0.948755286354519001,0.648168239005218583,-1.60604481368711105,-1.65157278127410634,0.0836153907198692176,1.54129872002325863,-1.16259401633087944,-3.15314502716731049,3.03073926535031424,1.1969587665194461,-2.01601825094541898
0.0196765644910149966,-0.547220151212662653,1.48334147039293196,-1.08885928138760413,-0.797465689152115131,1.23089801685971079,0.582988789032980681,-0.784240948859913245,-1.07006776182387875,1.07768144585747638,-1.33858581237482577,1.92298332750940526,0.331082633826415895,-0.271409961381720855,0.341086889123821901,-0.456386277586010303,-0.905049122072438816,-2.72668222088675094,3.04666957724541465,-2.74191439878714416
1.19019453159220778,-2.44979618164548096,-0.491647289942329702,-1.26198362432577804,-0.298742640978404861,-0.942382966690254564,0.939904652894776649,-3.3087406415024696,-1.44408563344230445,-0.521419136900569846,1.54992106812885688,0.569365572658478092,-1.12454701338246932,0.990822712249096571,-2.38533255004296718,0.762641474165336786,0.818892863918915248,-0.642324240406437652,0.861178282572301446,0.615857780732842142
0.271945268086393632,1.39684493020388611,0.557616417077533399,-2.15551969511855424,-0.811061879338631941,0.26003263111708802,0.785681326999058016,-2.43682023502963796,-1.14870238842337269,2.1276986943316567,-0.676982378685515251,1.75765122038331234,1.54238010526132285,1.13070171231432814,1.48463192906915897,-0.0339540954610683399,0.288295201191646699,-0.754297424350506618,3.94150181338824135,-0.3702572060122436
1.2604609593206213,3.49899358201882427,-2.61121191004824871,-3.88981675749584532,-1.33048275032799834,-1.16744855352868715,3.21836088252951669,-4.16272197039407388,-0.45312076923078376,0.489937823459694555,-0.474394216523951695,-0.259649427606175265,0.50001894810238745,2.11769383986288151,-0.612016621847499276,-4.58430873509317927,1.07821632125431233,-3.24184408626876097,-0.397985591144894513,0.71974610517901294
-0.512055386757588771,0.708666415419790252,-0.330229969025508385,0.466838501745905132,-2.11993628470809403,0.0875770074525680092,0.572533515421211781,-4.07205098586186853,-0.0546819898038698807,0.450621607762209386,-1.56402983762052772,4.99478096221497392,0.323801780636727321,-0.219193991916100117,2.5289625724771847,1.76944297451223931,1.65076771513514187,1.30644198337330453,1.46867147822139921,-2.25807612744086095
0.139232765586362855,-0.332657410020248512,1.37828551618283268,-0.119305576160763108,0.708810091963674394,0.606840604096440028,-0.0311208930723346627,2.07829340537165264,0.585502441959266151,-1.89914568097505376,-1.61482883494721685,-1.71467576610473338,-0.385387927263285079,0.916946876420967061,0.599076221275622212,-0.899703736082152483,0.938855534199731667,-3.46192392425429585,-1.60310082306976165,0.0395589413946717747
0.880539530090624578,-0.791021767254070918,2.47703551863339166,-0.567925728859748347,0.183385968005171568,-0.417267487333099707,0.403443296742992452,2.25112532071049509,0.259717177572009128,1.03988409119500869,-3.11592031571751038,1.39002230457464249,-2.08347500211101089,1.81532132784123146,2.3043845221429442,-0.225324291080835376,-0.358782415869428051,0.160166442465203618,0.285589339404359155,1.54011279747283036
1.63704153566413857,1.47709162065390909,-0.447902527942183659,1.81484377323940582,1.60497956045316692,1.52349651365552252,2.06858584850191907,-1.00965559006480166,0.159873864916975611,3.52554048441820056,-2.90629183833454974,2.16931408750597887,1.9424553144245722,-0.22122694731987258,-1.52098961077304584,2.4088705225404019,-3.41209052250524092,-5.0774101405429839,-3.26717759458425983,-1.57917279464648708
-1.84811663209766697,0.191660975242856829,1.61479114272286361,-1.2535367713696064,-0.886112206647805101,0.0988323754476936878,-0.240024871725388028,1.97285239654095346,-0.368130998501381035,-0.62753944506918502,-0.144841537968204398,-0.151710740411801603,-1.56782280798103146,0.120260238529428368,1.90007089510886029,-3.54469678430832857,1.66162044989000535,0.149763539984066413,3.88194682049994499,0.692990341878733873
0.686325150351987046,-3.03298697343427115,-1.60111046694012216,-0.321581242218661356,-0.277751316937553561,0.833282928698475533,-1.22183126307549283,-2.3604445605126867,-0.140893423799493545,-1.7418250718478443,-1.68789672627158849,2.36319972670820189,0.937445377628853049,0.294682501430852339,-1.84676033749786295,-1.0119779841765828,0.459920108108831993,-1.1382129606194602,-3.88402391100012734,0.296221861957244814
0.474559546662195464,-0.550930591786010559,-1.16729625433294482,-0.911568784790205977,3.28810321986861753,2.25983347713555727,1.67312674511539328,0.436534397319008505,-0.503659577487925114,0.0793787419808975603,-0.526879508347544712,-0.0696878143599269778,-1.09959637371543528,0.181253349691049837,0.0201927449569401056,-0.805649536386151111,1.73296598141401614,-0.00254283254830817585,1.08125262416474399,-0.698478928140372046
-0.243511258038543454,-1.65508004949281662,0.829956315614339912,-1.71157541491532705,1.38746597141744132,-0.638040450048982577,-1.10465791187361528,0.897870375663144316,-0.563796432159772376,-3.54289759559837192,-1.14453683636746351,1.62631325654451286,0.484939700586575539,-1.28492442245373373,-0.321827036473338712,2.14868601464863973,-0.100278912290988259,-1.9298409172001243,2.6515877947502231,0.873321500569980924
0.0211909577225219414,1.5061540219996894,-0.359885560971121177,0.225682251968130548,-0.47414031083331043,0.420813742011726444,-0.565565546763860838,3.75289141281793404,0.558978752022337044,2.43622902088768489,1.74424985287782386,0.809919580443978715,0.638730426953524666,0.937110106427904044,1.80497090750913314,0.880902466135292883,1.73095639712864169,-2.66415569529707463,2.50371754551211856,1.08954875095347448
0.798372730480329418,0.951302771116262602,-1.07425771021852356,0.131186084185926422,0.176527364612073606,-1.41194112658665016,1.34615816132633559,-1.71836801287630769,0.497926606872185762,-0.804710208826507123,1.88449934788311957,-1.08008830706753134,-1.28182921292283103,0.597555279230668979,1.16083697651780682,-2.82009420182870407,-2.43469448790555854,-0.790118571644455425,0.409025961420286965,1.96300959986923074
-1.0182858277438207,-1.62789741907226237,-0.897047794521074082,-0.51178062286317938,1.62612199663308732,1.05866685413198702,0.387752931835165127,-1.10615250160614798,-0.352012472235772755,1.07311776583865681,2.2087993924918119,-2.18480382616880187,0.0338124317869491972,0.155009361502713577,0.406795124790342355,-1.54016098000306845,-3.1261600291043159,-0.863112268550929929,2.26796988002065669,1.9987064808231938
1.07492114403073447,-1.84456183522534189,0.652345124312719848,-2.11051921607335391,1.51508490649905081,1.35042765079082105,-1.25312415857151538,-0.14378308018269656,-0.655547704332162806,-1.37118731849587538,0.763139838655755964,-0.406467779636688731,-0.593285754409567767,-1.73167978471837958,2.14864359777570124,-1.40698775435967649,-0.948730290240047069,-2.13645415650258874,-1.19190958480928355,-0.578245507597831443
-0.166532999526910891,-0.524496213931682331,3.66632990045475537,-1.19402865187330653,-1.33630205517695178,-1.72217548840052159,-0.176968870829837421,3.2851440808321124,1.62780057958951563,1.18586273996663394,1.30916569692617313,0.459213804949598292,-0.0767230183888133188,-0.862508219751860539,-1.46005125565821547,2.77855935455489123,2.57245935278112858,-1.89356807526531257,-3.68425675639490491,-0.503999911221348129
0.0262551028471180101,-0.47863246829889039,1.827561209479027,1.5284164018595181,0.827461339290059494,0.0974894430822779434,0.538313752078928176,1.54148288729337968,-0.752902747631133185,-0.742742591562136178,-2.78748517014198161,-3.01979615820905023,0.142738161676593284,0.900210118507999923,-0.279257720250708164,-0.855995318123748072,2.49236123737372228,2.96882634018338099,1.37353888854722039,-0.745649032816942614
-1.7701135372031287,0.938911977584238833,0.392198186519767955,0.029643939016055585,0.100009020188998085,-0.690690079315829264,-0.6119019032264712,-3.09503252553787656,1.05423888371086716,2.46667431203242149,2.00551524692814054,-0.752741126384820824,0.0351444564855941666,-0.711017032827992002,-1.11028883346318175,0.724090521039374102,0.583290253025781302,3.35213520332368597,-0.895908782962818062,3.36405416267050539
-2.42054459972201963,2.43097384075702072,-0.262183883552951857,1.00414884844400065,-3.86886318030054355,1.40515059737291281,0.300604916516383602,-0.817088872393816334,-0.294887381185624631,1.60838613564853672,2.14428298659858552,-0.433443601325452454,1.16504755875525912,-2.34610412210358543,2.00375336271176696,-1.13492486160792239,-1.81984092014482002,-2.41754260536241539,-1.55920653709496659,1.10800192178311341
-0.154024155776000787,0.982842134481255125,0.780526040192445314,1.90011847602254913,-2.72651157564799229,0.27109038540447622,0.124460161723339735,1.34190843552018602,0.511318151172551527,-0.231713034264145162,0.0534471622627030463,0.671229284340474242,-1.64410789285388592,1.10069828548965987,-1.53637317919573202,-3.20101631951559984,-0.0581730471026467647,-0.402817630442762475,-0.565872578921407632,-0.102507663917208336
-0.722190511917471745,-0.124166759634132956,-1.95278977144529153,0.766030041789373506,-0.591281787803502046,1.18007261929701635,-1.81188641534423067,-3.65192891058614855,-0.0576702418639313472,1.58963042613317573,-1.21348866873014161,1.04009044174000187,2.64670857461909037,0.309584437219363573,0.336279392707261982,3.18573571284220858,-0.288330357471862309,2.76062732803319566,-1.39665481585229689,0.580332428174730075
0.427558760442398322,1.69868611207708042,0.514423011140923814,-0.360826373458813854,-1.15938474492934485,-0.0153239855646579385,-1.29380838802797826,0.638851729279170666,-1.36289438275229147,0.763138929745611594,-0.80285871312945023,-2.02419353773805177,-0.867243880430019876,1.0709642247015736,-0.0314884057954997326,-2.59966557666691278,0.758118581994209562,-0.707064283985092246,2.32522428647945478,-0.462775416449815791
-0.697636117209740059,-0.794495961682509799,-0.842356933323443302,0.962004893479594392,2.18507478728279558,1.28530438375001066,-0.652474800547486633,-1.20205694026777277,-0.183341269642718435,0.534412745897152819,-1.97808228934879504,-4.3857037121856024,0.256914760892994365,0.61425209943270398,1.70356344785307767,0.721345651976678104,-3.26671513826199345,7.29759050017770328,0.0223661757810330424,-0.993240737723378064
-0.644501180027684417,2.43975024210217528,-0.183966316460967616,1.55692800303358769,-0.0507000612439969661,-0.727120176880139413,-0.687562705472250735,1.90282345493956062,-1.08112559630930405,2.52487153525258989,-1.04846211010194734,-0.402260971286537872,0.726558706616208583,0.158659934057571561,0.978905747029149231,1.72029195647763444,1.02344030837857525,0.464341928660061298,0.791540839846734845,2.59047554834839033
-0.436432569025800632,-1.97966729137947395,0.774501761965673996,-2.72104269221714201,1.49280751509360798,0.440662686316277918,0.0812839019581832606,-0.0526337978001692117,-1.67056125040063641,-1.89849042327668505,-3.97550571146845133,-0.562525221827488431,2.3644719549118971,0.602602011127625459,2.10064314293151666,2.617336292347197,-0.763038735079275332,0.246438050185766117,0.766505467218484449,-1.14760700467582533
0.907408787623644519,0.13823260351220587,0.0830298273682213289,0.583012042951203457,0.69501166592188901,-1.96495558511089974,0.705426512759312119,0.509391408209780905,-0.275778523587318691,-1.31889398046492845,-0.896628030782686158,3.07995588796191333,0.464900876836291388,0.479870111893939133,-2.04070627411734362,0.894960218622912085,-0.653106617995332872,-0.279396414671823745,-2.04489047737697138,-1.12657091836775458
1.44422161975995378,2.32170156591940069,2.85314070639844664,0.860506399879237382,-3.81840775908944208,-1.84916982557433229,0.249236065439959409,2.42113700384988917,-0.276214117378319579,1.81531315427072615,-0.873212512925647166,-1.32161772287832058,-1.43575229114293457,0.706744829250170126,-1.47388568739635373,-3.0570095052286157,3.34865504293951011,-3.15352014560623806,-2.44065331843440347,-0.744078548120843508
-0.740595315920604014,-0.17033701990702757,-1.92351601589450971,-1.08460228234505474,1.06431070597270061,2.671641307462568,-1.29702868364246648,-1.24214554948429479,-0.874650084087699842,-0.151187436995904034,-3.25650645877591272,0.621899146893359567,0.171902707186774778,-1.06209963190395928,0.773275566704535344,1.21109012102409386,0.540062853204122062,0.82544200679138624,-0.889513865805786841,-1.28121071321218416
-1.02309685782222104,-0.973490452402956397,-0.806839617879591575,0.904984440971022819,2.46912173243527899,0.412196610322460355,-0.121886316347015647,-1.8002550650445206,-0.0696582418086408584,1.57209534407780382,1.06169414543218532,1.13080790447950386,0.146478010746021903,-0.550844284435181519,0.427165421563953263,2.72326879025816115,2.73121708304075117,1.95534764992210297,-1.06674988505182866,-1.51151152814414824
-0.947617434512340817,-1.26198538165261165,-0.868142314654055225,-2.0145265663249301,2.01436594958368786,2.00077133358094805,0.410525888225266533,-1.80389375746156611,-0.865741039307471372,0.294204307898785489,0.0242142100103292963,-0.196460644387561223,-0.406847680589009608,-2.05243907889417443,1.60781014317038773,1.32204615965650008,-0.524907623962957426,-1.19602537447381119,2.76785700799097967,0.573372994734748564
1.15689229873442279,-0.0717631371138963831,2.70996561558416849,-2.73639788044638577,1.72195785696447534,1.95194310216023403,0.903031106593319088,2.25232118795030267,0.371820173307202406,1.87822033471796934,-0.789336703297145337,0.385173949630426116,-0.866863929769306152,3.29132484452264151,-1.29049910841582549,-1.4120707496089564,2.66456930992162144,-2.71740268125842421,-4.66620411198219021,-1.50108347271653941
-0.155511251274084827,-1.74863202139837348,-0.242961665132943566,-0.305649425098172334,0.690018715910539759,-1.58226416134153292,0.456502772846526628,0.507373750592165385,0.10241900348173455,-1.76280824988413864,2.04788881018762225,1.17339658006565073,-1.13481032448406016,-0.109825983584085074,2.9949885194556698,-0.273405227124285222,-2.25770339144086174,-2.67352591855268429,-0.71559963895202805,-0.403981735250519503
0.793186718225676213,2.02053562148072707,1.16372523462547539,-0.721076440345627345,-0.318988579601016176,0.0993210920499807415,-0.197350376268246974,1.12109366180208991,0.155070703124050024,1.12125718056531598,1.68475266959886705,-0.764677880140086419,0.245989390874680386,0.788923953436712955,1.59134863002327931,1.59022120700179315,-2.16705634718922813,0.0963928677781441673,1.50570857882570164,0.91085933043763212
1.77900542669968198,1.19420616572858451,1.6386106913333025,0.719160868551956711,4.34254860459581238,1.34031016933072378,1.51007658887962992,-0.0954157182255482433,0.0611394735847905352,1.53636147584148253,-0.711360636185990991,0.914904575884117111,1.01651884078327726,2.10359246691278345,-2.28738824061981028,1.41331723121032526,-1.29464232327209783,-0.659570489578856889,-1.27085084400452142,-0.0317078822199461235
1.78766148070753306,0.911281843510048595,0.272141128243796271,0.973907139801374999,1.6352680016013621,-1.28285458445406242,1.67228060287549773,0.426481884985234483,-1.16990428110600631,1.25893270017582748,-0.417132313356475437,2.22614640025813859,-0.311612389911651244,1.83699327964320003,0.355719915614365945,-2.28420112013013643,1.63591493817017786,-2.81365656295430533,0.477309835794165471,1.60239183485420056
-1.09678037359880487,1.51992419527036571,1.00534234156010993,-0.958657040554589557,1.25820462926677723,1.96850283974018514,-0.802588517926566491,1.26269052110760382,-0.067564410183919274,0.302733822458676693,3.90806293928422122,1.54413172020987122,0.566193237988631304,-0.839020969793020988,-0.555576732752653069,-0.174638681944101704,4.60595617493443044,-0.125236288997110257,0.632918828634356334,0.772313910743856469
-0.632007936120892122,-1.63926970047886367,-0.131733829178532102,2.28166105129498575,1.57868364728793087,0.143678343866775055,-0.791985714792307838,-0.752984632872434112,-1.03055100426595758,-1.08988958304129957,4.83765692858102447,1.31643561512320661,1.63371775098436611,-0.952789536735285325,-1.22823620737541295,3.69491966673990202,2.81675509886102615,0.319273532024851037,-1.05852517841903904,1.05532297294501287
0.710918084662096272,-1.45005333736522357,1.65574282546599849,-0.674072313014202784,-1.48259691290711193,0.412327961986914793,1.37850340937583349,2.39041713857227966,-0.51109321242247141,0.83874221922118064,-2.77105314459391616,-0.662250843955620061,3.05271758370423019,-0.486143040150535555,0.299494765680066222,2.72074028720529171,0.104401922760899615,-0.975159890657622874,1.65219120981733503,1.08582186534063951
0.193807009060647323,2.06420663753860634,0.389016996905533485,2.79809646442328352,-2.35357006049779116,-2.18613763938885963,-0.274251025909121871,-2.8860556667761359,0.148605295250414798,0.524778261646844268,0.653982299707619563,-1.00633320491923683,-1.38025572202827806,1.02599492222080402,-0.131416948953564899,0.574505530890685456,-2.30299439418365282,2.57571879500200174,-1.0729192065423756,0.113290880714854963
0.410936938179795319,1.14617305777099299,-0.428320547473410362,-1.64506369339340441,0.174361177397535261,1.05995754587211644,0.166738517010183745,1.09274096226919326,-0.334484136802051191,0.550586915346139794,0.090520486438553413,4.04510324458098136,0.527155672920350371,-0.545236202539772452,-0.482587436336557707,0.396758537656786925,2.18110388627511309,0.432119787345952633,4.11588046302030275,0.348066813450750856
-2.00261829719113615,0.479783200158796386,0.85320269232757906,-0.656558425823160152,-0.125235026778782649,1.41195886853627361,-0.872408240941201951,-1.24337190654114615,3.19460689011034038,-0.430309621595857561,-0.937681102004278344,0.589980568683002748,0.991709793182857235,-0.757340400585427398,1.57143159878381833,-2.36097317890584169,6.3916909024287456,0.861086503545306803,0.85650540736088121,2.52916881743715294
-0.387190924948057902,1.00598972637721551,2.24139212576406965,1.78186178212611956,-2.21312316793273789,-0.126651220731547748,-1.04226994634793924,-0.329754808326242599,0.165758232991415039,-1.66627274024198857,0.923103039548209936,4.13241005262409455,1.49618136725301443,-1.02970401318139637,1.51897408392579791,1.36717647691995281,-1.2321921258805717,0.123356136203715092,2.42143153417736912,-0.278302551465530568
1.06489778989961703,3.00157895972402322,-0.573238474432834821,0.199683353980711409,1.96860429154342653,0.294873547344619069,-0.383986875742716005,0.116568364928638646,1.74205077260795971,0.581527843502481434,-0.183644173838570096,1.51169682889552459,-0.882975412480448529,0.602099655571657566,0.101767646666964043,-1.88762507968051274,-1.14001159375138372,1.78917989094311403,1.18499730655946101,-0.0214134999889658457
0.935071374331940541,-1.62448180081132532,1.00126795712323902,0.730236204360658281,3.88470587957078273,-1.90923771383051544,0.282566131225752526,0.966539721955824049,0.214675048034620536,-0.56003113648721714,2.06706819187717983,-0.725131779955656031,-0.347587376690881134,-0.35648621983702411,-3.60921725884922484,-3.37978087658460424,-2.26104279046984669,-0.579204325136098541,-4.31162886445452109,-1.00285401806662233
0.292568158458893168,-0.591179307175498936,0.251699023831881086,-1.4229965942891234,1.37635010761020604,-0.641258370107933739,-0.345821253086617653,-1.44557045337775247,-0.737789826148761874,2.97239432784652458,2.67955451195312522,2.70330109450256639,-0.747823520846944922,-0.453560821165284567,1.79049782089172127,-1.33464549884567041,2.5799242635859434,0.785432191253795264,0.502183734031102502,1.11207779744456348
-1.22550118012618303,-2.96301362697783599,-1.21110389134912411,-0.299514287649733091,-0.29762692272633251,1.64451260386761255,1.06982718319627046,-0.86811756627141845,0.719754022249013525,-2.9368667244499953,4.03458649647169842,-0.372861408746807677,1.00082907089632323,-1.80200825072818693,1.85589496847029523,1.51117916031944088,-5.219512699117411,1.57102387717788283,-1.56432701578951527,-1.71725305828115538
0.388615594914695883,-2.3388253040082585,0.588959997989856099,0.781633916236966431,0.136379074517098797,-1.11977301181490896,-1.92915900448304911,0.215703692197261931,0.519128144781058287,-0.144223840256614444,0.588336242037051482,-2.43914909716672224,0.79569094822633657,-1.05390558941341683,-0.588742109051800466,-0.838174946404496413,4.40563256025765959,3.68525774508501458,-3.41380678209112665,-0.591166687617091569
-0.180401049868337771,0.579575120236203722,1.87177542473011616,-1.18472125949209284,-1.25158874467594083,0.518804950570343926,0.536117766755064618,-1.93578827885026317,-0.690734663432725604,-0.625651623381427324,2.71685232526171605,0.334545199139262284,1.32809985729780866,-0.199689480792220792,0.465064884579694082,1.09326806464553195,0.845377266947988759,1.15739603368806931,3.17303712671944149,1.05348339901583099
0.470556041779203182,0.000257543605920519322,1.67036693029530503,-0.335895151252751878,0.569143348559825513,-0.670198822889552237,0.836661841940748219,0.0482674354940690262,-0.506382546926490651,-0.783722639402950061,3.61614610556359217,1.33807758551555889,0.741110651911208618,-0.333249210710438171,-2.80529481407863202,2.69056388729992424,-2.19719303578938607,-2.01350745365520689,-0.45489337862327045,0.127932925677717163
-0.461243404958281977,-1.09880174922812746,-0.959786888391993553,0.990852016590670792,-2.9620547575460785,0.170390342472754752,-1.62352289139316497,-1.1925730352683297,-0.165432830311421364,0.169482412940654137,-0.295667034630950287,-1.25018644269730683,1.7302537320010849,-0.985255706478148752,1.43742745362017832,3.76850725548947141,1.3540207516439875,-0.967224717738014994,0.811406960426050983,0.69370399725970755
-1.24065998358115759,1.01360625862361275,-1.02976728584015276,-1.13303433159754907,0.785283061220687362,-3.4142715808063766,0.139348761012346445,-0.142825904283292837,-1.48272308847114109,-0.852060247321734798,-0.949029440017713166,1.89851741541328867,-0.613228065542124612,1.27504205939546633,-0.0337607433526559697,0.116454648605506847,-4.86921774021197962,0.926659552436049361,-2.56870247739556046,1.67047651286872845
0.953850992589842739,-1.86353638642476471,0.622463868839719936,-0.0665661714032465546,-0.84942166195113411,1.22613011559065899,0.571581877548302031,-1.75371069301138482,-1.34831521699885326,-2.21398428511283019,-1.96476492095287458,-2.36708868618372392,-1.19598831630318148,0.00233665098344573068,-0.619162988885861076,0.475570509440926215,0.703153406812256465,-4.22615881261401327,0.882893275117589083,0.715789448980228782
-1.60736551693841645,-0.6002592537166489,-1.50175333355009255,1.48879636259691872,-0.126941528501126638,1.11585664894993619,0.577513458520881651,-0.895718295465482206,0.308443105420597552,0.786758399019563237,0.0909943452745299725,1.10278654609613991,-1.74510111052527428,-0.940067031224112615,-1.27970493455817658,-1.97745252529122673,-4.15423016047408478,-1.9680646172263212,-0.439685804802826707,-0.712614275478911319
-1.2413606681315037,-0.0751509541692142596,1.11874586584836266,-2.00587152723501605,0.989283154704957091,-0.790291935749919516,-1.07029077000109751,0.38997117967967182,-0.0155055863556276229,-0.556956690664886622,0.261405898985753171,-0.00458517144019878267,-0.992675381542198698,-0.0551277701771008891,0.227754010871869639,-2.43985941047449195,2.81027083132003552,2.78710405360221225,-2.53642593209651857,0.294999576411089925
-0.238351842207466552,-0.364879361996360008,-0.528723066009707643,-0.7122016958766898,-0.894745650269657022,-1.01897579674329997,-1.82621327479459117,-0.0898723251126793132,0.227125048188483392,1.15374622410775163,-0.608818072087593087,-0.444034751072794609,0.642872270546045788,-1.81925683818186523,0.368117361946139199,-0.827252812450810837,4.1198140253009754,2.32388851616725578,-0.779650378144703171,0.837514470540263956
0.322825467179203351,0.106119300849104425,0.293024715653515899,-2.92064560267970785,1.89223075445364697,-1.18197117788204564,-1.14470441540661727,1.2886177218014665,-0.259441168460644966,-0.0750291948884178883,-3.23006941356271593,-1.48020438648220254,1.72820843319372019,0.176803130696532695,0.11477484328643299,2.31819608978008507,-0.328041016694875009,-0.228439290729397226,-0.160801891165811617,-0.722364665889280388
-1.1004225384987214,1.81304039831511599,-1.02937970398428358,1.32587958482003909,-1.37294792154515921,0.47223192494390237,-1.06073831113558259,-0.375811937906761317,1.09880936499969151,0.640666588954994842,0.0678151843837054985,-1.45558272842970182,-0.74975474947783971,-2.18821287647626983,0.278333032208159581,8.79963760697633468,0.266277125869375075,1.0437861806815214,0.425869136863835818,0.836544043512896907
-2.63323645105097848,-1.68102822752013248,0.896341215780458112,1.98309301267618077,0.499756522749255805,-2.18189760524063781,-2.29352840249988477,1.55560108676374198,-0.648871280505717962,-1.80631776632321017,0.889270558550449008,2.09258786703441313,0.16682282101105414,-1.61532816449645478,-0.12342244917393512,-1.18009128182050582,2.40573720427065219,5.39686547727735633,-3.63115463340374411,0.519098827289031894
-0.254314897795442085,-0.00124368372104948313,-4.25580973660651996,-0.47590990523565585,3.11198919289355924,-1.23412810905855364,1.05196693037159417,-4.56595958115910516,0.565387505613670238,1.21251230287579803,-0.832561790380177857,-2.84937576802815906,-0.452265610203482382,0.513795235051990651,-2.50941024400866208,1.83391176503162279,-4.87251425600653221,1.02057345693680257,-1.69511370577738374,-0.205851751066146144
0.175513852355072025,2.0376448041706392,2.56231213676867275,1.44330673767795692,-1.20759355207697672,0.652131488815057003,1.79870511307967118,0.560290729715752556,-0.782251235066363848,1.78698382027639946,-0.0313827160888236201,-0.00115031522035480673,1.29582913421044488,-1.89871017019577626,-1.6694863710548129,-2.54270031833545795,0.195994232554870806,-1.10934922253986845,-1.73319617590123465,0.297086546313323707
-2.34975929489277657,1.5160488311995477,-1.5790295811728281,1.0130772345593988,-1.16229819062082496,0.423954582410934366,-3.59934391588062841,-0.693480328896117548,1.59527244966591275,2.0447644768732216,3.78219621229338054,-2.31040488838873781,-0.78134350894392357,-2.74423765058661129,0.822650393390127244,0.676034280084172212,-2.56156931124243847,6.80261722463483665,-5.47592233148236485,0.449347195057477278
0.78760211586646911,2.58332533229227579,0.495129604457176242,-1.19042025075067648,0.549173022311881143,-1.31321602130551107,1.72060809563061423,-0.241484594328013336,0.519477908990813919,2.64757926600652427,-1.16345192619740678,-0.934482854633695625,-1.83157845074708026,1.34033933346165135,-0.972451649561139941,-3.85567524203415379,2.09569427197481106,-4.51888367383811396,0.890141939621141964,-1.09562082982300835
2.70073628650827846,0.71306709561021353,-0.388691518485909937,0.916803270499769729,-1.36375161891159258,0.27650872559386247,2.3035660558551565,-1.05667540320664743,1.07660079151055643,0.75063101072328331,2.96268001451325436,0.878539147048192581,-1.22029617767894583,3.64169356367241459,-2.86531513245598468,0.511926714899361701,1.96088532949911443,-2.92167276986171842,0.867066465172286249,-3.6773456856115776
-0.685257731599676845,-0.973621205732515538,-0.160603134916238205,-0.861837131014480007,-1.89513836275419867,0.63943346221366415,-0.910729366567698317,4.8706718909648723,2.56734139681182771,-1.47648780395521673,-2.38124591957074516,0.690269376989905092,-0.250354756762911246,2.17954940173518885,0.675867013232173353,-1.29291923450323365,-1.30857696466989615,2.64370721473961989,1.14306619935216336,-0.00818835452725978977
-0.178228104396315035,-0.715642010857009514,-0.308563435684111209,-0.871001628777034909,5.03599332105595998,3.27503923749919235,-0.419474376974042829,-0.377708265229071694,0.497331986602626674,-2.78698468287885914,-0.74528507972297986,4.96823605906981669,0.27757610579110481,-0.35673334797268369,-0.852657523482948543,-0.990917471820127016,0.376222295237651994,1.06859649340214879,1.10119409969106385,-1.07507368608532516
0.29054286288083514,-0.864792271875699181,2.1957686557505669,-0.437408354093000329,0.291894816231983212,0.571695962388941492,0.152715378254400763,1.54264095538250334,-0.768899578137278716,-2.52692103493242914,-1.24580640841735479,-0.612466724296530707,-3.13735554527630978,2.33756839674109917,-0.577327590820120307,-2.95474286028847644,2.66583966849188236,-0.0870428219553265881,0.125212656536599271,0.358255637704587293
-2.10095600708991226,-0.447970198905908112,-0.708832176004655978,-0.0133617334264755153,-0.559088159349761304,-0.82158022000519193,-1.44957662849124658,-2.90573348520009755,-0.751758308277024501,0.963915798017994874,-0.720183914689340399,1.68010891002163043,2.91308565914573192,-0.553024763078521331,1.44967641099945133,-1.99250145293635272,1.83813885550460165,2.5957337479600282,2.43650501724526913,1.43486086560080683
0.879681775485174011,-1.62741802679397085,-0.484968929880082722,2.44653931410768699,-3.51581577366712983,-0.798881953917832233,0.541224718034628682,-0.643119042559990639,-0.808082084560674541,-1.23969914771259226,-0.857382298142731036,-2.60378592993901936,-0.491379290720714956,2.55062691462513769,-0.60986168406816299,-1.69001594159231061,-1.13396383431602854,-1.27906041903868473,0.23346513631747362,-3.15353461223768194
0.328054955510641899,1.19771842952699026,2.57190123204799059,-1.40585463358928231,2.25303414107034206,0.734429280686851871,0.842688962996877566,2.50691307189320378,1.42881465468222046,-1.77789787854075465,-1.47752161358167711,-4.43302469836614321,0.900903745191627858,-0.897316797332194493,-1.96083583157749586,1.28491218267846241,2.53096589811866224,-2.83843899416961332,-1.59142131581241486,1.65090322874257711
1.8944851857386551,-0.00431844886515984211,2.23594062917890568,2.11259922815671919,0.867321685294212052,-2.36053486259084222,0.635304676273606095,1.04048292677644083,1.69897402865620384,-0.674903595525097932,3.08072764140667443,-0.252054183813604726,1.45784105709942691,1.65713999711275894,-0.85160873141536686,1.96192997369110023,1.37770814812821762,-3.79120149046770161,0.771086180675064736,-1.53497200446595072
0.0699169333055200681,-0.132441033464450436,1.89197892859590588,-0.515111678964057518,3.23679341938752696,-2.06334218215390797,-0.210179868185072061,2.95097017663851569,0.157546281181667275,-1.03021695826879034,0.067872663092133162,-3.56168368465484164,-0.0517312250476714766,-0.154083716633977047,1.55138400063100068,-0.804760783218127607,3.09879477179959295,1.7174438207679934,1.05015924635186364,0.579436993434975345
1.06000077721167352,-3.08215650012785103,-0.224998897008107129,0.714867251937268189,3.99845970953718055,1.9110532486077918,0.320642150089267108,1.73392243117798017,0.802910126996065454,-2.3815923403723982,1.14171222827241126,-1.56907524912131069,-0.906651311297162588,0.684502417627738113,0.311002812078308544,-3.67279078027482608,0.201745589361139843,-0.453719017803717151,0.590533862315013036,-0.236007259175302631
0.418116505292644269,0.241743366870359744,-0.314080886925594993,-1.60901428749803022,0.672134419544601514,0.690926834366181852,0.372415284558593684,-0.842437963581373683,-0.460535749149037998,3.33883978890791244,0.38794522269019488,4.1658902368630919,-1.50044475885208706,-0.389392817814824044,2.58743188746292052,-0.523028352376568417,0.385173184116439971,-3.63294800542731,1.43486402855157325,-0.536655411695731943
0.111121247759687194,0.150541910698719944,0.576260650566101984,1.59272935101389379,0.819359663886234157,-0.196013571586110824,0.763562102267187459,1.22145183906244625,-0.794966559823596985,0.0611082530684848441,-0.4573714435068163,0.0801144143892821986,0.901243463987582261,1.17808609480788173,1.74294911759675641,2.85513094168487447,0.173579472766075604,4.45256049755051553,0.535497427311901752,-1.5380514244913448
-0.699589316753837176,-1.07273191771777698,-0.269480868107166205,-0.304885437721478803,1.96895570533789366,-1.01198200064322696,0.899201102213169845,0.458058694072882522,1.92487323026586044,-0.279292875668362084,1.1297646180322467,-1.86791863969918071,0.630817103955685687,-0.745004958602217493,0.35382810330015857,-0.97585160699514617,-2.8704233922834046,-1.7340649835071178,-2.03795511218158065,4.34298629525782598
-1.82012327388103001,-1.5452125563795136,0.878599094412545467,-0.0610590027749501191,-3.28541286424872059,-1.03427267936329681,-3.38450561926326143,2.44714356815671819,2.39243360285009876,-1.10922586134464574,0.736301529270873334,-1.15644708096700755,0.384348051381473044,0.325090691396614284,2.21352795784058687,-3.49772561263813753,2.70104158750023648,0.782059895616040057,-0.273894252429001728,1.92258648972365598
-1.6716289768555932,-0.717434926237316972,1.83445251020194067,-2.05785740225721847,-0.142798325795022801,1.31508483750299088,-1.8524966954428328,0.81165723308840021,0.0275760297248894906,-0.740014513502865068,-1.14766586794560954,-0.925893751163975987,-0.738327192634219975,-1.17765848075864343,0.309565774674875116,-1.41660743437156467,5.17691619813427817,6.52400854679930831,-0.10881941288374182,1.83893105375654842
1.05371441052708725,-2.01004614180371455,1.12327099800786279,-0.628862079839039745,-3.94596465715235256,-1.15632849823016115,0.685840074164370317,-0.866387393419968621,-0.656201380877322493,0.564791060964980107,-0.128924595367514438,-0.320486291939837187,0.0481393434971419606,0.829029666295187817,-0.41875251653938006,0.345381615611268622,1.25388923105434924,-0.78004441922552703,-1.48120501651276282,0.185782420093957373
-1.04241709348064759,-1.33572094334465352,0.3201327630801446,-0.330341651609352527,-0.873530583299543917,1.97230653292545965,1.11804656521284373,0.0965296199736823679,-0.561586566630257966,-1.5647563385117309,0.90636439289244175,1.92430993281199347,0.120780757191322946,-0.528529331479731801,4.03925407750160304,-2.63324300065029249,2.37904172843847039,-1.57219822661538711,-0.996117391796206286,0.0294077718188963562
-0.0159590302823306683,-0.451249185313903955,0.504573023821815125,-0.0389891836337034892,1.39717447236983294,-0.675219701275420414,1.3280729871533965,-0.458387080686309789,0.0220059904553059592,-0.136197082067317232,1.3523713887347788,0.751974902060723149,0.389141267920670331,1.46192698708565016,0.0446481964154076538,1.9277781871169517,-0.787510809601166706,-4.42841169096510345,2.39964696609541317,0.310455412067708436
0.352561803420375575,-1.76832240270628449,-0.988397319867215574,0.648461509440961703,1.37492535275185501,0.293535417925714914,0.247843693755550543,-0.254388564467787182,1.6946134915164548,-1.3708184998114934,2.34262154733310624,0.597948533899915424,1.14402493661481408,-0.661038482233280766,-0.10117999098704146,2.29347549659819405,1.08520072845409254,-2.77684080384791709,2.32181220818581435,0.210485191947027306
0.414450349362698311,-1.72907089947984538,-2.99916206753785453,-2.34236652950753177,-1.69607145847503671,1.44575737623662826,-0.478099579118594353,-4.07574997452372134,-0.0103835811314965196,-3.4572065171085864,3.1692795760385688,-1.32049499841832585,-2.03959802515135591,1.1364948793074543,-0.479080508977132946,-1.9033150021939258,-0.78395281558018004,-1.66434186688367669,1.60770723861972686,0.80999377881360235
1.09351190553929078,0.44702549368229022,2.3009653579434044,-2.31063789498586569,1.01100461116081997,-0.605239787786053252,0.0392449694012059896,1.31277787551495995,-0.155231589987712165,0.195840594458174255,-2.59147175142207464,1.81746684356183441,-0.118315235663652721,-0.75381729536972697,-0.366262040554973689,-0.685283223211386572,4.32901088917525012,0.766526518477444352,0.880070645479618552,0.349932499822182941
-1.18569937102745993,-1.9183129318284764,2.94299182057815667,-0.359351115340138083,-3.08145993004622643,-0.351411129684633783,1.3327979218296655,4.45645655726670231,0.022830451418581435,1.97796886745366862,-1.90787507276110402,0.631761713095053135,0.966973706303988156,-0.0951433199889596265,1.01615545964945686,-1.66689879305882993,5.51227234626671514,-1.79919276234742131,0.249279075872399974,1.9076009089198378
-0.44181859571312232,0.559661470858065169,-1.45847495626695345,0.168854912466648049,-2.83653635418069161,0.0111595345328721739,-1.60665972888544029,-0.0407806551833356859,-0.528048007508856498,1.45267392094410619,-0.131378415711060043,-1.29677778943571442,1.55746079870355714,2.04678472930719924,0.0846172207679515287,-2.11807292085799714,-3.94474481138573863,1.8575022107045025,-1.10082720369450571,0.249231805904658266
0.722282210070539943,-1.44491285257237245,-0.2443638166436016,-0.662513305855186529,-1.26410883920879336,-1.85220521442718922,0.46367552263444578,-0.136920238509008779,1.53846292892167225,-1.19181910906137012,-0.017860836008245725,-1.1652525739079389,0.869787942555901972,1.81147773996271821,-3.256336980190917,-2.23411087753786308,3.00169190013342924,-2.4806672618433927,-4.16922809504307068,-3.30810864332529864
-0.857474936902038909,2.90502570447024278,0.473602987096157002,2.2838106495227124,0.605644008032074521,-1.07324359684264325,1.82806723836367713,1.68253857094616532,-0.501685235649932726,0.557720978848403659,0.250016226473662062,2.39354269485995985,0.670496773316798689,0.989951456373641236,1.88250608115848994,1.98782789751788824,0.0543862009807064561,-0.807292922258029844,0.440834051373819924,1.41892114408613423
0.516782572119412364,0.510251773220912197,-1.6772859445113486,-0.495017929596214379,0.584580510491416239,-0.205781123233486574,0.529761137897627021,0.27326312800816549,0.985491363927364583,-1.4034157122994193,0.636046068504585671,2.05333117622654671,0.173940608137257868,0.938789246411165679,0.806074456696485031,3.61894448082411646,-2.17439571912452889,-0.239509561995693482,2.83175706009599359,0.561199043381576224
-2.24185543284565414,2.23462819733755325,0.248901847836961565,1.17576111932337146,3.59012630756191076,-1.64416002245247306,-0.609694930276671543,-3.01822760831684711,-0.116609576776578752,-1.67734306536913791,-0.675423502737831472,-3.04937263293303085,1.31427218967157322,-1.91230002047597858,3.55327181171861239,-0.134059915555582665,1.36054968964848744,1.10416069725043431,0.40201982842404399,0.802772727616975823
0.759827431563418809,-1.10780455802072453,0.691643969752689047,-0.715717330542065211,0.517982986414937008,-0.822216937878094134,1.37333473963018937,-1.89817559270641301,0.894526451308534032,-1.76813881603418288,0.99157549168922321,2.46358427790916279,-1.05253646690592051,-0.568619845275180058,-1.00234936062598901,-0.985197543222590344,1.4194145678160881,-2.2158454175611948,0.0963677166042482408,-1.80754398265669458
-0.138109335480128326,-0.928594664748622955,-0.852854822800340084,-3.25438288460395775,-4.16737141884086526,-1.76071052173371156,0.471281955588636781,-1.20715124746957292,-1.57103397814198109,0.650476563464858493,-0.886510561093350691,-0.388018976226118695,0.478203831780847244,1.27060632716708533,2.15292259952640341,-2.61500180934644799,-0.23941100577331012,-2.09033031120110335,-2.64635542008849667,-1.55592128226185289
1.51928401503450794,0.751570765385843553,-1.38132070747390756,2.43874915245194313,-2.68466401985199621,0.787219654275596037,1.24163901760253892,-1.11546772555864471,-1.28619652382859284,1.45273086078018232,3.55812526275384444,3.44703603410655202,0.204378182702068728,0.194711698090946073,0.316916332034129777,2.97063529335595344,0.287280788009910304,0.54310849054343846,5.06223720965189639,0.996521817903119556
-0.0866755944555368946,4.35590314299153025,-0.224057797440846695,1.15791629115244388,3.52170124961706588,1.72167788764323904,-1.15091423764627399,-2.04138299599378836,0.405223866314753989,3.730992533725217,0.601201739060879259,-0.649468932072108207,1.33315639993927371,0.307767551040388332,-1.27821516163698012,1.96796722954709868,-3.26175303111668047,2.1306893714310533,-1.84440680459510187,-0.92796363356988687
-0.0485525391262857237,-0.237892794000050811,-1.0015713406932707,-2.12914071795941817,-0.903149119062042538,1.32667816729684063,-1.38987631433306347,1.64150034575013026,-0.667474933181290586,-2.05535761936846217,0.794182182009190885,0.407415863725438199,2.31616309040706625,-0.273793681413146139,0.348758878694087116,4.42036136732640195,-2.7429312856452035,-0.548503385609299787,-2.54620083170054112,1.02964692473523511
0.352688328523383776,-1.53019998151560799,1.27928107804399227,0.183739542026810948,0.407371094893204166,0.554607609024552417,0.0382388260539820862,1.27997562877680182,-0.283533495422350401,-2.08187584075937782,-3.7031322431060758,-1.90625947717229005,-1.17441815297005592,-0.293780228278243405,0.345088283109355243,-3.34832701958282897,-3.28898229125705388,-0.649833904256801209,1.45520982427782064,-1.79459162256963167
-0.423295978135094453,0.180059174711184156,0.418335981288376124,3.33221706984515231,1.39757727844126567,1.04876915648420121,-0.645035279603638156,-1.0278121075770652,-1.03302088760385447,2.18663061393092706,-0.221396367406390432,0.421155972296055114,0.99472315275457146,-1.02126862754341685,2.30606008095362691,-1.4182569476623248,-0.362845334920016471,0.250140491398268994,-0.117413398870141267,-0.626938724939784531
-0.568316047381919875,0.840422267048955951,-0.993979386687964372,-0.46447316774660985,-0.719492519907318107,1.59762445010599108,-0.491480599885342317,-1.74211077972202233,2.5528578870882459,2.31755050903029014,0.11595087138711542,0.855262174683678378,-1.61575847738239342,-1.62652809050689862,1.43892604839377602,-2.27233166040141921,2.44001524125220648,3.00326404070535702,-1.22682971446774736,0.434746657509768097
-0.407980851355730756,1.77962434010614401,-0.0375667024363484509,0.0417120602355635223,-1.16063422534396143,0.0342823201525251711,-0.996310684447418771,1.56575980188464436,0.431186512088058582,1.63588595916950053,-2.24401617862229097,-1.58226166256939194,-0.990178802403641423,-0.288376895394207466,2.34256345807947897,-2.54215043812469954,-2.80895255570350777,1.05690494058595164,3.9723298360160495,0.323554678661625905
1.44368165649099445,3.06132564252254058,-0.923915437255208194,-0.21931294099098228,0.136774010117870493,-1.71275687706665858,-0.150131920278313791,2.4547132067473636,1.03139016078663937,3.71741195703978144,0.0767324771572821113,0.0584073918960049815,-1.57412731146712326,2.16739154369447373,1.44717450018085003,-2.78741034391421172,-2.69511445745859701,-0.549737344482614021,3.40537634465714412,-2.19752641550545302
0.823356860021875803,-2.94398623517696478,-1.1164326265570228,3.0531351726332705,0.503919877655778836,-0.382102740674092667,1.38802312997200739,-0.197405274067074948,-0.197483940783992923,-2.17460609862710363,1.18439230334794843,1.42158700012034567,0.791074099883660176,0.587876766601368006,-0.247577254907291461,1.74528253375882869,-2.01894791904606929,-1.12582548405067318,-1.14849426435793855,-0.865660339087041208
1.14124651730645343,2.96113003467362246,-0.414344988788251045,0.184002878943225562,-3.5842663008527107,-1.90283484293699656,-0.851475429617216562,-0.150727866871103122,-0.794187397511697868,-0.339797848350832543,-2.79864641507472678,-1.61281234453934519,1.72516757291047429,-0.0381043531307719702,-1.1104531582340682,0.174729178228731574,-1.97302598274425778,0.545704974859179015,-0.392222655031843614,-2.2222355735338688
0.463106164852831126,1.03503826988166381,-0.82718961297328808,0.966842163186039993,-1.57607793192145973,-0.0560761710611046571,0.398018251143851198,-0.103889830054148105,1.79493615724069056,0.62868859719559933,0.473304250961870232,-0.592255234082960547,1.27871344141483978,-0.223990333453648438,-2.82266945564211502,3.49534156434032184,0.325442413470439007,2.52837195258593717,-4.39320490043269007,-0.773734019766878056
1.30596939404889056,0.162501024878933031,0.538733234831192176,1.64482492086701892,-0.355981128487899645,1.03852345719355399,-0.382947448661244805,0.717463998770445421,0.797019427715091155,0.973081535768120176,-0.0530618728684535065,-2.79027988716008313,-1.05046416201606663,1.35425644023060987,0.0286860663485636012,1.19666015674204007,-2.44208200576000944,-0.879636086889632351,1.21795933432426606,-0.88184629641455381
-2.47216434605221869,0.996596802731596232,0.493824266823293667,0.464414962989991742,-0.254470965084042711,1.85394391140553561,-2.3742068863613226,1.59390477037555534,-0.157177177014255043,2.33501301347577916,-0.189014004951605974,1.06893446452879037,-0.953298540606933753,-1.4244212649044472,0.85260675406706532,-0.433394731093697527,-2.56728144565392569,5.00008797535726668,-0.533088174545699789,2.71758279970681205
-0.12689439401022154,0.296293619532391805,-0.190860652640341494,-2.71956586299038472,1.85776039180250296,1.00336031769538936,1.17479028217256642,0.247849815589969491,-1.19233988973174387,1.96181211959900104,2.58779041737492221,3.26566647520947262,-0.566286452894442127,-2.09944082549889188,-1.05124572742145528,-2.20960620158184939,0.975305717869775046,-5.96450187110536056,-2.19259566871478695,-1.76840345348612349
0.726460081664579538,-1.38147940162798455,0.280837833543809756,-0.467092286576414495,-2.07431550553584065,0.865987221824728981,1.13070409054886412,0.0615112863114975761,-0.0353485707151541054,-1.08013765436453557,1.72257167622720098,-0.0825465501750254765,-0.0995417771819398084,0.108211410519836071,-0.58827268739439964,1.27384340650737626,1.44653674331660831,-1.10695993615507948,-0.461282218507063635,-1.00234449922058921
-0.261634754520736923,-0.242847052587134293,0.0854619779974945259,0.343821502904837151,-1.53451738947033722,-2.62928972477707212,0.415957267578389411,-0.180608120502793068,-0.614316219280872544,-1.61715006587234522,1.16003010815048513,0.291463406988102525,-0.491009460911252305,0.6228988840075107,-0.518666191858280667,-3.8424099545567123,2.19943120895143007,-2.50312956453781599,-2.57126374368779187,-0.455049033162701677
-0.664431429187879008,0.547287112958329103,0.0670424021944653059,0.330283631287646706,0.0176247924534868421,-0.706334489544494404,0.258970596700684397,2.23167313441565929,-1.44428270355011423,-0.36571753990307182,2.41212530208707987,-1.05516805768036459,-0.61425327231534621,-0.79614372941986411,0.71719515914937948,-3.4849984720411542,0.223009394100642161,-2.19628428173603529,2.10826298193450556,0.299804450746986417
0.957884334110647773,0.189426324255769968,-1.8488416568397561,0.988194993359662543,1.36248186098005641,-0.179723424169078577,-0.623396669067035614,-4.46166545476668741,1.73222005473241403,3.76030240103298397,-0.539835261837536051,-1.33240037474688156,-0.488701603488671033,-0.425938502822063747,-0.625683502183444595,-0.744137164807329832,-2.59168811987183423,-1.36398341486055386,-0.151250854807395696,1.52538293296386951
0.636407437347839,-0.807787480519406964,-1.49389498224229311,0.28157250580426274,-2.49518447139954702,-3.465912155492616,-0.706546307790454131,0.450584791862961132,0.569092120859576278,-0.771016609970143207,-0.343353378008226628,1.55731886890591409,-0.78614760799627581,1.57994488444969217,0.216807966614307929,0.459149574643071157,0.494262891766777346,3.22637810463367991,1.1673396104470144,0.469848946234256271
-0.102321667945322978,1.41180128079295697,0.285559014772849729,-0.287692181518379053,2.96734241417777467,0.754119622092072173,1.51042095808380838,-0.491170232912995997,-1.98641832033079391,-0.508307868199172508,4.53716026004076234,-1.0605482192957425,2.04306084912807151,0.549823148701873765,-0.746966264008535052,0.775234354610530474,0.412619624776831062,0.530223536758702596,2.26781008228335779,0.185492658449603914
-1.32988605156036432,1.8675557408470953,0.254240709198832793,-1.98341847749833899,0.179812949049318022,0.919010232513372771,-0.779427758121148839,1.39626571923739262,-0.00271300571770763561,0.436003333089940104,-4.05431950516628348,-0.719088651858258543,1.06381443002632348,-1.82916742140138089,-0.853874710106225954,1.58047036383778461,1.16801780650607712,2.55339939274970895,-1.46154906419247732,1.03912748803974031
-0.701272004696920748,-2.10044931206266083,0.227013847808279462,0.0398842924368835935,0.924864187656188497,-0.237023763615353544,-0.367754461620070916,0.0448575042562867274,-0.0608185582535545957,-1.28979371648562302,-1.95129558280094018,0.543750854129036121,-0.325193479491863946,0.158848410958266045,1.38903322690216013,1.79756681407072949,3.45363015583136601,2.1677650543084761,2.96844212937953467,3.98985724645371453
-1.73246192353981909,0.948853884577889661,2.65094111946609212,-1.59203015762209188,4.74584030744137841,-0.259930248851999335,-0.420410821399558543,4.0737856670894681,-1.64949135245152911,-0.0538979552439498716,0.699393597882863705,-1.76848466637488588,1.78943243254713313,0.693469834452653644,-0.143389486959490081,0.286720520006504553,1.84332791627310755,2.59370081871420277,1.86135129979763092,-1.08394430993992241
0.479378310191536927,-0.68801003612486844,2.2638659057936974,0.533476024213337952,1.56796566439359109,0.650124053489170795,-0.0722110636932043887,2.50069512996631182,0.530933527991274357,-2.6166622775841164,0.0833954576796752528,-0.0685853810780883005,0.0582333723767260517,-0.95482875870952777,-0.655804701448442606,-0.455848439359035407,1.46765212974271675,-0.376970927802725952,-4.28692568248905381,0.13736766934830566
0.0429884571482920114,-2.65034300088787367,2.74297687446493921,1.42948112155125839,-0.818841936834829975,2.28216323363420148,-1.66190008459765326,2.37386486261882501,1.11968023650917936,-3.48167709790741853,1.54159980910851679,1.17167335939189532,0.964980869778019779,0.341768195579457867,-0.21221634740104342,-0.770201898302360299,0.072764750157899849,-0.987372999801602425,-1.60071559573132371,-0.18290981517235011
-0.470204212908876207,-0.150430325513995017,3.10327373178397625,1.85745585334890384,-1.61579904802504193,3.15119269610160879,-0.213966739411519447,0.870170984080722687,-0.227416892838735035,-2.81612404100043268,-0.473112901802978991,-0.996646307300336098,-0.124338217316543806,0.146032519385077886,-0.817195803725546122,-4.09947420778447391,2.24571204634128918,1.83485073745894067,0.17727714669559011,-0.0930457939285790903
-0.208945703209297118,-2.06197968508348106,2.81863563560956409,-1.39951800426196193,-0.958445440278497762,-1.16757750043457098,-0.403286314656487954,-0.823038168359385147,-0.137618899648419279,-0.833342332505638606,0.478348041038596405,0.372196658875960429,0.634163996525493268,0.271567738480662957,-0.0471526096631659092,0.3075431341601082,0.171621551416816537,1.66170683915058826,1.01773985121148991,0.115232837841569638
-0.520474166403266603,-0.236763017895394556,1.12150352321044955,-2.0967697145519204,-2.48235136747871143,-1.28236925774107235,1.18674690578067854,2.24255830094573794,-0.10448431709677139,0.957114895285474776,0.172791735113629691,-1.09710713967113094,-0.579300857819767034,0.150809064429206247,0.469194198818413843,0.0179489250763800838,4.03696661816446323,-0.0468195910366527995,-3.03642882784203394,-2.42856218043028615
-1.69605327308063769,1.00748597195223932,0.800649442759915453,2.73455867662080676,1.58452857960774329,0.600083822911376741,-2.91313257307553775,2.20430679475480407,-1.14178421751176407,-1.73400151671496627,-4.28087724448489837,-0.923134939967454438,1.33639931503115461,-1.12105578373506054,0.631357089645273817,2.5551798826140466,0.607142328645278506,1.92452871607366305,-0.657851302095073809,1.21508676180102793
-0.291336958459516904,-1.61820401522820267,1.15735417482732506,-0.57573488024181052,0.524113289539008154,0.442335372097390767,-0.430842835493142062,3.25453054116750362,-0.662452393078597712,-1.10504456529241968,-2.39395636137990087,2.5421353435784857,-0.898305696620915639,0.229749887981366779,-2.4702050343753692,-2.68506822433038561,-0.668619708351383846,-3.52281954071364645,-0.958632647254930914,-0.350453877810557146
1.16086383897793777,1.49271116522706704,-0.689683868904845898,-2.02437538514048043,-1.06978890921210334,-0.864034513364862033,0.753757994838142542,1.23170541638447695,-1.32074217274955807,-0.125723010002391028,-1.97816788423923362,1.25743832520868271,-1.70555332789442682,1.3254207771702915,-1.37930541007558549,-1.49731286240972228,-2.79060042230859562,1.87636598261611964,-1.29808380976874727,0.7037967062828272
0.337423962282330625,1.53001949862045872,-0.977462136762679679,2.44998462437263775,-0.70406295867202473,-0.268121752200094932,-1.24271824456698177,-1.51724323107456183,0.632610442913118631,1.36497677282993468,0.608562539606907316,3.24747515537362919,1.10644108154677712,0.880222941978270557,2.25631796334534629,-4.22754578142187043,-1.68160648296576243,3.46527231114069156,2.73411691965313652,-4.350211863039398
0.0848704966578619213,2.6134433804436612,0.173686277831420127,2.32978077353419932,-1.03686187101720328,0.0256450196869813588,1.67402026068981225,-1.73859449179165315,-0.748062676248684499,2.47272939498127409,-1.39304781382881093,0.437817765014451188,2.4815533455531904,0.328410090255187359,-1.80126218417864026,-1.62342351044396005,-0.586543538558977229,-0.882857887348292625,-1.05521283645822495,0.325450872215385045
1.44226750685116123,1.53699073169061173,1.97976634033834897,-0.0514241103003926572,-1.65979460301735227,-1.03267455447339085,0.889478457500515018,0.0994029296400948392,-1.52882853220359682,-2.22514738024880021,1.5387349826862895,-3.94986441124047705,-1.19952203767707277,0.356884150205268591,-0.627154249816241238,-1.78489457029203513,1.41402895984576182,-3.67677358637327423,2.87609325486965428,-0.293127842258597338
2.08984841224953577,-0.33551241588760472,-1.32050060450094375,-1.64385640085607343,-2.00270515564299822,-1.38361845702289155,0.0966913119657560743,-1.30129183333511755,0.56580716456043656,0.0590258872406492774,3.61619360987967609,0.290250422457083657,0.437541213579573374,1.89454867198522714,-1.25234233971456166,1.18142572504259213,-1.75170067190100109,-3.31285364042502284,-1.11728305723777632,-0.162863743867523364
-0.546479480407857654,-2.97580813189733684,-1.22453804499893093,-0.616305680878662998,2.02490933405055706,-1.04804614221185699,1.46033935582899033,-0.122499830062014814,-0.0553253089288223768,-1.01921274423980202,0.435169054517701548,-0.510362780292978435,1.38477640147118874,-0.525465052230063345,0.287840084514968064,0.514807320453969042,-0.288608015997054546,-3.46311042624752519,1.49762386808237613,-0.720067517811952995
-1.69707609957613581,-3.0703874396611881,-0.491836740665038186,-0.597456206229891817,0.214595636784369881,1.29741578367683519,-2.75703633184680408,-0.833073343421243617,-0.99795452878111679,-2.2500299151250851,0.177703479613995519,-3.77056454714059441,0.333512168153659805,0.445800033891572633,2.236149585500526,1.32950403610616785,-0.458707653488148515,8.09406926017328843,-0.837797076607651015,1.57920297637811569
-0.387628044888438439,1.94474276625251119,0.825547284888215938,0.132679264657787704,-3.06421293211610379,2.1616465204100721,-1.26267465337475482,0.677473589333692838,0.730323849919385593,0.12177517649774687,-2.63343517346881706,-0.767893703334857625,0.601275214924003487,0.0476442630851076701,1.01443445313629188,-1.07574978733618543,0.267000154096699749,-1.0621602265128649,2.85132736642447959,-0.633858856240819724
-0.255396190428987035,1.28796630522478983,-0.0127286054842530565,-2.28557032841951635,-4.01041342176790483,1.46257845690729282,-1.0421649539384541,-0.608970267694017298,-0.760166928893980076,0.239623966259325027,1.98094748089338291,0.10933779674057803,-0.682782861169966226,1.04369462711806604,-2.86530996174458208,0.072816312390907148,1.88289455080313983,-0.455785636274337047,1.10070826350263351,-0.401415084135419931
-0.693173752362718276,-0.567001947579934384,-0.548979456949236222,-1.18061323083774639,1.54045736393582922,0.147896339488777284,-2.47662463038763692,-1.61383939415195199,-0.695476268429110145,-0.322556065258704061,0.0915961636317994127,0.490112321348764923,-0.234941744860220153,-0.980130618031300527,-1.1927212937956857,4.08736981190500082,-0.505590001686583523,4.19927283492369341,-0.597033527011473053,-0.888393816422337501
1.32184728325257739,3.0241130008910142,-0.941790539121800441,-0.408744064802972484,2.79340808743252911,-0.845968543964562891,1.63498139454212299,-0.772796686334017546,1.04685601875108891,1.54552490722659841,-0.277788242974514543,-2.61587486743978292,-0.615281744814434206,1.54025193023272156,-2.85184418422718533,1.64756804536313761,-2.09106397828481683,-3.28798781623228287,-1.11004637919072713,-0.357284931136621076
1.88385021980715539,-1.55327146715609543,0.745224019747909527,1.08850308399396356,1.12572923164739103,-0.770165129502847323,1.01521016774332518,1.6898502146545471,0.340864804675827915,-1.01709102503299187,-1.09356907250526381,1.63937234125601772,0.0575233922312300139,0.54133954077783053,-2.65986106948065437,-0.143742697293899768,-0.378470574725211395,-5.39794708209730079,-4.4235146832009713,0.084956157946687233
1.55817985180032581,0.679088836964269915,-0.260695985938943553,0.979823417811273245,3.26479132296668784,-0.652042538991235765,1.03279066695126343,-1.27079641067545568,0.418285555127818509,-1.78995021364584428,-2.76017099304515989,-0.741692759913376798,-0.168966066905171935,1.92539398629425729,0.474356017255411821,-1.20331273158799479,-1.49312592455176829,-1.37985934669956656,-1.21477338115659483,-1.26387071944609097
0.633910826976398223,-1.1896210408604464,1.40271709633925057,0.952119052800018184,-1.4102256907515307,-1.06101381388299187,1.66208637526338587,0.93944518039339675,-1.76799452872379814,-1.65949003621883229,0.548127531718411998,-1.86649377062696153,-0.289441292431473041,1.5078240998255148,1.50175001228407301,2.31018390413742969,1.58218371599052032,0.356609133547272528,1.35817690428091775,-0.725048357295506318
0.408290088033638032,0.824844949571085451,0.175893221448653936,1.14275767943334605,1.43317010341881756,-0.603574626089293131,-0.0794587500577500494,-0.131186918579084572,-0.0912882108979453377,-0.731944921109272451,-2.23076036492328678,-1.43177281292933123,-0.725110315942682937,-0.632398339162764445,-2.77575388017850733,-3.34829658241307637,1.52209567084785857,-1.02253084998313981,-0.149937032931084735,-1.37425818428009938
0.813171135013655455,-2.64470630053896594,-1.18724986651802289,2.76570700361539856,0.282788306500648401,1.16075281482771597,0.430056766602884055,-1.51067425910791808,-0.106034632043459476,-4.85225874521490663,-0.928931244061174111,2.64867942952874946,-1.0324203175857305,-0.338891479193661693,-2.96233078592655064,-0.622300450342049838,-2.542401190934378,-1.25491357658000657,3.66759734153365358,-0.168059621031768885
2.42777672517751286,-1.08394852593512669,0.201385780566326111,-1.99990312736098197,-0.430122005623786496,0.344106202546181683,2.83398385876953363,-0.723228611935386789,1.5383111327064809,-3.20127827648430952,-1.62487023388062291,-0.770160033878038219,-0.151477660425507032,2.62550754395902786,-5.18591435170927006,-3.12259137859316116,1.46041889599812214,-1.52882872702056982,0.616482364247335046,-0.00807751137483537877
-0.863098336671088595,-1.47618844509373548,0.665587651306557948,-1.25564605206583813,5.5258574748411009,0.750428024756290446,-0.942118296908724839,1.66939014511183803,1.4318829272521747,2.16956991527492082,0.334588294216116466,-3.9209182367175317,-0.112380996696004001,1.95203309251081603,4.34449774029096769,1.40696464176662794,2.41311747036528867,-2.02064521700005084,0.269538393300113088,1.68352186732415454
0.597533465343311754,0.830584211621002821,1.71177008659266905,0.16139387250534179,-1.08682151775158964,-1.58637665729161781,-1.44845386915797825,0.610936086919177446,0.117492368443844225,-0.724496920952965806,1.57158633355841504,-1.13999916605601981,0.0514167235316370791,0.287397733797075561,-0.38539505105865296,1.78572722611647516,1.95317978385237434,-0.97660228600969734,0.200066110796576047,-0.674414260912059027
0.968087336787612496,1.35561537294059642,0.389546726566394497,-1.0380663658456013,3.15330110408261177,0.992660590458996461,0.619308289854884841,-0.749504863491659346,0.495815060592961099,-0.546844905524955571,1.09168260258212935,1.66281720204897043,-1.86657796695250555,1.91728989650788684,-1.73979719361617891,-1.07758879632543891,1.00077409961005204,-0.789490064379568479,1.94129503204186893,-2.7414785243613311
0.941571264446700695,2.88574839011935058,2.02053887996597936,-0.96424923907574478,2.59423209406167565,-1.82635960072843107,0.633271043309890369,3.05036075710077981,-1.10315597316249048,0.444156335218448217,-0.439004367751501312,1.91450076839521022,-0.0764617436265744577,1.28647434059034071,0.049835264442205561,0.546041993542415782,1.26327359469066192,-3.96414962213441191,-0.532088131063337744,-3.26382052978210568
-2.68589854998638966,-0.376604597402290686,0.966719981800865935,-0.939342047366097499,2.03246311540853553,1.74000156627017688,-2.14774759338761623,-1.54052743346712151,-0.504800559800011817,-0.770943725591526685,0.417400293281710633,-2.66948970948957909,-1.27211631922204838,-2.6278633554235209,1.12734469295867412,-0.748309176856107761,-1.76580082941828942,0.0470866790592522691,-1.39317365075964705,0.419656443595664452
1.18476607708693016,-4.91117285142279236,1.2858620380845398,0.212189680157061578,4.15253454059712546,1.68185980827969539,0.75007320379524467,2.61198396049387194,-0.282921446914885577,-3.72861527197196807,-0.844746672569983259,1.75247721443095306,0.138242918030795803,1.01941202137350495,-0.686729596740390358,3.24488881251748795,-0.181574623095578647,-1.38750837145453332,0.354570258195268717,-0.892668234933624349
1.66483634180756401,0.0260044034706278654,1.06308114625054251,-0.116197819993480528,1.24431769384441804,-1.19710967432002136,1.07147834541492859,4.49480794656534677,-0.988256601329555395,-0.569475693692847229,-1.50757367803820497,-0.249170756450261488,0.410922438364394516,1.23843465412568343,-2.7500079155033843,-2.3761428516976002,1.80793536030019841,-4.41413420780430155,-3.96269061020312563,-0.905536808433307083
1.41099046272980555,2.0555732142445442,0.232558871245470949,-1.44105493647226246,1.83758848104947226,0.414250743399524834,1.53186949339096534,0.628087462445178213,-1.1421911914776528,2.03643533221619943,-3.51354114341438173,-1.05539564586103807,-0.949370986336334877,0.156458564408495288,-1.85974578039978322,-0.313764540508491729,-1.93698548795027548,-1.67883840830337361,-1.50044124646290533,-2.15827485644489192
0.439042371632441863,2.55059116374347239,-0.607262092467425352,1.50139374392583691,-1.53572809684643818,1.91630979943815349,1.02748312113094742,-2.55844263836719943,-2.13352874070304921,-1.76055303047805722,-3.44878891976706914,-2.30135298460886384,-1.16814770496200238,0.209764541909893548,0.232231086214008342,-2.46857980602922877,-0.220772174081195927,-0.355828077611261562,1.46706963953931813,-0.825577633063468985
-0.650093531107724831,-0.320848747547984314,-1.4696368231402086,0.989672194291212337,-0.931931584366017196,2.28549627439454062,-0.491345595726991324,0.309407864788570575,-0.968055108121745889,-1.06109646708143579,-0.661552926852950751,2.20632431180584998,0.865577027156368861,0.484469825987457081,0.273694934631417364,2.52609463422595804,-1.40058133510520499,-0.260001478432973498,0.903208947608958423,1.53420460843328521
-1.39537259826554094,2.13787173106278372,0.755874574926703402,-0.869356327938551443,1.40989116047658669,1.4091129569489087,-1.09386798937997054,2.72488560242932776,0.479490300566136118,0.964424749171811424,-3.89272926750613824,-0.383083267251823456,-2.09873149560725736,-0.613467877446707832,1.02152930137047093,-1.87040223365339897,3.30025755499093343,2.92669995551049933,0.616375015858460107,3.51473802127874757
-0.838420638284276709,1.247370262396027,-0.8105060447196063,-0.978350895224868511,1.72747057585055019,-2.1535701577989963,0.296732118291044733,-1.56059356615072042,-0.94576551075121984,-0.00925766095361394391,0.749928460271885089,-1.14389228076490479,-0.649253792706235955,1.8565909007403083,0.498066601612969506,-1.10338645663452528,-0.905163779211456854,1.00640651060497976,0.767300924150424724,1.14866221966938586
1.4493540924725532,0.647184234770857736,-2.63834225892525032,0.208417997349528927,0.615115552790518105,0.0163135244470932229,2.11340780641712023,-3.73663016810453597,-1.25856959403730095,-0.175722606220710842,1.83557861247851273,1.17023284233364988,-1.4985023486208926,0.725864037830846631,-3.14773209327171832,-4.852231731715273,-1.69310573062899139,-2.32634789632458849,0.7119642770801069,-1.74651268005360216
0.583914250819633773,-1.66469192488218765,3.39388886850702276,-0.241714594773880548,-2.87392304492252526,-0.684425951043156067,1.52342417886857229,2.26392238373389842,2.07410634693347529,-0.192110941620804915,-0.384071966717287827,-0.483126113892908382,-1.71382352583603281,-0.93103221397795799,-2.20561802252442352,-0.708304994508605734,0.153777790627456973,-4.08661977197256121,1.88000308031460506,-0.712310112675972551
-1.49977143470315366,0.773627217013148738,-1.00904772605820137,-0.0329021359992184084,0.646628747367482881,1.24953241004732107,-1.31281568269882953,1.87635799512383517,1.25335503535706549,3.07592587194617728,0.718601444438172532,0.881129325542731823,0.861240059234250066,-0.347479844149996386,1.42824570363872527,0.209483113654971187,3.15362877065047442,-1.62146523072631377,1.57033474946137308,0.693011005400676505
0.959442004340616439,-2.37035941255752824,-0.021646678346368433,-0.869366438282144771,-1.78984939529966192,-1.74557706647286648,0.989260761478780615,1.61986968343066051,1.21550581651968548,-0.302906201721605317,3.7342694134165888,-0.530683522735665769,-0.0660415951172297205,-0.279514459977604213,1.9049236719277165,0.733417762430913056,0.364857466690974297,-1.61845948350003499,-0.0963851954614693834,-0.433256400146293519
-0.58425693138239998,-3.90301845907702116,1.44812786817297967,3.39866186219372768,-0.358058317016603178,2.55002741466624983,-0.32304034546681909,2.50936145963762103,-0.958034725149252031,-0.437294096109034969,1.7614073319983794,-3.06611820899861831,2.24514912781048004,1.59001206140668061,0.0226527808755367932,3.05043307903659366,3.49493370176321383,-0.122676741018868232,-1.2728709578470172,-0.379311127704068773
1.38260892484035169,0.13632268724843899,-0.668737730801902797,-0.436502278246457043,-2.28880769216948021,0.0658259004266690817,0.685091825210681127,-0.529768095775827619,-0.57275149961453975,2.28431969039138405,1.42998360383607492,1.56021238107342164,0.234942959509302385,2.88184490994804854,-1.20628782992225236,1.45944595351884554,-3.82797469115317224,0.281628561376168651,1.47030085441959746,-2.35372650040370335
0.291492171171255643,6.38171927147674989,1.77158675460715975,0.180876209664837057,-3.13076575955545477,1.56647034747089409,-1.0997308698381234,1.66878305020951845,0.0502014180062735696,4.11694280190541306,-1.37400652337920426,1.53341348053545112,0.795294142414658789,0.93196676428214198,-0.117391138454423311,-0.697397787670214653,-0.683644332849117187,0.788983389732105911,3.60076097008020124,1.29045331862677704
-1.03890887917056873,0.889720979703057524,-1.26785589294499079,-1.40148765710986778,0.466897037664035619,-1.53894193675935931,-0.727127825161663299,-1.2923554331754048,-0.919169744671850086,4.29119300527368264,-1.72296154304803184,-1.20353922137148461,0.707827254018792096,-0.780688922036610555,0.585096722687307613,1.28275578493272024,0.361021320827803194,0.556363292524091113,2.73763800166211491,1.73624153149201987
-0.787229349416331714,-1.49194506237996682,-1.00292945835416369,-1.28021683707861,3.1935421418292349,1.3897818956443253,-0.513808601133975862,-2.2365281153912262,-0.963324997335226474,-1.83643462107416822,-0.23070655160890316,-1.54760205747941981,-0.318264450717444913,-1.4134501017010952,-1.29261588466292232,-0.565148973320497627,-0.952052303037047798,2.59499120139601169,-2.63607093418043448,0.527659707009191736
-0.394297375697184704,-0.444579273940363229,-0.50642860978868065,1.33657716704887264,2.38610841152388886,0.744640857472090745,-1.03281671596696145,-0.427734758565561091,-1.14623484243141083,0.336060984532663143,0.0683101126963362448,-2.2214357779710574,0.236882176164792707,1.2163264817530568,1.52793437258973785,-0.266339028453546678,2.26463186707502739,0.995925282135616374,2.38175576472022632,2.23812528611272521
-1.10175215104495794,0.556694540365557877,3.67149203793196932,1.37927412359760759,-2.9512049721528304,1.3356774105047764,-0.48255643590184899,4.14640558325835951,-1.30817880487833582,-0.597156232238636564,-2.13988201178514581,-0.917322151380530304,0.458324195229212861,-2.21205323936494302,1.56507856517795418,0.690412870644093735,1.01596155737922422,0.529240693509870241,-2.41215631418123433,-0.520504191060581101
0.1101141282527551,2.87030722857806442,0.021864581589776326,1.44661965843370854,-0.74727072653380322,-0.967723101419718401,-0.871785357558902407,-0.0309691723180584716,-0.891809322239151325,2.24838045200572223,-0.393277383975815187,3.05096475843603132,-1.1436466316007774,-1.57268586250933007,0.777593210028302062,-1.00415708591484787,0.139038305814932345,1.58933609984743707,2.25484563871349541,-0.677166105527529982
0.421445012110726269,0.618734453484619307,0.335134229331085387,-0.530355595967255455,-0.478372876852234619,-2.48442406496970936,0.48624425176454783,1.31306295949878415,-0.942258155822395804,-0.622978586547417112,-0.509345221479578059,2.17978584603929582,1.19780743189823857,-0.844404783152147731,-0.807862196337601479,4.18664848070697904,1.27022459897427464,-3.43443720463478375,1.02520291771714467,0.233529065010553316
0.864109933476828185,-0.893633942027461159,-0.826812799219469818,-3.05643688638572231,4.50663135340428944,-4.01092553062300716,0.471029160672106317,-1.81640058058909637,0.201954286043912967,1.7138790446825376,-1.12772015906992662,2.50988316710205783,0.0335480991508765106,-0.194070611681268407,0.0431979874231222596,-0.0972230689613284432,0.965476962341738076,0.0622378014949265534,-0.136380044400402328,-1.45846137793963671
0.723716028341197304,0.121156236753050664,1.00597737916448704,-1.12887836983749246,-0.44047711269393075,0.361815188094754991,1.33644576262476011,-1.68284651693265097,0.0902320547649407834,-1.5041766494702673,-0.170460314715052352,2.46655851005944271,0.642122869392202533,0.0681347911197045103,1.4943824829133685,1.08882109956882522,-1.73168301269352987,-2.92195812369840713,3.03018766875753487,-0.820167547908372652
-1.70398828012377379,-0.873711655242574436,-1.07428027762377098,-0.0515860372365561717,0.166578762572382272,1.02682234966172437,-1.06129174028648077,-0.895936650421564118,0.60218445469411952,1.32315788210024876,2.48190719311936725,1.26268911161897135,-2.36500849215300457,-1.48124060211196951,1.18063106796975825,-1.38436966500923675,1.05403195683339712,3.75900589494991166,-0.732562090073999084,-0.760198736467134761
-0.645334829379043073,-2.35326264645821093,0.425033452001071066,0.252790301734959311,3.30043544723840032,0.0836127886462475906,-0.932663884983875313,0.207952259061744055,1.16163210197435673,-0.673805747711067604,0.458008421247936726,-1.41628194185838918,1.09174037880467178,1.78292170314958076,2.48961040831630065,1.24683626631106059,1.10545110688308856,-0.6706284056698254,-0.512981757663690474,-1.76245662848292284
-0.989971188535424207,-1.81507214818204909,0.393694542882990606,-0.906383288720840841,3.00836526954633987,1.55311499512927687,-1.87356219721076278,0.336932810061316923,-0.466098969675903307,-0.739449892203785764,2.09256572362540449,1.41659994821088286,-1.50875905385100362,0.223530824754090363,-0.099322448264931612,-3.11859690227631337,-0.946181651927454181,4.64744059030484635,-0.853766784840431781,-0.56489566338855568
-1.67003785416704953,-1.50243914107404897,-1.57213234729148055,1.54388773644494615,2.88701452921648993,-0.734804561162025416,-1.38818737783148061,-0.905069269425884948,1.10641994484602635,0.686572669581583583,1.39358323512979365,3.08222774099078878,1.145968846719567,-2.60809863675185616,0.757954380737555278,3.0422507043301481,0.388702088884717967,3.00648358398684268,0.0574455805163877134,4.70966880057108561
0.602951533136523055,1.14794402868501688,1.22367774675407093,2.89663855712122542,-1.7878871390935116,0.0233410718281127222,-0.686738461881358453,-0.567549866416812598,0.609296345097581682,1.05976398098718261,4.6032528297008497,-0.758881234709489205,0.418727750578370972,2.89029676929787938,0.828627723179059306,2.63083566859082296,4.07841628752959107,0.664727690298394291,0.246374850819004371,1.13942000632406071
-2.31976693459330408,0.280217410846918757,3.167725803674319,0.259322826384084326,-1.30238977816486123,1.20550950016043545,-3.08868466225883864,2.25737241846455872,-0.497539318131668906,-3.00145156490661469,-0.82126709175821655,1.64745218795829018,0.629677330861087459,-2.59668419551828267,1.03857026796896434,-1.04838161827783094,4.33447613879961757,6.88286220630640866,2.94370770861134279,0.516614168051784395
-0.574256309182882951,-0.913976519230929041,-0.238494846441629077,-1.19623870104757923,1.96838202563634823,1.98272212238063772,-2.04336103707218619,-2.70642534502341059,0.931789347256651301,-1.20009902433428084,-0.653330582771017743,1.82518291520569242,0.0238573479883639958,0.222094559336173003,1.70669089235048888,0.806777155575983729,-2.59333129802910944,1.21799423835267495,7.76547601960897893,0.0429471152003764386
1.70585946028998192,-1.99080840091227973,-0.0717301105339451378,0.145061289913006403,1.40418745654897381,-0.71342397651993239,0.663478825498389879,3.05781596818280121,1.9224216089145012,-1.11272077213621889,-0.706006889660770742,0.807347033231163747,0.42030404402615601,-0.0151145564606401678,-1.00190376397046554,0.42632757512120012,-1.82537413361445999,-1.95732360134264027,2.22373174686467756,0.0448889751134634099
-0.926591086581530665,-0.292161098402953623,0.00854539069261978437,2.05500027656858864,1.09590224336770392,1.43036602280405778,0.211275909652825361,-1.87294489098636419,-0.10915473494070177,-3.31835209749250515,0.549365136911917684,-1.04605796289282149,1.77291492166810394,0.191967561781785201,-1.56052219273560944,1.34533610556747019,0.680755133589407091,-2.55195525053316885,1.91739171357400129,1.30849528272055959
-0.73095089774909483,0.37677283879909762,0.922254738553177189,1.82283202837673586,2.22564157650592254,0.149195858423657846,-1.04835797553501364,-0.0761035945638623007,0.580477042060401738,-0.789092088140702197,-2.94660164425048343,1.25716567813908964,-0.902490496303936185,-1.10335112886408226,0.377357590024455791,-0.0882446093531041309,-0.980265631133554027,1.28877405460120364,-0.902570245584143893,1.81716764068520709
-1.15784219777679631,-0.375835249915461023,-0.123445472004528586,1.11385268032253348,-0.0352088936047180653,-0.566238971806645952,-2.02048910643627755,0.182012415710217035,1.39617816090646896,-0.393921129159892414,-0.802645961223755089,0.322697916700240617,1.41545687254165298,0.680437813913107536,-1.52656304041629998,1.23997936326025804,-1.49435521214351841,2.3299975227419738,-0.690216357920228174,2.00621220722476856
-0.868226297152919879,-1.35206822329316823,1.91503296329104722,-3.00208411619112425,-1.89495244575893973,0.837678663606495233,-0.851499737192998096,0.601009396801187146,0.222020239730527369,-0.686208927757280707,-0.0773374709062377153,0.816443501071993594,1.10494776717856524,-0.391174066712958124,0.633557578043512981,1.35351979288033375,3.865059515144599,0.181780023671945568,1.82110862709928378,2.16806217565079917
-0.0126906967409226336,-1.60847105397532597,3.93508632296350491,-0.602959598112077444,-1.95198097075869681,-1.48513129775823538,0.596538363085289181,3.72536119183853298,0.732579946607524124,-2.55812418909161643,-2.17237273070636627,-2.63474775812232043,0.402959864372612442,-1.09512632526837916,1.56218843106603678,-1.47418800894158286,4.29636373661170357,0.157750843252472656,-0.144202042170384376,-0.162399777922902722
2.28249296493980358,-1.6346991549400014,-1.5559297151377558,0.482892893344400831,2.6333306379063175,0.679847017343460869,1.21970610338677954,-2.27678003535214613,-1.61694418449260935,-0.801781839284555042,-0.488239547433706012,0.934611642628254358,-0.000261100384781649689,1.32417712576851776,-2.36555200706644841,0.259951261034690573,-1.5876563944899913,1.64252979801044963,-1.47170746800259589,-2.33863644836474638
-0.390564638323964097,-0.123948163895689051,3.63573965023591539,1.30624863410100245,1.09931991979866384,0.757505548528623285,-0.715656098265367913,4.90356826103955434,-1.04516589915200875,0.98125226852640457,3.53697201167792885,2.73161859607480295,-2.78887949869252028,-0.0683144755566549855,-2.73209720560833791,-4.15491532261695795,3.70915233078731976,-4.62501926932133056,-2.30402909688507318,0.306174864214003584
-0.161641327921942662,0.570574890748060559,0.925452777401308491,1.95922209241700584,-0.986330214620659174,-0.750002317803648788,-0.323086135043290368,0.14105147660091677,-1.66195090930719025,0.361664599445106705,0.528389954773656578,-1.09939238356899227,1.1652586614422753,0.571907193952937432,-2.65153150469308141,1.56921268967017502,-2.15674134927476979,-0.688369913730431215,-2.54469110793741082,0.338558965982498516
1.64169619169277481,2.68739543394850777,-2.32964301511742322,-2.13886664221372325,0.558014438678639091,1.7340115131073468,1.0148776934696524,-1.78273619696978436,-0.579055103705465535,2.5001145528656088,1.97376822856276113,2.82223308661158212,1.57825498120257768,1.53889959764086082,-1.16117090285080571,2.62446623072038898,-2.8100864652201083,0.709989752218729286,-4.13774635685644387,1.38808802110110108
0.118338275265989071,-2.74034048166751987,2.77316127171906102,-0.50293510518294593,-0.889073017762060491,-0.44063812090568566,0.546305571750109409,1.99129190216663421,1.40950748713936158,-2.28526427538072419,-1.76186945258142713,-0.311608471394085984,0.142855249760729525,1.09666693097492574,-1.47225877550738926,0.163291835686262682,0.952143640191596363,2.09145771150393189,-2.58571878059945437,0.897806691550248392
0.118696543368296034,0.985171614784698058,-0.315284315793904146,0.88366279496642397,0.0298524779544127213,-0.51813154642845749,1.89273584491779112,0.679741916357186171,0.49858361580440641,1.22733597816938356,0.334545443946103194,-0.178552669773467315,-0.701181231626728407,-0.60743007137493632,-0.767916100113618882,1.2620312733475294,-0.200529514834397071,4.03011455144988595,-0.65051128990135676,0.994577767626712017
-1.23189895741080835,-0.361027759365240897,0.445208329825036386,0.0769554621888494661,2.11028108504118972,-0.298574918297228986,-2.65934244560714772,0.503960945949778916,-1.96822249967607199,-2.47045715754861694,-1.14484070675633265,3.19586546917310699,-0.779899047394342571,-1.5453947612185901,3.24021213599241786,2.92552698434121616,1.07253604835977301,1.42905276292051631,2.16665610217893079,1.56900081414441273
0.013410885283680422,0.392353567600520536,-3.2303569515176136,0.200601315380770556,2.20155613414369666,-0.576175969441177105,0.576815678455504299,-1.98294836291616727,-0.83283517771453186,-0.322352964110555418,1.14844935408492255,-1.0600360119789487,2.37899781044249226,0.0535459303572110301,0.148931328837064725,-0.277635728124001002,-5.38316248933371799,0.958492089934779412,-4.21923533471619816,0.578153401244636767
1.29411498912943457,-0.73878464512643216,1.11117809600881579,-1.29281118505545667,-0.845738646169271857,-0.799842438578321935,0.871297803370951751,-0.220944742441083558,-0.788387792395925047,-1.67054900706132825,1.03001411230138662,1.94404760370853946,0.124341829734486292,0.154499161454175665,0.355175757384984858,0.14109728343911257,-0.128424023428486245,1.74724912423384082,-0.250374785270655931,0.0556003517134472242
-0.724702326139189834,-1.33913555842029774,0.0567004275921078812,0.623051684316264009,-0.227543858730232418,-1.56850274572175041,-0.0616717145604809211,-0.204221865564640032,1.16161245173158423,-0.128752526832466602,1.52891881591176548,-0.322529058598115481,0.314990867246591477,-0.828583560505837258,-0.583816860230256585,-2.3271571138995748,-1.6274067088007742,-1.76180443818437293,-0.00764630269579058552,0.809028866406257596
0.477737268117979119,-1.55102838371317309,-0.481098994431685745,-2.10584974560690696,0.347520883465766373,-1.63856277945048956,-0.346751427207558527,0.178256016259137701,-0.694697161055041978,-1.87077106675346849,-0.332886829298596143,3.06238562760917743,-0.284576472127033686,1.95989872768499285,0.805388418810429441,-0.999770810017210576,-0.819476115726584298,0.895221120709810969,-0.621931266923326231,-0.52043269195905939
-1.03358345931161155,2.18594184580748951,0.105307223360788293,2.18777039005687746,0.408217090043800357,-0.668950816823801087,-0.311159935996753845,0.834843310257698423,-0.617640236753809857,2.64581662641020543,-3.29631257182379356,1.75235087455608851,0.986750827741500136,-0.792987885613424814,0.851178924369594858,2.62026414558761767,-1.50830706359867861,1.45010938090187436,4.0662609722937626,1.64827000944672997
0.431324409339192749,-0.58895901206783885,-2.15027612927283629,-0.267200397081309049,0.720162792616982461,-1.63394706900887421,0.355620498013878128,-1.7076476731994823,0.729572647106350058,-0.267674697120395988,-2.08337520904781481,-1.20267816550905859,0.0469376235169466985,0.989124539748551523,-0.727747541664466202,-1.48850777858949979,-0.890329479994074524,-3.02291082483727758,-1.7722646633855661,-2.58663469367603049
1.161152152583391,1.61286893191877101,0.121449993847149246,-3.17897493093970329,-2.07778256886648904,-1.03579649519014549,2.0720708246460231,-0.767427103879495753,0.619001301406703619,0.491146473349169499,3.07451484109335427,3.44396194652917575,1.83849085879658647,0.325446866507564936,-3.94424415086469082,2.58968271898518099,-0.0459227569049776227,-4.08805969000059921,-3.58378817509789727,-0.454121403769759402
0.96601526502312296,-0.187953958987187947,-2.0571722664093719,0.66085642152870494,2.74304819424016388,0.402055358367375937,0.755619511453546555,0.0779761075681789234,-0.458411534004280086,-0.582936690593145124,-4.01203835624128757,3.79488714243222836,0.257710336758755043,0.178391403758065864,-0.124248717924226398,0.977366115723096063,-4.36664001548403302,-2.34946576355843151,0.957885475792721985,-2.10180519586859882
-0.0553294298607709401,0.987452111036469571,-2.64193055294040091,-0.760024657270181092,-0.138076613993010355,-0.290507003289755483,0.352699606550814615,-4.57004063191613152,-0.382985170940923103,-0.34708738745487,0.0574469490780854242,0.298382115692512606,0.29384417365266724,-0.26220890096269267,0.240153568925344729,0.639666241245311129,-1.47027504034193113,-0.575898061461713184,-1.64913273999411714,-0.603863126809462303
-1.62689420686595265,1.21107424315186263,0.660652723840855827,-0.963319777903679508,-0.275783533552413085,0.302393270437806061,1.37006785902799622,0.439321069482462356,0.419219891491595775,1.08323858635281267,1.5118263001469876,1.9990018326559682,0.212218283446389461,-0.525924173100181358,-1.07225542411971664,1.465959136975169,-0.121986671784850897,-1.80701617150742111,-0.233420728582948905,0.630094002482011972
1.58988692403687315,1.13054208111297338,-2.46804767165596006,-0.0189040740021442256,-0.287354925705353981,-0.612685718891177511,1.1184916300171861,-0.692319665835298581,0.591522968906198154,-1.12211847447973367,-1.27647713760972015,-0.9436549084876521,-1.35473650108944588,0.769065853389906962,-0.28406800506774843,-4.10037939129499396,0.898183794207970454,-4.0254517723635761,-1.94498707286992745,1.87538043082587746
0.340947915859876993,0.265560355833715678,-0.969362313089914385,-2.90511304724613906,-1.96036596675641328,-0.118418624236525785,2.13811284102124244,-2.56964863791634723,-0.488361680557268418,-0.927726993875728656,0.88369370189197527,-1.09197635918489944,-0.322851836822021898,0.873386230029483457,-1.07097290040536253,-0.644687738440446023,-3.2562776478826394,-2.84547408441232008,-4.34464935002716146,-1.55914506176671752
-0.514707126938742321,-2.05179585094021455,1.82115802934487969,1.50666630948524971,-1.35265677391750705,0.00103803787565691385,1.41646743867066038,1.20489956958856248,0.380404741875866592,0.899545712459164593,-0.180723460810052,-0.278173230529672744,1.50626131345608671,1.52155781422078151,-0.668508421639576356,0.860817188716059722,-0.994013470491834861,-1.92853533674238387,0.561714761320436184,-0.442173670567550192
0.0396305353322556411,-2.00570773105362088,-0.0120851484912167968,-1.31886580099826878,1.35821512083207274,0.978466123711763114,-1.36309450708685409,-2.3849952179020657,0.605295511759176619,-0.331705608255556395,-1.2401778443267033,1.4718051910406853,0.47989693233677877,-0.890514822936004258,0.423242616351924728,-1.20558433831433653,1.35854918005298564,3.98145094038469827,1.04742161868600703,0.73897462491303767
-0.760947926554713661,0.0606614875519159089,0.205523677618748679,2.13779193077931584,2.58516641469750885,-0.362800369621676888,0.691388673178262692,1.73486424974585507,-0.00050500407683466426,-1.00222470665379637,3.60760315006789778,0.177813659084729514,0.318608168509221745,-0.340300451396722881,1.57304879809051079,0.385604798997786768,2.92649516039035529,3.36497278206784101,0.0406118854144012983,-0.0571847366974846463
1.17655642602970145,2.00294807371942074,0.018973324646771296,0.14400273751400558,1.10727589134316795,0.352348953996529601,1.00435085323812001,-1.59966093468906179,0.543076059114996235,1.62611767881896485,-2.5613740166180885,1.75222885513484328,-0.194779189509529493,1.67326338628253901,-2.16276044652822907,2.00175241038492979,1.8408733585585999,-1.7377027945950716,-3.29259924049234387,-1.12244748867299049
-0.95158357733999055,1.52855134316838237,-0.490100493661577319,-0.392793595023905762,-0.50747473947093269,2.77729538290717892,-1.14159449235355459,-1.2823313244472716,0.910336537542874247,0.832773667426350728,0.291198131937338012,0.468761138844509317,-0.413711875031045395,-0.944095625058569143,-2.80978322095561461,-2.83664007778761196,-2.06740756438123707,3.25867217835091916,-1.36260508690862681,2.04200403427099619
0.0606374197695876346,0.914140684549815008,-1.7143667474256945,1.48179140470853854,1.38103936216256495,0.206907321047052145,1.24736949356467064,-2.37097729215755093,1.41350443828928674,-0.120433378939251878,0.577962177757833984,-5.52839178124707509,0.313944440444812789,1.19311597463498731,-1.37877371361169909,-2.84994936973141932,-0.854782791157048027,0.133278464679029957,-2.6440064005680779,1.41249909449944244
-1.22809418641437551,-5.67125107101599113,-2.30459363762922109,1.64970926789128458,-1.56197148328310798,0.51612644063035007,-0.805688310176389311,-4.2529295059609229,-1.09630975056521129,-2.71797214184286773,0.227554231952370456,0.679327799746058059,0.428724378387265792,0.496121319058408672,1.79075881249371882,1.94037703780340021,-4.96286883469325613,-0.383820460870934188,2.35552099808871995,2.88544591239182813
-1.79201280964872178,0.977242663536852629,-0.542058480474347015,0.963203029447181169,2.95871338788165117,-0.108465661818730075,-1.37417809962450166,0.661332970185318447,0.316788650710903008,-2.83578560974497007,2.28958122065452718,-1.79056958774435682,-0.709378852022347406,-1.60835467656817532,0.43158734984076047,-4.48525828674485538,0.482071634134254523,2.02048099097500566,-0.309467293064038806,-2.53845124588546733
0.887241268118632131,1.22143435328381345,0.659722972375681338,-1.24848820369828428,1.08374510315502048,-0.756514768868708387,0.791529939363411539,0.427211590388360318,-1.44154563490351406,-1.30003338770396182,-2.59577436677862394,-0.927695127835090561,-1.43460881365157755,-0.0764394235571456138,0.781767426818250954,-0.902170119330214959,0.775971508716707059,-4.08743990646455035,0.11276267550017674,0.16613089812036097
0.185257367006827767,2.14681700433570022,-0.121568105564000981,0.693825639726555643,-2.50232806521384399,-1.12041016298547325,1.2614365941229857,-0.481551469025608969,0.557970183936494557,2.53289265953041021,0.537441974375431508,-0.545398575721543599,-1.86458198489851878,-1.70882390143123741,-0.205717932527060166,-0.267978409212520863,-3.45139252189003853,1.2036119304310644,-1.81726682433419695,0.41938976478576584
-0.786227098710132299,-1.61727334045662108,1.1270193030180029,-1.3856857489572898,1.97728613123254204,0.258894735050766767,-1.5299682510908521,4.63111770316489046,1.99552845040684734,0.452029167327926584,0.95318264782049722,-1.56498804470877517,-0.405579513766738231,0.837431094481447369,-0.873985511185765396,-2.42596541727424819,-2.83621507872338441,4.49346305367622456,-1.83208316523536574,0.854398005755510837
0.950648039267672051,0.491681756139701331,-1.22678715142383199,-1.32333007688151638,0.91395287053782337,-1.75255789461794098,-0.91673293715461146,-0.257276943793988189,-0.344117520966970292,0.108682543767103817,-1.76558213019514465,-1.2465308341391621,1.16218956894243552,0.848878832212048295,-0.415536689096794976,3.12566064560701529,2.04309398630187111,2.98952536666821844,-4.7176844930590276,-2.78691994656692321
-1.15637615421481299,-1.59094761222083281,0.461246020580389493,1.51476320340094017,1.89360471938800878,0.444015099968139815,-0.860788607612765433,0.760501338960200113,-0.226390181130018658,-2.17805319849295032,0.242008562644710157,0.451279547355919075,-0.186998217754076712,-1.94171314606884948,0.129212830589570643,-2.1373118048409907,2.87230142070394434,2.19143002128220354,-0.0388746172081523012,-0.870574194759496156
0.108116525803667263,2.14612422471555231,-0.11641083014871359,2.03528197188397053,-0.44823680888197126,0.445939698785374594,0.817567485279696249,-0.832964482457667854,1.10620719335043804,1.70594573316593179,-0.250606595543508004,0.994405343010545506,1.75404154696135639,-0.436232518923892254,-0.505429467504776353,3.14621438898815198,1.35612991359615487,-2.94764503899139063,-0.798288199154105649,0.689999177858610868
0.667454228932425786,3.32514437443528754,1.23250901367533805,1.13010762028080203,-2.89811848312009479,3.75305381292454854,-1.56570901108449734,0.36508743133963667,0.0704448472300678308,3.41600143398122702,-0.966967774044374728,0.962256439620522874,-1.240107028246761,-0.0384376099729566156,-0.37958692543567002,-1.8240544348090042,2.56490195067087257,-1.32721880295561601,1.76553768717049553,0.095485030514124436
-0.392411941679536913,0.0525507600354154017,1.57971225137914462,0.655222181682313831,1.35098185691654971,0.463880958152213752,-2.69873923923947823,-0.23941753822495393,-1.37265664620907235,-1.61817162372515111,0.892794585899447934,0.509327156123598801,0.0154701247060032038,1.34227249690027639,1.45115014131245523,-2.5147096274972891,1.04038774556414548,1.78169057451906898,3.67400528735037968,0.344615639225563208
0.578806506756550432,-1.53552844212193262,-2.12908759256362812,0.284714338943459377,-1.05841982188785333,-1.45427716764333304,1.27995600452444069,-1.20367621070718323,0.546005747272385378,0.504311993632800326,-2.63857842828069433,-1.07574073895902789,0.0392660068537799764,1.77438147947676916,-0.0127238227026428685,0.73748040102121426,1.36478670590978513,-1.99955410350247376,0.0842075476398048278,1.46446360206499482
-1.41055214713921817,-1.03059804089894835,-1.32977866117590904,2.53039628695593199,0.493855705897082053,1.7200179816932688,-0.607103100076856417,-2.08095227054365139,0.638732223857133241,-1.37447025917047627,2.09935828845959804,-2.60797535523891,1.31283809572549837,-1.44131087631311972,0.95531163681353104,0.297554745465941128,1.09741571768321022,2.12433011397223348,1.72936033678665635,0.204275610735120655
-1.71155943937942046,1.88174276662849604,-0.242365932839611942,2.09000117570179667,-0.404008898028581531,-1.63176517094335649,-2.06639264658033639,0.175040463612573444,-1.09924181687116818,4.85666772421600168,-1.52668903399103595,-0.24594255114926003,-1.0123615178937202,-0.429011729622270466,2.56724420849391866,-0.517614647233716196,-0.744354710136887143,2.60805946214719775,2.87017534949854847,1.64217308845685328
-0.207307201219588011,-2.09517775261381045,-1.47707886795840015,-0.892722149756658423,2.85316884185185815,-0.892066211618898652,0.25167315267248408,-2.33426107971565777,-0.0805402812432130522,1.57969659287990427,-0.744862973345513657,-1.89052108946458719,-0.144791805937550894,0.246747844567781177,0.527708335452258037,2.5395038783188344,-0.280737077615134556,1.15038368846406724,-1.72053337104637438,1.94697804057464174
-0.662784905156218462,-1.35384985864110763,0.523639639341299423,-0.946982571283411678,0.588246622898277782,-0.704480160564012525,-2.027158913022582,0.336324920583985276,1.98016853499796075,1.39795782245776712,-0.651450669712662966,-1.69228960638288428,-1.71708947252290445,-0.443660059159166675,0.563321593031708368,0.265487690349716143,0.435131606889171463,0.895226427683433079,-0.856318462500285205,-0.777844538850299028
0.808090784296882192,-1.34629992895034323,1.22402537417750068,0.969081236889332454,0.738410683207239904,1.01410979838606674,0.0496877788559578412,0.150399816952264231,0.149274569848124261,0.418235351159647384,-1.55603109991213984,-0.450578679439428642,1.88573186730526254,-0.685588910698955556,0.620371302822340653,5.07812378779107831,1.40020113655897904,-3.77630275035080309,4.93516738817957812,0.0714893210259664597
0.320616282930002661,0.940661873357617084,1.81694597117476953,0.878635539122717746,-2.62411883815159142,-1.30961587279982705,0.713785523795776533,2.11110820123779952,0.65143256252404691,0.891706573874981978,-3.84280935478761698,3.15034166302981511,-0.929160506353548188,-0.380430956700556766,-1.21837323679558862,-0.369699619410968627,0.194473117720750127,-4.20800954613376277,-0.119961723199237272,-0.059571873457522781
1.25862359774926236,-2.91904882906950736,-1.02769294841133751,0.0424429260233044545,2.80706794814798455,-0.566606634503097562,0.115917000665178835,-3.45345227262331234,1.47790942553334737,-2.93777043395155557,-2.02043337809789314,-0.508749297929539934,-3.0222717103179888,-0.458016017495529892,-0.461752414705403791,-1.0233903747477533,-0.595086489921140882,-0.543189877500140139,-1.81120488693606663,-0.600434595445955899
0.526448715722375171,-0.702105325623830767,0.28596595965247934,0.941233375628881319,2.45842100616003822,1.19908941735713293,0.645015848992348761,-0.381011070463693091,-0.782372025431388285,-0.591528429608183304,1.15684270850640258,-0.992281824737873075,-1.28251131334988666,-0.966244650900129898,-1.17444847854185741,-1.0199227992582367,-3.08104395860079316,2.5059086769800718,0.804163193408054311,0.327769826517089968
0.462213949736629659,1.15341222003921628,-2.48977814626384086,1.97152067706113954,0.267113309619396999,0.0379650992343539342,-0.019703488446619781,-1.67181229459818215,-1.29915101782815423,-0.173015121512169218,1.95903436133728759,1.71566158582084904,0.514398237257680524,-0.627400078015461493,-2.14971974975850655,3.34490024700997779,-3.36218161176903685,-1.49174607185279129,-2.95906111291493801,0.677116237587263803
-0.891617765941749019,-0.154432551113853483,-1.24830296280224329,0.450390742815055367,-0.792533230741488848,0.742564450468015114,0.618510444185073172,-1.32465370133772997,-0.984072298164605064,2.31010210996773946,0.552619506524546389,-1.73603891209500683,0.238803811722752196,0.282532123081053466,1.12055451320804522,0.793813141865988503,-1.72748684436434741,-0.886317905275154305,-1.76221085897982621,0.150295343749174137
-0.270030207898434793,-2.38465016823934572,0.663809340807432258,1.25472817154116489,0.813166546037190074,1.45909241552037749,0.795110254166391361,-0.365746682817913671,0.621971767191961566,-1.97323517587838637,1.47035792649524333,-3.37452587247108227,0.572797280083945592,-1.81794981750573914,-1.11680130053287097,-1.00271507373979585,1.44494296377237319,-0.525358484165211581,-3.25132622134570992,-0.659711443877757708
-0.918271898240967333,0.144141256902931669,1.27888507276980223,-1.88309124705183994,-0.140348438933721814,-0.862728088426034767,-0.810694588242460656,-0.867181072702096323,-0.787596737141129544,0.762127395316622658,-1.97725278075649413,-0.596673726629883494,0.172187767255767676,-3.02617791557568561,1.2806916548530638,0.352444215982533782,4.49526704666745847,7.29317356733896993,1.04004359126670121,-0.171268365326416344
0.0591097483951491184,0.801637649324530299,1.35277715308542201,-1.13671976051446499,-0.696484782553276505,-1.91816716071106819,-0.490006570982141232,0.508661705581726076,1.09342428662759872,-0.485813262017294134,-0.707497706627848388,1.9453743105939354,1.60437623863988965,0.729361245193292707,-0.847164216685140858,1.64784722036111075,-1.42792004859478072,2.34341971713136132,0.371354229900592969,2.76565248708566269
-0.503650473766536932,4.46293117967073805,2.4838304054818181,2.13058887723724188,3.06779316374262345,2.257178491780234,0.654092043678853097,0.0120639891804985386,-0.364215852119954997,2.35295432616225364,2.95020297521502428,1.01954998104274752,1.20573889231895559,-0.5475635394245012,-0.405312247944494997,1.48863212450325255,3.00230899236954185,-1.01384387670204967,-0.786453608620160116,0.614994296122506223
0.502525017680550801,-1.78575370639491404,-0.524003774884838958,0.938387233289621259,0.295167141001800692,-0.939358205095340737,0.529011355725831245,-2.85380853519793476,1.8284873908769288,1.19444018652371664,-0.21601584486103742,-0.975624401960870968,-0.276289676770754833,-0.0187711774472093564,1.31435920722640542,-1.05874065748073565,0.0788114442752127359,-0.144741697127362151,0.339261822408072344,-0.913838087857812842
1.04327028448546777,0.14611271845806012,-1.06577822144643153,-0.481310701384540573,1.18978796022332389,-1.71367414956269948,1.05698871205742861,-1.01826637260931219,-0.723625730205717854,-0.137260873658191118,1.15940172339720293,0.547435280586025197,0.760849989404276839,2.41306421756136835,-0.882479803384090045,-1.14105437171607038,0.631814039224137813,-0.59161632435358591,-2.22598585243246649,1.17981103503205964
-0.0797460318223510156,0.804808810871862068,-0.173789633600560572,0.963194007250563144,5.1267284718839834,1.56126511384351496,1.43110560621325211,1.20373857980031596,-0.246400634662148121,0.531372065717141684,-1.56529964885511697,-2.81686681319013354,1.47114951811198358,1.45938871457261699,0.91460270557427148,3.86852416560599721,0.444164123436261993,-2.85616749019084315,0.717918413517537046,2.83433138299041953
1.30567100596294683,1.42221161414236197,-0.79915880527271721,-0.949448119121191647,1.84812815516944884,-0.5408888910027988,-0.045521502767208448,-1.71344069977956925,0.375916420095596393,-1.11244499044987188,-3.07400133363682659,0.383636637474587872,0.263465905009650225,1.23624480607255549,-2.08855257030336761,-2.68982969245346926,4.45687437356840199,0.391205595583636934,0.891407037839262562,-2.80170455183748413
1.39180909073536085,-0.38605365984765172,0.172452878551441563,0.216618124241294091,0.27476459281492055,0.151221157398990641,-0.216683180908951667,1.15152599960855095,1.24165740920103151,-1.10363507287563678,0.353528349704755329,1.22064285360126035,-0.170119054777567669,1.28666486865868945,-0.456001090006585674,-0.409076101920506807,0.740393584567671348,0.289601773996509937,-1.78874581590281667,-2.12057996350677058
-1.27481112723433765,-2.01564592864607484,-0.633919246691109883,-2.484731256344336,2.16853647475523426,0.785973922129234115,-0.402593249746786508,-0.77602479284799375,-0.742238732117685318,-0.393708473456841623,-0.296426779252405181,2.7585200175145812,1.591868147314909,-0.863040164767997053,0.794173490275442373,0.322065206634110479,0.104631627592957424,-0.445064075818996985,1.33931616151757993,-0.178666599349712879
-1.04092585185329933,0.633561755160838347,-0.272218490734493446,-0.347229295437180951,1.25501944470349902,1.66886796655211334,-0.112827700159229966,1.5510289149583143,-1.54560626535943202,0.0745797024704563244,2.97749205487953583,0.778322653461524849,-0.422031643952333335,-1.84823702253111111,-0.421140545199121363,-1.91153481163437244,1.12462796986489533,2.16527312924337156,2.58177726794984652,-0.589410956556990495
0.294786938510095631,2.57086386943410972,-0.374716244510878815,-2.47404023510637261,0.502349370111462967,0.180544062492607821,-2.16189357664499981,-3.66991130848183511,0.778594364687721363,0.264448739531922106,-1.3794749747434365,3.05816710500763511,-2.26427017710711986,1.61194215442670874,0.674946883470073811,-2.8074617161775528,-3.00653665502403644,-0.459675736614289177,-1.75823094839901017,-0.764709287506549762
-0.663908603870741909,3.40658012198811289,2.62658875183223461,0.336332354243965181,-0.938204918299101132,-0.721072435247483656,0.822002680199810487,0.314799626250709619,-0.671232934019426297,0.278261311581646464,-0.721015196372916112,1.65383634393930201,-0.999367028629386533,-0.131383348034720959,-0.959009402796012433,1.98429908523267651,2.21943567877922865,-0.913420172369448946,-1.87160062246577441,1.12672649614493903
-0.620461220184668205,-1.79190176981543625,1.84440039400034195,-2.1323337005131151,-0.466767651412433648,0.97657012162293344,-0.779168059240113453,0.901427939527950639,-0.189981039219318637,-2.82259240300587733,-1.41143991644938827,3.177022479965673,0.206073010455619293,-0.172522925430654589,0.646460833706779092,-1.61732825099647703,1.03275988363839577,0.841515646572957965,1.12963476332058232,0.96232289196635834
-0.639046097174728378,-0.00913927852405625046,-0.289700303009648108,-1.76995869695957175,-2.3721964669624902,-0.58590064112738538,0.342776936341141925,-2.68574840029886719,-0.496793827932633547,-0.475097220581568613,-0.969930404215865294,-0.021431433177735916,-0.635886989954080217,-0.779302209272227597,0.55152415997539217,-2.2236791435465797,-2.90388010691138909,-1.5601006094667389,-0.966573273829173241,-0.929065969476166931
-0.0984302466789169495,-2.47478899702522526,-0.984919195204020381,1.8923361295760861,-3.10691049940521546,0.0895291831044775083,1.64432821653761896,-2.30304609462390397,0.466021072377856727,-3.01517597264403747,2.05100146619522539,-1.46366186113012109,-0.834680075743755467,1.13398296502871232,0.0140134274852115742,0.707746119252563588,-2.54677867640750266,-5.28309396832382294,1.28916201994322543,-1.28752695770365522
-0.800620011476722016,-1.0203502022846207,2.91064744554725108,-0.763485177658270509,-2.29590864213463686,-0.507337196324771589,1.20478839201657939,3.01534258179750436,-0.0222278300070326978,-0.938996820057455106,-0.874245053511110148,-0.518881374579925891,-1.23563441898400361,-0.0398579468475761395,1.29700746758127683,-0.518007762563435836,4.04833674760033357,1.8730230615392276,-0.771761319735425388,-0.834469723387625484
-0.212505383828525463,1.16947918077735613,-0.338204934717896921,-4.95825282814725465,-1.56993678602226416,0.41140468741019659,-0.437674835885935476,0.0136053431785199113,-0.115489861714449429,0.333282758069383067,-1.9166476086669435,0.885348259345279831,0.507454976162141302,0.339339246673481254,-0.184581427792972042,0.542132575691110064,1.421610154619672,-2.03232818398554249,-1.62637402226163053,0.635025588137715036
-0.044052563127001447,0.979180489917928609,0.456412862130053665,-0.420344910746812406,1.58715455216651891,-1.10867131635169924,0.162345269603940023,1.43682109506030131,0.219849578151332298,0.659412115363087414,-1.25818212633538451,0.952530590189958337,2.38740336000443243,0.935871374954919344,-0.0502104314270091223,-1.92923826923792574,0.367149564590067257,-1.3691014405130415,-1.08983061588129071,0.361455642506320618
0.502278808895331941,-0.513944658832868884,0.301673401746936742,-0.730257344139468967,-0.988803114347232892,1.37926613529901498,-0.475182753135499236,-0.965060536552680759,0.730150802938636545,-1.00223221334005075,0.590660357195432528,-2.66098076323441735,-0.240706176542362843,1.26005271342363367,-2.41529524707445642,1.86757667632970081,1.83581153786634843,-1.98195506800143595,0.277728904092009343,0.918431864595429137
1.80473131384035423,-2.6787225952400715,1.70777216771311591,0.0700832947081089924,2.95640588649637026,0.329641456606071415,2.19346455622575265,0.182912845868587554,0.544931385680627156,0.963587804559855932,-1.99985240825592014,-2.64132985622027494,-1.13631029580151721,1.37191628274384247,-0.645286320563501214,0.238207612995322782,-0.55601749579464721,-4.65637401913864934,-0.34380822219331203,-1.14909970582925403
0.582726942386001756,2.13198142101753563,2.57460889337556953,-0.44631874709643693,-1.29978036393101282,-0.00593745468895390434,0.44356234902474051,3.4565860071824237,1.9756632276240107,1.3241852988670717,-0.0479183561692897511,-1.78647421854502908,-0.805491688531894678,-0.517326610798284237,0.814258777059453709,0.607942865406230881,2.04350428281331986,-2.4166095933266627,0.418098931712964028,-2.78872332621643215
0.856324045376643195,0.48791411198083634,0.546034441603829634,-2.80119337187990958,0.302777051716680401,2.59176987917476032,1.20891693704550307,-0.220800468737663402,0.61032018537167787,-2.04048002535207162,-0.194603283829740431,-4.15983024159658221,-0.665484336925034725,-1.2030471289990694,-0.201329392720325268,-0.413600366101208927,0.59360689549158463,-2.10338951639221028,1.20322201710077614,-0.503791632427170066
0.0712475335798681275,3.67830928002912261,-0.907183039765018351,-2.96563664451399811,-0.31992889529420282,-0.45106579511195366,0.761875957201726628,-1.59224197302584147,1.54257067461687636,1.55710264937410092,-2.22525684967560267,-1.33380797684969976,1.3678406763470734,2.63971187803067719,-0.512394089895022109,2.82925324615884666,0.0698945821108753196,-1.61898274696483035,0.522069281846699651,0.0526401214673083914
-0.23253846051652996,2.52123244011849801,-0.283996427078557323,0.215804687305820253,-1.5443024310376976,1.1955095448072901,0.134810339818142916,0.579639694813054551,0.321546252284212519,-0.83902854664099924,-0.15347456900287515,-1.69298713149428304,0.425588320273559861,-0.685674375005078884,-0.345647569556870482,-0.302038631307654459,-3.32377995837997631,-2.96707653546207428,-2.16503195519186198,-2.3503087254252053
0.361532964286448155,-2.24994766659000556,-0.225387277819101534,2.63004366142238011,0.822571396070813976,-0.996112955011827284,-0.672415941615150059,0.0957300387594816338,1.02010559291961989,-0.626640576945407646,-4.17578843362016539,-0.84906806048007577,-0.706319543885969514,-0.216075304361491527,0.460104235792524519,-5.43223792257142879,1.85397553977510832,-1.26529802811617165,3.22482938366517535,-2.04157293746134094
-0.266495324071152617,2.36722051373155518,1.41927126590175012,1.11265727030041361,4.32314642050390141,0.971967066854708794,-2.36728595196599656,1.10045564021978071,1.41237908646705934,1.24643804520011137,1.67264388131873387,0.39006191423993164,-0.482275754039749982,-1.17571946814336648,0.224742227355350349,0.998622103834674424,-0.597945298004110892,1.25571619796150102,-0.0384462073838009871,-0.304706842490757301
-0.397652463483217644,3.11710044067769232,3.85403684264617397,-1.75076355999743427,2.31653824914984519,1.08620739161436553,0.0621278116484582088,2.56668215715832781,-0.908987825250382908,0.612737542339239716,0.0266528453868304267,-5.0278072693170186,1.05875054380941935,1.86751400017326419,0.0328756617910458057,-1.02336832195054939,3.10583057954513775,0.502795588790915793,-0.983909296969177061,0.981428015596766179
0.665846738644329084,6.40178458474339074,2.27064166949544877,0.976977122295479061,-0.899681786234605263,1.26487097389147318,0.0915494824864901829,-0.329497312114718832,0.244784256441116954,4.77062789173816437,1.1117415184495254,-0.347273083149610307,-1.31261271691398074,-0.148794730915362133,-0.51408332877227203,2.18910901069846275,-0.385465661465142939,-4.43505462119006744,-2.0250508270711185,-1.16745737185141141
-0.0613914389030722416,-0.00431202260094275779,1.72148804175767434,-0.0152398403415813996,-3.24917894689675002,-1.1350520288659447,1.65645016304763448,0.683018303312047159,0.332322800356231574,1.86907511421556261,-0.216916878032975852,-1.68516650929181511,-0.763311841824157122,-1.15457816870382457,1.22698262522405277,-1.27113673740850319,-2.65967235322309392,-1.49124318984545723,2.19794405494895218,-0.774585679426275098
-0.381665625896753735,4.15498252262075596,1.49458747135210368,1.27549882473101106,-0.523863297188553845,-0.370989956027507284,0.253735807845250461,4.06347510848072613,0.451283820871265617,3.54553289135146388,1.29265151058577099,-3.64300712051919273,0.349656506278402446,-1.52197820319330401,-1.76650733788401215,-1.46016262420583942,0.272135104946265249,-0.22053155248010628,-6.43130729294069425,-0.199692860598282257
0.793167967513422001,0.836312004149600829,1.21779438721131084,0.87827293229003911,-0.538783339948806117,0.135941162050733255,1.41093839680623567,-0.514258526572107133,-0.889543477453042519,0.946889193610737312,0.918498243766256328,-2.43170142774676723,-0.243545456073287481,0.616622288584528389,-0.966479638093764915,3.67625485651689887,2.99933919920804071,-3.26070354128423423,2.13734622713493483,1.82379750035282751
-0.554751289032114792,4.42824019442035244,-1.41242308789482585,-1.38776487346181843,0.26824489128725465,1.51806782262339857,0.172065171121916799,-1.08123344891577178,-0.490445456321727535,1.32311357167018473,2.61029695303321807,-1.50577277648290542,2.49418294861925016,-0.855251286786545162,0.531147638324408478,2.18930731549212076,0.974157808199806463,0.811768649042124646,-0.522370641893234677,0.531372948073810081
2.07628448263853871,1.09912830925074312,1.43254815615579423,0.616321455202613167,-2.31697091622285001,-0.419310444696594453,3.14663462724194254,2.31204344323891453,-0.291078202159445243,-1.40628355949767458,-0.961467310394464425,-3.39294003534863142,1.18757484349521558,0.104427023677790443,-3.34017648755480234,-1.46260936113265583,3.01737552574964418,-1.41596342689720212,-1.2089319508483336,-2.0647733329929423
0.976305407140964365,1.99052310211356009,-0.524553889695218878,0.816285801568746749,0.1251927191794312,0.694920471203275603,-0.268950914082719816,-0.434550955702257991,0.753163144580739408,1.31034991563964898,-2.46782962988707588,-0.0245924632451323677,-1.24418823059288974,1.25586335990371012,1.83399107981210285,-1.46059384348216681,0.783936017722145162,-0.399826422060826192,0.599996030983306339,-1.05990237642103424
-0.867364156942747599,0.343640949906947601,-1.41004658505095026,0.450072549244575904,3.44188274673701278,-1.93601386927394326,-1.24265728420128441,0.6857933683667784,-0.0212696080082249474,0.487622419278704311,1.09764058799367281,-0.13642872674656914,1.58306551100594417,0.853853225172399588,-0.827330165573511356,-0.157030403670835594,-2.4494864361672164,1.64539845993381428,-4.36078270407450308,-0.738939012190660049
-1.80433407779463417,0.215320123752887171,-0.890591013731302339,-0.169812106224134562,-1.80128589415569706,1.56596019899592798,-1.25117560451222953,-1.70994688936138828,0.0892589441197657735,0.966318319137566606,-2.368776039538393,-0.325822759750498403,-0.81619498281991687,-1.53957448968167809,0.127732263788584793,-1.5595949593520928,3.80329303954690046,-0.305615877180409723,-2.31945917911141386,1.72251501917571903
0.140154712287629934,0.379165588343748139,-0.423438779216563532,-1.11448031928434999,0.943830373574376158,-1.1071676359528706,0.563523404485910318,-1.71414594349094096,-2.06859360298629547,-0.273639349529772313,-1.05542321846994436,-3.75973312615027533,-1.21174091332906197,1.40793505836325306,0.390774367591355143,-1.30792642331867914,-1.09844897744888348,-3.06798937494132362,-0.948481726536008596,1.15388056516180382
-0.0729479320948630411,-2.72758053759030838,-1.33224253191536324,-0.0288794106459819358,1.81286718278536019,0.645899571536744932,0.238094581908219582,-2.21514570436471958,0.546225831288158603,-0.648799409731762422,-2.63766613769529679,1.37526268111830707,1.72749317083836318,0.0699858618292875101,0.00602155884625970358,-1.47626422250972511,-0.546440159019994876,-3.60626486248247868,0.203291006424296511,-0.791253599560040599
-1.34395082821612055,0.800748090787283817,0.406396123677370491,2.82793477898641665,0.48423469143381187,-1.8482334570612049,-1.18064420817956783,0.549699211816990663,-1.19641679900020215,1.44232251696915048,4.19812330558638358,0.152840700739894586,-3.0362899761222315,-1.28307172758151711,-0.747472035395186252,0.376617202456239197,-0.808631730583908359,3.29440198605061596,-1.94894744043199952,1.37143155711957188
1.363406340708887,-0.647786575072176629,-0.368854042496500223,0.976403018745973683,-0.548970608339959698,-0.424842318661661777,1.11463189246644556,-1.20429598051529596,-0.350351487939946193,0.349506200345348572,1.88510807141002301,1.03132703824619321,-0.408320414043665258,-0.544987720806431208,-1.31420214237338628,-2.08074232195784248,3.57401470929970655,-1.70210586689588728,2.02190430655479192,-1.51821040635572024
-1.31593450752490737,-2.2213660535733375,-2.01342921045266676,-0.000642355114461921222,-0.453748343638207041,0.780561960801932853,-1.4012715236370854,-3.38047822661790498,0.29910024298307869,-0.573965429728690468,1.42487381614370578,-0.706648012048806562,2.22779780002945227,-2.59115596989594366,2.21993785664662102,0.479451300914211898,-1.97820214129446392,2.0683454008751081,-1.07093736603533296,0.636660364088352027
1.69350729487105611,0.438317253618798641,-0.319151335769418176,1.10114097857314897,-0.992867133567588711,-1.24264249797831261,0.512941303690959693,-1.63165764534759572,-0.971139282328672526,0.630800512619023368,0.308321751579926751,-1.70509454536459581,-2.79922770160394574,1.83055114733413982,-0.629439404391895274,-0.651743195302482259,-0.449306532472425579,0.842791433767964726,-2.6391521545583525,-3.35259788260332492
0.12687945028784095,2.24866509004364534,-2.06302474350920173,-0.39406672751043792,-1.41348015659879223,0.0986852033899524028,-0.616836193626313034,-0.752326802982477894,0.461797210479910014,-0.141121597002218768,-1.87373064175587545,0.215343424498907088,-0.615010752898635271,-0.919318675517500572,1.96844598900615741,1.77331173857711555,-3.22549244263139823,2.80734322737673425,1.45287740581070191,-1.56967974347076011
-1.92855521342560809,-2.15036849422697296,1.22712854193604226,-2.38601497684348374,1.86003184742601202,2.15992175871040626,0.160329281375431482,-1.33868493242601994,-0.305540664364148173,-4.01608916980392738,2.47145869898951975,-1.67713135011049719,-0.305007862457659651,-2.52835100632327769,3.2181279888140506,0.152947311086628679,-0.217595429705902899,-0.794757586236189195,2.96769335558477332,2.53502186510909766
1.38152992219291071,0.593768763563382929,0.214410531216008671,-0.0798740863250643474,-0.42189174241319688,0.4762476136422919,1.0117415010180939,3.14205649567436174,0.278076663186418216,-1.21949413861383382,3.90414264701307712,1.94180207252114112,-1.02816425173194426,2.28298990703759364,-0.188629865618201054,1.07113738253227631,1.83834115136697784,-1.52331416397379016,-3.23069986653248398,-0.293212343189464597
0.580058076730789129,0.321140958968190837,0.362029009121957568,2.29232504285075223,-0.289338350810633971,0.839725042250114018,-1.07057393864621742,0.699798157230045348,0.856363004749928658,0.857401635439820842,-0.745309790293222862,-0.0717700476082057531,0.525187302532677869,0.689959767975459437,0.870799434243459847,-1.38579906976264966,0.836170265373989752,-0.0492787403679478889,1.86708547465706465,2.36950038008600217
-0.555170914048615849,-0.0254895951269621703,-3.54566104959716988,-2.97562216129007373,-1.05758546566974099,0.714455416840269031,-1.23598822552379928,-1.03854411804004276,-1.64602765163607412,0.556585111414874323,-1.41739563166537352,0.374147274080054271,1.09019303524457967,0.302465951026064939,2.26685273037241908,2.24250285993058363,-2.47959222039323013,-0.723278422384979414,0.852281136434207331,1.22417738305080204
-0.849251941525709486,3.83941675718343545,-3.04438909364748733,1.78671299097685421,2.01211056482923301,1.61203285336959468,0.147560364095281532,-0.488793516104897852,-0.693916840558110315,1.10452616726006037,3.30621115099582141,0.328250814950712677,-0.0207403386340710774,-1.61730337339543628,2.16816864438742352,-0.167273273344350187,-3.9215313355855459,1.42276040532635784,4.91635706972835074,0.897419008247065109
0.273552702256160851,1.63054126720171566,-1.01341988119151583,-1.37412071778777456,1.67985075342030221,-0.489472869586019432,1.35438598298433432,0.453880810105229848,0.464946617332009038,-0.285289727604372878,0.201214211598693654,-1.16062428178132815,2.37011380902098612,1.74339916480327606,-0.840111521837816566,0.29208368188764483,-0.387498499393266527,-1.85317525412350514,-1.47948019122202812,-0.557876429893500281
-0.432706841258871655,0.124892447169116294,0.348398666518645816,1.72040420100692071,1.91435746436033183,0.268352560397705386,-2.24226944260479177,2.04470836741386375,0.939553791366755542,0.759591190496925694,0.708775937525215283,1.91572226430073678,1.35118547257699761,-0.0267799526674404563,0.154854976821682783,2.00846505799375574,2.09142666325198157,1.56250184685288507,-0.174511080482187997,-2.0667066481695211
-0.69617854230933085,2.88671615775955459,3.10660623464685637,-1.85650358638016977,2.55625285011926984,0.473016227948551249,-1.06642058653152572,3.73895639482745645,1.46164178204068218,0.468146179698095466,3.21972377546491462,2.1124209163096217,-1.34096734996728673,2.13835557608450788,0.173556424671201637,-3.92736489902679997,0.473311794313257539,-0.0478180318862142725,-1.0467126790809842,3.11922863801562888
1.14864316805231925,-2.59354060695662003,-0.966870955485290451,-0.342595827086460081,-0.755663466100197634,1.78965946886988858,0.498670820384895908,-0.664265425256287512,0.86646538116259697,-0.955050026696470544,1.81232152734778862,-2.95192953799545732,0.0983916366441246054,-0.546806069874618439,1.6244440666297244,1.49787842358416778,1.46064340817385041,-0.227085196944969564,3.96955927195755809,-0.488385232926936419
-0.927825842056695049,-1.67960546234551233,3.4543177523487727,-1.53467545549461826,0.104186127317028518,1.16223992903293882,-3.00344701472992837,2.01459560964468709,0.59762286004226628,-2.60365458385823301,-0.659622492341500832,0.278012445260991892,-0.177299355819061089,-0.155537863282992489,-0.51489059897571321,-1.05009970949718734,1.77090190559727634,2.99347371697628306,-1.78551250249771565,-0.255909500846578486
1.93713108634621278,2.62967310577855784,0.418946275385993383,0.147424311886215686,-0.742985104194737178,-2.28645951599259023,0.821027642014540371,0.810349616962481423,-1.57617709477885581,1.32715979183416644,4.92250601444032476,-3.57406688587944021,-2.05189995131120995,0.279346307643218772,-3.6896571430887195,1.18783866634438584,-2.10578027051070649,-2.57064254047714513,-2.71940745770856473,0.126890985721291927
-0.598548885303954004,1.34330026442201,-1.32582089181806873,-1.1751670610999827,-0.750112909720042853,0.649047312791484754,-1.28695111387803474,1.51339502642508306,0.656352962562513853,2.94488768504138054,-0.195503535848452176,-1.79485012376401598,-0.211878573850993873,-1.41999151280547897,1.34580412876417577,-3.58508086395126835,1.958618219237235,6.40305291505830976,-0.129665077203871798,3.48633993341886317
4.03736148411976981,-3.80425654146681858,0.717661773643941125,-1.03668437683458325,-1.92441144604842473,-0.437660109179461521,2.73334391743663341,0.29622763977310157,-0.732273110810753192,-0.710992758437110628,1.0672910161973137,1.52072364871881094,-0.338966453476586327,3.31131147373925172,0.234783710741234497,-0.768789000247701138,1.54733906662488518,-3.62589942367226081,-0.724751460650686519,-3.15227736406920434
1.79487115608023884,2.11670401537900243,-0.828059224443452369,1.47889549582869861,0.660015514447207963,-0.735737366886786481,0.552711977226115647,-1.47605278306240439,-0.107602199648771713,-2.22598110760923351,-1.03852998779155126,-0.870931279161351046,0.668506246251771241,1.48850298892004496,-1.54487122217245032,0.902289134279499527,0.0455296557711151254,-1.28738712276619083,-2.77692082018413711,-0.591478458388603356
0.466599258304934095,-2.21563202329988806,-2.31483653829726643,0.651531817045906347,-3.45660991507909676,0.954677488445296984,0.459270904815442915,-0.506157877451046456,1.40848375786901947,-1.27967066412524355,1.31667051411407243,2.42725222227013582,0.272326363606707866,-0.348404862782663527,1.47690810794134619,2.01457507445096162,-0.718925096279587894,-1.57958154301954901,2.63399928491976976,-1.37709790389917619
-0.670571272650568373,-2.38218805936965961,2.35678524822770274,0.325364332780603227,2.03713015100225592,1.74540861377349299,-0.807510695160373215,3.17450622106226188,-0.160854169647124956,-0.589834709055195638,-0.78244012145860542,-1.19413033002196234,-0.915797578415287972,-1.22559047991639214,2.45032525205431506,-0.756482120329597829,1.41907365111436246,0.453598648905145285,-0.23264319346490453,0.475968869916188975
0.776220378703501579,2.17457680677648701,-0.598770754355356316,1.59412274262976306,1.45164873668335104,1.03138082510893425,0.99132602832646799,2.54980383790899667,0.656546967533371828,2.70235411791147762,0.773437120321783578,-1.01144953329293585,0.80566086093813527,-1.20628903396659948,-1.37524704001467257,2.24899361937828379,-2.34819649318490198,-1.28588377514670871,-3.06367741536506166,-2.04535856315266562
-0.888700255434595077,2.2455130539176773,-2.53303141849006375,0.476271256577942226,-2.40263009502072711,-3.29354003760672098,-0.946966558038416006,-1.34676537251543937,1.46757642823324841,1.76805703727636199,1.09940548209870737,2.10863425615477373,-0.407187742385699381,0.554578417222183595,-1.72964806098963231,0.176578740742931395,-0.242278564432781229,-0.622282230266559822,2.14583733221834017,-0.12876580591019432
0.313481257809681946,-2.66216540034836946,-0.392080922797634235,1.66311517487706673,-0.96763677565001982,-0.861421000785049906,0.534787404347560003,-0.0700965628614921982,1.28209619911015915,-1.96235410936702181,1.82238771897579821,-0.107758542622488532,1.35174111553631504,1.23392097384436017,1.41168575097352833,0.205813745022009054,0.476566094190629619,-2.05506586328529472,-0.0642764195194867188,-1.44098764528138767
1.51704808890220066,2.96262146940960136,-0.88215259079732411,1.39971364527624154,1.34627356113985241,-0.527106779561430261,1.06173278712815766,-0.832393896473792583,0.61282364132896705,1.24121775577392568,-0.61195978591944844,-1.64899317652929867,0.968224881650343927,1.24263505061593471,-2.74744599139139156,-0.104938550560797275,-2.35279767923367311,-3.33652921151232684,-1.18417412376752851,-1.29715468387405219
-0.391169031104746434,-1.28861132016598612,2.49941117442831118,0.361016672848025744,-0.357994727121877576,-1.96442950108855463,-0.0961826659120888633,1.40934349034915329,-1.64983353682472833,0.573036197551327176,0.222871771865741086,-0.65637027872601339,0.988496618626473089,-1.22313623097753177,3.35872140477471248,3.52753141604756948,0.870531438580719796,1.13514293529219534,4.02270155202541435,-0.531083748452759297
0.301671476699797214,-1.79419549693197466,0.000545622398496648604,0.761717765400999447,1.12793384315005651,1.32628369489816267,1.16893372335477097,1.71649170965125331,-0.849143289519123101,-3.92275944064701898,0.917162063193575294,-0.528625193875252308,-1.31086010721967505,0.234109622655293531,0.420195419816365712,0.1486506589426623,1.73428794702961997,-0.958081237154883025,2.06084203436342284,4.49253923433434821
0.205049156973532237,0.496378373546529028,1.56971007974548771,2.73205081062887167,-2.35081611574776161,-0.779835358237078724,-1.00392312229803804,0.428182855449463662,0.567747678873561035,0.277144454755815506,-0.707481751288366323,1.19601996724560489,-1.12875415038670823,-0.281045514016364795,0.228050382933281948,-1.29278573971102873,1.79981746986977464,3.43166083279875211,-0.590335176507935211,-0.680801125125521489
-0.252884516648949342,1.02772492255889514,1.79685966445218726,-1.41021922348195727,-3.77450630734498738,0.802689995286738567,-0.928531388212612829,0.980763286821110247,-0.245187922614416465,-1.59893611010200654,-1.98692735902921536,-2.65053470920086509,0.326787998980776373,0.671022907816888003,-0.496658026777111017,-2.04880132846601137,2.66737751935258371,-0.227546030877717465,-0.410833148422193428,0.59895135655552989
-0.808526413708561487,0.837128735819422931,0.512339104716522775,-0.0897701434397698145,0.676358609754278195,0.915366695181937584,-0.334447039144610381,1.23331157616766518,0.42089824909975998,2.36751883551843845,-1.25253662361986717,-2.18014164009629274,-0.163563577962611673,-1.06158572638849602,4.00438712407534503,-3.0147414048390484,3.40485963388419899,1.1851612405683587,6.2392697855718211,0.573663908466736983
0.988193944006745983,-0.587509610338682764,0.089592801289861454,0.358709339115520442,-1.50879876835927096,-1.44729292161226342,1.09603202918636367,-1.70017518554728242,-1.84718849883730218,1.26187631165747671,-0.744301925660596053,-2.14794810970061345,-1.88226116948830957,-0.235271773415695162,-0.0676350952374831088,-4.3462242815653136,0.181585296103903365,-3.27828813530497198,4.18349155381492199,0.668963894279117399
1.03356274283593619,1.43341100022692558,1.18812691041102347,-1.27898080962460425,0.674640212526422256,4.62964992049380353,3.45880102905250686,1.07718690917491711,-0.352676500944727578,0.688405259667916547,1.98553601810929803,2.97963453255202726,0.590595296429643479,0.923650547306773095,-2.61458422998119211,3.16114538888610053,2.16910320940930434,-6.80110029342976041,-0.279605900434812316,-0.112956608829004365
0.46436074795282628,1.36090072754303537,-0.646661500836846592,-1.1304789208121111,-0.893438172033530043,0.933845998472825678,-0.338710586955319581,0.0951712478949706814,1.40428460250276554,0.631413768734991554,2.50116718296095897,0.751472656096431324,0.152055082168003841,-0.48645403533690118,-1.84885571551727979,-0.808166619320570767,-2.58110570430480735,0.797741248774347933,-2.00297412797932362,0.904280859474969723
-0.62845446705558794,-1.13269766752393508,0.0335439998639134457,1.36826881785281462,1.35751286575989671,-0.606299780795928389,-0.274697504379549207,-0.145828022174810668,-0.24700471051055134,-1.94741343963370217,0.0183229186589375821,-0.436707724099324901,-0.275722732157634987,-1.42655041030424368,2.41306506729988346,0.00979313900213556188,0.541881927086031112,-0.359629375398563822,6.68084409405691559,1.04394570141504706
-1.29663767126786844,0.162360856761676303,-1.02135388505206781,1.70097217565770276,-0.122181958196447879,0.923251273982634069,0.156063899628360231,-0.980892672382005171,0.818681962187501333,-0.444255992405547362,1.58674159999087072,-1.58909959784977706,0.871531743602776743,-2.20295025886328677,1.5730055068570532,2.4676575092371591,-1.141743762787788,-0.889026305600350453,0.607295935746842375,0.451092466188377617
-0.880846253790401934,1.94867551658451088,1.41044313413765776,-1.27916353246226344,1.92284531627505784,2.5412248352674407,-0.00044417774268448604,-0.193665202865885455,1.7314357329892911,1.36861116142425021,-3.77259553518056201,2.68179739132011141,-0.596493659410891275,-0.529405651191666604,2.38039480745673293,1.71329887331727715,1.98320076292456648,0.374640924332627467,0.268812298719743548,0.517639771172716645
-0.451515867485205225,-1.30338874958095885,-1.0390627922420177,0.771002679710653394,-0.463089239941539665,-0.597842383019606904,1.56715085449958336,-0.436406178162663028,-0.150533208431394533,-0.290544234204964003,0.722323957447449816,1.71730193218933591,-0.133465918730157618,0.111056019989919416,-1.37270671046078663,1.3682233672571904,-0.234661108951337682,-0.29540974780513668,-1.4988071322921952,0.327075969913672993
-0.0429964864855358342,-0.0556587580055352069,1.12526944979403543,1.67545850974121913,0.301751344742593464,0.689489757086405253,0.882027554438341355,0.139496868498414778,2.06669217938539695,2.24234804315711145,-1.11680584344014289,-0.442627420162835072,-0.953007498145748699,1.15918154261817663,-0.364785347952305772,-0.830191630228921618,4.15342233799985472,-0.00424984295400871338,-0.372412054272296178,-1.57933398780038337
0.324819883252845165,1.69662544439833796,-0.972221094013052345,0.421398237512182416,1.18427403464430814,0.532534321809793765,-0.690473484881912403,-2.76175898837771161,0.174764700754864638,0.386342068559635377,-0.423568061354060055,-0.926117541496345065,2.19481016734216139,1.06992225527548968,-0.0204523764410928788,1.85409394820684859,0.459492894825291376,3.21994725808532678,-1.07325565313536497,-1.69288579101116943
-0.208933828594935145,-1.59865468722577453,-0.11592896703294131,1.2859065542213981,-0.159336810877586332,0.604724578984487726,1.19726057693365351,2.42014380200052726,0.337312931759012113,-3.60901829074630331,-2.88894059410590343,-2.95784312805387195,-0.727894302297485751,-0.269187064654904662,-0.476542589489665103,0.87169790856646534,-3.78286061965745413,-0.767425284085426318,1.2083532674930435,-1.17256231316379322
-0.521863448040171485,2.80264954720047132,-0.361369265478460266,0.616483956495161189,1.79807846223546486,0.392181145789347541,-0.458029560884321396,0.127518019490296119,2.05934198688795034,3.95170257673661185,-0.952474774848574235,-0.70874863970826385,0.34816784363369041,-0.0833077574910382063,0.0549472885328087732,1.52500537398889047,1.5276856129868035,1.60193820058243008,-2.96526530838852942,-1.53577160524782763
-0.693076450451395987,0.554707428280558634,0.304029841398791745,-1.82139459317778352,0.530183274485553802,-1.59347620217119412,-0.419480969153859851,1.73644942943085678,-0.0972371750276854324,2.98201625606120579,1.74727441484880996,-0.246931351511230246,0.28226987620591143,1.59811434049270096,0.0934294091091443513,0.522199738363004262,-1.5031306125469508,-0.0441008386235576741,-3.63825538761978162,0.467693283524661718
-1.28347591779738912,-1.33936869354045629,1.01149501703217326,-0.0989119535093654356,2.43076696220764088,0.541030380605462713,-1.98712159358629159,0.22609426485782122,-1.0711145251191041,2.73916129275517939,-1.15635601181309866,0.135096941902657558,-0.153457684494029994,-0.913472439710967254,1.09507050536799011,2.56739673412612568,4.02354090113455154,2.23151160564747464,0.864237388794057648,0.020693733112147214
0.0646911331034515091,-0.901931354188953871,1.05301350343562783,0.159638587380328573,-1.46935948692905183,-1.15019428003050384,0.0466723805164332636,0.179850160984440538,0.463742084677080391,-1.34429085875559418,0.862107337973180843,-2.37167376264522556,0.19365038990436137,0.501437081617126745,-0.227240880290332126,1.28537226936888116,-1.61405860781790111,1.94829792980792971,2.1274936227559027,0.440455868867728251
-0.551189860345248972,1.40836282309316307,-2.71193620759615195,-0.955021281125930432,2.33308473502825153,0.999514315026480471,-0.271079493141236472,-2.15585033579295793,0.690549641676511006,-1.81793402247025515,0.168264739600923557,2.28314493375004046,0.313089255209826889,0.937512114885096448,0.776823669249977478,2.13153164132169115,-2.41407019362831798,0.236636353414480249,0.220534366417802052,-0.715468808060469086
0.894441323461686588,-2.82177833703392045,-0.597320633399897383,0.118793036527849089,0.581736785813922075,-1.57170874466110844,0.175861238120480656,-0.124412242254762634,1.05675455293099563,-3.78652632248224208,0.75685887966851273,0.241832596174009318,-0.399940915350868953,-0.0117232991302115425,-0.664717419346873672,-1.96880701932757218,-1.52060696399987427,-2.03181707422458846,0.129665347764077482,1.71425387952747599
0.168688424831320821,0.90954779277275688,1.34843714039613793,-0.0159167513482870865,-2.05851658219240674,0.84084214347048658,0.567906196671512431,2.68802878180068339,-1.59207502989398897,0.450944437131611697,-0.497183329568750998,1.47180632488951701,-0.81272718754765394,0.161472875568832747,-1.22353428222384997,0.16072328807003658,1.80494822239377695,-1.6055518028864999,0.941348615449364878,1.36130819033464068
1.26533340541700912,0.444385653925666257,0.397329867250337698,-0.727278806386700061,1.44042219141587857,0.754412131856992296,1.73715306568038752,0.298619322806825682,1.99187233434897837,-0.658470253201114075,-2.13884043659276557,0.0787277429018378022,-0.428848892194162556,0.476676588004862067,-0.218187796434913289,1.64764285024528911,0.230612595605794835,-0.30855325200418815,1.35174791965265406,-0.280160954208018009
-1.55184190449210702,0.337754188037432901,-1.04668289309605766,-2.24826642455010539,-2.09848961707220605,0.401992560369992979,-1.05990848477946265,-1.24447980234678601,-1.55785463156948767,-1.55353929162447213,1.36866901358041959,0.831056004105468094,-2.63311914365217214,-0.661274325018092135,-1.14420135334731188,-3.24072260265813439,2.39104548578958642,-1.60633221246659019,-1.08105229083253129,1.82738682599390878
-0.0813856785105386837,1.32729690922921928,-2.22831317956907293,-1.30910003213354664,1.52911734261027377,-1.8297379685638151,0.636871259782706423,-1.41810700915741461,0.311109886900549304,-0.823899142740152857,-0.759036589717800081,-0.575972840053102675,2.12178822195032701,-0.336245695185349247,0.369621376698852366,0.623690589508752113,-4.15170123971850913,-3.2504205913439117,-4.20069715215631678,1.08919686980143671
-2.67761446016035132,-1.01347395069898916,0.496303231450417104,1.45417460520477793,-1.43903716743421861,0.51269286154708027,-0.576870899561552575,3.47059143864994279,-0.583013755751174423,-1.94680758628326389,-1.69778536974950134,1.13024857758464159,0.538509863258342714,-0.801129776194197341,3.2182245580432367,1.50689723211131632,-0.521635196304990001,4.2283224952977454,-0.34012713625355967,3.35279446416110805
0.34571526676315284,1.03906017261823158,2.67445093688362956,-1.35498484021574694,0.165404694571628069,-1.66076016377782154,1.87503737929912218,2.06263121391361359,-0.152989188952837529,-0.00462640631115105415,-0.0644444361861990916,-2.08898121681119564,-0.860947396195935855,-1.53267148401321118,-2.08762472474743488,-1.83837721358595907,3.57570528331523674,-1.26485066847307026,2.55157981098154663,2.559004959752186
-1.09046911432349924,0.56321645358311534,-1.79927719867497404,-1.38717411305213556,0.288820877326638414,-0.52533893265314191,-1.31572201380158793,-2.40560377425005756,-1.52440143367714875,-1.11407424992550386,0.293449853972303942,0.500977502051845325,0.954423057450061618,-1.08735935774149617,-1.1383870721841256,-0.999550810920539212,-0.0909735786844165506,-0.890175510473353304,-1.24445994539580318,-0.910091441448998673
1.48864896336977193,3.02222913132374416,1.72872889731032764,0.571281576715092276,-0.407911965198934412,0.6915048641650412,-1.17524791518328442,1.27462767732643334,-0.973472825864528213,3.23881245125728645,-0.070672932812311115,0.13864941265011374,0.881901059589691894,1.01996136233679202,0.25949227871386743,2.66543830469868182,-2.25105783148546035,1.92906642741825918,-0.986074395661185488,-4.84977595281838969
0.037285883388068361,0.586759913450646597,1.10350366644875342,-1.49159038098241847,-0.114869108983661414,0.503981483028588695,0.766175680605186593,0.0419694100136861203,-0.238909132223660725,-0.716722354992754052,0.789228294230921112,-4.824417203576159,0.267659674833919115,0.368848269693585917,-0.687849296653700648,0.601884578884335331,0.903193258539853328,-2.87278262537453966,-2.76460242957903413,0.164559381989339754
0.149705033870030146,3.02619479822943038,-1.136758842278496,1.68426156946208616,-3.86016374895258618,-0.551280967810892752,0.710266516432212058,-3.45012386236012158,1.68348811946900612,1.42433049083190633,-0.427778593740560487,-0.679381222491121539,-0.111104335498982368,0.479973106403444871,-2.50989054307683501,0.454724429035462951,-2.33719531646065537,-1.89199238365783362,-2.24226879476232721,-0.0962324314726848568
0.441902755294516114,0.127943399513985562,-0.68798387667711236,4.34810850414884698,-0.624777484416394024,0.864641373180422779,-1.37911394862886394,-2.96526686473565837,-1.02025929933053328,0.0704987993385462752,2.50993746427863984,-1.29754049077184708,0.50042355800235816,-0.137371139640927287,-1.65117723243161585,1.44270690670993917,1.19902973123231327,0.405312435511544944,-1.62132947476484279,1.08119562158855054
-2.38269061821071348,1.66576896348500525,1.11310267424835785,1.07767914156588929,2.45835017257780075,2.26919946075798995,-0.173776595874489376,0.71529568919191433,0.18951891459464007,0.683420066113519353,-0.796705567374653478,2.04373246791152496,-0.394142635350467618,-1.64690297282554399,1.12481077215086689,-3.06102537477979952,-1.06605549484254714,1.69807292628320528,-0.70063846481245462,3.15311534370914792
-0.288246595493660218,1.5453716158998847,0.148112372226196332,2.44033339700389806,-0.713654592856211245,1.24139257800497593,-0.911154087152558079,-0.5722180738072008,-0.289016018220222548,0.182413731781543464,-0.987868887991721456,3.62752094255252011,0.728560826523870331,-0.0220708951743891352,-0.0140976352129142894,0.713388646500969226,2.15373425885814829,-0.274707780944987767,-2.39096815224575776,-1.71885459045923361
-0.44890748396666752,0.34999918822725401,0.509456213498670207,-0.299433618122059653,-1.46441349093698792,3.24452447638914476,-0.323433654844254515,-0.283505053581649347,-0.65223090971013753,-0.339798804979688673,1.21062110535857403,-1.17559446515511645,-0.650012988365406663,0.904576477735915763,-0.219671406897793187,1.54292899837437236,-0.585579590978375975,2.22538402332638308,1.15767533225032571,-0.534994302840124392
-1.43020598788405118,-0.704181113401675773,3.23097702929995867,0.675524094874236369,0.151766985720373365,0.0659495749729670649,1.08783991524806001,1.49397400441234218,-0.309201753206147067,1.65348267279793149,2.11742596207525269,-0.628887897174086219,-1.16721974672135143,-2.71500838256630983,1.32636394984521688,0.666674293850629485,3.85376408791195812,1.26473561587860783,1.99195307721930259,-0.532405296150004981
1.02308086571920365,1.95811847378777037,-2.61919973765493364,-0.268131786276512074,-2.92309090272958461,0.933668627159955133,0.930197566452496294,-0.501984683229378503,-0.171805556437297474,1.68113045356088153,-0.260555694710578156,-1.11670485152118393,-1.49351602346589329,-0.114840862711986375,-0.921527531851787707,-5.15474717126573001,-4.00652260272644245,-4.86507393459556692,-0.287745458018538847,0.588399454681524547
0.966521525524593805,-2.19747769495095779,-0.44636129202474284,-2.26306261338561088,0.0473620520661932332,1.15656538768110906,1.71763103613490853,1.55269047417321215,1.56232986975008203,-2.82643412940225591,0.854706244382421598,-2.35625773362106194,-2.22062675827921963,0.675347596037581654,-3.77054990557230241,0.970679398776669089,-2.98414387418241445,-0.38741448015995128,-4.07234923042957409,0.53118012951390936
-1.41011214429954035,1.97381837477001043,-2.07188544838171529,-1.31413071949349081,-0.399351148689266522,1.2926266877680519,-1.75991651900862878,-1.07076882873995616,-1.28140087444316508,-0.231120586518681309,-0.608417353788625048,-1.37426215856830858,-2.18327473810817985,1.58739588573736046,2.1309301982821367,-0.93194841173491938,-1.04549559785171176,4.2644860861862286,-2.15881605352099903,-1.11586172544592288
0.172883102755931828,-3.3353043335415764,1.13279845711948113,-0.366131337756787523,1.01145784563888963,-0.64091694826552037,0.203298360431948849,0.878104399855627049,0.460695308097915923,-3.27213678083543247,-0.404325456527559524,1.40244083597623947,-0.856970510165844801,-1.16946180980823788,0.906360162719501927,3.17862969784617899,1.8529199092903299,-0.728091457975765799,1.54015360574303095,-1.18868789157669763
0.824658046347713669,2.15775509863842574,0.0458534471688041567,-1.25018651052404905,2.35961118365375455,0.989825914509564475,0.551925927352436507,1.22669683369814275,-0.0189912629816105308,3.75298963287255871,-0.754752800725638551,0.0963664109941648195,-2.56307735870594477,1.88057931908425169,3.20149869229125095,2.18477812658715731,-2.45457457407079227,0.452264414461927833,4.81161136113459165,1.64882591561540592
-0.120093954882301734,1.72646394313007057,-0.787844147743390288,0.814236545716173987,0.538090535734274678,-0.873766194714201472,-1.46318124906740299,-0.0156749983864985162,-1.11455243847722607,1.57171383592080827,-2.02838110622082013,-1.53770465246565924,-1.15267934501468416,-0.93963608109880159,-0.935188899387977557,0.391897951026111191,-0.0161021558584452835,1.80364388293612032,-2.27708989173932785,-0.478724520810137555
-0.710316933562630037,3.22356122997759842,0.667255733977697663,-0.00133392152420075166,0.340130102315251981,4.50935570830128629,-1.22054298255930171,1.22774726080889107,-0.591678716754015066,2.55340782813847067,-4.03484411969773493,1.18073926763054615,1.24502570292773784,0.0463846187021526857,0.386687200222170735,-0.375017471395166391,0.788084414107363074,2.62488762174467949,-1.27245238841399733,-1.47641614027010037
-0.0169275693313596827,1.0286411455375355,1.6291355952190103,1.75400905291670273,-1.42383767976602305,-0.829437731778397525,-1.68663881732280885,0.967837359936613018,-0.676974067817745162,-0.682607711702465925,0.312876014638543809,0.338355291539433389,-1.25643590758846213,0.2893925081554381,0.604663839841105277,-7.71043988777342637,-0.496051691804759887,1.65894745106112063,0.922042933257376851,-2.7394665005722163
-0.634426874259532814,-0.654079340446666269,-0.783778531539051193,0.772998366190353781,0.548765056988552935,0.681986726170315083,-0.299735797934132464,3.0218926626698801,1.81727248746113834,-0.840370780877965351,1.19052375319655801,-2.39445212700966747,-0.55826232375292939,-0.400074384750885692,1.91939254932908887,-4.33204857197135595,-2.61543308517654793,4.8525939830679361,2.2392477091402454,-0.256891405357361546
-0.415005024851047677,-0.499948519491856591,-0.57634992342392144,0.833670919495786311,-0.272207318694866529,-0.516853104084471826,0.301645089828231461,-0.0713845843241719402,0.915867600409756899,-0.554812627012597148,-2.70494380968643222,-0.226095992472907792,-0.411418678710493924,3.47840571060078485,2.03549030820246157,0.251633631192552332,-3.19619069536290157,-3.7277558129497681,-0.351967868868219513,-1.00327885204771761
-0.133589745073652677,1.32612992018318154,1.61796351549430173,-2.26569786218936731,0.811082474990651447,-1.92554407841701902,2.26349914630286442,-0.783677838151209727,-0.00329095048339622448,0.166195239950867046,-1.45655740009209156,0.593311411138218614,1.44306553186722852,0.592331799943315862,0.646851456043450956,3.17344260749758478,0.171904497860915856,-2.75538971134407751,1.53982508642055271,0.658563547264355842
-0.514595682872957094,-1.70717097969722431,1.55914078562489578,-0.00227933445231923723,-0.579158349854515087,-2.3445855764594401,0.706042257675652873,1.69803768166112512,0.134492270719166973,-1.14373877314770689,1.16146102273031948,3.86862005715235036,-1.53364939605382444,0.276411343409483257,-1.10128989214792994,-0.511783373136732722,0.932253970044440661,2.06494911280286519,4.47568358549174938,1.41135119733933556
-0.748842402202246293,-1.34092057538092968,-1.61811934326921181,0.154414021805143853,-5.04839930684304683,-1.17467005516826473,-2.35585061069698476,-1.93637989497536722,1.03401395523921669,0.11155588148203241,-2.34770523162754907,-2.40458417402660407,1.0918031710278997,-0.883663895829752688,0.470266493894626547,-3.41150454253883062,-1.04625781151266595,3.61261746077915591,2.23695559783142617,2.17893547399887
-1.54944969778701047,0.0589429796416617649,-0.440035206770867882,-0.478397615840625512,-2.0164840537890516,-0.0641881109780706033,-0.526857151691757508,-0.190230785041634515,-2.53850457694002296,-0.624762389395617013,-1.14106898674125201,-0.531241402443368593,0.951373696171409322,-1.8066806131693558,-0.0778214562374506952,3.8859139413363728,0.921322597426870393,-2.75329007304366336,-1.58012385160939162,-0.515784993952512538
1.03867135831171198,-0.742904840861597471,-0.207475423504950851,0.395890172463029488,-2.85875477321084137,0.731060418661336531,1.70457997338928613,1.7576244515094257,-0.733526360866284199,0.0997160449975019597,-1.48243511099696068,1.36527983469603531,1.53108675969361796,1.27519577577015752,-1.33198621351827118,1.14415812678720341,4.15604201516052907,-0.952278419599390857,0.176603442148512091,-0.919698140062222946
0.481403219483581057,-1.40124352664227425,1.18578664220298147,-1.98940546009164687,2.79916682569391595,1.77910446012072709,-0.0236921008282251488,0.123625155709824255,0.877886735749804359,-2.86824341628270796,-2.06173217147100374,-0.145948348720303545,-1.0230359918605727,-1.58573724360216861,0.972147165803808555,1.27811024703451714,2.06315319586050716,1.10699402285268356,-2.01901409486439576,2.62707373424313628
-0.294342649009946888,0.0726762604722171746,-0.983012276541911034,1.81233845970774765,-2.12210406054830347,-1.35768556504214755,2.98715665938331743,-3.30611498087636679,-0.0362794620170247203,-2.62868364084751116,1.71418017407897572,2.88113286641277622,0.559555201462062279,-2.21155876672314022,1.30531850320111809,1.76433231153497827,-1.58550101834366219,-0.953372901530605388,5.94760395725948676,-0.981122354607286251
0.966322280981052217,-3.12501408445387074,-1.72663284950773432,-0.71230366134261458,0.421212694300802659,0.788726873408924001,0.417315208370038104,1.50786255827397131,-1.82789107317457655,-2.01164577485539375,-2.20441133837549552,-3.03557522797561541,-0.24955121579002662,0.742925490025197477,-0.859620832490767262,-0.488373548940072677,0.668139880137886943,1.18359773281653813,-1.5956943245548727,1.22766585793756988
-0.138580226373673621,1.57272830486605297,0.646444960801340951,-0.0386092021182351669,0.695557002779487732,-3.3756557929737574,1.08114783214023569,-0.428960150126935391,-1.17248262514391133,2.19090174077494337,1.17679101323055546,1.82331604394043767,-0.0355578285909253708,-0.293263403963130664,0.561575435286621349,2.13861114252352325,-0.158507265644514284,-2.11992919038223038,-0.0467982357028550108,0.546867561504032818
0.784146802226253214,5.78069124215413321,0.681690345699152878,-1.43144972827687278,-0.199186834430979509,-0.547162859942606716,-0.742944321901941707,0.89883096382133576,-0.219606476692683295,1.25621487806876053,-0.605271891321432776,1.03344120353762414,0.339988424807476819,-0.863105345160879112,-0.243133476815116795,2.67829962999825666,2.4068394610028192,-3.56702029902086348,1.72269529887234207,0.0971028828817176726
-0.087269729577065247,-0.901064163396503637,0.600526712254703887,-1.0740532894039212,1.24079713146526505,-1.99423780617679025,1.74276975902672682,3.34587140241836201,0.0107104297900235141,0.675145694079165026,1.46916562089060609,0.959101904367803404,-1.9884443499882154,0.419827776953486165,-0.714480377386254917,-1.34315512027528028,0.412816600182939419,-3.04584471496519038,-0.890269370036222529,-0.064637475760420976
0.510699506306447892,1.15646767353467061,-0.749709352124444117,0.183594647968748526,-1.0717816908159632,-0.378173987476073059,2.04607924717081469,-1.66285815918862423,-0.197574553041323181,0.855489411728188376,0.366649729476932917,2.56685863912139212,0.467744047563476872,0.932247787245184978,0.403730830677983266,-0.515076992349475238,-3.86197974498098384,-0.495574785816739527,4.85885948356429687,-1.98133576617744822
0.538148099353332077,-1.46346960453426544,2.87122827854733131,0.0334589188001446075,0.354118054848064023,-1.55433044903391737,1.0390958989092467,0.579504884913866647,0.519141146215282734,-2.40534105249649466,-3.91910737856780989,-0.627635925623385771,1.49933337843748538,-0.936428278247586454,1.9471148515834944,0.775497794302026255,3.11480889750360967,-4.20679131272294971,0.315597120183127133,-0.675229782686318836
-0.739876563799717002,-0.428228319321064532,-0.677778304717454039,-1.93468070685464344,-0.789365776943284247,0.617891859611469862,0.270589989663133357,-1.42254888397807555,1.61912431888750374,-0.0801635396994070937,4.34769561039051489,-0.631506568938651314,-0.0681135412561393455,-0.149677600892447082,-2.11546904716126472,3.84786830414171321,-1.46395984041694716,-1.1306138397930916,-2.63356751377390896,-0.235280209985615163
-0.612191609583111362,1.46557298246321177,0.730386512693484202,-0.031406865782646988,-2.44346308419512992,1.42256847260646069,-0.164184930093526221,-1.31395365038092971,-1.17513124461634222,-0.99916365509294236,-1.70991777423850411,1.1113806459855613,-2.00472081014724468,-0.156221104180007092,-0.653707060808958795,1.20568770720041085,-1.87314513059144905,0.52036364794953982,-0.205378306102432018,-0.356036447761452712
-1.12897642628410222,-1.27456381039082056,-0.996987285923421784,-3.21253902133608094,1.57079842800617042,-0.856162831380855582,0.156824408901569096,0.516711040364606577,-0.279547220336889723,-2.47036398240315824,-0.358917285074463244,0.12965420924326812,-0.0247886873592910277,-0.37726021549236044,2.08185112223165358,-0.982582593595062281,2.96364288552858701,0.22468513871803264,2.20240947061351378,0.62927028892893766
0.18785575424119752,2.40239897057958984,-1.70063988949363387,2.68122694788565896,0.0200696383628507745,1.51520955500016474,-0.434835292439667565,-1.78485212665930804,0.986920105870342845,2.38953687351989785,-0.0840843006762178463,2.79804112108946779,-2.7604229764107262,0.30752595578663261,-0.647913922335386028,3.7678210586650378,-2.17734192834838947,2.68797049018039935,-3.18416752663636293,0.889728398841057921
-0.319394831106191546,3.05616289050895196,0.630847466697823989,1.09974822828022711,1.15107193065504165,-0.690225223305567681,0.492976503038110303,-0.756168605254503468,-1.30725254672239588,2.07938683125094537,0.944076416620073688,1.40604434850283666,1.39766957421659788,0.181281128146991488,3.01091727458489666,4.73323431133254591,1.00238957376032434,1.30045821325894151,2.74482232288363281,0.547648926043495465
-0.843068237975032275,-1.19586340195635166,3.60275985301815771,0.0825883987248745011,-0.844429372593440197,-0.644819631209694544,0.0213191401747979369,5.98902956605259895,-0.785200602539936177,-1.68147329539449153,-0.0262714814792523801,-0.244983380419996788,2.02712038047851273,0.345418337628073557,0.640017245515363875,0.422695821303914143,3.18492537305474332,0.283219351621137649,1.1239367425342619,-1.62586583950281294
-0.557787593224813083,1.86143008378075647,-0.604703150893152741,-2.0362519391357452,0.605596398781847567,-2.22152116601210015,-1.43488165067398921,-0.475037442032185064,-0.622086999295327514,1.95193863016421565,-2.56159250881639444,-1.45680735578625753,1.12106600225610653,-1.46215926968690746,3.32894993262358652,-1.57585953296500803,-3.71325754205585667,2.11311735728445749,4.88186322435980724,-1.17206866108060037
0.443395714507680283,-0.737828265704729591,2.17013632271693568,-0.978411002800416596,0.349368018901931532,-1.23251275645059732,0.887373776507767498,2.88829034320291234,-1.3567344371536556,0.742212875152916673,0.805490882993115442,2.16303968926277612,-0.672533859880793949,-0.0847999040692784395,-0.715689618895151258,-0.374569900447004445,1.65178365059889742,0.00151414581236631283,-1.8949822618208616,0.438943537071258216
0.526435451070020544,-3.57564441113851483,-0.355362071038215044,-0.866162700675044084,-1.30280619003243525,-1.27144373143932188,-0.153260431951406095,-1.86374295111427379,-0.603789991806191972,-5.40234391207458842,1.45552178376611074,0.751778852707152279,1.22409514525750307,0.192223359553907513,-0.207176267051221275,2.20370946403490642,-5.29266555003553574,-0.995507499561230191,3.08734525421797024,-0.958833883753735683
-0.481711601338717044,-1.46588746974489781,-0.297319359824349205,1.13413891513848619,3.33551725494181595,1.17388830071992678,-0.809505886080215453,-0.116514515586591635,-1.69359325990614695,-0.558220779722322313,-0.105356246582181151,-1.44190831460937896,-0.579262930260538655,-0.221561710982811855,-2.03870622833542736,0.427675879665469549,2.11815431410964949,-0.676613661199476413,0.806428393679069599,0.053949793763021052
-1.2806264084601322,3.24064290377064879,2.82269664540552334,-2.29165487961031644,1.06062829060431096,0.790197576697695081,-0.0348461661027914607,0.0729895269252846673,0.686211928029249019,2.91443633575285022,2.01076317203948429,-1.85751896046800713,-0.00526651088570880173,-0.483978986780092602,-2.41846822692493335,0.0785749945001159023,5.11401644622623053,0.000603253966823194413,-1.33308228410946494,1.06482880031527705
1.59212333282506768,-3.15159828088338445,-0.529829998048451989,1.39511943107449166,-0.398482471056779142,0.370381201931012816,-0.233559267201799869,1.17818558955682695,2.51675595599946522,-2.1901634288051568,-1.33123763967826614,-1.35943513142677097,-0.34440044271593856,-0.112016962750781962,-0.935429021954398365,3.03014945523034829,-0.795558955985623317,-3.9258262493805347,-0.326158004208740526,0.0905195574458186741
1.59338471638113677,1.86656478150023641,2.10574743752506155,-0.512706729015157459,0.433109307053857306,1.75739211618844249,1.88244764049451341,1.22101860801337225,-1.661682451368939,0.386588614857869883,1.45497570030447854,-2.71666873011654175,-1.09844705387425567,1.09962994019650506,-1.36129364053494917,-3.21892216305708967,2.35389949118939645,-0.961635794242731379,-2.51829604528334849,-0.539783941102704334
1.20645390572669275,-3.19833245296904378,0.951148981920102332,1.76210276553732625,0.0193450898322700127,-0.141493848032961111,0.505416091748382423,1.62165669682802993,-0.537618502199661896,-2.13030864268737385,2.99321674464979504,-1.75521559853280062,-0.547231856096808467,1.69477202364507895,2.62195858649741576,-6.17764666981013288,0.806870561322772462,-5.71094691336859039,3.52320199452841365,-0.288753436439359412
0.524657469053665837,-2.48716095052016062,-2.52190742855737771,-0.312132463404664162,-1.8730686037217068,-0.417052986226070899,0.614283686690189734,-2.98597939661805611,1.16549172880092611,-2.10234323817054403,1.58129737896842171,0.482068944871261895,1.72359451687427168,1.33930481580393423,-0.0849706458063803072,-1.06706066240519304,-2.22964444321910937,-4.5914387050420169,0.198743148565222433,-0.202798433949018947
-0.712530350947257696,-2.06192011457860369,-0.378516741186380123,-0.633535304502783947,-1.61491158485617992,-0.859639117316983059,-1.35967736765241654,-0.714846808089007468,-1.47903598040257012,-1.19809615235916445,-0.335994211983109525,-1.90362796292071823,1.3527200013688685,-1.53215836529939375,1.84246995993825879,1.05216880198466467,2.47173267697737931,-1.09859418371999862,1.00824966982658482,0.715992394821972411
-1.46854941347172052,-1.59052693515875343,-0.513265632795611548,0.535472647697658122,-3.38314288860194523,1.25261379682596496,-0.962900271373624883,-0.537586445018466752,0.380196071961828475,-0.959388492196928122,1.00410752309797036,0.411951500685438898,-1.89034577081024513,-0.882917428318236719,0.218160302442635623,-0.254052678914078178,-5.52606460607436034,2.69872612757023589,-1.25873595864274379,0.356419048608972999
1.21337137159170805,-0.170085082518307312,-0.3678604122709494,0.459606749339306231,-0.220279705033795237,0.107467715832139044,1.96074113350866397,1.20587172156639588,-1.0748151434872788,-1.89143842822593977,-0.27774436063649599,1.35619958343490321,-1.84135797115085276,-0.409894127697715382,0.254252220226794279,-2.48364328746697316,-0.768211409101435261,-1.21464576860861428,0.790163795373983957,0.256697416852494253
3.13116419763641973,-0.637830261255497466,-0.383109955397715196,-1.24866616701586253,-0.963093131498057975,0.0722479602731277148,3.01367479716344588,0.224315351318447709,-0.572412977285844948,0.555396113504487476,-1.51331451360531655,-2.15227753090498242,0.93927485455205495,2.79707910792858971,-1.43413686291798981,-0.85446781253783255,0.570007635946524482,-10.9342395221433826,0.920396072929335451,-1.37333264545189615
-0.681893758102342207,-3.30121277976742755,-1.00814199333197108,-1.31345550052890037,0.177736097465539394,0.406555312351235265,0.0581797254838101324,-0.676921920348017125,-1.86440395691179961,-1.85497276059154248,-1.07471548394908134,-2.04334197040917553,-1.21513216142416747,0.0944911541415670853,1.28820730584052567,1.38415633845470332,-2.52864421336702172,-3.9281172502251942,-0.211093255304505956,-2.13753741227249794
0.538774979107640051,0.43411177401280604,-3.85958511857653574,-1.20402961894580596,-1.84064048941956937,1.23079174747352926,0.7173779395560409,-1.18214924978434466,0.0250510953853871829,0.992427446623400655,2.46618649703916448,0.890351342886554931,0.600954737501943614,-0.289535129478375619,0.235921737509414586,-2.60657480632248406,-1.29336821339086661,-1.25704219175509957,-0.327478364703910341,1.6863639433806894
-1.27161457836998304,-0.772952001924279708,3.45946057719913158,0.204386730088438023,2.14396600375401869,0.452375074861256332,-0.590801495559181045,3.21913786077367359,-2.00042744334310107,-0.915413127397032955,-0.885862864171452102,1.03538714484428063,-0.442218827563708006,-1.66145847224057808,1.26216285130256356,2.91530772902613933,0.877081095851188652,1.39136623429976258,2.5138050576154618,1.05575687954229824
0.606194834733517651,-2.36312705514695276,-0.917654246088562831,0.16500603913725137,-1.45995658779783799,-1.30495344140936331,0.721025307681800176,0.780649426177125183,0.288326733847323713,-2.34543646438438813,-2.04360400338364379,0.936717583037306345,0.740219880158428878,-2.2224140575890341,-0.540247916663854855,2.26675249119698208,1.08697823209936528,-0.984231888345214911,-1.03776090024338852,0.0901670189991409521
0.0396996040488393209,-0.84151189054237574,0.102662072172716237,-1.5128520438390487,4.75204823582338598,-0.559652359507821218,-0.588191624090566245,0.405504547655938297,1.5211978096715062,1.87412112508646267,1.75807536919743645,-0.187051589861529838,1.23086410833684745,-1.20525636212251852,0.829869178507080862,0.519065658311419154,-1.87752428786984726,-0.271167942811967322,-1.71368930887767146,0.31704573351587062
0.425885775399456878,-1.76717237362160251,0.559646079957498599,0.469918020446198181,1.9013865231655811,-0.851557334058895665,0.143757163524742465,1.75189248512722373,-0.967533790428056206,-1.08596579270610571,0.6907166623270935,-6.2235175518506276,-0.501084247712710096,0.385323798476462864,2.09207170240770468,1.20804157666234624,-0.482113260846245895,-1.94140272806663083,2.74729546182099327,1.51060213191487902
-0.521141153733394091,3.27020335155295161,1.10358436593247156,2.80325813861969353,4.6600980631191824,-0.418769086954315417,0.661966212753292038,0.70182206841098671,-0.351004160011460453,-0.862028778796815387,-0.832392814747520027,0.0529881365033264481,-0.716757093265361411,-0.612873709557705371,3.29593160988723088,3.24195418756038833,-1.2241648191340091,-0.959210759685626968,2.14649067779686042,0.0135481022887440419
0.195097375842054305,0.96498143973761874,-0.583422374250564313,-1.64311845511550292,0.707801478725296529,-0.651851705981478791,0.33673197977797531,1.16128419082634871,-0.502577623412603369,0.389150167003359637,-0.883220442441672859,-2.08294610568597838,-1.62686731249766514,-0.443885867974973702,-0.878862764608926983,-0.627335446588860868,4.06190238201300247,1.19309050778481707,-2.04267141522918516,0.69398036106174299
-0.811226986475403589,0.329177316054270308,1.2499337873967824,0.931701256414511847,-2.44643212474215943,-0.5812872602051673,-0.0189849503285605403,-1.2582215227507052,0.767372159770763118,0.535389787593672506,2.36492626884558543,0.269768831536013776,0.563192867360310934,-1.27560301904237861,2.4543084993478117,0.935050738739702902,1.34726568698980853,-0.52004260832362581,2.07466523222974875,1.99336941340118701
1.00904332159883303,1.35857060005274999,0.675471166145840241,-1.40812399274748912,0.653538766512703484,-1.40034842086014821,3.14524040808321415,-1.18427484507302094,0.0715218544081008406,2.30504424293633559,0.115457185173007626,-3.70444404779120129,-1.21325646708357393,0.110503415861940943,0.786909753707297321,-0.547104263238715749,2.19627681749301873,-3.54631281176385738,-2.20670916076599521,1.20393685803072881
-0.788132342667098529,-2.23315563105274872,-0.274982439832504921,0.166270898699069969,3.05784231096472725,1.73100955762316766,1.03797877454562415,-0.0786148292033458096,-1.38730389896980832,-2.73846809403106617,2.30764765944156869,-2.48820972433114829,0.30661571902502327,-0.329175420163768773,-1.62443667585677209,3.43921370597325726,-0.859620078572957524,-0.342842007925792225,-0.115183877021017053,-1.18957709403772882
1.1113463322686068,-0.853139677239284744,0.0574727856019155992,-0.728422648307981202,-0.824526519960962601,2.81400496908628872,0.744845436582605269,0.0620588913688217281,0.248817064298059304,0.824199534088823849,-1.08137434394493037,1.34634130294504306,1.06490756107647488,1.49798352879946384,-1.44762113916446777,1.92008096363147995,3.41533276884008252,-3.60541736494823128,-1.33939055338373803,-1.28852095544667322
0.310482117010231651,-0.527048523246146705,0.30691357406170211,1.99454111805064849,0.773943861560417279,-2.87605843276194895,-0.841582414901658304,-1.47939233474798582,-0.768532932119134649,-1.24413371190127053,1.23432163724668786,-1.42290584229133876,-0.828146934221036024,0.442105864135772575,-0.0859731525600500313,2.58501510547984958,-2.89407126357017841,2.72787825985562948,-0.9398173539622805,-2.8233268046066331
-1.11945355855668471,2.6881471561765129,0.279799643941796461,-0.204353106158086051,2.13099949410996947,-0.519251627343268463,-0.644025443055791791,3.30646498996855831,-0.126430251828617418,-1.19353890570726939,-2.18358568701060518,2.07075280353666669,-1.48210802875023351,-1.21083952738802436,-0.31753086243593226,0.837286546691605182,1.32540324142906596,3.72509717200874046,-2.39288689752293759,-0.277661984584873345
-0.387183621199329531,-2.82845804410359669,-0.136488984987590822,1.38495859861084081,1.88299959020769947,0.703868392396212128,-0.381181733262598854,-0.632409852306171749,0.365632060603886977,-2.3266139398421819,1.00750656957574125,1.37425717549436666,1.1604425772039384,-1.30680140843365411,1.21698906968187481,0.627594298845173482,-4.10006913428174702,1.25877999600822754,0.73777668825510867,0.095531834482258271
0.283155736056317775,-1.0229071959735816,-0.984780519272790089,-1.42779081031845556,1.39559012081549416,0.934856189557433104,-0.224080255339544565,-0.73306550838517992,-0.347528694829930929,-0.298572028003466272,-1.72560351227305109,1.61708923797881576,-0.246590551914346312,0.9587706484493832,0.460373899902387529,-2.15211264690294035,-0.704433350497655542,4.68285782499072845,1.66191229262614537,-1.10407432530576211
1.05625383840480858,-1.97250616057087003,0.754410724024572321,0.195004106564220098,2.56382704958161245,0.602051291672215272,-1.03573437025160775,1.76502290143661345,-0.107279628984029873,-1.29939023897012751,-2.63353293703382541,2.18544047441924283,-1.25891260168197006,0.249089049049718431,0.7411543046279504,0.495668314552969114,1.0841175006454804,1.49343661936511296,-1.2255025718449517,-0.00269040122418622539
0.675074266927947475,0.07609642904619833,-0.451284666603724682,-0.338778159536573031,2.44649993646692021,0.407577929027488572,-0.641300933216343072,-3.12038763594755952,-0.27609846030484364,2.18138648030521143,0.511291566001290887,2.19328622599481848,-1.36571342886031699,2.11743051364214985,-0.0873581731435798953,0.351447798554819058,1.07611794949419237,1.11951755905136996,-0.850697255966779031,-0.768307645868205991
-1.88909700538439185,1.34861766276115302,-1.57574689835509485,0.510320276483943625,1.19505373594810349,-0.432675644774407175,-0.960878558984787801,-1.47197098297844464,0.128009219111738848,1.50510737031284636,1.16537619024094408,-0.544456876737243856,-0.792028596488770886,-3.62704124656269,1.48398421141550507,-1.64298099699915667,-2.30495051635941461,3.72318191386752728,-0.463829228215256295,2.81827173764785144
0.40573518429349259,-1.11340047055149838,-0.608496629971824965,-1.24392406371059372,0.33213741331803498,1.03618837097415994,-0.0648718423762516816,2.18123610208115792,1.62239651008038654,-1.79404598836158535,-0.706781510355407372,-3.1524821338146527,1.3213893995506325,-0.35698639964428841,-3.92478505387083931,3.47880973699845741,0.701619887124815822,-0.933522970500546667,0.549069659167954138,-0.606275769658464747
2.31921776823709491,-0.833115392085330031,-1.85887802260379154,-1.12904357179001091,-1.27968195168717913,-0.134624692966903048,2.46920904625808069,-3.05898656764536803,-0.848775134681911014,-0.352658201749824485,-1.46351302387743565,-0.762224448829133649,1.90134956501950847,0.684475755313080358,-3.58086756940875706,-1.95113477181998696,-1.28712129803540498,-0.117219707295144748,-1.81821290163450766,0.311641327096728538
1.63432043050470166,1.2189428726699183,0.737869325814399679,-1.99921484780462033,-0.802012179674315373,0.521502532949964848,1.15043670610403259,-2.96135167186009607,-0.422056173780536448,3.46261653917681445,1.79910121981683324,1.21840569859339576,-0.163210781886936968,0.874954930763894412,-0.679687625231644943,0.0043230153625230883,-1.92861528863585985,-5.18298728127572339,0.106886851694626805,-2.5424123472036988
1.29904177470679505,-1.25760762764533052,1.28517259320572208,1.64685422030063355,-0.600928642009220804,0.553792693961658422,-0.742828182863977116,1.54114079103134594,-1.20318691310483872,-0.518890615989753612,-1.6344833807583028,0.376234173089382118,0.168858171763476173,0.9372568534376442,-0.136097959029746418,1.41747877617234908,-0.388810374302840212,-2.91159821239419392,0.99611268451926871,-1.14239382508423204
-1.01979336946010402,-1.37096764164118001,1.74001682714166406,0.82039813823026142,-0.433032093303579946,-0.931630853602447351,-0.342489356487993557,1.22167496591564029,-0.623138539677666414,-1.82038570389409426,-1.50862954787846526,-1.47412887890648348,0.263327164912885825,-1.41031258421736183,-1.57133258758000083,-1.33506582916959915,-2.1012556110744085,0.695308232720889596,-1.76123768165438266,0.474772554014759818
0.0698594615362860688,-1.1174567403471154,-2.14291614479447778,-0.378756008135485045,-0.0688898808752475,2.50388593120676939,1.97474024349814314,-3.57154508950021077,-0.345996307894242905,-2.00929010504293881,4.28982481351916789,1.07335294791907887,-1.06230322938935084,0.606692563779952621,-1.30092997599286209,-3.61833417305578164,-1.29906867873825194,-4.84080095774943597,-4.00318106946121333,1.96661230676365517
0.52156666384038497,1.64358084843059515,-0.0726224580005962461,-1.61624959657266976,-0.476384237173541281,2.96542333980226269,0.864982239709527922,0.408445138568453936,1.43547340722505412,-0.11136836849010362,-0.721638210165584382,-1.03428050788846249,2.11905960525973391,1.82690149376622069,1.59812935030585823,1.91782777724552833,2.52417947450918367,0.167746512546647075,0.235711234036739214,0.397660379605621228
0.569827636219641276,-0.257655179093473963,-0.724979934594460529,0.244709512412039171,-1.98028355489202679,1.2171320928668139,0.210400728129747944,-0.17801262890246608,0.869029042813545649,1.9146222494415972,5.28005876622287218,-0.92972636043181911,1.46349605581887099,1.18189849152769599,-0.735866780482589244,-2.30638609280746731,3.35597056880562983,-0.933829967950920214,-1.9500427438129011,1.11400281009106616
-0.901191168540434462,0.655309364855299892,-1.16152549249575077,2.2924226917679289,1.48727008853233555,-0.822379982894247186,-1.31315242460734249,-1.26783599201828312,1.5703663909527561,1.21636273812762119,0.925188508124980435,1.33766698179587928,-0.482353027321294703,-1.17080750165738823,-0.657893230396277007,-1.84813769918040571,-0.924712121749873717,3.358214287791212,-6.20361165225139821,-0.435195397771078352
0.282975068357319448,-2.6229413846215941,-0.551440088366824455,0.792693855671775194,-0.602578058333532285,-0.328045265917314255,0.332752856036930778,-0.53667389634068019,-1.25240064979227639,-1.45562781031439004,0.0356921948424175212,-1.22952152440046025,1.71356015571995335,-0.287507105099457205,-1.03653433193667399,-0.625984042737912305,0.700137870671497464,-2.48186344394067104,-2.32276752076502024,2.09765589772380645
-0.600796793871546386,1.26021850271206515,-0.846124287324002911,0.653101521233439897,-2.05390862183188805,0.599483126917358833,0.377026073440623055,0.300261501535048103,-1.62166816533187164,0.520683063041030514,2.86843586722960131,-1.04703471373490142,-1.35770470800791099,-0.996628407850891906,1.69931544710733529,1.52345300965115205,1.33829753758626624,2.12830886616643866,-0.376308436358407938,0.25170265440731493
0.540090281800155503,-0.735181144659574959,-0.439120559827842649,1.79231588132319608,0.549363999695767546,-1.20475293517038695,0.506545614243014364,-0.53962742028628663,-0.445944490048060249,0.142200343948036628,-1.04679700235314943,4.88237700293610466,-0.140227915491155153,0.288691492864399601,0.476175101418938873,-3.15230815526881791,0.912674959825376164,-2.71059739733404426,0.555727384908791588,0.541479126890080376
0.810003223907596825,0.228427616401307293,-1.46676596246969226,-0.21106040536145812,-0.115143125622356943,0.114896158960063541,-0.346496854383559261,1.50299836719076141,-0.653682687553251651,-1.84872082604078258,-3.15889214762592196,1.23398311626108415,-1.1004610907461374,0.580082967322264387,0.552576387304354322,-5.89719050511041409,-2.93077296335944926,2.88084720668687266,-2.23717722014279508,-2.52423272131794496
1.09325911141458465,-0.988139833612561302,-2.10097072125212403,0.789485616927741773,1.08859565143617032,-0.969916935100610167,-0.745379506250649304,0.0818146159582017751,-0.62821579901962521,-0.716505545037046221,-0.70103543035432736,2.34093946013322807,0.122180803980540362,1.27419598523147037,-2.39405298013308743,-0.00584074434567342232,-3.207271358290261,-4.7989960011881303,-0.300497370927743424,-1.37740009388641771
-0.0779337030582973739,3.556802597507843,0.854238316300907741,1.28014391840262265,1.608999994526354,1.73540090211366449,0.804285609705154614,-0.688950199756903636,1.46899553796238069,2.50537153763462106,-0.716698700540326805,-0.13208795511005314,2.50618005919389697,0.389565403179684577,0.631406872921238205,1.49442474339802667,0.475169921186303246,-3.08684135376515911,0.458483224983003868,-2.38064750956993976
0.300059800924806219,-1.52066051033503369,0.0288434894597340771,2.26808063097585411,-1.10976851286555367,0.814854287671721855,-0.393352751058437811,0.306681950749100096,-2.17556886293929663,-0.139586439234629184,1.88563400964538941,-1.42124469160499611,-0.88091779901871281,0.276447648976008931,-2.87273508459505944,-0.257792301683991754,-0.131501016192601183,-0.827907983516665835,-1.13303700159209564,0.0513746349553023673
-0.580128889711127638,-4.8747986158243739,-0.145348173118192703,-0.421827478833871117,-0.619328752082544232,0.919965242596733179,-0.355173651235668852,0.852481518613067424,0.334361988266722365,-2.64477153567318979,-1.63255813789733217,-0.650771113278978963,-0.0639324374652615601,0.561751185188524405,-1.66128697870660336,-0.0475108727376080328,-0.990771479997254456,4.08307112475354739,-1.87302793632274422,-0.571001817675744872
1.22051466326666946,-2.47753532701177193,-0.993637966949306062,0.980443190772796735,-5.21978577871987337,-1.49627593226063427,1.13303643179938818,-0.330044352264230789,1.37723485728636064,-0.653172649528100169,-3.65016812788160605,-0.914283361674213091,-1.25940459471185751,0.862423145337943287,-0.446271927813531755,0.755719282076914078,-0.0283724327889917291,-1.7721968798206722,-2.3859905551111118,1.00461775039146728
-0.315317515200565057,1.05665081823198781,-1.34376749567663611,-0.525128080515555151,0.291582192922222982,-0.628486786889042692,-0.638932001925363702,-0.547896172795912961,0.792442019051840751,1.12789086659698712,3.11147819680614646,1.77260116195647854,-0.808144530129082383,-1.28171668917088355,2.52758271944925195,1.35662618500625998,-2.04480946622893134,0.903290933410848651,0.411430432952813951,1.61878501221812288
0.118429960009715521,-5.2943680757982623,1.11334441363959202,-2.31784460366688361,1.6389746073350735,1.40318146046563363,0.466827567133596133,0.618977520847171725,0.242684290949094827,-2.43489271052052558,0.802578998001209354,0.462391423212037911,1.04372263146196831,-0.386501047475787451,0.349106729373352409,4.57141044684290954,5.02262709762025583,-3.74389958925898192,0.1411522682880198,-1.19509407205187412
1.02607806505680643,-0.406037079688911451,-0.83164138679124211,0.157733036321919068,-2.2242954827824617,0.460480230305809812,1.19409310691843351,-0.799137801544660853,-0.0367241393680269937,-0.805481560708492417,-1.43816837968175859,-1.19898280215623498,0.756955886593973393,-0.735114337681767815,-0.0135998877390851522,-1.68377586029671011,0.194772630889010978,2.12156767378776268,0.0705664599889216787,2.13422901160376455
-0.187379723065194903,1.54476523421659473,0.977492534523541567,0.441726855174189748,-3.85415709261113681,1.61029640921869555,-0.798028168709070451,0.931994984539886828,0.41710914487148526,0.689474839155225228,-1.18968085131816204,2.13193143538128282,0.803451126544901473,0.950237945847403176,-0.282745459964403589,1.96940234961001948,-4.35832730764120679,-1.34052232229674972,-4.47175987013853327,-0.530253521298554853
1.00576011997567205,-2.88275780464182052,0.42511089994572554,0.52509179685015106,-4.02364073643764009,-0.733073764588144994,0.939934651914220098,-0.72205030045165064,1.06373330763819096,-0.196129453856743047,-1.32268167028052219,-1.30115276320302042,-1.39817707936401181,0.913537363869659447,-1.2532405767711321,-1.91451967702168924,-1.62500146069980178,-8.21365774816811189,-0.0580443294154068118,2.10910057956095942
-0.119390668005861567,-2.24437995313525995,0.7388412494141402,-3.61663529763473424,0.58309859837197342,0.119773639859905148,-1.67886755288800482,1.24484890638685863,-0.487292282734713589,-0.676482813766252855,1.22812611515286241,-0.760666763275828162,-1.25592052974255974,0.27167049411583083,-1.26234892953995859,-0.720965935330961205,0.62082651914520115,1.30745045797809634,2.29224628499381389,-0.29159585864907267
-1.18611445331564891,-3.08464671936919332,-1.58838882308366824,2.04432890629078345,-0.741695832922672493,1.26644920820040485,-1.31323133004450088,-0.594304900550048254,-2.27046209297844204,-1.07153670674915147,0.291021012358499087,0.834045338661082214,1.72986556504537226,0.904519518988442295,-0.707425877605168618,-2.19014865789855362,-3.62457509805944644,2.19200476231558694,2.29625486981925375,0.205272374801869467
0.208944688587271138,2.55818081952775955,0.780473579085499525,-1.71075532930643393,3.39594310892945206,0.302180308255938335,-0.751711692188175462,-0.0610879589647843613,-0.0970550968644340595,1.407026497035613,-2.47071900317933357,-0.683193777037129468,0.852614813391490256,-1.57162675089279524,1.86705889208885201,1.63553043443742685,-0.892167335348575397,-1.81419480280339296,3.60129898896178879,-0.162443816235917249
0.358718941780791778,-3.75842627838457233,1.02859502558913229,-2.25182205210436415,0.418187888017557408,0.990428758665517606,-0.31216548350789286,3.55629556123191692,-1.57585026451800103,-1.51918209938465965,-0.0984958227124240054,0.568036462898662275,0.144075764096190911,-1.3549444281123646,-0.118619289765130323,0.982299283982349225,-1.75999425318141789,-3.70392838411034031,-2.10341739012825846,-1.32270092078178858
-0.808411994521229471,-2.18765880090024956,1.33050645762452402,-3.37702369651286682,1.52657484649442976,-0.300139930684645728,-0.259769932420168825,-0.426711964812333588,1.77487173043534474,-0.272857053755589107,0.229695871073834573,3.75732097214410965,-0.53139993392984175,-0.638602208162054485,3.43482999331172856,-0.219014673306548141,-1.26031533289367204,-0.783871804221310309,4.81753154307584719,-1.9985549320043936
0.582368906133795994,-1.04489868263425412,-0.242123227310928613,-0.174858951542929103,1.17443742389039585,1.02347290923398737,-1.22615482306828816,-1.15128054900067678,-0.83289821503850725,-0.616506399955839779,1.15741133377967942,-2.20302137462571501,0.0105364505331463701,1.1341565298627494,1.45445188640526291,-0.187318980830857684,0.143340340014377621,-0.0647137078608194943,2.01852795439790489,-2.27265174812010962
0.313940917069466641,1.53532166182252428,0.624087016392187111,-0.358460691535689935,1.23054914629131806,1.84932545897381995,0.64997340377880819,0.758960459205159088,-0.0574093087844419411,3.89360891408986154,0.481544234419420791,-2.06971089159007837,-0.0322215214406751035,0.901477871666970687,0.231587140651434958,1.20861326159075788,-0.773686686425164138,-1.51502331807744062,-0.212749491248241246,0.302179344254273563
2.03566537315726936,-1.85801355932684165,1.02383266800597061,1.81369817816893031,-0.371119709219046245,1.21065856147616158,1.48731892952761502,1.19183707017469165,-0.475406564310759283,-0.368795393103992786,-1.44676355987936489,-0.657163783134738555,-1.83904102053372265,3.35038947130535281,0.945830579322457066,0.0964446820781830749,3.38837264885622158,-0.985594804004761738,0.460736562963193708,-1.95599038843371975
0.839277400949120844,-1.34266504998415659,-0.321530524335340295,-1.92597737024962479,0.0407243974986862406,-3.12295462636496168,0.0361324008895746382,-0.912231418802347815,-0.41496249772734034,0.479941362956850082,-2.95531355690407471,-2.26340554562939822,1.1758657809314188,-1.15429564963043152,0.343913852609685433,-0.184169604830216105,2.53256704583429126,-0.962476334315716664,2.05475813914710459,-1.24320658368675852
-0.682826089682658788,0.917462974650736673,-2.29292622930911483,-1.26566789726017892,-0.524544988389021305,-2.73015547948886006,-0.298719543506467899,-2.36405946686783741,-0.488785433794733382,1.03399193403816603,0.29195821741837652,-0.637221817569479043,0.530679350131383343,-2.17848331724951771,0.875787302620055108,1.12589800792860206,-2.64201641288943367,2.13486096537823089,2.11636057092356422,1.95950292429598316
-1.22022762044025423,-0.279573667034490547,-0.755343367220837614,5.56288665614243616,-1.16429407069277091,0.317621278268717611,1.73635485407361156,-2.99094751776583223,-0.975437300813588815,-2.55289835908734908,-1.1260753502697356,0.108848528828580413,0.874807328988229993,-1.51344200355174197,-0.29237669158538826,-0.430748240622082834,-1.63324784848889792,-2.50657894445278773,-1.06231437065092238,1.26948386951121939
1.461713499263952,2.73357060131999274,0.486314987520204633,1.40014683013387686,1.64860744299553952,0.64244010900632742,2.23557500657694108,-0.0390352260295680695,-0.872471733416119277,1.97288812825054327,1.74594868654099211,-1.61750977041448585,1.32188448053483265,1.95369319265359431,-0.650074964654887899,0.501313677039872063,5.23348554870104721,-2.4704762056228784,-1.52377505285256976,1.3192840213471293
-0.784051022918270557,-2.07073637120161225,-1.20481233892027872,0.239589195551193151,1.23065252615591936,0.620062581116841982,-0.898110592144741093,1.13430243751186666,0.511018780158171482,-0.765797663688922325,0.513770805306617562,1.14557989180100384,0.00498057228348384225,-2.19509163412687069,-0.588999940203127847,0.697208524010085928,-0.19479565349558034,1.74863817136015975,2.90270036519473429,-0.354227405403434115
-0.3267088788453269,-0.0908748314654727191,-0.410473030850150078,-0.271807200031977836,1.21181101825074866,-0.751091191635922972,0.706955279771619982,-0.941876986794753956,1.17702034203137185,0.771704363427653806,1.31544163623621446,0.399198637672180834,1.29274949924318983,0.989853569843487824,0.0790295774620422414,0.486278741841798035,-2.57922642325383711,-0.689125125145402251,-4.0855014359063917,-0.0974791678406418949
0.209899869138923001,-1.86022700914049821,-0.42100401401935883,0.163278249214547061,-0.13906059858006467,-0.947282654548774805,-1.93963471353844952,-1.48694057213686581,0.0934283839063731747,0.358765922767785683,3.12230126411723807,1.06143612705819135,-0.561020526530684571,-1.84857303426576891,-0.390032253325634737,0.708809315001957208,1.23460804384713096,1.37604338363104683,0.732093284451963644,-1.90971198535440934
0.211827477516926987,2.36326910059736939,0.366510620388978858,-0.0751667681307451596,2.0227675404197103,-0.122105943925517504,-1.15377421453275519,1.66039264577284529,0.0499349203954444626,2.86551732606753085,2.39560726552164027,1.6836535069851819,-0.721617028628090962,0.0549180492963223521,0.609804132482589245,-0.296441428332071655,2.2526355894549388,0.263734884575315465,1.64184657501453857,-0.346021606530975356
-0.219585322460037896,-1.66977212839975286,-0.564980473436472508,-0.391739144128230687,-1.4325468414763014,-1.66308455269667288,0.419964953132784313,-0.235066006938830674,0.0499432632618237032,0.106006675379413731,1.00005504069510875,-1.18304216150273178,0.424081514999205489,0.737188453785300957,-0.543705138075301631,0.762501555547921428,1.31496354884185451,-5.81765932753004034,-1.56540249195874326,-0.454636421096136112
0.357134741559963054,2.0836755206346691,-0.745187872229127635,-0.772737477651738502,4.43880830324682751,-3.4693553904918133,1.66971610449960917,-1.20203811136045702,0.235519843486877822,0.437780284853077628,1.76127553852485708,-0.890719485313555603,0.418728856037405672,-0.541277259230238172,-1.75603422009481402,0.829658462591485679,1.3134242366631963,-2.11746745902110778,1.81471281622026215,-1.69176414239641937
1.4086861941069162,-1.59267069873934042,-1.45581530656847558,-0.096203550993281331,-0.936895893976907645,1.09935696170080721,0.843121571397431269,-1.9518766836596515,-0.859890511939067403,-1.62320091320286997,-1.36450866362228851,-1.27212951140660202,-0.00909881052687121737,1.72786830346520248,-1.76671664796181349,1.97149762666327089,-0.475622692125672097,-2.71649364525478365,-1.67308313105812045,0.5478943842102727
-0.56675377940876559,-2.50956162097725421,0.442938763296676863,-0.38014966580923798,2.67988620977429415,0.532392898109476542,0.875621255189814374,-0.898786662119841817,0.620419705317825199,-4.49450504594752154,1.36517335584078614,-0.487893796484186959,1.09490324829863583,-1.99413702249593272,-3.41440934169327459,2.79856245725416386,3.61355805028615551,-2.53683667603837648,1.63227955222004906,-0.573527331498271287
-0.0587254960070007145,-3.07943963058069237,2.89184631815648796,0.486360278126309109,1.05455486599625892,2.47818883690952996,0.374460769283622819,2.10318573457772562,-1.84242164262800201,-0.720937722097759415,-1.29774187293726495,2.43030673812368914,-0.230919960131574231,-0.985141469668959213,0.143699745345612445,0.30380796333475546,2.31821211095648616,-3.00119647460310812,-1.17953465864433404,-0.714012060544024441
0.0388247213992323481,-0.937658680043385817,0.288226670831817799,0.0405810718066163534,1.8425620643162921,0.45169517466157888,-1.9796931814523786,-1.9292678486804189,0.225365400085582396,0.4446077838157238,0.390688986101315028,-0.583378177816772148,-0.0750131715881718758,1.90019984043363621,-0.673432268594698513,-0.767243544755117912,2.35593185726328347,1.32581887475943283,-2.35640287297814943,-0.759015809873481939
0.235765419636561085,-1.73022390585251906,0.957448234929716979,0.950522794387783199,1.74098730748209318,-2.26406133535049747,0.717535975860172481,-1.71876434432120839,-0.153357425875965542,-2.54659424324852601,-1.18503443526356644,2.11145102189208966,-1.9924242098153333,-0.0497556996401922538,-0.161504136351398986,-3.07363625823352171,-1.59088402078106395,-0.473794124243924253,4.06248554368653014,-0.186466538779467755
1.31781397970788205,0.168682679240944017,1.53536115626232106,-2.04013893730975449,-0.725077000586379472,-0.572591534325880391,0.0771622813732503188,2.37855819982731553,-0.546536336422381308,-0.686095745398550338,-0.967075239438755174,-2.35361013028330257,-0.032543617845965371,0.532544695540557389,-1.39329961215899178,-4.02528131710767667,0.580179663826073111,0.899428287183854036,-1.60971593123106294,0.247739852415354567
-0.784619311272869657,-2.2294188026900037,-1.61302740859235549,-0.0445564369541180394,0.629071292686497086,-0.174303717306476147,0.292176103637351914,1.4457202012742485,0.478145252918464936,-1.9296963232822868,0.21570517436734693,1.22917761326348929,0.470054088365748801,-1.48178306229187706,1.71011756691847827,-0.209072668635006342,-3.26318526021475064,1.80455980245944425,5.11820433668849084,3.25088844959259227
1.29380635092979879,0.205118343649973806,-2.49777614019329297,-1.41896109489498223,4.63585208038439855,-1.08162948312256613,1.24387810109111774,-4.8497708666314141,0.447181603162676578,1.8143936136285459,0.690336457636790302,-0.530834828721340135,-0.157367270170146012,0.178108162404493009,-1.45511479613758632,2.38836624361302086,-2.16445119026723498,-1.56046075410516427,-0.417642825903749737,-0.190182248007822435
1.41895922876034164,-0.625391358444824186,-3.01666816735718823,-0.379921521365864823,0.194367784078447625,-2.25125053117228102,0.378511997974231296,-3.99259830275636496,1.92245616585908996,-1.02217385100783886,0.27402357835644664,3.29384615366009736,-0.972072223950798842,0.544500638896628031,-0.319674509065556334,2.37897056052104272,1.26860565750480569,-3.71871401828028292,-1.17428388753160018,0.62354125848419939
-0.143581603151183318,1.40390410311422476,-0.597344587215719147,1.52321896819202141,-0.0816942738083420716,-0.289074726979865582,-0.50170302269985545,-0.870005603764434476,0.806265497471431614,1.19480573233545617,2.34196628529638362,0.25064610773276863,-2.33395434977961003,-0.572164398051303813,1.21649201835686216,-3.49605776389305989,-1.28778643330789744,-0.307553916014709772,-0.640034269717911775,1.97719260454556323
-0.845109145114167348,1.80983543308274686,0.0163408986139891715,-0.408967444030868432,1.53774825903505197,0.100426598465483949,-0.0237403443474667082,1.15629290375700777,1.14949110150625211,1.77170540122717046,0.985921326413602195,2.06149059172357063,-0.144866396604211689,-0.358987121144679566,0.148047059668776959,-1.86020607228308932,-1.98639606287723058,2.9061932899191607,0.156583484023652297,2.06472249306756561
0.4917115456008323,-0.930981910457461703,-0.400902363277470253,0.774687060301907593,-0.31196284211102554,-3.47951401405338334,1.62660934978619265,-0.0675537917108449959,1.49727951776482726,-1.08108560532009501,-1.21416438474515487,2.41004163035294638,-0.119933468078841324,0.173167443388995701,1.03048246330519566,0.968690860981388235,2.9942337867731057,-2.42741092224418775,1.61291265981869536,-0.297597208418864223
-0.328111499611450974,-1.59175142283368709,-0.95871348144383628,-3.0873325919939214,3.35010422344672554,1.06633699314731989,-0.13296920100522186,-1.72229001941001347,1.46378491162603597,-0.0283139440525711009,1.05340886032148129,0.570525235705208078,1.36299783032294886,0.405518412714776955,1.19163196017958573,3.92211447141091218,-2.68231851465925075,-1.92145209512567039,2.21590592647765883,0.442769450894740013
-1.38907734086088963,-2.78058627473105524,-0.318337621015339189,-1.36173280498198301,1.30495022179947195,-0.174299249064803652,0.0711497433350200964,0.641246636610512954,0.987638773228465827,-0.633869684428255198,0.962801948703320032,-1.8776901028687627,-1.51004633478241934,-0.248204871781732034,2.11982480454781497,-1.23820602743445418,3.11171806721857758,-2.10722995207906916,0.459216596469149696,0.784748670834990669
-1.41881966821762306,0.68124078382697717,-0.246449295310665284,1.30245900526764058,0.695133405326459064,0.472020586419680088,-1.35478961722042412,0.0327952194985022122,-0.807452325672108784,1.43789725641522792,1.48691527129062639,0.623705340545202214,0.493680509398623735,-1.88798238868095103,2.10670494708729494,3.43337810169193647,0.723829728205666378,5.13951166068998067,1.90132293995916979,0.801006970930115303
0.354487564494301743,-0.325828429090298133,-0.975880958097224305,0.126841624950059267,-0.528387453651190775,0.185952930798751109,-0.613424368868253467,-1.23563714780603195,-0.339746787425481089,0.127614193821255606,-1.26556560216063141,-2.35695600177045073,-0.779272812357552858,0.397332121419062934,-2.31382090666484075,-1.19083597893825166,1.28089975062135331,5.82193060731543088,-1.0267921361208725,0.219266476825052847
-0.521433540888261771,-0.833201295949322573,-1.87889224472772831,0.890810136557800725,-0.380885667097737857,-2.0309403029201869,1.06416551750225752,-2.98765399710304891,1.10067042584869368,-0.586203478384307974,1.83316531029599084,1.29529555566568466,-0.268611554515211071,-1.83956277558721548,-0.191187851706748652,-4.44657954438273872,-0.130793493090969964,-1.35766583015850895,-1.17258734147847199,1.11924563754586903
1.18738580854055265,4.27163452011417544,1.05509847582882421,0.699965138335940984,3.25147092518867042,-2.13646142357912527,0.209266801402028441,0.365634674017110139,-0.613895324217264338,3.30906465488425106,-1.7796999541936922,2.20124702438077335,-0.504768893392688045,0.536908960678514124,1.36579222502327258,-1.02768538104634177,-3.20485573862542816,-0.199638750702850254,-1.43846585055548881,-3.45569002570781425
2.02192234356507239,-1.27673260058845295,1.25254884204489536,-0.48405070758937313,2.26523688873313134,0.783756581073002168,1.85003981822177366,1.4744862082440604,0.287054054516579837,0.634736306473166367,1.84682881275671074,-1.49068780570676696,-0.848279816866150727,1.7655574762305708,-0.636617781813264783,1.76893412569373187,2.71060876183041177,-3.48282318624540466,3.43355121084568937,-1.28474960309013531
-1.13021086429327378,-1.68977828064620672,-0.377864116427567287,-1.97030973748529137,-0.838406063648276745,2.19585903087643608,-0.655840455004608192,0.67643896103171719,-0.042732308369864018,-3.24069168510144223,-0.269211400787714827,-0.828114634237280156,0.208369724225080016,-0.838087102014031027,2.9938457546907693,-1.08666235885608264,-3.96905998748626621,1.76528830518918212,-0.95044226113157626,0.599545722827595551
0.603116804810688523,-2.54017450799733613,-0.958646695959180506,1.10964007142763976,1.23095161193603864,0.100531302598667188,-1.53349501195490667,-1.76552187275702654,0.334837048469962206,-0.082077777886261083,-0.546634357982057284,3.11294871111532379,-0.690149020383968526,1.17354515335442167,-0.80416361978555706,-2.87635422374980676,0.110174038834461099,-0.125174979624825489,-4.0026023985482615,1.01985296526630043
-0.535228647032912286,3.31008764726935434,-0.734368470015576147,-0.861280845538914486,3.71168237597927941,-2.42177156757200374,1.7313012851243017,-1.50535737794279068,-0.104585754663553757,2.22462119784808232,-2.75934046660579746,-2.31764877933820035,1.54100947194187787,-1.71879658599632812,-0.236219871914036011,2.69458999330074223,-1.11029345635219023,0.656900658706439655,2.39645796957048463,1.04511948240624331
1.60186626436904112,-2.18247135967605566,-3.43392476917244815,0.250650785647557106,-0.108245402863680631,-0.185401026932387275,1.7340517813108316,-1.50001318655667992,-1.29962948683802271,-2.50458652582030394,-1.06412809651701767,-2.38769995840076188,-0.104432277485920044,-0.778639432929292719,0.227796499511967204,-1.45316297747825129,0.442349615699900833,-4.57966290808013454,-0.0595371477838900418,1.38435973057963801
-1.05183960358999706,-0.206079424915742299,-0.925151599777338518,-0.219859056868492581,2.06209133640852782,0.445233805216083522,-2.43459409152592743,-2.13729888627536946,-1.59496037162223647,-3.27400492121485254,0.935210362423057107,1.35154424277623875,0.739253816121248963,0.920666948830078158,-0.479296255872705634,-2.1137683567367973,0.0546362962598316779,4.06434625983903075,4.60521824002062452,-0.049061232610566656
0.465996292102698495,0.761126522201264977,1.65624543788184808,-0.245380463740138333,-0.87365526333414556,0.969168762167680331,0.0314709416038553499,0.972083549834076632,-0.475996044341345181,0.309714423759454127,-0.40144314694808686,3.77078406691831125,-1.43960262709293363,-0.185024145363321069,-0.845703246549132204,2.12191549743255958,1.29232145504659557,0.464388835329830107,-2.72540158761178475,-1.82631208213253582
0.625189205615543586,1.91017864471418508,2.96033774717850484,0.613036022140765691,1.83655199323598328,0.575681727262060128,-1.2601185178499108,4.48151708557155271,1.64096778693915901,1.01800848355221185,-0.391129720225223576,2.99045449783250428,0.295284728447494538,-0.225796275976808763,2.50311197552417264,-0.117533834591395325,0.9388712036290362,0.446451392879592568,0.687923511711582614,-1.22229546039038017
0.215737267430723245,0.53549317924234352,0.81304171244120893,0.168180062545551817,-1.22359905038812222,-2.0966679088639415,0.466003118498688917,-0.449449652623639007,0.342585350847491199,4.13722833654594258,1.1152090516558737,4.09356111420370183,-1.46298850713854667,1.50584131033075508,-0.839452767878354322,-3.56898484661130722,-0.448395935041665306,1.25592915116821668,0.932564639172384857,0.111720953277606769
-0.591046228169996968,1.14327065696457608,0.243326342960971359,0.0570030162729223827,-0.846167056139145446,0.111642235731546066,-0.612287907482280014,0.99710368046897857,-1.49806289064431741,-0.18993862229562597,-0.966279821459477217,-0.733460530855164827,0.174290760469474421,-1.0879602317072079,-0.0694976371980269153,2.74045362659428848,-2.14683468364908681,6.31926719146466898,-4.6121918385031293,2.51531404658444968
1.56573396012465005,-0.837826273722220294,2.12765526492449508,0.876179111093621454,1.78333316738451475,-0.331956935917755103,0.0302108557057737988,2.68265409191704451,-0.360437613779634958,1.51867575318259762,-0.772511376624573476,-0.396565797823553057,0.403000861247500231,0.637808166783007335,-1.24810105106343827,-2.35136542638885926,3.49803210781477514,-0.907785133114644149,-2.57588832949030033,-0.096323842914079208
1.41613236795418085,-0.147985850739413921,-0.588620753615504033,-0.0917408779650926987,-0.925317774054462472,0.235555116548035182,0.472290094280065076,1.25154509558946092,-0.223415463193616104,1.24956582438779407,-1.04121897774429439,0.305381766879759431,0.444637639010946717,0.747606888850782303,-1.39501072091783329,1.84138133351512168,-0.463166428738955638,-1.07594868593251136,-1.88932324448845956,2.91856733154580938
-0.74583601196223448,0.106315709488633406,1.5717930744888311,0.356454681403577167,1.35067651890793439,1.73999426497878495,-1.04276962767195736,2.07992653524340954,-1.52979867153097437,0.646400748702546712,0.209765838192413817,3.70774133168537823,0.799304695656092967,-1.30807238687843252,0.905818759138251273,2.16551395071030495,-1.97025260217226728,0.988989036989118553,1.93671854394938836,0.637898752894006327
-1.0495919557231852,-1.18226641551011791,0.558050190705716709,-0.791224212841410091,2.43807751081101731,-0.719077758251935983,-0.699049253998372255,-1.411466160156851,-0.375183688542116311,-1.77597860428568577,-0.913593958340507162,-1.50098952447368972,1.16344640135137567,-2.34512799598677901,2.27713655031103457,3.43694702812597663,2.30146231141843494,0.744432538268350097,0.644662804765055664,0.260252777010422209
-0.869259801572567548,1.17018725397573631,-0.930545740017527989,-1.60778460721494576,2.51814545798760792,-0.364741880099566151,0.259017631405363824,-2.54664155311899298,-0.148819080101131318,-0.805130267865151295,2.26953378236940706,0.914489154127377635,-1.31113010748188774,0.0409264517687914151,0.645149029342574343,0.283701167267325527,-2.63641731114121702,0.633701335884322869,2.21332478658152487,1.96317439475679278
0.848712801651416271,1.09268300086510362,-1.16448683359547767,-0.520375513226184583,0.698634143900094484,-0.127916943710399189,0.261763113977341644,-0.75674180611540498,-2.38907674422036287,1.2370089874880883,-1.79106491009998625,0.283094111302660545,-0.972348980849084499,-1.05068291435208572,0.747514736066292707,1.5196914532925736,-2.55862134700165855,-2.73908935456581704,-1.09753322807509912,0.53053531650308372
0.409970711084661932,1.06529797189261566,-1.45494437034041235,-1.28615565915175289,3.72724257980598539,-0.00540657220820329933,0.966607553168503664,-0.582998306394878152,-0.852993082543037739,-0.0902870997081977877,0.753255474879265252,-0.419235707682704795,-1.00018999412548526,0.555375996602008759,-1.78369451913505705,-0.196304020553014935,-3.65990199050008735,-1.60431333891635175,3.49843101533548184,0.0236468986893780785
-1.70972601557652504,0.689588475671297663,-1.63590856588280587,-0.029128137688836573,-1.10265830607514292,0.907888088219840017,-1.9134306245491024,0.00434387929191623959,-0.255148973665762335,-0.81871663238278769,0.0142663820748356214,-3.06505962346725358,0.0459619992018673387,0.0865084474366474704,0.26078980789618772,-0.0325592991441101265,-1.23011111101064174,1.28440017821223051,-1.54512363073018899,0.416500635281769893
-0.391292270273783271,2.30893418865546796,-0.248746611491468539,0.324479539675907869,0.836958959614841569,1.12889663132315476,0.0657670530615886567,-0.577114510203306064,-0.350464385215674745,2.50758857620490483,3.89552507514822111,3.97286780838049403,0.138806226129100041,0.831818813011596436,-0.901258182034221922,2.59387295358341685,-0.771961489609552909,2.99679499559692086,1.50024204033483821,-2.39779647221291903
-0.555747156071398241,0.858095070239983659,0.966713188680875746,2.56180682091800715,-2.37210692909997656,0.720764316939019767,-0.693178162122590535,-0.265448601171613285,-1.35933901582434924,0.292972947349487089,-0.700227488432530576,-2.02313924576178827,-0.00526733684430834379,-1.06214085116799239,-0.265597025656208907,-1.88895275561445586,-2.25466916170207066,0.375786358024202904,1.77381843882559331,-1.11926800647233038
1.37064897201622338,0.870841732862855267,-2.04316956723523102,0.429924775422382111,-0.664243306873843586,-1.66196071991705474,1.1109512506219914,0.0931409506212664134,0.403490118663274555,-2.1753845017626614,0.610875807963755624,1.79522511399021822,0.565497496230842778,1.31275943911713466,-2.01034691044056224,1.61141196807367137,-2.81672220526683414,1.05188186366389913,-2.39836191435214596,0.365612716577796149
0.241672769378223684,-1.0403325062936597,0.861588448036054388,0.717012428100903376,1.91347112414195486,1.2500982905880893,-0.811975100546784456,-1.68561962456709002,0.491392443424855385,1.12928801811811419,0.976369587664238314,-3.1584454236747721,-1.72256813296129563,-0.71780340811850829,-1.12750820514135963,0.513863404490172426,1.44157700266748368,1.77906095828967037,0.0647384831199230015,-2.39920029717742667
-0.333024176990100007,-2.78734174124336365,0.114908720077691789,-1.84173485166050055,2.71066226136658495,-2.35402800704780857,-0.409188440996003544,-2.15147896100454261,0.022378316580753857,0.892699368414467176,-0.111723844361078933,0.305440632944215695,-0.280058449423330191,-0.768933763750926702,1.9885363794773927,0.684574462895938707,-0.914644593969974773,1.76559383598405506,1.48151513858074879,-0.750532849296913773
0.0951117527000272661,2.22554317679666935,-0.699670069661150529,1.05765723448584659,1.46966884400106057,0.952006405605280381,0.227182171099349989,0.343520199991000807,0.658941070062459833,-1.35995285834532598,1.21160663559242843,3.62017156431280052,-1.08765803497794544,-0.552619666268255871,0.497638500502226744,-4.61477986441521004,-1.58829719105787004,-1.01405573771809876,-2.23325193640211062,1.13767214610002054
0.448849567575133834,5.2519513603668031,0.236300301546887886,-0.40138466201235673,-0.318102159580358423,1.23695490237574668,0.525427963648219087,-0.963143584974396116,-1.01184827763529017,3.38700967802530295,-0.715267939019233689,1.23513441223253362,1.89421133395116614,-0.261986646980062687,-1.86992382814581592,-1.2488087060171793,-1.25739560794703609,-0.0734188894683475562,0.361462636199624265,-0.602607528850378604
1.54640947608542656,-2.96994294220520194,-1.47722138497667665,-3.41878338601007048,0.845457345875832211,0.228988386516358361,0.377300504629273115,0.319450555911212908,0.229153147131528262,-3.76717779970742628,1.52077046496174839,0.2410314741630738,0.705149446778727484,2.21826625780259468,0.30959033959410226,2.98645423624983986,-4.38794754564312495,1.54813151253328729,1.36950775569262873,-1.40600639357314128
-0.804914840813891308,0.0443528778761713566,-0.983528095082525811,-0.443520244810758357,-3.40504245696037566,0.395770340120182862,-0.761291105289262915,-1.31359214900858667,-0.914747887359226186,0.0512048129133177918,-1.85056937451665227,-3.79386958465538138,0.52811267342060797,-0.114407473736795884,0.685375485690642661,1.50340475827458464,-1.67801630769171606,3.04212011710303054,0.8087619170072603,-0.823004960452159207
-0.241811883415240625,-0.164658427645045874,-0.902992464925387428,-0.433756188301209933,-2.55924822986793821,-0.470202919691821097,0.653760514087056599,-2.34672760597766628,-0.251765240992221528,1.23418719825335277,1.55784478729879905,-1.28312896466269732,0.356047479655602128,-0.192496860664490566,-1.12901298959836938,0.550337201173667578,2.01094107762013552,1.84928455507453715,-0.567285163187105201,2.19005770691651636
2.14771571102733372,0.382508696211575516,-2.98564286484676655,-2.23254639366135921,-1.29419060398053554,-0.673814731865665539,2.34476241335487368,-2.60408900419271383,0.395324552998524148,-1.09568516687249118,-3.82780068405250162,-2.79516300968741183,-0.217718972737709876,3.14083391935180334,-1.38060194464805353,-3.52673255420622445,1.44417881655236879,-4.12492394859842193,1.18179879911025498,-0.426990564909957959
0.694275545359924529,3.76219112933729782,0.356081751578447347,-0.676753062835430685,-0.81573290964123768,1.17533494656213389,1.02616471154205735,-1.64135677468932206,-0.478303153360496836,1.75234689555570289,-3.29874022090391872,-2.98040001326485759,0.883757327906902423,-0.724868894871569358,0.126530843948289479,2.37293840767137443,1.23759247359315894,-3.78874009078562368,1.21925179697755581,-1.64685973230784199
1.07086221720684649,0.0285033447824652973,0.406888253033002356,-0.485954160511305522,2.1014401615863969,0.155287470613460793,0.247780510559476003,0.167882724404023576,1.13466448554291377,-0.888398064569778989,-0.0547505126242556414,-1.55087414684101987,-1.14406791537162977,0.961040671433263327,-0.733225929276660193,-0.194680456614705039,0.123299529058118806,-0.0230754019996008974,-1.19786570220944077,-0.538697065005011577
-1.14983097172883997,2.43100752699636269,2.1962775441381952,0.521620782691231355,-0.859471411395566709,-0.231985141956829594,-0.894948848505233929,2.26082138428586354,0.159238688668081496,1.15252522675491398,-1.19491300377555598,-0.79732367939408999,0.124325777690634132,-0.0596570386293939978,-2.05029640654405521,-0.301770230920303972,1.13087532057142925,2.42322596350532171,0.0754927313390408861,-0.120951634586666606
-0.130019613908418458,3.97041995411521498,-1.72923674907192648,1.18851812561718351,-0.481497869168784842,-1.90763106221861811,0.883998795596821707,-1.44255484799632661,-0.08345052977620393,2.58518410925349418,2.22631973732360278,-0.93274671004158427,-0.251299795183951236,-0.139558335944843431,-0.611083473586047643,3.00303279702883907,-1.60527867106473909,-3.54738170897749505,4.1210397313852285,-0.483188223730149469
-0.204854133546180539,1.25979707851205114,1.15583140020560227,-0.640445031962062594,0.859849213242752541,0.359457260742967688,0.856833288970606843,-1.20198174704473315,0.522148654267300394,-0.734905049801395927,-1.5927279695084342,-2.40204719849695891,0.370484122841262919,1.48748772099848336,-2.29345316013207734,-0.769535635699426179,2.10149835657330142,1.58743672608875186,-3.25454999421281066,-0.282058129014548076
-1.4302816229400388,-2.69829159275273112,1.3163779730348617,2.71277820551497628,2.45202580964705108,-3.25993237387815515,0.197515598997494518,2.3488860590132874,0.00844552710777980546,-0.940988019758344452,-0.299197183997368443,-0.531246656894222236,0.534238067255564997,-1.81124556127799163,0.789916303840499157,0.982159160944943932,2.20165010033179387,-2.42628883651594229,0.09129592576664744,0.927864078973123507
0.373574429988454471,3.44423550644439169,0.250963656544271163,-0.345691257055429357,3.65128337517309109,1.20180930944215447,-0.551219342224619879,-0.23548461092898737,0.863009235933593577,0.693994837755281591,-0.972225386559531723,3.38522598447465128,-0.913840836691854674,0.46382142685556571,-2.7988598107791276,-2.35314482503169042,3.22714580814108354,-2.74003481399698812,-0.560449713980718411,-1.96714218616572079
0.924836781944253339,-0.902264687524456988,-1.50739989145971376,-0.213443917733493499,-2.51884666469172869,1.91448305588019241,1.18996792293654496,-0.980060803082849819,3.0321033447285175,2.6210904179857728,1.38840800383561835,0.515690765733101242,1.54426249053176257,1.64273540347598934,0.858085261915013442,0.745073744124642778,-1.30216948489439721,-2.28506851301660463,-0.25785563397362915,-1.68659792980918533
1.43482079499066928,2.85766880431221715,1.60650717310673907,-1.46727040403192022,4.86726979666657034,2.11349633101379863,0.290583563191645411,-0.284902663108420606,1.35614060784343549,2.95963801486275413,2.82891423673988029,-0.879688415775850774,0.488581808890751368,1.02372055826953523,-1.61153560613699587,0.0970932666384294873,2.74107220403406204,-5.67772152572959854,-1.65316273723422791,-3.25323319236124009
-0.512276222467147324,1.67788226367890192,-0.411534844761819896,0.58759478538027432,3.18690182662437405,-0.16274914852223582,-1.41630670267402814,-0.593656576519366652,-0.582999152181988167,-0.0423060324791452724,-0.261086269414419869,-2.42094072586364861,-0.958382275124733729,-1.04117586906054327,1.60637924108310393,-0.109564371455307952,-1.41116390603343622,2.148184917019484,0.47102023745326671,0.552343844099717818
-0.723782427533427475,-0.33136894733009159,-2.01661936535255526,0.336834153715068418,1.45091947805711352,0.645181178590832571,-1.48055850506261999,-2.13646469546045914,1.39568616226192921,-0.342662748848794274,0.054414086289328166,3.94148911493091347,0.448950271952131608,0.612654873887048756,-0.745029940441125915,1.29254357455361868,-3.92191499672926991,2.17963524977422951,-1.34511274649349466,0.787638314233817471
0.342286371271263268,-0.684752204855501256,0.776797956380033683,-2.99900451100338161,-1.27620404761596595,1.78940713362406978,-0.0407085384088194044,0.730697725155898925,-0.183702830283679536,0.116814307702206771,1.31141056166894909,3.53752346220436209,0.497551342324168921,-0.47989770040362556,-0.0661685715509919281,0.51148045832220812,0.552028121840474006,0.0997156578854169195,3.06727788324900619,0.974408640498258705
0.864167714077373583,1.10858154816574661,1.48168651685790698,0.136420366148968769,0.0305198317063509368,-1.69277150828424938,2.03758949597802141,1.09087105551221053,0.104074581099928037,2.02426059527398561,-0.262493692190350625,-2.29370958232665378,0.18057290973715498,0.00689672326039933968,-3.9247937883262578,2.56105545336540352,4.25368785718496234,-2.91581828567443235,-5.00846208951582739,-0.499189105385027143
0.387638407758037151,-1.12997129723964895,0.566390113719988153,0.572699400834290939,0.859770236758783946,2.74932885590631004,1.14379683383477704,0.10679925978506935,-0.917738692052296745,-0.176315755525263906,-3.85933924199676293,-1.14081965036998589,-1.11297957441504503,0.127597701553600951,0.832453028635572467,-1.83582803015140361,3.11830639628668971,-0.789797812400637067,2.61760744233768294,-0.451685968496987778
-0.648560847781341931,2.63447528838453637,-1.54039164367240189,-0.813632709644661056,0.767021649606501765,-0.0215303086665852572,-0.615879464784115149,-0.438116880181901314,0.265216435977946419,2.57246061379784008,0.492839107358025552,-2.69539922421799094,-0.974419324238243623,-1.01670245043572849,0.0304313730288415969,-0.894987852791127247,-3.05552057236993413,-0.6766235079401407,-0.341037588163986383,0.14780005202933702
0.925714904819811002,-2.16570133990609692,1.99660296269917681,-0.453737316409746738,2.03067757323842946,0.640186846143180444,0.620442898400485721,1.70147015876175289,-0.500463762763808884,0.278312401644872809,-3.45324204494414477,0.519783925721118534,-0.84993622900185839,1.85110912418250928,-2.03466277910182658,-2.37448040397876037,2.33121611748388435,0.722321461059658221,-0.859740919346077992,-0.0780478080264405127
1.41310853037938777,-0.531444783082729799,-0.637288601025676971,0.206300563043339963,0.928008181490013406,0.623321653838787459,-0.369405886941303052,-1.46295511185177785,0.689843077177161312,0.836405771172595291,-3.14279109186570649,-0.344458438310926152,-0.53907985966550942,0.85074041072629536,1.22094512111920328,0.160959148222083848,-3.68516575762184395,-0.88458355700357727,2.90463729569362616,-1.8014869845396364
-1.77194813152723607,-4.17636241641223016,-0.0342536306306751304,2.84249468373203307,4.40347857182211921,-0.602271998318722246,-0.58894085464213719,-0.807660755104715133,0.309363214721868118,-2.4577312770740769,-4.5091762358166223,2.79697657840166647,0.567289135334012595,0.59876629103557677,2.59903479903496493,-2.20797982439405915,0.949970196532021638,3.76737924069773022,4.03954091379517077,2.54289452083637801
-0.796305120169235159,-4.28469600684292562,0.1147218447378517,3.20780499235325589,-0.0698457002389908654,-0.447469479262427361,-1.55241512692209493,0.103629015153628407,0.206904970290675561,-1.94125582989253331,1.17455455778253248,0.348200568794120258,2.07710828055995034,0.239998639895241755,1.17283414248212869,-0.635757069461173163,0.0737172012228460849,3.39323485125753876,2.05100243712906405,-1.31469737547878851
0.749038977544177142,-0.978625689923975139,0.648260496884142001,-2.70126880883325882,0.726516966545685094,-1.31770610008069222,-0.275212141458991089,2.6485235508129934,0.321336831179061089,-0.595127530653940862,-0.505721210522006914,-0.99171303127119359,0.110511914411372897,0.426707689348011121,1.61738204453100076,1.9813108638616157,0.560349910255995898,1.33284747666041681,4.45010230186547151,0.183170883689987796
-0.191037918195487627,1.38196120456967253,0.121410128037574658,-0.0421944990477609652,-1.98357908035098851,1.25576922673240565,-1.7071638758025669,-1.01782155918818562,-0.218893533925189815,-1.49131642052828051,0.244914133804709055,-1.11751044902387231,-0.725739367904964627,1.47887228555933614,0.641304451356385363,1.64544174244027475,-0.948226049465096699,-1.12942616850334709,3.66696138907263647,-0.116762011137607077
0.179088838875250067,1.55012632597521871,-0.642491438099465406,-0.51523600828837679,-1.37265872556763058,1.36941074398609186,0.305962024262295518,1.78894488682992892,-1.69505152701074757,2.49385915799065305,-0.337819889606809087,2.97529487692203043,0.164901082904509388,0.299073735445300248,-2.1642361783958326,2.69644610094419424,0.306427773871253528,3.36374015247416347,-2.13817912495951967,-0.678002512661902257
-0.442431012706235249,-1.4070047947567772,1.42756598240454302,0.301049557312190186,0.0561280076868135094,0.187325975907132236,-0.752166678465283511,0.547526419913501039,-1.12349702180805044,-2.41605328998081559,1.19787639476799201,4.54455104699153356,0.373115314778637519,1.04808542471600696,0.348498082830904388,0.277136689072494502,0.731558308456921269,-1.45543365988742401,-4.13845359626343878,-0.303708420741454821
0.291767405861412976,-0.0471711869443842483,0.192626424680339553,-0.468831125326906684,-2.2414573902902637,1.21969602979475034,1.46978479876534407,0.824211031412348638,-0.454546018246000827,1.32318895535984282,-2.43416315784467718,-0.305912308612370121,-1.61698425965558812,2.24552939333716672,1.63144338473797568,-0.0687248198869076787,-0.756368745431236777,-0.868978604097083607,1.75890080539402116,-0.111400281055519232
0.51239341818913331,1.48483781045103247,-1.45257409169172269,-0.0856144064212469441,-2.09394379109585715,1.46870932809471966,1.20197644761380618,-1.43379335352765769,-0.564845620971146767,2.00359154986716126,-0.595489047484555889,-1.78821672800824905,-0.969568791877163494,0.408921023560558261,0.240793420986470191,3.57451776352289885,-2.93200309403660597,-2.79327064405861991,0.345805388532072377,-0.131219524756595152
1.12878005355427646,-1.68348545499226399,0.947855612428195049,-0.768556477726096698,1.65644245796031742,-1.49429994704548164,-0.914090211898305638,0.669389236793191067,0.637548864949138649,-1.69989796296686957,0.37005734821033498,0.0886217533556434151,0.283540395372523735,1.07342870632865628,-1.32956983093090653,-3.6882263539030351,1.35889932220782228,0.688407462197644926,0.938206967296929095,-0.982108643794988301
0.680455680664302398,-2.78590423609917437,2.58766782340735091,3.22091342242906675,2.31751073417922582,-2.22780840564660165,-0.00503233299512948623,1.12156475548894941,0.412108113750533078,0.423677415494044973,0.978525373805971266,-1.20514904660545352,0.236562182373112773,-0.386454318643700612,-0.465367236669625539,0.376623261079034877,-0.426517730414254725,-2.12720526853294745,-2.69390902248463737,0.972296514837759918
-1.25571036891049426,1.33813467560415433,0.490293021214901037,-0.552236964982390277,2.60480669049389135,0.872930618509825229,0.150055629733224144,0.324866914321982225,1.08695152540076823,5.34456118619012788,-0.934178452054694408,-0.162798119077715825,1.49509799287372824,-0.920186224931463959,1.77106601504397654,-0.583265361831223683,-0.0791238211522032747,4.62644036536594427,3.16699878468284979,2.21186815992989283
-0.144910139987515035,0.179530278748935401,-0.739288361256005166,-1.10333370176449086,-2.16102198205436791,0.608391942425825061,-0.0753050162876080093,0.0381734822177538791,-1.84571232477487146,-1.07230377584828407,1.4486740680296637,0.395765472752104608,0.504024803080015737,-0.41566939243289952,0.68759540603664604,2.23424738409336854,-2.35777206980164555,1.41059733449557556,-0.288333238415351578,-0.214217189247514012
0.794800860050200564,2.74704360443458029,-1.58835552550455072,-1.24540879891218292,-2.0353777763033909,1.04054283745292819,1.41303580780583626,-0.160922930871267855,0.192164795306501573,4.8621926373229174,1.51740868417907571,-2.40335423914665602,-1.09501606657184891,-0.099344049659009101,2.47881517726028466,-2.95154118048420777,-2.63796439038886188,-1.12033787686610853,0.908978226847098725,-0.912131617300538489
-0.301298887846917662,-1.00445961833205,-2.31289302127825014,0.197470177729572927,0.0961984449465364544,-1.2535771450696469,0.182284066309234383,-2.67411103086051272,-0.760666841405072458,0.792960599552323564,2.65677537254942964,1.27114372403257092,1.76545472715581098,0.164677703575700635,1.87142386617439138,1.69655555469946329,-2.21254120416610567,1.71257659228307935,-0.562970020815855898,1.31865831650939391
-0.0759018111244887106,1.70336980576416352,2.15872335917873626,2.38533391558888663,-1.17522526568095742,-0.927206174076304235,0.259652724508556587,1.34310203989710764,-0.050606687695198535,3.24363210933988055,-2.47009773518576514,-0.784167699782804872,0.456714184408930135,0.435369959437938991,2.07656514530698422,-0.643927736167914433,3.23293639300819713,0.231353897524038093,2.0949367277353681,0.189160571634250763
-1.5051051243253537,-2.98615053100773853,-0.166503729944402573,2.13311976315760532,-3.38053114896963036,-0.945664333540672586,-0.897771071842857316,2.89087392047777492,1.96737418585162849,-1.64059081929777117,0.25399830681378005,-2.30793226542199781,0.0862453948006816906,-1.00453395782293398,-2.02504477807940564,-0.345823570789904444,2.12677547140518852,1.92988815166464356,-3.72089038972060226,3.86066236557573905
1.84208337347435469,-2.48942351970025211,-2.13888005391697966,0.397399059002203181,0.379143308750888641,1.03056505657762632,0.10795385655088377,-3.09686420480833169,1.89328490492017099,-3.00348138015605182,-1.36753270143943562,-0.95792520428810557,0.902020564154340398,1.86063937905905652,1.2140368696086159,3.72294526277819804,-0.269337439520323518,-4.42641167600620555,-0.946231432102997982,0.312405568785222965
2.19331299241452404,-0.440956055182299134,0.0798453206901363621,-0.955083490407328872,1.59358194476153137,-1.80591493079491783,1.82798753083928966,0.759795427921225563,1.07228110169159163,-0.840552806491885018,1.36194468498420407,1.00508206905833153,2.42927755005114898,2.86012276570119539,-2.20176208731754253,2.83836490361043392,0.773853432579861389,-2.78346882445001853,1.06325883821386391,-2.48548551164471565
0.103267391308852152,-1.71340483287304179,0.89569301690954839,-0.799447709180337251,-1.14847078587358342,1.95923063193773217,-0.811108665677026219,1.82858622067876331,0.324257946519820539,-1.45410721735629855,2.37668888612388196,-0.478725448992260993,-0.349979794179478443,2.30603139831260773,-1.19497042284723665,-1.28761349708319006,1.8827721251058358,4.10477941790219258,-5.83130409929948446,0.328675121079095078
-0.75661472043883049,-3.19057651370823825,-0.277820731725289982,1.45814772182204044,0.2130178037477789,1.88565877234782908,1.02233197006991872,-1.8287896019216634,1.05304743157938496,-3.06872631957621067,-5.5335292624995871,4.69107960202841312,-1.31853962922258705,0.182459390897837137,-1.17405687387152025,-1.20600290111004238,1.41803723073595966,-3.64070392931782205,0.751053588463516331,1.62446440308867701
-1.63033354217970339,0.40440286430341188,0.67674325687691872,0.791415886690603809,-0.0500988705697399117,-1.25829732702077646,-0.0742627515886101486,2.225680455525338,0.320511861849737567,1.26004850158896087,-1.21232293428937732,-0.649276119695997744,-0.811328576140306401,0.108051009994947211,0.159884308720716989,-0.278620483055213863,1.48373002398595744,2.19865133988668315,1.04494032551050164,0.972782519432229709
-0.691537344710574597,-1.09275686728732979,0.137970443128289599,2.26037748577711772,-0.258105547687826842,-1.17459175315217479,-0.118985175873805776,-0.622403387218426696,0.860507766549474251,0.809657998822785885,-0.00546926423989950363,-0.62292457890344044,-0.0463577370872834196,-1.97120483747196773,-1.15441841347510432,-1.20710042955642227,-1.86871672717260529,-1.82393151113099083,-2.89827890839552538,2.59086572376402779
-0.334653829581347095,-0.224216836681339043,-1.14599521775024837,1.55251472384667366,0.84763042473457284,-1.14077211766482089,-0.873568669966776401,-0.453305177165977624,1.18896163101606711,0.242594070304670728,0.401342787945211166,0.629812714666403428,2.56603965551028868,0.737616731741895459,0.200454957778832127,0.209484757538333483,-1.72816799335665139,0.923585882114509094,3.98221955869604471,1.01609313529322676
-0.372744408563290719,1.73802052762550896,-0.820076108158049877,-0.387912014403824446,-0.450730332518379462,1.39161763631016533,-0.16109731445707498,-0.0919518039813305571,-0.0830348413813822434,0.791701197738551965,0.871594557116591506,4.52071204946765359,0.724317084962126989,-3.47225940533826849,1.16346330274209819,2.91776827448308484,-0.724195245207393978,0.84040065286640131,0.87909342046474237,-0.297341286042215491
1.05625735097664952,2.66972043622672883,1.13702157159247252,1.41096409771641862,-1.99520773930008843,1.76193642795808181,2.27584558016957095,2.00572089617313321,1.51674970367711293,3.02998832821953057,2.22828855574352103,1.78788831016807581,-0.667288746189649395,0.0455533822763036986,-1.66517197259409255,-0.847384054620341387,1.93009828079652568,0.578862881356525638,-0.523193270244633801,-0.519562030069800174
0.84003814124147913,-0.0862238377618213814,-3.27828868881630742,-0.297935530838123019,-1.27193932466068427,-0.72584216814789404,1.97574597160229382,-0.216020972932568861,0.344824317179155793,-1.15638649590006026,1.92263004119924075,-1.78737257402669858,1.10293626596960204,1.73460770153749944,-3.45128624202671563,-1.00725269850272592,-1.66219758383575522,-3.28929314785166715,-0.0849861244921520792,0.621572431148452287
0.738225723821846147,-1.44994038007487291,1.17464485720786138,-0.253623079063451551,-0.988422284201431967,-1.32011000440423443,1.47134714022138913,0.641503125639886429,0.302690819743963557,0.168109199001731963,0.343139784728023256,0.69018897905635046,1.19177925162733978,0.833737941093494306,-0.771587619950029557,1.95191005538602935,-0.441882235909344445,-0.483068597565713631,0.899876088355725634,2.11930344551576066
-1.80042120086436008,0.317631059203463906,-0.503100592269130176,-0.0555383178968211003,-1.08764708802618082,-2.04708723419051575,-1.60636200882085678,-2.62778252730596718,-0.602284020411857246,0.391856687714894125,1.47799886773651035,-0.904801246735469356,0.435455251182964798,-1.5871661676473543,-0.0513367527166667115,2.65080625143803728,-4.97495670463035111,1.09485519417372679,-1.78728270164064318,-0.590279883922885551
1.14624795227712584,-0.0928331423646670678,-0.825194370720470083,0.306851777164961315,-3.36346801653045357,0.0387775060168404975,1.27134631234346362,0.514699020028814958,-0.0665813108276542415,-2.76636701941247809,1.00108280118926118,-1.95368886326275137,1.89211804491349067,0.948949524583072135,-1.65793527699386778,-0.824463462217664089,0.930347482556550531,-2.236614730704793,-0.74308364233100499,-0.54859686296266974
-0.0305809611966821188,-2.18822212442234054,-0.302678944840441611,0.846654453553892017,2.29128506228465101,1.20648522331494146,-0.731752773421821545,-2.6917491949163499,-0.406940259491534451,-1.16126705880967762,-2.87732054927902725,-0.717086510187435744,0.762909811347543765,-0.0129786536047377249,-1.18036842438162082,-0.702420390950351581,0.574507564211104715,-1.95855161621205731,-2.10541464878647977,-1.67601239661622992
0.45097569386670433,2.40986655656488669,1.34555520658143002,-1.56587563844908884,-1.37508157944827936,0.247878335572681741,1.33282177970718463,2.96457286260857567,-0.973858585715467684,2.09749970708648936,-0.553093499882007067,0.715701996128240148,0.335646866068604333,1.82723575849680331,-0.239677181421363239,3.44193168110442649,2.90687983104121805,-2.82913430818394884,0.371059450922157197,-0.302738249071167587
-0.136445486126323123,-1.59530877722470921,0.0640124326210678302,-0.601717957322991714,-0.331409407585706361,-0.304299559081423865,0.728577079306546249,-1.42253103962514693,-0.999151477568092417,-1.46587808670516284,-1.14342870815342268,-1.93056995078555604,0.704202488078079392,0.136221750296870725,-1.20195396531714205,0.583480039566302344,-0.348879067225000561,-0.875459535508282372,-0.79895597490990522,1.11971231604370258
0.326463532273424062,0.410081156629630239,-0.729912831566893017,1.1815769216965617,0.617473627374273915,-0.597434771499990691,-0.191963597418144283,-0.0647849639967558594,-2.15082053888736713,-0.0624421910820530529,1.52623431525481879,-0.941722992449506413,-1.31627272049462407,1.11740722150813965,-0.103635833365033306,-0.801250289090362999,-2.1760194205863872,1.96109854676567852,2.70585845113763312,-1.91155929723521845
-0.597364209745948505,2.73245431814816975,-1.33074261572073582,-0.403302084204747391,1.28218762424694188,-3.32889547164420119,-0.269804916942661233,-1.21660094913726269,-1.11113502530170294,1.98654362128802719,-1.92362367256631095,1.15619904728271883,-1.22101908251800184,-1.60420018132437936,0.935594625131799917,-3.16909664681202496,-1.6364892027175677,-2.01813908842739176,0.599567690908728523,-0.646178020526037677
-0.603320978447439926,0.842339347019142592,3.07016894519322037,-0.919278720779137637,1.30058237569603685,0.103551694459280225,-1.79230547774523918,2.92716612642714757,-1.34978819982276543,1.57838933087575994,-2.61773243409841072,-1.12563786194255844,-1.54001896443973108,-0.0925575930761791121,0.790935045880578391,0.154783929905969647,1.3782426362176079,4.63540893934842124,1.20919057120708184,0.830924308972996073
-0.725931288071981706,0.112470534167536773,-0.254562984746878773,-1.32145112750661586,0.170274352821294411,-0.24299633939555712,-0.748320002641328585,-1.33493095041939647,0.512002597094303846,-0.147880487241610736,1.76335987038000463,0.512970138577048318,2.23277720572342098,-1.8301661384726573,-0.784157743897328285,0.914699272822606102,2.58502344299947007,1.0694408374619444,-1.82964628141421159,-0.355980697204903884
-2.79797135675443087,2.14595650426155116,-0.989401543427457009,-0.745829069314181248,0.323693567139914318,-0.885901973188115255,-3.22217429636439734,1.00456754865855369,2.33869837831313543,3.02803977891066367,0.206605697913188752,-1.55692711059147681,-0.929256552694054272,-2.08168069484823626,0.083956175444067499,1.25671493839690029,-2.42154056409883589,5.47727046689387276,-0.820918895661108095,2.26652110132794382
-0.737952841566179907,-0.719929901654481896,1.01636246303793443,-1.41539912783959765,0.912847975012626933,-0.39769541796426261,-1.20958191194668863,-0.419094762903939322,0.622034811650057029,1.24136318979997107,1.62400145057996625,0.942481812153571741,-2.08565764093810202,-0.451643208021218767,-0.381936782643571948,-0.17628277138561721,-1.13383136658364325,1.5195264129853745,2.71840745076571499,1.31511084680078061
-0.0343314372874948884,-4.12836360972089,-2.73053560065939793,1.2793762207676489,0.420594429442468554,-0.405207620278819569,-0.961698318708873567,-1.07774190698104766,-0.818035774629327861,-3.69210240511914156,0.189685987851243271,2.23034884362987018,0.17643260931315316,-0.658407153604409934,0.377842319160423656,2.07263031529294262,-2.70191787780929626,2.44138352167678585,0.566425552663330167,1.41482555215448103
-0.112629358769280541,0.786868419728723345,0.373020625092619296,-0.237635455450177641,-1.15608490065942382,0.274692181524872125,0.558248882324647977,2.14213956179509468,0.594968444139122865,1.83227036721092329,0.732019359554978433,0.793181994373266863,-0.16610124746023891,-0.999491951318204785,0.0427804000897635331,-0.99825545264545168,-2.15726776275925314,-0.356640594348532791,1.81492424327669433,-2.7159074057853041
-0.82763319111588729,-2.25452258944569772,1.24961168369235009,-1.5138782152977468,-1.38344551913686242,0.674084100749703263,-0.902837674273632929,-2.65089761027392434,-0.292424843168581916,-3.68154618784453236,0.889129199961860572,0.114357758178120772,-0.54918279622567634,-1.94632918518759723,0.444774876888019977,1.20689496888571046,-2.46902708235736634,1.19429232154565623,2.35084702549053315,-1.69579488462796579
-0.726337233987165098,1.04800549547044985,-2.49174045645571329,0.58324436933890611,-2.39036155763055813,1.32824881326749344,-0.988824822712645046,0.0115356121054573137,1.8738533842434324,1.83084965836331581,4.25614773996426621,2.89395956562136991,-1.29622044272860837,-3.16657421156148899,0.563940284927416102,-0.0669285566283890215,-4.55363949240663146,1.60744141986103761,2.38398168309545477,-0.449121758391146042
0.240578076749244169,-1.21436547821132712,0.10397826214057064,1.23492147441800704,2.41994220357899392,1.71134061339062971,-0.447435196895742848,-0.459879270668658746,-0.0332236936206463038,-0.292551266182723757,0.0948077885901741219,-1.58488254475549906,-0.453081732515635716,-0.185132405987126186,2.30140281970068505,1.70236297710277151,3.29044894697388779,1.84114497904196206,-0.549174351931030147,1.49508208351810845
0.0878206717934240655,3.13801761934895529,1.92458546462252955,0.679879436674081017,-0.4618440177571278,-1.80403908219974274,-0.954394542265818102,0.714007908030350968,0.235622174881748692,1.66094175849343695,1.1411265354145248,1.25543230035947562,-1.40197918614665951,-0.826558511174453225,-0.526839350519752503,2.57818417350251305,4.35534976777564253,4.59320893334067915,-0.557842995323825308,-2.79443580809686853
2.32312269324098519,-2.21778675449737328,-0.24099457435982255,-1.67620535450978903,-2.53941230169673915,-2.12325788029361062,2.61358678449966098,-2.7966257219834243,-0.511869608888969596,-1.39570851062611112,0.749411316209996459,-3.93174895759541387,-0.142377446512501726,0.194749447584549845,0.418920710704671018,0.967926608675395594,0.795399119339622374,-2.17308448969012735,-1.36478254396493925,-0.861790813993404625
0.826579525908605284,1.95349456810802824,-1.37566811571432246,0.00978740273017834721,1.41660472261170867,-0.934121162165022945,-0.464646495393150727,-1.58014565682806785,1.44841714248266062,1.27559769588590299,-2.7247039440936871,-0.686992287179503225,0.0120467045705714409,0.0676016173953603444,-1.59869718784817905,2.64569895182451198,-0.133206958490634769,0.788475706736033399,-3.01404322710231609,-2.26592848331732011
0.935953364653682729,2.00429108896506314,0.509842340575288655,-0.56602180713081085,-4.16342567623102244,-0.151369109705286775,-0.019968787735497099,-0.15523858852956321,-0.0709913410484328544,3.52256467703394316,0.697039889767144483,1.50555233987094561,0.0412896108128744596,0.0648168284118111476,1.95201107046252509,2.0452963230804766,2.52262308002664781,1.00851133109631141,3.03919058440349232,-1.57569211991874614
1.56873485239875965,1.13470585436527904,-0.288523850811050697,1.77566814090418901,-1.03025774439334916,-0.789081181229576267,1.23684061075065865,-1.25386070697738661,0.938004160456168634,0.502544619530669312,-3.49330941941291773,1.31887473739011662,-1.78955178528796188,0.394936680774133353,-1.85958139943047085,-3.80863869196577509,-1.20689452295667676,-3.25474548917481199,-0.278716611518219193,-0.600295644344985058
-0.998830151675359823,-0.611435278575955476,-2.77453909075122906,1.40929041251174536,0.606069501149339662,0.554912955773031236,-1.82330928040811902,-0.173216998880046658,0.0849437455727967972,-0.84150251812846355,-3.29212087752589744,0.328607146285330831,0.208738354117015912,-0.902739784040643811,2.64452262489306422,1.47280049413484382,-0.507056251682676984,-0.705579649204162052,1.55600443574284553,1.37328669421823846
2.10403571129788114,-2.18000418203149593,3.01714044872117348,-0.0782625233511856644,1.54515924064822285,-0.0211714291692271413,1.58093941134316585,0.406447904928948944,0.150075954237073039,0.632535645055405493,3.51172879290289686,-0.207111712433165174,0.433955537469544073,1.45492733982085087,-1.34451031376266839,-0.939229732586262633,1.82885479086811253,-3.49632166312310355,-2.54106918790041236,-2.17205719163763478
-0.811517540864827636,1.00896271673050131,0.415587209828134851,1.07997135461923888,0.926306269089248624,-0.433974231268559385,-0.583460505864900836,0.617525624983186638,-0.778013456760981326,1.78985402778418501,-0.829123051993357563,1.17985231529804668,-0.0893883166620837027,-1.38762703667351994,-0.252759211965223329,-1.0261022477170465,0.235706426870546798,-2.14589047544005451,1.48847085455831873,0.128890909632716905
0.176220740990229718,1.53234489838719368,-1.70488642873443386,-0.1569873342525962,1.67906886390991406,-0.457478421436729676,1.06912404201090605,-2.53494069934796373,0.461448713952262057,0.0412141354720946054,0.892454223038367522,4.59205516279228743,-0.0307426133592229936,-1.21263508387999286,1.14746920174513933,-0.735170665793111522,-5.25015667598368285,-2.01315096691515283,4.50257920822696889,-1.44742935582771559
-1.10099958622690774,-1.04019205304845919,-0.461583775226952597,-0.676942542174020168,2.03392229126682222,1.56105016908752603,-1.52846829813356644,-1.69199625342921145,-1.80712769992970124,-2.73595783445249729,-0.951556527983624223,1.69871679767360084,0.0287815271147749512,-1.86462417961015681,1.08328279381352588,-0.301076521907975514,-0.0908924949987122005,-1.315564399186258,2.59305933042932013,-0.172433386180488174
-1.07245096361883308,-3.87894051578253896,-0.779161907983815127,1.79516592499338468,4.47354787114747232,-0.557948567944638318,-0.608963054270101889,-3.26130512594073796,-0.540851334493966607,-0.928686609046780576,1.59821513151989469,-1.28581344662423835,-0.480960284561788853,-0.715623501650294647,1.08658715784855064,-2.8665215191782325,-0.484901692892143799,0.909014006125959728,1.87874253324388407,2.56614355015224183
0.697009362509245056,-0.42726030149238281,2.03017770858708069,-1.22728773188014006,4.28906668552400205,0.304417011275761817,1.63272212248283766,0.803114913849164447,0.657587873573034054,-0.376884381481178254,-1.30317356833236997,0.763589987073567622,-1.3328541609191551,-0.469865184198261954,1.93435345997725983,-0.646490155985799397,0.535600231833396556,-2.78263439961350079,0.64282790166791226,-4.58933497558666037
-1.07847911491767534,2.66085173737453307,-1.75192639603412048,-0.285312361235889822,0.714406787334269988,1.07146064534559837,-1.66251640633884823,-1.78654622966681376,2.23118526058508859,0.559009248944159709,1.86210377439242447,-0.80187032332183239,0.158756679733372374,-0.190920594021795231,1.41302962360850892,2.82712290809513078,-1.62270587502750163,0.949550285889230405,3.3029474728981536,-1.30142252754761345
0.129134174196317758,-0.647616859936595124,2.42491713221663163,-0.722919100749356724,2.13494695884335517,-0.0317967163391990812,-0.782688860060281266,1.23970368843899537,0.660455077853039585,-0.456455354639362154,1.05506999526559353,1.98830814077604368,-0.93186192695116099,-0.287443109850511691,0.699575452814627963,2.64523191010424119,0.606826027793584744,-0.447584826957894144,0.198460026611720297,0.646896965356245524
0.0602583735161253894,3.94443371182718661,2.76053198270824796,-2.17175365404942022,-1.53590398672922945,-1.29598093418882532,0.662940532502189539,-0.388761808027705102,-0.0698676571956845238,3.13116035433674522,-1.48732421506406376,2.71152733281699598,1.81059494602648008,0.751285086372600164,-1.96818410168740243,2.01278289841818836,4.94625123550558055,1.25096006544456406,-1.5179025958654786,-0.976299148320030175
-1.26272793371578973,-0.433507082948263678,1.32244608997380353,2.26612176575769064,2.49951021796765671,-0.827250582541364188,0.211057930054789233,3.82104036349542442,1.03148702966343575,-1.39530807577515459,0.307755245187453397,1.45074447560201936,0.396943911536909833,-1.66116607168561203,-0.157698894089026098,-1.50482550720633457,0.395181878421960675,-2.00467861510699263,-1.47519478710651408,-2.69872294516707978
0.254083657968097065,-2.13575499808096403,-1.03952262741313106,0.0381856496800058939,-1.23909765709081365,-1.00039169124115324,-0.68227097055373076,1.04336185372410784,-0.761248625899004216,0.543697162332034245,-0.199928551051326647,1.32025568864518239,0.618005284873444638,1.24502035897719554,-0.0388299261282754465,0.194713242580222434,-0.620844924778861551,0.521764600103432508,0.518077057351259307,-2.00594297486859841
-0.633929575002273205,-1.24126035625573894,0.556909663704579283,-3.12004381934800445,-5.10921959270703141,-1.32144033016022711,-0.769617564521146269,1.20214919229632211,-0.525062426119206394,-2.1244684728399692,1.61980119044660476,-1.35561413969094913,-0.434529802501616935,-0.294107508587998612,0.588674072390230063,-1.41258416764921946,1.56852200740095382,-1.69883639883019377,2.25500088537531251,1.69998183422988314
2.09127238486459133,-0.593792331442795973,-2.14755662945495462,-2.50835938691580651,2.82529613096769294,1.11632263144745569,0.54494069047827387,-0.914434047559201768,-0.533468641178364122,0.932094398306130945,-0.662619006254660192,0.0738111508567141222,-1.07725754263441686,0.562304241981719688,-3.13614566922233662,-2.14549401691021835,-4.02333608528806685,0.540761111927197669,3.48772580450385794,-1.30662279538653747
-0.147161020569922002,-1.54199182191344364,0.853946165041518768,0.103055399785819152,-0.899671292656722743,-0.643780535442290969,0.0737899057378753748,0.38258908659206059,-1.16303747246311451,-2.18540454742703227,1.65689349800752983,0.00281101830764749188,0.37596214199082284,1.21233264946695596,2.82734050570621687,1.03904803517554956,3.25847703132399547,-1.48836585487796214,4.6732462407974209,-0.578386653950530127
1.28834266738557535,-0.980918509049931053,-0.593542269179063164,-0.159909485227241216,0.761602946464325692,2.25692735706337633,0.818612233339214623,-0.0976177534605038033,-0.668609051404642885,1.93953561616308345,-1.70226756506269372,3.11197580945407681,3.50599775104583244,0.650673527159346898,-0.393091428596070991,3.25210145090963421,-0.429336027808465082,-2.33034266728247408,-0.639564146648951115,1.15889944565045866
1.04431862918590146,2.45618986541281581,-0.676180446276552161,-0.931713418011821171,-0.653661586906151726,0.807301502482975053,0.256121850237866655,-0.274179084192333389,1.83844363906749764,1.23834710255933245,2.7947228675718403,-0.629790650106545558,-1.99203371281510733,0.971671344798679004,0.856692104778852714,-1.42739199599332389,-2.48443291311579406,1.8243013941637316,-0.0396846469688892367,-0.40020368839454612
0.561497173857712917,0.507132035599540787,-0.0593005756908096884,2.09787547359714166,-1.35016041103775009,-1.05467635659299219,-0.814181440203649021,0.636582956005708911,0.227218950589813479,0.960216528290250837,-2.21188221690365161,-1.81577724053296752,2.34602671853567157,0.268932021970079815,-1.02982331865992904,2.46720038765288763,0.129459000410271086,0.220437965408105563,-0.124142388794171221,-2.65642019778260874
-1.26937491295034244,-2.10393964940807399,-3.56600763092979989,0.923389962526876995,5.2242173247664212,-0.457031834675829196,-1.83031394482306253,-4.00645897019558639,-0.280213190431248149,-2.01532451507658639,3.07654656946143223,1.57123707092006604,-0.608809990655034716,-0.926422767549936355,2.46773117372645201,-0.214136497528143704,-1.09133689411624157,4.66698615548816331,-1.30797041478611042,1.64847963200459402
-1.02191931615130494,0.442843035746175395,1.89531864830894992,-1.35160241905551537,2.28419910048056352,0.350281865204012444,-0.595865946920709155,0.428952118293330631,-1.09302729571200263,1.17749442187248476,0.798604667277748703,-1.84519264854258491,-1.10403866195420131,-1.31921325003708856,0.918835708450391087,-2.12813430869196951,3.95466954418355821,0.58349948363240256,-0.190956527263875464,0.801810824191450555
-0.64348162840307177,-0.459089185711260173,-0.41382771798370388,0.651138227910086242,1.96727502977483271,-2.23544106629569228,0.459883216940668027,0.0398874504591602494,-0.708672332910950886,-0.515948383522904952,-0.658032190098844949,1.03088322755669726,-0.874182268338497437,-0.251503191553796412,1.17569261423358196,-4.37490815066938499,1.24323560148606771,0.13898153357494511,2.95344988921527918,2.15852539654006659
-0.715256728827392441,0.357995857541155205,0.389268520215837577,-0.246048233576248832,-1.69209107184678564,-0.340657091605528761,-0.288152919386173767,-0.410008039599483121,-0.903782419759701972,2.17979004455966496,0.0361046538234619865,-0.707585973388639156,-0.131936091678605233,-2.43734416352659311,-0.932019950790001772,-1.21213909823888222,1.63202531536428341,-5.15992012271990053,-4.24280734818858551,2.81134361814703171
-0.724453732006023254,2.77985725286221541,0.158897008012789637,0.637160988243480664,-2.77194914106860946,-1.54416303724554704,-2.43512429646275308,-0.78248205030808704,1.40040196579057152,0.4087131432796825,0.84877175672667815,0.00886146802626563458,-1.49247867066293205,0.8485177337476284,1.75737062605718353,-0.527401055210030223,1.7054419591814729,5.04148301315154512,-0.923750439595904971,2.0832576518688164
0.584944357190568032,0.315224780679796701,0.704241457896019774,-0.192974289489033307,-0.953151214199932095,2.35881695880233488,0.215930291726094209,0.474982826196231722,0.355193916310048707,-1.91433143745125789,1.57008240562298695,2.72268740279767441,0.609868241489759821,-0.198920855780449213,-0.34455930585249045,1.45366177986093636,0.864473159641795608,-0.822635304744580242,-2.16750007455519267,2.29185965117254042
-0.195118232020707577,1.67755498754271559,-0.715439517729330787,1.97922641108058395,-3.77247192249050523,1.25212120551583528,0.604567231784008952,-1.00601646878684825,-2.37749779442354203,-1.0471303245321566,-1.44898200540031152,2.22093094963817528,-0.424993888601583214,1.02904962936787303,-2.43388733083402808,-1.23413249061516073,-0.334279687221571031,1.4104466850604731,-1.84630349415392914,1.93372682387921735
-2.72463271816660368,0.739936973532258402,2.23213378734515366,-0.265251747786217906,-1.76081644090958389,0.374745987312544215,-1.84512073230436902,1.13939509677171058,-1.47132066898880143,-0.803549142768949287,3.25390315838936717,-0.969098238186989258,-1.90480768377637499,-0.124325963577966991,0.0893083047283093068,-3.94815621420093921,3.34401894141613543,2.0305509302752176,1.02309361265963283,0.912354233896198186
1.68552227745085847,-2.26899787959278809,-2.05640165406523945,1.64724622340277871,1.38943675335266659,0.97212792942177273,1.64798298105185892,-1.81712309817784012,-2.72096019049696114,1.83408238145615576,1.57507234567660803,-0.692365953995855099,0.262484035713915487,2.7287866876569451,-0.401943198836036131,-1.17433766064878475,-1.76017533356442812,-0.949700450007401775,1.36648842700208606,0.543184408812341535
0.146041317756656797,-0.609102192906068152,-0.280332751107028266,-1.28795503215866347,-1.26657710091022979,1.75867590068664215,-0.0308951136228936031,-0.138624129422636272,-1.14403048702597254,-2.36331376325460951,-0.444175441545211325,3.78895524852294896,-1.35135696916256243,-0.565436632131021799,-2.07256163746403033,0.282678683666804542,0.672654604706904302,-2.04414291879684029,-7.09531395661860476,-2.12498930257334573
-0.218596151868154148,1.95918120555739494,-0.389218518992466289,-1.27083221737659446,-3.71032856966546953,-1.68335153263445703,0.752874330658831359,-0.514314960885920658,-0.682522476179992954,2.08647577926592476,-0.971227471571692536,0.952515751032137703,0.670641999325030991,-0.300280288919211602,-0.427313260584481325,1.3649507585481957,-0.873042003744815664,-0.406030865010932385,2.83582989785671469,0.177932857030710545
1.30421088068218372,-2.82358750605528153,-2.18397073401940212,1.58866807219610107,-2.20067123065532178,0.994299913501447308,2.03746513679299079,0.170532931992734005,-0.605549754294959608,-3.15410842700156335,0.298862974413798888,2.37426411378057756,0.398787320234478049,1.45643819832265664,-0.584470151078241518,0.67537049917473313,0.444004779125286519,-4.01099300574168627,-0.580125473448197981,-0.140234221886094801
1.82040229576524282,-0.322891124286365738,-0.52281757927889394,-1.47941086596616667,1.38469979460218329,3.07042246216828785,0.749936808982091696,-1.79509177286496513,0.0133513050578231585,-0.207790386160528251,0.489922642776920769,1.28260338333863499,-0.463152013356569914,1.36161876171929141,-1.30332877575290196,-1.00200100570163841,-0.992555974295298515,2.04388651412455191,-1.44962319465035194,-2.57297910162056143
1.64501044654968975,1.03356306875064075,-0.887612000708483895,2.04118583014771726,-2.09749255688890734,-1.10617820083617513,-0.213917821754062654,-0.0729569660282250732,-1.2904918494328943,1.85180710541944293,2.66723135324194116,-2.41333124584630854,0.21349598926704183,0.379686258042482794,-1.10256049678508927,0.665623654733892622,2.5335965407101555,-2.81428569495655134,0.806602963837739773,-1.45248810859049815
0.888463522301475961,3.80535364490459527,0.627743267180431941,1.05462846391984888,0.802736326715658977,0.585921257732105349,0.719328427138805626,3.31843388604045675,1.6231932847380941,2.2640549478742118,-1.69622575690766753,1.05290369833249464,-2.33143731634079288,1.7373528926916284,-1.70962877810619274,-4.12432720338763392,-1.10536389953483605,0.223061254789837404,-3.13594400349311542,0.753634831158808693
-0.239806883187106634,-1.89325083574569297,-0.888150203909096825,-1.26097080279163598,1.87266884351888852,1.63323974810658323,1.65960988992160496,-0.541061912057473227,0.496765678559302926,-0.550489355549091841,-0.444289387665258273,-1.48467981552900241,0.381624827754269424,-1.47108179751708712,-0.229206477369753525,-0.671088927631923959,-2.8395343630445713,-2.36960076272837705,0.433533186179514307,1.92752363426494711
0.0444268317228604728,1.49383766308561872,-1.65043473194767731,-0.236735775614686311,-1.37619966582325781,0.610431492580499002,0.188508131410185159,-2.38009058999932321,-2.34203095675648276,4.15781088746454852,-0.0799607283950400649,3.87275130261705902,1.80256973178743096,0.651474151695430659,1.11695282569982646,2.68510644645890029,-0.37185397596993347,-2.23874628257125297,3.19427945176653694,1.89207579739569698
0.456999762386651243,1.49389830094767539,-0.387392182539381236,-0.799955502606584545,2.48794314063928157,0.00441929131975671817,0.464021486776918846,1.75859061004959116,0.838094924613901227,-1.66833076557053994,2.54178903954291613,4.83615737619093888,-1.69741680421185737,2.33268316878599213,0.614475230744528478,-4.61833095982594077,-1.7332180441273628,-2.25028947633458909,-2.08759672427374898,1.15585563483021314
-0.112863860608629268,0.969125357586179459,0.27501721589621192,-0.132528761721530969,-0.432833410736954194,0.789312112419335632,-0.580704995611314945,-0.0968401861139253639,-1.3770075453486883,-1.25151319072201095,1.190495100618437,2.15692971641614761,-1.35100195497227404,-0.762798611018045358,0.0713142550350002319,-2.28922245913032496,-0.169891618010322043,-0.0180834836909893153,0.389657291451211529,-0.596740034534651964
0.721950286826603671,0.280672027980411909,0.109563518807069979,1.52373754021424923,1.64804518090278895,0.823079824994728315,-1.2891419956050596,-1.32204243802777066,-0.425934856700826758,-1.89529988275726935,-3.67491392619241397,-0.438256875221623432,0.485239209924984871,1.09466029888903349,-0.31230927646284079,-0.94612758790615703,-1.27358179866447485,0.703792673407994118,2.82374587187299664,-0.381342084456979646
-0.28118114030056407,0.702599049726420732,1.52836170105966884,-1.3696518304552352,2.42327216703270309,-2.24929161621184459,-1.28796486054496939,-0.0176622290789338679,-1.01618604367511955,2.3867734419023261,0.0150241847046374295,-0.0424882284313017541,-0.76592966280636221,-1.12017174045174039,0.661957631777071676,-1.431650434453976,0.372521818412578476,5.14215299771016721,0.826361432422032638,-0.244251871380813973
-1.73977450018924862,-1.3729816499212657,-1.80806951835156515,3.51471289400845022,1.33406271467133619,-0.282016677666849513,-1.07100146902632853,-0.0322298414358126728,-0.116082620005781442,-0.342189337640260716,-3.67545521758173521,-1.39140882859295134,2.13072199200278511,0.416643251568096673,-1.20312802655684137,0.0731153886557744243,1.47363169903821523,2.18236894007971038,-0.81447987085587048,-0.282557144973241192
2.23017993670229542,3.42996757405193931,2.12370218785527243,-0.514036084454213671,-0.456760330992095565,-0.467032414701653353,0.0987205757709822829,1.38085962256569661,-0.122856543602930066,0.316073508494814692,-1.48597763596593135,-1.40374133939944556,0.612345469241989293,1.94989148417770486,-0.0777399231210859909,1.17480775361045464,1.71728570401860536,0.26278404769656738,-2.80340897191196614,-1.39041858782015404
1.16472786328546207,-0.455647670990404818,-1.55316674772060592,-0.507252475250197676,-0.317473559628155544,1.05437094899676476,-0.494475334708620484,-2.80280193743539829,-0.0454341377214932396,-0.460231253596400158,-2.62036517815284853,-0.477494005420269041,-0.357932148142228512,2.07418307941946223,2.1321082693122837,1.96738895504094091,0.247911953095422466,-1.32620232883707145,1.95178491032206169,-1.12446466418305757
0.112193835165077901,1.79745794193064734,0.0383592614030962842,1.97785633886510182,0.603293298946795731,3.03236735587932005,0.883620988278580599,-0.422697233253681692,1.44175225291825049,-1.27875195013597676,1.76910086996053484,-2.85447629141427273,0.198054558117225499,0.562895262769915861,0.341774450508344319,-2.37919784126424316,1.31107664132031387,-1.4203240522028231,-0.34903620659467105,0.171656320906521387
0.169674596578649334,0.697016129253673289,1.49264282033484985,0.768422829500192694,-0.267274972371654151,-0.276040512613535682,1.61279670739975156,1.1271670292689675,-0.742789166718125227,-0.335305119613846736,-0.681422786730206509,-1.81946385495446639,-0.0159360695066173043,2.54865104206076953,-0.331827890895723399,-1.20876379422538904,2.95934668702867931,-4.12988254703438873,0.0203259739381365413,-0.469183774718096192
-0.263119059861845084,-0.920348812837551322,-0.406236227922106119,-0.236862117591979837,1.62442669680159546,0.458068870138055584,0.354842906492013332,-0.601455911865403037,-0.949195409747407348,0.0851766651455151541,-0.093681805278530747,-0.0302919395296929912,-1.0809655137194516,-0.170757203028933408,-0.284590229425999486,0.192973584247432578,-0.56998728614493499,-0.17072828447657204,-1.90876485786287975,-0.757656195141158451
0.408987093026082882,-1.19868202022503922,0.421299637101379965,-1.92675885569037431,0.74707564835112561,0.105991125943084477,-0.208059039401489426,-1.65224735693943225,0.584062294388033143,-4.02371859260359876,-0.774665056829122234,-0.449092430908490603,1.09530713997080054,-1.76691891685126667,-0.350543733208129371,0.466813107470007371,1.1956033540105877,-1.23795264010436856,2.71382365000024484,-1.95928754928803395
1.75301084107668337,-1.43188473355491874,-0.675229781912599858,0.757962553072836331,1.02624800040480069,1.17036864541094365,1.12982379734458882,0.930836441222048339,0.421521435849564252,-1.1214840552672678,0.791047023943482586,-0.160264444063824729,0.0325986295655503536,0.325051039493591654,-3.07888371746576039,1.76555522942521215,1.20506268444526321,-3.14027242838989462,-0.844704581620144945,1.82353142542339808
0.983990236716927313,0.422459029473964576,0.840290911013613528,-0.922906746718640258,-1.36015684227446698,-0.54890524179779665,-0.471844568341626025,-0.381066097437628648,-1.6158413393022093,-0.999391281258566577,0.936499115315143182,-0.0442606947728948485,0.51942559064179683,0.930570170715478651,0.752328068305015529,1.05913378347765907,-0.0415155256514395665,1.27029968115858494,-1.27976962199886701,-2.67336516322421724
0.255329936852119688,0.495182245480608518,1.4875520117351102,0.521289771353185549,-1.43738285342824934,0.0995686360545624399,0.34894784609377727,0.869441441758620814,0.280216874052860276,-1.28196436745044262,1.40405372159179143,-0.970113471191857646,-0.305866375224593257,1.23461151715612449,1.94902821972643658,-4.48810773036452737,1.11171337989105545,2.61172577012183238,4.21232704498792465,-0.977346741248578454
0.544692639926419475,1.89021294687336283,-0.452202086815199189,-1.94451971430522685,-0.177159674067926765,-2.58492709535867116,0.633324498798322089,-0.704405333829668634,0.0648697605668839827,-0.345763095199596249,1.66339338764721667,1.69810497115559644,-0.83610736533199137,-0.494187202487480826,-2.26952791210720184,-1.41347902458192687,-2.84470067033032548,-0.226359750970905299,-2.57843552900778183,-0.446138517153269132
-1.39711347320266865,1.10909978493176986,-0.0669114117102937306,-1.02832601170800242,-0.0201045378260702179,-3.21705862340434656,1.52450531762654684,-0.798547424501514058,-1.62974862247357999,-0.72976576250021663,-2.75731213769600814,-2.08505466937188144,-1.36321513581662179,-1.48734194103628892,-1.96645694354536515,-2.91588939207245623,6.0983981968112051,-3.49990901335063143,1.4327746324344528,0.0877986236321944419
-0.944975452701634855,-0.788384007460717462,1.93362777900946337,-1.03758339090952001,-2.31691631493319061,-1.73353497659747324,-1.86689932280217019,1.30700976280538295,-1.50263568149890925,0.804448843001710157,1.98572165088920127,1.06879597537493054,-0.494524634610095493,-1.65001890461678458,2.1017444292293459,2.71357530109133371,2.95096016607830425,-1.66075318826681073,1.8231120223677042,0.92141720781946268
-0.332053673930088167,-0.248665418215029327,-0.845524446525370177,1.0843995723294626,-1.8363213883309244,0.863946128640544209,1.0875060024579235,-1.835734843529363,0.832411035438147429,-0.645115562278554266,1.04395162787892537,-1.20019202763069233,-0.238611783797895327,-2.90872030625636446,-1.07938987201575087,-1.52982953849698022,-0.48251410617035545,2.59043450422846266,-2.75974839922027471,2.09281433022154273
-0.430521692613672957,2.13044435967392953,-1.18986012364593097,2.24150648927725094,1.25425849129107081,1.48245141851610107,1.22405899299643184,-1.24510891823072711,-2.49486989390692449,2.45658795790796347,-2.53252373179641621,0.0544081153653816624,1.62811213923506704,-0.663931388037406256,-3.29030533045624018,2.23604445790784689,-1.65050078725091609,-0.414115377296943976,-3.58360053045231197,1.77474547931573756
-0.781814486295766775,0.376252104447771574,-0.482106073148745373,-1.09704440824997307,0.733649979217752768,0.015852334975959604,-1.20469775412298019,1.23556690531136115,-0.111768182010497319,0.929684017574695987,1.6184688357294168,-0.373134410032085084,0.275362939441074872,-0.35376327171261418,1.60010154466087706,-0.32083075790365595,-1.51653473629193236,2.52850787290466084,2.29504255536964585,1.84235491205673885
0.163474878989144173,0.655226558396555747,1.82898143457289253,-1.49986399159260464,-0.583260751925300913,-0.0330601739623210475,0.463387560401962439,0.692140791276640188,-0.132166554631067079,0.0419201010220241546,2.73355973460155788,-1.67323133120407919,-0.993092932817508545,0.189825882710235233,-0.888620552678260456,0.0561737670811200546,-1.18316755062390877,3.35341468714197966,0.123653466970634882,-0.664120849199393626
0.306867800611850872,1.27973277367919813,-0.290838830947955818,-0.958066446390076432,-0.453957174482644388,1.11949987556043817,0.0631126375306237247,-1.50531504974925689,-1.14064079929738527,-0.85277240612970906,2.97281271259237601,1.10729545306731447,0.0260394557298382727,-0.77861544960400586,-0.347338216497850238,-0.261828238569161598,-0.246560861045824392,-0.926376851712101934,1.3691494133490496,-0.301544709137960998
1.01143546914357296,-0.0481883657402012791,0.93772431168945114,-0.779460343480370965,4.2000101475578262,-2.20232932074235066,1.49839910073317584,0.381502491834030844,-0.756380740376780825,-2.81846128896215031,1.84488702312114228,1.98356718101581797,-2.01689682597590547,1.40365435783076076,-0.290104712752132454,1.68413154465074477,-1.48864857809639584,-1.4903864007259422,1.23499330745502145,-0.0765627947251290991
-0.0881635952107476251,0.608335729856619656,-2.28892352545676214,1.50522821838297149,1.1191971036933599,0.0343549881621907222,1.03752037845028822,-1.49266971378296565,-0.0359829074303053345,-0.414318500381913701,3.33748892514834949,0.064445225016762725,-0.0974058659636826835,0.516447556647306238,-1.96244641822213639,0.500526435072807807,-3.17578969845004577,-0.845779480185012478,-0.154846444265697436,-2.01973701788454774
1.21227670929915998,0.493865884615358519,-0.115669446797149675,-0.44473303498715594,3.33455614131857336,-0.022358743159624276,0.749948477191737184,-0.616849761832107268,2.12675107086331749,1.56859128542140414,-1.65787058771945306,-1.16698940104726967,-1.76507397444141323,1.15599547606215314,-1.13785784753930552,-2.42710053622558863,0.386002407867201081,-1.73921289733838136,-4.09711055318313999,-0.680602303704375133
2.13658699905517357,-3.0847861539868755,0.568275977906175678,-1.94996760642883604,0.804229023557111122,-0.0883446990397689091,3.46462808722651072,-1.16376129739723644,0.731315262108569009,-0.673048544126358839,-1.95578957032197098,1.44409431879414107,2.49545494223619135,1.89548850082375475,1.63130376924663745,2.28999064650411599,-4.68128411035720937,-3.0900371501084587,5.53580205006449599,0.156443085698859452
0.968511583923425956,-0.376313619393150667,0.510467357254243304,-1.39410697829485675,-1.15162023038749672,3.01437677584606334,0.260519111503797585,2.09099413978298365,-1.25392370268587494,1.53227071346953703,-0.336465070771645114,-0.176468259781871778,0.807218421049242907,1.01314714122120786,-0.361774670104226592,-1.26471016655226043,-1.48975142559000129,-3.03011325260780273,-0.358014551416221183,0.438937699860403263
-0.504678684969997571,0.0489044659171900681,-0.163256187458340307,-0.141479873302441633,-5.22942397865043951,0.500438287337602539,0.365239955726873455,-0.554674379952185825,1.98669991282486458,-2.10209455559318137,1.12135593613138163,1.48474717765646202,0.476996219787085063,-0.700709829431769404,1.35697433153359182,-2.1051627511887343,-0.972474071373499838,1.04224096618612028,2.3560045483975034,-0.040027913808758385
1.07559170063103537,1.50672970013777996,-0.286793351160903986,1.93454543842221738,0.46883704588273406,0.259959580320046624,-0.869969316410953653,-2.58968107867235897,-0.679129073683836348,-0.0190130896331558684,-0.876709827131720631,-0.163112580563505083,-0.317815127856666546,2.43991538586112355,-0.231553756560458901,-0.734905335447352037,-1.03643479722699827,-0.264624879389654732,0.680271175865720057,3.22564062609054725
1.42861872554814417,-0.533445817284249002,-2.59949291840975683,-0.914059985385329399,3.30523840869287877,0.0361153120440686898,0.919729217251682774,-1.86899261589512267,0.493984515576574468,-3.07034302029811546,3.78976890015882573,-0.574543752210570635,0.279745067493357424,0.952917020978652274,-0.803327196311151903,0.921361601760382287,-3.0243613245005343,-6.30439326292914348,-2.49275677381581451,-2.29223637774946187
0.102832158885023867,-1.71954034945031742,0.189539902031723967,-0.365473277727055346,-2.71633919805694601,-1.3609764311785193,-1.08739361142610957,1.27837731594018078,-2.00667787110015183,-3.64726085590803129,1.798602070413726,-0.412184283506983051,0.561590079218278415,0.320301213218157688,-0.780073389131920814,2.86077470276364343,2.50505452093853265,0.875564651661412285,-0.19776442889311116,-3.69303153847183641
0.308418534167176517,1.50804632349846801,0.523851016668967273,-1.0838550777599365,0.0634913268152528243,1.32349880535315334,-0.19436432554040653,0.754073556221925179,-0.442485529020083368,0.745888088095354118,0.12092261698800115,-1.10136613472125444,-0.74857247810711125,-0.75943243963836915,-0.716056017214862228,0.429855624406330683,1.90949066856579863,-0.322214089565728334,1.0675930199316892,0.200096185340159133
0.732582909642242486,-1.33793429924546814,1.01489137567723131,-1.26688619247150203,0.464114768469275962,-0.965813792631743051,-1.25451329539119594,1.35768315591646616,0.953664306370272774,-2.33407004177736654,2.16582299389737942,0.213084257193109555,0.622046769352200934,2.47623476671637022,0.210931493727976954,4.05024455989958021,-0.759303758730127343,-0.247419415463512121,1.52057404125145057,0.16791552416704808
1.28478381703043776,0.0631673208999943003,1.78209738967111964,0.138915847619453664,-0.729262136606952383,-0.869064809975235164,0.591855850926658489,1.98110238909504033,1.20110545346838693,1.86118221944214346,-1.67933560997348486,2.13383996982391411,1.591744264686618,1.04922199088737189,-1.99421064073317345,-1.83223611694723187,2.45039268483565698,-0.107803290832241688,-1.04334948554693274,-1.37479038421208699
-0.164597958240691344,-4.40212946740266364,1.70493915868396484,1.92437002758213538,-2.607855321087996,2.5009674539605693,-2.35008918498152664,2.53214469156430511,1.30276329518812695,-0.227519406440457317,-0.581402676586819989,0.744420390410053479,-1.60729620755295954,-1.24976387867269012,0.379211668724242723,-1.08550475163748916,-0.514483273026983934,3.41900416066389745,-2.32342283301515806,-0.279773395012570092
0.0828665905251250307,3.27580983977125095,-1.94455137785809384,1.15314532871732611,3.62601701323025782,-0.766891790333997236,0.287603191492501742,-0.967038240999476773,1.78074425574196327,7.50846308805225959,0.878935812858837706,-1.21941944309587602,-0.888639323889848787,1.6811273227289385,0.410353681730370901,-1.68728117576539716,2.92156010331705218,-2.41905286083718041,-0.839993226894098832,0.833381212354427303
1.28359295431687626,0.58559547654630173,1.44573973377844589,0.42806656631865414,3.45562402025421589,2.41094439926254722,0.764370729412449879,0.131479867677886414,1.65684516790485148,-0.74670705616608668,1.32305581687347895,3.82737536149445301,-1.54856130600446806,1.13596346055891018,1.93847541170214521,-1.6352565900359155,-0.670150209714654221,-3.39285207872167538,0.514283416480166067,-0.90008253257660642
-0.475808709009903963,-3.86897196274957933,0.236550325179241488,-1.24098608333407934,2.38448378063488953,-3.46024759873943744,-0.884385244283849681,1.71563619228280606,0.850670681738686429,-2.08094141832163304,1.70918725175132269,-0.206516174051096457,0.128530236423163358,-0.212494523964186777,-0.515616565005532768,0.217743966173925607,-0.241938016831001051,0.218794018704719567,-1.25199797640478039,0.857509677756376987
-0.980626769364412842,-0.87566355155362674,-1.1232397893893602,-0.694188630046364441,-1.08949907839058335,-1.74662129512442599,-0.720250805457971821,-1.28934214004628278,-0.963168144809039006,1.6002409256697252,1.13602532363331599,2.6549233988931169,0.281645056479983669,-0.127530481745372321,1.00185744201548221,0.0543193093836159824,-0.152224310020202397,3.47677282145895861,-1.78002953041379719,2.07078990365623872
0.635293149814492586,1.10994152885276121,-1.55929553015715339,-0.0373326800585585469,-2.35895713487956726,1.1898073374492053,1.28874184118810131,-0.999956744778424,0.0582603378412900816,-0.293906403236330993,-1.12500283562524972,0.0583375865318912779,0.212325855632872651,1.5388560727407381,1.19943765186832008,4.31567036268384641,-4.87333223905928836,-3.0583998955618954,1.16595976738533103,-1.51123287009223617
0.636072536225758212,1.56906581806634526,-2.71910346444770212,-3.83988506109700278,-0.716254896629950344,1.10053784590078529,0.766978812583984482,-2.41984352484796217,-0.853791587813342412,3.98623215636959349,4.06555410564668396,0.162057829281689325,-0.604187184947694078,1.39479767152094136,-2.14462685471551096,-4.57965256657415498,-1.54011977783008747,-5.19717478936338306,-3.45442025004012665,-1.58175998781651672
-1.89206973222442532,-0.777760175742424065,-1.24131411183992579,2.22787526318063467,-0.572294817861326299,-1.0918977010798081,-2.21025699463933201,0.343868045185529159,-0.302683315692348354,-0.729046077505004164,-4.24615380872189618,0.646981637194871451,-0.0752746795217225234,-0.0242048817541307623,0.538731660235506671,-2.10788776491975405,1.11902176903385664,0.692223808521946093,-3.02298463759901903,2.68127244323317937
-0.61393563979129151,-0.840841995228982286,0.419245173041090269,0.280660519041508127,-2.27116533362028994,-2.58614368981396447,-2.3000008294800165,2.15253779693027703,0.0568729228496835867,-0.505576353182887517,0.831604048969100007,4.04636937571421207,1.16193922190501042,-0.563079083691138571,-0.151753362649512918,-2.95221605499549744,2.26659556902973858,4.24002509837482044,3.11687324445804936,1.63395283743725095
-0.533968165001902806,2.33577300496159879,-1.67795735621425068,0.708661818034715507,-2.73084351116763369,-0.0482284463228887239,-2.18242496853329992,-3.05005870646343791,-1.33184744997316784,2.81729815055264865,-0.486548948475997833,2.18295841224095266,-1.56332724421433156,-0.941394931630076037,0.132574911725457156,-4.56353273617806376,-2.33539528575795563,2.84968733434517496,-1.99799703595412592,-2.26326510787338142
0.325175209722334824,2.85124566820408587,-0.0802155796544489208,-1.97559875046555433,0.513624834712361866,-1.74000412639895541,0.717294791082391359,0.489252965082651925,0.517100917483056421,-0.837644919132029653,0.388530126483007221,-0.0499994103979095814,0.70930656288174021,0.809536335777645832,-0.366470414239053022,2.49147717744746711,1.12972953250816022,0.783194125075737269,-1.79811285322252479,0.346409721854432417
0.25954111154709264,-0.040978403848666127,-0.599053128352015518,-0.798995432964818786,2.36740407177299428,-1.28204481872589104,1.98252659474142079,-0.927084584686463153,0.805090646083945538,1.41029761972337098,-0.371389154719866998,0.326675960097191964,-1.79900121344080688,-0.791491011628260077,1.17373986539851027,-2.93392984950960489,-0.870672401764867376,-2.3809699755353062,-0.0912100022011869543,-2.53398539388075106
2.27042553978693284,-0.146024426436785121,1.99766581294288148,1.53336178408660162,-1.30931256329369261,-0.547514493651281242,1.25490110561366164,1.90405726690203458,0.0728274635021132072,1.12313745207400784,0.821180248101204824,-2.60975233286143782,0.619704907248210035,0.329344832244749808,-0.581794486541708844,-1.04081355942212395,0.65012515485272937,-1.74781773669125018,-0.837517098609163235,0.75346091222305045
0.348269063370908905,-2.13424567171568835,-1.42382212393015672,1.30332773414404879,-2.09668753903238203,0.553654462607188536,-0.964524567043109404,0.463978362980430326,-0.181053086654193646,-2.81424139598219503,0.0888466170254620935,-0.315033575203260363,1.37635796471162264,0.117215486269592634,-0.400038337439310276,0.887692539581168227,-2.14318796122693955,0.724433054427537582,0.2112925202621318,-0.0105710620258037732
-1.47355306536144282,0.0181931038777758403,-0.611720647706351706,-1.39609587909825694,-0.700464501635248871,-2.05058179318906442,-1.4103635692139036,-0.132088920550095912,0.512704561797672209,2.1045175080669356,0.711297094653873474,-2.6106504188295343,1.71797491362744092,-0.0483154426826252203,1.30353372761643427,1.40163350578616086,-1.40426546014758591,2.39755102282344801,2.0283754146607782,1.5792062867301051
0.335896199375226023,-0.282879719973158639,1.13194917636277848,1.09202043721414355,1.27592954233690969,0.596878205570209319,-0.59875834670742456,-1.12766662498145376,1.00084920870463745,0.642272400556381351,-0.436187607644659581,3.03443003152210355,-0.167094626054054313,-0.0142788521845160585,0.409747061142626989,-3.98840800912935078,1.00514731081266429,1.39891433605692761,0.345776475998361699,-0.20298224076902241
-2.05583561285865057,-0.570050845829475183,-2.56394766082848369,-1.16595474204297678,2.22104747358930377,0.279647825741128009,-0.653855462952252831,-2.29754243675760828,0.839981242201838008,-0.888360787553334363,1.6792954332656147,-0.907509816248160295,0.414361651784652618,0.387940436078508533,1.00792855596521469,-3.3851212604914207,-2.40814081007405401,0.542091735788522766,2.38510288188840258,2.92595537555065821
0.485572711434954341,-0.066840254922397771,-0.98976566464184168,-0.031594022220443739,1.85546927074429524,-0.137793289219112741,0.900788005191835661,-0.777008071964868541,0.949855816997853486,-1.56472121525187946,1.75840952539891049,-0.457195703289955069,-1.57144074334076955,-0.93802806137476602,0.734640577368478764,-1.79649063879016335,-4.71771812067910989,0.0408600848400676661,-0.6037622434725195,3.22125206298612499
-0.88872433866426348,-2.95358266942623038,1.19519432980636808,-0.285303174809636295,6.29335682158767096,-0.461254871379122688,-2.63459137305195057,0.76805577574555628,-0.309323549424297906,-1.37267637223114813,0.486424496945673912,3.05565642360235445,-2.16699605551414543,0.573775585785035402,1.70951053382632034,-0.909948334007123605,-2.16131336934554241,3.2333108914413593,2.85854272607273918,0.543815419530853106
2.02059981786796028,0.988021949068230154,0.00659990584566311298,1.14700531223878022,1.36825732487586005,1.84450458218166147,1.94030118489946335,-1.85030159397716654,-0.598146571288952544,0.206451887822317687,-5.05916315890382329,-0.632890350427600223,-1.16521874973755879,1.29345093420635493,-1.90455763889282625,-1.25275543322616389,-0.51280455156551874,-3.51289011473505219,-1.21407606611270746,-1.82643683683711466
1.20998020293744712,-0.946606236678036117,1.91957932495797334,-1.82724027752448492,1.92432119024807347,-1.01656355745369731,-0.603372444036593625,-0.986140469945395171,0.886430243503562032,0.560536677823153306,-0.594757222016788156,1.74926354610513091,1.20192504385353049,1.4586322372468048,-0.91595964100627647,2.03968406092373744,-2.18277048603969392,4.20126676057486481,-1.15483996000280764,-0.468184559347594564
1.58666696432232568,-0.322546913249497968,0.898374910631375867,-1.69064656607739883,-0.534440099978400585,0.624566575965878057,1.00255297524153653,1.92540058252954527,1.39709769835701203,1.58235097449390505,0.641951458403917097,-2.92986069128871041,0.0636281410179063839,2.51017164356831479,-0.843619953827060454,-2.89781660800352014,-0.21821628859690681,-2.44218797295454948,3.64001991912863687,-1.36714342116742182
1.52997598362051268,-1.36476714813331923,-2.22067198914697794,0.953416917094471295,0.193669358277863746,-1.00077733593082319,0.594487670080014241,0.797720390176614114,-0.0440645225554957762,0.738755502854082313,-2.37293153976433446,0.204562572446131796,0.65524936850925608,-1.38073324304015377,-2.37199335049517002,1.05734609870842666,-1.23797912766153728,-1.34740431018399454,-1.55149650125844518,-0.710578462356943663
0.269177655406881156,3.05712567134458579,-0.748427365945289358,0.548136854925963757,-0.167236338910453752,-1.29665735619959488,0.583294873013660453,-0.624434437989222491,0.331676021563909296,2.06577890236788608,-0.327340350778536404,-0.844910752686957478,0.880643078309863547,-0.000585783048720143248,-1.49733610585678933,0.196759513143344333,1.55878572753652489,0.642532677845793043,-4.20633831968097738,-0.544727485501886766
0.704536226697872525,-0.0850161314639401033,-1.39648447539001053,-0.585245729007044413,3.51762617803357891,-0.119765298506203405,-0.000655151266791055911,0.227167487159002451,-0.220177008016509301,1.76614948475383016,-0.812359477972742772,1.11432370096025091,1.31750626085568467,-1.54959581982243089,-0.382805658641073243,-0.167309964369198233,-0.701144279208685273,0.192878354571127453,1.38853115659890136,2.30443017941541584
-0.170512508326265855,1.68147462015578153,-0.19065524565735803,1.23236583580620329,0.620635061321309522,0.362344412628647028,1.3888828829226858,-3.09273638755113511,0.331953237943472035,1.01574305255712338,-2.79185771532943949,-2.49034936510840232,-1.0860747819606078,-0.874522488578474588,2.92182525659967807,-1.59444573867949324,-4.68331879613225599,-1.92427969885129291,4.52280053862222609,-0.550911706638720244
0.283402715546207551,0.677266438118383385,-0.990604825198839856,2.93457785090233525,-4.52331061612551277,-1.06322415594577335,0.478243285975447074,-2.29614036100923213,0.104258401337280537,1.47847024406343697,5.07519993397776759,0.73675723232966428,-2.16360653437292116,1.7925345342020651,-0.163208720969840876,-5.40499425849393855,1.38495762230436736,1.71253020368379039,-0.207553460025298675,-2.13930792021851746
0.552971547768130067,0.276260683393514173,-1.02035302881196688,1.13874875300987766,1.12302688277764329,0.376298933946817793,-0.685492126933300749,-0.190435948470433908,0.021921656071271927,1.49517740693507428,0.724869359752280062,0.000406111738384580491,-1.27638506257141926,0.246783955135005006,-1.16709816142361533,-0.523160811198991937,-2.58004395222053917,-2.2970847775532186,-2.92410436237937743,-3.5115117239592526
0.0215834135796388396,-1.99453770974764377,-2.01249078002570725,0.0405723472516789918,2.17832174327076356,-1.78624971891783657,0.440398103231360249,-1.63449394736879561,-0.469048530304609246,-2.53806155649486609,-4.23219586944371873,-1.21245449835565844,-0.370428279920118231,1.30834142007965237,-0.916086078103322432,-1.82492378269034217,2.3691489309118352,-0.247569481230162897,1.67198519200641549,1.14828712643227004
-0.275190438974820983,1.09051829709450465,-0.617727478974568256,-1.98332896072734588,-2.04960010268331416,-1.22649049538241139,0.506258672784462571,-3.34024536731841737,0.732040903507487961,3.08229574713559318,1.43643721684023373,-1.00051187305591549,-0.175087043294297917,1.6446042712663751,0.154106099581381106,-2.37523679454309944,-2.20312028201462606,-0.191911035311215727,1.69632375971350569,-0.388885346239469631
-0.541981263834227955,-3.19016623694360035,2.52178449593507858,1.42709015655211391,-0.906778207115887414,0.0712543039936168188,0.057424020482410347,1.44823644405283281,-0.0985111657153806414,-0.319595337307344629,-1.78520015138258237,3.70622910115208093,0.729104217951571654,-0.854728544018069303,1.86106112299847148,-0.365243578253878987,2.40112297014261467,2.16989656690147292,-3.25202758067405551,1.65136188094953518
-0.0471575860199214617,-3.60342874115607037,0.107192205239894561,-0.924053783464697909,1.45144748578241334,-1.21602961190468251,0.193359852208100286,-0.581414015273223561,-0.742307649159186567,-1.98201731933041381,0.791991294158198467,0.202171461198022706,-0.844403885455249137,2.06831375885202728,0.507087067608700703,-2.59079941128349356,0.318333199612320705,-0.57406605444745229,2.00075961210906117,-1.26186314429010582
0.706774136844410594,2.92218290350295495,0.732353772013262461,-2.17450447482273246,-0.434612135196238258,-2.22456726775455405,-0.154916712355339686,-1.82913667543411007,0.90753344498754307,3.53763585360751787,0.330105735872818939,0.508205924674796194,-1.22494981592343732,0.117292349388155345,1.5898527206212143,-2.55883661720575528,-2.62773156546145481,1.48637638781023695,-3.70750516282989562,-1.1729671024604249
0.0766399313471690102,-0.379189479293180309,1.29140906893570384,-1.69768497397203966,-0.196178942352380509,0.264167700921521975,-0.946043169178995003,1.50777377737786566,0.587199239900403902,0.311385603719287196,2.17012811405659356,1.39488754562656125,1.30902788956178617,-0.0762410970113089059,-0.822980103317056733,1.35496239394667772,-0.904028931619403675,1.16525790975121057,1.05158567272241066,0.802850948875618697
-0.706895104954786802,3.86490793929404486,3.17769557099812783,0.305144687596263398,1.38132350509508073,-0.557893469228066818,-2.68870156243402025,1.60692427467722254,0.520330531300641885,0.749803794376588284,2.03640620243009884,-2.98293168905516071,-1.25214785187478994,-0.224600579277094758,1.72942194834742824,-0.300342326195523757,-0.347069163955644022,2.48283831527287946,1.09218627013745428,-0.995534494558607985
1.07338127637604819,-0.0850512954360979623,2.04196326358895197,1.25615641534798805,-0.539202401826266664,-1.76791510553086373,1.82876731101906675,1.8173465531786106,-0.478502221333560351,0.649532745611133722,-0.35040122602769469,-1.84591191828519441,1.33556207718009667,-1.09438710498033442,-2.68618883826441213,4.21035490807708968,-0.331605840370319094,-1.38772112009866455,-1.95667921777331899,-1.26758475232601175
-0.0736733485679568201,0.845892783647190116,-0.0388641432275940932,0.494042165208358197,-0.3859756963588451,-0.0419599587369646129,2.2598998104796264,2.00029796240741309,0.360762071965376907,-1.48906509976540091,1.0488533531204085,3.38556937688763426,3.55522791808768135,1.56751918774457866,-0.654016893328577931,1.39646521108388,-0.439744417231916984,-1.68355456740381082,0.648074722206761877,1.60397066020072976
-1.56953472887756407,-3.19565091160133941,1.4909700632178613,-1.52912385860097988,-1.72404255048619137,1.7279198759541845,-0.48941117008781343,2.30538095822621614,0.197759022489493813,-1.75395866504392539,-0.93425164432148089,-2.01948019459567485,0.638430950810227493,-2.11474468314328634,-0.00124662055506254534,-0.950809702788057876,0.573194546946101946,1.66910946472864996,0.68209063548553539,-1.28275891514542795
-1.91541029055814804,2.08368186684212287,-1.6083360500940278,0.84637357663978785,-1.30215044831819671,1.86570697026161092,-1.55454672965694241,-1.15202125614337203,0.113292158585995895,1.2371320327920492,-0.531105854397588062,0.550918478185611571,0.259780406125282859,-1.94234082023974919,2.13250153278719212,0.32587105388151516,-0.0265761669182149746,3.72691245555026684,1.61986809764762785,1.51577249911795886
2.35699045682115438,-1.02000875943450198,-1.0333793620946119,-3.05200830265427436,-1.85960293128824472,0.362588636163311384,1.42556222762158025,-1.40364287227541418,-0.722992012333275036,-1.36802293350735016,-0.272342054821347879,-0.287738508703016982,0.737967658029572648,1.82515371038126784,-1.10744195345634644,-2.34067180319747248,0.128893389405370928,-0.198590146695654501,-2.20993431828866793,0.0895370395615108366
0.115314607288537221,-1.78710398022641415,-0.440680989790320554,-2.1133827774845857,-1.98597906512628386,-0.321993571508280674,-1.37068505211927483,1.4955644630492031,-0.513944999090937049,-2.43733376248543143,0.0633337842196151912,-0.2452979678526232,-0.14331232784332007,-0.408556629856191733,1.12742661258688637,1.26390900579107135,-3.02019055787513935,2.90711290009126699,0.479922688411299647,2.72037716559408649
-2.71294009845239659,2.13396329437097254,0.546603735183236128,2.47949264448776718,0.475346152648091991,-0.97206439248420129,-1.16900348088158235,1.61994094889343421,0.0449903281167046767,-1.58282827132616277,-0.571825492807766733,-0.227647088410516008,-1.97390668302633254,-1.37902767687652217,-0.233064437089726989,-4.3964322755424412,-1.22094468624992913,2.65386101286655052,2.55376781890096627,0.208051569729535368
0.605651569865140904,2.31048814770374245,1.27930002771884088,0.938962079037514274,-1.74173696227550745,0.50194639749888903,0.114835445941683267,0.975703738145275001,-1.09342216418979521,1.8459741225667694,-0.0628406187613361616,-0.52482198569476235,-0.729423380733265403,-0.223214639705268281,0.521386416850175394,-0.424488193192606778,0.104114555887315843,0.53802176721355488,0.873900546581913185,-1.04164060219554755
-0.235194635977989619,-2.37104936552322698,-0.563141927889724059,0.302390847876377433,-4.44743258699527111,2.21009209173778975,0.0912959886433004075,-1.43214249691195628,-0.270831401513017656,-0.254450217944397317,-0.180736357597695768,-0.429159445476408385,-0.0818811209131880963,1.30053942375708398,1.00139032024955354,-1.89081618521554007,1.67171640443046376,1.83828630724424791,-0.4960165289048033,0.0516564208537657818
0.754431454683911262,3.04565502153238032,1.81080074591464713,-1.30584874200969292,3.21941732850596107,2.31540647385567189,1.58787596859280433,1.71231604830663442,-1.03094561458844991,3.76850746455551233,2.67380364464292386,1.43521360923494101,-0.475004356655618187,1.13240673889851551,-3.09752558553496637,1.74656735623418613,1.05963786963546247,-3.060420544344018,-4.61666917078956285,-0.866655162741782781
-0.721156458827080682,-2.38085978744841675,-0.736757957835856847,1.07163049012102185,0.908195018013375988,2.46693363547578937,-2.25387976797667822,2.50831714727382282,-1.25449061590604583,-3.04712004415476789,-0.684713194618266185,1.09644503284001904,-0.465967588972126201,0.816412333445654226,-1.08540610486158084,-0.878821935856508252,-0.694314557651465103,2.39053861656778244,0.998777761556960186,1.69766686535046785
0.160822986305216298,-0.0241353022461140189,-1.47212103097506053,-0.286763860576206842,-3.70778303378789431,0.231283811144266188,-0.720872882199503184,-1.78058833971311992,-0.000225948416028975144,-0.946621638767236595,2.51946176788409471,-2.24647433792408524,0.817690925239694888,0.985420969688710069,0.463457271741350707,1.68855815293780931,-1.8097432734363883,2.94535856647252903,1.17826174069330203,-2.34386898877894856
-1.73685456669869698,-0.648351498685050043,-0.305222752308757284,-0.0564446227651175594,1.77947609411384744,0.634041982037106489,-1.00473841131285635,0.141403961191224559,0.772391724649297173,0.405415497856849605,-2.61539633864780319,0.539803108667334275,-0.786046183440251456,-3.57560880586714092,0.486318180512576748,-1.25254936655843085,1.23431676329776474,3.41771957594330944,-4.78236975519574958,0.176040755915315317
0.504992717143510905,-0.867014981370175408,-0.945044319156439716,0.689672740124065653,2.96823944273116647,1.32762664574232958,0.91856795377426137,-1.35623953072765291,-0.988650810002273506,0.602414839852961737,-1.34202679550594661,3.18063527130694101,0.690768269586546912,1.12785033495144638,-2.45331910643680295,0.713940736500887185,-0.53252692229712939,3.86044669573589827,-1.72501155912994197,-0.397365729108717869
-0.886440298284767891,-0.337836366348736095,-0.0334568436071005504,0.518118891060455389,-0.621785612385934772,1.14495125515929308,-1.41949351980628369,-0.991962004081828441,-0.91018346258441607,0.0327118799751607708,1.82586614371507516,-0.411064753159909646,-0.126495778311914803,-1.51471522435028949,0.17547226221902204,1.09216466160719938,3.07278480703645496,7.31967885697725684,-2.96731300688291855,-0.390400765228394897
-0.629107153390873086,-1.23486599305958622,-0.454111101861986388,2.98954861126096016,2.13450900606907856,-0.702741463026469559,-0.626193971487829404,-0.286671887592552521,-0.456904487663907566,-0.447955784487368003,0.150195893139958764,2.5757426616212884,0.0724903833866618608,0.747271357400363434,0.38358286453829421,0.668554999457553367,1.48754922199188822,1.31513427673890693,0.771659403668900734,1.23356536189583954
-0.885895171405242876,-0.440018727920962083,1.86685750307480647,1.36131225907112596,0.213215478252763768,1.64690413244664002,-0.545834868283578967,3.48151276889441608,-1.11783787449811256,-0.528647123522393847,-1.75722015464368897,-0.7558769399171682,-1.61356123649140959,0.0896531579569953135,-0.357656693551131333,-0.764467895205199977,2.27395428188726845,4.03572422002312159,-2.84130442662728111,1.92396766041818523
-0.798540910949165128,0.55972984503572909,-2.91214632243211202,0.4167183149798106,0.577291196199462009,0.326202807029102593,1.07362279700774543,-0.390103678332351989,-0.38432057556849919,-1.25172008757880371,1.16886906685748282,0.312750622560623526,1.26547862969787728,0.235298359059160717,1.7243054821912378,0.616536113976865363,-6.21544567549583693,0.237455880799779917,1.24162075034379149,0.648028182919014761
-2.06299654272022481,1.15928191955840965,0.694883254975521503,0.421649691499874468,1.58489887926948181,1.45089326041750533,-2.95772575418686667,-0.423480326265055385,0.413593281004406843,0.132350191114391114,-0.418530371111416721,-0.427372876726477724,-0.171054734112679407,-0.96885969315126641,3.44690562937055045,1.55732467036016331,1.10808340624320656,5.0777368946178072,-0.275774534423483597,-1.15240884859266668
-0.344909969689148999,-0.331490766969007478,0.279977394072397467,-2.15796821000567407,2.67108170159730518,-1.47474735289670145,-0.834000520879837115,-0.650596765182724801,-1.84358589811437268,-0.545511272857919782,1.93775273619453259,1.43556473292614273,0.951301607909872837,-0.992152298683670275,-2.74300076152743921,0.494905283332188084,-0.519793222910151509,1.24375999386793734,-2.45675851925688216,0.208199094988584937
0.737605616089024529,2.98086969756273401,0.0760353844181908406,-1.97767429881025247,-2.16628517445281377,0.924059139856161393,2.80080761103559617,-0.430098000962006899,-0.816608246240556945,0.52659023596920973,0.336966768114449089,2.41924319961662038,-1.39674652310583514,1.06875281472409589,0.268410387541734907,-3.11233567510980524,3.88940380737624336,-3.92130298163134139,2.32321023833398854,2.41353252810410579
-1.43354775024932835,-3.1393706834983246,1.97378773190203183,-0.130103704941158305,-0.765737065662822403,-0.335899778439455843,-2.48790625566295009,2.58762292134407224,1.0156073475045837,-1.52100716212484754,-0.580385663435873722,-1.84956898957865046,-0.876060929482527673,-2.39292338047485353,2.57580322105749771,-1.26376836391788605,2.7921760696819109,3.49984092787158962,2.99357031843895838,-0.735664450784065727
-0.0826517052822763193,-0.635188795589783362,1.04145782002141263,-1.00352812013756565,0.566040125084195656,0.690364864091293495,-0.836018740791052761,0.289898994232571761,0.819133819637448246,0.676226995687544186,-1.76553931571466305,-1.83842518286463896,0.313417592552440283,-0.699767171465409565,1.03983370481090076,1.61551926552143255,1.58941599849243431,-1.95011383400661842,1.92928035211901472,-1.89956296832380978
2.33166665197540235,-1.68653418242145836,-2.22233469883419676,-2.7567162884318015,-3.81339870786983592,1.34789888126883128,2.23552753079125432,-1.9865602254883048,0.718082831259193033,-0.191758534469180841,2.59643689900634067,-0.275148149132085795,-1.12432586684238878,1.61158397206136006,-3.00504690044372902,0.53087473970553245,-1.88604671199018226,-1.4369016052782988,0.191701761602603549,0.301654508983943304
-0.589428751371140591,0.156325421673053966,-0.695732348503343312,1.42683634431790707,0.0807756306901232374,0.235628000973982149,-1.07975354191766204,0.143316907708191554,1.12534081195557345,2.00437405220423104,2.61369056813211209,-2.00348695169847746,1.25041885821885468,-0.0925705319779815822,0.229350734112801685,2.50899184973311495,-0.966736196946776372,1.12491948834470534,-1.36645683780288496,3.826221700230795
-0.535775486574686766,-1.41393336875603337,-3.32836046810586028,-0.288778029848430928,0.898824767036705219,1.38782209593450401,-1.49543926540346694,-2.73330824153821395,-2.06895267535014593,-2.85169425751990779,-1.33493400259585426,-2.80710356429653674,-1.24702519087592667,0.976831432829616375,0.0308123169510159112,-3.15583598010747046,-5.23975536782695972,1.02807639842235443,1.72130245950435867,-0.224399689565381227
0.974555061114962151,1.5050942396484408,0.541088238005923761,-2.03977963104359317,2.90404492821746585,2.23765551378979399,-1.83064411581807018,1.49165380778512224,-1.28092620027034076,-1.95348263440101921,-0.9684967358259986,2.13850291331096143,0.0947500964137654583,0.903647488273558674,-0.87593659344030339,-0.56854943453090534,1.693987488739086,-1.8073683021117728,0.295453569162210272,-0.819212674360010551
0.786984799384779388,-1.64214310449833234,-1.90509856049806059,0.661197733952512023,-2.5570959279029073,0.500073049203559994,0.694645027893848632,-3.04510038761442026,0.370823495088214661,-0.00717823144795251295,0.936243931314870825,-2.4122724132206983,0.650186597445285841,-0.043101556319308558,-1.13650883191897001,1.06093816156901943,0.344774199066127995,3.22016711807271205,-1.40009110968796002,0.6753105069738915
1.3755815277034773,1.46240243305855833,1.42391525463516766,-0.89585863525094056,0.370083627233538881,-2.19587259873837937,1.51186284335966814,1.84809758203222874,0.299431906580712559,-1.43262953255066794,3.34667739243252305,0.56459280747641527,0.664338006180822283,-0.426134411738684382,-0.66908928741537399,5.57696942501698523,1.01044340962734602,0.0355601384075094826,-0.587940516928660561,-0.165439918429535038
-1.40413813781658625,-1.77382967260157676,-2.00357786485797407,-1.88440426498007185,-0.0764876161153716511,-0.195109836713501322,-1.78279481245033966,-2.61256848141122511,-0.501670914992137229,-3.22000331684645413,-0.402852402052355785,1.91952227451925483,0.831390668036079084,-0.78716733719448051,4.31777170314532199,0.707471607857543483,-5.33593284847094829,2.90902319932767339,0.0972447715632545895,0.928097344484565157
0.491483792713214629,-1.20312707947401809,1.02449168966412385,-0.297814297918638837,0.0532599840526409574,1.05278411823733142,2.07484999787180424,2.51784155819787792,0.568991087721965605,-1.44804804482590588,2.46697804614600003,0.498009758046133899,-0.718811210873553375,0.723424169549717222,-0.742734143745390152,1.82126432313865738,1.51053640423563862,-6.18245849577856532,-1.59768900036682027,0.69876509316863944
1.41528716730200488,-0.842182282473479593,-1.26454460051828987,-1.18422199878882561,4.88139476187172328,1.59405752825441915,0.867367472485143232,1.02195874131335951,-1.41776953390490212,-2.47400600703942075,0.451158608889227819,0.606671342004970526,1.59549520667326017,0.821942873303275867,-0.483784394663940687,2.50056419095492144,0.607885453491947336,-0.547935262790642197,-1.34328059875788286,-0.639196401965159477
1.85382641653009839,-0.134861753693912706,-1.27167697654706213,-1.38102088688710212,0.174350908526679921,2.29104163303231889,-0.871654779293579041,-0.999396802484918356,0.187821231436820557,-0.579363483398602774,-0.816490925569797077,-1.40350802471103941,-1.22091389445201082,1.43864676106680278,1.18806965892604999,0.423764859159395268,0.875668150015883828,-0.371289215908377546,1.63935795039767518,-2.13342548683630318
1.71207638731999467,1.33430383844511358,-0.430100188417949947,-1.00070238415039126,-0.457674977258394899,-1.07018727663882762,0.718582554448709332,-1.35731146659669855,1.15789380693514965,-0.186287240751449007,-0.231655628663552604,-2.86760043549584154,0.309017475042240919,3.03240865373375623,-2.60849298166488452,-1.31989868409684741,-2.21044110654395043,-2.17736562798215472,-1.28821871889992212,-1.26142651566590147
-0.818208333596537774,-0.884477662328442715,0.803772340414579345,1.38945892539296545,2.91754499182558558,-0.0053157276543485954,-0.571686722113749934,-0.347697266489151391,2.12608195316895143,1.96172819767758577,0.339344201389854772,-1.95131561649742946,-0.162918409361429706,1.1972618255229257,1.06898443932799325,4.01228937126072793,2.0540559955134694,2.0990919635575942,1.72143863822977861,0.393910015381952971
0.35559114019314586,-3.49945705731440793,-1.47432129506869214,-1.23093595997522876,-3.93029833020581876,0.0524505375966371062,0.67542714958472494,-0.443799003331464881,0.552360684529303425,-6.34317157624883343,-1.32287505947379413,2.01630555878821749,1.51425219629563967,-0.111219651896881086,-0.286046828263614883,1.90798535652111934,-5.42427114483751449,1.11943900799672913,-1.00113225026868569,-0.960445667947484427
0.551558872106171827,-3.73116303500959523,0.735769894430345017,-1.40790471466468636,-0.490491993561055162,-1.18395131928940223,2.46769238297848315,-0.110923203230878897,0.0357675839090103379,-3.64889442938872532,-1.36685230753402376,0.675192447384851957,-1.14882935514059059,-1.31473976451332231,0.0931234473059934786,-0.722796043837481306,-0.638859304926942095,-1.69270016736859485,-3.25878567580826184,2.19491627059893002
0.0594771171914328309,-1.88179743332343441,0.366247747136866086,1.48310198912090807,-1.95557819216496864,-0.275878346078657466,-0.483049760083330559,1.66570791545665875,0.242973862406065805,-1.39749359048238753,0.51151283778926282,-0.108780203411340856,0.228834195401064033,0.946444991154136162,-2.20762449520175563,-3.94853310885688069,-1.2728193119262281,0.556542022686790094,-0.605277990826111889,-1.21527989383465762
-1.34951063012215644,-0.360907868796945697,0.613411543948444438,0.641638200526064795,-0.258572293450420099,1.07475035190544688,-1.26491696936572828,0.189993727253052858,-1.19015010942888111,-1.68004858364569087,0.134836011913919224,1.76304329300946772,0.0321528052007360454,-0.743004981112486584,1.50185061724979785,-3.54373797729672813,-0.664248695302893433,0.237294137968609986,0.505802645167061082,-0.602178728847891143
0.836833337008639155,-3.08499771276757251,-0.56253323013318679,-0.087636706513218296,2.66414127218292407,0.0171565546150492729,-0.377247589918544401,1.80191695623059411,-1.76619811036262009,-3.39103821971506347,0.961200598651603122,2.40663038093794945,-0.300792704657824206,-1.29139892614460416,0.705125843786784778,-1.41897338501578285,-0.315086838235044908,-0.970032092463405715,-3.42812768340412521,-2.15203134389327966
-0.0318569949197843108,1.90850628298882019,1.06072399091978387,1.73196439643910249,-0.666285737898115293,0.615051788770792474,-1.83547174557165316,2.45817352595489425,-2.15546461306286163,1.85054419299968442,-0.975614932971580084,1.70293988900426729,1.41963651273458091,-1.52856179816346915,0.835876824423318565,-0.519092195866616812,-1.42248990888387428,-0.00158981004416712188,0.625062179777721827,0.841348728882511332
-1.37032371071312475,0.143269423585644373,0.196784808720148641,0.169342595070190366,0.997916721978494903,0.146197746719426647,-0.630777257004339509,-1.05317244368046259,-1.64139586799805581,-0.226859401426424023,-0.995728435813594159,-0.510912837671729458,1.01722618774322626,-1.03716430175796237,1.79674896220555014,-0.389800308572187781,-1.99863709289195235,-0.728942044054040394,1.01816236461258991,1.32867482036955642
-1.63267971351179852,1.75885739070172309,0.205834509833718149,1.66730841380237083,2.73872436657921936,0.611518129507250263,0.103984910599255048,1.29822367946784745,0.014019346995357309,0.790955497456323986,1.20221198356692138,0.568812267766488522,-0.420396330633026227,0.981914540286027315,-0.945558684467428523,-4.70739898145229851,2.12818954968274987,4.03107647734767127,1.94910716944490336,-1.42974271588307533
-2.50646959949523973,1.67693999324062304,-2.00553473004479388,0.180781923893703733,2.38355440633201399,1.63972028629533551,-1.28244889504278348,0.144480380628259575,1.49385428706476708,-1.1089041166397331,1.8891520000976787,-0.121148887022720475,-0.569610190451039555,-1.22366232260560959,0.275376145246891912,-1.96976365883463678,-5.04648660495225343,2.06840537762115817,0.0772727308135335716,1.10382366077549765
1.76650638420249662,-1.62187368630362139,-3.31702470073761058,0.750555189023360159,-1.35688325273855259,1.39744439556402722,-0.0338900690390593964,-2.41212308840985079,-1.8018058705393396,-3.13547381754298593,-0.847705758824855882,1.96351835025367927,-1.55434496891093121,0.981971474058764393,-0.29344760147988358,-0.57855244197845368,-1.23911030143656786,-2.64158458584624878,1.37826599992622501,-2.80148822506878137
0.881252909407269525,-0.395558930972911005,-0.228676801000208624,-1.17403627247822229,1.88463793108166988,0.907336401588694552,-0.325343199080269985,0.685608863009145142,-1.19437395251371536,0.998807805649953084,-0.91593708029550569,4.57769906594842859e-05,-0.302953356707883148,-0.202276624692932311,0.926955969257788559,0.600205881800999652,-2.74051794992012132,0.228752907125101712,1.37424327001724023,0.713843788648453881
0.285003665391110217,0.00519959123834418547,0.310055029736226062,0.733292904759230812,-1.75067479229508849,-0.251035982915328582,-0.10623613697202286,2.46085327890988292,0.278508953824788796,-1.82992757604450107,1.01740906012807075,4.38411391422379104,0.499278675360188218,1.88438831733514545,0.686730683861799474,-1.98931968031580997,-0.252371677189293653,3.06390752886085149,3.98371191263412783,1.36748527460962177
-0.951211962581764436,1.2493485897867378,1.97449773485397961,0.470929119344434821,-0.661943553938010854,2.02235307552467036,0.0335233067039483329,1.18536250689235167,-0.805001244431170937,0.151779266166837901,1.74738291229197662,2.65046172823105275,1.02364871748544095,-1.29940366827077969,-1.97913983836113472,3.70496209232021867,1.74925221942370279,1.44533662105436189,0.531665381490137978,2.65692967260424417
-1.03856079288761505,-1.29636120941522148,0.0532362218742156515,2.97251887716553176,-0.0629807023234347924,-1.19382204909477996,-0.119248796138936505,-0.369796672565908813,0.986204340991815753,-0.676444354649933244,-1.37674738638420657,-2.64904164292268174,-1.85192315805734187,0.488388083251861449,1.25206051407478269,0.967978819460528994,3.61713942207690931,0.996015614121216197,-1.87624440982593255,2.73108485056080896
0.27740400714086394,3.34174462400177719,-0.475620046474233671,0.0289384589693726206,2.48077858829108022,0.104087943254292076,0.530458169152707937,0.103211816690549921,0.234449997312809383,4.04482798257864662,0.996818980876563066,-0.915618674648876141,1.51203188416745804,0.78075278122339653,-1.7255971514190398,0.884542696742377732,1.29980681682811405,-2.54445614631251615,-0.0915152792949700811,0.5347637837946424
-2.04926754301180036,0.159406558608576249,-0.587155343865432,0.0988241336814425914,2.03443368577630057,0.170188034312621361,0.135369665873812522,-0.0887211841695795672,0.792256479906723876,1.39344077701397273,-0.198602585167044821,-1.35336002039477643,1.87531736959708617,-2.06471791438540642,0.493349603375766776,2.87698760009992327,-1.96000173968126834,2.33944418229628548,-0.521904345086531607,1.84739465532105163
2.83388049599484848,-0.678479445211512266,0.679572166519353704,-1.02742359318432608,-1.18537725419067552,-1.60226780883994824,1.24921604855099289,-0.547630188337897228,0.0128550471642222934,2.03118697252824987,-2.49947123616161537,-0.605595226868295589,-0.648058506186343641,0.210840545651427763,-4.12135900989960735,0.794101368981081412,1.43987046032095578,-2.66912653369131014,-3.44859891319403733,-1.68947060600491228
-0.476128512032265194,0.48962706933945388,1.82382275564720842,-0.31948738672913124,-2.18638080382290223,-1.94535178384274166,-0.17275999946927359,2.84921199149441762,1.07198597041463817,-2.19208466258530787,0.717550943012254416,-0.405710785233125149,-1.20962670051547039,-0.0225058488984432072,-0.163365005206730307,3.33806983416402003,-0.644819691014120178,2.23803128971153331,3.91165311065245369,-0.672949460748992756
-1.10011353857529226,-1.82366295467140449,-0.00740167815650793343,-0.829692683489238525,0.483492634167588531,-0.457921687431919078,-1.7860366802044001,-1.04536244637420483,0.538287627978144889,-0.998536555964302353,-0.620394079024753187,-0.665312664976607016,-0.501384903180402408,-0.555897526369763195,-2.19088083559212699,0.653552109597665187,-1.33156837638240977,0.569835598312361191,-3.40186601525976462,2.09575724861881429
-1.45630199745463673,1.65004812637344678,0.243801055178392012,2.23763109058656751,-0.829384638591091128,0.328870320495032897,0.387220599791109066,-0.698023694654086202,1.31703937190375875,0.952815291605704329,-3.65273661478634315,-2.87855712408621445,-0.152967862459656656,0.983632160013366397,-0.898286628745295745,-0.670720941048090213,2.23082560042317102,3.43920812241342899,0.704232426805791567,-0.0293608821770025598
-0.446437036108466634,2.07882274749681883,-1.83489054584035949,0.307895274918071837,-1.45083621205002999,1.52917377061907089,-0.375699009981120158,-1.68911907927777394,-0.745278564500868379,1.58211662737613512,-2.15213959208998995,3.57858534125170902,0.418115197525365856,0.578384546304071545,1.63073838951042771,1.4067510398962082,-5.16149572716611793,1.54101752045634033,2.31486210313904994,-0.243028651277896662
0.009337961832460542,-1.01296775070846445,-0.291384241256376575,-0.254383812149770905,-0.942778248534761332,1.91929056874294268,1.21087593644845071,0.691178725981559383,0.76349010616305546,0.287972585023220262,-0.461708859304972463,-3.01554489884489119,-0.576068669453889348,-0.360274911987654434,-0.210516197692255463,-1.47954187737427389,3.88923654367388183,-0.487495486672121392,-1.70062476256789918,-1.04057030201334766
-0.919312000918089067,2.11391653656572398,0.28090004607942165,1.97233790877147475,-0.498369325207681513,0.689159130869345105,0.962738456633733142,1.39116079316279695,1.60191422240341375,1.92803275809644181,-0.550474922183853077,-1.70278039899990152,2.15734213330363733,0.316259888184461102,2.47941593485035039,2.13991306767919065,-1.27679617044630178,0.0170181569717982144,0.316551340857798458,2.26934075135131996
0.426545994612966994,0.467277630580059555,-0.421328555388293502,-2.22046303186282801,-1.39291112620128188,-0.0980834035418283456,0.0369390179611144773,-0.560742177505692774,1.48253238921192776,0.0366095665345955168,2.10988561378064965,-2.92638905360700008,-1.18377425213757537,0.141630998329600244,-0.328479370180734587,-2.49654451074795514,-3.61073281601870599,-3.24443153209411062,-2.7251289234641991,-0.918020994238948451
-0.305385876710936977,1.3067125296992903,1.94073066891292401,-0.972191127620426476,2.9326452788860875,1.23157011749198042,-0.755135428617835447,2.50710850658900597,-0.506359391702103756,-1.46712005642325227,0.972997580259846506,1.79989442744202277,-1.39676284931524308,1.76487057391782165,0.421177518264675144,-1.14741432992820469,1.44365928375313479,3.3793969290796908,-1.9468898384664437,-0.613896960636355238
0.331515753521226197,-1.53021389429104526,0.890104548635990644,-0.00523813262586114974,3.49318596796690839,-0.119415496138301644,-2.07280837131759688,-0.644291111239359005,-0.0630123889816565225,0.157582153336712105,-2.57679063380911577,-0.733526939898892505,0.673244053611764426,-1.50500786831909661,1.77299735808828141,-1.64643310905120055,3.08536652158275571,1.32611803781246307,1.40733592587783507,-2.00127192401205001
1.03422929294307009,-1.98558515139002201,0.0809549656057573924,-0.376768051388068403,-3.25489497945246198,1.39697144424250852,0.563349032423682283,0.680571176949810841,0.154422651376310949,-1.62186850458245835,3.56787779441789032,0.974808458691427848,0.307720694019497143,0.167215398430546475,-1.38992970307716601,-0.122863243858764057,1.97194995078206281,-0.345085167462874765,-0.47857699149084304,-1.39686796690068094
-0.149371315607747468,0.250607005370965363,-2.16637335964067201,-1.16643559547585807,-3.36445216949235082,0.794465514763559422,0.586197677790066929,-3.04110623514968781,-2.13655417890533439,-0.902679099747014435,0.885458752945694871,0.126825061030511471,1.04684660195326318,-0.139548990199186679,-2.32363519462253665,1.0106856737665082,2.72782890587395688,-2.3053874932259717,-1.63505078363392142,0.947755172718537597
-0.992283948055445619,-1.92286733082792738,-0.0309931213601561881,-1.82641196858550381,-0.512345860983135282,0.355282615191744255,0.274249605116526907,-1.39691329471104275,1.43092833250639906,-0.577342268006694415,0.928983802159553784,0.0788642598147753782,-2.1434899383470869,-1.1497759920728774,0.860802949523060801,-3.62523463471726393,-4.15103301879314657,2.8536926234723019,-2.52355454911162891,1.58973402098510874
0.137732429144101359,2.43345900725483633,1.42346819323649032,1.78641997004005115,-0.869796657096510328,-1.5140382419234657,-1.03655737390963365,2.73249446961800535,0.469870039448375409,-0.760112318109765428,0.388413764481258195,1.71581719815425093,1.15150107622966247,-0.46463859875242175,-0.082382766428701043,-1.5160500228933218,2.37572276984425246,0.219809539974059165,0.582536373176919309,-0.0655958370197641111
-2.02355817597789711,0.0326772293258766819,-1.54268323263504747,1.17679375499534067,1.21009116477892364,-1.76338429762292215,-1.72946674810920742,-2.58213501873015483,-0.457900656702910858,-2.28605032452994372,-0.686487950155153515,1.55854027308573273,0.600330459779058079,-1.00394531565972933,-0.496758261653355071,-0.66960496871973163,-4.58445945856232129,2.18103563737990935,1.66951397857284145,2.3504849258681233
-0.821329298534172136,-0.213747187617056439,1.71034895754855931,-0.217373556842038324,-0.274865408216542317,-0.633689787773013657,-0.87073905705011978,1.30892076872829799,-0.0708227504847495637,0.430888374580410904,-1.66798604984260068,-2.40358487365525209,1.15415667029710467,-0.871484980695969691,2.24016841013461887,0.289670702557071835,0.385513817386192781,2.79690404201258813,1.8079562415255761,-0.619754503090519826
-2.20922728288193682,-1.7382274623411833,3.17454403337677471,-1.48075050252064866,0.631328256649022257,0.603990720354217747,-1.21422865740972363,2.46250473757872879,0.926993887786058401,-0.496043046504253127,1.0422279722848089,-0.605857281557867222,0.210488006439836811,-0.805845585166241496,-0.93838191068526533,0.581042914413235634,2.70874120460764622,3.69863531570812043,0.276363615028918874,0.750043699591176893
-0.606309272107803943,0.12045712957440631,-1.48411056518553397,0.514773850046941983,1.23542575018933221,1.98227724984489928,1.7743875402104583,-1.59057028713731241,-0.597466962962647896,2.2752061690377583,-3.27852167203220768,-1.42799701376523092,-0.275843793349336841,-0.0182614461043033166,2.6648762350682067,-2.42889832060704602,-1.82095328023346092,-1.89895861235749175,2.38710620356274017,0.236332396711043446
-0.918056056131033027,-1.25859970640546015,-0.813243305068122813,0.815139752906927417,4.03856634588340313,-2.56334522974111323,-0.956007427135054155,0.239254715680916552,-1.69759166661824712,-0.327712792468665248,0.915103131049524565,0.936252277088138962,2.05878902162939692,-0.873576681843466041,-1.20199028617658188,3.05016219286203238,2.00778556085589477,0.334201874213043149,1.20156369499288695,0.0115446097439831693
-0.218821290434069254,-3.41122577332428056,2.12947350320445317,-1.06703125155256218,-2.46802974511039785,-0.539048051571273446,0.386271309726857193,1.07982886962372571,-0.153926768748175902,-4.31054091228207703,0.554001988667615408,1.21281520391632203,1.25587077694828575,-1.24629594958605905,0.0317983614591331246,-1.05449915467548427,4.0896325259818429,-0.787684766556110416,3.51377004312586205,0.66975346434794214
0.995766022415539576,1.35345200767042484,0.391816619095913032,-0.497164656048317111,-0.970063977005044986,0.831510994796624714,1.46213783361277194,-0.343088595881889613,-0.90066309204027073,0.733440439226442087,1.22536187622581294,0.454911586975331517,2.57322482450446133,1.79258286986842097,-0.0469253502050385046,1.40978603633647626,2.49648420446679564,-1.30252047264347137,-1.26851665108442457,-0.0830308296945937441
1.18770268252929734,-1.5768144043431449,-1.10065720150578494,0.462223585801709136,-0.788480477292297421,-1.47685615913424351,0.153652321884856891,0.908207199671830723,0.489826596499721212,-2.83173710268595435,-1.42194301266609302,-2.60284739787317543,-0.338396306154226167,-0.29537808924017106,-1.86655129346880644,2.96758984203007037,-0.578276655598166989,-0.586137765093804775,-0.483456717326104624,0.743566429837136056
-0.309458539146186207,0.794490576026256834,-0.766905173224153303,0.360750720900192168,-3.47395634652197094,-0.359035640926690047,0.871196846072508024,-3.08094172930791865,0.87696428727904252,1.24855912687217785,-0.153176632866921042,-2.19924383157970738,0.460356151391084212,-0.53903286178366161,0.280609268550702895,0.595685944109476062,-3.37543073544113259,-1.99650827696099609,1.82358326031172102,-0.357116734406544123
1.12650744671760128,-0.0758627152053636955,-0.0729445842975302849,-0.76204518229949747,0.0745684292952234484,-2.54738422718979285,0.749049415127988616,0.484373384312044408,0.0396624250960522923,-0.735229059349958081,0.119069289753518243,-0.297022619432861845,0.869046459446560227,0.0644696806011361423,-0.968502290830056789,1.18810209645501041,2.73602056365203783,0.337207403513709203,-2.2633507643033699,-1.94538367804028356
-0.549914963555841907,0.553891955110430878,1.93428959004472345,1.67131006237273505,-1.56956133365468764,-1.83925853275674278,0.720969688243767837,0.644316599045820948,0.605766397063903894,1.78448509382674225,0.791850766783812388,-2.59501497533937053,-1.17794140353939958,-1.40450313786195702,0.265235148854880476,-2.55440274789807864,0.542093313488670403,0.369175290540226186,-2.49520606521769972,0.980443468263308526
0.0670057462399590437,-1.43261053216037171,0.536096833025795472,-0.260830687379637605,-1.31492320127047058,-0.531328681454684926,-1.22270551232232871,0.619769886990685581,-0.359569512924633183,-1.3696707448349017,0.548256374564394688,-0.139561553349338036,1.25415914111742754,0.39674492262354305,2.17848034701606119,0.000785028127806652962,-0.740762617301875204,3.35723607357914444,0.637233255811872845,0.372257339535645437
-1.84080510036478184,2.27774681262171974,-1.36921548879001009,-0.289720226485436605,-0.914727350500325276,-2.05181876862138823,-0.0468405543313170844,-2.13881522342994979,-1.44932687981139385,-0.311265478432061704,-1.16441596277831438,-0.353427825450724875,-0.376694423761488761,0.258656854292689198,0.791145199432698787,-2.16165081463986741,-1.03281816675082316,-0.959095763778110899,3.38834266279248109,1.79546035568033702
0.208006655653986156,0.105021230575859936,1.6255470311895579,0.869388650922150008,-0.726861837381603371,-0.199957548233692883,0.302829772372636086,3.6146168509950094,0.456206335789668405,-0.00172214936394317515,1.22730395428826444,1.62658974613026319,-0.304733775295600751,-0.0891896429601356094,0.318403078225763358,-1.47622535496109175,-0.813965191721051862,-0.121560754070816596,3.12068205122716691,-0.337386105228828892
-0.556703373396676859,0.522344601192713975,-0.0959408779658058042,-0.383763251332782829,-4.06851102083988181,2.42461441081421247,-1.33917659026555902,-1.75883050365902016,0.093397834856182263,0.0936654918604560849,0.270811149782477611,0.091260664937218447,1.36852471478694548,-0.100546898320443903,-1.18307809880129167,-0.814485912217772889,0.349660948722467446,0.280461648555134668,-0.913298343461869999,-1.70294272515284373
-0.0572425623062574537,-3.44469981854965601,-1.20577399742344649,0.188587867694330946,0.786301925675170876,-2.23049762225055037,2.13809818727954948,-2.16293943438933445,2.35396324947775071,0.900624657053174404,4.3403062911989414,-2.61310926496529694,1.6683854962197695,-1.05926118847766282,-2.20576657945073329,1.84824856548945093,0.737158606597361654,-1.45620386141674629,-1.28321693849029206,-1.09776745490038219
0.281792959248033159,0.890723073673186927,1.8397470232040547,-1.12519157736052167,-0.757848938676358608,-0.473667758180850551,0.02541886901394938,-0.46178229997418635,0.957914523265643858,-0.912351322421384836,-0.109042869462705472,-0.340544182241552029,-1.56504412900200207,-0.182592460440151316,-1.55776361185457257,0.641277868284026886,5.01063974926271705,-1.01291016985667981,0.790891575707166505,-0.521322391482956227
1.85925545430503569,-1.55609384039979459,0.433976800078273994,1.38696948013631793,-0.520214676469780923,-0.161145525221739083,1.48669480530719111,3.73048851338562226,0.0992269191393477384,-1.28777916085379229,1.60132401085554088,-0.00726646366466694813,-0.0215085953306684598,1.07052827309949228,-1.45276123623797937,0.228129624854706142,0.204245503584347621,1.07478542099713303,-0.737438079350870135,0.635904977381063996
2.25823516385093503,-1.75905671768299698,-1.73539783590869701,0.104047872770217653,3.97207835531299835,-0.455664960141499764,1.59043847271751937,-3.83102806371070548,-1.2449991374909084,-1.86556339128071769,-1.2170464262930405,0.824466033316831215,-1.05424088419080353,0.0312556940274818784,-1.48233210064525989,0.651696567337973098,-0.0774904481838591536,-1.89859504764594922,-2.11783308027525941,-2.65318808627697589
-0.774028977898522763,-2.2143740674383916,-0.611398127461281082,1.06703820503411184,-2.74058866531507528,1.19187466800209396,-1.26997021008503608,-1.28994412070823294,0.32563946958887352,-2.88689853894839432,0.530518063209658663,-1.09816635099224347,1.90272532206942024,0.648200097173873502,1.57873396832685131,0.771520601509040449,-1.01548514260226286,6.44466120998429126,6.16267048449383559,-0.202324923656248906
1.08346591789201052,2.85447053098214187,0.494842176525641275,0.878201710463472951,0.730035346292244203,-0.684175203746597238,-0.078161166049417044,0.252795947350732686,-0.547088454305874161,0.400066156808095819,-0.867892823766006516,1.10697792339407397,-1.39671477488343498,0.638698000984155634,-1.24128592059506881,-4.64216954523230552,-2.34904503794272701,-5.19386819637214714,0.294799639740504049,-3.45781972822076789
-0.552136866034835916,-0.697475372936465776,1.76163406333336914,-2.45391819734775529,0.94861312595879832,0.578871353303567648,-1.49242484066008396,1.32591086080708109,-1.13074113455180147,-0.967018819552706632,1.35937659672113065,0.776495091007011529,0.0206493956732631094,0.420231879673121145,0.0940806328410769555,-1.70036437757373604,-4.62868589547271636,-0.992720079923193111,-0.0188258148838002411,-1.04308073038815685
-0.322795039664587835,-0.338431720719739704,0.471965140193206456,-0.0645429468245198174,1.80449795389586543,-0.990117172117757072,-0.00936024030462751823,0.10785955601145171,-1.90342881073387504,-2.38570432229882456,1.3072264706212029,-1.81558624793117795,-0.94655859772898765,0.722511310947476559,0.712157308614761231,-0.65153632997877553,1.58913851807451723,0.863816071662471208,-2.23756161037865109,1.21196230308195152
-1.20491715541522582,0.577224076862501434,2.41821547279962656,-0.339136053876537114,-0.796160450442273016,-2.37616382515925606,-1.94177677304136331,-0.203302895234959979,-0.117741315190713264,1.88456483512485962,-2.79014650577014933,2.24224436460679089,-0.0221779331641126266,-0.605236652876058212,0.379262165790728134,2.98989423152811673,2.13772656862342991,3.32478040938690222,-2.86420749050193768,-0.068271610902246288
0.861657921492208545,2.20673692683690437,-0.679051181216399957,0.679987069829470547,0.210467809649868082,0.291999848934059114,0.0939674179244571334,-1.05553089422930779,-0.775086455480764491,0.812691757350331168,-0.83579637123513606,0.512290224850297404,-0.16416931698059023,-0.0116795894633653953,-0.633209595563778094,-3.73455902406554952,-1.68309944701230041,-1.27944447423501995,2.32813710637307558,-1.49767871846732725
0.0852644711373953812,-3.67119006381756696,-2.03781688193350696,0.867232462167104812,-0.886905766805608509,-1.73076434582963645,0.92376042040845896,-1.30325742792399701,0.638640794953906132,-0.953747347258889988,1.89989880521929999,-0.973106829782007132,-2.10594935974732955,-1.09279726671495903,1.05121099337955659,-2.07230615984913946,-1.46945470222486674,1.75274136317158735,-0.786485033966997094,0.0147319956858148193
-0.126649267818342598,-1.4534289576519237,-2.47452591628668639,-1.58691402893133859,-0.682296135617882715,-1.70820597751594772,-0.508752051943387462,-1.48790094333196299,0.20086632673343674,0.450998827645934852,0.968163467955275858,0.372605497978786948,-0.174228418816284092,-0.721342576663083435,-0.879913582983210874,-1.44864134692990931,-2.1432606961691647,3.03175430577058025,-0.482894980955500874,1.26718436474931462
-0.412545013494350576,0.364971265258585864,-0.243055778507766829,-0.199978946625618909,1.26554169940814254,0.63403251062331778,0.876090844580937111,1.94631630520125976,-1.7286263266359787,1.51991556147192353,0.051294203948991951,-3.12737129011272774,-0.936399907404637855,-0.287418671374669976,1.05691025563803276,-4.59864713813357806,-0.785370033233033893,3.34405404535960527,-3.03428701540296597,-0.537327794762347599
1.23897041431984345,0.870127982517119425,-1.41466006824838342,-0.921417143191542221,0.115067200439633685,-0.948412011232121821,0.530017785625913174,-1.27067295094132704,-1.9118275394983788,-3.12936999272544236,0.340240520807520597,1.22856307635503881,1.04327879361772724,1.5221191344001459,-2.23592215437452779,-0.0684171904497104383,-2.97770457000339883,-1.25071471507059395,-1.80830787449353658,-1.69293047243637429
0.215430095613686756,-0.479404774532191491,0.995141009343333272,0.916875228309838808,-0.619772289031659596,-1.13327048183115542,-0.785298885981469019,-0.924989860468855896,-0.224429435995564558,-1.16237821757171189,-0.0281033758168778916,0.82678201181259714,1.02104374694525024,-0.204756876627325196,1.73102759896700031,-0.857522916562919346,1.90818470690189179,2.32231427713234106,1.329054748068903,1.22125998840605798
0.0648280865481452584,-2.09504443014574893,0.733959328884848272,2.23326247273163059,1.70903669382247414,2.19288715794374811,1.67134422774659774,-0.351907492848998471,0.0617683951487386848,-2.69225855598077413,-1.99521106516828484,-1.2087489424872655,-1.25502094143483323,-0.356980123452557474,1.71014749706937752,0.241541097744311622,0.356447074456925528,0.856739504907579552,3.95087231744023004,-2.28019599725091426
-0.157099053634055186,3.21461742699123176,-1.16314374698251499,-1.75381257006930547,2.45572335294428434,-0.264704831350341174,0.790669201424630597,1.35156437406798902,-0.917022701013422203,3.82945881619236861,1.9363440302412902,0.290176212155962343,0.261051202236788127,-0.582819952623117588,-1.91547908159458147,2.470268185054592,1.14567319084391284,-0.301857437228119141,-1.23650101982291805,1.58332770521755406
0.525121834264590248,2.80856151789744457,1.25576519748928606,0.945172201287031388,-2.0549423689280335,-1.67285495248534066,2.53444374786288051,1.3129123064856969,0.602792093779549232,4.6774539905207817,-0.590279806703754684,-1.37942223220049653,0.921992655784319437,1.45950699147673801,0.219379965453225051,-0.820716136849771627,-0.0953189755902271035,0.0865329158427321637,-1.86412868689392974,-1.9378616146600196
2.04305373899472187,0.844181009636088997,-1.31600234686757234,-3.0649889685779943,-0.524816947115601895,-3.03003402113457243,1.73652195144149246,-2.44294323863370932,0.120645720331866088,-2.18164059709212355,2.09449653490620635,-0.0604310535083095179,0.648007344152227827,1.12400811033854198,-3.24043173357774483,-0.352928301631456276,-0.793412727648143634,-0.549744747916663945,-1.00470050324471893,0.028391089397096704
-0.594394678788817465,-0.533012591034652816,-1.00423372821077894,-0.149277671707427617,1.71252608184963151,-1.60856876236072255,-0.454868577309108235,-0.223631663504242628,-1.26675108137745229,0.442086795694590806,-0.784190717627660905,-0.267306313240705584,1.51220143546034391,-0.774459146926686048,0.137687866121463803,2.63986518755307609,-5.10555976099081921,1.72204325445785122,-1.34772041940549081,-0.531923944768784795
-1.29757675431787733,1.60835647614210409,-0.687047488070530399,-0.0840973815946482461,-0.632123721728209187,-2.48689917576651842,-0.165124543727841522,-0.828923306651364489,-1.2520346231239261,1.60115351881597423,1.75307626725675969,1.14534241785462987,-0.979747609045977019,-2.16792202411096602,-1.86886041014714621,1.28267743360233166,1.72671475317298295,-0.067054242687964824,-2.01337752932151215,-1.08738861630364614
1.54799997537980727,-1.50769036588257421,-0.496922452925964375,0.0480773957162350662,-1.5665229983108182,1.0308161626085719,2.08483889570801217,-1.51528039928017555,-2.02568539135286141,-0.352118067366834819,-1.2757272052795805,1.86929896454425593,0.202296586773977854,0.576798026694026467,-1.64937869806667869,1.51311310019738543,0.0835851018687804731,-4.55554468295537962,1.50391187959931716,-0.542267239729744444
-1.5314308708791573,-0.200392369649253776,0.107016538281925394,-0.867758945317850583,-0.775115319555365057,1.16607143024027216,-1.2760429393020416,-1.12516932340991715,-1.74423986533885089,-0.161935825835208075,3.9693118065872568,0.916747764763347961,1.07926279166200167,-0.401420578987697951,0.119694430099646504,-2.93095995498332629,-1.51213899352760017,5.39144345319865881,-2.74941601616557829,0.0487830859743025938
-0.606544490291948568,-0.354411270354299202,-2.90784187991247922,-0.122499996245037768,2.33539815176963028,-1.39619056690636278,-1.11373501366637084,-4.43256848366361211,1.59749627026602603,0.715271706563748499,-0.612966076944190141,-0.454097360402167805,-1.15208528121148523,-0.523007721902317257,1.79726958645394808,0.812564273079582899,-3.63105014950796123,0.549191827828718893,-0.578165574847211761,0.72154148050831568
0.153877411341261122,3.36752868245874071,-0.0822889752188456364,0.950603299585386252,0.291985909669562949,-0.508629885522661196,-0.417748548762190253,0.336878213134503113,0.54910637902502113,4.29469568832630078,0.923281141079980272,0.452796982561592343,0.901158146275096716,-0.114601362985627314,0.379681069904183877,0.2941217555242433,-0.613101574758987411,2.03668441138221601,-2.92053461089184196,-0.589422766969668555
0.183452608460545008,-4.03033850436315166,-1.96172074227913451,-0.798484553652283657,-2.06944044853534193,1.55708517106080846,0.130188560450712726,0.937449727360422425,0.691848216175333208,-3.3475360383172994,-3.02642825535347582,1.55462326610032764,2.02417166913244895,-0.958248150385311526,-0.0889755284281351644,2.28895834824503197,-1.14505211093792569,-2.43259635477736103,-0.457610348021886382,-0.679937937161651518
-0.59704503340964421,-1.8154622351563785,-0.549052267905823621,-0.657835749862875074,-1.79111138920132906,2.25997868021868165,-1.59932925443615193,-2.08814099991423818,-1.8994410701830764,-0.357290902875752603,1.44545321568326113,-2.24489657226053563,-1.42546371125259808,-0.620431316455915871,-0.233899002591690136,-0.927095551872023971,1.35654156736109854,-0.0355413950747648713,1.09706933458676481,-1.19899179807394951
2.21888268883116613,-0.0758516521304432589,3.04870450902598478,-0.184750377752024048,1.20526451615314056,2.40895344554733404,2.39567006704238317,5.81896734659435033,0.239214990070073324,1.25419430696317513,-0.583655879664865984,-0.287948807589979816,-1.65796492980326904,2.199982076297887,-1.83575314821905788,-2.03531905607676489,1.90530905525760552,-3.59189160472217583,0.189988352207909356,-1.89932306653896021
0.812679474676939351,2.02786767705613258,-0.614899092695509797,-3.39791276840260226,-5.05165197969655111,0.811585021052141475,1.92244067483536285,-0.341374367873786388,0.115975456952581019,2.19469177838996066,-0.786494405399245644,0.452978540203601898,-0.605354729420004123,-0.509834912392892359,-1.26948654598997202,2.20855032703981058,0.100120403737548339,0.815877959842461253,-0.57697542122696821,-0.198440377796456735
-0.346337633133453504,2.56444935402295782,-0.159047492251525258,0.40621340846131293,-0.35945887656230302,-1.26851504124970815,0.651715780063957806,-1.45943422281913615,0.0397527543583141921,1.782087230597732,-5.90039400748713661,0.417651701853056834,0.25996619958346856,-0.0482359241792071625,-1.6443638096891966,-2.98910908867518055,2.54600854302844004,-1.13837980244995807,-2.22761333097756475,-1.39185713238729236
0.393423043750978751,1.05084992875894612,-0.601474106670955688,0.483143024343152816,-1.41118601297087221,1.54782326202840959,1.73241736872118812,-3.24647166310927382,-1.45435136844693158,-0.532012889100291653,-2.11623916355380892,-0.0285181280110955795,0.251240268690610613,-0.185345899152456306,1.38441780719369079,0.717910198050250359,-0.0435622661800305483,-3.30270103050121611,1.89336886812187921,-0.432635009403496251
0.20447173306771535,1.05088523422482383,0.922537939548764507,-0.710560252195811537,0.50442823457214081,0.275155676397766391,0.626519992910522294,-0.451591345295935254,-1.24909449095527236,2.61869476150040015,1.03470056788414966,-2.22114916666042062,-0.772253219520108614,-0.90464317386164228,1.84929057310227285,-0.412515170103114726,3.11892007012141104,-3.35182368768397954,-4.00561103297076126,1.12127832128068206
0.647394665980503881,-0.508104106443690529,0.172699541303914017,-0.679080897850235954,0.287675929054840185,-2.27346541268160296,-0.0808897873535341927,0.702037718528707222,1.29299522174376968,-1.52126810216786512,0.331756993269505807,-5.52899087984467474,-0.367014013730537769,-0.604025671458895075,-1.27466590267290392,0.162589912473989878,0.374534352861214337,-1.61427007884620544,0.0424126736846314745,-3.32238440765848209
-0.936667134373793342,-3.21733067870694311,-2.22085752246173707,0.079877977431232719,-2.42788726753008088,0.201374141973836268,-2.97684251551662005,-3.69767271079432147,1.00207252602252472,-4.1461847246714445,0.0348190576576748873,-1.9660320549740069,-1.39440829598216509,-0.239508029705062409,1.73778298067507597,-4.31922026346776722,-2.7703659349698686,4.7918964397542485,2.29660740551311138,1.57243162694440763
0.563113931133735535,1.35124308773760782,-1.92423932086996796,-3.34534555079977824,-3.53375181625522572,-0.675254050126314675,0.498020499343247713,-3.08826131634790357,3.54139217564497377,3.60103551497843277,2.41993970358431554,-4.9933559983314586,1.18838857438845702,1.15526002478482592,0.846138655459706013,-2.22848518695520115,-3.3560359432263831,-1.73922435639171491,-0.935098224378791865,0.279672698139558806
-1.34954771170092225,0.451638455005996031,1.52116408046285123,-1.53624243084208478,-3.03944577316679165,1.75917677493408875,-1.30788586196245271,3.46900206064671623,0.0750499637428588828,2.92310891529815819,1.43177016346271158,-2.1192415691465496,1.17980113630740435,-0.827624940817485832,0.122597010295250955,0.340164821894419656,1.40592689742016574,0.912748898075791293,-1.76072599332694946,-0.530923044384024156
-0.990586793015010958,0.577803545194951362,-0.813161359936245054,-1.50035305317180279,0.236950584512389262,-0.207901339339603503,-0.777007087101694194,0.241109441894312992,0.642410836331914092,1.57147156041407898,2.06988347154272034,1.97470238353200767,-1.24637534356352764,-1.47218549262028175,0.430316362591925849,-4.88856308455600352,-2.56434094152834824,-2.10801001419122125,0.0504944673967755719,-2.44064236967260095
-1.10856221021530299,0.970200439711708551,1.6092862089010278,-0.289236403164518763,-0.828357801622165435,-0.772594581102245326,-1.33584123903428642,0.139030753984453082,-0.500735772611741958,1.83233480319568565,0.446411367514724045,-2.71664608989718159,0.131703165617784085,-0.589443094432293591,0.608217171084891817,-2.92254571256437456,-0.734376365090817718,1.35533549545095156,-2.35891672724035217,1.83522665445420841
0.978835496368616886,1.96259152850602003,-2.1555170589690138,-1.7945481226522173,-0.221055599724205493,0.375677670522658713,1.53703332681867799,-0.813022916690194553,-0.828832058967558849,-0.091903810636157296,2.89708135355292917,-2.70727295921550537,-1.26498370047675235,1.80278899102233714,-0.66539199214729261,0.768555071260213718,-1.69974553430300945,-4.09378679264672041,-1.849243291239276,-0.33762153644129983
-0.101554762869573975,3.27139982635041138,1.70151095626552618,-1.01311247932066362,2.60117091944167811,-1.90687041048145933,0.23261577200048264,-1.898824442267109,0.0280894483954019294,2.9461659916768701,1.95377062448575756,-0.670649700707968033,-2.07629873047530866,-0.404004359156311443,1.35532191286462367,1.78569271129778695,0.585977648866023104,-2.15875088122399239,1.26565936506250676,0.611187584597324696
-0.258634453008219412,-3.30203806288445145,-1.06693421657215204,1.50576686869370358,-0.64415611389551386,-2.02490686215115545,1.3402104995940316,-1.72583585895850855,1.12303855929589891,-3.88877489010234489,0.791896445038950847,-1.5222760856173192,0.585724414139862648,-0.565028260669126925,-0.632330731196958928,2.2222581002401447,-0.031992160210145372,-1.67529252765012693,1.63047447602245055,1.03859832950692521
-0.315676455547182322,0.67417145842124937,-0.121993272229362959,-2.18746066995140476,1.83951567801488736,-1.44114094034657381,-0.422719615137678473,-0.48015121834633756,1.77854459125668507,0.637554059895704683,0.816981084451387285,1.86189610740310485,-1.22540555868645162,-0.0555270684160792047,1.32940904721828779,-2.08094303850379303,-0.873390657212296473,-3.05158963927553861,-0.192045157653435661,2.18677826690445753
-0.143950868917217506,-0.641622202384416251,0.717978129834397794,0.027453487011961944,-4.58232549277766665,1.59222090802034622,-1.17238222423679117,1.93691565142789091,-0.31752736663638248,-0.444408543272781453,-0.855483633315050174,1.99773460948331549,-1.99611086487426004,0.290674845602685084,-1.61691595261251475,-3.12632432432325569,-0.982874112531143984,0.00547121293223239331,-1.17411732672986502,-1.01842456604986031
2.11142345721078772,1.21506135767609269,-1.26357652227648742,2.16639690570524612,2.98868081447938572,-1.38186398894249685,-0.710055577525880666,-1.83006262363412175,2.72423160944571086,1.99590321319696296,2.77401737547321536,-1.11183748644618774,-0.681219937130627895,2.39453285024987439,-2.11779337477891394,-0.370139368912931144,0.0591477351629023304,-1.35302714619900222,-3.95102361915654399,-1.79480789395703733
0.348717495112361331,0.960900382978625678,0.917718283035370841,1.27512929007713605,2.25014945882611261,0.637490488201195138,0.797519870531191777,-0.167243997056810922,1.1390807152062834,1.78311702027334551,-3.62739001170032971,3.03536566964921573,1.35285772585479402,-0.277048566776894489,-1.19908426369695409,5.46416533647535285,0.771867141772911269,-1.1148507097056517,-0.776570617703268629,4.27079429767981633
-0.0352650302627509002,-2.07315214644483126,0.237227188369042247,-0.956952401397791919,-0.870607792858617002,0.0736055079600356765,0.165943228769585449,-0.323129809137273238,0.774073564402714687,-0.974212689529957321,0.0104228950538665117,1.22367188161349483,-0.878217098635553972,-1.97722302321936505,1.73567726078635975,-1.36148253773589722,-2.05090848261049707,-1.46010075999780153,3.53763439095470256,0.557947246962483545
-0.106690888024456823,-0.225788325252210015,1.1633451761536262,-1.84335381043939783,1.98196930448659447,0.177559552923795161,-0.739892593771673046,0.626569364292621445,0.538941180801743469,1.54266289111971489,0.574680122467121302,-2.98512104717128413,-1.88239742088478623,0.163600711140942268,-0.516165108731832745,-1.21952961355600986,1.26604999196478718,0.511084635740864712,-3.06833306193099142,3.15442679957078775
-0.137542914332827754,-1.22630363553784916,-1.60065544862546916,0.766508048669511055,-1.47384401947591059,0.875112890062705429,0.933183983894071534,-1.81853207274304807,0.258934734765999652,-1.69352468594574912,1.82759246213481696,1.04760571024995408,0.492206309286802257,1.23048311834723756,0.942724228799302066,-2.18875830216486955,-1.48864289578750175,-1.21266948753005122,1.54084772285268889,-0.0196648091525952612
0.208119111170983612,-5.91961242731828108,-0.0402569599414791188,-1.57025540034726685,-1.72051828605747259,-0.200146165270014609,-0.100155545772218482,1.87165702893828878,-1.08447088797073543,-5.8569329804082173,0.999509064680727088,0.800470759009941246,-1.11565382542574754,1.15282607089664735,0.627610421178942168,-0.574929324873481584,4.39976517919577681,0.339144112591450997,2.10458282314341716,1.6096968222317305
-0.167140483969989956,-0.0770037812845855707,-2.32198765647015026,-2.00020315483612476,-1.01183573682001682,-1.10688165778764569,-0.444507152321040211,-1.63658534430949376,-0.648355288055611934,1.40764023829613594,-0.999519553303675812,-3.43884648792989323,1.54254886224667009,0.501031902899092274,-0.421066323881247817,1.22932083665257852,-3.04058361426920465,-2.4382451388490205,4.02443226412130173,0.262257942962591473
0.680135862371710975,-2.11755906356289803,0.317012965870924701,0.918661526435386899,2.36196591335741157,-0.26767884145355042,0.92181172514696752,-0.458968930055341562,0.47237265986716076,-2.86367202168464363,-0.540470213744107308,-2.14573673820427357,-0.0574620711258818084,0.505330610500778654,1.46956907547255877,1.44631013232894001,-0.0307233925330139927,-4.79250956523376193,1.69810103444725424,-0.227390589470362836
0.18940827420594547,4.04261121337371776,1.01974153595155159,-1.85189940288844879,-0.453041703882223534,-0.214668733143035667,0.527532630156765325,0.387196452313489037,-0.394669021230311834,2.92664806816751133,-1.43550513004346292,0.329269882960367577,-0.533607710426909354,-0.0703789801182543445,-0.807037594197055785,-3.37110479227810611,1.37616672160321274,-0.227109424500474805,-1.01878748695550381,-2.23000357434496799
-1.35249702239454517,-2.11323198838117055,1.1293663319741658,-0.782272005594650821,-2.31710492743559282,-0.0318917841545285283,-0.953244652513108748,1.30059717915899031,0.867935620857563705,-2.0006036802646503,2.70195241133246622,-1.10625683762565585,2.27229693416302325,-0.0522702675418877452,1.23684965953385628,0.854000872077084083,3.29707722248784574,3.58938747677535508,0.519334695557043591,0.0346219872424583172
1.16439258945933521,1.35975615037026953,1.24405126562921464,-2.39816333117955782,-1.95966781502751086,0.176629299763694236,1.03990646523351882,1.27457614948066755,-0.320273136383299462,4.07107902764901475,2.58076370188446669,2.33868497945013276,-0.949368196231011652,1.74348196805666422,1.32188399970085579,-3.16341316008135642,3.13488392892866718,-4.44056858265548726,2.07459827160679655,-0.660495231465391686
0.176597590518253966,-2.03302586623818948,-1.23901288303445289,0.404506854111169767,-3.73199749474620202,1.38957861867249433,1.75694584258075759,-0.507463067548405533,-0.0744920931955827675,0.765984147174219032,0.545481784725118657,2.35011513978740494,-1.15746310836869015,0.208681699693857664,1.38801087129881329,-2.25386489397929468,-1.25603783868008678,-1.79935216691655331,1.44757181027926873,-1.09401236073943875
-1.83422958987037532,-1.22554599922606355,1.77086599654707699,2.43020984759181635,2.7010094025324376,0.701422552310421832,-1.75877196086627974,1.60144011453522039,-0.573595659067399399,-1.81888047137215225,-2.68826082390990262,2.29293929276831321,-0.798837924219158779,-2.29857695408170981,0.714141866015079785,0.303685846008823868,1.44553944424247849,3.40518379332865662,-1.96061986864078475,0.836272005358673409
0.103307705230575211,-1.79418841163924569,-1.49312706326505262,-0.151194099643741725,2.31487046082527437,-0.482139866126691852,0.147680561684900319,-0.23707459445068288,0.12627539424352538,-1.27003760822277045,-0.523485578084663561,-0.775978384484774852,0.0164132491841183434,-0.663653034952083831,-0.819383631399173029,-1.2909484120797583,-2.9822487203527186,0.154942914584847241,0.974681559825363864,0.308336298789840979
0.250477058506165529,-2.6590254170269545,0.334391409239829185,0.798953701748985501,-1.99527506195431159,0.646840725026710972,-0.450930183452723454,-0.379407970417786844,-1.56824466265639129,-1.15073975215710966,1.69464037473140738,-1.62526283272409722,0.624125436742933082,-1.80966357030706582,4.41381930784642318,-4.59676163473381472,3.58631839906402572,0.385956449419838865,4.440043341470302,0.680622684805766376
-0.27437121930431807,4.43862560243387527,1.47047583282866134,0.374876139115757956,-2.2248510770695531,0.966300214400339308,0.777122388913857653,1.50824491133494298,0.0957019311288061919,1.99782850724611571,-0.412248362776729715,1.30371422079182042,-0.431180801524313539,-1.07590638219869073,-1.34053488542410926,0.868219198020905636,1.94910743359538374,-1.65416198814789572,-1.06619329523332729,0.473994694592447086
-1.32674493133287852,0.8055445752019883,-1.02561200884354209,1.09517253855090857,-1.08159841533436007,-0.120611474424934972,-0.72960683117313474,-2.19211526921791933,1.2002173991983931,-0.590664015886663618,-0.364491553711591865,-0.475728076357120389,-1.57244757555088777,-0.379034276703956119,-0.47254921997908228,0.729831107761205411,0.776190047315102216,-0.506830103925352771,-3.19893330611975157,0.607821652207859664
0.161519213791298355,-1.22569765106415085,-0.143700474312991822,1.78481119640391617,0.949888895727366012,-0.813716577138914765,0.389903694653201183,1.3819867852835237,-0.314759415562246403,1.06341773845623266,-3.22427791933389241,-1.14819824342296206,1.45848273944263518,-0.0348848046486387106,-1.81877660045135037,0.755880072542199022,3.67805185801253165,-0.977567570722806756,-1.73890437347925819,0.991180003180078706
-1.30998847208427982,3.62291040354624583,-0.81954151151510779,0.523190194902516614,3.27893112232304729,0.932429799708777263,-1.60244093426205469,-1.75981860164384352,-0.718078379539051737,2.18314317635405608,0.261891082114768414,1.63721643027543884,1.41219831946254959,-1.00347677124084456,1.23749804880987657,3.02939414933930751,-4.53408392756512768,-1.84356387882794603,-2.62515239362840047,1.71787291428425926
-0.696643943629074225,2.15063011571564688,-0.492549068212402574,2.28946998738755125,0.322479753689212945,-0.206873234229302122,0.11512459851518371,-0.552699813168892939,-0.286498915683524091,1.65444362547679313,-0.281283541415569771,1.55632085092884953,-1.57347143756961794,0.792301740536758725,3.78266621040206985,2.05801125839683774,-3.09356181092222071,-0.728940906872233563,1.37429867703166853,0.228935196581024042
1.03577962227977771,0.0905187536053478625,0.979234083204269412,-0.0747979929254186937,1.38037357727655086,1.67580813652949678,0.656101158879356272,2.29992680062512855,-0.323767352270722675,-0.938637770305861041,-0.205768069796899655,0.236956913356455662,-0.230709062186090524,-0.500555938924943433,0.721340583049543072,-4.49144382974967282,1.38996903911632197,-1.81133023591383613,0.569134594650460457,-0.736808784938901562
2.24496944931796394,0.171064919697045875,3.62041533943492144,1.15693178707873146,-2.01477743866124603,-2.00313667249878957,0.915832750707530452,3.98065601494931975,-1.21771383656084331,1.63417835876137252,0.696134031086853677,1.13991202082669907,-0.21732510609683231,2.38320763433474703,-2.73924604244247982,-3.19626680389070916,0.563312640055847247,-2.41734292880090473,0.223984517685155232,-3.66321657755428731
-0.529284998675094598,3.45137709746467003,0.12959072820639736,-0.35203504193115176,-1.5798555415972213,2.40935690096480215,-0.24578498215775299,2.68337750543790587,2.01667376051177039,3.11002718909920661,2.15396345928252897,-4.80472568000650213,0.353512828643262778,-0.154169335481954967,-0.707424641933107057,-1.66015435980864301,-2.38565834701744128,0.808821774902800383,1.10236417804739628,1.87559067134041091
-0.245602041681649369,-1.83304419943893615,-0.931996246660625083,0.221033616411065698,-0.962386484410864274,-1.87783580803867123,-0.643129355306671369,-0.17013424377254116,-0.446284138464040747,-1.27569960531405813,-0.741773191776579632,0.231886254267576919,0.21015170283937748,-0.31471065514618346,-1.23076059828797835,-2.84085376836405201,-2.35783947440550357,-2.76359356987904325,1.16612635924184871,0.0723794958673340538
-0.770330080519520344,1.52542212762146123,-1.76170224230720063,0.440719428743661712,-0.560688162534354717,0.768279218261429864,1.22927200100251088,-1.92264215738479427,-1.23617958218091584,1.13530500682732605,-0.568175983560587294,1.0634968886662306,1.848892548558555,-1.70389484892179932,-0.226772788767073574,3.43833529580967712,-4.21939173891243513,1.84808354584953971,2.82077828381054019,-1.20892096681037753
-0.139769417637687021,1.59426638014749678,-0.868230385730821785,1.56566674200797795,1.38368875951940495,2.71393289526391479,-0.0618435700678117567,-2.76456899409258039,1.04624447084853234,-1.95178585616737488,-0.385936198462571822,0.602989397339795952,-0.0580362812903268549,-0.0867939336371879033,0.590247319146582572,-3.99215717842309115,-1.25198950977406431,0.201064293002940153,1.73770068350892215,-0.0904459961402261786
-1.2755147718196107,-0.101464779009909717,1.27862410495232726,-0.94905039448465911,1.6475921307368897,-1.40576117667434053,-1.38868533924605364,5.8910750509450196,0.921135590589003406,-0.263419027185376853,5.87432133137606538,-1.87020580152340532,-1.3657399693521064,-0.456013373539272293,3.08483513895173633,-1.87691584327325822,1.20749661762344851,5.37923006407061077,3.36241259781222768,-1.71133498737155842
-1.49180593189174004,1.7397686974480111,1.73249141548575225,-0.2254405415619124,0.96551302074422285,-0.73250944026612963,-0.371255651060101555,0.230303817956843709,-0.214866064023609249,3.42613264464821032,0.836240987599034868,-0.935274053280662709,-0.832832877003651162,-2.09858768704016763,0.0627451323127830307,-0.163852670601494554,-1.68273582446723191,1.87675318845337502,1.7084830822438104,3.45916478565061958
0.0987113805981046366,1.89343019308513338,-1.87684048792393443,-4.19252308757650205,-2.48450476165342948,1.00929852386388896,-1.29359793899301523,-1.74705436765265021,0.726789009318513868,3.42501988923324152,-1.97495058689944791,1.5685257196034712,1.04641282882214814,-0.0281354204315385527,0.843278595529389774,1.91843809880838778,-2.4696987128178014,3.7021861394259834,1.22878250917112575,0.58531079438308431
-0.618987868179710632,-2.80543544579067206,0.326380303776616421,1.19780708305887851,-3.63408384356167202,-0.171936313110230277,0.509050997944975658,-0.82739151556019952,1.53152364975268451,-3.84424270737593421,2.83752819445035698,0.924735565347158839,-0.587941687080070219,-0.626532427455177454,0.46510212936253692,-1.07131157718134462,1.70675528943911803,-2.83889989049039215,2.84788469918713405,0.337378540055123077
-0.620510572193224141,0.436810685945967669,-1.8816767832558341,-0.310425401659836009,1.25590185306647584,2.89818089184359584,-0.948926133619511503,-3.01197822332988752,0.375241213497065407,0.697013018135630102,-1.09344036053189586,-0.690442823476246081,-0.385420136305243188,0.00604070456603259236,-0.00470361275446459087,-1.57992973863027952,-0.853991622282386897,2.56600658448129559,4.45786650623880654,0.713031339782572382
-0.920611023999856726,-0.797380582286758455,-1.20968990038443525,0.864777499023967167,-0.549863575006945271,0.296909658402455479,-0.0740386989238521753,-0.741355424183968492,-0.998476780054683877,-1.75891660551271789,-0.293733307516040487,-1.68662887026756292,-0.643442850296672586,-1.32621646808349136,-1.93428386162929522,-2.82171412447101355,-1.82133316944304346,-0.775518137032723986,-0.450383015868290992,0.827819940460064352
0.671585066995220359,-0.762836424613392183,-1.36917179514525444,1.26037286780490554,0.278163385437462662,-1.88566783816541284,0.376966605606793792,0.447063121015746912,-1.60112573237294131,0.674289090668832802,-0.792267002753605731,1.73055546821971595,-1.17239129291185007,1.86515290981226634,0.120702837503392446,0.175853032879030452,1.3697479846789018,-2.03973736079334822,0.532002245763940174,0.18979200145113842
0.105823999353055836,-0.397400222870003594,1.66875265879187684,1.3919442721898474,-0.0104177793023175862,0.840195732287039587,0.318722685253450266,1.9598124106931234,0.262323004759583311,0.874899629660891742,-2.22707376950284974,2.04531430063914366,0.117186771132704301,1.18299376828461567,0.702503763409454196,-0.407188325067043999,1.05836934999690335,-2.40528647555024344,-1.86779323612013926,1.64594220772462507
0.510538363626740987,-2.79072968798369248,0.567587141101709158,0.216873095519079961,1.67629901056850628,-1.96564874808437984,2.03568285081584133,-1.47576396879114147,2.04774115323810868,-2.80665023166163907,1.1689126113799333,0.270749562191472337,-0.490624132502155808,1.53040754726342132,-0.339651129210587821,2.01016027794037733,2.48069939957383667,-1.99847644882910869,-0.800568879445635151,1.20489454844148991
1.19315060495028202,4.5231482028599741,-0.670201076936785878,0.0749223322066393804,-1.91874046273337684,0.895902998071714474,2.29188271511061847,-0.760925165550576654,2.04126140852053028,1.69564722188666517,0.89912684033181467,0.193606230060044043,2.70748070381919037,1.24920683717956638,1.47399491275241035,2.64054386608041503,-1.88201375688377626,-4.1194122938779909,-0.46502774300005445,1.83739139972778887
-1.93528969814572993,1.93602183411376516,-0.276100629650399998,1.00703867556255866,2.80464737154452681,-0.255312808431686911,-1.3696085816334036,-2.3261495335868454,0.963884262052410623,2.12134141401151277,-0.597974404576164908,1.82641884975362823,0.543225162739404799,-1.64656489355028035,-0.203774511526771479,-4.69342626910821981,0.464473397199516802,4.25782331280646353,-0.309187462596134943,2.76575450498241526
-0.191993171922834327,-2.88600887613006307,1.0750754693095359,-0.56872025317457775,2.16301396615578989,2.94438012466085652,0.884301166525916948,1.62677867164380507,0.849403798771904084,1.35158694555988634,-0.994542517476735388,0.14500863499338168,0.821832809148819843,-1.75554638168715327,-0.0669667679884950739,0.101151428259930148,3.00627304335673307,-1.70815671100370792,-1.42283463416760392,1.26304661030694199
1.72498211744077734,0.649642005007333601,-1.03955957601166427,-1.09309569745924984,-0.421737391333699252,-3.04099570133957053,0.680365866764505056,0.50555426376808299,0.598967055855390007,0.728265469685942302,-3.81274648636536195,-1.29545427266924484,-0.893510902228585868,1.99497877809875779,-3.29151951165092704,-3.66359096262914585,-1.42882325198606885,1.04285664276873868,-1.99126224471726943,-1.21679573204047897
1.83020108878569654,0.362644998195593204,-0.669694744282585908,-0.938573804250225852,-0.48307828791978219,-0.873157577276665542,1.59696243529345616,-1.82312250157959066,0.211938569269495364,0.580794910050081326,-1.60033450028151392,1.68038994318357071,-0.886098500678280221,0.410489738829545092,-2.21798337448471061,-3.23497217465415554,-0.794301188287679039,-3.40836350631283125,0.645643886984053839,-2.36057437543448234
0.982170703447517335,0.383791751300403827,1.52230943126313734,-1.11325267085642166,2.71747365849243083,0.936886309481408497,1.62055445764135597,2.13895034593203359,-0.543348142995804251,-0.882979165963600376,0.39309694988323618,0.679292710278630585,1.21935827312194811,0.640100991727241553,1.9144586690797909,0.98100261758614915,3.60210316023240562,0.466636787933285946,3.62140167366527477,-2.26983450260126585
0.360838789136630367,-2.01987819293625925,-1.49015927877365639,-0.222776456592685496,0.868622564612710146,-1.90768431643816805,0.264392703906143722,-0.969957808785701925,0.854520558576897682,-1.68989525597828338,-1.4973459338929993,0.80696402416155788,-1.95646962882560582,0.309172352052042021,-1.46129209003946969,0.774046464127859712,1.11987705994807163,0.708811747160262295,1.9211636093366411,-0.289721259682566845
0.805083227496330545,-0.393336454193937202,0.994964828416108449,0.77712515098203816,-0.733883833008763808,0.321671220292893689,-1.55111549498042822,-0.38440623535430829,0.928916148481601867,0.589132005112774415,-0.804774633537256534,-2.47182873250590784,0.545681036140826636,0.695755309348383366,-1.42384489691749949,2.7101258968338402,2.02299713400097669,0.801640383249394128,-1.85064642611543073,-0.373923197749195413
0.442899404375898975,2.14661276913176247,-1.51360415862499265,0.43376346926939835,0.892169845073616741,-1.95523273610884818,0.0980861301324800483,-0.44359647550112008,0.043183496957133749,3.17087095218878234,0.0427899291646670829,2.95129014524339173,-0.487202246978257814,0.385187689127819699,0.446803138781365849,-1.86844562640147682,-1.17914827010736056,-1.06455075312279557,0.574217190625285978,0.181184049590281809
0.0959500080204348516,3.15281461319816314,-1.87790493734438857,-1.04118419751058422,0.399796302456250752,2.04179420219670993,2.25798379576327823,-0.566372424011438946,-1.30252118941812478,2.35183584458656236,-3.27140667341764146,-1.62719643959501115,0.256228165916054462,1.61147133477274984,1.51861088717738424,-0.774009900704979881,-0.946737939678513607,-1.69949957282057906,2.91303438626369315,-2.91320351796054489
-0.176389619246391044,1.49802822532495772,1.58562091614998191,2.61720323069864325,-0.773742132172809627,0.467254481705524638,-1.02391995934065294,2.40133667369994575,0.00740919873641709276,0.217712257407553483,-0.552050263002938801,-0.278423075827640032,-0.434240540486213411,-0.166572452522243203,0.0978777931072182944,-0.242040742786140961,2.22351894560341456,0.753931341832135615,-0.0113479875996878986,-1.79980717738288742
-0.578816220498794221,-0.204202042849335991,-0.878184485137367576,-2.6928404271535582,4.15767977906738295,3.42122539105563739,0.166149008033238732,0.0173580086817182837,0.914118463681239168,-1.76890111842418962,0.823850355290871472,-1.4273745553231536,-0.0970558898866197423,0.505278365306361832,-0.782320746177227022,-1.15055149781477772,-3.79031080136945242,0.656420311622573971,0.532795264628591392,1.72537210653323569
-0.233289199952162352,0.263152579781929963,-2.09041861977920762,0.0166360227308021795,0.713964548834574164,0.417564001940670115,-0.238875502448320676,-2.65128618587592957,1.06909315785333736,-1.39093800456567851,-0.194923231173709355,-0.724297546183245267,0.819217950072577472,-0.822842834629877395,1.38258151338197188,2.6797676129144814,-2.54286700925542863,-0.0263777698912667606,-0.139302458082739278,-1.26637868195432368
-2.42012511484391757,-0.264979345818573131,-0.736249383427667881,0.01332922950910039,1.43438561793788577,0.544900875705998211,-1.29541695121223488,-2.92129285380161674,-0.437924534797009657,-0.23738858190974238,0.923179535348531033,2.25934327221237918,-0.612012148780625598,-0.577962346002349747,0.719668950750388281,0.753522593897173243,1.42803048010535227,0.15169118993492206,2.58136559265058807,0.833344930593209576
0.874352004254317028,4.70994865091052173,0.535929623809152322,-0.0464921588333732649,0.543925141044185656,1.83354155661146279,0.69695316426916043,-1.21024633152329453,-1.90076158601171041,4.11862603238405001,0.477269166661982769,-0.229071192986232686,0.0231983683616136561,-0.730432015658896816,-0.680011401922556713,-2.82957658978783133,-1.52597415526809366,-1.13157624299800408,0.781100908874796329,0.948957356319551915
0.27346941231708477,-2.45632960755067797,0.212947337880984522,-1.10044296953000176,-3.37322331711160794,-0.858043094367326287,-0.922267265049725116,0.736599955726246147,-0.394828500750973421,-1.39496287928197438,-1.65371134196192426,0.530349257808200414,-0.897452353372146572,0.440539268695481989,0.10281271581999181,-0.913174817179748244,9.7104524034937484e-05,0.840010495126304879,-1.3070756055150079,1.28188756396728509
0.850689500356556993,0.703379703554742886,-0.707809195001363523,0.398083594575732502,-4.28835477751342964,-0.991473124551371487,-0.0302406193920269177,-2.16212946086756386,1.14204161045667374,1.93438991345399636,0.248336237301763629,0.572002957692809177,1.37202929016357245,1.74154171369127764,1.48757250448190859,1.66872612337687265,-2.22767111627697822,-3.20522697493186959,4.71149660837429085,-2.93822806193559538
0.756578813235339265,1.14555044393451433,0.65422140118225991,0.775864919756829474,2.27228418250906827,0.431507826943455519,0.128787709488591279,2.3628992915753062,0.472364974454781261,0.966064182561764517,-2.48880011567770776,-1.519874466311252,-2.58709776936361324,1.0924357348733853,-1.16513555041328631,-1.72230501595268803,1.99958921061103911,-2.01671216925603947,-0.194924149004001179,-1.49744030041408904
0.948301392943676991,0.750773528890068986,1.79935662975891764,-0.124767250094675958,0.706651747767039873,-0.825008051692084021,0.839547849972526739,2.62686864766701245,-0.0936539414371550111,1.84040279872239965,4.13841183485645647,-0.185207953474153086,0.711655836161894761,-0.203355169518726508,0.0620086202332286104,-1.53256925613534167,-1.06885569077984188,0.0606472553556092059,1.17213476424450525,0.399573188633047471
0.452595323577097475,-4.43361834163858948,-0.586525607137428406,1.90559315419639552,-2.25044562699006701,0.138144163271693626,0.333220081946411006,0.0691353004164335094,0.314173062028952732,-3.86824389814712122,0.84265559838114823,0.722560092493490402,-2.74813243154026621,-1.08935332771933369,2.82069598699634261,-4.47046217914962529,0.784181186035493138,-3.47104575506534729,3.74833967081865094,-0.50345781285665725
0.549582968070912892,2.1000164867631459,0.956190328254109323,1.38642830454078392,1.2463565778323944,0.0493083328655310252,1.47651644651948888,0.290712435276718195,-0.260698856855088756,-1.25207894740761194,-1.56382509859794694,-3.06613743349408052,-0.517290900002136511,1.93380232059113788,-1.44467130544873124,0.367933178794832116,-1.25889327293697084,-1.6682060466790376,-1.03671209751167304,-1.87943335557802271
0.151790268614945517,0.940510479964049462,1.27208980206959565,-0.275879422787532802,-1.93848249267129513,0.750191540510335542,-0.960693014535983769,0.355758627029239272,-0.440587048911485368,2.14189658050950049,0.0271823085385509075,-0.755817479589017349,-1.0566376352287703,2.07576679364718686,1.81881451138428196,-1.94353068908783366,5.16558050116691003,3.03948753959574436,3.19940694381021196,1.13064129667926272
-0.640501664851756192,-0.417854396668267292,1.0555386236155595,-1.05355901060638901,3.10257049657182327,-0.529346611266281908,0.949223985594144004,0.804594096354327548,-0.998186781356643626,-0.166966170333681385,0.17406897810576219,-0.417718905269658658,0.138839221799992807,-0.0142264997026038936,-3.40155342143687855,2.88556379143647801,2.53576079242774544,-0.255053267220689939,-6.92520193065234668,1.24900904471146634
1.66791394348136501,1.50500955881050813,0.959921262177006573,-2.01246816539109252,-0.889315805655667702,-0.0924839337182195714,0.619328304680976771,-0.460546669723454982,0.639590449594122035,0.908576546186559031,0.717567013563696676,-1.12940976926859626,0.588655239425126764,1.92123954601328539,-1.44373300692432194,1.32114760678695342,3.23587339640254346,-3.35710758673563037,-4.18990148614044955,-1.88827041324213996
0.888168983713783944,1.44554066291837269,1.26702802873291542,-0.88139746660699736,-1.40576896110023242,-0.834099410265828345,0.248730103755279625,0.735825140610357642,-0.0612395082372374361,2.21088214521388471,-0.364559073241177978,-0.948042418181013646,1.35167102237024261,1.25000795173800294,-1.21171704889106957,1.67487454865756602,3.95625970923561532,-2.37551130309667347,1.18116473367721508,0.386291720471164834
0.413277287906072488,-1.07705389940049767,0.523607982436331665,-1.46955541438596682,0.696051285124918873,0.668007041496515575,2.82697412831618644,0.237097081440117541,-0.983064935939572226,-0.619111019678852181,0.767541710292474644,-3.75429925330035585,-0.570964581343474942,-0.0579494415242016309,0.429619615617891137,0.68690314153266685,-2.87809769979758245,-4.52342420588086913,3.05261760324331499,-0.638970854385163323
0.723253653990039158,1.00751450055694125,-0.989675785914206241,0.140882118420608632,-3.27813089685959724,-0.451613795133263551,0.442145385057597706,0.343814429960716428,0.905879323161079331,0.192089938042723313,-0.116762659496713384,-3.02668474386670017,-1.07227115216917945,0.368099450422702978,-0.655854647703571603,-1.29546409178968025,1.31476325495602397,0.78249322171972413,-1.77879911023381521,-4.03652164380938672
0.877135013123834462,2.05393614791203039,0.577176852764810455,1.63487632667426896,-0.0643931586983341048,0.823954236850145905,1.87120917944133525,0.785954860574894165,-0.311630599415480491,2.77869881723883072,0.686658992196869322,-1.93099827294166637,-1.13574014929558897,0.340658251676801471,-0.493231587901006518,-3.10381032463787099,-1.36618336779517691,0.301975315077680773,-2.59488856471852047,-2.38843547662982747
-0.571708793195427889,1.46654191553701785,0.099206187433240875,0.717118634582172398,0.266445628172655657,-0.257978981959353537,-1.27327417746396421,3.00874759595522701,-0.905217479683448678,1.79538094869061537,-0.266647906234141474,0.697730544017128418,-1.29530119942600397,-0.828044073873846043,0.256339658940785364,-1.42173280703930027,-0.113915900927930816,1.58466194912459168,0.204617761233376216,2.18856098744142091
0.503261814776603811,-1.17417105985747461,-0.591191144283533698,0.912955555128671548,-0.26539975346546324,-0.301149015757134819,0.13621132512163181,-0.858953476106797731,1.04268636837905349,0.587507359492141168,-0.0188206659599971619,1.01266704750572711,3.29290471726856859,0.71708878580916835,-0.238456711597688914,3.84848627515324893,-1.83334644585858419,0.325750977397917918,-4.72934104009727641,0.208670513418831249
1.59248168747798147,-1.45265173983562623,0.636225203672720507,-1.13791323694194113,-1.41511356093091734,0.637298194265371154,1.33678201138363795,1.36635389092881288,-0.415933181746685976,-3.41165222323526507,1.05531676325525869,-0.792559540768972171,-0.0145485378975995748,-0.0109647687087057639,-2.89560741589846415,-0.875914965746198648,0.0155248915210841869,-2.63382677508546426,-1.81243219077127637,1.5780597219972845
-0.483389322856017656,2.26229436417979857,-0.419273492737567921,0.699970146379613856,-1.20637324577245875,-0.726963820579624498,-1.27237334447108585,-0.762492352339471213,-0.929579188741381235,3.2346683466463757,1.96638361732106337,1.79140199077411033,-2.37274105944852742,-0.590151804349487441,0.0543723532034843943,0.586843352613563685,0.636933492469854534,1.75935479464697897,-0.605893871196975464,1.21475690972360617
-0.737785218152843703,-2.95771286756752394,-1.05914658078130075,0.882913337846437551,-1.64046301939744898,0.579859061974057899,0.999239535596843753,-0.984416260479337613,-1.68910228697051723,-1.33419337245236758,-0.325735441328086683,0.293777572593855119,-0.578655745798381971,-0.702714373182412699,0.407941887175414797,1.65379047014202007,-0.178339397325646659,0.785877878453601575,-0.535558779390258977,2.62723402203007117
-0.19848037495246651,-0.73484052781107323,-0.396665010107019045,-0.189466355814637166,0.986709990803043557,1.80764151101746662,0.241829640129893525,-2.86338986186372413,1.75510162785726864,0.699267656214720756,0.00995612874141746547,-0.486924601380590794,0.145352548441034846,-1.85204325906576672,-1.338683975140468,2.62589107814140643,-2.32990558028214911,1.73978093478397522,-1.22790001583270647,0.341790290740962621
1.50070373995492146,-3.38539338353327546,0.101295445512768562,0.694556675883813535,-0.943185851123799268,0.667360562883999031,1.18546060542212017,-1.03944859107485832,-2.43262139186665172,-4.62570733602440498,0.2585045424966817,-1.59433675047837253,-0.816124032136585464,1.55592019206970189,-2.54372867040810391,-0.591244933931525773,-0.547730336392910244,-2.86929528889628749,-0.801240984080218044,-1.73370069137418858
-1.79636300035036567,-0.983676662805723634,1.12866009070642681,0.0625283222190558818,1.07201447319920096,-0.722466378650151508,-2.41644201993146579,0.168798713862828298,0.909010770858486805,-0.428511838245580257,-0.81733149577149844,0.384459264131437772,0.16629852277273599,-0.98556438581204453,2.15743909717990512,3.4825329455303442,0.77465107802125388,5.34474482106887461,1.51105917887919161,-0.940571014562686769
2.51481764641232486,0.953902840606803637,0.482663785891972175,-1.88409647880963793,1.08348186732969309,0.211758043350611713,-0.190466989086622324,3.64951661675036476,-0.209900427678129747,0.66685204340746107,-3.79040909448007923,-1.3878574420789902,0.393036462056789271,2.09309704865185697,-0.404922425775539829,1.43978334116837425,0.0796646668640538236,-1.75808141398246454,3.2567850382907455,-1.98797031516154887
-0.997000984897667863,0.649535412249572897,-1.24818179324507028,0.645583222096095088,0.244234281271618003,-0.404031756805546094,-1.17573115365003922,0.456158908667212148,0.473921488764477927,1.07376915947557539,1.69058504159063028,1.5486336989829379,0.423435442864625255,-1.47192652291433701,1.88781244249282243,2.349161084548121,-1.40322016266692362,1.86384909905964147,0.962705887510163172,0.81635480362267443
-3.30361124583471932,-0.430183908815806926,0.79204029699492029,-2.74535070740693143,1.86908607496087575,-0.987058272003250248,-2.58611556270509979,-0.167647641931113783,0.698118813146831996,0.0363822842963695062,-0.0368328983114843897,0.748256384190535973,2.39070726657334598,-1.77562080206353823,-0.0662272074069107236,0.99607142126398629,-0.181606124074605774,4.05914678032849974,0.894566939998456157,0.849055105553832679
-0.703230385177258444,1.32503318248871205,-0.904938710705949112,-3.21861780828835409,2.58278507576186467,1.68998201210660981,-0.248869694521244939,-1.2717763042308099,-0.621011836346515023,-0.368638630031535242,4.52318438666406131,-2.0614535999733028,0.766589518987664031,0.10231952481991724,0.542540406826616861,-0.528139314609176846,-1.24349851277884649,3.7936934985520927,-1.48346961145801126,1.07603312767092962
-1.29834157668313432,0.443735023872468215,-0.342694894971135977,-1.6660442632765029,0.305196144726972429,-2.56757493519885527,0.210289176552241275,0.96085826357822901,0.119531510935861465,1.0689497716379841,-1.04461632085634415,1.98895895579746851,2.06332419467118244,-0.866898575151975881,1.98630765737326476,0.181693970337850952,1.46156019728090314,-2.31862229057467273,-2.09582496398580931,-0.152469204608634584
1.08164413829276351,2.9640411581740711,0.250041589321807145,-2.63950656799502248,-1.00005775669537411,0.347674558654890109,0.674130841848378237,0.0746634064569074857,-0.278905129255286821,5.57569271053546167,-2.29841437685407701,-1.66986851825395832,-0.0854943409376537344,-0.407844419804934133,-2.30804739604935705,-0.294422120000253029,3.06542289417204472,-2.57785432882958787,-1.61974780287591757,-0.280018343296485117
-0.125344607416435716,-1.11179473523798,-2.51684457700910347,-0.545699518733462785,1.82646812790036606,0.374633816046719803,-0.894891968484114897,-3.70602686354687538,1.50882990582271503,-3.54353699784031395,-0.28284798143792711,-3.83833640377777963,1.29662416055595076,-2.12998649015215102,0.717821393470970404,2.74860518011365729,-0.73849702305000664,-0.772191487647734598,-0.628035564366857701,-0.659390731697613641
1.43676902518338578,-1.27290501650036059,-2.21701218107098397,1.00733274216102919,0.687942617542760537,-0.608727494120939072,-0.18540530345998496,-0.0103074815479772888,-0.00821977998150413836,-0.0512143796410596888,1.8613369124547825,-1.55813009778885592,1.65618461997083277,1.87539621841437865,0.0615180310190581725,0.951048916545362388,-3.24335370588950056,1.18250880838975059,-0.757110287426573381,-3.31687196184223865
0.525497607780017528,1.33624575813340951,-0.000631750599155465409,1.54138040019440958,-2.32006907321413935,-1.44508276612336606,0.519288042448810772,-0.459557598351735319,-0.621495105496018052,1.36458960327792855,-0.343722767192410239,-2.22052259887124981,0.657862366808478649,-0.290293385833354511,2.88720573208835019,1.22618508593192788,2.98945929124905385,0.31800183443591501,4.08096612443820383,-3.07721499550800504
0.601869225187772416,-3.85430652034104604,-0.372179673466047745,-1.19857161277686641,-3.14696959488233929,1.44245912604551996,0.813516366196370022,-1.55419981475312952,-1.08322819674498216,-5.25395044144272028,-1.48142715165346961,-3.22464341829312851,0.108574584028213017,0.312338701504571326,-0.588956295647856232,-0.690959397532258768,2.10647834103412146,0.451647948728386428,1.97043284374677174,3.15733249685694961
1.40143948905576265,-1.52200509624133962,1.24125186783380737,1.15134979181078201,2.57270207576815091,-0.186925029169138612,-0.624421424135754632,0.940613438090443732,0.880731952231711412,-0.33824130266699004,-3.36473857915869923,-0.366804794295604031,1.59781294208575098,0.911157672478369318,1.37975233872162151,1.44187823518215841,1.72226596650347363,-3.91141793489078315,3.17472326839404939,-3.3555746704726741
-0.663381314630010266,0.549510257597632057,2.32240616444632764,-0.929073104038122377,-0.680725042073385134,-0.0431413232386317833,-1.07601371224955877,1.11555407005317653,2.22183261661869791,0.115162893598128147,0.481314330808673585,3.09378422527623176,-0.50816803170824687,-1.17672682314804899,1.53036236361773037,3.49398677100944033,5.07433379971957343,3.21516740858248884,-0.657089191451545873,-0.867949243288329231
-0.908870859338601789,0.165139786377092035,-1.70410566820488785,2.4579031179841988,5.38511043893494357,1.81026642707161134,-0.751188368107821303,-1.67407491604747549,-1.16809359323879747,-1.60910164038921266,-0.0972508211306598869,-1.64510343567920958,-0.716184715462903521,-0.269811186644540957,1.49924863059411906,1.13169833186830338,3.31755530062191717,2.4799839390227687,-1.81154803861400326,1.50844194522903785
0.632798503069261775,-0.0210873518361738913,0.399963720253505073,-1.53347612575952996,1.05806192743896088,-0.372405142834322633,-0.400540477104043946,0.255168677210673212,1.1844659206735384,-0.675816307540067274,-0.506951613642444121,-0.861262505006908929,0.330317053389855786,0.15994414828716938,-0.126153486734257053,-2.57241053413285625,0.23088500730120845,-1.40707646847505918,-0.000132218254567473547,0.626738673026186355
1.09998801625461096,0.816675421681082647,1.49001875744036205,-0.12729079684460648,-2.17733833517610398,2.98004270703843011,1.19948051817077816,1.3928075261855446,-0.750418361139334911,-0.391994218568295194,-0.594862913191100073,-0.34265269383715441,0.690721488588839305,-1.57551668102241771,-1.29817782946357707,0.257224938194718367,4.37921301999523216,-1.01697307479987775,1.40158184836568211,1.78257351599635849
-1.21976979277094055,-2.93900753963171724,0.676370600659085053,0.550675607054468608,-2.23672385775259031,0.114339228599201412,-0.934093910934880367,-1.60102316117675425,-0.667253433265283857,0.886566364987941946,-1.4726168118255607,-0.805140717040115139,0.66172064284527099,-0.382325013226651578,-0.448190860876335473,3.34480457427422451,3.95303288987227441,-1.64782000347801105,-2.31536883818409045,1.99097223691815417
0.953227592390428868,-0.36293340830520332,-0.180642582987746908,-1.18643978967180486,-2.69221222658091941,0.568560489790925994,2.22774010239717901,-1.73460101826423885,0.0370287824175836514,0.384879715225269869,2.52065393952385008,0.284663130615481208,1.34381192910332081,0.397744976157224317,-0.740095174837762437,1.75207987414445077,-0.282981667577800911,-0.786282691539213596,-2.85849044555150433,-1.10320027153051359
2.00904936826037117,1.3846305152342897,0.35277310418597968,2.9627263734108773,0.208381564293051685,2.29918778204961072,0.679240258679341236,0.0310977865762496718,-1.05381918944185315,1.82237486070562205,1.93651943706192808,-0.120679437177477908,-1.39144027868465026,0.0793853429726743415,0.479914494586125229,2.57353533007515001,1.84479531651823825,-1.02282793296588448,-1.58441112415202467,0.573479444265426408
-0.291124635177813673,0.308518404927342393,-1.4587581081907175,0.980355197676653245,-1.10435109819774024,-1.25783935969230343,1.75702353731167027,-2.85061073603892812,-0.151451021061822233,0.949022217280752201,2.03992614408059714,-1.50219074643057282,0.624706688083330297,-1.27444378043301842,0.452489859944316897,0.977880509436675038,-3.61848498853433398,-1.95841745450541005,2.40152182504523459,-1.0413369411322162
1.20038085795538185,-0.910685861949077857,-0.439917602678806807,-3.42102684236269861,1.47666692494425145,-0.851842168878906292,0.204047833757272701,-1.7971132384376356,-1.0696006047808384,-2.15894635784299149,-0.217095475800770793,0.449676704120484771,2.83036077296864752,0.984468814234630174,-1.25936091483528423,1.66140129621617816,0.00640785697646740517,-2.72499588529820658,1.42541466263106331,-2.84536708514821157
1.19156774453771064,-2.80653371735389401,-0.968382593200836972,-1.6539869768131672,4.2844297921269332,1.15684594370274008,0.629180379323350469,1.82531262164084152,-0.310167328866815195,-4.09330155599092294,2.58342860366726557,0.994492157908937413,-0.598850665594885867,0.126871416538062748,-0.886794366547833612,-1.87510958877535083,1.65261698212887675,-1.27709050223596754,3.40751861943049628,0.00251590824657734998
0.411340417254859869,1.39205630241663325,-0.572092356786769285,0.298372159644469503,-0.441262585660505358,1.46862794909146377,0.0166009540199421012,1.30140357950602703,0.176744463830114856,0.0929620725675041754,1.58588208455217572,0.237771085668818632,0.515677890859047139,1.31943630340617357,-0.371257890259509227,1.48508758859489287,0.693455220598985012,-4.36168663418697555,2.84970467157998808,0.362706624272111366
0.0755036205911180786,-2.76003880314089445,1.74864356719771785,0.252412203671969593,-3.03372994165623711,1.36594551254824959,0.845743653019505492,3.35319723491386767,0.647299279203994105,-3.632136475246456,0.678396696481427308,0.232182280139928671,-1.04206250762200581,0.42789369315142739,-0.197449983417519237,-2.73559928516720907,-2.03938925838842744,2.23309592001363288,1.80155980477027278,0.182365276098549051
1.9410425992657494,0.473394793536702385,0.468130952875829731,0.912693652144576317,1.54526330599007711,2.45799565324978264,2.35034004758346438,-1.34256273071474852,-1.02085463664323095,0.723631652839228146,2.00086670948923695,-0.202222716338775116,1.33133612334217033,0.914639300001682587,-1.52867427534386158,0.879548370161080117,1.61866980728882903,1.95139273499705479,-1.4406618466069685,-0.53875761610531514
-0.599663943249707398,0.326651637108101911,-2.62693471162082437,-0.822230767383225647,-1.87393319989650164,-2.84302386231245041,1.18096612706086113,-3.88658720456585804,-2.09778085418470983,0.554857183810290699,2.58474515722153875,-0.469003888531387469,1.01712619813252081,1.46349004018276219,1.19046809437780654,-0.383039948837820055,-4.97453962583501053,0.482799054074641854,1.06795048611344345,1.16229335235944498
-1.23208345160567312,-0.184813157227917468,2.76359466848429358,-1.34534273160640216,-2.90888068208751616,-0.585669005614834148,1.73203634306984933,3.92935483625809834,-0.469514744080620883,2.49534836751675382,-0.800840664392724055,-0.526700682270923148,1.16656022723915842,-1.4343519983073536,1.16336148541768258,1.70589292930926018,2.68901551649276849,0.407930256859078966,1.32787324137208285,-0.894142590451725505
1.84525070438952454,-1.06741690716179471,1.60283332846651549,-0.921127606552023748,3.48016915757271095,-0.248891431653233824,0.502679499812225261,1.93246861149599969,-2.16353889489036399,-0.345582289396038245,-1.21760295350556191,-0.641972783666811098,0.356238549156960294,0.913529738244252432,-2.43650519213578454,-0.675752973779432331,1.41503690123334769,-3.08858159161155443,-2.30794117628143303,-2.55685461728498575
-2.11327793310665069,-2.84465069540890836,0.285750838969362431,3.33340375309867776,0.0863667051513940381,-2.33361436564771196,-1.05758219471626269,1.98559400545504405,-0.929098117949880842,0.482654436411475818,1.67348110099018688,2.55436900668873079,1.18238642244999448,-0.645999392290143915,0.863163495498258659,-2.64947536177401677,1.53393247615975525,2.43558889155916436,4.72088709601360446,1.78303482659349433
0.267635657699599405,1.40242779942825546,-1.78896866447343617,0.480575085998374674,-1.38405945982574918,-0.0337500412874554151,1.36837183644275773,-1.31276928322099096,0.678311835070677827,0.185488971119313617,2.7990336821443349,-3.54426973617053243,0.812885846119742572,-0.930881403992071754,-0.235868650402557056,0.255468746436741334,-1.73116009073914934,-1.74999466016409988,-1.27475878324125813,1.81962833172804506
0.230191704543191739,-1.1585484489833584,-1.77117303416847793,-0.118837906574441196,0.395561792882574148,2.57924046448602562,-0.925284908764500091,-1.78391299480644294,-0.0386304407279945694,-0.758456161549903474,-0.147574978780209309,2.35406642636052954,-0.343818190663285894,1.45893236467671494,-0.227099545160108135,-0.926020854288619244,-3.62933654638930392,3.77866209111318474,-2.80615595737386059,-0.624969351384579208
-0.0659992341151088568,0.484741524442023286,1.40949732640673098,1.70860713889021198,1.44054131360804138,0.703354262599002023,-0.155435520733037763,0.737245678343477207,1.93462490249016028,-1.90581997246474666,0.722427832722391972,0.214384698248821753,-1.21248350387141079,3.16528351485230575,-0.931424151099715769,-1.81309128556738886,0.151834512692443496,0.948964841003273163,1.1124537708993294,0.888226186137419105
-1.24972996510797785,-1.12886851855024073,-0.837651921134460187,-3.0978613614188335,1.89255954469191168,-0.826152384409554741,-2.59602041010180695,-1.49400257973748762,-0.478242808412050413,-1.43483916728283134,0.778001389504671015,0.86727820182099602,0.316480533724299962,-1.74830995389323429,3.26405468915945374,0.604157200991651711,-4.27779040932971455,5.66964719363555147,3.41952216485810601,0.270417383773821574
-0.380005539276738136,-2.08754559444049681,-2.13020770101275492,1.4151556065143891,-1.35000098202212593,-1.40604799254673618,0.48518391151593776,-0.397630968251629913,-0.201032344435979393,-1.35863021349856972,-0.285884549647558051,-0.130262871973944983,2.18682474318136943,-2.27238464892507164,0.555562600871628787,1.83910485098397936,0.242285333075227899,2.66316932310986187,-2.53956088834236837,-0.364784493714356894
1.93020097664389589,-3.9525441923415352,-0.533614765976882621,0.427398214649577612,3.58342879311558171,1.92546089584416413,0.106325984406094504,-2.76941757003020594,-0.125692643122862213,-2.76725156664239558,-0.0462440549828028527,2.12263391419343961,-0.720786526057399013,2.27223524428837864,-1.28386074336564482,-2.66070290457364989,-2.20028280954831645,-3.77100088738801764,-1.46454701418359656,-1.39868784448665084
-1.53308533212820475,1.76318609108306079,-1.00310919116969832,-0.694730962214990866,-0.390957293726543975,0.268468583411771988,-1.53186806494676397,-1.59883947525219683,-0.162062897539761469,2.71759101593428509,-1.70137423044509073,-0.74069012288628977,-0.559700007759184159,-1.64633431186230905,1.40451690759094738,0.163178378846008248,1.35626669460653648,-1.33636038879989427,2.22361551955519943,-0.471557898513537799
1.59255941327445449,1.32579642397673414,0.655839522884959281,-0.459889898760171001,-1.15479457539580843,-0.808689581256124335,1.02597047085856463,-1.47198383663077048,-0.499739731700236944,0.482415601289943097,-2.20454312894491888,0.999757555026824951,2.68727979071663947,3.11835641092708071,-0.301800929832891529,6.50657610391441121,3.21900129504644994,-2.23817444458582404,-4.84200359039880901,0.681419644667689228
-0.456971863466933637,0.922851137677302646,0.859396115578674569,1.78347355393960938,-3.18152623693977077,-0.655175137687975528,0.522134135434245805,1.48547335186498208,0.572274122247002581,-1.16436277802839805,-0.434947312426655186,-4.28376414902291369,0.975583425629468093,-0.973990273995182343,-0.614141441225339646,-1.00271172880452286,-1.17233757887396184,0.147813039871524443,2.25487087128859054,-2.45364483169350045
0.704301328988394038,2.76876385245865775,1.0806093366439038,1.72977381288922172,-0.224119279452039022,-0.509603995390693121,1.62228191950409606,0.0761786106304193494,0.114211322131135828,-0.759412828230202397,-3.26664888565874101,-1.71384081209244377,0.198155348665326775,-0.099975136435347528,-2.10283060324454807,-0.130731007801786397,0.177745376480554551,-0.859868138586087905,-2.12896178740444419,-0.06913011542680568
-0.167834466160941193,-0.0645828488838095516,0.459444773030526221,-1.61764122735539062,2.39629013711871908,0.790548035036900409,0.833554548248811367,0.96537668228156126,-0.588386363458777817,-0.75500247363912476,2.7466688747589747,0.85626608971767415,1.2122976883638561,-0.20482058791206989,-0.672808257288611378,-0.266099363631287056,-0.149714474538251985,0.813088752492098998,1.10720123174768559,-0.438530117229313288
-0.375061550796722376,0.564959880030833195,-0.464833630612266513,-0.751303751549722842,6.3321863556295126,-0.769592596744333557,-0.0999449381761111089,0.960837106717786549,1.4366875690620875,-1.42200312832479958,-1.17484074521860959,-1.61676354562477465,-0.966851618953117775,-0.341976631675473708,-0.129521604716250016,3.29515814709800203,0.836034973990937957,1.39944653905446437,0.0708306498888262026,1.07463762641354266
0.70073604215831975,-0.420255595911152302,-0.390195099519972943,0.71088345528746022,-1.22135486221329836,2.59132860341619109,0.26005523300447736,-2.42560296233783657,-0.584347860170740696,0.743692726689919259,3.1741456025863628,0.300563489932574868,-0.260125508274998141,0.983349780322050337,0.38481656188445329,1.1194741183594541,-0.447596010394776533,-1.31762973574891507,-2.80787339034018313,-3.10596714719653466
-0.842402280029077133,-2.36011529544861842,1.80201917642431653,0.659789210214437816,2.5568996219739768,-0.369920046646944278,0.28910510146563434,0.353678867057034385,-0.616369174295971822,-2.76858602507791574,0.81767229548354714,0.0487826010900255583,0.0199536131493670069,2.61276166319568537,0.591410527516608497,-2.23624734401591585,0.191319471829801191,-0.587495885243756066,1.09860594356527974,0.511065199806907344
0.56875969195140208,-1.65889303282833245,-1.08004432509289483,-0.584622984014039004,-3.00673702636136175,-0.896973959460633741,0.63719551789554052,-0.589734934654068899,-0.332886365987726751,-1.60040425288820343,-0.583486665769546664,3.37991461596660869,0.969825519986690643,0.385024657386193347,-1.62072629509081811,1.45708704754968688,-4.78004235703060854,1.07003492625681074,-3.79532624298021704,-1.99048332509838732
-0.775729826674346534,-2.10060771475437358,2.56261710901335205,-1.53270993455831306,-0.026424477624056416,-1.50402093438544937,-0.541455118911939315,2.77645938195474296,-0.0577786507151703127,-1.20397337296883933,3.71844512163071395,-2.93838303088887276,1.4029163926551671,-0.585191839583390827,-1.15979585735147839,-4.81173401812932866,4.01307577728707976,2.99979045564114255,-4.25620916178478659,-0.772738383544917751
1.07140090491434692,-2.15990996526935186,-0.824880984344781742,-2.04624537213627855,-0.0850812115496587251,0.809146665168118728,1.3215034192391939,-0.631336177135226051,1.24623199187937694,-0.504561863899475771,-1.57548927886192636,-0.120982134823030565,0.521761759143789527,0.767637330187502243,-1.78955247352722502,-2.87789215926223862,2.40018968884373418,-6.13519262750543781,-0.845222195428214973,-1.01103307913201146
-0.384811669282547175,0.227197019614199774,-1.59004489962206885,2.03570350484095819,1.97548371959363767,-1.22986182531926036,0.480631441250082281,-0.300775367521884662,0.238249479834165695,0.861597088053605686,1.27326971932628963,-0.233607201714554735,0.908731819767590321,0.549217350867905685,2.5304692034448677,-0.847693144500736073,-1.28151296999597286,-0.592514009903925221,-0.0414769942513916537,-1.72217379627701828
0.912312905086906434,0.746292661718803707,-0.289768485635616413,0.658598116473043338,-0.570736953959536275,0.903743493253276631,-0.00499731155192645153,-1.09771176328765674,1.0538097489330458,0.958779024965868309,-2.81872523431672795,1.38807803638177374,-0.523364095448497046,-0.0580909616882265209,-0.923853097973259874,2.0972249891412722,2.61650052981526438,0.770636199778432673,0.127134596725979709,-2.35615567819525484
1.34764500552445821,-2.01463336157648376,0.589663788668913669,0.51963054052791724,2.01750688190799821,0.712947757866434495,3.48356336420102419,0.10121103706447751,0.110509278425709373,-2.13972404932265992,0.28126658861095466,-0.105247387388140989,-0.577332443390753736,2.66261222807649611,-0.612641400922229962,0.253546170388570968,-0.96855411709699224,-2.36702633198485435,1.13975331274796643,1.15820943209673932
-0.306162405811725213,1.20479127708019917,-0.342485123387049006,0.292267925559439423,-2.45298476872985693,-0.841206727584728475,-2.00256840014810233,-1.60439017615047286,-0.548532937375152185,-1.68324481914221535,-0.306489501695087707,-1.80130889032757091,1.84830513220536452,0.469758534125685634,0.42736712407308991,-4.60870336173489736,2.3109084064701384,-0.794797104810262445,0.089798998093461091,0.529055369519451313
-0.987964957870047455,2.41452404431109446,-0.165409396343745907,-0.24376781776462117,-1.6224165815616447,-0.61387283345515975,-0.544677939346005058,-0.194140590846899802,-0.624708609008068017,2.94464936514310027,-4.92138089473912022,1.00917203890277851,0.239119852584310566,-0.606724731450426602,2.03466665396115776,2.55159419962982392,-1.89354273497813663,-0.309296174073059316,1.51614974686694226,0.118646451510295639
-0.420256349527808826,-0.149444722746605113,0.894665037722859768,2.31789610957247483,-1.299644653715196,0.356724034947988045,-1.09027985851080644,0.828234470053196614,0.539262053305398559,0.312453903176628189,1.80061086955217786,0.733062382307588134,-0.871522702089260415,0.193054810325254289,-2.33033238417849065,-0.782204833178653525,2.03324841742828344,0.590787218675171366,-4.25027498628203659,-0.0731065060361139468
-0.0838326355755515673,-0.163532309653183355,-1.19727125331184814,-0.562188993362856437,-0.186599037852285848,0.0146615915834899316,0.0442197704024567539,-1.2050147952349588,-1.29693809381920988,0.0727600669000917771,-2.26359391099827256,4.28489135324118298,1.48454547084612898,0.171261504647345408,0.071165564610292803,3.67200444075141519,1.59148343225947531,-0.559831281693880523,-0.459103833137767869,-1.57011782946602918
0.15857160973302617,-1.14880119315615548,-2.11164736211429593,0.0476412532099325242,2.27127032599880074,0.342573147631792252,-0.176690861059768278,-1.79277038904170083,0.786260553629186121,0.0371043138688499016,-0.636028586405499641,-0.564464607531543483,1.1651017713028835,1.25643405717612699,0.157728011968352289,3.75529037500872365,-3.8199596515548957,-3.1868426543766315,-3.34880049501266486,1.64696041679679284
-0.219909247317130824,-3.93425740886769848,0.440508960116859249,-0.270677528047467253,1.11874757057534091,-0.741409866950448526,2.11669029871746694,1.51374907501544786,1.5917424357351555,-3.78165726722272622,-1.04870284565393423,-3.83277373915574282,0.696568358307761315,1.06918495641355471,2.01976864936603384,3.09660733605340033,2.79798346837901279,-0.498299414721851408,2.73894417905715404,2.33127321384480135
-1.06616054072012445,1.06591683732414855,1.2541037734199536,0.815685484137061545,-0.587968544205592747,1.91186691163722244,1.46583327638254923,0.966529036398306451,-0.478605657922298366,1.49149403351994136,0.134168980549804417,2.11827379485136058,-1.11535674057239054,-1.10013935742798741,0.515844516259958752,-4.62485098294648367,3.83074470308074533,2.0835936553969252,0.0194722688590768765,2.63740203499490011
0.335666959538819643,0.68082980705217222,1.36929248379516033,-2.16087161022903063,-1.86172354832583742,-0.856656534052836705,2.31718566412021287,-0.817385785214049476,-0.431645884068623698,0.570676678879788568,-1.16589510925595952,4.34482377802102437,-0.947703770058782591,-0.816588381535336305,1.39921191615513196,-0.967939964230970951,0.226427321901084028,-3.27916674147288889,1.18112849462307223,-0.761826760221014476
