-0.0928657796077212994,-0.94975678394610441,-1.61913255753206742,-0.49046278954624678,1.56956071068855563,0.0780843830492182894,1.98564112226424316,-1.1375714778251913,-3.01379010261039504,-2.51921957106324168,2.13003740642195094,-0.263358465461251412,1.84669932549526195,0.195039763348845624,1.6608265296681417,0.51516097810713446,-2.12031018008455474,-3.04483918947273491,-0.119222341343891522,-1.1432648847860869
0.142725176594477504,-0.588429794825238828,-0.123480120005078783,-1.37617740512286191,0.513460252730987055,-1.46621618011052224,2.14602897913744828,0.408041750080486099,1.38591188825278278,-0.671433052969415023,-3.34961583391845208,-0.438819711552205893,0.0613476415444155695,-0.210245996317414863,0.0704480465207788231,-1.36675418524311953,-0.333859274913761439,-2.78379090172522492,1.80546298797754701,-1.59716145241584218
-0.356176563150685521,1.07397366075929201,-2.31497191272615099,-0.875203358622907213,3.97685957646224209,0.980121845216607723,-5.1343023221790034,-1.16618877843746094,0.588599848542113224,2.29577782571856792,-2.5228436547544586,1.87191446589854715,0.931934973591240334,-1.14920499978735413,-1.09150484580291307,0.397471825835549131,-2.30626162036234783,3.27741136625992668,0.309071335050338236,0.526503902390236367
-0.501976756884952025,-2.12200295248321691,0.0928964008539028135,-0.0547156480969361869,0.0424469208345775381,0.456784130979900116,-1.24276289100293424,1.19246120304930026,-0.31197872698464052,-2.03786651086137116,-2.29540961889655915,0.63413603781329908,1.18150520818570626,0.777140705751878214,-1.05100293424828872,-0.447945627687652004,-0.93935539066632856,3.72586407529107388,-0.642280045607992345,0.0744106752102792757
0.227640764607610457,2.33461275883924557,0.207212878975233494,-0.0827908133844623279,0.644876301502794735,-1.90688755360614737,3.51469472443399278,-0.0264119193619415556,0.945483068870907162,1.59632057512867309,1.57984234314875338,-0.433735796298158116,-0.363359967256490279,-0.865766466287487435,-0.989110502208639164,-2.33086255541225817,-1.47243432739579139,-3.90026178097578002,1.56147363375445769,1.04015547732072799
1.59430239794359818,-0.165823695820768807,0.646077868236419661,0.237921511247894124,3.15217969087045091,-1.64877745650772511,1.70424652005396715,0.469448560869434428,-0.223901068897490951,-0.143879920100446285,3.529173506591881,-0.830490261870769575,0.731851617833141344,0.444696935588772158,0.243973687444934723,-1.05030631083322912,-1.39044161061711313,-0.150468763880912904,4.11839538328322341,-1.43976383829369481
-4.53854546475549725,0.905403432616476489,-0.866954053682544745,0.0562665404187515372,-0.867726822400337161,3.52021111803731079,-0.381126753149879094,-0.718723875502938037,-0.0203965605393981453,2.32981656332861764,0.902765018130904373,0.989819596661755674,-1.87533079371593958,-2.03015124392709545,-0.00132079529296654885,-0.246724852543858592,0.157713671140268352,3.46255407685887162,-2.25045641112269923,3.94277006568928412
0.468344946603192147,0.320255280226934558,0.692902969304688865,0.252718619792197674,-2.18578562111749619,0.233459340210978278,-1.56670431848694358,-0.841136564494782246,-2.13950711336798038,-0.34017946393791032,0.0874690255128428157,0.763508432391568514,1.55859970659131686,1.81346569524456736,-1.17650749171554936,3.17205262759184725,4.84918850196607476,-0.226498762406520893,-2.95343164482905518,-2.6110153611111877
-0.582561764140700822,1.01057293096757639,0.701828400849267897,-3.0957073764525247,1.26033129769860475,-0.840697307960609486,-1.27366600559192644,-1.127076580521301,-0.952458005009340414,2.5022551039239338,-2.87493513929595279,-1.44083237206649173,0.0266477006855218544,-2.35641870612533832,1.40573512707909987,-2.13365900558325094,3.26647857092017579,-0.849766637683041948,-0.0436084129702131104,0.374482033259669833
1.12764732084485186,2.0964767146159482,1.99277023131337772,-1.46083088524892535,1.1468040357844036,-0.0511352076831396163,0.13489704347907136,3.75597791375405077,-0.74006449935880203,0.780302423358130604,-2.70117740929273076,-4.65814549139236078,-2.03752104011223967,0.3507483805763838,1.73267019234512154,-0.708147399721377191,4.13542282922211424,-0.646787381093378744,5.53205932999380767,1.20799887907355252
0.223119217934310249,-2.47960882047326914,-1.88962904665724585,1.79451594357451438,-1.5905981992032352,-0.201531058308749206,2.25334837392192489,-2.51934220692121924,-0.883793616881641042,-1.20498709208126553,3.02403773249903773,3.20377496815422225,0.132007433690749632,1.57403531993556145,-0.126491011791940805,-0.0320691752429202379,-1.11531585881483308,-2.22067406833056857,-2.19836442781896402,3.2322132178317724
-6.17772819588101108,0.48713921961799006,1.42205829651026883,0.222228491254706201,-0.189854369710235504,4.62360696485166489,0.3645410625243935,3.77931871140242404,3.61917148247301546,0.0944204659851827222,-1.63596844733172131,-3.05999889204570552,1.20451192060572887,-3.93469980928970919,-0.574661583920805907,2.73556869773310529,-1.62830271156531281,5.49340847126537213,2.69023239681261517,4.36643032190662517
1.25793649122017825,0.499046148144346946,1.26505845622140067,-1.02745859552675456,-1.30247313179456103,-0.0500841860413353407,-0.433729145786780235,2.0539572204915717,2.73661582292805461,-0.0252618601105947978,-1.94905080250915153,-1.51716017523523616,0.0700861530697425433,-0.374249307295347944,-0.939609501973072581,1.44834883407091297,0.479258032591928618,0.453416343901973551,-2.63066243905661024,-1.67585993506164321
-1.45020792157675049,1.53384819344425027,-0.481213986367892255,-0.259718529974151124,1.60249201993214485,1.26640882394492693,0.123725746533727407,-2.8972382167808064,-0.185213737754901631,-0.539656381121313977,-0.101961229956086169,1.93761464025983954,0.378558252568668263,-0.026531756123114706,1.99441547275438191,1.04139633489210781,2.85704396615255529,2.43011334717333272,0.773272147798846898,1.37355100938830166
3.5399477703855049,0.416004283522960094,-0.109272879441228474,0.516009266684198997,0.65830986125071822,-3.06029060866700542,0.366208329450650183,-0.0600563854869349129,1.13760432707256043,-0.681638264160875029,-1.1325562617812357,-1.23823679032112977,-0.109655648326549282,1.21748095527228717,-1.98083621251767994,0.19784146649619419,1.85546493162624859,-1.05693816819527497,-4.74473484769977905,-2.49879532612999622
2.17477180313833296,1.80971552621660758,1.62371410964256291,-0.724033786975380234,0.396340455162452365,-3.24187383131411888,-0.775176259577704863,-0.960795601432560931,-2.95567541722032079,0.19138476962369394,-0.00381598726131834789,-1.90435253193903042,0.311370748118478258,1.63182355980995264,-1.19012602582587657,-1.6773591374148562,0.985649552966328169,-0.686007188411453694,1.27126478328725878,-4.04776977289923501
-2.41851793447899421,-2.63913926282858657,2.20848609204350232,-0.350358324392389342,2.46032032156913161,3.83556045436965087,-2.88065110202550656,1.13149538922468063,1.53363540448235836,-2.81096216146918021,-2.0467456234731598,-0.989453877468853271,1.48517423210322752,-1.78778220210920513,-0.0887205327503930719,0.68751365687585031,1.33236475775879537,5.43137210633983258,1.19441596131963035,0.984996915112927196
-1.85881957729005864,0.953773461886547658,1.66468747223938962,-0.430437341905371529,0.927763242350275186,1.65099263150719633,-1.30911939848581649,1.90625086588873738,2.47467557843736463,-0.110533934573293358,-4.95202878544060177,-1.62992627167292459,-0.357183017519598522,-1.91483627622107577,-1.12984026639133406,-3.07912634076612424,1.4011665974583718,1.10736339919468874,-0.589618366778506764,2.23241519167847047
-0.356077294049853499,-1.23339281530285327,-2.01913156387700576,-0.863093001409188654,4.98399050062240789,0.168721291740440121,-0.454797577035262302,-2.72743862509366197,2.04070974070243594,-0.126359974691526794,-3.00025169630514421,1.63238324569009663,1.0140692959863189,-0.106087898694480473,0.133774998703516085,-1.6605482559587692,2.22763405772510437,0.90579205742021085,-0.461309074460009017,2.0752710982830167
0.948599732697640752,2.10361464486644945,-0.269214418042643233,0.258167306385883311,0.726637333240758521,-1.21080967312243737,-2.05653521446013032,0.38650136609589264,-1.78355383125795264,0.56066548963317242,0.461248378183373164,0.208926439146529253,0.448951293138396879,2.89362237669776201,0.204729584185480429,-0.997290419021657937,0.575986028971043562,3.75065099389645695,-0.87185145063771452,-0.354296196363133531
-1.18491004018749813,-1.63581875888999417,-2.80801169854502142,0.264897962029146339,0.715596015625508453,1.44584806789445475,-2.15950980865440822,-2.90005064522170652,-0.206280069747315026,-1.35793223860005274,-0.579228511411335134,1.10291702293715144,-0.0980957291017175437,-1.32449521239276602,-0.234110284765432969,4.13095665145006574,-1.53765096115857403,5.19409848342166214,1.18836593508693711,2.85214961500742303
-0.131578194859400061,-0.289203147422144757,-0.239682111206099835,-2.21021752912815517,-2.54350561626775473,1.32192987132131212,-0.619755562218997191,-1.10479821310875237,1.28579669983969325,1.83539507378414646,-3.40084382160910081,-1.13013462930198938,-0.85252478131342091,-0.609237331769037604,-1.48605317357037925,-0.649864796088951091,-3.52488942144218731,2.3739975147573209,0.778195931301283284,-0.640494287466836565
-2.26474391840606026,-2.14753320858342001,2.26172242134154899,-1.30160762682081077,-1.67313800586353567,1.72842680739016852,-0.14791630000856501,4.17362280749646519,-1.39783366432951639,-1.88705538716830246,0.66136983371391278,-1.9514614705355191,0.894271103921460253,-0.870606938319996249,-1.69537562457410385,1.69043387153731395,1.739156848892214,-0.195820484535299655,-2.24243643111512148,1.18026857462069046
1.43013203500067099,0.37166652370483072,-0.542512060528270279,-0.344844410245113586,-3.48235919303080532,-1.08371903880330023,-2.30418547843099253,0.755961374124960894,-1.34057543106394772,-1.0307367198364521,-0.811543510780941335,-0.672336590865649786,0.456873287640500503,1.84013719400467934,1.53468794774079242,3.94661948999950685,0.0456135537205068636,-0.775731810663868759,-0.133736589331197059,-2.75897573051903944
-1.26828099681334749,-0.258584597205859745,1.03228781693135141,1.49342090748144152,-0.718916274088847507,0.720577148454767724,1.02011512586865338,1.09798027010454735,1.30588079288235281,1.23696172152135997,1.99259917934020647,1.27123850486632461,-0.540227392906582615,0.404888137398301096,2.31954764944505598,1.17126863096934031,-2.39037371178110591,2.23469029019184218,0.918141250415063004,-0.635812141162691913
1.15782164263850595,0.65004211207507101,0.593656662844717964,0.472788099615658319,-0.5336497961329838,-0.329873662879786866,1.30497216035530461,2.46037309337898291,-0.895143476033153473,-0.838750775205007626,-0.021991537334867247,1.33228329320901029,-0.180721150994561763,2.10696054685396206,0.315418196757878189,-6.70978507984061334,-0.639874339921897128,-2.73097896452935718,0.438147336765833173,-0.509226597476269083
-0.567680397394280112,-1.34826806638286456,-0.71676910167312069,-1.82654332764096106,2.08629835305138212,1.17817185042665828,1.477330409486459,-2.08666456630936281,1.67225205851783953,0.783740125141008881,-1.19445726044241751,0.437591084026563659,0.0270902968725444879,0.793281776558578122,1.19366783756142647,-4.65510277064025502,-3.36718854827358749,-1.81485663691190657,0.310800126109096186,1.99885696132324253
-0.0829467144265698814,1.32341912632692682,-0.773776534330361865,-1.65943803573994764,-0.742430278078295647,-0.573987983582274097,4.65842792652932047,-0.210280844772729458,-1.86967309836323614,-0.379968098726896242,4.18341387443892909,-2.04522417066983708,0.755225317261362328,2.5640603992161668,1.04409238547351069,0.599721916875449068,-2.36839016812365388,-7.33986985045133267,-1.13234145332602409,-1.15991101087093562
1.08479498583466616,5.15807188408481299,0.346562843757032335,0.836194464182660968,-0.0909570579043659094,-1.77338093846711264,-1.48893015094630665,-1.58744859231900959,0.233443935715019368,4.9568648130112285,-1.98241086212431328,1.90808109020230976,-1.89519575238154703,1.48709941076819718,0.549319461376307938,-1.46303139134988447,-1.5777279784951177,0.118798147151327624,2.69925187105813702,-1.66932255185445455
5.01118492757082734,-0.609260268224996682,-0.0756220846216790615,-1.69534819760930677,0.169760808176526057,-4.93836040742448557,1.7446937490007195,-0.505858219983196022,-0.235881563153799517,-0.803239853617822686,0.537974554489775936,0.472155408966076051,-1.11837866004538933,3.42562828914552231,-0.383024070398169714,-1.47032002878218959,-1.79614032908895238,-3.85828003837580447,-2.31610981951734729,-4.1283874166129042
-5.62368319501837899,0.290204448896087486,-1.17372445174353746,-0.973369342185710806,0.124474146239844555,3.85159128387797578,-2.41295293957515433,-1.15194227288461182,-1.22861408723807441,1.62108968156778621,-0.449043726690619094,-0.154229323560746506,-2.55875312782666375,-2.59704257923272674,-0.33198148885847889,-0.50749498963025208,0.452181859292196398,2.55108161531364042,-2.39803422355616203,3.36214043648549898
-0.285117856579930995,-3.0827385822027269,-1.78968273220157537,1.53841587270105018,-2.54589734080228958,2.14500034317779953,-1.42541926576150679,-0.854094348503053657,-1.5369561885168832,0.0667162299660722657,1.67545975636057731,0.28347283976042037,-1.4818329952125362,-3.20567938932865193,0.202367997196908261,0.584288822411111686,1.36550638104070643,1.33720817530581071,4.41113473178038085,1.04629959627689373
-1.94581172448101758,-0.950582277210876514,-0.619885057235429193,2.97046140679865767,-1.35155737920525509,1.43046320849228703,-0.40825859973461065,-1.44157777197427683,-0.0674763330346856427,-1.07672702842765533,3.3262983111477622,4.24392532836763348,0.998524019379501193,-0.397034546924499299,2.11260963957346704,4.34893323623876071,-1.52102017690839797,-1.06732627564401583,1.19230139284512626,0.640131345076222602
0.835583249064203559,1.11169776892300187,0.407297083073899613,-0.239223497514489986,-3.21393053753461944,-0.175011315730357164,-1.29205791687459093,2.65166317383538974,1.95520264948737421,0.983495962212317498,-2.95684279907394965,-3.07159993893042893,-1.00022946067179896,-0.830109563831683439,-1.29281705305994987,-1.51152978748111622,1.82907845710686945,0.502872404017778662,-4.24375649634307539,-0.591020202043160081
0.857745195123422621,0.0578460857765084741,0.297643095914326694,2.69659506896338996,2.37542080459722538,-0.710499085719211831,-0.253711156139598326,-1.27738509251900134,0.618029682722195939,0.775390884502544897,-0.294596559325792873,3.03335255768188627,0.25226356425435692,1.54149845758887882,0.272666734703267966,0.323449959066532677,0.23689446914435569,-6.30397554808619542,-2.00432729447062385,-1.25864872464252731
-2.90362861893610047,0.663405101297019684,0.992848814406941949,2.69570688194849239,2.756938500552645,2.60157063669253708,0.505896744530775377,0.609305444258628315,0.749672003233845752,0.734991237533885955,2.22948239971401785,0.0772451029167009473,-0.842736717050412087,-2.61174212297210406,-0.534453500729804021,1.38554082775675513,4.15548180087950048,2.14308547144442718,1.07603612836388285,3.0921708352569599
0.67491599774016775,0.177542689885579141,2.24163637378160541,0.535004968108996115,-0.411433035357993526,0.25470223743696796,0.857738137081524799,2.92534154637428978,-0.340303253830680386,2.77475207628467091,2.43946875699286281,-0.571141454861326059,0.662801253805478829,-1.52298262317875643,-0.0362657618284829841,1.72068048130086737,3.27963349073779753,2.28484981195293146,-2.10885728618190438,-0.459747214525406622
-0.947690217226356935,0.811205809699402813,0.323832408544819039,0.0727721155711413825,2.16103748084851244,0.601020463585344666,1.20892281222782549,1.0230417906941538,0.26493585249138929,0.215465855626035624,0.830281620714225066,0.45871577060633667,-0.0998504501193780286,0.262868049916316737,1.90473912439674287,0.278550001315232776,-0.651034488323124272,1.51444730515907366,-0.152559262478604657,-0.0433409675918611514
-2.89465641867923562,-0.533326620471848534,0.723288759284671068,2.1103193503647395,1.55858240714122998,1.95404014471382714,2.27216534367766831,-2.37280728839171084,-2.56678980727978256,-0.744638223732538296,1.82948577675618251,3.20240195511778891,1.56973671740721143,-0.819076768221511764,0.410681258466221721,1.67158086456477806,0.607228370703263409,1.17868455139416328,0.0705946323158824079,3.58090982707406003
1.43137699354377768,-0.423180275779339032,0.907513286178916689,1.32545216970765245,0.593763491622661732,-0.90496850108995297,3.82632859621240495,1.43600071039594934,1.19823085967519227,0.246338110699919455,2.6516049506384114,-0.980274098334776856,-0.847422122055107141,1.59423021875567938,1.48897182437802122,0.604028347729734794,-1.83042320614677068,-2.23712528693180568,3.49516582442696722,-1.20732805862213732
-0.900793070581852096,1.73827921146025699,-1.63715258028111488,-0.32056885654035816,-2.37314035950229441,1.28324115877744105,-0.737744871674705038,-0.516578481152684454,-0.831571534417440028,1.46795416918543231,2.20330457786840261,-0.142478401340067007,0.652879630924799392,0.376975399231997521,0.811947191391272804,6.86980183487120044,3.47535561271325033,0.593902549432576143,1.89730507193777354,1.13708284045743824
-0.905685307283375263,0.774026075375335409,1.11104222443248357,1.93690634163087805,-1.86161034246326595,0.603745926231385677,-1.28920793373512454,-1.92006903398804685,-0.588399814937667576,1.10777135639252977,-1.54706317634511104,2.30480165897781708,-0.052449385969473572,-0.0604746073574016704,1.07780515438317659,-2.67226668413803292,1.70994580679534725,3.54415580399797747,0.637868199476682496,0.644581800860513643
-2.65672310836963055,-3.3697277440297988,-0.429766955205837242,-0.266616168267859832,-0.840933425560959735,0.628717936399370458,3.45808071230106773,0.138307609975864387,-0.289565854997747729,-2.51566627767349615,-0.631382526253601029,-0.211659015428985325,0.122552663231772996,-1.78669699130051818,0.588458940622251236,-0.780146613297793445,-3.49622635226031209,-0.611032323163991808,0.85708563413331551,1.66928517861122505
2.55334223154082141,3.29853527017885995,1.72189015038054083,-2.54393339130718266,4.62305995580277607,-3.26186281576476045,0.202549255076138773,3.5012782542734211,2.21757300313295813,3.65853743529059772,-4.07450365745032528,-3.06134212774922032,-0.149209865321367957,2.72660457569664105,-0.435653889908759917,-2.21336685270072087,0.151155205916229635,0.291768655319373627,-1.97419807989588469,0.913529308332444612
1.57781514370601239,-1.49508345523415054,-0.256810675871906979,1.20797658421132059,0.613306112953863281,-2.35050744002517531,-0.599768692600586739,-2.37801953121155174,-2.13265825331057801,0.334794590581957652,3.99799527737278604,2.72456653862944886,-0.740057269041730192,0.286369675160177417,-1.44969151110539607,-0.0659004939261306488,-2.80434223674222016,-4.11034256782934193,1.12231375519299093,-2.70269615379413608
-1.60257473750310631,-0.894195403083499096,0.775589837162069529,1.57813527049125923,-2.07051866985186095,-0.781135640178362012,1.72672960752872617,1.33321362749313588,-0.108790860372602702,-1.31545673723546219,0.298381672792527253,-0.481532846011683779,-0.253832660600754045,-1.86555449068998991,-0.472052747910410242,3.75231572247877754,2.89660292940065078,-1.1695788538378864,-0.824676685151853994,2.49671890006686414
-2.68078773505484946,-3.19910779317036154,-2.65083444699050386,-2.65846245010752558,-1.9229972325399225,1.78395717741201332,-0.507605321628165407,-0.0861934373052143932,2.60844425691810811,-0.954251739825541456,-5.66657917366154162,-0.945134691909582214,0.72922253966895112,-1.52626395219544064,0.333721606636762258,4.06849432606143235,-3.28146252180738207,3.78315528692934366,-2.40071921801643162,2.55499113412440249
-1.07703190549277283,-4.10941290925330005,-1.34260767887691213,-1.34916536152167454,-0.289624474083396088,1.32513714681641792,1.57737832454090698,0.972713547939184742,0.427856928072521958,-2.73148634450965622,-0.957651327258552953,-1.79334717964806889,-0.781411947766079473,-0.710813781549816448,0.883622698617632651,2.64743324478308661,1.9995230024840962,-0.142113921675895594,-0.953871485532892027,0.224754366311395615
0.296573407678829559,-0.876875870140579772,0.191302771260044024,0.262075641298696205,1.10651868921072039,0.225462264544532776,1.22609350189628419,-2.15150862040031043,-0.320789401708442612,-0.0882920271931336292,1.71686317247145803,1.25203744518169291,-1.17159710725806709,0.524491505338406272,1.71093085778262433,1.24528955726353696,1.50669479860002742,-0.171311335302474804,2.70061745652156393,-0.773621113875557875
-0.112917398695547413,0.0133393039530784758,-1.76996359285388039,-0.30061949090055412,0.582919814259458491,-0.985418851874957924,-0.674864167104804458,-2.7986750318501814,-1.26927789523198142,-1.23480233897222447,-1.11171231134958393,2.94303650658189309,0.285345340768273947,-0.00291140277375829095,0.737853796785035265,2.21739267658248007,-6.11467125905424158,0.569558637104867649,0.239939992771284694,1.11822701334798347
0.77324912865956219,0.387654848836684551,-1.78053337158804648,-0.989304522788434615,3.89695765237617842,0.218593847110267581,0.451666766106000261,-0.647813995289471034,1.71658704749027025,0.320973095350497728,-1.68603571566608013,-0.396240391046242979,0.671398633471168016,1.15579261640437814,-0.212311634733230309,4.00100075509253905,2.57688687542855099,0.259509915566194627,-0.284461970094574801,0.711434129850094021
0.22108248255043636,0.102190701672893153,1.26641639254799587,-0.499628804517666447,-2.01238485716485727,1.44937010027079261,-0.549376784888872316,3.18147612155058912,-0.443854152275845015,1.47860817130183331,-0.449230381222333552,-2.82137047074854896,-0.0776032136626165076,0.482169544989113408,0.298154683305853596,0.179582645060984786,1.40976946331124586,3.00730302924566217,2.17215692868904142,-0.952095709713224325
1.31066955768715254,1.88642557587471571,-1.03393345633407607,-0.259884699156320786,-2.99463123138273701,-1.62835741383248123,1.22603297655965005,-2.11603157216669802,0.763824772280899622,2.52986551766811507,1.35832410100715273,1.16427888796602952,0.872329564970163007,-0.924682316248246816,-1.42754360663318702,1.77451468002009949,0.151014568672952987,1.50838250331204393,-0.948159033039884247,-2.15332638034441137
-0.876443297470919092,-1.79647193651257386,0.242807195435874756,1.87962581107737492,-0.293760892209500191,0.973968084649315502,-0.0881009879998836259,-0.0288230819490296192,-1.95101842652393942,-1.54186503026897226,4.15922005981559995,0.260673854568093444,0.528309647461821963,-1.29245578864070487,2.30154926152936046,-1.17127611700049217,-3.03029764031590476,3.43958228049804982,-1.45714569634541502,0.606456598025976068
-2.20207215464332906,0.0440919256250255007,-0.596017396633249263,0.486412676641657937,-3.33862712768544956,0.900173187825485277,-0.411442883753662281,-0.127634417825988417,0.631659120322303536,0.649334608391997303,0.567753690130076927,2.1130486351274067,-1.21721804260009514,-0.475429803008070251,-0.0303943265167567443,-1.40491907527139825,1.118534660916777,3.37951686102897941,-1.64960901304487173,-1.7429874326517012
1.92834880450839363,0.522230274039870324,-0.925583305027767977,0.503533610030361234,-1.21928351112142086,-0.00644373626652065389,0.55995662495294507,-1.88037272526126875,0.374312298477694594,0.0973596855208015283,1.79790212577436259,0.377960296723887035,-1.42022764242410315,0.488563105931927422,0.630298586271787253,-1.36430595817035005,-1.67199803173098527,-3.25343087311707491,-1.64527232516046351,-2.66861749442718166
-0.771136686218814038,-1.28375921287623074,1.13076696776140295,-3.85332718396136231,0.473675990956208104,0.908875975145823856,-1.29805253654157271,1.98766193723123918,1.14570619560398046,1.59170906912032328,-4.19400076137751565,-3.49479341138303568,0.662768343700684825,0.380688385193987566,-0.437863275824894482,0.608180483221139379,1.25561201230902553,2.2256333146757461,0.479915686566347366,-0.27958338205376182
2.52234029930470438,-2.87749958945087103,0.864459596068559488,-1.2293294163703794,0.243816789612056717,-1.64001221213078208,-0.937358846050892369,-0.859728526628631862,2.1124210504692833,-0.00472643934868720913,-2.28653521048184016,-1.31490185504973889,1.67196250611168229,1.31184842121993528,1.04562059450444189,1.42874697648503002,2.77358500220254323,-2.69584178640667194,1.45032088978127183,-1.93479704976947997
1.23393398378012265,0.580915501219139929,0.00914259169033528225,0.950246945508441465,-2.07777875897148689,-1.65063830890524343,0.271533740081765895,-0.743151973981289959,-1.23531995170530395,0.930884051181933847,1.08048951647774016,1.90682014317585846,0.399403079647211556,1.04813361647380532,-0.945062391220966469,-3.71270478419162764,0.580642457392828937,0.114624397258830557,-3.27329471527660765,-1.03589629178413256
-2.45984039496942586,-1.50282807365376492,-1.3507640454526455,0.686814615970965825,1.12677775202827313,2.75284322517879643,-0.744263655563143778,-1.51089029931241092,-1.3218365973226549,-1.64935728468143794,-0.665286948844305281,0.338329872336819382,-0.823244900960577897,-0.26754648986433327,2.43175812997040541,1.2046014024905316,0.893274267035194636,6.24947044164008236,3.49551885645309346,2.42908573877137224
-3.06155707641494645,-0.735341812720717303,-3.15750439976832453,0.580272706799992433,-0.114309284734926769,1.60713231761576636,0.586021727496199629,-2.92843835463318269,-1.82069463270927567,-2.19356711785001712,5.0043067582773002,2.57955731811589617,-0.645790436496153308,-2.90389125843229845,-1.46515524947879938,2.79957427927038749,-1.40104418352230442,-0.0174127486938958284,-0.691394345980949399,2.62546323232695222
-0.0635245235023064042,1.96334217037272896,0.291415398708117945,0.202248580018516172,1.00444085216228429,-0.952381107401665261,-0.82396592564804616,1.17839831421441921,1.16362204873901054,2.90371898441005794,-1.48671845408463765,-1.78458362323020259,0.220550968971723743,0.0929938165331404692,-0.524090631916781291,-0.0478191258246654233,0.904476006255045317,-0.0959268933382541045,-2.91591387987250927,-0.392226112727891041
-0.448416910943341296,-0.89698906607151585,1.16015717978715371,-1.03725929899105185,1.0435422502023306,0.544876837149642967,0.477372739614127073,1.83636883508379678,-1.70706271699154777,-3.28796816105040834,-0.400051629550084553,-2.24430730344836782,0.0113329542574777346,-0.791608481031148559,0.0343518372437061417,-0.644126819306313436,1.95284119505196796,0.926862555205112182,-0.678773436738484559,-0.100960325301020892
-1.49260327148182781,-0.052257234016587148,0.169722737342792057,1.33433237719981257,-1.19852135084258959,1.6542794030651391,-1.80844962074916782,2.17111526076502859,-1.05909123650613357,0.352118824645553941,1.34464890514630331,-0.221453008822727837,0.0234294383541469448,-0.394774003546290386,-0.69327005396714092,-0.395678726506649148,-0.120101768771012044,3.21728678436430249,-2.71758014370831313,0.160164494409867769
-0.37548215262154494,1.3864591490073257,0.97658965111377849,0.575849604773919554,3.89399603685496976,0.739201092264448967,0.0270201937877926311,-1.14188560050785881,1.5445478750894559,3.0390417029790906,-0.790914703466155444,0.330487335187618581,0.579732277008199959,2.34563988234542586,1.26065492468908147,-3.22427295067373976,1.97187338756804964,-2.41077055254467298,0.178084123390817139,0.551961861687094602
0.162648520697502658,1.65818839608817981,0.682402862561924173,-2.74099678859231499,-0.678913503910328786,-0.510380982302777619,0.779077875036409573,2.16975681206887216,-1.50181511155209391,1.88441217743067146,-1.50283467780936908,-2.22882954357852459,-1.27299445590526528,-0.929185326123663446,1.07861673355283627,-3.58428176873417215,2.74010173414285774,1.06041206298235791,-0.381535893059879616,-0.0200596278181343693
-0.892488816542162611,-1.27936868521898717,1.7314086263433206,2.22049468084486179,1.64039399749709647,1.25617428628830563,-2.32636127700865991,1.07557552304643789,-1.70207023732637741,-0.556316990063619898,1.92761480443704381,-1.5739980063909107,0.905429689699633111,-0.706207690563622759,1.34541650589882655,0.168252139276096002,1.06847172199048601,5.51760946806611585,-1.08341561284601662,1.66695565804545787
-2.59094999260757586,1.16214043445143167,-0.965621609772614464,0.781627787834677346,-1.20091869592129918,2.93524338766236337,1.60074175671395302,-0.279061287143271997,-0.652943836857148074,2.14299086690442309,2.49127756194518124,0.0748228441796352367,1.70384988353622679,-0.503252855244255781,-0.217265862116473557,1.54945226327645336,-2.72284339589120172,2.72543356022273997,-0.740129526778609104,2.81952233431515698
0.505015071820187678,-2.86209744688305268,2.36779473746274638,-2.33512622028904415,-0.340899532132120542,-1.91625411560677517,-2.7658932213261167,3.37742500654914624,1.45526483589130251,-2.30507665060923284,-3.9516494597146945,-4.51718241141409038,0.675698464858830783,-0.905622988386563077,-1.09169484262479455,0.746083072643910272,0.194524337947176801,-0.0431489802867201372,2.5389436109964465,-0.547117843673998849
-2.83448198046872024,2.50137362227279603,2.14495483453350344,0.277830272366240194,2.67982584151425085,2.83829060556764334,1.8840256885586959,2.38086872691401563,-0.329067360134991493,3.28702415280574511,-2.15999780400554942,-1.23277732654065031,-0.235222957197677079,-1.87599318152211292,0.097740135733558442,-0.0591624130962102382,2.50683079354248095,0.503793343236032531,-1.66932370803456243,1.77442931497057965
2.08116330881651779,-0.500538438560979793,-0.121107776807687126,0.0845462825767928361,-0.44867854758514375,-2.79075614147806483,2.28441968625337566,-1.04363254888418067,-0.897987823108602146,-0.369565949045974729,2.36797409274657111,0.978699323509482522,2.24060164562201702,0.68780062617798432,0.683710171778325937,4.01151886174650674,1.77042717509681102,-2.66019995869579295,-1.25818708792830858,-2.62846634949739899
0.0201911445789541184,-2.06192204072153729,-0.344091212382497902,-1.93443830474569212,-1.75480828964359081,-1.06977452364197023,-1.02489685505402583,-0.55739641087968661,-0.519856734096756701,-1.46331828781688,-1.22938646999985179,-1.1677394080588368,-0.915437559158709502,0.154343711692033286,0.279485193752844363,-2.17734026791690205,1.77000597042829932,1.19505117366919977,-3.40444774079975243,2.98846402658714894
3.21304245845080194,-2.33897609935315387,0.949040540020930301,1.53807836278794241,-1.21979035828097304,-3.76890526941347614,1.61815738141252097,-0.188518719948379654,0.939314471708437182,0.144133565892797411,1.39462103891248268,-0.473453798616189858,0.371233866382990496,1.63462477164563835,-1.85005932104669313,4.56383969160683023,1.46107776599936456,-3.90154028749339465,0.528421944733081128,-4.01765703565466215
-1.30390973908527275,-1.66355950132068098,-0.859841752796594028,-0.670273573977388737,2.33545754067597455,0.48893807761802921,-2.26669933358574216,3.50275054916229633,-0.61936707182452555,0.00338069196301904332,-0.685142090870283771,-1.90244694353286969,1.04389344994246236,-2.43923241029706661,-0.0882385392696285326,-2.28606752850244321,-1.26544778830808302,0.382042410081446848,-2.60673282773190573,-1.05418520995783305
5.68784694228277221,1.1800203867094925,-0.703978765664255102,-0.404220270620164301,1.6659511427678706,-4.25927559016487134,1.87021180631133177,-1.11493708778525935,1.30565458842997284,0.431837547899220742,-0.219876470753478465,-0.0506899944558380708,2.57221563733720648,2.86180098398471339,-0.546112666097772204,0.906864405748636027,5.01095864895634069,-5.34731591916560678,-0.376033141267626436,-3.01672819624455579
-0.64727348071932389,-0.674323428738345831,-1.27125925873109669,-0.773516037978140614,-0.893028039923992822,-0.129101230403857847,0.615534855111851242,-0.761390648613549992,1.60938558090459205,-0.143281379357978578,-1.41052317049211351,-2.63399196593699481,-0.845761926336373815,0.0720872517771455334,0.848478993959918215,1.94116552853604718,2.40782352899041552,1.07123714114649493,2.31467462918953615,-2.35202954741372894
0.905076109600480017,2.41459287719824411,-1.62522208233500387,-1.72908769255527694,1.78135994208496085,-0.854614875135395691,-0.343946510155837215,-3.01183102593532581,-1.16028660158821428,-0.998138735863248749,1.95704072808758966,-2.06750580108294058,1.16860462492374118,0.221423733184114374,1.00861592162934688,2.15939687631621835,1.22170610458231543,-2.34185441238586733,-0.327468140893921456,-2.15126439939183101
-1.01523762090953729,-2.68394903138105478,-0.368476596457311956,-3.08935566735976552,2.81137741044286793,0.475567311617529909,-2.26776291550641318,-0.71988832294456484,0.000861017854704269111,-2.96389092855663172,-3.02815132873876802,-1.88369779066959286,2.53887648651071141,-1.89752153550194813,0.0390992420329154544,3.4238386647094905,-3.35494342610570406,2.43608561505379484,-2.47185746732083178,0.304551477382996816
2.11728908074551825,1.37222754662561486,-1.08650470006900379,-0.560012800299879321,-1.44525022109481882,-1.59574249782345379,-1.59831652415619319,-0.766509864095261118,0.854972885229171586,0.544187764092450177,-3.25522424480547867,0.563370358097719959,0.865417186962025298,2.1295984497996181,-0.706929330489750374,-0.413277688697102075,-3.10751550424204348,-1.59062937770751822,-0.238817350505821202,-1.05916987979454125
-4.46497095354323026,-0.93512807137542453,1.31225348283390142,0.743028031096224284,2.84082878644936754,3.8924309299503741,0.289512016845916875,-0.448751780224192265,-2.33316838540713167,-2.33958052323163201,3.1465550078074811,2.2147073846391554,1.83125523801682299,-3.90746272260295191,-0.695554049021765097,-0.603592763859221781,-0.188419443300045675,5.32461178891464026,-3.49468758560560611,2.52605448659958887
-0.160297739662985134,0.484668082117381493,-0.374155643973740515,-0.958996869934372054,-0.247378449636789177,-0.334157533596853906,-0.454164691640112361,0.759043915238278077,0.143437346144612704,2.01953697307981939,-2.15946615475251846,-0.812206699724960846,1.48104073329331687,-2.05714125033917394,1.20074866211172737,0.144091775261314642,0.982545110710882574,-2.11152956650060153,-1.93394819250173433,1.75379079972179741
0.833943387723653506,1.63799172140653271,1.56129234283616025,-0.144994024051028791,-3.12268475669246959,-0.434711872742109151,0.665908463582301269,2.69193079104479427,1.40742387923944157,1.09811998059187799,-0.183401240575558677,-2.79264368648655159,-0.198458200013945846,0.329148640579292218,0.0375726335608244227,2.21439218565712492,2.9880789049583556,-2.22114249176804757,-0.347385167832523933,0.331820941570649786
3.76416433956235919,3.02016540223919439,1.96289213302475729,0.526357765798734722,-2.57694884928612566,-2.02773984564139376,-2.7190490908895617,-0.124552035579229919,-3.16758546245366412,4.37663348313138556,0.219161876567124492,-0.373521966390433002,-0.231743301748516983,1.74139544699408644,1.72141712247790823,0.646794194441467352,2.5625014828607604,-1.57238549174243269,4.85793020273125542,0.222496728540478417
-0.315951587735059602,-1.43846691872473942,-2.23567197313028965,3.07829270855127612,-0.678107446826981319,0.921901665256724789,-2.81891490967013336,-3.12924208038160323,1.30719370734250795,-0.331392007362284524,0.988968526894976052,3.80837427243042059,-0.419600875551736474,-0.556397737150623795,0.709895298327733237,0.476886355322927891,-2.05430158056089107,3.33664436728125757,-2.20040266868656076,0.388485410319019842
1.46135256407276848,-1.1296162492297841,0.636816567462349714,-1.41016600953690041,2.49722962043557795,-1.04710341031039267,0.00956608405078776015,1.27197635422617128,-1.83379500735502998,-0.976517729207677876,1.13768280348156758,0.182243589255557809,0.0668881116444468155,1.91955575604185968,0.126915062842880011,-2.35282052612370762,0.416038488268406559,0.874719543924366127,0.330623585961520805,-1.94384837482222328
1.31266522108854122,-0.936062602355188567,-0.707909269918796547,-0.22716740511089914,-1.02189635536076362,-1.2493178807488543,1.1450587021785803,-0.66429705690260421,-2.03045185354993274,2.97621938991637514,2.51514666788129038,0.299021751929930635,-0.362371962922903246,-0.659586668585653846,-1.22995435082479543,2.90493598698755573,0.131211468656330682,-3.02070921955300697,0.754376030323679836,-0.472964924734838477
0.0439850517271861419,0.578542054561687058,-1.59104692522013136,-0.358522128477371249,-1.15131395602361963,-1.55664474724586666,2.0735912039792761,-2.55070210944486719,-0.0438499518335279254,1.75814743081347813,0.160054234497160081,1.84117905057547171,-0.948223969679937162,-0.0812477247735629293,-0.0196462394402279542,-1.66511143220310553,-0.914258363611839431,0.109841875509546757,2.59069253238750985,-1.87705476897429069
1.77062501190423416,1.26140830929180758,-0.324447388672428561,-3.07012664883290043,0.291272754865586736,-3.14427593557506269,-0.97200301807747258,0.40518330224261434,-0.847494378223332401,1.90209613699248137,-2.72355123833406276,-2.64814422707989738,1.13448115238403169,1.79733578238036595,0.809524749552103406,1.85655528405117987,0.564837500553507454,2.58143429069138364,0.0556666845581773664,-1.36623814921893993
-0.828789565319406174,-2.35034886694152556,2.31856109185126202,1.62930837709528431,-1.6716955147311976,1.04234804990187779,1.40104349003208584,1.55665465776476841,1.60544862815003087,0.667165833906646522,1.34663249764970439,-1.86429991851035615,0.555476047548341123,-0.27465301098739614,-0.407634066556896657,3.86010462179316693,3.59549298980633747,0.0918347683868114967,-0.972907568117303168,-1.19347890628126763
-1.62509886696100558,-1.22234478430484561,-0.101174814449238454,-0.540053959580636733,-0.115519379709614858,2.91861517771918155,0.9336974059591443,0.637754542403924485,0.61390219867515472,-1.6849946050568394,0.792156091181044908,-2.11554236626777792,0.550318315410861403,-1.40422731788835997,1.72755740696354709,-0.932097126781755603,2.4369843830691833,0.32338835371167951,3.55741480804498122,-1.99108459807950999
-2.5214719963792751,0.972828113974902209,-1.95578321029921143,-1.41576970109817268,-0.61758940363092496,1.4833088538384287,-1.7101635512019091,-2.70281643082038681,2.6234603503879903,-1.35443655564772958,-2.4719371191622308,0.79629449042222733,1.53750057450644917,-3.04354274557845983,-0.491467856792211666,-1.53856977403370321,-2.00853230460207266,2.91337598011373666,2.27025008337336498,0.155251780717278937
-2.77942396142185588,0.911003881121534964,0.192205609631870972,-0.0035652405270307809,0.189674613583985269,2.65172044964105291,-0.247220372999593513,1.63624976824315227,2.34705895812938659,-1.72106045244654959,0.420280418885862872,0.181317455043146919,-0.547328024664406554,-1.56496063205274405,1.90123190861401192,2.86544376474688844,0.12299226400130206,4.0118303197291878,2.95983290002971033,1.86005977861097249
1.79827063212209426,-1.58048045047412988,0.749096540754538354,-0.321504680273264676,3.91199148169005806,-0.904656629274962154,0.0725680596722504123,3.16894547976709484,1.54384580005138461,-0.778289662392324888,-2.36914913101782432,-1.62455895061499334,0.978463284201362304,0.861116080886326296,0.0802165228973241023,2.5289023630352685,-3.61802727361965371,1.74118995614531902,-0.965174735054849631,-1.14076893464373841
-0.79332056776117188,0.0134508341787112386,-3.32218862747211974,1.26992715619921959,-0.544414836488287701,0.537284079736149667,-3.81545952753994566,-3.26003892165932951,0.577515223549327272,0.287425888610250924,-0.093087000671738529,1.80713668690724072,-0.0874157547519289063,0.38523764319090098,-1.11914438951737427,1.30473510927904113,-1.71935240874732331,5.28372944083329266,-5.55190112421596993,0.373850943316828332
-0.109237638788941535,0.298706464707660158,1.61663082826653515,2.4534232626897956,-0.849836398716949382,-0.272056718800705699,0.641959603235505938,0.794411151822035366,-0.105932968344510769,0.0294791101298407451,-0.386827559220040751,1.59280801140578587,-0.00710012598195278698,-1.10497569105623916,0.348847679900538221,-0.284751830666981731,1.54173015485549181,2.72654133256146158,1.75321375893124465,-0.72509742536705557
-0.49038980073353261,-1.07491105158028377,1.37406592031557651,0.738387357093739705,0.33263735644640996,-0.733627755850393526,3.87609054950395837,1.33196327459216923,-0.165461677097865328,-1.85992624733888912,1.53879877475389937,2.05111337596657828,-0.995857763646061711,1.34134389795085585,0.216871498033752302,0.0974213365135915138,-1.1496623602748397,-0.648509077054262528,0.729783582008106002,-1.13142554017949615
-0.424183416484221032,1.41498722728810433,-0.474291970480261504,0.47643635261736883,2.86493853043952962,0.163046208839001255,-1.17801368064234691,-3.65584322022971087,-1.28406704880326661,3.76527345729769181,0.388215736079709384,1.43733622526737248,-0.152665438884918597,-0.473532911570104686,-1.51436786324460981,-0.26362620439691592,0.295282341821043681,1.96819340192706127,1.2187312204459908,0.0835733832997896248
2.09360521502988917,2.10362841729453987,1.78072729803430163,-1.63466164572377437,1.15753145998739226,-1.69427006242014166,-1.6218082929749964,2.9020059806779539,0.337015528703946798,1.33186054436684054,-0.471351134263057303,-2.38388040698423165,-1.43117404441314977,0.606738441064856304,-1.16172940204442288,-1.38138700051009322,1.13311870478980858,-3.0859687431158509,0.136708221857504836,0.893843150415131293
1.35136925074001857,-2.12158068955308687,-1.77884861099009961,-1.9857460903806563,1.05459846946779523,-0.863870854212888672,2.45201069158071938,-0.516358370229448416,-2.00747916733190479,1.07150504406647817,1.11645485698372648,-1.16757423885479916,-0.772295240246183234,0.356105183347658671,-1.42229924840260247,-3.64008507653770241,0.304284856432785578,-0.577248586751035631,-1.99953640760592144,-2.4802857689911022
-3.68166947314850379,2.71935188235606651,-0.670875289087483395,1.03687891277172062,0.0662080840269054643,3.32878225327472688,-3.65517906800383141,-0.200669539644394046,-0.890987107259334055,5.31282091502145093,-0.578748690467512428,2.62674483225304067,-1.49896278130498706,-3.0590959220081726,-0.305111157276767631,0.667824366892610266,0.485855393333888941,7.45299738756077002,0.809922193533150092,1.59576792548421431
-0.916720741749933343,-1.80131295421479831,-3.55456126855581012,1.19179109576371789,-1.5038331253393229,1.03507079096906418,-1.23901470745187647,-1.43182367724510207,-1.22252876193891469,-2.67807581680770301,-0.886795466873200655,2.00459503773251058,-0.28297755051446738,0.274154744922430915,0.900741561770338039,0.522265940109903792,-2.75601024576865372,3.36966003597958119,-1.15928662804690585,1.50321690168392164
4.98199803155064291,1.32899209545426866,0.405520623380503098,-1.49646092108100093,3.15402228650456129,-4.33137189578666693,-0.364130334250638399,1.63022021255809468,0.223947186718679275,-0.255928142187429652,-2.08466490032684471,-1.68017924726345047,0.317566684665119836,3.77358542990281887,-0.454262106119831588,-0.99971297935615111,2.87023556717056616,-3.81340484328866403,0.774199320372413236,-2.15546155674050466
0.90303842165415904,0.0734685525663913014,-2.01030384454599131,-2.71703324091810616,0.967245357785722848,0.365114112303519311,-0.587900523839700373,-0.488652198857886577,0.265128153006829959,-0.397954633809976588,-0.414781789436192927,-2.16551200640053176,0.0413038828733181124,-1.37150797259592339,-0.322565030518863871,-2.68071628720802124,-2.66505919208338282,2.05225540316061394,-1.13420207865937739,2.46208557059109845
-4.44474363856983512,-1.80600851497356496,2.0790504037557489,0.355216641467356764,1.66288043774393279,4.35857596596378549,-0.655360132206891488,3.57959185134673685,0.515783371069661101,-1.53670308336163397,1.91610948165818895,-1.57813833310060025,-0.679085119294288386,0.0940622662052193331,0.11935170753871846,-1.37328729225620849,-2.41982143630128954,4.33556566164082824,-3.97550400707533713,5.15285454799459774
-0.972232655148597247,1.03426635416721702,1.06778728789234778,0.458699517073790419,-0.783245747952575622,-0.937190276277161338,-1.900957081828476,-3.20447577015374296,0.122676866816237642,0.750660980580315829,-3.19293247837316585,3.26116582405657018,-0.236379822886891494,-1.35210343379260367,-0.136298157137265979,-1.93539085962343083,0.751311264362504061,0.0575224034143794749,-2.44018009437325212,-0.607476739434526181
0.799398272564690537,0.560781406964786622,-0.459314182233902801,-1.33906631601603654,-1.60812090310938394,-0.252041745393281669,5.78049511372917646,-1.84833372705633359,0.838670156153189073,1.08836056365987521,1.3705277092099879,0.0867100078402077701,-1.01885409350298617,-1.36746174157578837,0.705934166378273442,-1.60803284555272374,2.37542358326970016,-8.37060006553007518,-0.949057174722065522,-0.192884455564994006
-1.54708044565350544,1.0328275109648215,0.167804106113372958,-2.60404571448168376,3.41869913381178847,1.65537569409867125,0.91423163079920855,-1.43027745748358615,0.603587608269961162,-0.68747610896127076,-4.22953147225036385,-2.51632977735882468,0.334383469563999336,0.859342423100565966,0.895491851083606072,-4.68922869122123576,4.61600877253032493,0.538185751327581618,2.05923197705445427,-0.211766022275975602
0.224424648940530297,1.517741309404818,1.64102323949130313,-0.733483148864151113,0.0391304078062766347,-1.64360573539129962,-1.07362172799764388,1.16261809180356823,0.640917588134834681,3.65786748980931975,-1.72706543224073794,-1.60368052075839729,-0.0129278518515011671,0.724761134933290863,0.992929798705118438,-0.045384948279118334,4.15625245593604919,-0.580679182171860875,1.25884981297146292,2.95200981192742429
-2.49462869319650205,-0.372881331013259543,1.1130339806431333,1.99747660494690193,-1.41402084333874289,2.55588219303444442,0.964632270288733551,0.378554961885166519,1.50765193756948657,-1.74303057160964481,-0.0541074618432056884,1.07563408380614933,1.38631371856631902,0.996084137529328562,-0.711435936136255886,-0.742778752665150255,2.36993888959713539,2.87852711347178047,1.31493205902486832,3.11939364991671964
-1.88356260026934663,-0.493216544787362654,0.586256780391501198,-0.922063150563783851,-1.68825860851827536,2.24442772076148289,-2.26542796291552984,0.974584820249071782,-0.114050355942554207,-1.98362836677469168,0.0773120543241883479,0.21932631022982374,-0.268576749670689785,-0.447253824983077142,-1.30913672137743031,-3.8092654212798327,0.205011217483051872,2.64182523605146535,0.657003534399510647,1.00251393600970884
0.299881779651705316,-5.48226635196028944,-0.375018698417662,0.431366288262643727,-1.56992874366163937,-1.04314394136917166,-2.53262161797666607,-1.19115734406980067,-3.37092299191150913,-3.34357549581618496,1.69037040394283022,1.34878667853624723,-1.09016328513245919,1.40876271679966769,0.707350222578652321,-0.839886817582791934,-1.92441630078357573,3.21821696518767331,-0.280154955615879664,-2.48195632177469205
3.7034389715688687,-1.13552955646320597,-3.22081983499970592,0.471308531160420541,3.70145433808140867,-2.78535167231689051,-0.281341410982586859,-3.33775818694649029,-0.396432329450712662,-1.28817310293147269,-0.0177443827459784313,1.05931327508173223,-0.357464828051048289,2.63575236058685292,2.0065207723742633,1.81501494679606656,-3.14383387556635308,-1.47088633398073276,-0.598381056898549257,-1.27132303999380203
0.447327481894898515,2.46060574352580375,1.83980233785373426,-1.56606707043700899,-3.80083044798639325,1.55197910325378752,3.17863465515944421,0.898794562763374438,-1.3584277255850401,0.667457763327580889,1.49568496702901399,-1.02567250034638668,1.3109059541317587,0.319225307774122835,0.486980860693609741,-2.88300650251852231,-0.515528739161712379,-4.73933361228123307,-2.89099295708142279,-4.19259413208894571
-3.04889834084845823,-2.65978108262851753,-1.48663215777706581,-1.42743596816995355,-2.52850805452500671,2.40398314642810007,1.96675384997981006,1.74363238526178521,-2.20098706161003221,-1.16117920748337067,0.417270784581544874,-1.92868132829284922,-0.884321612839533033,-1.17118513545103298,-0.721008961767437784,-0.48926541383009553,-3.83480282537511252,0.47411456149252329,-0.580529225430862827,0.38068510931373517
2.86728549305742675,-0.747273272764300889,-1.0033379502892672,0.215221925144766846,-3.2485909671449642,-3.98565919472260877,1.14189139911114235,0.832392688538518111,1.49510172127392416,-1.13181234036493006,2.17330932773902719,0.97060999110585422,-1.38609649713811622,0.79434055440104212,-1.74271236725517942,0.0492280405932658677,0.873257636766249457,-3.60250974171746119,-3.96140690792946337,-1.27099181164707908
-1.53967695803724491,-1.63096678295051989,-1.78691174330338676,-0.348941864200107643,1.11838038317046107,2.60433868985496897,1.04171952690511471,-1.65713071897287967,1.27167532350267143,0.171978858714571886,0.461169435902595848,1.50761162183986364,-0.172842444813455676,-0.299044351384196772,-1.63477263816951979,-0.0288461157766495141,-3.46998652109712546,1.04789964410437531,1.68460020356331985,2.03681243874231921
3.16435866137148025,-1.72922733903689285,-1.52812964076756064,-3.15739252014437666,0.531267936916776984,-3.35783111525499356,-1.19308134039341707,-2.20597191840352824,-0.348117143428806119,1.03069845531070903,-0.59759281744622339,0.634248436222745404,2.11508466905786818,2.34172908677981306,-0.750077602924926756,0.362185126884947639,0.122512320867682906,-3.28936151991311831,-3.29066298870047724,-3.13855099234227808
-1.17310270677708117,2.97261853869740778,1.32252833466305142,-0.297282283717448303,3.54321532689360685,-1.72418902580986155,0.00558327687729661976,1.87275035854256533,0.954919576326958675,2.21111151262080874,-2.69447854684428956,-3.45142893986311172,-0.493521980203245947,-1.53268625567564043,-2.04307252465904909,0.121026703450713868,1.10945552812226955,4.18930317744944603,0.855132647825309067,1.70835528566684136
1.42296300087212235,0.274882290047094857,-0.864099724540701719,-0.399766752356256083,6.97818427284819087,-1.79832992798989078,-0.0260703668466152547,-3.29971496687384125,-1.09627720779619708,-0.066285691451022713,-0.460927503627380164,1.45787064237216502,-1.80808772308076904,0.84098279653497432,-0.994100373856499853,-1.63713018893299855,0.292223197696181325,-3.44923981516239841,-1.58663923145055819,-2.23148389454654028
2.56302551705697468,-0.988559918106288849,-1.05198582924626849,1.37602311131668831,0.502820199944142288,-4.04433900606030505,1.06092187356539669,-0.281891643615726328,-3.10398734935499654,0.892640743886074395,2.60764962431614933,0.30118786962779831,-0.135659662240039364,0.902596137007551813,0.0934249834536233226,-0.768449601214311939,-1.71437090419872029,-3.52321609519691892,0.113712042862826365,-1.09797157318944083
-4.61182856692408283,-2.57011145284843812,1.79233320783354011,-3.06928612947743851,-2.48914161641069276,4.2115963613164471,0.0333411372409627704,0.952124011096784906,2.74845390951643065,-0.75907927253452312,-1.268268484754004,-2.99168454479733503,0.488075693377350461,-2.55854615423001919,2.2104783242013295,1.98833114222996032,2.80937910572758742,4.17398487888511749,1.27009052713172776,4.84423436034091637
2.49854093585543424,-2.40360631246977574,0.14899031151316533,-0.0904961306567187429,-3.07887347805874967,-2.91165335181577234,1.04754606901226932,-0.894509068269234708,-2.0717235367143485,0.440589803412728354,4.04334228371335413,-1.80776470652681431,0.132142661736046635,1.54149609196174864,-1.32307648549817203,1.51331474937492705,-2.17131465875805985,-2.36489971244868302,0.0556701061742857842,0.522162572979125494
-0.852168360390732071,-0.694543609111701987,0.303027381776746929,0.706151830152958238,0.235811181316019775,0.322105578179145202,-0.238500484217301384,0.381731591319776076,-1.99818240942777314,-0.758666891504404695,1.18935080525271353,0.745442966463924606,-0.270913898583915458,-0.484397192535121701,-1.17680280501341228,2.38227664862753086,-1.64952742533744456,0.48269684342749869,-0.0108746530619135313,0.916436149840807235
-2.98798165223772916,-3.10269657743349514,0.256072278654065788,-0.102602927853276168,3.13341122840818365,1.15389489620758323,2.48074373047720442,0.231357442261289237,-1.85378501482895253,-2.10470955702341378,1.33962732975570109,-1.52784569772566781,2.03666698819258496,-2.68926451638197239,-0.364360909538315847,2.58853898384617187,-0.748386191461144379,1.16394650536348188,-0.0225382128314956,2.47325794913054553
2.4248067005350884,1.9877006286444201,1.83202004630784754,-2.21294031769583066,-0.62012337903645165,-2.1001452932121949,1.21111755207416216,3.44107327160683463,-1.17589730187818509,2.05098141370998777,0.270283498255586452,-2.76915587417314457,1.24261729048754943,1.5998747436801275,0.509495157071807481,1.58290365679809431,-4.49327444142999877,-1.24500828928188967,-2.48932823066328801,-2.12314475684363568
0.560879331706236828,-0.189661105850988027,0.0183065410168949741,0.614273922677179729,1.25267325013196218,-4.56321946204335127,1.99611506137743699,1.60214626756726775,1.26105819602471492,0.295507992530871233,2.39565605603780973,-0.320430088267471214,-0.888727461822612308,0.308105699267702204,2.38191952993129785,1.614170661939065,-3.09899893248679881,-0.646607771155315203,2.12468445996393696,-0.65830289104798323
1.86573878658113079,-3.08109614199105675,4.44630353296070524,0.91578538019586242,1.88907444835509519,-0.321214587671076468,3.52238637976706848,4.84516379811041009,0.520720627637057509,-4.29367144479861196,2.96382929966391018,-1.96582939177182969,0.359335001805666521,1.14459491512722811,-0.190635885752786061,-1.77184787823781309,5.54587130606178835,-1.33103713669939627,1.50405347286951629,-0.689276205217335014
1.43616903960542031,0.652870101570353301,1.33480632523812126,-0.519058545308354047,2.63181053711164292,-3.00233332551996313,2.43842124739544497,3.60576418916016639,0.969120676343981358,-0.176991532816373698,-1.18988123445185479,-1.0554834109546527,0.939081480862494655,0.499214523610062688,-0.380508706961457333,-1.19496639783278025,-0.322324310083355436,-2.57893077387558289,0.172578880533736378,-1.54627312094892888
1.76919437156791948,-1.98923552244710455,-0.666569366348739423,-0.150246421980206907,1.17430989443125822,-0.7931716440209301,3.4152533772919953,-1.35704586051341214,0.59865466305484849,2.12696405643930442,1.57509919756019046,-1.92659119968354098,-0.984214909046788433,2.23099698347515485,-1.56183320912811641,-2.49128574788984425,-0.177573868390390077,-9.5690636558732205,-1.8048735911026772,-0.308931762814105226
-1.02154851164774296,-0.949056875154842827,-1.24535787182123836,0.673033516562428269,-0.0847208616683757382,0.934986151310489899,-0.138301624262194639,-1.65502766309883542,2.64020401174760799,0.0731255325887725655,-3.08570636388714759,1.54212652271838047,-0.759047177012313834,-0.821513823928258335,0.18822443544472528,-1.20127133911759021,-2.17677604068940589,2.69090121712573982,2.5560505718670643,1.76886809793369459
1.62230045672577505,1.60945134214899532,-2.31660691086047121,-1.12654543578263144,1.27006863202279119,-0.939208621221684248,-2.30320134758315165,-1.45803773780753354,2.32176572902851674,0.02047476427421141,-1.73924928493534758,-0.447548186607704845,-1.16892300015272399,1.12915913306149962,0.944077620945167562,-1.67465702338550093,-3.65220312905498723,-0.774744604613622601,0.900161652193151141,-2.34235474727015092
-3.76779127259970803,-1.38720500668081193,0.864766522467512844,-0.438845540714629723,-3.96040300686207392,3.05140534914966555,-2.27949452132307462,-1.05132305377939028,0.381579820067135422,0.0915770207184391088,-0.75128628796500474,-0.113412467008867382,-0.442483899544843962,-2.04174984761351652,-0.141282903718072783,3.01858497886757737,-0.0856902202818537184,6.57982186554580561,-0.548203032870464568,0.93167383268590187
0.194546383634176839,-2.15719895580372834,0.991490754313504086,0.779479055753361294,-2.83959086729547261,-0.987486774261416622,4.87311051271994788,-0.80423130893414374,1.61497920569872755,-2.34174877556384953,3.79951740592179643,1.62494747775789805,-0.321684294123497139,0.164194557382941808,0.462826387833319586,0.331650313950208275,0.728053759453475946,-0.705593591855542046,-1.52306376286737621,-1.04052343342846143
-0.974495548941441969,-2.91498778650797519,1.16876955051532039,1.81147449816968931,0.507263027485447937,1.25681062174233515,0.850288231944520523,1.79579355060024937,-2.24192225733584838,-1.71903514864716667,4.43297735382519065,-0.589168194079023211,0.241640969873416322,0.133719170057281844,-1.52266238634382201,-0.953003282211158709,-4.6209983007114932,1.20215358069567979,2.1222474047819424,3.67697369843751565
1.86758530139295442,2.08761082829006561,1.2291230312137158,-0.402031949649205467,1.20500926650137363,-1.64676725683709391,0.936519710462642707,2.12424641837634542,-1.44446769120400775,0.856655766789271023,0.396139923793458415,-2.69668014427111791,0.212784132097788625,1.13637817916738348,-0.0397363487926868236,-1.96872877870471474,-1.16084945148918006,-1.44946297706538907,-1.4688709241791118,-2.20947162569384092
3.12958004701204606,0.605419486334051071,-0.297640544509243932,-1.69218270479013788,0.600528499845299768,-1.33301324221244366,0.712162434417355272,0.339164749614039751,0.121347367375221629,1.22026636260119581,-1.25103524713743797,-1.50238354723370948,-0.257142562995977098,0.725639350364389979,-0.409002894537047412,1.24912093771736599,-1.68083278291680638,-2.42237012071996194,-4.0493735185609232,-0.0515027032927915379
2.183133471025128,-0.0481624655849926531,-1.41044744029853542,0.254223358899073715,-3.67206731741143289,-0.575100056018779449,2.12938387566813825,-0.739225762276830567,0.929592517748429326,-0.0455100604233391465,-1.32036505937366089,0.00408626877705900535,-0.698259115036732214,0.952117644747497938,0.853079522793398604,1.17768540102398545,-1.00353252785810843,-6.10112877249138652,3.44474618988208858,0.284184613980806799
-3.66654144713745644,-2.02299768946872982,1.66337606939270488,0.090955623149499315,1.49943322563559467,3.04804117348008052,-2.97159288391517462,3.71785473809527289,-1.12788965019025911,-4.40062883549392669,-1.27022088902172525,-2.96140123008427691,-0.647234727847774138,-1.36355125017422485,0.777496798094577835,0.929614160128858336,0.450604177447620047,4.8760910035829248,-1.36564902434190816,1.39130791547621691
0.312174080694084422,0.171312541191485729,-0.264858717840939117,-1.03034258453123817,0.152741705462367927,-2.9806029701017045,-1.8558964885266922,1.28818439850846311,2.69545391939284551,0.451341704808493782,-2.91029787610358071,-1.23216555439881614,-0.663643642621633667,1.69957560833573895,1.08468265297151456,-2.75858174152815261,0.374762671497016087,-1.60168141623534388,-2.31107634747330115,2.02048431674050288
-0.877230233585989061,1.59762292362816671,-1.26413591136012293,0.842310823728980806,-1.56518528083622943,-0.670233719040047138,0.500568699080857438,-0.150738350170084717,-2.82740043703528787,0.752579350473101649,0.790619056729955916,-0.329662347780558529,0.137092543056158783,-0.69819386882901846,-0.137612987064662351,-3.47371526428060751,-0.249856093961385195,1.65668929246662322,1.36851109299571227,0.0355655875210488734
0.792956117791768,-0.477912756980917841,0.873445689470287889,-0.247259249412819626,1.29945312760749365,-0.0148353362685448645,-1.70835554448334404,1.04013684605677792,-1.56971737668550593,1.9281807400002493,-1.69305157324415867,-0.15146406102800633,0.141564904431319749,-0.492419432269582236,1.70414444239304275,-0.123205482722039766,2.08978356469414672,2.28693395305066449,2.084908906912041,0.529916317097577583
-1.12170921099206944,-0.856641872907162538,0.554076889243534931,-0.138129589025591831,0.117951016528879501,0.972321400277124326,-2.48858417778165286,0.763703901935341545,-0.780001990394365019,-0.637333582885969085,-0.544737254435933793,1.76545386241296476,-1.08709650690631632,0.0621390966496900218,-0.996356836503038079,-1.09888980537912673,-0.236171082085242012,4.68977976286793918,-0.670654338621438972,3.98648192300405801
-0.0977773000375536661,-0.0627987284254259565,2.34330501595875651,2.10542459683127658,-2.55723129123558168,-0.957839300154739504,0.817606844687666201,4.62790931481851597,0.35586767903790506,1.11373137034306957,-0.259727706369860367,-1.33060187566034105,-0.765529331372420074,0.693196335920933771,0.310309286204547508,-0.638933767772246308,2.6924219339773261,-1.29792465651671352,-0.401528122918674735,0.90439129298109644
-4.32846234340120795,3.0705723586397724,1.48791862635517536,-2.73260830227061691,1.14195163607157868,5.39987924962867716,1.97377823403003338,0.646073265184432421,1.97793084611446934,0.448137273565218819,-2.60318582924395114,-1.11028284634090801,-0.817172510249041029,-2.66213669183145107,0.760639648005289382,-2.68892961008461651,2.96125979168416853,2.2913020108638249,0.933726408025592036,2.07607652806092702
-1.03660890204389755,1.17517181194641562,-0.6961688072078136,-2.69469837553107672,0.998674721660820941,1.48448397399588372,-1.97065371480194718,1.44625586098743897,-1.02664834418044948,0.688673037342168448,-3.40176040411024427,-2.74535745900493788,0.0100833423540634941,0.221631026241186774,-1.00181284519327463,-0.522887445173384258,2.13515633443542674,5.12012864964792414,0.258301825680116559,-1.04509647712158826
3.97812994906873207,-0.945486869613344494,0.900631283808320138,0.0187896896296113475,0.454367153491153253,-1.15682102274671772,-0.729997857400228378,1.40172620566294515,-1.19110253696482493,-0.527503679370338041,1.79167279134297996,-1.42583040699888031,0.816784855567719292,2.35352932286196248,-0.271809752897683887,0.333808758965237817,2.90778828756293128,-2.91265560388946465,-2.00314637877547952,-2.32244938229700537
-1.50924224765946224,1.84871550585730149,2.12121972997958652,1.77897230703295106,-3.4352462710133862,2.54877371487676019,-0.561933996322985241,1.80184624403363314,1.29864436974410036,1.7064184167621661,0.440018752283286685,0.219921587405260799,-0.791887599878318138,-1.85101839556893211,-0.0356910093580098953,-1.49863572137062318,-2.15134877538860447,0.95729498480310371,-1.06700034338929339,1.33503198538265644
0.149110037622882968,-0.595434280834192586,0.516687046680895157,-0.236081890261404165,-0.950765361177219992,-1.78345612916485852,0.35036510326776299,-1.26499775392200875,1.7802570579583139,-0.317865361748433939,-2.75178236731824244,3.41970994591108779,0.623507900399440373,0.452890246155856047,-0.84905895562827649,2.40299655040456184,0.248344509812183173,0.619950630924973711,-0.685825007323249802,-0.853721795851600906
1.72677200893452554,-3.81889142203654863,-0.953141450758311026,-1.34215286959616442,2.20256794538985323,-1.15400610615102894,3.40719155535375195,0.365741264305721958,-0.817705748911919383,-1.97552573488421723,3.24400551113097579,-0.245174986054182809,0.112474117169055643,0.949614219150999195,0.271877784642379383,-1.75535946745867055,-0.848815561091252446,-3.24953754595668753,-0.502997314446153476,0.342485664144312307
0.78070331555005279,-0.482230082878830457,0.173627149385375545,-0.611757064957272112,-0.498433855272984505,-0.294812925376920887,1.57936586387948275,1.04274543192360802,-0.496728652624032763,-0.444686817009348478,1.06422369133530936,-0.603046325189237398,0.0550348857176591322,-0.36685860284780536,1.51700046112040332,2.43161081730359774,-0.595617792732293871,-0.305877855008887312,1.95473042741664638,1.34164244890104412
-1.19995981640624194,-1.19014331506101079,1.11532983463415558,-1.63341186569559094,-0.862493051696311186,1.18146484512585692,3.60707223995564696,2.77985704881475648,2.14475964455125556,-1.84413753215591947,-1.33224618978085196,-1.87729205611970951,0.668685151674533795,-0.935214641434292782,-1.59613643757619483,-1.82387555558196279,0.742978846637895485,-1.19724639036986669,-2.02619101188169504,-0.793235670391588821
-2.31725955171108433,1.67466408156665136,-2.61517310774294964,-2.55582568129338616,-1.53425215465728892,1.95649464238117088,-0.384813182142822841,-2.1589805013502783,-1.41003027689487315,2.39559356405043999,-1.63228253162898418,1.42882045088439891,-1.07605184184308023,-0.406700245915759206,0.266798744534451238,4.41493051155200433,-2.11749459208436042,2.53779760598148574,2.7187200945539538,4.53076887041683118
-1.75867784150275774,-0.042368492075715157,0.506781532275600632,-0.378175237619592097,1.56465530733254843,1.80073523668416691,-1.45184386237214125,2.52392940926075582,-1.28487973542853906,0.211984163311486257,-0.486556818108357991,-0.987605564184066975,-1.00888928127148314,-1.03368323648625893,0.898795022499904062,-0.207863808571141284,-1.04317925102010989,1.62184757713493766,-3.68152620361576188,-0.10456169331488363
2.44069055911843913,-1.90256431771476486,-0.74474093612881298,-0.185578972238953976,2.49931980293822864,-1.69269816472790069,-0.0827179372501125193,-0.669060908744331218,-0.262162657500641438,-0.615740220460410326,1.67260920578654826,0.191996126908085096,-1.01348860297225896,-0.0295812650959393388,-0.83127551935847066,2.85599690206940382,0.0903911745980715414,-1.68685920537983192,-2.78858521693798123,-2.23535333904328937
-0.405800977239204774,-2.36718112522501523,0.730897082277605192,0.550759207396919193,0.662370486311949058,0.799657755574851081,1.05347849348681155,0.0713295905782024009,3.58843304412931507,-1.23718663921915528,-4.09901008904857367,0.111110426925000158,-2.00039138731881661,0.0364627472605232733,1.37579649947659299,-0.830332468790545675,2.54767947710101206,-0.433421139982220427,0.315413290843538308,0.244793941973813517
1.57840161256181433,2.86011539756119326,-0.191270515469676744,1.13916000399074768,-3.41315988917822022,0.379176682755102912,0.999537641101473251,0.211842028969413343,0.322465174038543911,0.996466166160639877,1.12441909257239159,2.19217543501936785,0.259263114365507641,0.684442928567792541,-3.02688911985418141,0.405302819716151619,-2.02872425095473341,-1.88966247781139796,0.722971429753538564,0.42637571402749741
2.6633991475391543,-0.28995015020919479,0.826189220932674107,0.38514930546442161,1.33714268256284607,-1.93601618324806957,-2.26233934684204163,1.55294802335647919,0.594789951627196944,0.505296713053209223,-2.48448027258587034,-1.14657789780925179,-1.10345618539092083,-0.766647215595834375,-0.127586987481611264,0.328798556078618465,0.668223627200852155,-0.891781128685422475,-0.0674430290942259342,-0.927257494068973953
1.87041265509442289,-0.368325537284593552,-0.147043789925833779,1.03282155023166755,-0.827489245217171709,-1.1618727908749904,-0.978296748573810659,1.40401922952911806,0.447928012891929683,-1.84734047916323485,-0.753317954551043556,-1.1054516743253795,-0.29001674862578708,2.90780353411867543,-1.07115976455499529,-2.95920681867692714,1.28759526367427735,0.498055494869211079,-3.09210860487998174,1.67304902144519141
-1.61451711439310452,-0.993934996856178476,-0.326655302030453787,0.331150658995488678,-0.87160018566255093,1.32033351744197791,0.256581244206785686,-4.3560116296172593,-0.19081295296587078,-2.89896495326422743,0.958632273535348189,2.8527069316622109,1.56875079883624036,0.409852415903633416,-0.731312212952218932,0.791057178586363041,-1.37498327342775251,0.331135362207830131,1.28784252040144276,2.32480117797922547
0.0486527561778233586,1.58572307097316023,0.217809319216530017,-0.978942820863200502,1.95120144005587259,0.497297237186500374,-0.0705033349768717926,1.37785301781230785,-1.46162616338183815,0.0376568066963240272,-2.30431126517772444,-2.08104406385006913,-1.39171379035765219,1.11821467832634736,0.561023738908516423,-2.94659735520406096,-1.67709728963129945,2.66916942084540798,0.236137698606641355,1.48580017103091055
0.446138689466461291,0.251073417749541061,0.281328772038891339,1.03965903563598294,5.9666092816766616,-0.138824318925573537,0.064327957380618403,-1.14115849382461843,0.533866986630240681,1.9708238132403697,-2.31482188586336113,1.67616099874812763,0.444385953977678549,1.84789957776693359,1.36242262170965978,1.79958077946980155,-2.1555545634890958,0.313786021964498674,2.18152709084149654,-1.58744902941231159
-3.23851145666729634,0.70377577657990642,-2.09191014099424155,-1.67433902584318051,0.959751520139803804,1.56149245605438391,-1.98464989144189041,-1.47794985473250584,-0.960148938444475908,0.224668551812502088,-2.10938187091795637,0.478520770133340045,0.467079744259001062,-1.49043149840180456,-1.7389964668407254,2.61631556487772476,0.927137672593054352,10.2853900962606168,-2.58862829775662373,0.949881305874063497
-1.18710165394519285,-0.217415333004847999,-0.387395701281571081,1.25709658070170782,3.73594497105813561,1.7127448676513044,-0.523207687395216503,0.476711778194375768,2.44745885873687286,2.39132915555551895,-3.2499885999970255,-0.00860776787300494665,-0.0227415529216214857,0.135957701797912112,-1.6104242215433624,1.36933974711345652,-1.96426440511490696,-0.96706147846301993,-1.73484389751215495,0.437166922319680795
0.25793424851210911,-3.0639059024459292,-0.133875929949417188,1.72852028204214769,0.260114211081587887,0.383707393471610037,-1.07954300898349342,0.728324830687192226,4.25418966622333539,-2.09472664571095235,-1.74005813948919208,1.72732835335525126,1.03395487129999863,0.338687046010108461,-0.687412516362503445,3.29758875844586097,0.00426160186438063419,-0.241765260751605343,-5.29898085016286657,-1.65600007804533611
-0.804139229831839164,3.14308078276513836,1.65104893443231582,0.491316099186743127,2.76549974901099915,0.616305206759086288,1.14953485190752747,0.105072083439465169,-1.71992792264362615,0.14377681987753782,4.86565848291996517,0.217589184357704413,0.290078007404102112,-0.142032589948285298,-0.100873055536836745,-1.41918212784289421,1.66791475668560341,-3.86014740719174476,-4.67887898245153444,1.27154820651738398
0.834878283037784774,-0.545991544242895754,0.6539129300576072,0.168288950532103854,-2.08415838825071953,-0.866980389222874015,-0.292344629517975407,1.60440112469992524,-0.516289221228536377,-0.465578969173299939,0.183629177934723026,-0.274259192967074961,-1.01002158178216117,0.49494662160294689,-2.19220251400913879,1.0231545690234487,0.908570467490720457,0.991888360556065773,-2.0931428402649197,-0.640812794183290513
1.34249999986557733,-0.222055163465273542,0.775384152542218374,0.415042386770272775,-0.980695097684684769,0.9737284188966705,0.262523650759929339,3.11652047731956383,-0.157925398602339395,-0.315015148240306631,3.20187930326152603,-0.664666665681556856,0.0728461365271305394,0.312831812675428644,-1.1374626846982836,4.24067319349165128,3.68791812685134612,-1.42115935285119677,-0.064699176144230458,-2.93775066350757719
0.66811802980643431,-0.241809436262372168,0.958921260088650085,1.57119316400990705,-1.08223013138404611,-0.263766282632765803,-1.21701347974667407,-0.378976285600685692,-0.244586797319115284,-3.08714223377149377,-1.19591983095568133,1.90389909839452831,0.241735265140211292,1.29314125134962232,-0.841769083795009698,-7.2102046205692254,1.22202059153818543,3.51754491127331193,1.37642794224620091,-1.10141860446829676
-0.608938061978622547,1.54345329144093957,1.80205963616363429,1.56424120156699042,-1.21396496946355681,0.0935883894603992406,1.15280611231319807,1.94480994910934868,2.54921909514371192,-1.64211266449707805,-0.66098595160545548,-0.982713870742377815,-0.113758290493212011,-1.50713767684422861,-0.221010121349598798,-1.25630066670869223,0.0163222649133038869,3.39653533112712536,-1.4572535851937316,1.65240512894140923
-4.89456953059899913,0.400215947514671044,-0.890799123942800364,2.3537003848621052,-2.68726365969630665,3.13115342429794952,-1.05846803472423012,-2.00625471559587476,-1.94803468092497889,-0.813341403477530145,3.01673827856821708,4.50898496983870345,-0.632457478470625056,-3.87365551867149316,0.738244136696471598,-3.29266615821154973,-2.36530869988407932,5.0755383165508734,2.97163726176008192,3.90953756287140441
-1.02430491003103152,-0.101527310363869805,-1.15765055996723265,0.283850218678856625,-0.293032039300292702,1.40944907782860018,-2.53445628272411128,-0.629966682947682988,1.59729732316066064,1.12462750901803932,-3.90524861282252633,0.225507560607619201,0.173462506911688741,2.25138115072978007,0.926026732237427486,-0.15619852528127956,0.395017460588809044,0.444990602819621439,3.83503681612213798,0.73811762778119383
-4.9022600529578817,-2.5782540328299981,-0.192384859335865022,1.70293987882705133,-2.35219624700582663,4.15760565522058823,-1.16866574477432628,-1.91213489194269526,-1.85642212583952282,-0.0204998522416350512,4.45952548351029954,2.13211914375901657,-0.708061941817061835,-3.08065942456420006,0.725170091468688049,-0.779618459722665968,0.0433030587684108612,7.27050313367055612,-1.28662739187460162,4.81273097547135187
2.56295363432172785,-2.90464052660833838,2.31275207479418832,1.07930933079411284,-2.51101510410987805,-1.83058382239642703,0.351481714393288847,3.19050244221536872,2.01877031504977733,-2.72346888015175947,-2.23969458076431538,0.338253827911212168,-0.504339441264131216,0.481511306948131268,-0.0461722233816368108,-1.1726470914346252,-0.913538756358356907,-4.24327355718384247,0.295994726956434806,-0.0949904328922793473
3.03772629518492776,-1.95924511596795425,0.601895893496168233,1.51986635627771083,1.691002069290924,-0.407073304861111762,-1.81844995507381602,1.60534091548416846,1.53528490825083375,1.10169456182201109,-2.66202849383252582,-1.12232250914946663,-0.318619136095475819,1.89971008872904634,0.071952155843589341,-0.717924651383942458,3.59530306763918128,0.489439403011529384,-1.31587717017823036,-2.19193739707060509
-2.15569030566636899,0.504028237992060091,0.127879879691514375,-0.748144725231496666,-2.63685855008159509,1.71799952457945704,3.23553762482768192,0.295955556005810638,2.48701498864040982,0.0654122236225095632,2.73177740033433825,-0.754999450866076449,-0.571225003458906255,-1.38484641282342147,-0.894989581947089663,-0.110696528621843079,-1.4988122302583029,0.29005982610269232,2.20481862316287991,2.11402948692111448
-1.57803232605782329,1.71222571445283944,-1.1897281583504844,-2.29766294733069554,-0.762827893605707352,2.13728680156497353,-6.04176876019405462,2.15290358111551017,-0.417795189368849795,-0.0864350113683367005,-4.21852543778445899,-2.6746680738777675,1.08973227888659485,-0.729733440160024838,-0.387467921150120354,2.16113775207760916,-2.24979773683131956,7.42593871638673164,3.559288375283439,1.61998491013584078
1.46537751507321978,0.389123137693034415,2.16075749235916525,2.87332873273086831,-2.0835734024992778,-0.974763123435198775,-1.0560209946514918,0.288626374415990039,0.982329148791076801,-0.33029382463976692,0.958368210757294614,0.894326524466749984,1.88072480507783135,1.24386777405289428,0.385487403134074369,0.879480407214832338,1.91884730533947434,-3.51757133112215614,2.56503600558401157,-0.707959904978844867
-2.31085622035376392,2.36254167419210015,1.59162639929021466,-0.625187603980064122,-0.431342911944053442,2.22703234940317385,-0.35086678467203658,1.93456179283423024,1.71912743883429808,1.79587404614617419,-3.65368279013308017,-0.7408847922864924,-0.440958554957047777,-0.652917404700926629,0.370854033673945371,0.665355018005427845,1.27049922791487835,3.56724278415322216,0.364617150188453587,3.05936604406139123
-2.65994029268296783,-2.26123560074938457,-0.0563258398621115444,-0.73484916032821479,2.66864350658885785,1.03126845828779801,-3.07689496581122679,-1.31832816353275062,0.0478008438293167359,-1.49108181419505148,-1.68236547305627693,0.266727375395993505,0.479787173924214494,-1.79676397163014623,-0.231567803786147136,1.64873546533482407,-0.128858216384473645,6.18686428831471158,1.67848083951295801,0.532292357658965432
-2.01058534584723647,-1.09094453027647087,-0.21252399418567286,-1.66232588143281079,2.4039219451683338,0.138355895281252944,2.25963726395511211,-0.101391144754372386,-1.159638858144725,-0.911645564025742816,1.027606827460807,0.130991873255534158,-0.693890016577674129,-1.23103977751725546,0.252843331557936812,-0.996753672791702128,1.42945220048355992,1.17343948517178953,0.785870875523756562,2.18893146791493676
-2.7154655395792644,1.72098868800995985,0.859832892229579038,-0.0948616980635888785,-2.03662456956093507,4.28586263686339208,-2.35666066502774818,-0.0450568059970773357,-0.670435204123742801,1.1011875040275565,-0.127120509807194415,-1.29297132484361588,0.424184900553118804,-2.96819247069050363,0.969030028066196092,3.11910355109892024,-2.54745432287171347,7.57221778232335829,0.224662522582004864,0.0731634828832995188
-1.5034874065845758,0.85208311182861407,-0.317350233515941493,-0.265316960151199377,1.50423538822854308,1.72036728180237031,-2.1907974733315374,1.43219642022990246,-0.87257708937966727,-1.00040422112535654,-1.78449990627632005,-1.84415531462562665,0.9320124859194866,-0.937814761653463447,-1.09192667563231538,-0.766628407149613,-0.336363458242946667,3.51115386727967227,-0.819806970125018686,0.952923312031317082
0.605362475057367511,0.113480016800246469,-0.699656674358709929,-0.907394612800270672,-0.104622681722552721,-2.02642136140582796,4.11082085327165281,-1.01183670690333494,-2.43581329750286146,1.72478020947776356,7.76896558181215191,2.14468868454748529,0.619876721772139927,0.337458292942350524,0.194634262562172838,-0.462311903236153787,3.00024557210240506,-1.61912402457820792,3.52939146088754629,-0.943643738584518776
-0.680413420425338256,1.81498478350807568,-0.0134685513435638567,-0.0692929586727055735,-1.54494196828075658,1.21115466550156281,1.93400348378192777,0.76373133516123004,-1.19834794970682212,2.10405298608015734,2.08912976377981874,-0.776987880651022644,1.01545887425250458,-0.104631878819591032,0.854802648815370159,0.824654704522117754,0.71204279566419304,0.62322309834873113,-1.0737012193853781,1.25435581537500296
-0.419059551719661694,1.15274227835148868,0.489742402686024703,-1.22547779053732797,-2.03104726743327424,-1.34019167741175482,0.748124847681514216,-0.227300923203200306,-1.59882693080751914,-1.34707643688957335,0.918322026263975966,-1.76121600910308795,0.497167832872411009,0.811645327143528217,0.502934104279423755,3.42544386912437027,-3.19667766590417513,2.3053186473385523,-2.07081414207938108,-0.420435686596755065
-3.80548785957851088,0.385657001639911345,1.52833146304069323,1.45955445150356034,-1.00248091450829402,1.86587111609404421,0.246697705910681103,-0.784509376435632011,-0.304382241681161347,-0.251380573438075572,1.95684278678284529,1.65470666585908965,-1.26345619123839348,-1.40619318726303622,0.990816205692288454,-0.816834556225404018,2.33208343153814512,3.32108125899736351,-0.0678384735031376668,4.89206212616425518
0.0582160337178136561,-0.293675809509097996,0.457557257477015311,-0.551384999732872694,-0.268930887668961727,-0.968070612867650615,-0.915288148185977479,-1.39590897929992575,0.823102088917569863,0.493070413436280108,-3.53797171756670714,1.42276580401948149,-1.40908104927024547,-0.0912535088739101219,-0.0599569212680238425,-4.8363407010583046,-2.38218010032555583,2.63524241418332439,1.09752589339667406,1.50815631750257362
1.47476202320920757,-0.924762063551223701,-0.468874237888466994,-0.397911023790319451,2.90544461190417902,-0.217637626660458217,-0.387598718422200228,-1.43482631062188104,0.77350249325687781,1.78394912819731455,-0.0821020514441636595,0.649900250697132753,-1.39960192479525891,0.87671408089751024,0.00679604870195190357,1.89432254989353877,-3.72050294582009045,0.119386654333077324,0.083289689434714459,-0.505158367695272004
-0.0535951414901644566,0.538892173606824065,-0.131657486203328483,-0.413233256776697366,-0.955590385227812256,-2.49726523571628611,-3.08653240903141901,0.592800652832599528,0.707701011796120438,1.21375881062000635,0.2850515791519172,0.790617572100008048,0.711043454099058669,1.45139268575838365,-0.626591545104724923,-1.18877380010969991,-0.016467967860593815,2.48533417944783608,-0.432384866399298351,-1.02684166708901392
-1.79937279732014743,0.607783812603675533,3.36657263192218137,-0.277278504075676058,2.72804573734362377,3.14684639549971745,2.20069880484839775,5.22887467078399393,2.41158055579940234,1.61716551877249892,-0.682311192205301342,-3.85615400055443835,-0.307854010646848864,-0.585465426887799456,-1.15820392019217144,-0.863872776479336024,2.32921506783978183,1.330376912190808,0.825577237826002341,2.15423238696806907
-2.35736459085441608,0.941732144702316032,-0.900509462845537567,-1.97685006650620609,-1.69392590474485338,2.61118534095876509,1.49151008360924009,0.0820662405726509531,1.10588290668258371,0.919732507204001348,-1.38723846861265176,0.0567517867307510554,-1.19459046698877147,-1.83368844582885426,-1.58012023819611702,2.08452056538131991,-3.86276288662235867,-0.583489958994745761,-1.77484503725016896,0.750227707416986855
-2.25897863273679356,-0.757653377827452013,-0.0833252571950742205,-0.412765036302499222,0.207683676043536047,0.797664050183107487,-3.40200981094551569,-0.135490017572231891,0.957691703422821616,2.10206604415940124,-2.77555676640895355,-0.91455994702090293,-0.259369045524795117,-2.30241506230323756,0.872936372844273611,-0.313364249541560114,4.82469317577146484,2.40368957555276186,2.73571591210770437,4.93290212010479756
1.3463424701172213,-0.923213366627391951,1.16901790415960205,-2.18074531618022549,0.611565777406921529,-0.459788704185311869,4.11859449234294406,-1.23024372808864957,0.396340371614758491,-1.58402818943293511,-1.31318484815280878,-0.910268579227962893,2.34740506660950166,0.466900564772989024,0.708876620801600632,1.73919119804843514,-1.09854717255620837,-4.03613527140228889,-2.47122264874602049,-0.771530642800901112
1.40186226379622325,4.27176865273464124,0.982396784785170452,-1.74222407871225982,0.633771777007710035,-1.72114374932465819,-1.14333585101260282,2.9937418941292453,-0.464306663046957668,1.95518279565039821,-0.660963604386903714,-3.53521909401776613,0.84250300520429211,2.36337664304666095,-0.426175015911648025,-1.91632237112764825,-1.3500688233612419,3.21783982504922861,1.18987048636279114,-2.44519002381013228
3.98765825331600388,-1.50973567061865244,1.86882494260838405,-1.53743066687551466,-2.05236970852127332,-1.77533801193209628,1.27146091697684249,0.322817652755337803,-1.3374534780062588,-0.989354715529467854,2.9466620782665367,-0.8369572095545873,-1.94188476121239439,0.710008666640588482,1.72924375405581876,-1.82581646576306622,0.371425453865535105,-2.7766580769709015,2.04814307474085533,-1.32290999412005794
0.117550110015500156,-0.93125929375239036,-0.956734600971533955,-1.54884052733046751,-0.37177023267259357,-0.0690537629226257305,-1.79020855690298641,-1.69048864340859395,0.429186254424727798,0.200801453902622218,-1.19239217479328707,1.83976791744687307,0.476336256366422572,1.60053901622045758,0.162881992319490632,-0.669942947954316526,-1.04338058665421829,2.97787976021370593,0.954808609317248536,-2.88079405481261608
2.87107695848275091,-0.58969650880314306,-0.648684608085993042,0.540136145044174509,-1.32569141728380679,-2.79047048178371737,2.15855014888742325,-2.71537776019420374,-0.494023885713181177,-2.36784662873453522,2.68496954718242753,1.77523892500737013,-2.42049445582917677,2.47043975913306557,-0.456844826022883677,1.26409527167338798,-3.07887590159596769,-3.61692502883223588,0.127308610533253513,-0.922302057167872835
2.45811401549539577,-0.964047985936253404,0.567558079596913956,-1.20191982050865898,2.59927923411181583,-3.08976165018616067,-2.65050437936260375,1.34921739887917402,0.228163130462505165,-2.16468469566772415,-1.6327069706071291,-1.68597192164834797,-0.0578659381178826884,-0.288815861558173237,-2.02039782685167779,-1.04075731374874247,2.88793487449347275,-1.33672212704346993,-1.01713274136073251,-2.13054855372403429
-1.95523389931306935,-1.55734727393382943,-0.443043637641545474,-2.01239849099366674,0.0618756780890341515,0.278635690827207738,1.88897058279775298,0.0512757708577924604,0.0465441261057384231,-2.2703790541691018,-0.343745474437023524,-2.75828186402802267,-1.47077141819359802,-0.942068906609053069,-0.072787011303505636,-0.312902098394121031,3.99166840019542102,-2.0481869098786265,-2.99262273412144575,1.54484569475274869
3.03202043466586302,-0.305262954933177177,1.00222209873905355,-1.29115801549004794,0.696822691758787083,-3.05127753924560841,-0.925331994278567826,1.8213174347130292,-1.43579482291580529,-1.6459221313827761,0.525546915816997418,-1.24658340351935504,1.3639282518600182,1.39965163688957128,3.59950210213416,3.53750938489058031,3.19065586933977396,-2.53150468487345348,1.44574466006814695,-2.94935130759191022
-0.871856117862185975,1.21012437873009371,-0.346496994012465698,-1.15358354603425228,0.558299393533738364,2.70185993853351558,-0.460507884514706201,0.425196075200242385,0.970624728333859821,0.964632996179457192,-0.721772586192524046,-2.26507528993587792,-0.490459027637034639,-1.57822882380129004,1.31962962829923236,0.0912477156001555018,-0.371441746152739505,1.71342736896335124,-1.04966240520216658,-0.0734218753465213508
0.0161445090270002437,-2.27710295620751157,1.45641034789541912,-2.11795682817733111,-0.916078146138514127,0.752622891884923262,-1.75251686116070382,2.25173263080185837,0.34525500621744204,-2.18275602407202918,-2.60105922943894408,-1.95906765298262964,0.395387939161151336,-0.0507585492067912855,-0.302868339695898214,1.70600206688668021,0.41962477633161327,-1.05902036092005636,-0.586676417718822285,-0.890941753604002962
0.047689889649473037,1.52010616215306471,2.28590760429249684,2.55395885901813369,3.95907655871034869,-0.093071047756375952,1.66484560824518235,2.80370341457332506,0.245994996801035426,-1.75558013411679714,1.80778898922155262,1.19608248397527928,0.803300412817663179,-0.531428672823059167,1.77250061316318663,-3.8546323688981361,1.01657940196380503,-3.1061420846974972,0.297649742461721711,-1.13535644882454889
3.81705942701310041,-2.27850351912034998,1.99769044665485529,1.69411155102340505,0.35083829921655374,-2.69228835608445527,-0.777490285920609536,3.01352839945890105,1.01449069159437899,-1.63784097313881727,0.0305942882849900427,0.486979575361925765,1.40719091563627319,1.03480207026550652,0.176440732224933505,3.10516615953045294,0.96357393596660279,-1.34046311047075672,0.434041933768447352,-5.23712861657867279
0.0623322385901058512,1.05502235524729038,0.279337318174892713,1.07501673884631432,0.968759807585950039,-0.406176678899694221,-0.229547977798345126,0.889355620536095515,-0.296663650629302833,-0.903738789213806459,-0.190683103338637361,1.31095137521961447,-1.98281749369374949,0.303103753045359969,-1.80211251576543874,-2.08514450125770212,1.81546552686871299,-1.75520567227860913,1.57066350541530686,1.50962711101198765
0.157054960590494813,-0.346387498469467758,-1.28508390118367144,-0.176486742188617207,-0.59184641700421825,0.019286538271272486,0.315189733777479886,-2.25820792526807246,3.12960316887779166,-2.09595627598675005,-2.54557163659380503,0.582098553542972019,-0.0194814506010204669,-0.209374723153609249,1.01268912982774362,1.52083764619812811,1.76474881102855763,-1.62916849801749208,-0.449648287548014669,0.44784988212679494
1.72701660284013503,-2.15639768575378588,-0.318497106604506253,-2.27904083094669785,2.31474271211713889,-0.832468427167691982,-2.15685766145850222,0.73795574249383411,-0.574846211155742748,-1.9286613377925943,-1.79751859101659961,-3.79550074738007392,0.409015494747969333,2.35284681288719399,1.39691490613833902,1.99844738010344436,0.757197140335741148,3.05090811342822077,2.11570078985467669,0.119823049696766742
0.0668847985915306115,-0.637111761454594361,2.11665275820934884,-0.700813301156424151,1.64780992801574944,-0.0472692380771214532,1.25956506135780311,-1.5427680435484119,0.287042419693130824,-0.887723947172440409,-0.637657199625189186,0.374686613493804943,0.12513746554668706,-0.193646958092153876,0.738187350637875217,-0.236596001675197815,3.54333719340164022,0.786638063017158107,-0.942044315348544048,-2.34772114650035357
2.8989720004245032,-2.30856182922850861,-1.1042211740639527,-1.49749017234893955,-0.83777282749799431,-2.14395878650708838,0.280296420854222794,-1.54432744006564215,0.384563335647713778,-1.70002384371258852,-3.22087644456605116,1.59170644460964628,-1.58279369078465471,0.493389904437034565,-0.385211836474778746,-2.70909277209919619,1.4017434051599198,-0.698671137205682191,-1.35497563372280694,-2.6481521871614575
3.38023587631801359,2.03150744257188887,0.382543375288597387,-0.71464461932498391,-2.6018762019842665,-1.96765699341798217,2.66006945021925523,2.26224238597015992,-0.537830453730689273,-0.216186355528476204,1.75846555097269319,-1.04535658613014948,-0.156990549103293742,2.09537646844058045,1.80664278308406878,-6.47707169945800754,-3.26845830026469919,-4.35434679505115607,2.10334640057008615,-2.75684868263960414
1.45964411490840451,-0.847607289464486713,-0.261913607122817527,1.28052431049491489,0.5387714965640239,-1.21318439954750357,-0.878494436205093376,-0.713468854800684116,1.91995323638648796,1.65625743406318748,-0.339120404659351837,1.5856349081022334,1.41662621185324911,1.85575130115209963,-0.080815930689565843,0.753649132815129685,0.573674895565588705,-1.95145715183695279,4.66403367060336116,0.605175686676822977
2.26417096159332898,2.02945105716094298,-2.25903466661654129,0.0258315099078472721,-1.45161443980859017,-1.32422445641364672,-0.50475120042427124,-2.61692968581909646,0.80840380167406789,1.50134825111234482,0.107961866422438324,1.56231326151331884,0.434859147061093132,1.05716351053522017,-0.801562243546431019,1.45176842990949639,-3.4185534099247521,-0.282885647788543027,0.524348685192563946,0.0272268738391468201
1.03872300651695704,-1.38549357275781015,-2.20051686211343389,-2.19307431234843353,-3.68766053603922028,-0.461302944019684358,-2.24472331847944551,-0.348376974740035372,-1.84626623691535152,-0.824595447272464699,-1.29881404334724238,-2.44825250307930009,2.45991797465754392,-0.674416681405111129,0.505198842834916451,2.9973626838549845,-0.247987530284336649,0.619958017913637693,-2.03558111687047427,2.36866436288820736
-1.64314003737239966,1.18417712036393108,0.20895235126093506,0.0138339639683779953,-2.16337976619968186,-1.95360267708557367,-1.532094548700488,3.64118463400398884,0.666898036720354637,0.873190790394097971,-2.33838125296462751,-1.08478199014845478,0.181329485393924905,-0.767307033398297311,0.905469300493044971,-2.75726724597181638,-0.096682937214288639,-0.379388627180440474,0.231009886826361033,0.24275924579032418
-0.958553511026784877,-0.0958913542550652587,1.05068405149869282,0.174925273591089614,-1.05955009639848208,1.15548909546105261,-1.49714821254592523,0.646893616996918386,2.83317560861290696,2.22997965820632826,-1.81217714388707241,0.39332411111250426,-0.376376655675950522,-1.05136350256176425,1.55753697255158596,0.357158618152255747,-1.25270112656678778,4.37436357805177511,3.89759499615226934,-0.882855717315669031
-4.47856165618992197,0.258384472933233744,-0.492601430239673566,1.23592149625127545,-1.12423942472983818,4.39071565959371846,-2.43893325745580869,-2.5585626832917292,0.521691600095833374,1.27446798818384188,-2.10338888041152217,3.34710478424377733,0.507768155456004511,-2.6924368706911741,-0.123956091193511031,-0.610792652408049697,0.130157014036390739,4.45345052637927274,-1.18610983213653376,1.08693584634690343
-0.6869982358620077,2.12219024703337489,0.224063866071241957,0.0653638037755672197,-2.16677820126326681,0.915088916612426528,1.94402904824970246,-0.981907884641553874,-1.67600186438526344,-0.211046929004528289,1.62002858745055534,-1.42194995760629994,-0.00314407925321589024,-0.571885846060764202,-1.27041223141095627,0.906325499795888501,1.63186236756974967,1.32159424941121251,-2.59495913631173192,2.54515866777238919
-1.66926943719832432,-1.93358448682165296,0.140790157010656669,2.73600942415533632,1.04571727012820204,1.61355796293878906,-0.985780308530554095,0.0166304814762928098,0.207670359147072159,-1.14075798510360649,-0.151202717858823166,2.83451945140698136,-1.74841439192046577,-0.826079368961495364,0.958762740777197808,-1.07627890372488944,1.19408098589219502,1.24612020185905847,-0.757712329833880371,1.27556338921858714
-2.39834603698312021,1.98755008368660757,-1.68536455592710666,-0.284126926170599259,0.127247959158519136,3.06676766910609322,2.10399771626622423,-1.20303743721309564,-1.7584386655479507,0.513228360078360479,1.95415868755179445,0.257426925393456518,1.87817368206217572,0.0972668447049487017,0.0662732568993956717,2.50172986267078734,-5.33947121589411111,5.55158902440099666,-0.551510450179649836,3.22521149006561014
-2.72584913097646808,-0.836992134018248901,2.24486312845033265,-1.35389246103590688,1.82752895419411088,2.67806554374501005,-0.741352389475126605,0.637110671014132435,0.705792362928537864,2.44339839400222125,-2.73368273952766083,-1.3497419027325761,0.425826602274046673,-1.3764269211593565,0.0704519039025788135,0.727235680113191063,4.18432433450564822,3.70973207352895029,-2.01686206760547604,0.675699288745720272
2.31989243002545731,0.770219634921717522,1.44598655912789598,1.12984656876355749,1.9895769835562318,-1.65350013739555801,-0.451411345524277363,-0.687896928447161327,-3.47937989389041613,2.22480947305900179,0.94690200110127809,0.584830505528258215,-0.680571902832465825,1.30733610480057783,0.143685932702184743,-4.92523191895312351,2.08267899245474863,-0.0409496795859625659,-0.491740805122341584,-1.14851769540381476
1.85626331291712665,0.96984330838892796,1.99011578740678896,0.810325146912040273,2.45207317100703737,-0.623045743778873673,-5.35179629734976903,-2.19752431500534495,-1.25694706004373757,-0.14856901892050195,-5.84592440670571811,3.22396009054220656,-0.354077905814898786,1.08992028009138409,0.81309537567073864,-3.66189627758496483,0.567561738741196531,0.7297258141402585,0.126813387391620097,1.82741531446500027
2.46495000440792422,0.377848299878246974,-2.57454741612764515,-0.490592248727764635,-1.04314989712956585,-1.33448979230454734,-2.60207688843888585,-2.60092351411928968,-0.331407180003824908,0.0975884718670897294,-1.77032699233072699,1.7191266075990681,-0.235837184637229913,0.719223783314702159,0.033257685355751028,0.0752834739771309769,-1.68921836484608479,1.01136616540754787,-1.16927043349461202,0.727110704177097666
-1.67762586756369636,-0.282629288740212259,-1.75719361173973621,-2.0311841284527441,-0.978032282205566705,2.32327096140444533,0.843746521231571567,0.315212874477899752,-0.104216024045427055,-0.912436119538501123,-0.723942996904487379,-1.44470468960903009,-1.10065629357133266,-1.02600840778536373,-1.04879783123109127,1.7882445734271315,-3.89271801758650904,-3.41387561023722297,-1.0821258703103791,-1.35732977233723884
-0.796946485083397604,1.58983773620817259,-1.1340892519004806,-0.442459351903113418,0.176986572541395298,-1.10770174919600839,-0.79746642475449081,0.12630564914094386,0.60012115567712887,-2.12594057957383509,1.11817348212946688,-1.78285709458049513,-1.13853090770235643,0.215877374098620539,-0.739693862027068882,1.24813573408402578,-1.76460814772432273,3.81886205292722858,3.31573477372095216,1.78924643684093199
0.544680692577746206,-2.67501341712189999,-0.16510754248748738,1.07780488869752977,2.03134261717876319,0.354906140044130736,-0.550624557960522121,1.20989129046644583,0.921184400080285459,-3.29540852707655052,-1.14436498226721195,0.343217194508826096,-0.693250723506185218,1.75437014281677839,1.46329520919130673,3.15765731963351159,-0.165101164975317211,4.10442005667214538,-1.69211775281625743,2.09093027300744305
1.02364382075300053,2.21794407496751722,0.0685368292455105915,0.45886569034549779,-2.73542681816355948,0.298934061050164734,-0.315776528612316698,-0.00954462555272731633,0.0813413592252041212,3.48064774320150505,1.54803393384428944,0.881239059366357713,1.07410875032690201,0.996677151205979661,0.495442040230301584,7.14975264882611938,-4.35345118383069352,-0.551369596036172749,2.08487313559990861,-0.388483395681536836
1.93914422668005315,-0.417038437065251677,-0.675787704287812097,-0.380918234332771,-1.40715629272461018,-1.59659351342794076,0.554929997626868121,0.160199727525891844,-0.391712630274335172,-1.39032189957112551,-0.859436875694699731,-0.132529353737427469,1.83990860010185653,0.495265457723399916,-0.59024519055536806,2.9471113822447772,1.24792518345740855,1.86592176080052696,-4.56490435630341551,-2.33869959023571639
-3.56338400818064338,1.41319171859080228,-0.407610099107834689,-2.83395246781096199,0.768072382909958273,2.36326326947983389,-0.653229489685569042,-1.65959341665217042,0.223531444129624696,-1.44688856863494375,-4.22736944098561285,0.969314006510604842,0.209404811850836509,-1.97026366112567586,1.01096358463642066,-0.161903547448741553,1.33775958004506856,2.79143375820689599,2.82796581886664455,-0.147362565765300546
1.90783700731790029,-1.28877662982399999,-0.893109808243516823,-0.521648801384278493,-1.45639640599804898,0.192227267307599231,-1.9367523056416156,1.28359772018147633,1.77686637794772273,-0.981506688347037581,-2.04475666735679651,-0.491974615790341685,-0.733928532329539696,1.66774223560121793,0.414066885564623344,1.82509286508581847,-1.56287175966785141,2.93725846897513998,-1.66303784535052479,-2.21940184588384071
1.0569549411035124,-0.291605205082885399,-3.27591169350370981,-0.49324000252136635,-0.283037672411410091,-1.20855851983185003,1.02117044412157876,-3.13982187265966051,1.15761754020882579,-0.0396310476042473422,0.736593619794466803,1.46486924283957332,-0.42335185018937932,0.204114199067191915,0.319313610676766613,-0.794436961914588458,-0.154700353256811501,1.06554346223908625,-0.370830397566765446,-1.60696334980331179
5.9443214245637348,-0.567542713408894506,0.752083830233544193,3.03743296321368872,-0.780181230572376205,-5.07734669993708554,3.28093990385231438,0.683919329034536894,-2.70854195954019206,0.842899538550367033,2.28725548894441255,2.76681688784383351,-0.841196725223060437,2.21789595209968393,0.181252404818193186,-1.1258629421761106,1.69577075208341443,-6.92376696120048862,-2.49308398141958865,-2.20930924461142997
-1.12906575283661259,-0.939528985320983612,-0.953642371544524914,-1.60064041026759352,0.952709737316479233,-0.467409356626834305,0.606096066740502093,-0.383938314218352283,-0.37041175010687194,-0.715683117716824246,-1.99285055175220571,-1.47355582105900096,0.645300547130124857,2.02642369920277998,-1.01281687140878307,-0.466411394305643212,-2.10677703750770506,3.36067187374715903,-4.36585015109354924,0.0739566624984004245
-3.99635020473522529,3.64123117117936079,0.867280152140217808,0.139739626386065824,0.684308942745768589,3.60169120786696295,0.136559051800747344,3.67185759540487977,3.00558474866616487,2.02957941801612307,-1.79032786453535286,-1.94965266293226902,-1.57911235768886349,-2.21642053065491362,2.14426325898242887,-3.13994989286779447,3.76389510822954465,6.43902380526240936,2.75408535664221743,4.36786646690874036
-4.66363472547644875,-0.414215052185425314,2.17879305785288491,-0.397539400513229724,-2.19040054220380487,4.25102393882752594,-1.61758096226434755,1.42157439640217964,-2.3850437983714996,-0.828839592065367392,-2.2805510485208651,-1.27689383324631178,-1.57059196894157482,-2.51217146790353585,0.500812977777255863,0.930471575317046828,1.56508346152732214,6.89800569490793691,0.572397188222642295,3.54859833853562767
-0.555677918124638071,1.72559306439422855,-1.30031124160659428,1.22919108201320371,-2.06774296328816831,0.586507819592366642,1.94009676819628774,-2.13371955752091225,0.594451239916427565,3.68635681191128306,1.59860593167511444,1.25870857649616585,-0.13957619650233577,-1.52790600093844153,0.810613319351298878,-2.11355818724601141,-3.65315446555520928,-1.68054444406809744,-2.48997545034809775,-0.126585679417471869
-2.0603871661898352,-0.956838883205219703,1.59622119563847686,0.51625884337826633,1.32341542480613672,1.35736608518191892,0.495216686231924996,3.76661005215297662,-0.399325630645734952,1.39308378841385339,-0.413383656431534408,-3.63066587715266831,-0.468804638180423783,-0.782757654584856133,-1.31505663993198474,2.37672080251108397,2.63123413520404137,2.60513277104386454,-2.8303766722656718,-0.800383566728368079
1.44816273447431398,0.287424922978194275,-0.707304508625293371,-1.18199126753354378,-0.133729638717528132,0.275170471652401383,0.524325371480591551,1.082185222792581,0.425413858021174651,-0.998840347763815806,-1.6615861564731329,-0.757616752038630881,-1.73382549888661375,-0.566609949299493487,-0.793770638963265385,0.447740023827752076,-3.33089094424795373,2.0959424704828522,-3.51745353742382338,1.71592474795402161
-1.24511837230570532,0.489240267852774302,1.73086568064936652,-0.445190504098371687,2.12059303659199294,0.0225432156203474766,-0.263248575223091419,2.49301437293793615,-0.0602787611969581305,-0.0545756379126477592,-2.22064923689324401,-0.756827570902622093,-1.14500965930490373,-1.79460100044397874,0.483112756797064502,1.58812449810542944,4.08325762259758385,3.36684724234307486,3.96673090321896371,-0.0674939249944926656
2.05256245079648814,1.64452126794458997,0.577177853584722289,0.56110763148679843,-1.12680758528913483,-2.33446572533404106,-3.14325929521037972,1.53453407515475115,-1.09351335868773325,0.958005605110613612,-2.82523652575268924,-1.25725901996233125,-2.29381995504356695,0.336057635419049594,-0.127017424048930183,-2.35390448560259902,-0.820808485885724748,1.5306904555854286,-1.34636412367597802,-1.93102568989814816
-3.57536626767101362,-0.419226064576580515,-0.842021393839885501,-0.947603249660870617,2.33640977678067685,4.22420329406681727,0.989730307012565591,0.0647760174435010744,-0.115219337599133526,-2.11736652485217292,-1.24588668817117409,-0.448504499955583391,-2.40294289863103927,-3.34487358371923627,0.550048703958989416,-1.44118810195542979,-2.6153414919376643,1.32865531638679757,-1.29576884203757636,5.70711694586325535
2.14054538339141409,-1.81885222115871481,0.640396359073552301,1.50127995126161018,-3.82485060032356383,-2.9747022272144239,-3.09277863015464005,2.38493735803340856,2.55814183686516738,-2.20798147999019134,-1.7548844429239423,0.383392285670165256,0.418658931603017259,-0.525971589423058328,1.74263507216179314,0.480197863329970664,1.75634650758761368,-0.706131605000169582,2.07761593755974339,-0.068815091812033935
-0.206068481811787801,-0.962081285197968428,-1.64337146532903877,-0.228853149287294944,0.584458588863954631,0.0732967990969273925,3.3010279023620055,0.996120004108185242,-0.45274866991260726,-3.92679916230322412,1.04273282157605096,-0.88665207307681182,0.267610626648303818,0.904259577435570394,-0.292023245510133977,-3.11434574870626157,-2.66152294183818894,-5.35494566642822178,-1.9027986089329012,-0.690594019915568902
-1.76677301183659341,-0.126864229725739103,-0.869407017022162165,-0.77272243065682289,0.1139614039156083,0.229925663213305292,0.0222912907020493753,-4.06525363249381844,-2.11457404752041889,0.393107345236661077,1.55567731852296576,3.09811356153001016,-2.18802008653676694,-1.80607501891100397,-2.05615975121955641,-0.332179671449802594,-1.96227365784775443,2.23665742627458819,-0.339114613068240978,1.88758130406464031
-5.41636663285799358,-1.5305961490501665,0.425339530869387195,2.43700110799051561,-2.27478652888334709,5.66246056783409291,-1.35021264804776298,3.12769950517173845,-1.0397149578464211,0.625989781820851854,-0.839859062539344392,-0.851836422949885153,-0.137759573095190851,-3.14790031519852276,1.11166888607239756,-1.56674100796877047,1.89008887566660122,4.99166901913925454,0.440292494751161001,2.73638774061051793
4.21138540090759861,0.738990165154387202,1.23413021825443803,1.53318805631352717,-2.35439304744229583,-3.29459659086871604,1.81520674572733287,-0.0257417762067196076,1.95891160568513212,1.20401716116953073,1.430916729088618,-0.546929705496593144,-1.92535601070679374,1.82206978176477818,0.920276873458971245,1.07020281212922863,-2.16613092781739036,-5.20301169490208437,2.72442622148767422,-5.22261667851220324
-0.0202980022246741117,-0.178313483824678348,3.59403757065054741,0.157301568634334255,0.049657946759962962,0.924026941983846828,0.276652777062624977,3.15198564376732904,0.649924649635842289,1.96739297631274601,-0.062765128750123314,-3.97655975245180704,-0.925270816039607369,0.337002205088417439,-0.668203026557812718,-1.35816689807371782,4.22142206567997302,-1.43991673184384661,-0.129246170489569573,0.178962670459635514
0.234768845381222363,3.84837752467683014,-2.48294223093882582,-0.570762056276608698,1.75676226542491776,1.03771143876830929,2.80733056378021129,-1.21361055769312354,-1.60987610083049493,2.49024186622632504,4.8434556640913744,-0.587234628471659637,-0.504895770080866724,0.609126472453279888,1.99546175480324606,0.83686614191648756,-4.33876400571103193,-3.12459289484274372,0.159469788549988029,1.12405099477680115
0.341312835870359377,0.138077951042835267,0.606861717933375844,-1.22161191696887528,3.63113089883210893,-1.2727152835552924,-0.669677906593659666,1.15235736070907291,1.42322510081399844,-0.462468803776040271,-3.42627155108818338,0.474965975121945883,1.37118187640629707,1.84553846800573629,1.09470845190421628,3.92130921782710251,1.0532914645002811,4.99517066256135234,2.14699586230725892,1.01904712899579009
0.368837114019752388,0.0811041223929774152,-1.14615759854093824,-0.985013866064864962,0.900972287025267216,-0.69370220247344061,0.249748804581924,0.422337163883927724,3.54493945938854038,-1.66701208130373901,-0.462488989976177267,-0.822649497007260422,2.37871056921058877,-0.296595793078834324,-1.24298266434090054,1.33064044927085323,-3.59082810776083061,2.66057609289347718,-2.6712886183282798,-0.697221586323067299
-6.06173550186862276,2.61692689932044553,-1.21504324512195594,0.465996302970410392,0.334123334931004545,7.19822724161459515,-0.545311960015691155,-0.597855816599530798,-0.353870786188375974,4.76563415714710015,-0.392746605003435334,1.13073398690872473,-1.58117114291469263,-3.65583406845870851,-0.469965311843468292,-0.367471909799702623,-0.67323594826506683,7.05963443418646541,-1.7684944229724977,4.96088016978035906
2.36340267684443894,0.114514405557370511,1.44082081442829701,-0.605561113818955721,1.02887185905685419,-0.869153761722632812,3.20991063022627632,1.93559556800662813,-0.196724473962172713,2.15777543997527133,1.89898826597819381,-1.32253522256693912,0.159038177742179598,-0.0533420642449282736,0.764402591122800956,-0.518696722908271624,4.59594716072064813,-9.20322806859335785,-1.87579265021123831,-1.86722848181314216
-2.11269796753410466,2.82982655938981287,-1.15481625944832844,1.17887351050013423,-1.29999388851474817,-0.730424197944958942,-2.37038126245695135,-0.103824802708418998,-0.432665563482144799,1.94559295448733116,-2.26800784948101164,0.642441900251355169,0.820949744405130244,-2.21101986841762832,1.80054939334654129,-0.944294089731411934,3.22733200858890745,6.32584013499054887,-0.0530970592469310401,0.192478401214016548
0.736405047166762361,0.215523779876563432,2.12608149341181507,0.713514502443759913,2.15778446621258535,1.7088883401515893,1.22062390567633638,0.400238361080634597,2.11074252316386524,0.508873511165847781,-0.982791255880599457,0.697532832687080884,0.897709479949213351,0.143459704436965513,0.783324657929849399,-0.240581710113469821,-1.38898636343297532,1.41369104898896514,4.18461036064937808,0.593607310322545989
3.40612113463992783,0.817197800896791171,0.0601007751094756321,0.971298456625508955,-2.2584767404295798,-2.30609028130905092,-0.818118434210506673,-0.943579938449721767,-2.69779618492293771,-0.523758619106970746,1.75042354318464488,1.7759615936411115,-1.5700672475509363,2.00356914609316616,0.205131970899036037,0.934871090335704702,0.273871700224274484,-3.16136859587165375,-0.844958958213736011,-3.79721062939109855
-3.72917176048158217,2.76808127593769671,-0.186267842344458617,0.520086475669510051,-3.71619447014741233,3.78244150866392204,-0.308740869250368755,0.355078541042646467,-1.49332275732552611,1.83211419724918079,1.72572485438864809,-1.86679603887951528,0.624904755064056405,-1.71202944499181076,-2.2787295575155011,0.841529191206844329,0.973568185758344917,1.88568768596278891,-2.44125272057558096,1.70666367879544945
-2.39769176218233193,1.14523702649842796,-0.613743450320534012,0.864471247441648383,-0.464080917594585252,2.55442705610894105,-0.16481975228332138,1.42737464214488208,-0.140918717823113548,0.0605855614559756769,-0.541384239263261291,0.609965747111258394,-2.15858041844236981,0.201038375773267969,2.21051918351378029,-3.12459195714819504,-0.586395294875496242,2.41047790645999083,1.2398544305443755,1.52772254206011771
-0.263752583920247252,0.787364131856500449,-0.0846219412668001991,-0.133045376519450059,-1.99307880616303756,1.68988880492266169,-0.696327227209084798,-3.05463450771520684,0.541402091553017328,-1.79204482083346539,-0.785686129144483325,2.73174758473469659,-1.71647826547167082,0.140471120948728739,0.611562146244643889,-4.02140727307113721,0.829629326749817819,2.17531584799201649,1.26241768117359321,2.88924709398753965
0.573854438761885244,1.72092076757923174,-1.23801515543514618,-0.793595133565899058,0.378684417413294505,-1.10520066474522771,1.0144286519532113,0.697838543384731391,0.0643717909270676153,2.63376752027424832,-1.85417389266962873,-0.841745120412899506,0.986186192338028622,0.696025426502169031,0.455638675690171746,1.4845585128640495,-0.187300479570313955,-3.07635544066031041,-0.18923577600235425,0.814819329889339139
0.82574579487489852,0.474172934646390432,-0.0526284368476847911,0.365475544250219553,-1.45862644615942694,0.0797487719551660673,0.078811023254667531,-0.537265882712999354,1.20563415021617026,-0.414534027538768668,-1.47241551254708591,0.162963582566042625,-0.534410186778529805,0.884893460631924311,0.766123651340727463,-2.41586470593145508,0.804090360321260134,-3.90879907485257583,1.06143007206221895,0.507625226367466764
-0.114516001957407895,0.357547354379124993,0.193236964071836131,1.88879442430938749,3.11940063946107138,2.3649626804448971,4.07100893105446815,-2.63233644318763194,1.95489891270877769,-0.444132868855943663,1.16914139140122719,2.62684983250867932,-0.463048306265816056,-1.20681282694320413,-1.30091793905528164,1.27805070201682014,-2.69537604765644989,-2.22058502653762613,0.197993129390172357,0.524961058373467515
-1.73204600479126847,-0.537544148757522433,1.17654132776536557,2.96142507758579709,3.29246083031411274,1.96389523379251152,2.56796865336178115,-0.179153292780992512,-1.56759139431340611,-0.79455499536973262,3.90655854342994058,1.32548927973129249,-1.68456126921717941,-2.27822888185806471,2.34331683142555747,-1.93249998900275965,0.756876647921817858,-0.439435102525064014,3.27710818435160789,1.82444073781305782
-0.892725007751902555,0.365531034068317717,0.717001313708233279,0.931572077025187406,1.35191247298708306,0.155584721705187584,1.30602981177407962,-1.47290551493826416,-1.67138033584562407,1.09095816737875317,3.68429789486439541,0.0516250300927825131,1.11973273930858896,1.00129302829487643,-0.970206454212420577,-1.22673499532464958,-1.31696845817079966,0.556707817088335499,-1.02604827253373077,1.89575203827916972
3.35928552388906221,0.0606805853868033068,-0.788282761547443256,2.09235671738523266,1.66557314044534377,-2.11209209835026268,-1.1557617894238208,-2.38117626510909686,0.0304312987091553723,-0.191312798747706292,0.871147176770759035,2.22375435770760976,1.42999084355168193,3.29962232267412947,1.81490045155657986,0.0982866219830999949,1.31298519969834837,-1.57916092259677998,3.94912087999101491,-3.32509666461491138
1.28876914643625962,1.49317772547942007,-0.0275750782111718988,-0.157131240650157877,6.21820702339936915,-0.290285919973371609,-0.294462940638454129,1.77492156061371009,-1.01787530783944979,0.122340326981903474,0.545211599469635377,-1.41769652047659855,-0.439883831952606275,0.348866340813421827,1.1022348875192709,-3.79569169658800387,-1.65646128157014028,-1.6131237845052957,0.279000520035516952,-0.466904560857235806
-0.30750429304023541,-1.56216990399209088,0.0707335526686604515,0.223653975238206321,1.26824087828360588,-0.123753574725823046,0.845265388024308728,1.60627344315817555,0.496691400128910443,0.743147098445092191,2.00035931528726785,-0.466817755764612929,-0.71638158636711935,-1.23582036819744823,1.19613460607261746,2.93683654715206099,0.1534400454244495,0.0857155174452045171,-0.18007020571057622,0.394961328886415108
-5.02714125971886361,1.17536971839106119,0.884122178417999449,-0.257670408912259008,-1.81889661484331122,4.90918775174049049,0.859355672871664589,3.69322928317624299,2.79674178549751051,-0.318647318625564446,1.01437683489220754,-3.27875818961267917,0.145210286961845264,-1.42236132165348805,-0.925965814848285218,-0.993576769978226304,-1.60676835035282917,3.13557637565590763,2.14977268165900393,3.94041619752511796
-1.68552721533554561,1.04829915083881353,-0.23955480025091444,-0.901011205884194588,-0.968443925629443148,2.18805369233995251,-1.31224828648371106,-0.292942610705797357,1.18460725447463,0.000148082685525237416,-3.03993239532390902,1.00511798579641254,0.820806276675868252,-0.142761034957287203,-0.0936915094848500135,-1.87317215240452306,-0.227949513605357312,2.62273921243214314,-2.47209755634626571,0.872160810737816483
1.3873704652664216,0.556093313625290353,0.818667444882745454,-0.945897102136794676,3.36695999106624511,-1.19087313127270389,-2.06021359297399398,-1.2431733897274535,0.345925024648112589,-1.29147357111901862,-1.49469539817620922,-1.76950716354607507,-1.38301168192847168,-1.41012572134518877,0.957288987924011736,-2.11838897159973749,0.306811432353383373,-2.33502229899690228,0.0267846271234932869,-1.48461774038717897
0.955295691849783357,-0.894112475831988163,-1.04072790397948012,-1.49464782595230039,-0.647935139599136622,-0.315833051383193952,0.378400870933967737,-1.5353149474369614,0.966833929477152187,-0.813986946452933346,-1.74988858156779692,-0.106862569832556861,-0.20610971817450488,1.49456894493302106,-1.0447707423882604,2.158417159764074,-2.53411170745989978,-2.39081586587548456,-2.32515729606295762,-0.0487655176308130489
1.36014000161216031,-0.972144496314110929,0.129989350287476962,1.76469147634888812,-0.885113771625886225,-1.40884053011573918,-1.69102787215412165,-0.0656259364079187779,1.84263295782160474,-1.08738246260938598,-3.17378611995682425,1.06445679456809139,2.32992954379295103,1.45213463086019767,0.0904933213410004794,2.55327185590776962,1.72284056495602123,-0.650753736985578479,1.25921239497327653,-2.41034705560891238
-1.48146087121227121,1.66521503923283198,-0.156868063981974837,1.93737607794452105,-2.21926423926080618,1.44993728820070134,1.46747828374891309,1.42807157264450679,-1.25480362276410173,0.807824341093539178,1.30729034698557656,0.142964959876660996,0.684532397059959385,-0.561356177521249,-1.5655946152735547,1.31234182355026174,-0.544768237342758921,-1.55981334101107305,-1.40680397763197473,-0.357768954032316955
-2.19158832495765354,-0.801268176456226833,-1.66347710227978718,0.349048472960502787,-2.89089986525983011,1.39200456739030831,0.840278883042200109,-5.27969474382962822,-0.815057048346331192,-0.11898668641372033,0.996864641345028057,4.28241635978463275,0.0388246536332980188,-1.74914864541060378,-0.67157530702097068,-2.50629562166812292,0.212077790608819539,2.02379013915510786,-1.43885751352643521,2.79036034177789327
-0.709117944999427152,2.01966637970600171,-2.87558676920764178,0.306503868242457456,0.576563336542956995,0.413978465254494277,1.20123553953494988,-1.84207000613749461,-1.68094327225969864,0.933779375294959357,4.07321300986048396,0.833777083130241681,-1.84255973883477076,-0.739118582685132974,0.797852748664004019,-1.40754094066511781,-0.129864958686734921,0.206648152721272238,-0.438965080961623788,1.43659562375429317
-4.17606124305442084,-0.758251768726142417,1.58361111614065275,1.95912029964219325,-0.80394615918621859,4.30540954132572029,0.92936737574091377,0.77247030375000203,0.599302549431821374,0.219250753203611759,1.42237355603821913,-0.0593666019218435162,-0.434963408379566874,-2.54971322827252322,-0.0632534096979162075,2.72962488330405106,0.606535765242667724,2.30982854285426242,1.39585973751869186,2.51357978395899595
-3.52516985334784838,-1.06449079975871563,3.57263359197740771,-1.62405630612962448,-0.0576705418566630171,3.06877652942664625,-2.00643004877363218,4.38962337722729945,-0.710305553993893168,0.468154909000749797,-0.868128673495431658,-3.23603581541835306,-0.897307791694702206,-0.42468215686845151,1.45963112787493987,-0.793116157560506241,6.98702403133457572,-0.950790672346031096,-0.0106849090301853814,4.83351523286032503
-3.73161470202247036,-1.88908599471518412,0.733817322860408794,-0.679339216659311074,-1.86414579563860072,3.5356653925527417,0.539447080039606064,2.85963056539143778,1.9145736820773529,0.541098827930231119,-2.94543055950537891,-0.77284309754323377,0.415315494744152469,-2.07443258744076475,-1.58494715452706414,2.34963413454205083,0.428569301466439179,1.89762296867836033,-2.09777364912878195,2.60172608209790557
-2.38338324583287919,2.34709155357923782,2.28418144566798276,0.64570875042407061,1.97352687952189987,2.28580619923002226,1.12903343436647474,1.17181425223435154,-0.0345809544744270433,-0.93775095526661123,-0.278299909864914707,0.490829955760350711,-0.335187272827141503,-1.71011064462244411,0.49554123729498667,0.807560083755184954,3.98095734735792917,-1.48891326198432616,1.87738383817192145,-0.0223017243793701657
1.0716109881227831,1.71348561707263758,-1.19798853523474569,-1.12948853745684219,0.526734749368171773,-1.010303876282586,-0.00480522851922642654,-1.38778009592529461,0.545576062379864557,-0.261510690264911361,-0.0667483279761368203,-1.18168413827459018,0.732066140764842666,-0.0539993008072189792,0.311043915187863118,-1.81884733152535305,-1.71775511585756324,-3.49646239375251078,-2.385692222946032,-1.92551661415999997
1.05541744506114687,-2.0802404141923887,2.02652107884819754,-0.50585357975623968,1.59881733452167185,2.08544169122637157,3.5923535596426257,3.69764798409929796,-0.931940183489053608,-0.847878202491392563,-0.234843993042082477,-2.11425835596271483,-0.328026678708679242,1.40918049267547763,0.382129626394163757,-0.387869639496406293,-1.58530427409723962,-3.92687383947310975,2.59903701767882156,-1.01099767887272951
-1.88453134169077607,-2.84885622840415076,-0.353661043084287863,-0.159149553310477004,-1.7585817142544351,0.696621944188864584,-2.54982831436258639,-2.04217617296594511,-2.69644325881509417,-0.175660754978315459,1.49131310158763641,0.999308495428619881,-0.665716171278485258,-1.02265833353994084,-2.91485059635854427,-3.6214369941436737,-1.02269256776390405,2.01281714338728346,-3.05822572269933524,2.14466829301840667
1.55620594506090382,0.141655841763775353,-1.28721380712635192,2.06869188838195095,-0.543187551948497216,-0.939111265032649967,2.33884201086251808,0.917776138790566742,1.19329668264712119,2.12960888850204144,0.262171030907571434,1.52888837543022538,-2.52569595622125886,-0.21262160489166107,-0.229768124105365346,-1.93431251156355155,2.09846639936005053,-3.12108679532959643,-1.47076094974040017,-0.814811400442895573
-0.739109750016589295,-0.666925759477137614,-1.34257798575963205,0.977229200088490346,1.51445440647019125,1.527274647527183,0.31243922158176346,-2.83485939251627483,0.861334810004921514,-1.24091585839149965,-0.605725210770765243,1.57429572922559502,0.445199842581374572,1.13003086107692874,-0.0946075710716821755,-0.0124731864309095813,-2.87900273844367849,4.41963538792795418,1.14107147318565771,1.52788078415348272
0.792582263666984366,-0.0105613587129821749,2.06802311504641745,0.530816866828217715,1.1501748920486079,0.575233306570309688,0.874688699677815151,2.12704553981139721,-1.23565121511501674,1.74056914878572355,1.18591406789869547,0.0387508999260929021,-0.213414666421023802,0.762195444698389624,-0.214430244119902247,-1.5230807254868115,1.39794915442949241,-0.667000091186462418,-3.66416445434548343,-1.83281012077300276
-0.109693076951549229,2.5985525155130853,-0.80687822484640126,0.0534909051360678983,-1.6270366523832096,1.13468283561644734,-1.87069288091092401,3.29657720207934002,1.32409106720130221,2.88920793078197047,-0.351460332887935933,-0.806511513138194802,2.80910067896668902,0.323876531018548852,1.40098508912113595,3.03467123989500909,2.98027985036232756,2.96648269234679063,1.14894149907360354,1.39824880890566661
0.133946964109325467,2.59639425661850165,1.06500091232455318,-1.28105372068708068,0.00362746081111853247,-0.117198741472919268,1.30647115684758064,0.457625319415000342,2.68914436168960691,1.72989000389478886,-2.65362644464137265,-1.39329229176359748,0.871831607788522644,-0.562427937091335872,-0.313168285410445724,1.20975105569716912,-2.14041032781597185,-3.43060526047048819,-0.598692058767767987,-0.755830974067937755
-0.429160273476995868,1.0388525834227087,0.913833925046268036,-0.159777030007799858,3.35992441758066418,0.201388671108788969,-5.30996670281796579,-1.65537389854794514,0.542015696962989568,1.91856721419272391,-3.91930194155250478,1.59787567158577515,-0.327739658133000822,-0.902229710532094886,0.102990500961753315,-0.731676468706106142,-0.715907344457808903,1.40963863718967675,0.36866212733678605,-0.657995265524599082
-1.25673411726726481,-1.60115638002877025,-0.576503612373989394,1.53383938601714664,-0.536545760022946849,-0.295996284083579808,-2.1900002635630047,-1.23193980611128517,-1.41037007473866427,0.315859475700940084,-0.946040830483648287,-0.788850834046991412,-0.0952064705262605782,-0.588138783535268606,0.0823957781023524072,-0.503436232112440041,-1.77089478319304883,3.52600965986698611,0.159042961241273539,2.77258794421249055
-1.09785602451443931,1.17421387399265176,3.50881672216487761,0.128505960008315601,2.32991425714048006,3.33758528190813708,-2.4714217050695404,2.57073696025710108,0.0667354787586804388,-0.0191002763714524411,-3.08899267803710087,0.179535587510832956,0.108144359580165689,-1.68224785646333586,0.153116599806555814,-0.836454199677870158,4.7688363265557383,2.44055132591486101,3.75758596792456157,-0.900951617248676895
-1.4623166100433056,-2.01391413652885021,0.244554946379222538,-3.7412552674964541,-2.32394700354974892,2.58672088360961983,-0.401414988960157815,-0.317563032630827191,-1.13696378738881743,-3.51985396301751985,-1.4391221206788154,-3.66363069416200338,-0.719514100724154448,-0.944802119845332466,1.01386782632384098,-2.63255053048894094,5.17524344651298129,1.32901914712647318,3.91035845668392712,2.24032169671506853
-7.53566280644135489,1.01091172044375699,-0.626004342718557538,1.54668139773340685,-0.381093713236013543,6.6864122151150287,1.59094043320715528,-0.341697249465580222,2.12293147571078444,0.761887215245576788,-0.645724964421525494,2.69234977791779428,1.66738244558438398,-4.86389552146595872,0.50409456429854016,2.04023122279777747,-1.48044689729553558,6.0973884115588497,-2.36843184693430642,4.63823175042959424
0.269650959100607379,1.77401837368485804,1.33594194796631238,-2.30123843575006948,-0.704810397704422442,-1.02526145537351021,1.42515714608392097,-1.92845428252176543,0.790581615402989435,2.67522830473025763,-0.752553993395456922,-0.906643562504438894,-0.230793052267178639,-0.399085703237611944,-0.17119115643374011,-1.63021040859780664,2.19188733510079725,-0.834406427719779686,-0.217263127965255126,0.792423795515099116
1.6731555141874237,3.060113995400223,-1.59008459682667369,-1.79927573481453607,-0.0331226595462864037,-0.821408451057279221,1.18799969929079507,-1.72774838472971881,-3.17524273473013796,0.517846791177767551,2.47780207998393598,1.33146089951270774,0.19571683288723124,-0.107106598459929855,-0.913394859345513566,4.80292153711781733,2.26256151094809876,-1.53712762854667861,0.374127104082273676,-1.26132242022981589
1.00158227487945961,1.06845007029179584,1.68004496238460965,-0.515615467260177485,-0.632271526532615535,-2.1883440098776239,-0.637170903083698059,-0.538840779866899044,-2.54156118449808854,2.19265182088226007,-1.64436332294759691,-1.15971419384410046,0.38557773785761873,1.33933083372286843,1.18845649061961089,-1.28066679415968765,0.66288316344278686,-0.510040319159816624,-0.716391253392501315,0.0409295665102829068
0.617065974818921448,1.57457983978343186,-0.27857498750145232,2.11185477128745491,0.222871020326317087,-1.3528212577441856,-4.45114608277351742,-3.24594038510059146,1.92393663523681813,2.65665149511815235,-1.55783591013715927,3.19021577973285808,0.835496470928612567,0.905289920699697936,0.00578432115485419396,-5.03173847446240785,2.19686920632825844,1.98973351364605944,0.710376463156517812,0.87192613264911345
0.914220771322329484,0.102828417643632333,-1.5411889516147228,-1.00603034523258761,3.02520665885310214,1.82035876297500288,-0.22651185940348692,-2.15886076545120931,-0.665304991325068706,-0.799231063654804008,-0.0698412436102051337,-0.0597143618279787694,0.384563547413935669,0.523571656635352878,0.269542489605544278,-2.75877124476556901,-3.04637360234723253,-0.0623129065952472971,2.55470403522509093,-1.74224637424598283
-2.25128288197842918,-2.40833918211090703,-0.598526077371570153,0.478143691312579,-0.889489316622673165,1.04739239623076696,0.531261298525740111,-1.75921117303014096,0.0188992610004506262,-2.72659023869810779,-0.00454646755603468726,2.17851557418827779,0.422452940274425537,-0.925611018130714225,0.465316993823262137,0.0137226559873090265,0.896579427846620924,1.71710312707765067,-0.793622819259127588,-0.492706695380724313
2.56100487464069815,-0.74539220135831652,-2.56125928911930556,-0.153418648889912967,0.19728528160749767,-0.186562588368728077,-0.0993246068656579856,-3.60714052303628741,1.80078226098135885,-1.87164433363654781,-1.19623418830337247,2.02880939398133764,0.0921998277464636529,3.49875486398384483,0.733992518947562234,1.46092387985050376,-3.51383484782716904,-0.271267929650463369,-1.75035291793682113,-2.16696796093846666
-3.8763380139195367,-1.7195102729621432,0.604652392800051675,-1.46356362622668401,0.831058752072774909,2.68708067685307617,-0.0446637753687305211,0.541668474640817799,1.23269442190757528,-2.86103589514201584,-0.647842026677438731,-2.5882237279561715,0.312611563205544285,-3.79135017097920146,0.0622961508797632985,-0.639434517181430184,0.687216581268647042,-1.29724096687448598,-0.443132110963591175,3.40724413377077662
0.282294133887496745,0.220281912287720816,1.32393083760929131,-0.623588511778644161,1.57550450554155219,-1.21785172965342192,-1.95384795744905015,1.64679645994029511,0.974530464199818036,1.94620195321339029,-0.351796657375543664,-0.885266580169662531,-1.07010455333618903,0.275649111034252936,-0.117439225384161947,-1.72937446703096587,-1.00709958604294458,4.87806220731242313,2.66064261551506043,-0.662838993193667014
5.13155055163019558,1.8033553625881098,0.515658156634018927,0.514464798821839597,0.333696667670377145,-5.10250984194670654,0.789508186049489802,0.160857812156442626,-0.399455620036350822,1.29279774371755263,4.40441417328850005,0.739515673178445687,1.43901598219765092,4.48395585706484656,-0.893151154537174641,4.75401729839296738,0.651676112235756722,-5.1412798799510897,-0.0346964963992327582,-3.84838899962646286
2.31773115885821746,-1.408445049494635,-2.5148444534243839,0.711754880013131586,4.04473221068693434,-1.29365951778673449,1.06107469484127037,-0.885059624846527782,-0.933229336335804516,-0.15883209174065932,2.59635656401613391,2.33180172473171865,-0.883074646268765417,-0.857972131047969877,0.874340680764994604,-1.3897191210707267,-0.808579899137427671,-2.83863081897454395,2.60984962128403897,1.27664048890017567
2.19846127465047614,1.02992883361585186,-0.318896424849553772,0.73022493640820485,-0.0121692601982565981,-1.81325805636553961,-0.122737157900269955,-1.0910152892838012,-1.21833183053637395,1.45702178154642792,0.546231977123426637,0.379917260359018183,-0.0401098443610743635,-0.218287698762382104,1.6061309286127845,0.706913148227280796,-3.59765968181542828,-2.60705627152697383,3.55881036055526989,0.830607248698296163
-1.38952626798586154,-0.627838873271424958,-0.302048500970134304,0.879930291696762623,1.36174752759429962,0.811415976481246637,-0.544714038165969638,0.897140234664938196,0.464827129813870255,-0.850281022368178374,2.77069902644848964,-0.436964583159230424,-0.324248218116340803,1.95231275062305931,1.50561899488154061,-3.61047726129976665,-1.18059834593532842,3.62077002259416281,-2.90985219770670867,0.326264545877170686
-0.731340254976785786,2.60599911844520893,-0.161498250681324479,0.975842257628370735,0.768805398578723098,-0.918837697589692137,0.516569661478838871,2.08298828719637275,0.10311108711849612,0.766361945936900879,3.08497457318192803,-1.77341266466688396,0.889682277361629859,0.891587623330386325,-1.55170686376798206,2.71580837569997957,1.01394683174615174,-0.34315201075242513,-2.63066130181336266,2.77077413632657565
-0.930039856520802455,0.121669165391244047,-0.966711570965890554,-0.261110379997633979,3.04507793872944355,1.92945252909562459,-0.55790154127232483,-0.33240691330734834,-2.24005132276236685,0.508580569124655546,0.562190990273848779,2.6039604873430342,-1.35683128775606154,-1.5421019909021334,0.335420603465193201,-4.15748615229469021,-1.66115324312769164,0.754202246929079334,0.276974290944001222,0.628046766502778797
-1.1976229418450397,0.470145405077006473,0.0705075477592815164,-0.841549488644052213,0.0117974896177175468,2.22917580637179524,0.365801338962907785,-1.47429171534322911,3.15490448762887565,3.59837255601617167,-2.88424671257933429,-2.26315871975266525,-1.28688845265106222,1.10644839539500706,-1.20966827738475446,-1.34106981930533298,-1.10063232335336436,1.64392627695033022,-0.107300162804916305,2.2195559264805631
-3.63602881012555246,1.27210550050617144,0.901170183539541592,-0.0589385079495803668,1.19439542454327463,3.12210077102135841,0.110794471903082226,1.17738507292714001,-1.01482794983844471,1.63148422050369213,-0.290464402519701403,-1.11706181083007516,0.449093789610013172,-3.1860891368720714,0.155954071912257547,-1.38794223954525853,1.8623093158256272,3.38712993838773535,1.12379436470142036,3.78606401067941656
1.28453694905068039,0.702801597594201022,-0.982297689564890941,1.43467494025170272,-3.72223037208604124,-1.36034742206934567,-0.792855963564989774,0.724018221601101075,0.536279975460545955,0.326243273214677054,0.530309754197715311,0.933556941998158085,0.931045149435387409,-0.488072611726915073,-0.166917607527109962,-1.14480249021602387,-1.74008294262035168,2.25116890258016422,-1.37821519854078822,-0.410341447202893228
-0.0310759330537890149,-0.257562011484210096,0.273471261660943321,1.0610262724509758,-0.240346239555613322,1.28734776315335187,3.64644071112922097,2.31941893780180575,-0.118515759490015901,-1.08943672046649564,2.83023369486761078,-1.66011339249412937,1.46056629831555229,0.331486051353465094,-0.233509605780776758,-0.599675105553000742,1.30865693674484707,-2.32892241737996741,0.988269780208297588,-1.84168712681972813
0.462074636563039154,1.17844375310455196,0.946506586365219893,-2.18290661543656039,1.57988323346995685,1.29854962700757981,-0.553425814989438214,2.55150021442937014,-1.12637511999218454,-0.103251786864833869,-4.55117056309421475,-3.00232741860719132,-1.53462549266264658,-0.213822387098996258,0.473693312966542601,-0.376644393484004747,0.807261753548171201,-5.85627598987202891,-1.06158291448540543,-1.85541839331531655
1.90599848611134304,1.60746658716059576,-2.19428053532146361,0.395217381430121251,0.564040181436480825,0.0307506416116701507,1.43728089461056108,-0.984952057141410431,-0.0983629871719901572,2.18266520153848687,1.31156474969531667,2.1801990684622079,0.263783265646347242,0.885491922241782414,1.76326551811285803,1.25723218980847506,-3.00631311187893813,-2.50388817586963119,-0.212474144484287308,-2.98579892917573897
3.82996701903863412,-3.03911624344388498,-2.64075810599768568,-1.59315574939218019,0.448906649104204469,-2.93667180295792729,-1.93230216252510822,-5.98818200217894425,-0.625956438546555249,-0.792712678598652132,-2.8479623360451245,1.9211220002313889,0.492561549980591706,1.49051330925656456,-1.0658610277504863,-0.232185885259449748,1.67185746643479316,-7.28123959254744246,-1.52866249507875929,-4.35732931335840767
2.90206378089923422,2.1784932730093538,0.294635777525426801,1.28189501594408872,1.14537691864220137,-3.44763111703616643,-1.33475102119418687,0.929571867867511115,1.17469474224614778,1.91106360932895969,1.04762182602297704,0.314791403263933955,0.00969768787321793717,1.54355624587477069,-0.886906113697143228,2.10699530560580417,3.18102614601028,-1.02828688826848569,0.168745314165372029,-3.14682842154890485
0.0348792772686957048,-2.0772562596895634,1.07739800422213339,-0.682653338070980942,-1.52752815494563343,-0.0572827226150427679,1.7866378918756558,0.988312247767759389,1.30964191266509777,-1.71772664419403687,0.94743662761640679,2.73031042920612377,0.219059280463386602,-0.919410910694741235,1.30449830676534262,-0.0230401751251491545,-1.50894185731331953,-1.72256709364948435,2.6478755199788222,0.241583674513300067
3.91944920573233802,-1.82255417063606262,1.36290871674628167,1.20604661882318176,-0.926312717522820628,-2.65887211274169788,0.460889151575896383,-0.799975866538454761,0.000135103282526255724,-0.0852808932338256082,1.71282205113281316,2.07657705963749084,2.76078140097047031,3.01499377396075063,1.45045842330307551,1.21347315351462126,1.30810231213691774,-5.37459492002222206,3.05107238127183766,-2.75654947233510983
-1.88250724731586661,0.151265472901498416,-1.44042021070091675,-1.6056934869306978,-2.99216534349466601,2.45711937040912387,-0.517992392201309215,0.949983622524490756,-1.98575228514428459,3.52376518951324114,-0.625581831356716078,-1.79219851751399006,0.604595088277053549,-2.77646665993566177,0.588438064002023919,-0.993666930033269669,-4.87559779794114601,0.85770969645434969,-0.665845460145515822,0.247264270653096502
0.960025759314212412,-0.739206634064973334,-2.86522222995366427,-0.481998105342302308,-2.41336516227627129,-0.377542718615714312,3.35281982390299538,-2.57034222461176576,-1.00433395710448337,-0.109110921518212833,1.56372486044549253,2.2891610827715585,1.76202693972329882,0.537260611664585719,1.42531832462114871,1.85763321307245799,-0.841379690788081724,-4.23671453089712724,0.0187831696932804215,-1.74898741676959957
0.907475225571251265,2.70072755721824231,-0.849009531666495287,-3.51391691898327929,-0.297720712557645928,-0.0563733893774161499,-0.542463211502163589,-0.458962317128960129,-1.12519915084943789,-1.52418795344552094,-2.39759512767996164,-1.76897525451784188,-2.40789671709532938,1.17134536680935475,-2.68947900240961379,-3.79962349084100603,-3.92180574983819552,-0.114081894628170089,-0.343065735539906824,-0.0100681303620787661
-0.444023080222819222,-0.0701532693300678106,-2.36206379773899267,0.932221844235159525,-5.51022171097373548,-0.23886124671369055,-0.999789399367552289,-1.59738209927895403,-0.31835043912064781,0.143193950815895893,0.0638547821228672846,1.07309159144946209,1.02039543638892871,-1.53389300113018945,-1.49766912164889932,-0.714597387492231895,-4.26756038897482259,2.83180813741698634,-5.60793586048363135,1.7518702979145846
-0.699491531343876316,0.11192824208256609,-2.72615513805146614,0.238007408766906375,-0.184133799203224896,2.07798427189998725,-1.13138801273468603,0.519205249665095292,2.3747025901244716,2.75280915505981794,-1.70070284501217595,0.868719917822176058,-0.453555745943137967,-0.497099869944031214,0.831307117067980772,-1.04896736759939979,-5.30731511540662648,0.572496865191713722,1.19950455251840382,2.01502620066395988
1.7436644982883347,-1.14463109873309588,0.70554887152548873,-0.67038165165937591,3.10459631522382828,-3.34608949224439822,4.18420797225552032,-0.23309417889901804,0.347480214679527277,1.78432616278465805,4.36762672591938284,-1.06022428267235758,0.62473515153856396,1.03952401485056134,-0.782345814018573504,2.46327215378755682,2.9634381421701268,-3.34469874664647149,-0.579076542713084286,-1.99635034463414596
-1.40078981852947027,-1.33970541808215993,0.399518891304065205,1.72035164461470047,-1.96322393484895752,1.79904235601797091,-0.88456631831407706,-1.26141741435451582,2.55830822218927478,-0.729469343137862269,-1.98634577594974693,3.06963281483031158,-0.00439733811018778228,-3.11760415632843513,-0.908197339557806793,-1.95020286154712785,-2.78694070038137864,1.8696196180218565,-1.028853826657121,3.20353822206427408
-2.37947157784358954,-2.08034451894028383,-0.672347227278654258,0.585303424599526445,1.57776212582561426,2.1151721601412361,0.812287762484712128,2.51482850031018357,0.454845599828827385,-1.61206400217342694,0.574305698382792662,-1.63521996902111155,-0.767327232769783429,-0.379585107253409604,0.643426699209578068,-1.71214712729337304,2.17115238579927006,1.07146661193691584,2.33201044176436056,2.12903107941710834
-3.07662847198882483,0.61338194960181458,0.605789847437715245,0.0323424782865435675,1.38284018127391439,2.12850168486690139,1.12827695061821154,0.813937790233282277,-0.353366264010321285,-0.257933883363951566,-0.057525831336844753,-0.138854250804871598,-1.02606124157408796,-1.57524318939154018,0.372044832930621017,4.07942048989613504,3.96898805529753362,3.89718621778648,2.45947004261909363,-0.78955808864180288
-1.18016098826299709,0.371732892198067488,-2.6066774251491327,-0.65161836400065809,-3.04418760073980899,1.30500651696638981,-2.88562557934909103,-0.75028936665069379,0.725133087546111166,-1.27443129916561615,-2.67194266805362357,0.241579901004716741,-1.59959438867742088,-0.264745598230623158,-0.850698337298984031,-2.7637302488422173,-1.12261408434720855,3.33169606585074574,-0.88290887427808229,-2.25532501861218915
4.67661795291185101,1.40471380345518404,1.76128609071677622,2.44541256086917302,-2.0782650938100633,-2.94369436021421782,0.77661754075126388,2.43980954351871882,-0.431674908461735007,-0.664566583947818423,-0.02174480006557164,-0.26137042703499308,-0.672037636611642397,3.93825096225764204,-0.0509858348525678712,-1.61058894733533653,2.85552548037060649,-1.03575510793130143,1.87262141795883852,-5.0432571446852803
3.77470287350693745,0.0402474811434236149,0.0537294535842894397,0.826029359644869787,-4.68919083090563049,-3.07994969118061457,4.23749509747409903,-1.40749595671864269,-2.32621742098130824,0.12130798575205036,4.67046133228877736,-0.116880879783965233,-0.287884416909105212,2.19411481825224408,-2.24188946692740032,-1.33771850605512999,0.748608055535038175,-5.57582161730019532,-2.00586532317707622,-2.77377121601899601
1.63338327004100758,-0.536008927562598991,-0.732250358051558026,-0.993266769200193522,-1.35009216099726137,-1.11228909637238971,1.50820256562642396,1.03146197871468837,0.248756152904879291,0.268732418087533675,-1.42375132620936151,-0.224326548984072005,0.9043157073614706,1.00127731259633057,0.288429674431483762,2.05950637649332213,-2.24253672874593057,-1.90313630686703394,1.47750581228421307,-1.07552445133368169
-1.19897526193844595,-0.837733371424219109,-0.936753499211784524,-1.18686954159890923,0.426280354488003388,0.110461233547173368,1.48777398142650163,-1.62098991680340809,-0.696417305140003551,-1.86448888660172263,-0.410590242854363185,0.982586229815504919,0.897337838889412653,1.33710140215032713,0.312630216435813513,-1.67038752125544954,0.778989424628207638,0.749249911016092063,0.476242991221314693,0.544015907105789731
1.18517092086256648,1.9905059234995679,-2.14016243999325617,3.33891763650304929,-3.13933382671495131,0.452786962574701579,-1.62132773990311696,-2.08574102687189633,-2.48417177815891321,-0.941990882477537927,1.36528088355420185,4.53945066634964522,0.36350533541533242,0.798302520284336459,1.240424394270919,5.12919710550618468,-2.90156242827334943,-2.2462797718438825,2.47889170714773588,0.697884831603556965
1.36544755319333455,0.197731865684355912,-0.497831018303315831,0.714748266616985761,-2.77743133719985247,-2.59722084080145388,-2.43310567286085,1.57185971933893187,0.288939213777942405,1.96981056314751402,-0.203656799390199733,-0.618657452612807912,-0.743728427343338994,0.629448603121097294,1.08985570274303067,2.31013705244029799,1.9976698893828686,2.4414827705700497,0.755776792150095744,-2.43976662996895177
-0.151417831975381445,1.85892467143005113,-0.276918510043017985,-1.73691441347572573,2.20411075790022615,2.14859178580496923,0.0843718600655768147,0.943929737543842684,0.554630284239226445,-0.40666029990140079,-1.59775205324382408,-2.65825379029803743,1.88383876227079683,-2.32496801521798924,0.183486283049759197,-0.507051270432401502,-1.77326294349861691,-2.30982115408594257,0.995487421240146331,1.43885676657155148
-0.242676640902658641,1.20066571216576334,2.13344413293288282,-0.393877690984197837,-1.72324381744569566,-0.308977000906769439,0.216298657664433708,0.246367399007597632,1.31626395824009812,0.377364953384276725,1.25324266390045969,0.618599248428372994,0.554256828247505773,2.58039712053438253,-0.653439655897407268,-0.179500784951544645,1.72450978780631936,-2.98633989675128841,0.269337252855380904,-2.21895035696692844
0.486032317566856331,0.284922733959282803,-0.316458242883985719,0.336973168829330261,1.78612128045485052,-0.162143744470279683,-0.887582718632162537,-1.95479003776456817,-0.588000571262840999,-2.37730411414274334,0.621428690565931419,0.348705057150667241,-1.03095366584778558,1.94183856477254602,0.558678179971138333,-2.82476083781959408,-4.09198403907666286,1.12903494585869923,0.725973482244901658,-0.863423688812921308
-0.960258776813159409,-1.043631941421163,0.158553092368879822,-1.43609105955658478,-3.26007589171727208,-0.0299554904574744971,0.294006073979503069,2.07207032410352809,-0.266449544745170464,-0.533723000314357487,-2.2473215080329263,0.273543237409474504,-0.879232353037464054,0.310651282121606864,-0.458273580656436474,-3.64418637455436167,0.501017395506368368,0.131792222101269257,0.848179499899573863,1.20156480219271189
1.16959371383845823,-2.35850760603172382,0.773823691671546743,-0.127765877831104407,0.89864520429255712,-1.49984391149973617,0.14316313503937983,1.25356302105870343,2.37431242200964299,0.435181984875249006,0.0146162585295938497,-0.227092763109234791,-1.67883235176480627,1.64990586375803883,1.45230958304746882,-3.69983890684539585,0.635895648636422339,-1.61902806061105697,1.3189130977006096,-2.12246840887559918
3.17014040789030682,-1.8584155682503638,-0.726438553773104179,-0.18215706687830549,-2.56449892727180773,-1.82406520740392408,-1.80243876417176208,-0.675232000140357114,-0.0453187950929875849,-2.07477383697509499,-3.16440839431840848,0.710700449780324539,-0.269880384649040184,2.01061432841144017,-0.243511520141902721,-4.131063923500645,1.35457508952981742,-0.644399853601532402,0.254612310831193511,-1.83494101246208485
2.4606022591137191,-0.191484348812876182,-0.757931749506588814,1.87447266851670014,0.507924708932772528,-2.29281470920576602,0.35148020957051529,-1.49629900726522402,1.70759558694883395,0.24308751220146646,2.28906556351701918,3.37177145248701748,1.58768781333218301,2.26780124671699879,0.274318845942405354,3.77785159828574546,0.0496170371123840145,0.902114507688269507,0.858253879808608788,-1.88675610873938915
-0.385238463533026487,1.31192999125258436,-0.642305684437134095,-1.31614504424789103,1.09651934237595783,1.7035803575203099,0.435235628313305256,1.17032062055937724,0.564874452054725307,-0.141521909094978804,0.0318857507404080379,-2.98817615637770873,0.753252568787248555,-0.473548112582547975,1.23567102415240071,2.1923812057224743,0.0961397330293699282,-2.81544807536167863,-1.62671433379982622,-2.11534922005391168
0.072355698300767976,0.62427923516999495,-0.773150028355364394,0.981084029031814242,2.8617555836892361,0.2957528148311519,0.442495306222343399,1.04286304750682879,0.742267048858779366,-0.927706381025395821,1.1397523149580604,0.911907415186575143,-0.200150465381944392,-1.80138840682741286,-0.782058129859266926,-0.0646842514274322128,3.3992753902962467,0.0663518740079475644,1.09575149655102333,-0.23807581851573878
4.56448081253884563,-1.04706907860490928,-0.381254198511762843,-0.457534660530294734,-2.87498208226871155,-0.34242054707447761,2.45902888786430474,0.630041483488081533,0.87225603844986932,0.0469751546739980153,1.62326476955876942,-0.717646843234339915,-1.05930531470780931,4.2686038790743952,0.698990616333828307,-4.71672407971021723,1.06917587085970456,-3.94525022073394371,-0.712025023697844595,-2.90403381102771752
0.416283399449938807,0.153581427514366819,-1.08430890807223368,-0.489009480313260914,-0.332135501789314058,-0.283027691319630126,4.15614043659198451,0.23501025664808084,0.236109685204706737,0.498593881092846192,3.74837648983957639,-2.65794768009066962,-0.831514731276091434,-0.85798318566959908,-0.515555246207731299,-1.03549031127481528,0.894735953821442775,-0.0945623095711824041,0.869351748232665367,0.983105179847525656
2.05525150214503638,1.83475915345041218,0.977308526480789586,1.06817524139554232,0.005843664654854871,0.0361616926849227666,0.0927318898207700609,2.52398153272173964,-0.760923073136108963,2.28633031466086045,0.92806566556433967,-0.924233707680529704,-0.328147634132043675,0.842091756395035973,-0.21656182609405053,0.0419728793343527792,1.02800432557568699,-2.2227899731673979,1.70669258523548928,-4.60948896491446991
2.98063173607032983,1.9673854535583859,0.30707452567068777,-1.94764892938680378,0.00303528278535472812,-3.60305344030692254,-0.653720940309446719,-0.386442877413275154,-1.54281016203070309,0.195738736572207167,-1.25900367104702982,-1.95777166908345412,0.0100538413546082898,1.15473314291942519,0.401406615428756275,1.54748753678496787,0.725200096510186132,-1.38040475834339049,1.79339081940027545,-1.63395026171638458
0.607956118897150843,1.0561437392170252,1.23438130657087131,-1.21301906142485394,1.97859439042638208,0.149709900359918574,-1.36478044081132466,1.07718735712466795,0.646237863976764748,2.00323498871829342,-3.26098936732816158,-2.40135792201545506,0.924418587599303065,-0.587832184637023913,-0.472891705259527395,1.39865465502530339,1.97148994088161311,0.848518837710818041,2.05912358665058282,-0.979393695476926895
2.44580418989643134,-1.59794870449620996,2.11709762160286985,-0.462438814271598719,0.813279172771128711,-1.9879611175349523,2.67005068581083993,1.63754695707526898,0.639800676281618741,0.00702277221333002556,0.320068929925375223,0.414540348859925134,1.11127490568456255,3.03271840726922326,0.578773286796734232,3.33105586219529393,2.39166992452564475,-9.19075975049934257,1.14816340639721526,-5.66353017626585764
0.151528223715451577,0.234441239133829554,1.49029580237476189,-0.298767640826280101,1.98469231716268224,0.995206766532246823,1.27466352281103834,3.63325199453887304,-0.81579016459764353,3.61166632973032442,0.700582870723229223,-3.2696834556357901,0.599456662208279312,-2.69149929303626267,-1.27073231003752696,0.36888550423263633,1.79214772529896416,-3.19245543347305727,-2.37852535937075915,-0.217896408505403205
2.15928846116783735,2.11690597924211987,-2.88238539234485636,1.23740448754519039,1.7902588673619686,-3.25080310598090838,-1.62029950747365081,-2.97074598408888901,-0.0578504402734895465,0.0680881087022080084,-2.91815368384585128,1.09546116634831314,1.03442347269398671,1.75196316414665532,-0.605746384546307914,-0.098289994619304405,-3.60253263290661696,-1.46737277907401542,1.69910140459591341,-3.57792064533677268
1.42135050052474332,-0.775180056896963676,1.31907675977547689,0.258077434758017199,-2.19853780993724257,-0.347306374232397297,1.95605313902730837,-0.328358179144726259,-1.20589347870898478,-1.63468544581343544,1.44458436242167521,0.210578278338314356,2.21604697548958773,0.421115907097979303,1.46275727925546439,-1.13735530885855685,0.301573826893581365,-3.722659923226181,-0.572371537883913262,-2.25147769554081201
-0.59307489340464703,-3.92105155271227712,2.9975220778473135,0.385616711066766482,-0.500476421360788959,2.37315727889487338,1.2798005780552717,1.02929802407102478,-1.15874828299706922,-2.47876845628549347,0.580873043147427159,1.47039092524332116,-0.0966264541230160284,-1.65904888744413226,0.250178765139134063,-0.768303781905687599,3.38681100818965275,-1.00907690428075392,0.744789736573624794,1.12918213254850008
-0.667526096071773489,-0.786835632248314654,0.132091825967764059,0.804840395029260747,-2.88881184187098095,0.550142179241195906,0.0448808240569999184,1.01970978736419671,1.65249067074647171,1.21627789221774041,0.214858819154001901,-0.148713562233791119,-0.0734738489785623228,-1.5632259946297129,-2.19775220766594215,-0.969445251268033381,-0.0564918449633998801,2.54873763238448081,-3.32124166130800669,1.41564347617486752
-1.85493844547778708,1.26198686826259454,-0.855011040066397054,-1.78502952669725801,0.28995639016250141,0.963094762628277312,2.22633945607509443,-0.196547098606063259,-1.97408541618800926,-0.00753850777976830359,2.9746894888066806,-0.318361466617027244,1.15284788374239944,-2.40012099007425173,-1.28422248365865999,-1.28131267000372651,-0.587759462480009209,1.88989952101190473,0.433102025118876077,1.15582860527094811
-0.293326763299530668,-0.338334597182069818,-2.01545524796129882,-0.675652452402468295,2.1321891466995524,0.0225439709950295449,0.505329084155500707,-2.21051738950242882,-0.849730530867707556,-0.430281414276780461,1.09109119741881289,0.673829784443312207,-2.47373212279655119,1.95270674184796245,0.881280642037069128,2.48953969272461739,0.35255978154196288,2.25900815288679047,1.12993063100190239,1.87721942201033065
1.73099220754701544,1.60771253399260239,0.0202724438145165733,0.0610089040271284896,0.680929556417825155,-1.13276993074452181,-0.359214269236921235,0.345861063538859093,0.895951139113172701,3.31802833661586716,0.803993743200136168,-1.97286550628730484,0.852467466871728696,0.379233966314779125,1.04237268305415931,0.741453065983464166,-3.19712983953331964,-0.677920462118498768,0.127304645936545058,-0.122344510311897303
1.93272521188884694,-2.76004597732110657,0.648902222327297218,-0.154373884008877166,-0.561634148702474301,-1.22834832532779648,-0.623753558296058719,-3.36805141818347753,0.857578833996279322,-0.536211264160499135,-0.313159580128474724,1.37006043118619192,1.99794908167986685,0.0360007692128480952,-1.40168520866688695,1.76568738474838005,1.78855418644980846,2.23593768929365133,-4.08978656246812289,-1.4531836734399084
-2.45953073147793866,-0.259958006050677537,2.09064395779111889,-0.0204780201217101797,1.04231511738669957,1.59152501442150229,0.058110392374667412,0.229302228377376016,-1.26584593778468335,-0.420381904304303389,0.79409952551430929,0.795159365538459895,1.19017888704922692,-1.05346735212159692,0.262560056768825933,-0.051697158429066567,0.790596522204223717,2.22763643729762828,1.60118792772206553,0.472006942777592586
-1.95804240646778127,-0.812782969479809325,-0.882691729207358722,2.1783949933184128,-1.2040128915365369,1.08455717286566311,-1.63335090337167488,-1.04971219260535742,0.937405293198914524,-2.5054920996105583,-1.30447854096553773,3.73402781973074438,-0.021316134421062248,-0.508580879788313345,-0.419899003583647179,2.96918276979802975,0.366107078662601171,1.55261349431328788,-0.592813590601425244,0.83390314376863095
2.64428573537423883,-0.0875183679449345331,-0.153166251873083831,-0.137676688952638709,1.34386473087218228,-1.90762884649550668,2.27411411469352442,1.04216838853466354,-0.519957074100637962,1.82406700635521335,1.38153325837763674,0.374463679466921051,1.80013048298905232,0.408036509274302184,1.67817672802997331,0.264774098357525856,-4.17998339086595383,-2.45322411273081542,1.56981567969569347,-1.69077084741200667
0.722705631054983422,0.379546878483258077,-0.396463928457611026,1.25070708765023331,2.73391458454406866,0.595220442447814801,0.841669353865583059,1.52338168699677845,-2.22488145784541747,0.0293524655975292356,3.2894706996980565,0.570411254937840173,0.89000117210356533,-0.384042862605783131,-0.18259518797646182,-0.53565573739529071,1.44230440119699965,-3.3500881842797865,3.29806909173173191,-0.263561779950848896
1.07996866950585035,2.0689130747973179,1.7999046017814766,-1.76533247477163036,-2.07068713859213993,-1.73890359072150802,-0.634566676348861991,2.8823664219034506,0.29985436369452384,0.878334508391193314,-0.419629706772386535,-3.51242922348033426,-0.801831944487545467,-0.321752743437820843,-0.753366803952988162,-0.189931176165087895,1.84705276128101348,-0.0869769815090545156,-1.15850339544387859,0.801853984260802566
0.369161101453229223,-2.23964097377881677,1.7343821301309541,1.60355845106810779,-2.04416249312237097,0.656536252798736619,2.50428687649840898,1.32025448939502321,1.47991487970367697,-1.61282508718756201,0.880356097270764359,-0.462979027011215127,-1.0313038139978028,-0.149362593268665994,-1.95985491669162371,-4.49151722049749758,1.27941356764688541,-3.95082725398648149,-2.26936290236589988,2.3688801356529634
0.964846171715229683,-0.646398521181789421,1.03821511954790635,0.350682414699570788,2.35652479982775187,-1.92537005594823141,1.36758406792817433,0.858355694720791651,-0.0673130151252255976,-1.77913572826733657,0.932202589493471789,0.0240318856119528419,0.968118479748212302,-0.438952449362713049,-0.546736934605365099,-0.396018095391782732,0.714599486956352226,-0.521005455461871492,0.208618008378948644,-2.29231020471945257
1.39621887456085036,-1.34931478000880767,2.4339337587709502,-1.18756686736580197,-0.186234878920333774,-1.75064958847705432,1.92124448932577407,1.37178931674129445,-0.613673478660303862,0.420417854793267431,1.46900022301194899,-0.761590832816682162,1.37638936199671824,1.00223609506013855,0.680205433006277893,1.18798124604999678,1.1177657972494881,-2.55654590002360971,0.588409885096349727,0.60222300765637915
1.93662674000802815,-2.37703380561879252,-0.179551452487179103,-0.271099025113733905,-2.6037132456310017,-1.47369518439682823,2.03594475732372082,0.299035752894233398,0.238894629294782668,-4.93794473585122429,0.78255963202307921,0.122985043082509071,1.26363347683448102,-0.0812873802342132662,-0.600296116591140683,2.9765730841705742,5.41724116722318882,-2.52744996152816936,2.21796867647263474,-1.26570560344402483
1.73084433143952743,-0.242796335865565788,3.60596432887738239,-0.909117448544478401,1.24625530832422116,0.592626741560142944,1.73232653035587103,2.13001095179704736,0.649105270065258422,-1.72449642157869754,-0.467295283257018246,-2.53145781095638123,-1.34233516517585505,2.5257244874362752,1.23378934099519011,-1.10157745246963668,2.77441460745254931,-3.47503734031678357,2.98183693317657372,-2.16758423939726441
1.87635519864042188,-1.16046344974530435,0.702975574764991173,-1.19460284257118743,-3.70518702641084374,-2.464935253832925,-1.89566477811810019,1.89587440576128885,-0.994000632624954528,1.06992862976194569,-0.109264833728389729,-2.1335221565823117,0.666905456057855894,0.643756143654155011,-0.883183185974436791,0.113750217960341002,0.118420709901230811,1.41812827473824932,-0.0704430304424802922,-1.81195783947943534
-0.772079371498756495,-2.31647643473549314,-0.610253987883580318,1.19138642183802745,-1.08897288015271032,-0.320632232871778777,2.95801406020395152,-1.6194066476233111,-2.14968177566559326,-0.955522367432710795,4.09065090772502327,0.212504155057177846,-2.8981132907383822,0.153139703022218215,-0.521163294549682576,-0.965501369257118935,-0.933540460932811511,-3.06598967329736061,-2.33957594706604999,1.28073740566060246
-1.14974378888266471,-1.58449757808633751,-0.0708841895520256754,-0.736859020661970843,0.844906373295388868,0.310026891717948672,1.25506544882246884,-1.85343161123542166,0.717443710277260394,-2.17092394775044006,1.39539748464860214,-0.594965828791699014,-0.676777010727076078,-0.7800600253932235,-1.23972794208969184,-2.79584467540473369,-0.55996930911719911,-0.451205231060813117,0.603567700888559044,0.150805024767855816
-0.450888357412824292,2.3505855210602169,-2.55357267208125549,-0.991506607526593808,3.92291320043327252,0.632953860155574977,-2.24147195497876295,-2.70106240011230714,0.707027996290042093,1.17079312960541571,-1.98575688375877313,0.205315017040261782,-2.13149780605320549,-1.17381571717450606,-0.639505002781603604,2.47620857583815868,-2.456866727944087,-0.0771755333056022286,-3.08246059473655087,1.38698780081587092
-2.80917245083195599,3.97813213573139679,-0.173020011539404411,0.628561772931564899,1.4029013394009795,0.93888155860183331,0.0667656581764246304,-0.0298148445864363336,-0.778773799946865464,2.33017965121829418,0.00895762474041878094,0.792164711668168375,0.689215795807463949,-1.03789148271216169,1.73968302541856046,6.40120064836658287,3.49956104842451143,1.85126043642495697,0.356306662024655441,0.711209391138112101
-0.360267490364474252,-1.1841206461978746,-1.61174715640488309,-3.71571178238052946,3.76947440125570399,-0.607339481772190104,1.31784430157359478,-3.43943448953280928,2.19879836600901291,-3.15191421694965479,-2.64015962784804215,-0.484008660964805881,-0.430197802447333799,-1.58754460369819239,-0.265012521743230145,1.28649705147438187,-3.47817032957346273,1.88259902857725336,-1.78612610163590912,0.71199535605530484
-0.694604400857813609,0.299817832282081753,-0.0475909261566148239,-0.0535134981605856208,0.934781412199094386,1.52788392444103804,-2.08368474792017544,-1.15578327535088632,-0.284366844601216029,0.16771607484302653,-1.26227767952859904,2.00033152660312963,-1.49518811252337547,-0.388969111286960822,-0.73951511916350543,-0.167208519409002693,4.49426551960107279,1.29899473995747017,-1.23249565078358292,1.2452138537528421
-0.666356546173307529,-1.73024733270731201,2.08200202367723275,0.865027487100794468,0.959764894361249676,0.290816792442957051,0.847523459703188986,1.62911986731164182,-1.29021042010217046,0.193642621518588409,2.49104679093070791,0.0815895246673313812,-2.17577009243158459,1.03628152365834714,-0.355707334959681709,1.08300464622456416,3.87445599361141646,-0.784089138978749767,-2.01120025809803371,-2.1535103422117583
3.90225439443207867,-3.82848202953153294,1.80596075936602785,-0.2834403272786154,-2.25407679521176441,-4.47016259411537131,-2.97486645448929732,0.1426033236546356,-1.00745712860906078,-2.36267221369007308,-1.33714002502277896,-0.0194464967760905154,0.317229564454203694,0.00717964212977622359,0.728251201404409132,2.61345611308974624,3.50640059872210097,0.095106126918224218,-0.819205034498366458,-1.81150435355276707
-0.918660868884885295,-1.69022647892460309,1.42205033096108635,-0.244292485116602731,2.07330072258819653,2.44991499977314886,2.23083490371569448,2.43712984781212993,-2.42774736402297719,-1.48432278006404372,3.10042237156480072,-2.42213501938529197,-0.145793056216181938,-1.34354134668417191,-0.398173836224921363,-0.683241582803051584,-0.328077270013747979,-3.13709907402416999,-0.130619687832107284,0.0493987902465267414
0.179099359700551325,0.570153945778474336,0.718462939092767816,0.355217136160415503,0.0306908922996069304,1.12969986401768763,1.15273356991858411,-1.04184017671084939,-1.9434197225946741,-1.08988876002545876,1.20791829543456886,-0.0365007795980673427,-1.00376413574914514,-1.04670226147275214,-0.669280851605879912,2.04783684962964285,4.04025196187354396,-2.96422781288781856,0.596816147572258426,-1.51353733050649764
-1.8622997514126407,-0.0597944221146278279,0.944217070352630139,0.22781109592748755,-4.52379248002886314,1.50688998012871123,0.737963436990607291,-2.72697687151232193,-1.91307776784778705,1.24601700931637493,1.99537725036067903,1.3526650708666812,-1.12449771614963123,-2.24918322443892515,-1.86569338514578131,3.90644237561727348,2.76108837630889248,-1.32451275787797407,0.0141305030311071212,-1.48419309529376076
-1.2885409533146468,1.14890930443254446,-1.01866107489270874,3.12455189913855769,1.21440681501830117,0.103373990110899996,0.524172716196653954,0.0848258475226004865,-0.445696062362377077,1.16500252812705773,4.52928597096173746,0.756877493876272567,0.867785507734344264,-1.98238608264275862,1.12259769201608495,4.03569852298087017,-5.13368883870853931,0.516009343377429319,-0.819084882553777427,3.39244514015868681
-2.38884105302537941,2.41012927305901581,0.228540985926579815,0.183522242827966198,1.1208982510120542,3.11963649397252141,1.50800159776888631,-2.52715750159875618,-0.0689934560580218181,0.584225396353896587,0.786952560878068086,1.94163821170635442,-0.480970068909748805,-0.536991364614290645,-1.54824106322377442,-2.73868642745941537,0.294209814888741927,0.872542452337897956,-2.6843458659280679,0.253673896901635776
-0.373000008738555267,-2.54136784546948169,-0.406791963598650164,-3.22832260995823273,1.00241028958629785,0.309809770434495868,0.576741582239695516,2.22707653707139741,2.04064160701311259,-0.715667942381647992,-0.97047784672718751,-3.70935545290190616,0.244883162003470239,2.14710033870571237,1.01847666066000819,-3.45700875426243348,2.20938212003737755,1.34506655205112691,3.15408056471839604,-0.433220553654819096
-0.542340968126541312,-3.93002723748564131,-2.15013205694626386,0.807276103047118609,-1.87140507407265955,0.42230032762850811,-2.51614540167544476,-0.0274397173134002283,-0.732312938366711519,-2.71483660137764327,-1.04025086467677341,-0.898861185976844834,0.744231957179242842,-1.37630412539107927,-1.81839256743081479,-0.70361154580434182,-2.8882405765045216,5.38199486096590274,-1.23712554870479519,1.03764961878763406
1.03965026703071173,-2.96759240261307733,-1.83361593987576232,-0.703758703760259507,2.7749748327750785,-1.58640552340980712,0.462587427732910617,1.61315925658658244,1.87971133069039986,-1.45061023592685512,0.907628377624978722,-0.653254661293931171,1.02280791472180255,-0.380133611228038126,0.516306077302764899,2.86960397080231955,-5.553230360403699,-9.22131788347771142,4.96222451219279836,-0.816630559076118701
0.857047425219784054,-0.915564786430612898,2.37229392673267414,-0.529369821469423019,1.16250321860321271,-0.755831359543325809,1.11893346722508236,2.40326651561959581,-1.37753113602373189,0.234000473103762513,-0.402497355113935251,-2.10440404789533675,-0.176928504518435004,0.102803471981878863,-0.658994866390799738,0.195757380050768592,1.28100759536678832,0.826241961702455341,-0.800360046319370522,-0.0772677867520516898
3.16989411223962758,-2.94815836066418324,1.66557271754572089,-0.218663087271172757,-4.46253974076889914,-0.742915036188418476,0.695905040093193095,2.00516528337393085,-2.42416278466678525,-2.92806989700858367,2.00396281218572803,-3.42210317479830595,-1.12725182117773626,1.86182295671054132,-1.27587295395850564,-2.33469438838217824,-3.38817160378228133,-3.10761270275785062,-4.67994938800563975,-1.07436953554128456
2.04850172168736888,-1.90860881782725111,-0.521823339062193914,-0.106143556050543778,4.57081908838447681,-2.08931779811660512,1.41404486057355161,-0.922193370431457438,-4.13235086027217235,-0.730716932110031303,6.14700666454212374,0.129279290290329446,0.235231119356537455,2.73949703807973011,-0.14512079374019779,0.214719455529966158,2.28508415943275578,-2.0001964935706118,-0.473985876068461598,-1.12402963922407029
-1.0959434074262675,-0.827485680839905147,-0.0198299007708521574,0.589515082498925147,0.35360360185496037,0.113396290327861957,1.82155425987993835,-2.19455558724651567,-1.73222769558813994,-0.26781579296209207,0.816831392129277134,1.80862422693188774,-1.18825323904361047,-0.200300059757283766,-0.26495627187629317,0.00754491625810496842,-2.14235227319767363,-2.95120954071259423,-0.183792790654071919,1.16131985050923769
2.06052786993868509,3.36503604557241953,0.488760247333196174,1.30579243660289745,-2.23485116242914694,-2.66142550155974345,0.410763479844074464,1.56108468618043195,-1.47943081457987624,0.529353426866308596,3.05021532130805051,0.306516459139133834,-2.10536462198618812,0.620746768500687995,0.647660314669636361,-1.7102402852344909,1.1797899594231338,-0.517298133958797535,0.645254777437465954,-0.0862210921842408995
-0.382224075474817404,0.203274273896341562,-0.919323315386005979,0.476537549143395356,0.91930251755890835,-0.593340467008751427,-3.29467181297431511,-1.31958182562639159,-2.40954032041256694,0.281018462404451941,-1.42683372062554059,1.20097278837525567,-0.337772863754166319,0.37210518976005369,1.03433273649917545,-1.48368727206299411,0.0105144124745557149,4.71265968667280788,1.10521352440003873,-0.594967282006525044
-0.5376706178791687,0.661545286730202964,2.80786990619144738,-0.781253088315886912,-0.310390594479733661,2.25128505232382725,2.69546020901625383,4.73394385269836171,1.43901403588142429,-0.242729452568823528,0.391054970588775919,-2.69545804087278729,1.52727027880530342,-0.673262552259596969,0.745796402576407114,1.95803590451342369,-1.83449429094563321,-3.21682636141631972,1.11696646678190992,-0.297206039276705691
-1.13424467707235532,2.07069060322525411,0.302919905284480928,-0.969096579943961367,-0.402614849818749843,0.904137313865010173,-1.38402686588675738,-1.45661838467049787,1.38342839440159704,1.38438823800490796,1.66477152869486233,0.374771759795032411,-1.05671697748506843,-0.175476681009788527,-0.741311574289846953,-2.30255201243462704,-0.263874353566959874,0.333143894987616374,-2.60731267411733869,1.40485525230259722
-0.50957907735835839,1.07428861728251546,0.0512876744236514456,2.36555043817911725,0.36209981734768909,0.38158343655596455,-2.28041516261393484,0.726468446634080722,-1.27677660992667663,0.0466597252688900552,2.21596036556737719,1.39450350411796031,-0.47039661576517966,0.63567002985407528,0.117252280461086808,-2.80614003654062749,-1.95503497300316909,4.60442039254988078,-1.67641642288882387,-0.688326820614688972
2.67780180171542126,-0.480565310497569065,-2.03397447830577116,-2.42681386688943013,-2.75103752771762977,-1.8948364617701976,-0.560372555041580567,-1.44706766402888642,-0.676149597469938968,1.42981933726035382,-0.737328400555510299,-0.414322090138927845,1.24416870083878517,0.268157231337947388,2.18441685540891761,1.68477441506205938,-1.16833156308783592,-0.960237035601740008,-0.0638376645627432016,-2.68326565254575478
-1.41004523299407869,-0.679666149598632252,0.441153062963454856,1.64639849222885015,-1.57139607584018792,-0.137887891644921462,-0.177450652269239617,0.505626782093845484,-1.72899182626004078,-1.71373570804293585,1.37704777291275793,-1.49185542493015344,0.756560849326327278,-0.0785154337099717159,1.43701455947777124,2.51746158069858028,-0.04899968697199375,-0.93157216918934993,-2.29822833602861953,-1.31473592875546696
1.53487545708994144,1.37980757884795802,-0.162920336830465362,-0.783019563570879984,2.31278248788025209,-2.05113534010418164,-2.74684940552927293,0.0947207015963755367,-2.0392351216045923,0.624336752359601399,-0.405822428739953445,0.84837843918653244,0.715394090735931631,-2.35180975986066887,0.682468241051015445,1.535459751782974,0.714633719154301517,-0.449431626234606973,2.18987511861858186,0.0268682373207197248
0.0617505342997384521,-0.951052351841863319,-0.915038869700758983,-0.94684992994606243,0.33389571209197566,1.66690445397438003,-3.09124313262627526,-2.43355178555636575,0.86295868518940988,-0.746371464230932147,-1.79226181508404037,0.894100232574556952,1.02880152174710626,0.334330133119475681,-0.52967383022360004,0.476719478960204279,3.57201029277039828,1.87015544567640024,-2.27701049093186958,-2.03680837227144451
-2.60270955237916723,2.42302016607882731,-1.15720124821177084,-1.11638599742027123,-0.359325262456969219,2.31210574171239447,0.75515745426930081,-1.12744362830404565,0.193068504161950677,2.40192232349884449,1.45046851449250025,-0.354555382246102113,0.221149632104984201,-0.516959204729806054,-0.911052233334250672,1.24178110855785229,2.15189588280609279,1.65545340061142299,-2.97622878531845148,2.7074522703338344
0.630430563118344778,0.307806672462613728,0.378089375313419906,-1.77001273784950208,0.637032542820324177,0.0797004661167830253,-4.34269584430368916,-0.00563349362662310393,0.367456093289919516,-0.75095566041722317,-1.40358319378368845,-1.9162565848482207,2.57502852106573599,-0.246747070340000568,0.623199911187038436,7.22459105492208131,1.52991271111975768,4.74098632890773519,-0.161370660659061943,0.120785300520653255
-2.79248939373500571,-1.52894564594165372,0.423278373097537519,0.12769235798254594,-1.22282055536277845,2.15355966545883204,-1.23771948150928868,1.80573057326756214,1.14939703676902982,-2.73849516279524474,-3.96264496854625436,-0.587312451839005933,0.725064930115976281,-1.79226313832141204,0.269891130010116165,0.354791482691953153,0.820617677775656973,3.2845485856694614,-2.24860416563883714,2.31111768450958399
-1.59356931739019814,-2.14277024072051825,-0.35006638907602855,-0.6812271361038027,1.49506691512562728,2.60104711883901807,-0.214929902636736281,0.467554316845391615,-1.09874028049570005,0.820475355625036706,1.35260912980436276,-0.871289008469129933,-0.45791828717820604,-0.983446266366409971,0.892113968061888141,1.22980305795696365,2.58541789591683546,0.867426843930970359,-1.29437515111753054,1.7514691209316251
0.437558449969620067,-0.0232415024422834987,-1.03168285831136575,0.116496625867194545,-3.09197440823383207,-0.465229047162502296,2.35182870911835717,-1.43804034566074246,-1.97438196621146034,-0.82364037036213722,3.91958460976626899,0.723670709993372463,-0.455652164145487037,0.341875084936674789,-2.66130764816931453,-1.29159786953306122,0.345265607551142772,-2.96771723664413623,-2.20922971954776104,-1.08099594758568474
3.24681581373622974,-2.33830465659993436,-0.400833146129111806,0.610766478592692952,0.284092342558572908,-2.44223348015851816,2.18125496154816956,-1.3913449038265,-1.85900133002039336,-0.177398450950260883,3.90642542864238962,2.27892073822505914,-1.4159997965478659,0.724802260071187088,-0.41343640474336768,-2.46640303879824696,2.40517419023974766,-4.00288919946005795,4.11835707502097126,-3.29049872217609796
0.499127244015011129,-1.05699024740272107,1.99236495947740311,1.15902058484237203,-1.25792351423971072,0.0400357199518887111,0.381607161407041318,2.87517584814790972,0.0841577541596096323,0.726909207777838628,-0.0124685365095888595,0.208114582477862853,-0.986518060121110651,-0.49679545570485123,0.125286558567919842,4.66684251457244414,0.256306820808957725,-1.34310547598622554,-1.32266504982471744,-0.714603444625201978
0.643253974762991287,0.945658382964349897,0.510836130937952326,0.98735279481889171,0.671538990323272689,-1.17928355181756217,-0.622704989508114592,2.98162552936233816,-0.0299954165345747772,1.74178111056061691,-0.485913779059852835,-1.1365018885512328,0.44444272832410231,2.92311062072141059,-0.36816460451164118,2.0600852506491707,0.432939188001422892,-2.45383795882337719,-1.93595621994612332,3.27636762672569493
1.09866355148410633,2.74005328559677341,-0.552073550337051744,-1.67926587056502918,-0.663177485747209472,-1.43379617437899709,-1.10186771840302011,-0.31706945570297157,-1.17490186344958403,2.24454833079506955,-1.0322439199411364,-1.09614214115647379,1.09739761910179356,0.617409601100458061,-0.991227340609842078,-0.714997906076420553,-2.31501614732658245,0.134447701513472601,-1.55305045197232428,-2.70121363360394273
1.6946983293595137,-0.842980198094588573,1.33237160161830093,1.19163628554609291,1.94063880804364031,-2.49540193507316621,0.0809144513828334438,2.00242919577429079,-0.180162402301195179,0.390150657437957404,1.95429207272670258,-0.940217605880098506,-1.13995121446525616,1.30052722475211491,0.480996004708705072,0.914415849592119079,-0.960279538403360444,1.22333539961455906,-0.719329545442298657,0.204734942150559734
-0.700356557647895506,0.213674218137965,0.50728137491905323,0.311517022094318696,1.23656892085538805,1.34615806801961457,3.9862522174316708,0.575380464078624865,0.400704548133259397,-0.160062349938426107,2.67428610792178079,-0.439563124535074568,-1.53087724287645055,-1.161978070253886,0.628552934305705802,-1.71200231082921728,0.185821495279489685,-3.12003781395443003,-0.744814290860276063,-2.45778296574374044
4.36010713788266635,0.377850962429192416,0.337132342276408981,0.942058549813224788,-0.610655870961607228,-2.9984937217954708,3.03275855355913304,2.37920959566888346,2.0012538294680966,1.60948846483060892,0.376488407233164624,-0.828375698994791132,-0.555673512542364745,1.36063741701575425,-0.0627694949988269746,-0.721660344910102225,-1.53321585446373998,-7.42013675996930289,1.60780243143607504,-4.20994424339498607
0.0289225538096793272,-0.25785454946354408,-0.735669996027050965,-0.41511521796099321,-4.72187189751003089,-0.0506204431173814251,-0.120612817644496217,0.533202185883023039,-1.14611492612480226,-1.56272495816436297,-4.58076488589624908,-1.34234133812334555,1.0013108344663777,0.854349794332168289,-0.253324039624529818,3.47590017712681432,3.23101039629254627,-1.62980370886964487,1.58649381784380239,-1.44814886320466085
-1.23549340764798998,-0.712551240082000326,0.176669643810094562,0.474835322331704168,-1.04189991453205,1.81419381229589072,2.3042606297985806,1.44959706816823619,-0.118813680843016481,-2.03382488940240291,3.27964226583304796,-1.11670552614705243,-0.696010100656397124,-0.88324109988238797,-1.87973626521662918,-0.580995674554560804,1.25801439950922367,-4.63129029825144212,-3.26205396521576496,3.08545007483900013
-3.65476104346964004,2.00723196989340602,0.0923272656692757099,-1.16247213179543585,0.849300953622921795,4.0788221521933421,-1.1400654562405319,3.00818160686182212,-1.10778169255472303,0.204676495806617009,-0.0483744257626956553,-1.7864213056598226,-2.00593724113252758,-2.41974546949359892,-0.445385035543975405,-0.486594620534217315,2.00844861024161636,6.16303659914596391,-2.01575630984309351,2.59807728102052948
-1.40354475373907794,-0.280966728734738602,-0.901852692995288474,-1.47263712537547264,-0.321476278531619031,0.117261512776928326,0.888240602374199772,0.522094914047295688,-1.88602398416133799,0.154370554426086992,2.42762516158975394,0.236329996324151859,-0.630844155735245327,-1.03146446372735645,0.443799069401234592,-1.96899556375838647,-1.30975349996430279,-1.37130187926427505,-3.41166392732985368,1.51555414270259603
0.15960528357308712,2.64108626362427623,-0.84697358215722196,0.670771128655526794,-1.47366116949876469,2.49823577875890823,0.741232197368695056,-0.359264614853089914,0.73714395135145061,1.36645893896752613,-0.205044653845930375,1.04147751859223514,0.892536354405322307,-0.63517299058943244,-2.27760558127491963,1.02466698627386155,-0.829206790825432916,1.40745182477500053,-1.14734863334857851,-2.52606925924165449
1.72883780847095281,0.0349648275505986053,1.57721552388112229,-1.87865757396941846,-2.66133058594259309,-0.743206070238226046,1.58774615725770718,-3.57633065027323793,-1.05842387216747302,4.05286959831994054,1.49839919847190495,1.28873662956102719,-0.72301119758084309,3.70806759151495413,-0.3841064391967422,-2.4160297791706431,4.30945691214729809,-3.26760189005981827,2.02923049627375152,-2.77169431807814615
-0.876054134613322155,1.73148976027155377,1.9248167955024702,-1.29043279424020008,-3.14423659819459678,0.479263478341027338,-1.06776858159451105,2.28717377163088287,0.800374175277857258,1.95031494963062224,-1.99245504763970671,-1.0114092959139378,-0.109273583345229866,0.591344916075480231,0.820516648556370964,1.67820795750333795,0.956950551884359846,0.480455195141904545,-1.32024550426776544,-3.05367824481950834
-2.7101980913160495,1.94425376404657912,0.93375941988256983,-2.17359430615865534,-0.678050088283966512,2.73851790823151919,-1.28128625829002374,-2.02765740245654147,1.65098849559678107,3.86640320549089544,-2.21141181428927913,-0.34086960911140779,1.11292667115015598,-2.37851031460572049,-1.06140956825454436,3.7552947647246735,-2.14618560377055179,6.12415842962326007,-6.24132462120035481,2.31330114819126686
1.95227935477260739,-0.807227695987318694,0.826440934649462222,-1.2336570359436918,0.044686628441725447,-1.91738802926117868,0.719911173448395725,-2.67658907466590668,-1.21332215189097581,0.151745775939852945,1.3906414759669492,0.0697593456948309432,0.694103317997173175,1.21318417291973168,0.675911635757266316,-0.586700243892786744,0.23562887326101456,-4.63452381113356804,-0.904444163449317884,-1.2964403038369674
0.402865884690909393,-0.612018009467500512,-0.223227944974822512,0.964475852295468394,-0.543544893644922089,1.52695173316711319,0.435853538252500061,0.300456279576701291,-3.69987609327806766,-0.906681782659498281,2.75018608978781343,-0.256662183044669701,0.134946086045273583,0.792159005216199752,-1.28886212309393433,0.0626584589644072765,-0.885286569968569359,0.943062701487061839,-0.616948540312629023,-1.33123245676664737
0.867880484323140133,2.82792547603743794,0.340635362846216427,0.100670033713547213,-1.40096605814887765,-1.41617976384722422,-2.81235200792658224,1.30260535847942349,0.884532217998012404,3.62959028748847956,-2.5334592256360553,-2.65514407762118676,1.00042353564617437,0.745371683767650728,-0.300013550203250601,-0.440062647261442619,-0.52316629305568807,-2.34107388786389681,0.0197438891532799969,-0.380168733850292928
-2.1842596914079988,-0.0395886043969329512,0.862227829566997173,2.40028798915860397,-2.08710896319582195,0.76985509164345145,-1.34084123407400346,0.629920432269385655,-2.4594166784561371,0.455889227898478189,1.14497739979487645,1.8047654756530469,1.09278135453861514,0.426758095003579363,-1.4986365250412117,0.532450623825107994,0.544842525752659457,1.90711547590682096,-1.89314989547963419,-0.770697824733499903
-2.36920840804872013,2.83903385924060725,2.32652783161624921,-0.911659835886466818,0.261857299127246979,1.97436292981216566,0.76430662056052634,1.67544350862296088,0.288243542564293409,1.58252230159578766,0.619996899128347212,-3.38310305863418526,-0.593916121098855609,-2.20372474503400051,0.523137657058521555,-0.779760735203944289,3.32603811279036421,1.5964365533864191,1.93377242795550708,2.28916637542684587
1.51535217077331064,-0.483080438093706377,-1.98766762330342872,1.1000055014191219,-1.65013506061851745,-1.16914608365951644,-0.653913337061536759,-1.72498315824004878,-1.02494601766852855,0.242830400878316699,0.32436919843617823,1.62379997835972278,-0.0158909159186557056,3.49230954138770056,2.0907992599784504,1.65773193583769252,0.935889695467578941,1.28958697087016505,-0.47494345085933326,-2.41972221720985914
-3.19916680683419674,-2.07773837655295202,-0.833737264924376165,-1.10005501809819584,-2.23141751577285108,2.0382207804508834,-1.69585084499108807,-0.137770115617072531,1.67224173743442361,-2.39065547777326426,-1.02283638531028176,0.946072227663601106,0.343524231672576175,-1.7626605332529317,0.938553540972116518,0.607646656143479014,-2.12425181951979791,5.20218250893259349,0.179106611851716474,0.0723344121992166023
3.42216032015966531,-0.0639535729844387807,1.8523170192340721,-0.729869986832613726,-0.308546355041098785,-2.44648965584634492,-0.0215966434485549627,1.05932929153170496,2.19077526251473476,-1.01152163210504686,-1.63717192403267608,-1.10634719083020361,0.62063448986310743,3.62222871579318673,0.750540186613154803,-2.0432169479726574,0.922654272145419618,0.885683639367704889,3.30897282021785655,-1.73676182564917747
0.93041998465391651,-1.05945154820146903,1.14292947971162495,-0.49496329093743241,0.640752949116097259,-0.658845672167034713,-3.11200082009652634,-1.13145906847818312,2.93029588928878049,-1.33119940637952427,-5.81116601945699962,-0.1377482559786391,-2.12677508655851888,0.972824613827043772,0.691425968878376929,-1.39525288954047944,1.93489558374055259,0.753591501550354259,2.3421796096744707,-0.607134200321009621
1.36466955246660326,-1.03083758070653531,0.986720758558415012,0.795911137698675608,-3.94864829203378997,-1.21746209004484207,0.823535559880925749,-0.804397143615727228,-0.456457480244831959,2.43097721347297391,2.73568772172426034,1.30023934006499409,-0.30102498035593106,0.0462525399264876735,-0.164498582317547659,1.89771373026793899,-0.530901599646390387,-0.0902123600409805437,-4.03016487120367461,-0.526127502640880373
-1.71162384005203694,-0.569898214126805636,-0.0256419284686094234,0.17975537143599421,1.49638537163666596,2.85489887708418211,3.93535157684285331,-2.04480268447485081,-0.302127297701287989,0.101738935113128023,1.25223600396979506,1.28537630045932993,1.8594572263819491,-0.64000773039780412,1.48397821384220574,-1.7232221530709888,-1.45506375737704019,-3.75812544608246224,2.54471175836625907,2.40868894768710007
-3.02702347130390859,-0.987463257779932713,-0.706106156466788204,1.15178797068386096,-1.52327265352036423,2.53436880773647921,-0.534333236494464736,0.8032701586626394,-1.96379026340547669,-2.20047199480505062,-0.75156980008287444,1.80953631111883073,-0.9975336932157709,-1.93484710068241639,1.78922750974711886,-0.193601766552596921,-0.947356571490099886,1.6372793137489503,-1.60832097876673563,3.12517870149857346
2.30786679740271516,-0.338315725644559973,-0.528490371711069939,-1.3634110601563707,0.866122959111557678,-3.02156890228350949,0.00183054947783884477,0.628282696935089868,-2.10910928212977167,-2.28283085564635657,1.6452011129322559,1.0559975374707713,0.628406229712487052,3.74424826392528498,-1.60016588751483702,-0.248666044672992637,0.302728209598712272,-1.59352780517448145,-1.36822709308750601,0.0489676235350637659
-0.309994246877074942,-0.790242369997931737,-0.67357930191029769,-0.204742366983576618,0.526187387980695753,1.57795661508742602,0.445144563449427821,1.11706349542046035,-0.325018843980594108,1.52029012407262232,0.473289694893385626,-0.44331557763531626,0.507058778116942888,0.473072828463861561,0.305562909809895533,-0.996952985401129088,1.33749175445794588,0.183387160246853559,0.497025999719745704,-1.82261657109288566
-3.52902306861642945,1.48433498924721885,0.978440530417510002,-2.02222533938895888,-0.983923033423739657,2.38118637046402482,0.782001831407034942,0.219438480743406356,0.352167279619984563,1.12526519995805097,1.01193627077762049,-0.751750637934730848,-0.930260891049039085,-2.91821940346880027,-0.306145988815449632,-1.08599660744696003,-0.178051403301181521,1.08905884999269587,1.31970576341321921,2.75632758805292122
-0.180996819505223755,-2.02995687070253261,-1.52441186818822927,-2.44118088131283839,-0.352250806268892214,-1.88735644656339008,-1.34420061426217585,-0.421533468566408054,0.790986780400609213,-0.993910850527591982,-4.12303979673551879,-2.11484659830116417,-2.2593394471318895,0.0477616290811507319,0.423536505677398478,-3.7938773375264736,-1.12711539540156647,1.24467814271453014,-1.68731650164173508,2.61905180249545078
-0.434585077314949331,-1.92586536917313,-1.23962462093125225,-0.918458488984344124,0.278402909637539331,1.16710499814806101,0.0649182353889591612,-1.20141484538286525,0.660800577321909111,-1.73209639557563655,0.193457612372188087,-0.159540984490628146,-0.451015762796246056,-0.981437757558037749,-0.671757778390857596,-4.15605183518943733,0.569470082774195308,-1.87022485758033219,0.0319119223651161965,-0.0357780045375437408
-1.55157406898042849,-0.231869039516865466,0.569950845689275565,-0.0114646811180188352,1.30375229189028619,-1.11340621110626459,-3.00022591146021345,2.2185952462096834,1.02691467693698391,-1.53187401148618418,-2.44952745949139539,-0.575470080111387894,-0.566958957757128346,0.298022044445272805,1.78841789988910516,1.6511147035788496,1.67041284917132482,3.70782034283261508,1.57607533952756307,-1.21854435997973187
1.43360228364498354,-0.864371749787940846,1.8603898385467883,-2.52622103007858989,1.37549349892265682,-1.90590073025125251,-0.8097983490034798,0.457363434314498551,2.82895074999608998,-1.57633370405049478,-4.35308311210681254,-1.40055388708620776,1.63363789295144501,1.11430183000754224,-2.19184651120191853,-1.384556658203413,0.953231805359413209,-3.81136485892350763,-2.18888371772393731,-1.63846361269339336
0.490715270673586945,-0.444760176146630715,0.144223938663423423,1.31999215550770388,-0.912373351486597817,1.70329042044515511,1.16664376457647689,0.640608123317991218,-0.352310189764862558,-0.0295442738121813285,1.19691199862249764,-0.0757147673461823212,0.945141653360763279,0.232525124006805278,-1.01506900137595291,-3.38372369974367615,-2.25541387789742398,3.35749293089949319,0.754138053209764236,-4.86250309096749422
1.25355464693505492,-1.52840285356494832,0.0683041218315060678,0.67096892658730467,0.155574388722905632,-0.285731534447283275,-0.106277885254931523,-0.502239066990049943,-0.377446231861729153,-1.19378758718803835,-2.04421356945169785,-1.62689982432739089,0.705949622070555338,0.135565529280939262,1.15438992359094383,2.83185991150954308,-2.54521598783921466,-2.01786326196550236,4.28130838144851911,-3.01329353435298852
0.467386877064251749,1.47693409193926017,0.0115114589889951952,-0.995312115420997512,-1.10852750773457753,-1.71188457555890183,-1.01961456093523917,-1.48712148683879342,-0.186214620679621634,0.355029362349881805,-1.1624886679156845,0.0393055173790583592,1.44619141405219209,-0.77144413348489016,-0.866960445123089896,-2.42982148408485665,-2.60529849633145449,0.124319253741664318,0.0139990460807865886,-0.193556203325424336
0.194962454978036714,-1.81791715988337477,-2.53705329177838124,0.0637324977163909595,-1.60097051321883033,-0.878134144072261202,-2.221040647617472,-3.27311916033646577,-2.23906997321852108,-2.95851767256649367,0.614159135394304667,2.21475631620215774,-0.713976629980703215,-1.51464935784063015,0.259942499666083848,-2.49460463911297126,-0.422123990770518487,0.154139885476951372,-0.843094551801579661,-1.69961068828894413
-1.00351092991635626,0.776954265461076377,-0.0535145871302066395,-0.200659210727651638,0.0856621108720510005,1.93474256942211031,-1.41640086058942538,-2.47803185446013918,1.30601138631924063,1.81402555221269779,-1.50917944995692643,2.12970161901026733,-2.37227902304684291,2.02730837012032694,0.491477810459322317,-4.85755481061519045,3.11117738892441498,1.52542550149070011,-1.19252262797903996,-0.9725466660705816
2.32584649728893966,-2.77819053780297587,1.15299723407919186,-0.426539703835138007,0.939714069055256451,-0.729377524134053545,-0.878012745593228616,0.859516012509810579,-0.392390308051747072,-1.89079280342189415,-0.576671424951266554,0.00652004144924202451,-0.456182187918230397,0.676538175476543824,1.88095548895089615,1.3671929091268642,4.20483701714816682,0.165995687659976687,0.758944817720678455,0.606138301939779689
0.0695612756205568061,-1.75933213954058831,0.241514588175719191,1.01823233148889059,0.285768423416571549,2.23134336391778554,1.94057477654685773,-0.769553123881293044,-1.4396645706471134,0.563475984206487701,0.93470047603219375,0.70713626152528497,2.29316363537954127,-0.415667790916964708,-2.04483750529875907,2.99478046276392185,2.76398176808098484,-2.85835020347927138,-0.104095694855738941,1.80294433523911457
-0.126233015427756473,-0.885226918214148228,3.54403566000633763,-0.94768503871455434,-0.747157593865792613,0.904407329871500409,-0.501282218027552129,4.54915577212268829,1.60274845625781781,1.78815654082851561,-0.604115842195846353,-4.99334493986974515,1.42474073533245971,1.43800831945202168,-0.36639289030586264,0.909438763575647569,2.184548541422906,0.0284355146323291355,-0.618969588947148486,-0.944987524793115319
-1.27045395838107633,-2.3881630708630901,0.592916533694160197,-0.996100916382875679,-0.227272765379127717,3.22650393840995831,1.31937525103634923,2.34258737977685394,-3.58525122511517358,-1.36511307479375987,-1.52711550383994221,-0.585882059615142281,0.600398124279004408,-0.452382244485902418,0.00543704458214993702,1.36714573694424923,-1.19236743885709462,2.32331005982757377,4.05579480221735889,1.78637657178731457
-1.21561651053643982,0.285428096874288606,-0.909293651205284825,-0.359359691039013884,-1.16700474753318351,1.47911367078628775,-1.87518136939561497,1.08707327835943679,-1.5092124950174608,0.664739029595941444,-1.95102069156331903,-0.156950775170547924,-0.5690389930171601,0.365968200488713868,-1.00759738164823642,0.137895102436356637,1.52496876697392469,0.296490213499126687,-3.40963137187263632,-0.127734692811558415
0.926224211971279021,-3.0123190426760349,0.595236583210778325,0.0201103852115365259,-0.322816501322406635,-0.715215259730988762,2.32039826312419262,0.941497120528688058,2.67032403003389796,-3.32729869647485588,0.406896519867492812,1.02635127930196135,0.874731926086838696,-0.222247339786996762,0.0987996702115515602,-1.34935100372398575,0.460901126301036856,-3.14855138523747602,3.93169466865306605,-0.192196399999026657
-1.03120950062376981,1.29535632308221982,2.35643331802013067,-0.741149083297874212,0.868950678411771871,1.89311108810909223,2.60580388247374106,1.86059275171036687,-2.51517708841073206,-1.18672930905954055,3.06508562901975967,-2.78048294015468134,0.483780102408246371,-0.803863868208492205,-0.98074767231072868,-0.954076887677941077,3.61833946044938948,-3.1382366185644055,-3.65490075163686257,0.979470487510701426
2.6235577802817649,0.152001876717525214,-0.0670595652014105426,-0.636091051079960224,2.61799735927816224,-2.64003738942836419,-0.332698878360402239,2.72522871085382601,0.901927276205862327,0.736523607430199179,-1.8621010281454895,-1.29242110350261119,-0.0834789751324574725,2.53990400621512524,-1.81478584854792446,-1.25060847613926707,0.911612595244582713,0.627190485098689465,-1.9939292600499714,-3.3293535828521259
0.949635962088899555,-1.90917433500276479,-0.823361846953018284,-0.122475513218625987,-0.577704462928329665,-0.169916054120531373,-1.7139336141692445,2.81430005922082493,-0.25540319475113854,-2.03920096953660934,-2.98914718340579366,-2.14689998068264742,0.983707673266283833,2.40261232034946026,-1.01460654943487505,1.35325456300596092,-0.466620363308440755,1.71284750612166348,-1.93417652915796889,1.62395868534690369
1.74013998131037928,-1.64008285687444344,1.96773832640557189,-0.600505519591056802,0.514362575955443435,-0.545395201296678955,-0.254448964256085375,0.63653802315451069,0.0344711148330486758,-2.00292632067512733,0.419760984586878938,0.771553467790145553,-1.28646133087404135,1.55348810884473032,-1.02561963702233361,-2.5673582667719117,3.31352855437779992,1.67957514982765033,0.193284381132426075,-1.73880820739995134
0.992536152045445097,1.67401972404131927,0.00452477513891824407,-0.0755761568412205986,4.02011332384615727,-2.44037178208206829,1.29389619323454275,0.00146115344351672397,-0.458669599267679418,3.09547643912662407,2.07619534664161476,0.591471636226732378,1.26781717643398406,-0.555048765108190789,-0.792418869513327295,1.51376339228683165,-1.73758809328488417,-0.474972114255877376,0.889129133541849193,-3.546384024601688
3.91673718568570495,-1.43538689624008264,0.992446832318575889,3.90389825351644193,-0.769969787990349985,-4.30045211473260647,0.707983299094920304,0.0220148399208707803,0.84959231590168649,-2.33985479030600629,3.47165929139355356,2.50921694702847242,0.344391241101092427,2.6670125202297057,-0.661500501770704186,-0.20509954380745743,-2.0162489022932566,-3.81215600818186306,-2.43022379789295906,-2.49257982295503844
-2.40011275111700773,2.20916670124499648,-0.945389373307503278,1.2144522629333927,-4.91144306053471613,2.13934657349811186,-1.8003425460180662,0.629889935505270726,0.00832916071833803701,5.11503268693204216,-0.9377164535354644,0.466443433808570951,1.53895907062159965,-1.31936255776530609,0.439480749044763863,5.3641041313701141,-1.10577266749728897,3.2854699146984645,1.26239023778660409,0.524734399977382915
-0.298859688779075983,0.200286816834826992,0.836249934256491079,-0.995255811509858646,1.29909089182488069,2.01344789167570504,-0.329488418454447984,0.805346478490350126,0.589221971754515739,-0.384433652362264622,0.101355977442608131,0.633638532575511726,1.2912838411018257,-0.629309347920941176,-0.75866881780932971,2.64944622909463856,-0.0186158414315505706,0.0889198050520591948,1.65195045931371798,1.02235444497635219
-0.0632870625501114614,-0.190065270144199244,0.305731192195948687,-0.663339811312168459,-1.06969096027287747,-0.130286192822120755,-2.64486995669376102,-2.10094274987733787,0.021409536068096386,-2.16165758834535415,-4.10310563611021983,-0.943184739924170623,-0.619039116282988022,-0.815769742748630566,0.687530485041149442,3.12395083154936648,1.76396047936553657,3.57679792205470504,0.00564732827730487358,0.642124223351584478
0.865456850809263378,0.899530879035293829,0.42256462472361378,0.503979375748178637,-0.092682678366228094,0.485055093782981117,-1.18665036467951501,3.38125978611418221,0.205969776282139722,3.08306826664010281,0.547617437665141704,-1.49326809569250463,-2.57312660120220604,0.46077574883024236,0.822647202984795323,-1.54066132790788379,3.25816602624395246,0.293551202722198534,-1.58300122077819405,-1.5186159341069625
-1.64029829130897498,-2.3076893332448889,0.899406399421654568,-1.41846046137364667,-2.54174438099272182,1.74974290905911389,-0.593627568660572202,-1.5259506613508671,-1.6824600406065906,-2.5722089307932583,2.18788122901663007,0.312012568809281909,-0.450891683998689397,-1.59296579447379694,0.0261542669399223229,0.352189660103012947,1.57523382075649687,1.54525656991840332,0.677371925041788225,3.70141975673784351
-0.329649286754038429,-0.0693936004457401251,-0.551164625743226777,-0.179282439820152184,-0.257947953200030278,-0.602315429111145551,0.751064587681055551,2.78409405171791668,-0.0669729330677604762,0.938949169612392054,0.293322500659234209,-4.05230581218618546,1.57219643342378612,0.771948803222894719,-0.416116514546975402,-0.652992944563376643,-1.12128125460920258,0.677331864205312439,-3.06594392185604159,-0.279176972638797372
1.38010777253273953,1.53890571423020672,-1.30625046099103947,-1.53262520244215605,0.403083805431066977,-0.418713988858860242,1.74296661600048886,-2.09612870668044859,-1.02096797157796937,2.00164998908588743,1.92242363615464984,-0.493221129204199527,0.3648704842552844,1.92618951510557745,1.36289052672274158,2.5208869406179506,-0.6662440680376438,-2.42793220945923016,-0.591628499008135411,-1.35021807239243463
-1.93319057080947032,0.218562132250853219,-1.46474655654412911,2.31270844513179608,-2.84803512798954506,1.87059421885835686,0.539249781272252537,0.0903145878337742042,-1.92751453479613022,-0.617493790436062229,2.1987432438170762,2.16521940669224522,0.466584869433047056,-3.02749919285622937,-0.171910940562346681,2.54324433885796797,-3.02984422643751294,1.70905372127935551,0.414427972475105155,3.05428493409138291
2.68242874152773014,-0.923933521502794286,-1.78690365080199109,1.95677732529188342,-0.556483527761232333,-1.9383286110275868,-0.887297664175142886,-1.25742670154871083,-2.14375673600627881,0.923768202577779363,3.91039357577622226,2.05606850251014839,0.848044532436837639,3.16994498549078374,-1.20393590026951958,2.65717377246761366,-6.0450524885283583,-0.669117449543185638,-1.52780510204981779,-1.83430059331908457
1.16787688052417171,-2.01080848013200475,0.56401810382109796,2.97943080599906862,0.900404619717449783,-0.695785288572585148,1.20732311637995626,3.04412318153076722,0.995223287697018955,-0.699752340696028763,2.11661089355097021,1.3182963413402311,-1.17274116926844019,0.348603928966415511,1.50131137422933336,0.200765345264377809,-0.159421509758334329,-0.159743744084446776,-0.234832728633914856,-1.82324153954015644
-0.16975594823196069,1.05326264055655461,-0.562365053872529663,-1.22345453578448793,2.16927754673093887,-1.30795989714174743,1.0844208406192144,-0.383757286836898137,-0.658867737161084821,-0.931107209134356073,-0.290515822953401615,0.0273620315290757747,0.140574002858809222,1.67613430612394487,-2.18926812774181734,-0.04919868565579405,2.73121684856832259,0.593430461377893792,-0.88684741017797053,-0.305065515642661822
0.679214909852949744,2.91749019100883178,0.170099668555661027,-0.857145384960211087,-1.28808389750176588,-0.170384705937775299,-1.72028326859791658,0.0700986321682504632,-0.0258096347272374696,3.64147903617786151,-3.73320653122664226,-0.726653358328455568,-0.876398951336753385,0.72464453505353732,-1.68816825241986668,1.60782241129061343,0.903152968166405667,0.491432348614103676,-1.77681914577968958,-0.984902088274874132
1.13695878750096813,-1.59166516122670787,0.999939673257668526,0.275417621444152994,-1.96731320320027381,-0.887851006169404044,-0.456997651725857323,-1.25418679328069049,-0.937140373560933826,-1.90290970356239941,1.44925015739564911,1.93071653578524161,-0.5094721000439979,2.32299014774458756,-0.590551034628166605,0.715857291341345015,-1.16607569776894571,3.34234386062537014,-0.530629702326059882,-0.525913351023632458
0.999064814830469383,-2.91958958214392394,0.653077039084555055,2.06928885513486316,2.3280185600396277,-0.196339163163527647,-0.545254824270818506,-0.803700427139679818,1.0454112484803475,-2.63816888404160377,-1.62785318989515182,2.29430479911340557,2.0010537601910281,-0.253736339755166629,-0.765773532149106595,1.7578097503086545,-1.00776762437033152,0.64187025675664422,3.20784384431139014,-0.10034104222079912
-3.31461400838394704,3.46027272376476969,1.1053257531477545,0.498120372757598739,-3.88330164443598536,2.45588447836096924,0.896694687159270143,2.68209884972308821,2.03376038672362869,3.29338141580414545,-2.17951493485081738,0.275038212920413083,-1.21574640134291267,-1.58471946023032451,-1.00579607583913688,0.579388178318368974,2.73002385471815634,3.71025230186735122,-1.66284008389966775,-0.864288199305184079
0.37316821760516794,1.10260258620426588,-1.29908204584147158,-1.20667283685660043,-1.83578508741643165,-1.38098569729196052,-2.03732483401477094,0.498199852510717356,0.979528203501275452,-0.200173374737564386,-2.38278928365582043,-0.403950884800765353,0.977213186267226197,-0.35316519901859933,-0.845746382159121124,2.6796266108822242,3.54046205121654678,1.69840642608896464,1.7286769793664547,-2.0651670919776306
-3.66474787241439603,-2.35012428808024643,-0.377456438169742448,3.19413851373065638,3.56021241687936296,3.02769295172560371,2.21216459170354796,0.578214077173141106,1.92169363855877862,-1.68257212571863524,2.95991701700618837,-0.304045362035812283,0.725545050855450513,-1.79463226825438094,-0.863865993326713211,0.21334885669616116,-1.67457239189431872,1.32316334276832559,-4.52018969515228886,1.51568125393133357
0.455899673213484069,2.94761831464596735,3.10058755992379398,0.0665126919812771972,0.565207733892582942,-1.25321659498505289,-0.488155534860957308,2.83039632470230051,0.815432048556101852,0.949279143000308467,-1.80851511094975703,-1.38494351720501396,-0.00724906847087882465,1.24082195891201152,1.52899607718123698,1.26163426827259118,0.249770647722440148,-2.51219002094323285,1.24900478201431331,-0.546540016014882113
-1.66609978026983452,2.81776284027797841,0.384503614246237635,2.24785985261804822,-1.45664531473283443,0.161817574405517001,-1.48832564989416194,-0.1765308546340697,0.349638647287975057,-0.282245000976351523,-2.08747991312783432,0.400216292948992136,0.726764785251935219,-1.2059094279250584,0.668155406866322243,1.33273882103187935,1.79585350081540263,0.132841051732752735,-0.263222779532025553,2.05222885989519277
-1.22449606381976106,-0.846458953177890217,-0.652745628977876025,2.04469249903108352,-0.789634421738859893,1.05305420184285148,1.30615021452126268,-1.69049066953178739,1.64040595710502091,-0.0573990824227891827,0.532288550682986972,1.48166881228411995,1.069128751380507,0.647590595929836921,0.916010447775980952,3.34268680084656511,-4.60859717482504738,-1.02437386297705579,-0.702243927222251263,-0.378624371706863805
-2.68550041889046742,3.20645397692272116,-0.323944699441879591,0.497614156986627421,-2.90102353552580094,1.16054339395661299,0.804375954254245129,1.07824946338916572,-1.28462752095700505,1.83898578931230228,3.82297108300855681,0.985444947704742669,-1.77919558981398307,-2.09958025026916273,-0.855222615662722174,1.07508577537138583,-1.7329555647710968,2.70597895177448988,0.291797654091876801,1.13930478897354148
0.659606566988469867,-2.41991453122904909,2.4730497066723407,0.986819982678193819,-5.78872762369368399,1.63088622606792577,-2.05318753063713988,2.64260402428522223,0.649354457925417794,-0.395103356217677448,-1.15498643966066084,-1.82290475374331518,0.110956604345292448,-0.297012370575820139,3.10908629570343376,-0.0473997550342266233,-1.73212666137619786,2.47312030642348235,3.18473909671056576,0.142606069056361612
0.503015260142233078,0.711299830346386996,1.14988420285547721,-2.59805549140913383,0.643633443968036567,-1.59713607926820234,-0.757980422450415747,0.118778053500830927,0.570404868433009193,0.11301603993522398,-2.91663184736967773,-1.24834193863360809,2.40093989051174228,-0.662182963383931678,-0.435789243161291084,3.89331795051514096,3.25957925122428849,6.52126798780846517,0.963430276462047708,-0.00413468262945333384
-1.37796389105646977,0.569368711101640446,1.26035380641800931,-0.0168429687391651699,0.572198744886902477,-1.08680811165075375,-0.336586769810824749,1.1143837695944232,-1.0259363854881518,-1.03052803618568722,0.13740237019930307,-2.4344931096184772,-0.00285500767542872609,0.187296048289178257,-1.47563355178887878,0.304775786846100016,2.23065630724198227,-2.00839753163748824,0.0675435267311558091,5.17158940177518733
1.36179479559991923,0.404094635036568006,-2.06885724964548467,0.341510490136347766,-0.67763336477630387,-0.215927821250849222,-0.618329528091546177,-0.932072085699246711,0.357994360342661022,-0.794783378927201745,0.548856562012358884,2.35028963019365911,-0.154358163398265275,1.89111471480178017,-1.33327021614521501,-3.27146544347570023,-6.31579211146968778,-0.782396091273571126,-2.55088685591617415,-0.891084015409182584
-2.85896299287229994,3.2058536995036917,-1.86782214506980759,-1.88376678067635961,-2.93383702745954711,0.750535573963681646,-2.89371782023378943,-1.12751412715772847,1.32241381174092498,-0.473528330168823397,-3.2350090462998855,-1.25251346565714461,-1.94193618581416216,-0.779479823904633884,-0.249600088753170996,2.28714043215079732,0.965937621877710262,5.07533240481837211,-0.200405926766914017,1.92918348786959171
-1.6435678808151859,0.503574090266407981,0.514781398940313606,2.33699164975473694,0.800749195294112037,0.13022921478106525,2.3999249821327111,1.33880430474557865,0.676903939628891727,-1.10247521258509962,0.784754089797846333,-0.659783783030989279,-0.877934653894504979,-1.66400262587116088,-0.79208894425857157,-2.61001262634555209,0.975247229434213825,-0.911302519156021784,0.0347689194166872911,3.18291535181840057
-1.19802537165526246,-2.46271079735125031,-1.383050338618808,-1.08660317074233581,1.9793690366282668,2.46308423839908652,-1.84240489918120365,-0.833962683920803416,0.789536772760772498,-3.14098630622105635,-5.46946029733488537,-1.05240850279059917,-0.121034229694748363,-0.372504341753231882,-0.695149361360851481,-0.864142718522600162,1.66620842527126478,2.11778065791996406,3.26518963866164569,0.104068080842305261
-0.326186792591651564,-0.309145525871573346,-1.01567653915080025,-0.317319798555475152,-1.28342847905811386,0.239806706658065361,-0.740859903827004951,-2.26369716368189522,3.12949105467451361,-1.37338493342146406,-1.43468122863476699,1.64860702828175953,-1.18712189733388951,-0.730962979887925357,1.23348888777743126,-1.38849202197726029,-0.706370420564072954,1.12920690783666822,-0.256832940047257707,2.12635326663843705
0.728106485496757161,2.83511327374447797,1.95187119226740058,-0.672456761900013245,0.991166495301424644,-2.59711421077985571,0.908362514375392394,1.65054952975817781,0.132471237507052836,2.53362173573941973,-1.86791059383270364,-0.450043804501851719,0.515583039539906918,-1.54478266633608641,0.885060851526575432,-0.957776246251213159,3.77357981890733551,0.379629558412558521,2.20292224251970614,-0.663873824627334352
0.587075642527879915,1.38446438518866377,-3.42670626187179117,1.24843005840725052,-1.0467519821458513,1.67619709914348158,0.680724487402463718,-4.20701353807374723,1.6795739968337613,0.842021614440453203,-1.00418863936883618,2.62421748064448224,0.175939494744333957,-0.16875488783131054,0.509619942605983867,0.687813442084286075,0.46305215638197722,1.88938523435352645,1.19760602580679265,0.26958260323876565
0.437829678166564151,-1.86233247735203356,1.55394544146559377,-1.94782026687556442,1.13599638315884088,1.66909830072777443,-2.32935173093770542,0.544807579548340581,0.153172838299466124,-2.72323036577544553,-1.08033870496115014,-2.89517593814835772,0.345566016208904259,0.762184825270171284,1.32805854006504176,-1.28798077717318971,2.03868449864088097,4.09686817534887648,2.75301230445450784,-1.59615631758100984
0.0634611275416965687,-0.425789511693523859,-0.238679383603994738,-2.06056683315536571,-1.39555280025852979,-0.954923737454727917,1.22621310937832062,-0.688048586192958278,-1.63454520808363735,0.271973300266739215,3.31574029175553564,-2.54686658702862134,1.25112870554299871,-0.39221268794739772,-1.49166593999339714,2.05583792946518695,-4.08605656191214983,-2.98832769723199787,-1.56003515429183093,-1.2751462287882851
-3.79699354271979184,2.2466943306424616,-0.143415042199649539,-0.356131732138953772,2.8869211916470694,2.50220733179432164,1.89255947889781573,1.24070407991856535,0.858365804616539441,1.22031909067078326,-0.31017446240485308,0.0932857076965267901,-1.61421714442863062,-1.36379116085717689,-0.0923366348291444344,-0.827237729785432307,2.07307958874985854,1.06039919310367514,0.272564284395511058,4.50977370854561332
-0.548242342670359428,0.610731464433915239,0.277835360262301823,-0.880649891225805947,-4.74868217766241596,1.6797105972794244,0.937176024686954823,1.73761365815902047,0.997649232715226209,1.44644964806570786,-0.584849158162097704,-3.27013925725747878,-0.0633013341489037096,0.598059718426555031,-0.153489074381394114,-0.960305188963067158,1.84891771221485657,0.163519206856341831,-1.19476159276708516,-0.127905606661495863
2.04999885647371416,1.28297404818305649,0.04817976668549942,2.20448729872291693,-1.55886285050438267,-0.834838832224270355,1.48376969353280641,-0.111127918367694006,-0.441493088966474767,-0.544781188577656006,4.49459852554611849,1.99372899254368607,0.325771862760405928,2.94512425940754996,-0.820118399858742464,-2.05344577909830184,-1.24097840642294566,-5.09595605060893586,1.78712376626260872,-2.75936058119227301
-0.134884495447668923,-0.293643932437259392,-1.09359247665992121,0.259467122639498171,-0.493422930471383747,0.716128943332794865,1.2450010732432637,-3.51785457103003596,-1.74183807448592654,-2.03661932165354598,2.51723983585850331,2.08608767159318953,-0.449772143094878618,-1.36589106710049979,-0.344588817674711223,-0.37523743670982368,-2.68096010033286536,1.462476044653791,2.3293052645845016,-1.09543627664724785
-1.81789255885507295,-0.212331704111585362,-1.32088915619104297,-0.823929719488688095,2.25013746103681189,1.33167739305089206,-0.871973126367735496,-1.85130088970569684,-0.623766646563404192,-1.27981466646823883,0.258234279547425893,2.84884152481424247,0.764049544546517967,-0.95452563268167645,-0.671829776691330927,-0.429630498397701732,0.785851972328104664,2.51640831495020301,-0.312516265924078551,1.98550721879827741
0.736496805029790202,-1.17977258871342583,0.32509176459359046,-0.0221031383405110825,-2.41839974114077849,-0.394653054445201434,3.07438698685831069,-0.294190579926100537,0.227747432157232532,-1.01360625797769899,1.98265993342615032,-0.254297541163237162,0.354792543852664066,-0.188700894676981118,1.39912968812602911,-3.63710144813075376,3.18895255621197915,-1.78931096386884314,0.684757395712972783,-0.422704185574552638
-1.44800421998815576,-2.02362043472605002,0.524303894520099179,-0.0625044782438046592,2.90742247854677238,0.0127636454020112981,0.488886891346537233,2.90602528737759069,1.01737666876939903,-2.57138252183664662,1.46248759874817313,0.342059497673992297,-0.0916722529846476647,-2.81058305565938715,-1.24036961167856208,1.55188373476146202,-1.25979590881428871,1.23542491183394243,1.49889247731532049,0.0708408094541774641
-1.78090921463768703,0.231270011661371233,1.74317610165766923,-2.1546864530931642,-0.86300714797773348,-0.0202171474399668975,0.250108563383642735,-0.398170484349665343,-0.804359987023120393,3.89499330802096111,-2.38620757124498883,-0.783301970309925766,-0.45737251157894615,-0.127152888132240155,2.47918330024273859,0.954773551595717418,5.0065489351428214,0.860384021284117062,0.113837568476050088,-0.375104894391150523
-5.17558960966529558,3.90513946489529484,1.8939431705325378,1.90020644024270191,3.9526801730893415,3.46130762630221689,2.7258901062978822,1.10981451152954746,-0.629933227989655231,3.83988725142615772,5.25068851372739331,-0.575003934965153674,-0.100229147082988967,-3.07410720517260527,-0.143714046156809411,-3.29998604419090391,3.87445889606872385,2.33572491037419061,0.17055827607901422,2.31677189862590582
-3.58004611551723562,-2.07806528562937665,-0.511296441705699101,0.555976010276659216,-2.90524438526393158,1.37443812871324011,-1.4249643164850796,0.899696726055368323,1.89456783305455967,-1.34118586575554066,-0.891258980195470452,0.208102785326529871,0.147047119101643337,-3.85465376572486651,1.11922013666648157,-4.09207319602469699,-4.11694897762037293,5.03204713988173769,0.680833407102443666,2.12505846617980376
-3.671939212239129,-0.423808689440695663,1.53743874657370028,-1.0958789459166598,-1.48001006494847553,4.79811023934017111,-0.386888384329301005,0.575638388743186624,-1.1850788851177354,0.861253146660327706,-2.46681657232244422,-0.99118281177745271,2.12501877490754332,-1.54975818439946056,0.955576345490284251,1.60014166219611376,-1.16009060352849525,0.161706501848398576,1.24431212855025741,-0.557899485765587899
-1.47543796262764282,1.3370560348322682,0.684056448400922945,1.80659481945112388,1.48138635050538414,2.16859142056164078,-4.02288332494408696,2.41876977028203877,-1.86844353012890863,2.66943452217898347,-0.597999955442794717,-1.69139613787479304,-0.347318787788335415,-2.17793514914609654,-0.408935887240008622,2.77834333637854014,0.888243097262791048,3.53905071686454598,-0.707548029113130972,1.0043858174575131
1.28726006970603746,0.147122808311840297,2.1750848890081369,-1.12619539585682893,-3.62158266683857377,-0.983190736869965387,-2.55982818815928725,2.92688750170017498,2.299545984999253,-0.505452995295447183,-2.56874492000894783,-1.99920319691884951,-0.172375740466546523,-0.257654968799827633,-1.22838977014941308,1.32037772539171994,1.99607031037176608,2.05738690463758367,-2.03203624786017922,0.159520935485810117
3.21108347342304201,-2.40445384465057987,0.303043323240477391,0.121185657403397526,-0.781680978261367732,-1.91127141224507557,1.60393711874641398,0.541911443023687656,-2.97957421327883498,0.476490017517222086,1.42920067910852699,-2.33745503791571485,-0.766624519649488634,2.12156494059523215,0.926063201341691511,0.69680602468698305,-0.435813134096740495,-4.30435806538384824,-1.45355327017640845,-1.53996320482782489
-1.57436898864720409,-1.97000986755329999,-0.714076585140608344,-0.608724493702696656,1.19057076879824453,2.38472437475590837,0.559900615131023627,-0.884210655399416567,2.16114677943454181,-2.70587639539651637,-0.62772396776450512,-0.58316049168200379,-2.24621931880546866,-2.20339359760017306,1.45764370530409093,-2.55048402718553291,1.09993821845859752,0.192211557466746258,3.2189492259809791,-0.934277576383655273
1.05148999462198867,-1.16188517912879163,-0.0286259694199482682,-0.0731808832180888408,0.924055559114890568,-0.273056296499248619,-3.65070382707221119,3.48381576758649381,-0.752595987527057919,1.01914691411708325,-4.25739745647907242,-0.718220996145682355,1.06471849137586738,0.512032015969329235,0.177356578318642266,1.35062159606121956,-2.23689811056407262,4.35196259847486822,1.49516603063549969,-0.551973514904697482
4.28783371826030013,-1.65755793701781085,-2.12959975859002038,2.13929147037748502,-1.78091130017795152,-3.55675217258828091,-1.7350107106393553,-0.369152727737422859,0.161353960086002168,-1.71793674417487496,0.0925290219848918516,1.91665661999193571,0.537086310473170792,0.0868136785512924475,-1.54244802681064708,-0.570028894957234855,1.06483444817079365,-2.34581953490865391,3.07945964121096161,-1.3912384914202478
1.57936411286244915,0.630274090161915157,0.431346520549807433,0.962582091454305067,-0.60282267287376945,-0.726796328841025741,2.57778655183696337,1.53446180724368331,-0.351152686093128774,-0.241267683972697544,2.15399391118527017,-1.11262279592453273,0.859800585389647321,0.55836300516177495,-0.743493083515743058,3.10267781848973723,-3.70267038878947652,0.485928252368382441,-0.900710213685345651,-0.0925161306891684188
2.30760198370016711,1.12590922866645005,-0.556910548484383483,-1.06148991273987825,-2.3242769364696052,-1.51435236253662864,-1.16815438064217769,0.44445315993236667,-1.00397879471104146,0.847674369642021919,1.013983334672516,-1.82663958871756194,1.73468658186016,1.37467492142778469,-1.27884886795692032,-2.00746922375137471,-2.56157661103852918,0.991417459554056246,1.799726394543115,-2.18227985056656193
1.61377248355137359,1.98962605521021652,-0.596312433157529909,-0.433281270398706786,1.07500208531617858,-0.415178386829104684,2.75580205549782331,-0.577554185957362631,1.8381911946042131,3.1295739299732932,1.35459660128202852,0.677069508441524137,-0.419400183726625075,0.34342642278561325,0.867737738692743732,-0.394795169533237733,-0.491148063446401439,-3.75052699522827204,2.16035804935479137,-1.28321076890540886
-1.21854199871746149,-0.529239022508328993,-2.32779865760073967,1.09738195332384469,-1.58837233940072742,0.454949486936370551,-3.51456386338195204,-0.103522504643255145,1.59555154213226191,-1.10477761394488172,-1.74049165139544137,2.65246083033170432,-1.31996246681129081,-1.07555128589716342,-0.387070928858552876,-3.55099282415382866,-3.61473332130540115,6.85252880674003872,-1.88424929617518133,1.05969910478561657
-0.778000776249802573,0.564054372125364911,2.50595319240377057,1.40734883709395775,3.84282781472674673,1.27241117072825283,-0.42339866590923636,2.71663825452631391,0.980253976356492585,0.0897488256791506012,1.14944446497063235,-0.332584969560038746,1.01000365655263624,0.508149558687525871,1.52112104997983089,1.11177008037166147,1.0728053729002216,-0.925562651057836527,-3.15655977302524215,2.12645717345900165
3.17438292039106162,-0.953379916808128614,3.42448764830204189,0.0499778190595538963,0.317345174517890183,-3.06046235250049881,-0.486176149322066042,1.85087940085935942,-3.41645142702746218,0.136756011405492678,4.42212197516486061,-0.536020552859355459,0.15405442486730711,3.93286211591010559,1.21124630230108354,-3.44062898386414018,4.07925231348734929,-1.88017984773712454,0.33480624247991575,-3.31553447915413457
1.57626122777952471,1.16349582836718524,-1.28294118388793832,0.703474444687362976,-2.3883844045506657,0.0109624319149798696,1.71564649299275662,-1.94659386019715219,2.26379533853355941,1.28570085432235048,-0.46029066090423737,2.05714674288389032,-1.66699301681901724,-0.337489184176881007,-0.288134241664799284,-2.87060733759622266,0.951445580572678917,-0.652442241898104403,-0.122142023459356514,-0.330315285475090481
2.90046590730338272,1.39182005387131724,-1.50478171599905708,1.11887989701352053,-4.28518761674456528,-2.68458393448083399,0.609252949259217025,-0.10427223569640727,1.78686479939593301,0.408123331189337135,0.0599111355416388561,0.882479501206671402,-0.0621990022678939117,0.80377352864742746,1.56868460876318494,-0.723192930446815874,-1.21172938487347803,-2.60938734920367876,1.42969268961326379,-0.543841408951888483
1.53654118412798346,-0.00107942499660459426,-0.0534131431169880683,-0.571091540927501251,-0.647567011704046736,-3.13500586674832693,-1.79691878861073429,1.29794588434653146,1.78101720775825689,0.536550397359020548,-2.16140927007400974,-1.90367513306514513,0.176884416635319508,0.707604280133872887,1.15695274346647881,2.9000335244116382,-0.0688331728045679797,5.02785249519461974,0.822518434638846108,-0.441273766930780575
2.47623693034134629,2.98198400314129941,-0.776354842991580418,-1.35802703504034028,1.31415990378511349,-0.540540038134691092,-0.799742588678909572,-0.389534335369196405,0.574458841677573884,-0.901390704922775732,-3.46097668308269713,-1.4604742575512335,1.96990204465682095,3.51703060385164079,1.26399139119690718,2.51674123127739113,-0.939461324516924878,-1.33641209652449011,3.51565326979815218,-0.60025841489654741
-1.63459478979348449,0.322066843756802668,-1.83119032712514307,3.57709577089396058,0.724323774266327103,-0.546034766999974774,-0.0410082197451169667,-2.03110322602292603,-0.964782545236696043,4.73503597613412275,2.8598678933019035,2.14562875252456298,-0.560074718789412951,-1.77415754299111827,-0.644748763663799074,-0.71476136077259278,-1.14365559949806506,2.75663941502565235,0.171540719516160622,0.546801356024084972
-0.111521821704843413,0.862593581912846852,-0.0622747939258447569,-0.0887554407060129891,1.43758954053791799,-0.0504249343802784175,3.86919028233715689,-0.247562729752130284,0.143678905677265129,-0.0945605121828636264,0.227983900060184597,1.80977923665276186,-3.33967821205483961,-1.30972121040333467,0.487473787168789696,-3.3390887514321701,2.70519847867462326,-3.80439130972945438,-1.47645087667156183,0.530737333815520906
1.94846806475223233,-0.484205601582192779,0.772528454769742634,0.840210997940643911,0.201448117150156286,-1.54609170463468049,-1.6706075592172569,-0.96146583036978539,-0.243641744903592361,-0.0344997604258313537,1.03457321907062738,0.541101841888122825,1.06274836923654137,0.982105100300912581,-0.945541842339904903,3.73656151012708504,-0.919378426407934657,0.81247506630310995,-0.727071245554605561,-0.201959293748063817
0.368471523181020388,0.981334288029221846,0.745521102257727164,2.0116375295408071,0.792130225301432511,0.823997188146443071,-2.4334983284424001,1.44878564172426083,3.03904849242392894,0.706105044507881918,-0.928794945779566339,0.513762564844561065,0.209348341840807139,1.94659450479751284,-1.69644246663291121,1.96220614371088731,2.47143427878970323,1.19258722874436973,3.38218038222793904,-0.28172115930121161
1.29650103499806013,-1.41841721925342124,-0.204444032570631373,1.93551467417928769,1.99523076676687916,-1.3391751099761775,1.91989373000424268,-0.389506653088244559,0.970586890892684906,-1.54721169373525247,-0.297247512523576007,2.18393715941015554,-1.30175894979061346,1.2518545022697003,-0.852915124477084841,-0.461525482622815508,0.474467401965496915,-0.693023599090310527,0.524782035315338513,-1.28618850531303353
0.880585225875773481,-0.066985408074658026,-0.223951540024462631,0.466896243578113435,-0.349602932804046695,-2.53945563177507116,-0.265098304810937102,0.776135880806499534,-3.25380963916975885,-1.28601814252638591,1.74140503854002637,0.576110631008323604,1.09775952290058076,0.390793096635899062,2.3872524646142872,0.183690595595537715,1.67383330990087065,-6.8300193040915298,-1.65787654729770617,-0.786894389493757118
2.75229603378752774,-0.793958938695804139,-1.51854060721083028,-1.03691977264252122,-3.10059725112302154,-1.79935080600441055,0.221215484541087498,1.83571889313890324,-1.02581861094813331,1.44638895427721259,-1.6510472335682127,-3.75865656796169834,0.827208974465852176,0.59698805116363951,1.59843827634380631,2.36035197839907074,-3.69966467822161071,-3.47456457082533499,-0.397197444806983657,-1.33374053310683705
-1.7751448075377434,-2.16528919422323263,1.2673726468351747,1.24037955928979415,2.87293958966593177,-0.437570412195041447,0.0966728229183623916,1.48556238623313641,1.43594610986941906,-1.26736644063340465,-1.08791097743372722,-0.367550753811723085,-0.750263211102472072,-1.75818132009354455,0.285842371056747147,-1.43970472034573782,3.14698571260749471,2.96148673500368664,1.11834008230576054,0.854180338837217001
-0.484241029173488879,-1.8016613675865798,-0.391778792908276496,0.180080715230366617,4.30614533671353605,-0.353865680317212605,0.968040630248061862,-1.05680823136999136,2.530525892056537,-2.06292839874671108,1.34728418502963776,1.74190118933402438,-1.17971215310969346,0.0930819222895029746,0.750598735245392779,-0.975580899052733153,-0.386035204174373037,1.40363773492668109,0.923870228505868751,2.95114447659096912
-4.79843869846836313,-1.87489543733366459,-1.88486566757143104,0.582318473249013424,1.50851388163551925,4.6952095479813627,4.45376868201451703,-1.63186997765747988,-0.186408120104918584,-0.171720142663981723,2.23151818581641992,0.220384508427888759,0.286450327069775801,-3.19306182486687451,-0.935106602481437399,-3.52331910323908071,-0.54798106648063527,0.780180433696402997,2.96537102609153314,1.51280374167534326
-0.664266930238643694,-0.830628872449246991,-0.363784510775380432,-1.02115475206565032,-1.85536815281708489,0.69556748025827464,-0.187425154615076833,-2.44932011712956177,1.45865941993280024,0.974432075266421394,-0.514175797772381538,-1.15574685875325978,-0.104471120893715602,-1.61762868066433918,-0.129855364172626137,0.165576919178355375,3.06220684110505204,1.53878659325662426,2.50931863185919779,-1.67585471193675728
-1.03651658461644836,2.64779852275612226,-0.668915480811022478,0.603538509129092682,0.375264841062387167,-1.60267016699634812,1.95592350239357371,-2.10513785764442662,-0.200661212713938719,0.586836198935382414,3.53494844630203575,2.05976067501680093,-0.236856736047862476,1.44019096562048365,-1.72999396424738561,-2.96092670584118478,-2.15232535988016327,0.297214711594691705,-2.84540803737541692,-2.01293131225288846
-1.06034451951857567,-2.1389040773735033,2.22962001945271693,-1.29208741900046897,-0.524008473475731873,0.938335809628820128,-2.33117631419775684,1.86023934609949504,0.366987189737439878,0.917873138912392417,-3.93981221205237508,-2.99593433078905624,1.13132076346808508,0.00383598759585034163,1.05153680814953243,1.91809226544329903,2.50714676927932167,6.45555569485080039,-2.24475422606682962,0.679464163308539426
0.199366594045073869,-1.35602527168265241,1.17666966434981157,-1.83975965611079162,-1.08313369367560952,0.661046917026389846,-0.0595695178828304084,2.81427124670101803,-0.437769532357042301,0.1308903001943309,0.889842792688677386,-3.91749335214971994,1.78239739615913217,0.922137005105033825,1.09029170419200439,0.743904048587604727,0.862230406520167802,0.874121383903506577,0.734973313440670628,-0.127963250304042708
1.87892975344945801,0.572606494979918113,1.85579339537259846,3.03833871107572717,2.7800934268392985,-0.280190937438655585,-0.960752094625345943,2.376863890107074,0.313250392413581602,1.05266038608474743,2.38579736613398552,-0.420436182069444719,-0.616731241925628115,0.714073581102437682,0.755601779927809636,-1.8553793735259132,-4.02045671956614648,-1.85556637001155411,0.661773531143506011,-0.424973879355208806
1.44633730091678037,2.30955069851054784,1.88024292094833201,0.00515400950621631559,2.46464173749443161,-0.167170204224041108,0.830358846406130779,2.00496550742576352,1.46674479273157576,0.705464504943615012,0.505162503708460831,0.61311356125087102,1.19507031181262113,0.395679294308644569,0.85558563529749998,-0.309863434608267652,0.665569765343505204,-1.07211487282048212,-0.862672401937395805,-0.721876690329491866
2.8616762762879957,-1.25686619686158907,3.52920115352925912,1.80083504075267342,0.624519593902757686,-0.604200539399582737,-0.776335377494945633,2.52163209688504697,0.592048728812852532,-0.173603055618961971,0.0992124685801948486,-1.25914765514675064,1.08088528829147124,0.938220953750501963,2.12285512726401082,3.21805228410739996,4.18822422179879794,-4.60832125214526478,1.87404724709861914,-1.13474178279224236
-0.555445182461947295,0.948019041722945044,2.90740632935157484,1.41395786797462142,-0.822636854312171706,0.0617545419105785948,1.51452048812987861,1.91255557568401113,-1.17829989153826231,0.922619943247139584,2.10763873273853886,0.544837443577340763,-1.50462031424136944,-0.0666931295934581475,-0.149569572471516865,-3.20276169369405261,2.31983070717958073,-2.94209830941479522,1.69354187957985225,-0.882004759840538943
-2.37043556006481637,4.73178860942719659,0.181420849882932583,0.74251641799527146,-4.09002443334822452,3.02455565440580632,-1.31931508334164338,0.67608728334457302,0.0496485615620329071,3.82449922213490989,-0.440897430077511809,1.67382947671430626,-2.05755956618498592,0.0961149351367526217,-0.248251576843547428,-0.978253828714062856,-1.1172175205975039,0.647688291158552643,0.862527690881281783,2.83645897561366755
-2.49084022661243987,0.177948508081476664,0.781642481373035047,0.67524153929351971,0.102534183655525565,1.15631505894175013,0.621050390394509821,1.60750955222470804,-0.89951051377860225,0.197811352456701728,-0.365750768654881542,-0.984030826860482821,0.687637518478933174,-0.805382937249149777,-1.15137239032089855,3.51759049852964445,5.12397527302319489,-0.895148790430882912,-1.48799310137418894,2.07576885781730347
-0.996135299361158855,0.26080051041311253,-0.556059570869460118,-0.415298367477155705,-0.21934517310228463,0.454622114175879777,2.53245231026415096,0.325390208929793034,-0.158595721192200778,-0.249211083375258602,2.95911333890303796,-0.998863636388362286,-1.63718509775443422,-0.0352040572028036319,1.76630752702100957,-1.39242508158372025,-0.0708689751246975169,-2.00104328461360481,4.5720376860184162,1.078549981113756
-0.857162877806930679,2.09067615521099937,-0.164252415110020422,-0.521208334328952305,2.95574297301947642,1.7274234331960352,-3.28983357096069806,-1.75552115189113822,-0.29002162541221399,2.23135013972615504,-1.03917441476777794,2.0207125842287903,1.75050524066321955,0.756728399712244482,-2.70258015867380408,2.85937621631325545,-2.71687512053005653,2.5050915214323406,-2.02765087374789355,-1.2905498843326717
3.90085980027535983,-1.68844835058535336,0.918783636183732599,-1.17874398273171166,4.14086258363908932,-2.80091821380865369,-0.732669981899790157,-0.986233904652493498,-2.08337533389837848,-2.53352080504708832,-0.859012199640280749,0.812140961474037693,0.643142669328544692,4.1150228566581788,0.96556812947674231,-1.58899428407507948,2.46491417886951281,-2.30011985271153874,-1.02150199005777886,-2.24257309758611978
1.72213866692629058,-1.57138536130206896,1.02521531224725715,3.40180378951902096,-0.0220494431854629108,-1.09922841622221013,3.16179233832962758,1.64852187380182902,0.0387004528092545069,-1.63154815504579087,1.09436137395162469,1.37077941019908223,0.277595270462713539,2.1045332484078747,0.031629404842057493,-2.98219425459417664,-0.291254937590271434,-4.45694056115317405,-0.288244003771091384,-2.05907180949745294
0.118430444684039696,0.591972781530944125,-1.6201220624169157,-1.30583513786213667,-1.47581054537257472,0.0665173640758584261,0.556342546824941775,-1.70755547252535278,-1.14724047176772292,0.237652648882960116,-1.90508420107105492,-0.267017850129023071,-0.703409516239956845,-0.895561644815444868,-0.0640813797978729005,1.83246538466034803,-1.34412839874677914,0.358647224616126414,0.467836070939586179,0.636652373340159006
0.320874008841078917,-1.32071451727747413,-0.944553047271189161,2.48130738368397186,1.16491550638875818,-0.412098220845784402,-1.46152984020893228,-0.871229568830224066,1.04978867270081744,1.86469530509432468,-2.34208553765611427,2.29370524142051568,0.861583595563611526,0.951571137901666586,2.27054470604189751,1.36370174665565647,-1.34341387675243529,0.246780956882760222,-1.19177478463556619,2.0291120675627492
1.23039379365321411,2.71410140401146505,-0.266290756114776983,1.36905606338745112,0.337263599620062082,-1.70441748961738293,-0.0765932900356616903,1.73423704940841472,0.548547861300795359,2.76263698629986276,0.390251541645337097,-0.79406578786457771,0.414870434872147309,0.991045595308613358,-0.0843215469352531777,-0.259640819253316668,-2.78690788736855044,-2.16343219158153133,1.52718346164448837,0.198681724321026848
-2.5622156643145968,0.0411223701198423983,0.401484642187880547,0.00733463980369472232,3.01857390230831779,0.161241948181034739,-2.08278430853954122,3.48296193964959722,0.543883017925683943,2.78294794789860633,-3.280190694328037,-1.66152853571537129,1.21175661391938805,-1.12586274685287724,1.33268648331693518,1.05223322309606937,3.21390019491672474,5.39005788614357861,0.852284621026854983,-0.227378567538773169
0.823986427156624512,-1.4540631629058538,-0.194307505051983798,-2.94551190949146635,1.7993185833627694,-0.145411318431098419,-0.123959958008128548,0.0477077531051701004,-0.818754036406761698,-0.331002527454348661,-2.26741736800696803,-1.26341452086164652,2.42313166791685619,-1.04699622862123531,-0.404332173483483714,5.24122972427536293,-0.219451279210599176,1.02020483831876341,-0.617252710717633435,-1.80262678178082969
-0.522180674507743414,-1.09416794101445913,-0.910009398803658165,-1.23468065816008732,-1.31531036572131144,-0.405620292052611464,2.60321465263316876,-1.42055248025838554,0.0050636189102643463,1.993011942053313,1.91537798973437523,-1.00452287994671052,-0.44971887713059111,-0.831022050164696546,-0.390921737923901613,1.57302793771733773,-2.47347687204792832,-2.50333065102208785,-1.88182141676324144,2.86974565555748828
0.261371354619720109,0.508401894655626796,0.73343221701022554,-0.242536311576433294,4.71941565835270538,-0.51898349199628746,-0.447872280668429212,2.56909202320541796,-1.81474445976552601,2.45427335625642273,3.94405376518411233,-2.3346031261351361,0.984624247689750765,-0.171542750651214576,-1.54499454773518008,-0.713549263031797665,-1.90653912341585552,1.97067929660664465,-3.01950055695886022,-1.8358900328910055
0.0662954983725018432,0.32523933812858441,-1.50412042290605341,3.11473368095281167,-3.41932326643160112,-1.12091985738247768,0.634113026272824398,-0.57608810636395269,-1.8999454639725224,2.89765617434137024,3.98284575979205968,0.210491084307681098,-1.00318339057795236,0.611958050842110968,1.81860021687610174,-4.54573355407377377,-3.12423976485822674,0.353434869270868701,-1.04174961023269352,-1.93331646625987852
-0.42793206495830971,2.15115351793929355,-1.55604372510886879,-0.828264545412334852,0.496948140539670347,1.59767626685997421,0.251929761237139171,-3.34480729493055584,-1.75869873797654108,1.77501289692886033,-1.83057681739827705,1.25288324110178517,-0.805844479700502436,0.548442490670013272,1.88688558509294624,0.408355390856850076,-1.55134744566484017,-2.07005890282834093,2.78763409599161527,1.80849579281032335
-1.01073869635812397,-0.362593470098541482,1.80800108192672515,1.3216924922351041,1.33289807774705982,1.47445440508661951,2.60213492868431961,2.78359003709848229,1.58476308463487148,-1.05156081958437109,3.44114817397577033,-1.44231570802227749,-0.967892800271291875,0.355328605443408385,0.182747528119782926,-5.34691134088733389,-1.54272751620723114,-0.301444147886538449,-2.40144791052314766,1.13272820986074096
1.27618179508240237,-1.23039492108360204,1.10052105117436461,-1.64538200178607741,2.27257428268282258,-1.51470541075018938,1.32059582672606979,1.43342839921985332,-1.80065467066619433,-1.57696942004415819,-0.16692580001159682,-3.22731982090550629,0.372510029532642728,-0.0406184199288644049,-0.379862758659060884,-0.071777561596607975,1.22108207103728428,-1.64083518077579238,-2.15663222290585521,-0.338550503076624709
-2.32547270135108608,1.35312825198199516,2.19724019250287261,1.93957966022738693,-0.826515557469953643,2.05510899939085112,0.787767275032975056,5.53701808566660514,0.310232557562735101,1.76705947422325393,0.500287482074673662,-1.90017806725363392,1.57041237592881222,-0.910459408506802292,0.517851293227025722,2.04667287249890517,3.41603710848635123,0.711705041924587722,-3.06533659526574009,3.05792601828728383
-0.139968372468075891,1.88658545908090503,-0.700007668445395415,-1.60712733604282998,-2.26468445986980571,-0.562871179436108759,-1.36196009091797432,-2.77478944475027856,0.369948771895382167,-0.256917492108919121,-3.70793742553839101,0.0672574378248927823,1.11550228295367981,-0.59375533360089483,-0.306370052322269715,1.42012686596076221,-2.44748340971038481,0.80649364488565134,2.57824413915053174,-0.383126362085582872
2.07678710628912633,3.02511826829913444,-0.627022850003929322,-2.49893606802339807,2.10127174355022284,-2.40556117893977772,4.32652290027907682,0.179295024887498378,0.502645685485173854,2.08061374728131465,1.85273231342930189,-2.23356577462748218,-1.12968381314761523,0.337697949817432341,0.923725461779722146,0.980891632256104651,-1.15138485244179312,-5.37567451134911156,-2.00952002698550247,-1.80013002941045586
2.55026399241286272,0.875580638972923042,-1.29905435827696603,-2.41793495196637442,-2.26279084442282352,-2.42004032011189407,-0.262986834571980077,0.460511000681953886,1.11037775020022234,0.353432203572182801,-2.40848269126170988,-2.89656009549112303,-1.83318332216756397,1.14891829060780393,-1.39892051312769516,-0.672673693759770375,-2.28224708169650814,-3.82428402377692978,-2.00178546272302427,0.209565241084824994
-1.58675129178144148,1.26195168092394328,0.553055439723240005,-4.10828706735332361,2.40667008749012501,0.92051537911489445,0.0175596760475315999,-2.29865836085494468,0.3310094929236857,-1.64610372618401701,1.08522127846431204,-0.919409077909121408,-0.317207529856714521,-0.350335807938058907,0.383480808757044267,-2.73195455116755248,-0.196626294382246353,0.51856043950913322,0.669312251735470598,-0.939954000603119844
-2.6538053203283285,1.03490489991599155,1.40443081114714996,-2.47884623828047923,0.425915550918035346,0.196418329999757002,3.05160773488151227,0.160166640575443692,0.377634790167428958,-0.595650765948539829,0.764410220434597609,-1.26283792153529828,-0.529226623474147617,-1.32977301975779993,0.652426170244424952,-1.41272595118279876,0.689367973062170902,0.537726541736413211,1.9632551579462576,2.4856672359431391
-0.332013508602470253,1.60789265091925793,0.00943304878485755338,0.889014214213888265,2.67840486864591831,0.417706202147146766,-3.76510235987035369,0.194861465955187579,2.13237656171992551,-0.740453285927812677,-3.44567702595385139,1.22216995078137947,1.33075885616149403,0.398341220486856828,-2.58436110530945529,0.508395888939890517,0.901082689663793568,2.7496570427139444,-1.92275748248518408,1.40808562673539694
-2.46265844907628662,-0.553289468235138693,-0.152405602060712408,0.660070938072594759,-1.6431889763691423,1.45088892338348474,2.09352364876522756,-3.30522101189027451,-1.73325127677148672,0.471100987270121452,4.75907095106739053,1.24679048017835847,-0.0921206582298759041,-2.02805339170266397,0.789946495424232342,-0.962214333252168541,-1.67443696667944453,2.65476003698040008,1.67642043892610793,2.58428430437015022
0.406758676492155802,0.891734970473660127,-0.830830664544659481,0.497784003587761592,2.3706027101242868,-1.43193218209974948,-0.480491282740598213,-1.9136508775548382,2.97904431255867008,-0.383208735467777617,-1.40426245633705449,-0.412484251981925509,0.162170627538436807,-1.09385262208515543,-0.949796711257188786,-2.07918267308547255,0.185922596324231248,-1.94728872124983909,-0.0201089754011887674,-0.239915284196221573
0.0012562285444617466,0.155264860166501456,2.34544139428296683,-1.29609880491659046,0.921810823070984053,1.20817095999086055,-1.42876323548957784,2.4961245332164772,1.02677891448874226,0.831339200036577353,-3.3009848233106811,-1.46942883175585681,0.454410978854061176,0.0913377937133829226,0.525428456920108644,0.658606081014705413,-0.817062265860075354,-0.41808934298714967,2.52238896696439596,-1.63801529930596024
-2.13600714183540807,1.69037549277310228,-0.436044138149467464,0.755909889918359723,3.5479189860088951,3.8963938340262545,-0.273321367498357615,-4.30568801424673619,-3.49517397103156124,4.29807058712320433,2.24762906791436512,2.52481237525202351,-0.761399186280946494,-0.19293179608135308,-0.741513310470865106,0.426890879829023795,-2.52942635140880645,5.05943887005575732,-0.814297299705844191,0.145441761407404585
0.44647153752726354,0.226036344967154607,-2.01522961834517744,-0.227025707279060629,-0.132387145871123019,-0.40714431971898829,1.59833431616775501,-1.01433100955346411,1.07425107231776029,-0.0928410832749296117,-1.38194949307444048,0.357589055173367865,1.11190046209002302,-0.108139053720478023,2.05387504316448899,1.21520609311353467,1.80513842640752342,-1.68465724600707212,3.17881023202850077,-1.37797432189722913
-4.2576263512356558,2.18556185637388412,-1.24904794764844862,0.0389605193538958977,0.390364479110481666,5.00043410959013901,1.25475720928517442,1.21958079970292199,0.143570222837177713,0.864201070821478123,0.265388246335166278,0.21991339503379001,0.869829546379023877,-3.67981413766208609,-0.724740769272263274,-0.227032938882360813,-5.21236739274432104,0.414006299902193009,-0.844706758333355068,-0.344828571129825456
-0.370050279527607384,0.831318376487599209,0.738452075126573515,-1.14522839520057462,-2.36955573308323908,0.65738407249299069,-1.14023688099471987,1.08226871131904256,-1.78157803256171055,0.0409428665098084052,-0.326222504873019237,-1.96174567940161193,-0.663517490861465609,-1.98151140855645669,-1.80779285044341398,2.68311201472259953,1.80925602172963584,-2.12599424757855981,-0.268347724505871243,-1.19493328397422705
0.483364647615695808,0.167569147060150109,-1.96345381883635084,-0.43378475332601385,4.33303700809688497,-0.201705132874180293,1.7929746328848708,-2.22529564163379812,-0.224756022936693306,0.628436031800800099,1.41082280977450059,1.61180087569938491,-1.40376011805872336,-0.458719403950133997,-0.0833615895277074609,0.504121727866516878,-1.61202026426530076,3.145898933315872,-0.509110230503441175,-0.150055448610592473
2.55375646213045249,-1.18416691554861964,0.125348820594731986,-0.378959080673606119,-2.40050137843481037,-1.35654476874964325,-0.500239755379495721,-1.17714821364739297,-0.119043312261519166,0.215914170251052667,-1.8289496813929802,0.553271933605923638,-0.0238415462503395285,-0.237888736732779049,-2.10378609626237711,-2.7427328479798776,-1.64263237383703764,-3.72515979481943527,1.50922374806977388,-3.65827794498356296
-0.788477369835068886,2.29645073865947014,0.705586959741900555,-0.517808053233484777,2.38859938554392581,-0.790251197383468273,2.93036840879264249,0.135738959123768543,-1.36077273286709732,3.51495986853803855,3.74320622288663918,0.993792121817360319,2.1331325555816516,0.937301707197720213,-1.21299401885058167,-1.2859049496156254,3.10453770006143825,-1.19386233119736862,0.298889271067071194,1.3688785457530388
1.77281300867535085,-0.046216543700910627,-1.23540054162655322,0.160051200442038077,-1.18184334655938184,-1.62216044034477558,-0.716974133733372154,0.134389828551792684,0.59199379936707186,1.74915871341584817,0.443530467796393657,0.365199557786075379,0.620415130884057642,1.22837277093859387,-0.0245198443215107163,4.64835104653201281,-3.69132519913536683,-0.462804658417379444,-2.21798920838656688,2.00794395667276682
0.822932378159986544,1.29571435425761972,0.34240465289645855,-1.45436015694299825,1.86517614187902692,-0.317120142141029682,0.293042374550001372,0.975146447158561469,-2.28830619360563992,1.53133657505581833,1.48624233572204756,-1.88488994656240583,0.130789304639201354,1.28635195644001921,-0.745962750442358491,0.239826311810536735,3.01539483936436614,-3.00762207810732862,2.73353901881732719,1.76205698998190252
-3.06627142078260606,0.870752804491492727,-3.58751732291773839,0.848558561352795393,-1.861850250397179,0.84409855258819011,0.0220620924777957632,-2.04258312551633869,0.719636966518447996,-1.37796941782825244,0.50290215175789077,1.17024720569186291,-1.63412659098292923,-4.12893605634219973,0.612353877956207215,-1.02528142685345025,-3.06902530182947864,4.7339447202887408,-0.62865563744454378,5.60638816531563489
0.509512095559259137,-1.95530321290927156,0.0672832119925319827,-0.79829490519124624,-0.481146797374079893,0.168807130261411448,-1.0365906463937824,0.230319468010091621,-2.06900741362441076,-0.870533265852308391,0.470908274999270016,-0.893032057458162054,0.0200256223003960829,-0.257811144399217984,2.35207955447225592,-1.56779582111967786,2.92929828294156014,0.270497462793646726,1.43785258189974718,2.6977317344832219
-2.60982476646649664,-2.70642867188581926,0.164673274507902034,0.785039973006911529,0.226779745207812689,1.32419360928667107,0.474556205843954304,-0.823214246697224317,1.20075158602072629,0.0300209255271071049,0.32417525289627791,2.1226107784305781,-0.447692463947369834,-1.82655558604821344,0.601088737295936815,2.51703639881218688,1.53746539719709596,-2.21477375772648877,-2.32340087520827154,4.06955243315819626
0.878087571599420635,0.0919260403848982804,2.19146879895972813,1.63178369944586676,1.62038497605240095,-1.55686980403661579,2.25338518716548863,0.627000862751564858,-1.12405804220402716,-0.363328427192012304,3.65275274870020716,-0.148597608627151712,1.01529336549633742,1.37659848398206419,0.263558544965859398,-1.06067076128460447,0.901878766695277445,-2.7227960923157104,-3.34554669533832172,1.06657127657198281
3.68062825173958297,-0.725904062828302554,-0.92699645723148949,1.4462159886411825,1.72696789899720704,-3.4677536851921289,-1.39750542029923497,-0.965234338861059582,-0.218549586992067418,1.04576023991745193,0.826529212624151688,1.25284242969816995,0.224014630982710877,1.92532487190158252,-0.0124004121938458226,0.676033797205192966,-2.87784428431982375,-2.93912947708818661,0.815042232224367114,-2.45040119274042256
3.53249627044991277,-0.83831867368180879,-1.03331971740092809,-0.60329640497951742,-0.363383251908998284,-3.09957727401976646,-0.112295187961290982,-0.561531483252062147,0.0399917632931937883,-0.00442821627427399198,0.926465349890600254,-1.16458642014611202,1.83588720358758417,1.1217194290914505,1.11645468424422933,3.81215279739900481,-3.30821476538328785,-2.24198766440842068,-0.316353887504130793,-1.68606216343909288
-5.02862929680563475,-1.08204012687452078,-2.03458859000558823,2.2962174254658847,1.8639015941213164,4.13418199943901499,-1.79544285341316878,-2.90907571169613366,-1.76628549953886327,-2.94481537360295764,-0.483420145541358814,2.84480257849582996,-0.88533263127209072,-2.05008979741337827,1.20391575459242239,-3.00928016192394976,-1.16377897837680311,7.72234665107662721,1.1723574054357222,5.07479786759309359
0.841799510660642736,0.14669534634256387,0.722405745369374963,-0.851935382639673833,3.42005504924873804,-2.17080241035932264,1.77331814693542578,1.33132088749837574,1.00777725951069286,-0.472810707861870849,0.529912518273316313,-1.09681411567731235,0.51733965536994464,-0.633110576221309063,1.96224770960368144,-0.494125429392030135,3.28593814053900291,-2.11265843510370344,0.401392095078024091,0.612550212761292179
0.0755967119275636479,-0.833418454744212722,-1.55518002175346459,-1.00682085860483972,0.349106785359523719,-0.889677428451711272,2.04737856372348936,-2.98201510833950012,0.310808433585165411,-2.44326659794738887,-0.438555953368437557,0.78523903425515984,0.314638247053635689,-0.443399171887618737,-0.59958229419462461,3.29727548086465472,0.254859809553834304,-2.24612192543396905,0.570665084193674454,0.686571573785453748
-1.91612194883338738,1.12737923316656796,-1.99636905085062866,2.37166588183465787,4.43343565455658783,1.26216015487355881,0.972524523573386812,-0.0841385255514384978,0.0302322883028547026,-1.31581707142813209,2.48938256236260536,1.28832933353946588,0.854013828405884579,0.328763936536048351,-0.524872811753428814,2.33548880896727518,0.116789239473259795,1.59021494012059228,-2.02610981889191288,0.899084876998486715
-1.21553953420012184,-1.87224182255954119,-0.570491711845215077,-1.18365866363185712,1.57831358336954519,0.909567557568903284,0.280041664437106597,-1.06131953921338651,-1.62151247712554092,-1.20284720072816143,-1.28066529164458265,0.661618078331968396,0.140638078809202205,0.750615829576796179,0.00909623615085658824,0.58632368809169888,0.143638169502925961,2.88776822693769208,-0.718890588370800554,-0.0646618579919809588
1.97403605750552869,2.73869884844594802,0.280260363251914779,-0.231195313703127209,-0.179399827877375323,-1.96266631112055667,2.4228506535484966,-1.0925319425504334,0.29352285430546815,4.33191316261840953,0.710568646112698654,0.963274414283853186,0.985192685188734152,0.847095941183114376,-0.920729517009753917,0.553193147108266281,4.17106323170454996,-5.0772768966732249,-0.669052241523784064,0.32515402147693595
2.02510879131753452,0.765155709056892452,-0.802852684817310092,-0.465358323751384473,1.38883981873388063,-2.45541627065387136,1.12312836930201443,1.60189283947599637,-3.72720094536339674,-1.31415485216823447,4.52587189630394082,-1.37362614694751883,0.0491981469756411979,0.859166793756752978,0.979922560713193835,2.46040017604709949,-1.71442152915060864,-3.05899378519785436,0.738629384571359848,1.5773252546337746
-1.810577848916473,1.37123793681698825,2.27175337103033481,1.99088530441866496,-1.50138553274149622,2.32758320781577588,0.439727535616571408,2.71621442015673553,0.672479509414928733,1.98750380479084332,1.11118055998699461,-2.20578135067846492,-0.825957162934860989,-0.217942151810888246,0.183085257564177151,-0.117942993428235512,3.95503800090839874,-0.0881707932324041904,-0.611369187636965461,1.77513805654648205
-1.21647819630297516,1.86029791326768534,-0.925892786690639125,0.549082487508906314,-0.547260798009686522,1.17697534593802033,1.32204033401028132,-5.18681533749787516,-0.413872845988876747,0.844345897515736188,1.05957127155137831,1.98704395094948505,-0.290591105594461718,-1.62443288976397682,-0.00457435878977124639,-1.09092859156763522,-1.21132055626937274,-0.0761598341049139343,0.724855047950037634,0.0133463028120955861
-0.768540577495535726,-2.38701756844788582,-0.24137268348302568,0.0186447347566168695,-0.9293746724107117,0.267383557544161654,-1.68584606368858059,-2.08161212998621536,-1.24989781116366983,1.05125195145131634,-0.751438496484833407,2.77615466751127871,-0.981105136426538849,-2.96217814508661359,1.57172544238634915,-3.91480156936162826,1.10697546757170828,3.48666713475883405,-1.66574324361877713,1.13739103830460997
3.09141958457538601,-2.67825850643093011,0.209477752294544711,1.60823962671409681,-1.38091204587282923,-2.77274724119929505,-1.29020580248413874,0.445051714624381034,-2.34678906916398633,0.497931338486886588,-2.64271433655210419,0.998558119661188681,-2.6713925905899023,2.8212004479470516,0.206194722463794028,-7.94858481504510905,5.68030840229531453,-3.79885645060033506,1.43151143879558962,-2.12488285539483179
1.9070180848634366,-0.0845311703632800338,-0.332115916181231818,-1.33339223982893351,-1.15971803338291801,-1.29377570295407152,-0.190941831939136969,-0.0216536934438480363,1.67980515557119081,-3.24693514537956363,-0.571465314510453681,0.358083861066898324,-0.834005091986265823,0.932760703878393382,-0.793151797096048439,-1.55328796685159687,-1.87005758568511493,-0.919652222049120893,-0.937900155334162267,0.683746691401446727
1.25475204562866272,2.38636181995427465,1.18932889572714351,0.812009035378902788,-3.48232092022736017,-0.749521485416797084,1.17364053534912527,1.73670261366646206,-1.02875698511668645,1.53154687667663358,3.29487138550776582,-0.416958853029617493,1.8905457217569861,1.63795960419559106,-0.211239460072684848,-0.11243920658984162,2.91564698361535468,-0.321237688048927439,-0.9982717250253067,-0.29214663784723327
-5.36283947763844271,-0.201615063307151149,-0.439798119856649572,0.479926434624030784,0.928036764256781166,4.43011099502630934,2.72536025102589807,0.451939800868265074,1.38123615455999693,0.676393379307010822,0.605890313035870598,-2.13267779929985624,0.7926832994982147,-2.71151738292728872,0.000758943170117788767,0.727570988444103506,-2.43280740853862865,3.21222585759190116,-1.39741472142419654,4.27676167868791612
0.715900011913759071,-2.99782737833997626,-0.656647862544620708,0.546826832989037226,0.0736837653834884893,0.914708859690486764,-4.92746739811449164,0.121724845925737526,0.323774513502832817,-2.33031705375031839,-3.05489537775585651,-0.0578776052443947947,-0.5924197255846545,-1.31404025757295528,0.387782018921704996,-1.74656099364557327,1.92278810963817692,4.96465963248831077,-0.758303129887046956,-2.44441491647617859
0.844014957798404186,-0.283189261272666026,0.428819337522061583,-1.67342965533580745,-3.05653558766124567,-0.297830261352296344,-0.0865237015925443276,2.27171409804982005,1.65854158939551999,3.0262149104495415,-5.5158316385153725,-3.37123241704748766,-1.11894992732170384,0.281219295980037587,-0.233784844574801226,-2.26150558606578356,0.774397329297540127,-2.25455498619674355,1.73947455898364645,1.65603542014509086
0.876370408358930653,1.37312440745248798,-1.04930859945562482,-0.9298087550101517,1.18462512528795383,-2.02773006234049946,0.391013396917200606,1.48169558760519671,1.43016874917976589,-1.63789464580454314,-0.499493584216064324,-3.33938325080271747,0.401364859001908991,1.31335563649565135,-0.355455831027574942,-3.32829768400239967,-3.93786331648715038,-4.13074991655319579,0.91834293771264186,1.80192326041209538
0.0940599996286363149,-2.55243242383552715,-0.16960994642352889,-0.22010343004089758,-1.83281315980767445,1.11052874227969478,0.209112125430938711,-0.787162092704334904,-0.176157043192494089,-3.9372536156904685,0.634472311272105349,-0.394528732248268954,1.33288142923324093,2.72770135572982708,1.15057244279019488,-2.08007058265695344,-3.65042206184096418,-1.19064637794829986,0.0169801912927658553,-1.21942586316586521
1.32168195490416074,-1.61305329927733854,1.69690472846126883,0.456755084114861876,-4.6239470191263683,-0.960034472262109917,3.94265851811926593,1.85979552304364626,-0.286609916947092092,1.63582513274276087,6.75705469121843194,1.48518902631654592,1.47073328443154683,0.484332160210452722,-0.57462320480328366,2.34246872124839767,-0.932205749410529139,-5.81977841126798889,3.82482963902691697,-0.542908411760506193
-0.452632233835513154,1.16206913524226563,2.22532202805202051,0.446500228670146604,-3.22434627694865306,0.459162711589905015,3.5183095298899203,0.133939148984911799,-1.39266118013419793,0.193095830510028738,3.34807149606887711,-0.616182450772731594,0.669197527955971427,-1.04178475408893356,-0.281175808355884682,2.71610455297469899,0.840141328463510417,-5.0181853024897638,-0.0275822697500852261,-0.720936834121155834
0.710717181343415549,-2.74320688450348271,-1.06482058177270678,-2.48247471078293014,1.45568395451536858,-1.6209335503026383,-3.54400565130332712,-1.7612090344911191,-0.995431630948123813,-3.14489616189887222,-2.81196324998302405,-0.0869204633889944095,-0.0470080474176937171,0.0210986685566183704,-1.79124545728654216,-1.35291209444793159,-2.61427585382464889,3.35399953606153645,1.68734258921043589,-2.13630612339598791
-2.85651772426204076,1.82654326722328419,-0.510342213715708315,0.11226487565882777,0.23979374158304087,2.07217639867189973,-0.994244101281034687,2.23003515009337949,2.3749915279439171,0.771941816875940767,-1.46560312063034237,0.587232466962208211,-0.912041748015018583,-1.38445800209350511,-0.780075811043191902,0.345934517247569073,-3.96994302346256633,4.15278997967394226,-3.40262023321508744,2.00477085352252926
-2.87282989359245633,0.458968381018624583,-2.29511654093062623,1.97592436573144137,-2.03841087228901818,2.40777874690376059,2.79234162123109142,-1.958561912758366,-1.83239757364660294,1.00420569035262752,4.26584950879696834,2.80143230897153828,0.954640925802805129,-2.97263204965377037,-2.78794185907563108,-5.70769557027896468,-2.13835142985995663,-2.47973669425682886,-5.86317006977511213,3.38885341735728085
-1.53948881311374031,0.279732230341956267,-0.300253106983603746,0.281724811712462053,0.451720878835067674,0.16286257977460647,1.099653679527272,-0.00910669912045162025,0.0177834708511857773,2.64936295382667053,0.980029951767869112,0.151600744446803992,-0.64811666252837119,-0.96536040058172623,-1.13983982934765193,-0.262603869209529883,0.00997863431661370412,0.834549607602045551,-3.24301885903209319,1.62783581638795516
-2.54485062408996399,-0.787819494115141961,0.1697430900721279,-0.00830749020082960019,-0.199397327089573695,2.64506503762839973,-0.276330043170955664,0.287882505400705091,-1.9915729100032884,1.36308592594745281,2.13361282534066721,-0.654013279261929759,-0.495906288913906867,-3.00693359801509352,-0.209522812573286532,-2.09974294206622103,2.75684751081582036,1.2472276392448951,1.82118328640136617,-1.47826256498093622
-3.09540999104045511,-1.5631081574682768,1.08133523501945761,-1.17216870488501201,-3.35975435139851664,1.65470040900408843,1.36573045727486342,2.70095138446151406,-0.283345563331262651,-0.619013792952840425,-0.0748891806610776228,-2.23711722541549385,0.245248460437273968,-2.72649405863186622,-0.0573736267536879493,1.84063470652844274,-1.2197901601993788,4.9377912394527268,-0.697410599697760869,0.856637494458458715
1.2280063246237003,0.628139836689107445,-0.52614919926536019,-0.757779128095955601,-0.573833103071930584,0.503277341006943657,1.2304345239805714,-1.81564042851773344,-0.952540751662421581,-0.865720201031396575,3.17814399957264682,-1.67427674188912401,-1.95449965056790642,-1.11217889803500047,-1.87159138182940499,0.727547753184995649,0.749874224957641,3.61259799072651555,3.65737995735732158,0.327061987344931027
-0.75139027885845644,3.02281225082313476,2.0598088481273864,-1.07022045492341955,-1.19337877076919052,1.74416706443023606,1.87098268838320747,2.71168141609957791,-1.95825922239227168,1.79373593413645627,0.757173382750344737,-0.383927267777383785,0.157507416542816608,-1.72155396654274173,-1.49415946540984912,0.464235250812578937,1.84089836710068511,-2.55813951134291839,0.703189986997571959,-1.81128401138732298
-1.68558795418479157,2.92432235547278108,-0.370182872662041695,0.479827694482095002,-0.543317973189047398,1.80777393936424047,-0.763998967766281623,-0.806174827365021218,3.34520685163132914,0.486438575570056708,-3.06437550402673553,1.75083399500924686,1.90829875583078912,-0.534393474410276959,-0.99117529454333464,4.37755685985668386,-0.518193122089408376,1.61235534931868929,-0.0981666637653210716,-1.58286672541227835
0.634317978865335474,-2.41207429017189767,-1.90586854712761644,-0.827484419583103592,0.281170110050080746,-0.209259968882541197,-0.0428487296598240794,-2.71893353599751775,2.22271250563123601,0.00724107961127429776,-2.07586388200136707,2.43116804864580072,-1.30934474904841314,1.6079272922698844,1.12695234743908679,-2.19006449505896805,-1.33544070553489913,0.217504937415603061,-1.5550735414752439,-0.405839167836385073
-2.15900406824362179,3.18598895935245707,-1.59659933070969018,2.35116230123141445,-1.18267694697289194,1.88601071816511467,-1.35784945035337001,-0.77297767583508048,2.09866405286626323,1.00743964239758177,-1.4279654580652783,1.40792069726658431,0.417571546034813279,-0.205122599803621491,-0.531678613678796319,-1.78541890626377331,-1.19315702127893175,4.46485023418957994,3.95392908894591688,0.664050965158203721
-0.300419929197836999,2.73869583633342506,0.513149804610889215,-2.16774072515117977,2.31075341311859361,1.75278297450867915,-3.00998744160494702,0.980783594805666681,-0.730044761575084022,0.974467952590905462,-3.75620727660851239,-2.02032616915670848,-0.798324874675258145,-0.491484161559192223,-0.0222109995352994492,2.13012292299166273,2.27736808440635796,4.56679573368419955,-1.22444005772130105,1.28886839048420776
1.65492024469263188,3.1287156642459153,2.52513085657168235,-0.402711572682732499,0.278559180885032065,-1.45776022864472776,1.49706588654301243,1.72641100044438378,-2.43490539489381463,2.06946185642779623,2.68693023771434181,-0.493492066661204709,1.8294526885777338,2.68618766992077562,-1.09441986982553452,1.47526320509546505,3.45934350870973839,-2.93512273905185195,-5.1227681103612257,-0.00627840724029932098
-1.94329490267971927,0.804169333675350484,0.726949891903457601,-0.991243530586318644,2.36518448126226266,3.79436367400225061,-1.65202847838169986,0.324410015691375286,0.407813720428622017,-2.36536921053244686,-0.413728048972476281,-3.02767657052098338,-0.386375550157860459,-1.38404450606276197,0.611476970041205936,-0.229580036759252981,1.53938819837542451,2.49753402428312388,-1.26163999602605181,2.65177550030172515
0.666683779507859842,-0.46106332821179008,-0.149866444655587405,3.27318197339203021,-0.277478684048227286,-2.32751258578575415,-0.585135347613197299,0.135493386193592774,0.507514527146031402,-0.915059281135109259,3.17147701580390162,1.44046552922433269,0.459391689873266673,-0.00916032221974276417,1.92669108971946423,-0.807240886144181657,-1.5939013129542674,1.1113687797540861,-0.30748468836961157,-1.74939204327032427
-1.59811705419687389,1.31010754754238135,1.30821766041793608,-0.414388615197677834,-3.06670450859834443,1.65040529527466417,0.387768525693097554,0.0405449039933461347,-0.718601887455785793,1.8547254846018697,-0.824748036943825258,-0.99808575462406246,0.10796863443392031,-0.86326690814783813,0.718437033088667909,-2.49496900487394857,2.06356535884869752,-2.02425189165345332,2.49181507910283839,0.815303940272354533
2.3520097734793679,0.266960225774420634,-0.0501013181853929984,1.90431996020763283,-5.4541915409842856,-2.61317874708375486,-0.869367658916461061,0.894990478245112797,-2.3195212630037072,-1.56895248608373916,2.73747526837334432,-0.333946124253177767,1.37488148962965862,2.71136536577088805,-0.533391615189988344,1.32809812952659922,2.23107989094604298,-0.657135721017728547,0.643289030764348846,-1.54893499805889512
-0.0226460830913315578,-1.0760414285449853,0.844005251223165165,0.995383624002323608,-1.08904569519312933,1.09823798462407418,2.70876424470525379,1.99925496858145668,0.800415854601113863,-1.65801117871834336,4.74254156245135139,-2.01647999105598208,-1.48025945777201873,-1.71806954869528128,-0.429912972456791831,-1.42919923049072994,1.02002785660189899,-0.840350816627787878,0.876939270844447782,1.4799679203952274
3.2834862051802034,-1.34558829077671827,0.699968767672373704,-0.769552063411146681,-1.06919344843107478,-3.11205787579414972,-0.677509118532293675,-0.487807304297045385,-1.29944437899470322,-1.65886257434642403,-1.24842932221090464,-0.0799392265396559887,-0.435160933162971719,1.6019197016622746,-2.1151879577752255,-1.69051403229013264,-0.792012489376624718,-2.06137262653759734,-2.24691676129929574,-2.26489611817628544
-1.87841945535370392,-0.902451291214230511,-0.794944511007549925,-0.305279348041011478,0.174523940501922825,2.39116552731514043,1.68985065673946333,-1.88608772470420094,-1.90745284037201923,2.21224515063328298,3.54754645069003738,-0.636080812909511795,0.569357918539001417,-0.991315054164935927,-0.436080994545407163,2.84093294041384725,-2.3682539733931951,1.12767406371125478,-0.827646539036921758,-1.15677455613695512
-2.44488215803943687,-0.579508483878707348,-0.205604610401742466,0.713601602112760025,-2.0657531467648087,2.27938594011158235,-0.206196471624459005,-0.464177420892910531,0.0417565644031330785,1.98273496500848267,-1.70232249038447669,1.44931556511979442,0.928794582700767091,-3.50954644595545329,0.545781755795213819,0.989661322110518271,1.13999655330006822,2.98629030644858329,2.8515751290896425,-0.0437890622504725768
-2.83532301130656395,-0.941200973086689707,-1.45772903767468853,-0.195071817378263374,-4.11748265694452265,3.24152799375285605,1.15062931198674989,-0.508167557978784434,1.17069534128339159,-1.69724047742195627,0.677396256055016743,-1.98129278433473743,0.783325939062344268,-2.49566444313596447,-0.814273382201361584,3.19148412205724963,0.00705663552264613417,2.32048221149446787,0.269313330868514278,2.18061774676516995
-0.611557971398509093,0.292590438086013316,-1.38812605429531599,-2.90405263661409663,-1.29844733479429486,0.599084651275962332,-1.06818437345469652,-2.76857831294125578,-2.79393194823163116,0.802157093415734379,0.17425910106819692,0.762897428206078421,-0.205436351010025886,-0.904212089544417674,0.740355662679568427,1.49597447047388643,0.0976731035944454345,1.49625312998966065,1.17306229434756171,-1.60231635924925642
-0.659047538544776601,0.0228749237417588541,-2.9834305365791236,-1.38330679914789667,0.386602662979994516,-0.657576641156188746,-2.03897144821633436,-3.28503691582011825,0.134697395501076178,1.53541715469235385,-4.86566621144346811,1.89449856643834336,-1.15295739704266875,-1.29810350666351493,-1.12059103521320669,-1.85862760358523116,-1.55908972048982553,3.88387578473838957,0.12661691839404482,-0.678650507457893459
1.69100699414887257,-1.94766511609747583,0.129780544261659025,-0.0980265235078938563,0.0370542572346396065,-1.36279581932104077,-1.26378308467150613,1.2938459418271453,0.62880341208393753,0.0818212334148603893,-1.50592373741958219,-1.05536244873596363,1.51370798660433414,-0.300834207675332366,1.57444141055182252,-0.310970918224840687,2.15970294735987078,-0.1058431426660527,-2.30453831322565783,-2.61985699661115934
-1.59510287603670453,-2.17624985645866964,0.43142481075339828,0.2519459012648676,-0.38585835663980117,0.223441646081640494,-0.574888840763214892,2.87930281954195522,-1.68054872849577275,-1.51036314686431417,1.17099976504047421,-2.27405229373990281,1.48735728369531461,-0.358699356824419169,0.49131948028983452,1.17405784166050409,1.5659384212089098,1.72650377328897586,-0.886221123202360461,1.23647884060680568
-2.8884232335706348,1.86065828991813742,0.619307667301897014,-0.797012977300331271,-1.86987976572389281,1.18347011195632179,-1.21558944820299564,1.52553496766290286,0.435138795203758921,0.478446749437426433,-0.911377824961287386,-0.0453028995348417687,-1.84375655746638878,-1.52898633132732753,1.14090297875010327,-2.58602873104954689,1.04726196495810253,4.65549707759687781,0.183789360602540919,-0.128257690208409547
-0.975539991346209723,0.0551011828821997424,-1.29179772191634235,2.86853423728285151,-2.79070658757917966,0.470901215028807107,-2.57993274671934358,0.396246907300889739,2.32110580143040712,0.258215380241541947,-0.668905009723840482,0.58887289829214251,0.950934978203488157,0.236439246227409444,-0.93999956255913697,1.14518322508170201,-2.87927400550460044,3.68706390322059052,-3.42758373577186903,0.09709451400462972
3.02385993110425355,-0.227985871027828663,1.7677219373084041,-0.00197112251045479742,-2.14065569419672075,-2.52711430203926257,0.331485483279741922,0.389259779753259372,-0.553282393590632582,1.77919499467126641,2.41679216851567746,1.83803006444235506,0.731269086756247466,2.99857106250276706,-0.178874223326907028,4.24624477128379851,2.16181087351108614,-4.79515618908799546,-2.56948310317545703,0.364371623593810479
-1.53181612645583209,-1.22533158074299808,0.17145053484739961,-2.63424462859147468,-1.40869001067982214,1.56269036607959633,-0.252790530872591956,0.735680957404034497,-0.797089294366957968,-1.76512358321983398,-1.93194145261635764,-1.89442353118949414,-0.840407807930448891,-1.60166678814472974,0.696008433810829108,-0.301492558063224891,-0.324432012766532218,2.11070156019168209,0.54909805226092312,1.90836422502590231
0.52927923285888645,0.510765998458209358,0.700146088658685883,-3.22069424664333193,0.505523901336918935,0.256617724152293392,1.6791491425341416,0.302702487894176808,0.0446147197079177216,-1.02813570279520072,-0.949563379174770184,-3.33925795543672965,1.59336526377711207,1.37879604709673687,0.10242996451441648,-2.77281641679902791,-0.910172992998262931,-2.3919839669768046,3.11862789417438435,-1.05011928554421452
-1.19110161882798415,1.94263614990674394,1.25066951570083407,-0.622501210082263889,0.997333808676464373,-0.32072396340002518,-0.211233664074782945,2.60658350383423132,-4.30109196278052952,0.769673134948538618,1.40808826578224577,-2.87974349815529207,-0.320242946290323294,-2.00810237766054245,1.3993662971680676,4.27726005574913337,-1.75779800175620626,-0.983016755503458017,1.51256724175896773,-0.393550637810879678
1.71159880560654387,-2.6220888659199475,-0.923581252991628299,0.366721515229381623,-0.948163760098666986,-1.07166932241214852,0.604819357956036696,1.23407013623113082,1.32034318518762706,-0.890180367287231489,-1.49611901808207803,-1.28386269743821946,-0.560865487370442173,1.88326677991276559,-1.24553415685193447,-3.76670394395253449,-2.00293763756405996,-2.40242392254667614,0.423944069324292405,-0.850596649904450275
2.26609826132824077,0.336814307884066244,-3.08838611241445271,-0.332615513225988535,-2.4405894866333,-3.3975588848818763,1.8563191235473615,-2.53673814910619821,-1.06077781754279843,-1.23088291822147644,0.835969342019831085,-0.242211388202953237,-1.08641438565229609,0.340787900570692082,1.2400226220140198,-1.66259953932325022,-4.48141794048181374,-4.78738038912165553,-2.47115830598545649,-2.80471885836529111
2.56911877205513939,0.783070357749333534,-1.57668270280468237,-0.0642864383910694975,-3.10093224409447643,-4.14135509212179365,-3.06393543613531616,-1.67860577411603851,-0.963958596575026805,1.69651191803054546,-3.85715951199658713,1.64936654845090258,-0.125293489251724344,1.49242128238265304,-0.305020982732301105,1.51603512484950209,-6.48530196374060885,-0.676302158532798958,0.821573926874156313,-0.925372831160249931
-2.7071037145381398,-1.29115911049261256,2.24591962670308121,-1.50761670563563888,-2.40976930619425511,0.147689231664083459,2.24135746817909798,1.30007925342705444,1.29670909116637767,-0.00759963535124153627,1.29504395182194787,-1.71111091076812061,0.038349890755043671,-1.55054043929488872,1.10136318568990266,1.86026347198066144,4.65708367015615021,-1.68676514173300474,-0.155366696096779916,0.304830408696184219
-3.20499033803485522,-0.0509587842844613712,1.01042801395965154,-0.635166043730069463,-0.691312743182763256,2.29747563248217546,-2.33784988588623488,0.760368825576801188,0.676109231515599762,-0.461998225270864926,-2.76243725292748543,-1.30344521889371356,-0.219705967578017303,-0.17524893530184385,-0.55477487583907148,-0.0750964871773207726,-0.114053204961606425,1.73327557547063771,-1.12534606518010238,1.51847991959340667
0.862402112413133248,-1.99147207411350213,-0.893903972813953729,0.0271745249430061717,-1.22950428974239179,-1.73531786517971187,-0.486515973585362527,-0.297141409600385042,0.867188560620937854,-0.255880725957579325,-0.466156527132197906,0.494363081861768638,0.690879791773203578,0.75048448845549387,0.609129588710299763,1.11157098341454752,-4.27197318248511415,-1.25737331080541015,-0.962549821292907337,0.307928443796230689
-3.68029813227500258,3.01285549247302908,1.0524523873369982,0.992610803127056851,-0.67711181094414874,3.42485645089349866,-1.67755880832652959,1.36102738175540061,-1.8994912076660091,1.04032181939092983,-0.0139005712176148623,0.868071966847595466,-0.501411141111792635,-1.05551893076976122,0.0602655334023895553,0.420346037716180121,1.16808903142071707,1.98218916668713674,-1.29921283226218787,3.13521639560390586
-0.970522261100404515,1.79959101440985836,-2.15908440241670085,0.877243298788702663,0.736206604787818963,0.81945056189354748,3.12953590568824902,-1.86880493156542382,1.41507544925170703,1.40382739578118132,0.0347502294367669773,2.65729184046737243,-0.305700627307562256,-1.83110823571881087,0.277463271061517081,-1.25117650594534213,-1.23477914031755298,-2.29347776394296021,-0.816262851205738271,-0.273005741514480205
-0.114921825759530943,-1.64218900548236002,0.480641657695424551,0.975958241918598368,-1.8300403447233704,-0.627566712493810575,0.855294193567987193,-0.783140995052770128,-0.506911698989802484,-0.885291849354318372,0.440236034796100184,2.39399349214889767,-0.156783352726061892,0.367660862474428474,-1.5975087403908903,0.833459964662307096,3.04238844911190665,-2.15547817297643896,-1.86071407027383695,0.71308443627600282
2.21512980803643522,1.05615261253473358,0.0637665571328681624,-1.64781937246754029,-1.11256245857247715,-1.04719117297750119,2.73916187747097295,0.171128757681078603,1.68987367622578932,0.253527318555935743,-1.32291904174160568,-0.403959033834909942,1.58881593887490369,2.08833763579703824,-0.600392167202663196,1.52429129124459606,-1.39190054440542088,-2.80487830867211185,0.672493164069270288,-1.34406085800828623
0.655293037018621738,1.12073999451018103,1.96804015722535275,-1.17060680229808178,1.10483224657232815,-2.59961832245294167,2.06630886737121244,0.35590255752684985,3.07092296147596588,2.23533424967517069,2.02615311994853542,-0.905289037459035106,-0.466359014345681722,0.485937533449696202,-0.612586497500401062,2.43436352264399058,1.44052600934271591,-3.38728473602850144,-0.276162586169327207,-2.28548736485364312
-0.11513678084351224,-0.836792213542236651,-2.32879227930481347,2.01440592910156369,-1.71267095477092446,0.865971982364044712,-2.19842570723869857,-2.83116956351120397,-1.97174221311968578,1.54385915783306271,1.03464323142832493,2.21553667204396865,-0.686839964236132472,-0.814454790063416922,0.144665431272083533,0.651395935404955884,-2.48012562934739966,-1.56911888185364279,0.338123198770446165,0.980854189880699612
-0.156890489789989984,0.515041092140137824,-2.47001792997448488,0.431342662168863633,-3.17024994550691819,2.5121916535781339,1.37900992631977259,0.0246362302210846422,-0.572818522137945929,3.24557554914944246,-0.412407013440771408,1.5375394861359073,-1.49476988916865339,1.8395114298129176,0.726592486709784269,-3.23879424681637129,-3.20548245258096864,-2.58623805993809608,0.983912233526941682,-0.412216442370171909
2.2377340332136888,0.362416710559183675,-1.63237497062420145,2.41841820792096618,1.16700952029560856,0.51933247566774865,-0.418503310022120545,-0.0523932384764706494,0.242428671106480281,-2.64652229858931909,1.44425784275339653,2.49285650378155532,1.64620088388081709,2.3472793646696628,-1.87743628450827504,1.87857694143678189,0.879636239849130752,0.717334519522482283,0.346544255885658181,-1.69881976059765982
-7.39536179112386893,-1.11803207210769617,-1.26502754498934489,1.22233015005526968,1.72887144067413834,4.73886439384738445,-0.55436604601477435,-4.59927785969852199,2.77683757918313523,-1.11672033958377903,1.9203212141796846,3.67518200370014148,1.21865425452497278,-3.8537877529203528,-2.05555741874084141,2.36341502972848794,-3.07041232228471106,7.93696403436184905,-3.26984990648550067,4.95801517872102604
-0.973008987835720096,1.79426852072527621,-0.416395052233924756,-1.74850319400714849,2.4008998105292112,0.873138266508571959,1.28219441788657229,-1.14472260410578053,0.876465784742423648,0.676885807883603863,-1.52595763039846566,-0.877195211543334796,-0.547584234602225051,0.694356310045862513,-0.651858161782939649,-3.07804439015165832,1.02073760959288662,-2.54565499365043424,-0.107308962904530847,2.08719873255704291
-1.07333747940878843,0.750869880395625744,0.281246053446318089,-3.32387830830388742,-0.980070991084246335,-1.17432883688155343,0.438480852892022099,1.554111451828315,3.20133261706792771,1.02341579590001008,-1.79531663713576073,-2.26824008682753453,0.887944709641333874,-0.839724161200291919,-0.499384653466805162,0.0485142006637896972,0.757380484403433196,4.05006823589103337,-0.568360788193654765,1.30796879442809555
-0.111650792685943787,-2.38311742690964756,-0.943728424934318855,0.0534611117664496177,0.304663126572391696,-1.74480171841578247,3.76349572462059889,-1.35489851051460541,-0.208685623978253687,-3.75097571914030103,4.92997027984831515,1.80760501896632686,0.281732952728621588,-0.616717092042893711,1.67868590617277902,1.6378974244454565,-1.18857168483471209,-0.714514388630944963,3.10574151222667538,0.019433370342670616
1.24057159645475301,-1.59955751912851141,0.23718750851285933,-0.485378699344358733,-2.53857554532003826,-1.58715383841005897,-1.58206523546591082,-2.04528016023026593,0.706319920287969083,0.963827548881821761,-1.70784319327779754,0.876618761546253289,1.31604778574243286,1.05679419239947903,0.189610707937299339,1.1284490459073595,2.49101224049237668,1.43134689882705923,5.20524078770601939,1.02865954562483464
-0.471767239727625909,-1.62145300588701047,-2.79274985569525924,-0.986212663082770891,0.482305446810091409,0.0496724576679037563,0.695890345049745562,-1.46361658473727552,0.45300965899605844,-1.21044540191063899,0.213942881040162042,-1.3548477264025085,-0.128340375697828524,-0.268553729251996776,0.196081019837188508,-0.948574656692975915,-5.41491265285252066,2.5627189732560014,1.83805436314502546,0.670914071680597912
0.167496971508403508,0.663381145504030156,1.19675324014938522,-0.855426099185646494,-1.11069938802414181,-2.16208719926938997,-1.00109113660708893,1.54189668297376237,2.27920998322533208,3.58371886026866093,-0.149294749715197989,-2.3704953721337132,0.857166779350852059,1.95022068459872244,0.742942622948026044,-0.874601292182573542,2.60577142936984041,2.1866766387180161,3.02997649245147915,0.876708292412022971
-3.30110845880772974,-0.839043021236442588,-0.147764493788231782,1.38164419143578154,-1.83060802041619874,2.00323650067925696,-2.7352851043231956,-0.0291867489878357526,0.811391322772522683,-0.463670020496646129,0.0878727811179656065,-0.368527729751478239,0.0606868859785494666,-2.72693220887727783,-0.705440482357234888,-1.9807694666040252,-2.05979812951584984,6.94343943460513113,-2.26676241175763371,2.82897645425969291
1.98992926621065425,-0.837773937407020997,-0.22614698246692938,-3.18739103518121025,0.388384411697126619,-2.06309010923947067,-1.78039530529800283,-1.64976390838888509,-0.515452698655036068,-0.960137500820199774,-2.48658212449386395,-1.46176884844449639,-0.0203017180908171835,1.35056666515997392,-1.62011675667476029,3.65577383297971004,-0.607867626589985499,-0.584413513158187681,-2.34649601077184577,-1.85153843584941491
2.38162464256586714,1.00424486522098233,-2.28330390535658712,-0.78004067382116804,-0.383325744786179923,-1.08660248616389055,3.19672851714554307,-0.564579128478867376,1.10714362943861255,0.121533221143909492,3.34638659564348284,0.697238448631134933,1.58318648341499757,-0.118641097012143745,-0.519718225632925801,-3.52485286932296127,-2.15727138902054261,-7.64921372230917918,0.736254482737964011,-3.48389259093567949
2.91439375101723686,1.73230849898793515,-1.10491366702568805,-1.18754698579555429,0.53535939597709159,-3.8805752628887622,0.990121693645903966,-1.57350329969035618,-0.252845856953751225,2.06894697917036741,1.56565704357714641,1.61173955531666824,0.258275396040034799,1.07931845624965939,0.397449086139221197,0.959375648412841064,-0.985592292065246012,-1.74429202361339253,-1.47239141303326559,-3.62657936265756131
4.23243603777834654,-1.44785098533820444,-1.83565691554214094,-0.635869135491580528,0.334737013415040863,-5.12806799619038056,3.67805525085056706,-3.32631410198442179,-0.25230755506962671,-0.868974541854839466,3.03376739697580078,1.20579055500354793,1.36437026902284297,2.43359642180544133,0.276952319853507545,1.46368631890410361,-1.24909456544761022,-7.18062738991957517,-1.79506255704160789,-4.08759291003941616
1.42502229328995389,-0.813255787582913503,-1.5150342482042447,0.417500654040284136,-0.731379015452768733,-0.199372429252208605,-1.49686532004802486,-2.12936160342000758,1.18600034154772183,-0.0480614978175541996,0.465208648097608979,3.22275422004352174,0.453990736269334449,0.837677774579584478,1.07522926787090412,0.963186898952602677,-2.99583723790986989,-4.67406005098129995,1.02470532119591273,0.0491732222538944636
1.13974714030437063,2.61753969232813066,0.211362678319054698,0.496100461606747756,-3.40154279076896415,0.293401989118957651,-3.42669326899104476,-0.863041821845136004,-0.0232011437172197042,2.39770683767500792,-0.912883645685038658,1.1927520480701681,0.706601292947744763,1.83290328438998351,2.65279380878318838,-0.456516742016718824,1.89748905948844282,3.17970538957616755,5.44607518199903584,-3.18166854930688636
-0.64460278286451711,-4.10341188775770505,-1.07737061834928638,2.4044371395421833,0.0895970622252565407,0.855272080789886591,-0.298271585107761472,-0.68276042900259204,-2.21186493506568116,-0.750871614284063904,1.82275088303329769,0.841922446577205941,-2.46529665252574759,-1.80869838938933647,-1.07044520779640262,-2.24955024321691255,-1.60675859925131448,-0.0473496755630657268,-1.80210161296316262,0.831278376438247202
0.868906625727706938,2.22687747752723686,0.688603320432359722,1.87903575535700385,0.126164781776123891,-0.299346986426148765,-2.14221915844391297,1.13862567919609159,-0.932283914210389253,-0.134064678267602766,0.521639081279846706,-0.672654203044959265,-2.14534990100854328,1.90586468122950148,2.87501097795295069,-5.49315518179246265,-0.41960177182752384,1.38613869298389969,6.36828833343770651,0.12597804950975186
0.883039185440045116,-2.26329693788349307,-1.75515602213273914,4.30881747815557059,1.45038934803400088,-0.500305868961015365,1.15760319955109137,-2.29426284857130591,1.76929928624596799,-1.82639422398510143,1.27956979668666548,3.17427408340199291,0.433316088633170171,0.662802544476955302,-1.79418813360525498,-1.34195154462964172,1.81743903556801589,0.493331440056128556,-1.42243403121619072,-0.365942373674705224
-0.987168960422415864,0.466412409977347564,-0.489315909109950653,-1.00076631115830339,-1.81198026912529309,1.10718118139175337,2.07871628659713759,2.12670106725186692,-1.27876115227169151,-1.2449629241480904,1.02991096299178442,-0.93853547118575531,-1.33445094748016624,-1.61558586232421275,0.12571016687902048,-1.49490847167960128,1.28789381280742976,-2.6073152653189835,1.96929215417396319,-1.18741998766734835
2.54617619659040617,-0.605947585564674762,-0.656056533851475887,0.982527674431619591,-3.03485108024759587,-0.87261979761709485,2.95116125047069744,0.3169051725322517,-1.15362304636138702,-0.496687693659945417,2.99534157939206791,0.758105332836509493,-2.48638517442844087,0.748030575690478705,1.33222090989338859,1.47394212777181299,0.473513092567922456,-5.09495692397923339,0.825099226113690576,0.100234884610564068
-0.48402703450300727,1.238360018670986,0.210594499136764007,-0.930565313356956025,0.185326603923981509,-0.685372115691680883,-0.0450716592481746267,1.68575365942157163,2.39644045820068641,1.78137451877501407,0.118676709747782078,-1.54620694832113581,0.387380821608763692,0.128982972200484575,-0.310275236228770179,2.62728833297327968,1.49011790643064956,1.76474420174753677,0.598794574348514574,2.21257235511628103
-0.0679685215673533349,-1.88960995355306349,2.65011447763320174,1.2905399132550226,-0.440541941033588069,1.74504628019885866,-1.93768081460487074,1.29226332000765076,-0.327642689075667959,-0.778664685028063075,-2.99166942801375502,2.16919085606756079,0.383052907295463985,-1.32973102077141347,0.670511129559221541,3.27524169607589943,2.42473631763241615,0.984012609329081189,1.59954598418308236,-0.990436312584218381
-0.300828616535246063,-0.0333291499643905836,-0.110658110608389232,-0.352463401269418219,1.84234709246834227,-0.98523957080659863,-1.38420195168282745,0.187495810521472656,2.28605080060724708,-0.497705432023195504,-3.8013487916024622,-1.17837170871130259,0.334298270584093615,-0.208172292587032071,-0.682554720622676747,0.954929593488662243,0.348774129654369713,-1.15188456293183816,-1.85565242555903853,-0.159753685800564621
-0.311672886030850971,1.16118703536356982,0.0706191805485343327,0.296921348576627997,-2.62080671528697984,0.773224815453291914,-3.03322166766538981,1.16063456800742704,1.71844498710787508,-1.05365602111759715,-2.73960120020277031,-1.64117831155143357,0.326917402893223519,-0.080346722207178381,-0.362875751369437394,1.90772175576461533,3.84600729088364846,3.32734198262086256,-2.21856642785038716,0.594897394174622951
-0.330434816259411179,1.92276068339299755,0.446893141108072323,-3.13642006785502714,3.74707582477761569,0.115441999085497571,1.06304110491322845,-0.446648399497951543,-4.69327550332772958,0.629895296338215283,3.59439180391716961,-2.58968217910874854,-0.59580976876150693,-1.7896099966341652,2.14219588990036458,-0.270004117680359035,4.55175822806115704,-4.62631486460304053,4.13899182616027073,0.74958992325486351
2.01388821497035009,-2.52115275158086183,0.514009541350867738,3.26491922631741227,-3.24814475221221999,-1.64087523844308425,0.70094182597245025,-0.117477027293039896,2.04068879978308182,-2.68842416619815472,1.24564235167445725,2.38406785918972597,0.975992581586709429,2.39176114912220772,0.491119552282741956,-2.29504260535912552,-0.138868960679194686,-0.0553344263666672026,1.47917275176808438,-2.11667988267766605
0.0928782419552444116,-2.00407492743271165,0.641051453924143977,-2.13404176885399455,-1.20500255759460129,-0.499507313770645833,-1.88245174619391031,0.633889843674271369,0.537642983154995036,-1.43009789220201866,-1.9088277335107271,-2.20223146902030287,-1.38698900826694249,-1.280669079429545,1.50986861035583786,1.94652386502949537,-1.84419730510622104,4.01449737258375627,-3.72093969382377976,1.44058366978649177
0.305763721503392649,-3.35383570242935836,-1.4302206141768341,-1.23975483223931349,-0.604058730525517951,0.0358982847997802376,1.41981497256565325,-2.63592367150162099,3.49404263252521963,-0.556795789433370603,-3.10940695277950718,2.24795031269214318,-0.0653120373158555118,0.0812034427023159422,2.21404242833705167,-0.0287929240040343329,1.0578104458181159,0.311949511852105454,1.24676083620451417,0.235478962419668231
1.57536520918863765,0.514739884358954902,0.986193008055671561,0.601245803965724357,0.297877081677536182,-0.269869063833319545,4.39880559197719645,1.38718450568031892,-0.0560844985239533564,2.11104400310543561,3.5525046817750412,-0.820873855364732341,-0.594981882904466075,-0.0839469735938770251,1.94823977751245603,-1.00638720814928262,-0.332121594863573455,-4.63402694846254892,-2.21174305058026421,0.873256436918897538
1.25825244731129016,0.268900923340980813,-0.67863399758193188,0.117435085666302882,3.31717367806584029,-0.970496425308027821,-0.140016106392143153,1.62366901955217813,-0.942217157552118323,-0.737005348342793964,2.21889405959760877,-1.57102595381291543,-1.02599770536721513,-0.706942813950710236,-1.440415307372648,-0.291333972995703683,-2.88882161206930688,0.394873259883468164,1.67081376450924513,-1.83514975277543124
0.904851006324992269,-0.41066220017934707,0.728106721125160172,-0.546814953893354549,-2.93224259902697293,0.202603119996701969,-0.363559578741872391,0.69340098713566467,1.29831557618557136,0.781202997190837189,-0.0608883019153403093,-1.28559361064034938,0.0634730352901447803,0.811737747221650707,0.178039360059267432,-2.02887967107574951,0.476620890526745999,0.394710799690528524,2.93257055195754068,-2.27703787472825514
0.755810828601114149,1.70452688456963708,0.166234377447069842,0.234920174908268414,0.838235262324248054,0.00941673353869542686,2.05063855868562062,1.78149609490937655,0.303707087871468828,1.10335000455999244,1.21548183712896063,1.39569030183852427,0.896545350155357412,-0.0501896369169412271,-0.71908196468053176,-1.06855391128646016,5.30824895119783235,-2.33553684428782349,-0.466115230543296954,-0.614746681697836306
2.02406187210645383,-0.896982227135045274,-0.349286159975724597,1.75052209736810194,0.398763610896982368,-2.23979265017754159,0.46586316965611968,-1.73755876502397411,-0.596683511990161675,-0.939129231809289644,0.660746791363002184,2.12578415018840028,0.61627636379381745,1.86314921900406683,0.0399377515596969837,0.77503954045413459,-0.903159452398801466,0.0845364281788967276,2.71152774684756404,-0.56849991650755749
-2.2562205002965543,-0.562546723218372291,0.267588814538706976,-2.64324712991874966,2.37131555017936657,-1.18514149713192185,4.28289726214902888,-1.47633067922296735,-1.62068839014732458,-0.425427562337143017,3.11643714868776112,0.919626008175855936,0.414004726172631621,0.174119514074967036,-0.272309398210120845,1.52069755301737408,-2.22909462605376252,0.00576525724417422444,-3.36277740726403884,2.9537670016049824
-1.35228260600149652,-0.0609162525132409607,-0.234916774477622936,-0.662416576161497073,-0.324733837271785342,0.156578945288075339,-2.27693480059855347,-0.776208405693965653,-1.63070655647807494,-0.728204835789901472,-1.25568798696673944,0.136943183339122476,-0.381062482494533838,-1.85109075701367121,-1.73526425450649313,-1.42650838683379977,0.546645411297974948,-1.51988851998070129,-0.396636878330936082,2.20914055025134548
-1.35066610470041892,0.709677418226921319,0.570054639396548102,1.98935446444522523,-2.04528691266278662,1.0011666647422961,-0.726978979324906405,2.91025968415755099,1.35380556075150182,0.781543857848538304,0.288870705812407813,-0.356174752954935558,0.0141010835417807456,0.248112459639562855,1.06609172088845838,-1.73634136831806773,-0.168517327137637118,3.89783237939125371,-1.42990609823828874,-0.286331343220096179
3.26267780420858999,-5.63259679176655936,0.975049221109694164,-1.54791045399204963,-0.352279282153198592,-1.87263154162539069,0.0177723428908382365,1.65325551684877348,-1.55948195519656441,-3.28189927490173972,0.5251432379731511,-0.903928009732626103,-1.54839773181951368,1.61073043415382666,-0.540261162585530141,-3.80779047911537427,4.86679427209566207,-0.832556246581774184,1.03007452813042244,-1.16576177779422929
1.65984206243264487,-1.80142829893785961,-1.33125849765279725,-1.65724990981370568,1.14579801905219925,-1.33390488627905834,0.314024575354353741,0.171873081836525943,-0.265559896377700388,-0.721858014362410261,-0.204845280673557673,-0.21393208418535048,0.590738111520066389,2.50628925037319128,0.813480990740567678,2.17397180069647211,-0.0231729478505972863,-4.59029603412688125,-1.37311648084568572,-2.78973763385080087
-0.979811121712526822,-2.16117427527619244,-0.299861611123158789,2.04628045876449294,1.58167630862335207,-0.166240767765638675,-2.4509010590377609,-0.468198644321606405,-0.739207851265621052,0.232734258225122947,2.47344929716498729,1.26381466321051183,-2.27813735317502752,-1.18575862266382037,0.0225943300215064105,-0.505569559661009693,-0.373262817646365153,3.76006129858715621,0.720788367600426971,1.70239087001003697
1.38875354631373304,-0.456499600915703574,-0.480777961166859058,0.373422206202886575,2.82211693414434261,-2.47477784756018471,-1.99398729605774472,-1.49685330727920962,-0.534255849024820151,-2.58135280261537714,-0.496621472704223743,0.528361169766680683,-0.706852195319285892,0.0159055304382422526,0.948654937850629265,-4.21836832857249444,0.925955278118551384,-1.15905691838280367,4.43002183595831323,-0.107123529343850055
2.18155581233542284,-0.876800337380392647,1.02394164959305911,1.8229507579235662,-2.72638373224475483,-1.11004207284976819,-0.728774272462304529,0.405687259925554988,-3.29386539831513359,1.40763179752562384,2.13560878888347583,0.336403396896164386,0.249799701953673625,0.444300683472231173,1.30493898567770428,1.02081998031497534,-2.55873170687799689,-0.491472663264990783,0.933778384689533225,-0.686828916165174497
-1.09068799132743877,-0.71367176957925349,1.06891553011470175,-0.491785151359595718,2.71947527983031456,0.520705717681468561,-0.29187802145508851,1.7729942549859663,-2.12994217884188108,0.850275705288489503,0.21663847755312457,-0.852853588471713886,0.411602976124225417,-1.85891661325137436,-1.6818020703301837,-0.351420036096224742,-1.29870639216917105,1.06155378840010339,1.62476119469009994,1.42878580342541039
1.61375007771724199,1.89598154786449524,1.6961061138894471,0.882197832015275352,0.874985735034464751,-1.8862517275792301,2.17412161032163631,0.277351805337467228,2.13580431035350093,0.805491501093960394,-0.211655455811796872,-0.159925596351473354,-0.0888942133907008325,2.13936755946771306,-0.0921616864112889816,0.16152943339681719,3.20478940243656885,-1.69759566623447578,-2.36408686792909695,-0.630288269515072885
-0.188175821405890564,0.982593597204901359,-0.136687754742626177,-0.870043968739329654,-0.265519961110548264,-0.839726397001908986,-0.0865947029362046927,0.657258141881384206,2.35373609064974598,-0.73646698180909298,-1.68784896407001761,-0.304669226967742124,0.0870252658777123517,0.253826317123802603,0.868369026839150848,-0.95602313875094902,1.55568420275152497,-0.367534605314899676,-0.0290239354731947063,0.793693906351191969
0.627240491791653199,-2.60217788271996309,0.421097324734647338,0.101191512027906702,0.572969317808645684,-1.66838554064459288,2.17562148175576597,-2.11608814286044966,1.28134144957725415,-1.70959504680335383,-0.521556802726130142,1.75026959301493701,1.3891894819208197,1.92010688652012429,1.98298836666944367,2.05310569300736523,1.18578203195269727,-2.5809140200560079,4.80420268247513249,0.51038215279825494
0.209266784956715191,-2.29052676206412542,1.57922492892892929,0.767009153000293153,1.11782892972719972,-0.542936960158874382,-2.59309318081636775,1.5489073586261306,-0.57306308500861336,-2.36999886480798327,1.601259319451797,0.910065590569122951,-1.48902783178526188,0.294159835659191515,0.818400207483472308,-2.56400172987895569,2.35539726452448184,0.18506063350925589,-0.948287733529294075,-1.00838913396859198
-0.844990067064288142,-1.42574693699750599,-0.452223570879022929,2.08994274470970653,-0.337458671671690691,-0.880148407598131843,0.686143345295267215,-3.08035865875170867,-0.0204870493036860835,2.26871719165279551,2.81732676953595673,3.10711638899127607,-0.594435635323992351,-0.455136946568061362,1.41487191877039775,-0.714615200098519754,2.18884001686664398,0.656061848610992371,-2.69289968659016532,0.570261280003054649
-1.42640115165522219,1.26500690880071698,0.648861364853062006,0.596761345999012316,-0.497511772687411757,0.762514093898346013,-4.14368224552533349,-0.0255849996187612339,-0.863934659192054366,3.13908895660201992,-2.10459020171287747,-0.186890917122855937,0.0455293300099354342,-0.349468800176202909,-1.05570555510123465,2.89852379436381957,1.55658194912191772,1.90737922886825295,-0.429209581605688562,-0.542123108073371718
-3.25572595673558141,-3.3663602545788871,-0.738486545098965275,3.13315088510789197,-0.997935858361081896,2.03544519429606385,-2.63884020038313771,0.491827364019261415,1.18543429687140134,-3.28494002473492852,0.289654948567281023,1.99098684222095113,0.344548167288077134,-2.67762072179932575,-0.447350012192672231,1.94073623557716979,5.26145598752612909,4.75097640456862447,-2.6770501086316445,0.395643657620045719
-1.67814157877246228,1.11820814825666659,1.32483754708221824,0.886992298522642053,-1.28884292027774516,2.42352098021483231,0.315183659422891227,3.14715755980761136,0.499487330045752354,2.57997539383009578,0.736103138726074135,-1.04719728849999649,-1.55046225072393806,-1.88276656191841907,-0.924822416618456322,-2.05587323558474333,1.9477504316507761,1.13085897441340189,-0.321345071026851226,-0.0296027712692064245
1.49357713306979623,-1.08106633297994437,-3.18652346806358233,0.899811118806634447,-0.572949981233154992,-1.59788386319603926,-1.90665514522086932,-2.73619298749738737,-0.318624394053588167,-2.19979891889050183,0.158637669470773263,2.63278380669727197,-0.11538828151078917,1.46103780475728029,0.102239893952454447,1.7117114049648896,-1.29401373341500414,-0.858255826037883973,0.9472945115886372,1.65336802792594839
-0.0273033837752592948,0.22559986252385511,-1.72427740473357249,-0.622862034826249689,-1.45375764051040846,-0.305142423496126802,2.12361243264589028,-0.667771254909283574,-0.700741816768406744,-0.450281939569640965,0.759274760186545716,-1.53020489965568918,-1.66057641646772591,-0.586045635124203157,0.481403262966776491,-1.49243755172377779,-4.07470490585959944,-1.7659493818470553,1.92427579965040518,2.13704131585761736
-2.13807862723449071,-1.94828077092817153,-0.532661613266395162,-0.617709596150282869,0.567865354680467949,2.00344945411347064,-2.01106616646217606,-0.148069845675538742,0.951759439422399045,-3.27595811515528146,-0.622754837736415601,0.487115020769365969,0.200561647397862058,-0.330124532025068085,2.6294509271763844,1.21111802162643944,1.13032202958592087,5.65297695039391712,0.899344131779362677,0.819841211490704103
-1.43098261254470582,0.510699239862586918,1.54101915436571879,1.17160821585539843,-5.16230100893437704,2.37333537063538635,-0.414813879026747601,1.75734738582167216,-0.802286179278441702,-0.801964055799647135,0.602420633951407769,0.203991599466839674,0.481007075599764078,0.154098400844511624,-1.11230253035425486,-1.17767264489724832,-1.14668937966031992,-3.71774967856295291,1.91945836949155813,0.942130215890615408
0.986320777593201581,-1.26634030213032034,2.14784494056336905,-0.131601168564352999,-1.0882720185052106,-1.25870407952527463,3.3314582613649999,2.66673540900715,-1.59982906409898695,-3.53955385540513179,6.62625537031381207,-0.480598107876092917,-1.52762094080290556,0.600158326456796454,-0.310946982024641272,1.98343208014182526,1.53485229404060641,-3.91427930646788091,-1.18441452295053229,-0.323112921649604867
0.745481493987983357,-0.976985801941000043,-0.519242497749338505,1.15750001554711424,3.11757232229802117,0.533782320066608751,1.8188614233077891,-1.88817998888730787,0.602269263935192645,0.971864494460473516,1.0877781517805607,1.03016719277651436,-0.123948873589388817,-0.352109390567466873,1.19041140741405416,-1.4310562116428176,1.99371861157941832,-4.67141624345654893,0.561123550936311499,-0.305869783288219177
0.236966081873763446,-2.53240507731588016,-1.62060813862323161,-0.936617611191962851,-3.50539637887198463,-0.0720028280367996792,5.71118605482138086,-1.03701743860830731,1.48562919077475875,1.2915378983079151,-0.0939437603338817429,-0.608107888999601887,0.00468689888536059397,0.0899804986357197467,1.04422035458885465,-3.26149483380205663,-3.99852043623601539,-0.381472319720752295,0.823867346525722577,-0.812226032099179762
-0.805818868367202956,1.09754906920942141,1.74435252169890198,-1.6651176611953622,-0.826455103835984639,-0.0050788083173817708,1.0566581080045272,2.45960450024304089,-0.75301362182688647,1.80633037289594833,0.60131169285896735,-1.55640414637212854,-1.14503140823945837,-0.465987822388892081,-0.575387527472534077,0.977013384834169885,5.32530664975962154,2.26009895233374403,2.46730616189158081,2.03372843177137819
0.287717250041367001,0.294980131453816963,-0.448675606403316773,-0.520294764834006496,-2.29801883544808216,0.0666765713650317865,1.86840610779859739,0.253480435411137406,-0.797458918952836937,-1.53116914394768888,0.943426455600717362,-0.253652193198331266,-0.347842212129884809,-0.820729393741962632,-0.19264594768818033,1.28941279048848756,-2.79301774850829965,-5.71607674796491594,-0.589958957394963512,-0.535111090415223534
0.82079263485884979,1.59147111769489258,-1.2625149679257015,-1.15111610774168183,-1.91784996878030989,-0.208702366142388185,0.643873738209342683,-1.14059718685642908,2.1171121802714592,0.381637875931521153,0.278065346959998905,-0.822919180782705317,-0.324488399997549526,-0.934169995770347872,0.626728372865138716,1.20754062577325949,-0.81191291652787545,-0.146006190934777041,-2.62022775473927272,2.02577680099320467
1.20412067467325001,-0.564861967944621957,0.196697364990873591,1.3404458360423277,2.16870694505388117,-3.15815807684824579,-1.06611349806659161,1.20108969203863847,0.258173663622023986,0.454880797680082771,3.18060203136190101,-0.361446346774162153,1.41083629936667654,2.01784012149828085,0.911611369756543999,2.74991705665096031,-2.23328173303712596,-1.43881285231806366,-0.194789236202208393,-2.42062169040443598
0.0627645333990689835,-1.36036989218493654,-0.110903596542789654,-1.80797089114165432,3.69695552732110189,-0.33639821422972116,-2.76081281207697327,-0.48111842277476019,0.268997096441414341,-1.59060191558953656,-4.52096337030742479,0.334212641969423907,-2.13006298116182347,-0.633538878627694868,0.629449614994892048,-0.879119092616284403,-1.59479703924736982,5.90462262018821615,1.44857641114723035,-1.18139845751755557
-0.44925933629992354,0.357927888147699713,-0.381168185250996439,-2.81516908801228283,-0.953490486135082027,-0.0635342216475960481,4.09463313341997637,-1.84605425380013544,1.47467190341232568,-0.755919094137503578,-0.190704117420338881,0.565923648678048896,0.235780650069461334,-0.765431279786051522,-0.0327596926404316591,1.23507858190010955,-4.14033695451733763,-1.90992961595939925,-2.04620261272978521,-1.59803050332192975
5.51514084778012137,-1.65953135965104304,2.81174088561701074,1.86782399224260565,-0.0197109896209694199,-4.17960903518696014,-1.28021203320030685,3.70989054857716738,-1.96156695569900008,-1.38918154678314876,3.70672610461517316,-2.68938288117071211,-0.345908973166270617,3.01020723352836006,-1.24716754696733889,0.677534672858462028,1.5329248564985607,-2.12350561287261508,-1.85527416906287246,-3.56313263159919247
2.39619906958074846,4.91900585569695004,-0.120042520255280519,1.86504584182462652,-1.32080757116259306,-3.26601173167395942,2.03270373257020021,2.07851084514300632,-0.229515007485943529,4.08222839880211552,1.03753476906052811,0.126773765078260853,-1.44794890616594452,1.79920725841797213,0.933366773630761926,-2.4178901459400941,-1.41275942654203646,-6.41285753405163916,-0.546363131539975733,-1.80840327649944665
-0.214674650090552505,-1.56940587136926157,-0.952961938881515036,1.26823719550516545,3.07011994262670074,1.20220568330174005,2.42130460233360623,-3.2438580544615423,-0.511292264680140551,-0.211184112653746398,2.53061605638620524,0.513557645574302168,0.139080951572202849,0.139011560031879061,1.02985841339519379,2.42841756089805338,-2.6193317965622378,-4.08771788466388397,0.179416854802037451,-0.850020444780963169
-0.758121442733752149,-4.38622407074669685,0.249523452493109532,-0.440058144875768165,-1.70230662326262028,2.19765807203776076,-2.18853212402020381,1.51911164206845206,-0.464318039954859041,-4.77547944851890804,-0.819731996509417082,0.0402787894142984659,1.06219861657111014,-0.444349504909874848,0.953041052080401907,-0.645297158293542394,-4.64594542233785912,2.09118205923195966,2.59402761710365981,0.0281180738106900259
-3.5156820158876676,1.44776752598443537,2.34240150399353819,-2.05921583926127472,3.95378359842421512,3.60401853675756101,-0.218634457431966439,4.03576240986016366,-1.38192828799964085,-1.03548579033637345,1.02179236321755984,-4.56389318857973514,0.474940175835366962,-3.19914567536887429,-1.66747424822961965,-2.53479878862413255,-0.301789527102779787,0.891076314362678645,1.16474114267420314,2.72751908708873092
2.06879396346413502,0.133200610241677841,2.49191985444036002,3.49254068531770168,2.88896677944761215,-1.71662266340002101,5.68277618106187532,0.674858219995379427,-1.39042440775371778,1.55292389556193133,5.02377004303329233,2.16661303179095155,-0.0138314444207910531,1.33486939358322521,0.251537523331023027,0.313322380318595828,4.94619000125842057,-5.06666464102956127,-3.95130692256907112,-1.9979887525156721
2.37396971007400559,-0.703700376495902225,-0.805445588750825614,1.54394865746328191,2.64282375946637726,-3.2009400495202156,-1.53226798905679606,1.32077615598874853,-0.706751811934442919,0.292530822879285335,0.768382659089043796,-0.495846271761052282,-0.414359075215219419,2.19947980052442027,-0.800176451916159048,-3.34081950922657533,-0.503434662098414143,-1.67518122398231561,2.9141513526084375,-2.06612370610425655
1.39309847704301815,-0.249559486470873865,-1.67326719850461658,1.48918880141127441,-2.97337748664632295,-1.83368606067669426,-3.16362904314608873,-1.48848523838614955,1.02929571883508042,-1.901744080159677,-0.486345744014623771,1.88548564418483466,-0.693864531399483231,1.91606806344928526,-0.755365003258683054,-2.39310470167893019,-1.86154556934049209,1.43924950282566533,1.45717215380370702,0.64912765217617685
-4.09712713928092143,-1.49240231758771991,-1.07311609170465938,0.135561889667498187,-0.253070522035412693,2.87533717498126906,-1.03266052739411407,0.0779723045760134514,0.684393332259564779,2.28661337135093445,-1.61504827917065419,0.526001906342638548,-0.688111603047591336,-2.04776830422057499,0.571757975327994883,0.585863233591208621,0.134328423444671802,5.22191372673530019,-0.820752679964862564,1.16278997439551457
-3.60879133999544699,1.31332956922861488,0.573024831161254911,1.9614170851523558,2.24675224667245299,4.31792620976868502,-2.40940827231859078,2.07594994005498723,0.875742694863118065,1.28555176720485287,-0.832502360737658376,1.33783641667572817,-1.3099634926264736,-1.64232122216674048,1.46481945101643962,-1.2470755022664981,0.311386745451364799,5.06150759130511929,0.406342814129191654,2.65808259419543447
-2.59801105083168249,2.40350033983716971,0.955404911072140317,-1.52886835881999206,-1.29776948943551207,1.37975384972728632,-0.231682606203556685,-0.0954997759765819215,2.51724620247119946,0.833340041966500356,-4.67720458514395609,-1.51485398935495841,0.290673441219797601,-1.96482214896732299,0.380271223747150777,-2.23879499001055482,2.20145501809828881,2.47968705463370664,1.71128522808034744,0.700102955634893998
-0.0180698121916137364,-0.138171860410144121,-1.77207921491705633,0.916452068663394015,-1.9580828925861391,1.01876216036486222,0.383061609233987688,-1.25143625041399775,-1.61243327069190845,1.5150615805976968,1.39461569006599251,-0.852967716140449195,0.408310270827129118,0.399393986997912953,-0.206141626443090059,0.781222632923442961,-3.99452428687065986,0.240033271329747527,1.05831914072563249,-0.503527028990450876
2.96381838558312039,-2.33515215537732779,-1.45921124979299965,-2.49567937276686891,-3.72171866829503406,-2.49874637093670238,-0.926008893950578393,-0.661445528066188393,2.5756945606066517,-2.73515930445528177,-3.58013119316386641,-2.06439652533070639,1.42444102960122509,0.365493678814687528,-0.461983760854511372,1.44659503814723656,0.754540262553575092,1.79731730459350159,1.1118546950627759,-5.13070810727941851
-1.26738152038432395,-0.114505953156897794,0.864733119496559843,0.645184231050737411,0.13877663907066165,1.59909104878195341,2.13979414587592176,1.77688526579367312,-1.14549727186683858,-3.21340114199118254,2.89464247464067626,-1.81449160377499319,-0.00124076886794918578,-3.69596547195675518,-0.862789256065309984,-0.86973762135928212,-1.23497179039172633,0.163114661364944902,-1.63580371239301248,3.19928239499363798
-2.1365467157519733,0.27099195117439534,-0.00297630026180281801,0.490518199318039749,1.64568654563576433,-0.668076512001301359,-1.19918158903100469,-0.769284685089172693,-0.22106956579695633,0.610413321463044944,-3.06244224330347015,1.98081677761345332,-1.83664906983856357,-1.99024051795680768,-0.185416754227138464,-3.63580069604627365,-0.481875338469147096,2.47822643120612796,0.0203617225070249486,0.809284879962286152
-0.909228848421397173,-2.61261442211116934,-0.0131913778983940248,-0.0370745638451704176,0.962936694625550538,0.880040406842102718,2.63601726890516108,-1.19544280601134223,-1.5673981779459969,-2.27040171950654246,1.02540678295306376,1.4308173894852807,1.95311830382266405,0.783593962775956387,-0.557086715748032701,1.15688417244566155,2.20186507302215428,-2.9794859130414153,0.470995316428611532,0.418260203536265418
-3.32919316706402624,-0.411923570592192367,-0.800094494776802834,-2.40931330465638283,3.77621112361373523,3.98383684686011152,0.210402109872177306,-2.21644817135530703,0.184757211698725304,1.82432690167709755,-0.738751462449926066,1.28755462146249733,-1.07694142463336839,-1.91886375079068849,-0.658257598938047028,-2.43005820769784275,1.28018189116162562,4.04715819405833699,-1.45748209389807593,1.50911951878334927
-1.38692649479517338,2.70160385207920495,-0.382208886669062331,-0.649415450357475499,-0.851482542699299794,1.72051895539177546,2.13739183918776465,-0.340279259371641274,2.53298662214243553,0.623995497523974763,0.359151567471950928,-1.04877508957094445,0.68258971416325509,-0.911400441310118548,0.915567133133481814,-0.213638511306246809,-0.0995292702304141491,0.477210995189926379,-2.57282573999494923,1.06876739891238892
-2.96671285052411182,0.010512876399290343,0.692992802573024647,-0.520558293721657739,-0.356302852281569216,1.69755259634305422,0.0117727531185983208,-0.108270980898887398,-0.817431754446940828,1.15962381154954031,-0.0314505196916683161,0.351122774308806396,0.499995538092270098,-0.973573078701956418,0.357272635364044022,0.251481264940769611,1.56081003528885298,6.51931198817786139,-0.281725461618237472,2.09239892565933294
2.09963518035379559,-1.50925648847482474,-1.73288046196942558,-1.95384803784131278,-1.5870459189870747,-2.97393272079127202,0.117141567528939325,-0.116845728405601812,0.414482531779542807,0.0970715625648163744,-1.01440761597244733,1.28388318835014248,0.461658084517369005,-0.439088177711659589,-0.720246530549373376,1.5242995782618205,0.572471444467124391,-2.45870079665689234,-1.07917435246061055,-1.06990953291287161
-1.12091433420676334,-4.15645407088657315,2.8530742478180442,-1.36803097587296274,5.52705631089606175,-2.03633648790642674,1.52583451586788565,6.61647296305684218,-1.8027190890349265,-0.508891731350350596,1.72701201591563258,-4.20693105376924681,1.08003759700424995,-0.41645115472886296,-0.149069409887484017,-0.959388785205432137,-1.64263447870858625,-1.80900230289293118,1.60924212087012308,2.41025722637705009
3.49210817403153095,0.772304829398456794,0.0440838434170741506,-0.581545142241067792,0.385814150474553752,-1.21197042568863678,-0.308383574507306246,1.2607575371962767,-0.537504675485609651,1.36802693640085637,-1.36088508029103972,-0.0193279238796217195,-0.794629443169525773,3.28098894271500585,-2.24519842535674874,1.25966318956435397,0.841577388032888507,-1.8498973059865742,-5.10310446297197462,-1.82119377483554379
0.205882683921995741,1.30333736831810709,0.615558592399448656,2.5073546742985382,1.92518188852938743,-1.00547620923049386,4.08802880376437106,0.252090174993692517,1.4559789187490777,-0.80477749983856528,3.51659084407522249,1.95937358215527735,-1.48771429259545629,2.05370575755544182,-1.32686793219152133,-4.57717754675058952,1.10730545683748405,0.676620969038871811,-0.800489321501266393,-2.19621882160190252
0.369655549132136663,-2.25002633854081147,-0.137510367815821349,0.883094948932413693,-0.420931497243407227,0.308310622873496143,0.228215225065279664,1.284793479347492,0.626141667205048491,-2.8653734167196272,1.64409919584815434,1.15214938110334897,1.10725496859164663,0.522633363751036195,-0.706783793189615595,1.97095995477184394,2.312012702862833,-1.39503703688851322,2.55484527847337484,0.291736433579875221
-1.8837082040885007,-0.0647696490807642272,-1.36428054733459381,-0.183182041087095987,-3.40876963502315311,0.897240346941645117,2.22853879877334959,-0.79352650838043115,2.34398569774464205,0.10366739169320284,0.175514729658545032,0.4417426012017448,-0.421149217705172496,-2.76246755707028147,-0.944434695074758745,1.43031354896842244,1.04629657814501753,-0.261969025102618436,-1.04520441059077673,2.20523968571024653
-0.0155876457364699603,0.284283648321697335,-1.8399103452389598,-0.497115762689234408,-2.20421590211502005,-0.250577935181666656,-1.49431230800590442,-1.02878442533795789,-1.37744495156699687,-0.488724540470970747,-0.314734867155122056,1.06060561526133945,-0.872897987710751444,1.1796930400624619,-0.686674483224434029,0.425459886234070828,-2.42426634315732281,4.32696478528041784,-0.263760805777524254,0.00137109068776039523
-2.00103010399908943,1.04240639425118586,-0.0499087034081068873,0.933266814302133207,-0.0503346625291811109,1.55286192192009476,1.51286385974252813,-1.61012456864063469,-0.38775642303220853,0.678030187045013721,3.39615776592219332,-0.499157833376628557,1.59762755819215774,-1.07260040906414522,0.456596767197993636,-1.76241370269952813,-1.24459217556627055,-0.263528728985499061,2.11202367595390639,-0.264536364021802195
-0.516537718805167967,0.546324411693108858,-0.17669818487386757,0.421841062452867122,4.23180128518731191,-0.237126052274588772,1.2354087880271305,0.825195042258215272,-0.431859546097918379,-0.647959444302658283,-0.120142339488226751,-0.233153229717502408,-0.360447727002394025,0.204769186474404424,1.29874834822019536,-3.88497103540144817,-2.51661236039001235,-3.28626854514874722,-0.281815315246255971,1.8329824648353541
0.943951669142305438,3.53385441980308679,0.42022481963933378,0.391937866991595496,0.74969698961924236,-1.33132911939325571,0.666442935330450292,1.41869943261802556,0.186667453795317823,-0.550992676070786613,-1.42298930774217247,-1.78198753342273175,1.0133527668950213,-1.36605223151919564,0.371791095256558513,1.53658258201222342,-1.70451639814868927,1.66992292291372046,-1.95217119700048491,-0.678980050791354928
6.25596846678914886,3.17196210120879662,-0.967081049483957012,1.86209056914736482,-1.30484749828300584,-4.57349175464528468,0.45726506456554411,-1.761507871598333,-0.45675116038936342,3.77681599637022059,4.88541829310013398,1.63520564178690253,1.88251804004062406,2.79136821096797716,0.508746973572315797,0.0616452215584151891,-0.488844640257432572,-5.44326740659383823,0.649454538276164173,-3.50350704246070066
3.89964208923325772,-0.961399323505897518,0.779980500882636929,4.29527643205713172,-2.58097332179654959,-2.04769825420638485,1.17142035122821708,1.58321291082955384,-1.05539457083743371,-2.12410258354141979,3.68202022666516759,-0.338794907351376018,1.24442325877109128,2.92562405167460859,-0.26428985867325,-1.39412177490733824,3.34322863345867116,-4.46018362079684572,-1.22222750987381623,-3.52471100929381498
-1.1871981915807619,1.15731312736092296,1.09822766009770323,-1.05613401550335917,1.28472425092483666,1.35557902977134059,0.827251472913514863,0.694624177475183235,-0.252079711787323413,-0.689221546400628604,1.08664897433824836,-0.310197361460239573,-1.01464148999974202,-0.647078910311940536,-0.134977988557546336,-1.33680881049580513,-3.12242189420207739,2.55021019756367906,-1.72834280828598041,-0.9835277463327049
-3.70349265297260333,-0.0930836160576116456,0.979566855934115632,0.113166687655509274,0.350628589474940966,4.44322585872569853,-0.674242331478335788,0.422275771785139697,-1.58255439463954928,0.891031467712471548,0.831030946694178985,-1.47089726480617378,1.09685633946346228,-2.20172428476729998,-0.0953781636307961533,1.54918809854065964,0.317617928282318329,2.90234349494965471,-0.0399032026759224348,4.04872751681778542
-2.60714992010800417,-1.60805335824238371,-0.879012179361085444,-1.72298625923608739,-3.83679356025785667,1.68254901504729393,0.832867983207831619,-0.0139693311853149749,-0.157772223572727022,-0.240197866332349408,1.15004508471355837,-0.57496323553059181,0.661416423882397186,-0.875625156733515042,0.437941847008329277,-3.43230644065741064,-3.00995464215408903,-0.761264283495485361,-0.173801300077359805,-1.20308106641069834
2.15347610366712905,-1.71291052325067827,0.782953862050194682,-0.232628843672259972,1.61983854100276625,-1.58019619716113491,-1.13098446082840121,-0.873194498773358641,3.01750317296729076,-1.69937710997708047,-0.111542478613870899,0.734842225910361413,-0.314929868348145514,1.93916101362202919,-0.0526062785524789439,-2.42642682133640397,-2.55982917123591402,-0.928848453751293768,-0.848112804117720609,-2.777619575381582
0.468553027178787385,-0.649219803847663091,-1.33803955373872197,1.31061925687112368,-1.54313212068026662,1.25094372023875655,-1.3411821601230014,0.514057650364177277,0.529776271929295217,-1.84392457091717676,-0.693901595401446802,0.0384746026861974705,1.53712261628944424,-0.931575252017925681,-0.581422708300217028,-1.25372377985836536,1.85579900456543667,-3.04476236200053663,0.546007731843383026,-0.26918570286236787
-2.46071593079341566,1.30175128221593472,0.869816448585781443,-1.76605266363182367,0.137126777538359279,1.12337317076385257,0.0167768171170500913,1.5973139434447079,-0.663116910513519286,1.66179902483850861,-0.0395325898947509607,-2.47980098139838656,-1.18827506193225862,-0.671512438282346746,-0.43426786940209966,-1.6941425469665381,0.134777009184413266,4.20942867379072805,-1.99485046215675665,2.76639247575305314
0.0608216521782890332,-1.20331462650642007,0.401376408755696856,-0.294826695148725226,1.28380266795802767,-1.41520399391083851,-0.818596624825389974,-1.0983542813126832,-1.04796612046915616,-1.41437106453043615,-0.62906884835944854,-0.178784010697273316,-0.900802880135899486,1.03807651574709192,0.433904593078846879,-1.62594109804889686,0.901548980907896591,-2.08534722395956917,3.90355707963784271,0.723920654475686098
-1.21756080681614121,-1.25235728962484671,-0.138913929035939132,2.87421875668821425,0.293487370462585995,-0.321294529321261346,-1.00291043964854554,0.460613723877266401,-0.811428319882453231,0.105060753335859416,1.72372750163604893,1.8862596224554673,-0.0914897926154543406,-0.162508182118039496,-2.18633406784775186,1.57923300554839341,1.63157476078580044,2.27921413564088393,-4.17074766322081825,-0.33401290078417567
1.65672320645284166,-1.7491104423542676,1.46666312641752139,1.03839091368020453,0.797920458245078845,-1.27795218490967022,0.623021833805085246,0.168396752861435656,-1.06081529179396017,-1.53232864916118272,-1.13528101766013734,-0.199639926598442985,-1.02006878003621471,-1.28498257136745719,-1.13607323003373284,-1.22715420768408912,1.6847872699324502,-1.23088841028055507,0.59146646451137741,-1.26913569557546868
0.797914013239439779,2.07957240235763674,-2.06428702632965599,0.824388185730326684,2.91853776844236323,-2.33766143721040409,0.715992915889553494,0.33961903743299604,-0.293199968124523924,0.283896372482371484,1.4333211231039853,-1.00924576440463687,-1.431264641393583,0.961076850386666903,0.144605888514375308,0.140004908304565079,-0.0779104549281378483,-3.79934908901245683,0.190051841559538942,-0.324589577124183959
-1.24637517850363944,-0.581563704814389015,0.498432867375379118,-0.383929762788035367,2.50756922788171099,1.06125825087827952,-1.49998889073657748,-2.54808085122920858,1.18074836080229462,0.138840848083135543,-3.86451512299633704,1.75618844896576221,-0.737746439988326341,-1.62256190087607033,-0.750741397976936287,0.407154366277401647,-1.92675739792222278,2.28171239092093847,-4.06174159996973394,-1.10742659509136332
-1.38611539740692935,4.37745806589437603,1.57723394517631865,0.459762027113169991,0.209182969488554193,0.544764608068625145,2.99842810399850546,0.783220707203631128,2.42730781188961098,2.10029493364227671,1.71803454442665005,-0.517048402719202049,1.89408832335366473,0.0182172098716664212,0.576112614592125261,1.89502817654979117,3.42166329223130328,-2.39863429458014421,0.795060064275629585,-0.270069039546054157
1.71635691345595953,-0.177632957682425013,-1.31237922056938361,1.29458124116183337,2.94331953113952061,-0.259570793651190845,-0.750655789920046668,-2.30654439135177203,1.00768165054530945,-1.78846016535420738,-2.54694916447702369,1.45606663386030633,-3.30622271334609064,0.570654317699172964,0.13245578401770669,-2.26356502165087603,-2.40330925033114084,-1.5830846429615173,-1.74795329443297787,-0.596503183966437756
2.0823909299194967,-2.1324585857702183,0.00725378200859722565,1.02986429452283024,-0.103074626139573855,-4.08851313518996484,0.932248690017244863,1.02792808556459692,-0.429587580306490247,-0.16224318108033256,4.28627601204423758,-0.674170819857048631,-0.692340179554401525,1.09172291927239073,-0.657634242051591156,-0.901977700530230964,0.534540193327665558,-2.41032281812101923,0.163105068527917674,-1.20125406485419539
-1.00536429597514387,1.36107692493300636,-0.259578629931342841,-0.199502011904343163,-0.280084071052217054,-0.385618646767595719,1.95419214524953055,-0.601600569862313139,0.999240299301507373,0.382057858526964556,-0.785239636431145804,0.642698751505222043,1.9072206106106131,-0.018972578019179738,-0.823536963632830799,4.09394156019052868,0.443394629922992611,0.349143154588188398,1.09175051762243847,2.08389755698280554
-0.285913242687240721,-2.34855626145657492,0.407717286861730532,0.805232837819205627,0.13120523566293521,-0.174382200301466478,-2.21723960853025881,1.15500224248201921,0.000256677116772831553,-2.44898372940537579,0.491414148733067879,-0.496291083664998189,-0.727314017262399637,-0.29786530800615163,0.774620219013921529,-2.87107088122810605,-0.691407585334665953,0.530029718117358217,-0.491640179314371928,-1.66325896907829618
1.0223604668830002,-1.70408001479771265,0.776683478239179381,0.427784305211818205,3.37442531726757045,-1.11801964136239862,0.418236159972093402,2.19629174844565744,0.698547613458698979,0.00429087270293647492,-1.38641981049154817,-0.626043827022550237,0.354795689796780389,0.132677164693475569,-1.50534450564581257,1.46638020107861622,-1.56835871629646006,-2.54176428805384624,1.01252734835961555,-0.360872020518122671
2.56950201610433915,0.465598168096214127,0.954646734254798512,-0.500859901787515605,0.285846057724652991,-2.20304280559749532,1.0910292104255741,1.63208312848979764,0.782988879088568845,2.48755170189681074,-0.484596951274344823,-2.71467152945294998,-1.03717714756288082,-0.0292003104846392074,-0.12200749405844942,0.607300125694300474,-0.461857650867655845,-1.96798017495617406,1.90339601994024421,0.873371798584978265
-1.89045293216630195,1.61532636026881526,-0.282830531009937824,0.993723017810888565,-2.4451457398820633,-0.221246406794171901,-0.0406719166355559089,2.11106705645766457,-0.616983310062087842,-0.0542613335687086723,1.14635605307240884,0.0550179578444358885,-0.374799855025434892,-0.0637060680262802603,-0.548971199622301786,-1.45306438717332997,2.24740649406718251,1.47704682866478598,-2.19024198662442648,-0.239303492374527388
-0.817163373385317193,-1.7939276479212638,-1.08182086363111041,-1.80034041604155481,-1.44914872985783783,-0.378788470758684215,0.857130719074692959,-0.698535972886874523,-1.05707359217117625,-0.0301301023273863426,-0.832648359083993039,-0.104974328315530704,1.28275973590486325,-0.255879893198579567,0.485628153018139885,1.10205183782180294,1.9452570889795191,-0.516394956438224084,-0.48304470709937336,-0.662970162044666633
-2.38358673002796895,-0.439750697705714955,0.490251095685069416,-1.08253725678542301,1.41035974179459611,2.52859312972269379,-1.72744819504776448,-0.141137613221548136,0.0885750122760850106,1.2002895586494835,-2.38158502922772541,-0.89384991663698854,0.752335558664903536,-1.78555647474890633,3.70181817043290273,-1.90998030724642565,1.06553195791434163,2.66408532171050805,3.98744637090324616,3.2494076596257595
1.52217582447450717,-0.537400527213907742,-0.298678482313608162,0.688298120379536194,-0.0934865395486945278,-2.77344215170495012,-2.27055237470542304,-1.14061637127429094,1.1624734010165183,-0.000796835087329443017,-0.864041249933739985,0.776085430100624252,-0.367323972442727131,-0.0839405630588107021,-0.376532629586730949,-0.703047787226207199,-1.76812014896138536,0.653399035617378887,0.945504616953778521,-0.573111719576253398
0.984248646091193558,2.19192948975452273,-2.29311910635176552,0.456200421794642819,2.55023264023340257,-0.520210775881770005,-0.737605105557368024,-1.61282066064976459,1.81444142993168378,3.32653951625133448,-2.91260113163396595,3.28718004440261335,-0.195569863233430896,1.17476733750570195,0.577460606390563846,-1.74676286162639971,-0.646936620939942086,-0.253339456494977966,2.37255379923218879,-3.58591564625760784
1.85057370638794105,-1.46853141952068467,-2.26753642352708562,1.82390612181266243,0.488887031190705201,-1.37377512598690932,1.09693025645399844,-2.6053139931546867,-0.440759033104158149,-0.530507044500491465,2.92599219773477381,2.29055674117999031,-0.673883833024647494,-0.425499568949233131,-0.226871448356951638,3.40825891357495081,-4.33019941228976535,-3.08558628800953461,1.19728680472569327,-1.46254837160765438
-4.67951797177988649,0.511716174140561919,0.658871541809381789,1.79224485855498172,-0.637298390173841267,3.33789741256097949,1.76906662458635955,3.46554585353361722,0.117362054230352522,0.114310892543347351,2.21865384622838935,0.57696493302368701,1.62407548421792947,-1.80321567208744371,-0.875828683093071714,4.49168942437241281,-1.19491137457952301,2.41526373272313544,-1.22268428497113635,2.27406599550528465
-1.05513525981783496,1.38443343010785047,-1.04489770930877279,-0.134830739935087762,-0.78031988678119002,2.73315294022522082,-1.67869525268168318,0.995552535459662491,-2.29451862383692085,0.993949552067003528,0.561448838387952565,1.12395452032478871,0.573267542473507752,-0.431415448599973272,0.898356979900022057,0.65259843330626921,0.529977249235662473,2.17156804248418656,-1.23108534354750154,0.253106630103425156
1.00401213109594956,-0.0876591391987391194,-1.33016503162488275,-1.38011751067653887,-2.85704724421095424,-1.09952189713848725,-1.42517936321830874,-0.493860925003993034,-0.208376307257963106,-0.768171294712213348,-5.00010356903283082,-1.74718018092090577,1.88184994028467201,1.45813520009061448,-0.145238103592382678,1.45164326704500479,-2.45261251944344894,-0.618068132978062401,-0.333476795549059402,-3.34594930480191355
1.46490148960071509,-1.40437309820006262,-0.137908829278346662,1.06941859378918336,-0.950128008459330209,-2.18730099716715376,1.83108476577479395,0.440308137595421367,1.64453755057848783,1.16680665600530031,-0.291116160621073705,-0.377719400820440421,-0.891501277390244429,0.196738271818632848,-0.151682150123876203,1.64500969568779132,-1.58946359549204397,-4.01234562333669587,2.04891321058072506,-3.09994476289402288
0.881594299609098742,-2.55572085445020969,1.62066047025523807,-1.47635849618784087,1.63573093650395074,-0.416616768236484414,-2.38416381325822346,1.06708728125939278,2.95146010451959029,-1.47828497947212489,-4.83507381512868584,-0.319520588115913773,0.154394124680057115,0.612928784082883649,-0.32300427175787555,-5.10458175898787392,-1.52599516853229256,3.0960537173559719,1.15468974355952914,0.9099446144733081
2.3345808351457995,-2.85486380759184977,-0.0320748704860408795,0.243512695737232748,1.5171873703494696,-2.02975343180403422,-2.02836197107395133,-1.47191965680077219,-0.517243542183903116,-2.29428313650502647,1.01856819203206839,0.0523195688878252199,-0.155489375069569891,0.508497052749000589,3.0914613997913829,-0.815654915642957556,0.506591021309794942,-0.359609802479071983,0.198829267085193384,-1.13537081274232454
1.80926166718727655,-1.24024651371271477,0.350474142912326314,0.646768562785684287,-1.98804848052585426,-1.30999914598514011,-1.96584972013181569,1.40417104115396252,0.361369506050656097,-0.863789548649551708,0.121253321454501878,-0.79545238835980292,-1.27728216229986025,2.56094586654617684,0.257874306338845172,-1.54612768348884311,2.59565109470938626,-1.15130599019527691,0.255634331785879465,-1.62327373160343602
0.070185503273385963,3.52913452737709932,2.6260493454856233,0.994330978330372206,-2.4010185957555481,1.07998995024509803,-6.94220889552174913,1.75849079326499425,-1.6470530619215753,3.18851873959100063,-1.96576712896607542,-1.84252301341300395,-0.566928399807193895,1.089834765587266,1.87388230050111138,-0.434250784605932527,-0.74913116885559039,6.76878417320919734,-3.34489922840163389,0.728216932967029384
0.944692106673740484,3.35546653034525511,-1.01078068756672046,2.63578465461420386,-0.226504309308175,-0.739431592913594837,0.399919176775423824,2.70693744424341443,1.0993987556746323,2.18516695236541958,0.762496829404842758,-0.866688172888951724,-0.864970529284020739,-0.458490539270097308,0.155627707193027542,-2.46040355421231194,-0.905913177771977551,-1.73066649992316757,-1.70032667832024398,-0.380930707923321232
-0.559794555710802277,1.44538505622804436,1.37472418550289888,0.770975296262245702,-2.61899151296402355,0.18295485045733989,2.48853117114031575,1.29147390629651881,0.651635969092315359,2.1255226000834031,-0.546713015241805822,-1.81615325133535155,0.622414827774301349,-1.69079161679870738,1.05912347049204714,-3.93107216834522477,4.26941526257214932,-1.46422315228948974,-2.5803418284864641,1.72715881385538417
0.645388785145652677,-0.992937346799423026,-1.15763226904456484,1.52117702486161965,-1.6480393650385603,-1.50622240252641326,1.30869140531401884,1.08781072526327471,0.25443729932510678,1.68637515867984411,0.630847370059524182,0.420190497012946029,-0.80953768424010264,0.441938095153544819,2.12951245916511622,0.740935341897782207,3.04096771394971155,0.121575324877340685,1.5560865240888464,-0.113932042040002388
-1.14797102161157238,-2.79849173924505434,0.351417508026012237,-2.67537716535926684,2.7037202748923268,1.2546025555914575,-1.10785473512372512,-0.076245670865631332,1.04069619035302297,-0.520338162801568305,-2.12425772937020563,-2.01758553841191768,-0.531591757392590569,-1.80247348092961812,1.19971876789020215,-2.46668379432338591,-3.23116415404076873,1.63343405727313473,1.47954995231771691,-0.95427430287027204
0.715536103529003764,2.35641566455774987,-1.49032882986963822,-1.44802366637997726,-0.105810441690512042,0.922759107200540996,-0.885157279790692475,-2.67938741184774409,-1.19120089244356619,2.9485004261567993,-0.410340244363178508,0.856651668972810199,1.24066963555299714,-0.961510775802036477,0.0540641268605739564,-2.93397091126732112,4.7761730173571717,0.410545591694818524,-4.90062954644035109,-4.71910495169657196
-0.845689775718020398,2.04440232547526701,-0.065276790578899041,-0.263756540732654254,4.70938860259632985,2.67536407915100005,-1.73010859602481171,-3.05058464938517471,-1.93367732133716452,2.02578969819655708,-0.587298751270173947,2.73804802606099607,-0.0556144376786196978,-0.41038906395139596,0.467453424329818346,1.6904985028233841,0.0604999237551688065,5.17238977067345207,-2.71597512705415323,-0.529577725424829504
5.01188965777477424,3.45416732005454907,0.698167825505508821,1.66896565280881815,3.40529519281819093,-4.71838622578448152,3.83368292020538171,1.58579783587602408,0.137126029423003504,3.55441907277094415,3.07479521038729597,-0.638230851721837578,0.0169220469529267094,2.64126800561801112,1.75162423772185294,1.79968499446810326,0.575975928860959496,-7.23350344063443895,0.227581480717483076,-2.23352250232964078
-1.62890623143090862,0.573709911034100739,0.399644364924675255,1.68033516516712345,-0.0774570803223797039,0.652575178815470558,-0.717723107280735406,-0.538707302907193486,2.58714504751825736,1.82263359006544512,-3.64950111307396297,1.86138956220544483,0.793048507453283147,-1.42271436086135838,0.545007381697796167,3.64633191160245262,3.7808212251332125,3.08900185533947402,-3.34293113994149715,4.71236953790293622
-2.84007892319284272,3.97150752017387765,0.84732852688536886,-2.30759916970805623,2.47045892283559754,2.10345660527732647,-0.589531466403118931,1.0063531118654887,-4.94410284345721607,1.16785714094806004,1.55374227037062229,-1.36119465031870535,-0.362971731963271149,-0.624354894399051896,-0.420087218310678689,-0.128365165512253465,0.600669010646608825,3.32779890006495904,1.04180899615503209,0.161888443921006958
-1.65293589509050132,1.42461123972211801,-1.23273890453570178,-1.40264692315079009,-1.7148189125494171,-0.0326253381667800518,2.90112175077645018,-1.42937080952885753,0.830994444910201358,-0.313349338863607219,-1.14045759224717935,-1.07045210892661369,0.465423680956767005,-0.896218039057185445,-1.61262807107823525,2.70275592357742411,-2.05850963678580223,-1.4238714378185009,2.91206197829843427,2.06601187640302086
-0.928631774134610288,-1.77432744117557806,1.06011970860339644,0.127928789117991826,-0.976167032104080845,1.18282658006429675,1.72904384165749692,0.515909157981095268,-0.872173157913113339,-0.195360692477596382,4.74899908579697794,0.388432071759008457,1.75900513501594435,-2.48926739131201025,0.760440092349381702,-2.3626490063404626,3.17601679381724722,-0.485587614599078454,0.16364190962740563,-1.85932727741545833
1.44516859680932508,0.380823928089303931,-0.797795918158309303,-2.61216038330720801,2.65265721890744777,-2.49718244935549549,-0.444025248427457386,-1.07686893795174954,-1.69721217291736526,-0.0396522296975439503,1.38001706256860301,-2.40609288082599049,-0.0821056856102552746,1.00055922235182293,1.75137291858029887,0.389379721466148909,-0.788418638601754651,-2.05688584322557455,0.61241283840847649,-1.95114891841344917
-3.04337964076264766,-0.894197583492592596,-1.39704013925777537,-0.121905735584784833,-1.53551302796392397,1.74488917810327071,1.6908364893412513,-2.69111939018061985,0.290866155290951667,0.23160124985124822,2.15796046106810824,2.75836262068571081,0.0856702065057966256,-1.27991374900594956,-0.464305191138864981,0.629917379657430554,1.86042286961966297,1.03125416935896519,-2.39172087328926919,0.554870102335121129
2.11754638013127217,0.63380790412686816,-2.80230736567462513,-0.528373457670407221,1.44908611656878894,-1.71552028435358905,-3.71676759306714244,-3.33735534416656154,0.855188307075953169,0.610291908820158269,-5.54961380253631109,2.38745833913930738,-0.105095492494513429,1.36620356501442486,-1.56233925032725463,-0.133318280835505037,-0.5617357068062796,0.980470462570490642,-2.50416355484489017,0.436557679185936076
-1.61831740328705509,-2.4922272844294131,0.73678640159001052,1.20650109747885637,0.858457164901757386,0.326945367147298604,0.589812049795706894,0.759246657354572196,-0.295428706545360353,-0.452390070242181863,2.56749157540014217,0.492582032737640896,0.284471687754457747,-1.8422678758791633,-0.984161640215926448,1.69573309553162477,0.402378603062325146,-0.368757932303708014,2.92375641233959493,0.949287466513854428
-1.55304210376217688,-0.0121558710050886521,0.0682833512919184954,0.950232993105750712,0.519826424657526043,2.14264138234155732,-2.54848290189589832,0.551087445340060711,1.32105317537131994,-1.84896475493661883,-2.01420913479652297,0.245223343855932946,-1.0326528628713374,0.321740552689927961,-0.139092712946782021,-3.59546266810517645,-1.92799675204476539,1.13451270568946638,-1.47561696369486262,0.369371776839767407
0.41528775058766032,-3.36655775503411281,2.53990793321000519,-0.942541483933657331,-0.767658609849169005,-1.56973501462176612,2.64097582771355821,0.825849925437325272,-0.540827613413718211,-1.48643473587126373,0.95068682790982606,-2.56647475130530811,1.38950902433899226,-0.18117893504002644,-0.333962483186338754,3.94145524191881069,-0.545109907170017616,-1.17098310061724642,-3.7147052200458428,0.508446670578367454
3.13661456318038967,0.392122971180282109,-0.0238418438057061491,-1.35935844531912009,3.17677565455668409,-3.53281150409877309,0.680120078532749028,0.715347030612926926,-2.83100865742882313,0.812099031864689569,3.48295096366403545,-1.76375747383138126,1.29647053937924883,2.71683364762393476,1.22269294329768674,-1.13396043547159175,-0.518676387723941312,-1.68207494394344614,-2.00318753847842279,-3.59235195271297547
2.66942856539244122,0.765139508911903299,1.95935658413152236,0.86999767019374652,-1.7493514990073995,-1.73204764617616269,3.44155159821277312,0.621918329448250318,-2.15774558369454406,-1.1989678425921364,5.6147592993562272,-0.543077125839043329,0.696498473461026113,2.65564712385444723,2.47684423570857604,-2.94290730521165322,1.90294009967288336,-2.79174579642521703,0.444610622111438314,-2.40317475634274791
0.117663768278931199,-1.51000172511797959,-2.87379829078850291,-0.48829674264796652,-0.645135249436605163,2.35731600056928814,-1.25079247145082673,-4.19274287748752084,2.48535704778271915,-0.636606117062023857,-1.82786269264663526,2.24634827641940271,-2.76950857652419558,-0.12540635353589244,1.64868388790078346,-3.31767393190967219,-2.2012323570069956,2.62624359971491872,-1.88802936021782375,-1.55653670952523004
-0.50073569369333204,1.82844123825033655,-0.530257492104409534,-0.590819694185721667,0.506922614663183779,-0.738041898988817446,1.38470323930322192,-2.4919107793330042,0.56876278239390754,1.43266301513318162,0.000540695838578082082,0.0382780908868756084,-0.685436220674146779,0.842404109388056099,0.844880969875896226,-2.58020062732207078,-3.56207090797354775,-4.35610089044160365,0.294168899968507813,-1.55388586160545583
4.27828565624389601,-0.390017990402710957,-0.195859485153678403,-0.846157614115615297,-0.0367184906960941262,-3.10392571916456772,0.0625744659955287663,-0.537670774518926642,-1.01908246038388017,-1.57780322893151492,-0.378697227522030666,-1.32594806937574372,0.745494343657765235,3.0171344061223957,0.354544840525552851,-3.02994960239903222,2.14050744018696504,-3.5605320946519039,0.984696960840145352,-2.80771233321761748
-4.71118409368952484,-2.4994598736172895,-1.68996386474981275,-0.197789671119921434,-2.97842039646540213,4.3055516028717884,-1.37112759078476376,-0.556533992666697341,0.384189617122412341,-0.479579427545045678,0.67778524216925129,-0.421024824223875493,0.406805334191724877,-1.51176432663609361,-1.70902725268888211,-4.38155401987826565,-3.22595576451015598,5.02388677210034018,1.82186138500724137,3.69797587983534282
0.893742027703619768,1.22656849117071909,0.940284500590788053,0.438670027536593898,0.683405289206108657,-0.0107251479710314332,-0.840069190718413683,1.8633232296210156,-0.263610272707202553,0.397246849127495583,-0.496967341148647879,-1.50309424740664932,1.58286443813035227,-1.77651018010062955,0.251879838417999768,3.27300238896750972,0.937817492687659238,-1.6237489018688307,-1.29540912384936235,-0.390008318991539149
0.366467696317205549,0.729286442210358765,-0.27363431705584168,-1.72052028169189364,2.14504854686255353,-1.27723837368164395,-2.19165720743475756,0.527441926068421219,-1.3266001566353367,0.5655827608939753,-0.899862882205807235,0.0657286950126083069,0.713946145911081187,-0.19148772711683465,0.350489396921141227,-2.0488717870138502,2.40470386926268587,-0.111891577966265823,0.779388428813274303,-1.94039731509029889
-0.292166058813674356,0.596967591584888879,-0.978554537238928268,-1.38262706875682495,0.74654379564281359,1.4572684633475077,-0.118984261981448583,-1.0390918907413027,-0.562291533060338633,1.66228422474602588,-3.48046855478927331,-0.761789757214383023,1.56447023814536701,-0.18623960813823856,-0.0432627745237839159,0.783447007044800414,-3.14469707178777691,0.131398368522360753,1.96100010089432963,-2.07804734074408293
3.39281558632110203,-0.0689417942635608821,0.680675927080531373,2.10908395336406373,5.20195160259195877,-3.78817287202530562,1.43777938636409064,-2.55248773626544612,-1.01299167225700448,-0.842343941853963107,-1.32266541943846749,2.41551802175206998,1.35368346818290108,2.16999369358490579,0.421441319277365778,-3.28064603638739616,1.67004091008597433,0.937810462151880131,0.734022697300137139,-1.3821650650277939
-1.90108798312434746,1.6396682086102079,-0.204164574878843458,0.23272907083857422,0.00723825134978678744,0.986397425258333072,2.92075356337626424,-0.410513751677440974,-1.99655573602772463,0.655186415801887079,3.19829104147920562,-0.377904441697428817,0.360578344658494365,-0.301598807682310122,-2.34283230285943622,2.79747973729159982,-2.97704310456004517,-1.58045420483404975,-2.26605113472470432,1.4076340177186355
-1.6395337523211877,-0.352489861183857167,-1.47686281517048257,-0.57457473752234034,1.147699077231491,0.908012387858270431,1.17257718783495246,1.33386926885798207,-0.363470773502963806,1.46732724197434372,0.887537019197867538,-3.97294700403979117,-0.0296429905715859879,-1.47936710942604321,0.9382092795387732,-1.139037207548522,-4.22445777061680694,1.05244928366413748,2.35243830437004764,1.97394764918290733
-1.38598657500867239,-2.51426723076432701,-0.302188734580400686,-0.106723120301509447,-3.47366626171005599,0.681553987889084278,-1.00347575324832472,2.24041809520677893,1.58398356700482834,-1.47645720536241765,-1.03074187775416504,-1.39324091568638098,-0.740091803756816713,0.606291640906213902,1.3541191887309747,-1.6942595592151759,-1.0202539644558184,0.460587514736651382,3.8870843655326901,0.763942983772741169
0.674276581342849179,-2.28022007021804285,-0.787277490614415099,-3.80519171905677211,-0.673953042358836463,-0.899145781357530205,-2.23410007715475212,-1.92456785225941185,2.91195361162233812,-5.25817799331569269,-5.16169486579553993,-1.81501445757413382,1.08230345567603625,0.589794650227997597,-0.332888342842248053,6.47603423989518312,0.106976051246866405,-0.265499693477860677,-0.0284864567371982923,-2.10062641542419692
-2.9063306342896551,0.53997289211506927,-0.0172404160494919363,-0.0710456303946993412,1.33040784985342841,3.6232688309793204,0.799510521698698517,2.66613412373815839,0.208727134380545298,0.248035541635696494,1.15991524553015957,0.0280861950051908976,-0.771757955962136255,-2.70308718503720868,-0.875389559016099161,-1.94659200401891841,-1.23067493788640592,-1.00596966067791604,-1.90019731254185009,3.97153729640157271
-0.792630734323008124,1.7691312342312242,-0.526239587519638174,-1.23237166111566765,-1.90060119006266626,1.10658545075484249,0.249627160495528883,-1.1194422438761169,-0.139888712628266881,2.30570695044105589,0.416960134172228603,-1.6674976447077321,-0.269082469038941841,-0.0573815745985800929,-0.0881270162907612647,3.49613310066724559,-1.44251911558569312,2.39612248519097326,-1.24191691720489339,0.2441129472867275
0.663628062887292813,1.16269596636273476,2.5741824378771887,3.68436453448330292,2.77539405292136632,-1.37713386266632742,1.19143766166966603,0.357357023896830217,-1.56507019705181749,1.00837770685478856,-0.623216706391392594,1.27637284417920016,-0.980508958344472603,0.676977884769108806,-0.97481921748246847,-6.11557780354326663,2.02751076446271439,-2.60105228762220175,2.55250609815630458,0.571603255735348648
3.61234511992270679,-0.993111948584125437,0.245524760309279499,0.675671497898379769,1.23851409747140528,-2.92384267498093608,-3.21826373250270414,0.09967191760499855,0.680666452163081637,-0.220219596100726417,-3.27877297217525632,1.00765481321892869,0.327705211223812021,3.14863981636876078,0.0866753387791033558,2.90707516051833492,-5.174327388292431,1.34639902006455814,1.5555930976427621,-0.312047085999828
-1.19177982273435057,0.678736049528696261,0.443692868150175224,-2.04787556317087382,-1.26784459660865578,1.1698437934148509,-1.51525107695813954,1.55813219363586697,0.375019863906819961,-0.469176935936243045,-2.11317482696879955,-2.96176046318462927,-1.64631695139846324,-0.694212346613369835,-0.632180089022985392,0.0332267334729439839,0.185185287555327732,2.05513257646549707,-0.984597367627312869,1.61661479615250481
-1.89198849761890631,-0.860436031210609631,2.04818744949935905,0.848783534515193283,-4.05180194230748469,0.632012319988356164,2.74759416912305099,3.37320611909008106,2.08138039096302796,0.235020956899385458,3.00419310769236203,-2.06585301847755964,-0.362805694223080788,0.550759475491545247,-2.01798847484901867,-2.77308287261217146,1.43064023735481438,-2.19571804797274384,-1.10615268904035458,4.59305266644930654
-0.508086578308072911,1.61535106443940757,1.42339757210537332,-2.44099611270936512,-0.329411967337172928,1.98062363509005857,1.16139035258658807,1.12411332614794524,-0.699360378980357078,-0.492955223026684486,1.87123007737314828,-1.84650060324109644,0.557859873708416276,0.244314448468217427,1.22198308674661971,0.188901786835417751,-1.29862480295184946,-2.30849520280511378,-4.10324300013935961,3.7858595406240747
3.30928114364056425,2.47336485516107007,-0.909604118973152409,0.42032530966770737,1.08346301693138058,-2.07582869159679406,-0.109210202058869221,0.110828972593127503,-0.33035378636150653,-0.655736261998578263,3.23195800054403604,0.478790924151075825,0.235936984568241442,2.03647117366250407,0.479945210551257273,-1.55505588222842617,-2.99513021517686395,-0.545512788277540461,1.31317084511842275,-1.89071205041436841
-1.79445268425667726,0.415929133914169191,1.38002770309630796,1.64775372244391471,-3.26975138377775787,2.07070123672597406,-2.24458806204424643,-1.89511786219354539,-0.268524862453780877,-1.69523044129655931,-2.52524156109219078,1.79581473624285648,-0.985394740911201827,-0.0526298680864776131,0.944344518089784368,0.355987695301449525,1.47684658584655382,5.43971564010089814,-0.921598203039575847,1.15708727703022207
-1.80788777657509647,-2.26961729549400992,0.15267292430051338,-0.690093929307876497,-1.01777421311980842,1.74239032205075528,-1.02995129960717779,-0.355735571024838604,-0.341811891975391691,0.0525401004872091681,-0.942994483329437694,1.3105253211764174,0.603046322004857638,0.109691392269298943,0.213195789632119798,-2.7136536648006877,-2.22231035275896227,5.90489278750488644,2.94881276079721033,1.32012855043478616
-0.306644237737972281,-2.12259687064291214,-1.98924429378880818,-3.27115392769024282,0.782254066490870703,0.618859165544171308,0.543491657180032672,0.960064569506251742,-0.516928422374848262,-0.87091847858789273,-2.44177035340750948,-2.56915361031053457,-0.514581897725358117,0.613048513139409335,0.076916922749985614,1.62409685223055078,0.315091345659654853,0.682603262075311967,1.56507403172314752,1.23782205126875811
1.57407110058231492,-1.46348092086871939,-0.221041356417053109,-0.137527102529158174,-3.20120374572328048,-0.565459164094014755,2.24200697052932885,1.17590741902547702,0.11564359479733094,0.162127724093231507,0.602760113505897754,-2.18402569122955637,-0.094098923401547574,-0.165571479799402566,-0.36244164808203494,0.791241352492728645,-0.165397782367970203,-1.55209346048602392,-3.5141289543705363,-1.85676530825072339
2.67039649358513165,1.24785997400005422,-1.23663589900760917,-1.52688596911258756,1.35534652043623161,-1.72045413153979898,-1.20185101435064445,-1.67235987512157003,0.176301759428993121,0.906214096346164899,-0.0613844737359807366,0.445714191573659269,-0.679593267905266196,1.23909832037017553,1.3785761099603635,2.92305158925879249,-3.133506668684098,0.725873683165426664,-1.14816287423607188,-1.90291009209458162
1.63011264187770966,-1.56365058368120602,-1.2956211749629698,-2.29816244152503613,-0.0274711236279942331,-0.182635745550433992,-2.12167257238512708,-3.20136139919569196,-0.603356866574966677,-0.234308226009721982,-2.5821248825523071,0.576948977054832945,1.21134454493124366,-0.973263604649731273,0.291289762119302353,0.609013779603825078,-4.32673406135945005,-2.50271924853107031,-2.9165877173801058,3.48247056700408963
-0.907101445417973662,3.37259667179725664,-1.27346383008381703,-0.809523246312435441,-4.34715995532577093,0.920414898630208422,-1.13539133088494126,0.887031836802302354,0.561941850285922029,3.69901895984602458,0.396327073855747947,-0.131094059710881727,1.4621179945805407,2.61166568946680711,-0.284158358507075659,2.10214173660813763,-2.41890950104035651,3.98339694509104314,-0.0244642362833241596,0.100796197367414561
2.78536593712227942,1.2584726600471341,-0.520344769753487091,0.839535252177631142,-0.0402762655963449442,-1.87889745935404329,0.78886320626730988,0.990470760285183882,-0.373215132852521503,2.4005436603797885,2.31016087300055739,-0.300950609461270724,1.109599213064828,1.32994847918063464,0.545495789778328466,-0.105741770136766222,-4.65568309227053412,-4.0557310171213139,0.446995711995955336,-2.0733478249857642
-6.20137327583499065,0.958519875860092907,-2.16312477754166776,-3.42573481492086218,-1.13423120536484134,5.08874167669429234,1.38000035605507931,-2.58284032190045876,-0.502824432246771202,0.556121571291177341,-1.85365961957874514,1.33844171737231643,-1.95771239406635589,-1.99236679421574503,-1.62181661033675906,-4.92772016450910666,-3.75718426671036321,4.5598475280619617,-0.534801992958295558,3.55623181953538614
1.65320927988844524,-0.85052257806819298,-2.42437425515764637,-1.45820209779853482,1.22010266565354475,-1.78247032605653688,2.05217141151437588,-0.650620889597140151,-2.53696003918820479,-0.627525125445085763,2.17151281937553442,-1.44181192449257511,0.728704031343978542,0.885535636786018987,-2.0442140230390593,-2.36732773488585435,-4.69143231941209127,-3.1082723480827581,-0.631170763085512121,-2.02864232763992147
-0.166176049137470638,-0.145697783217733884,3.81708500758735569,1.05612384587770047,-1.7689528608286762,0.507304002334113102,0.40765723044233404,3.80461830689197145,-0.80857133995498065,0.534665163548367461,1.13598851047619176,-1.28960215035615366,-1.35659187307780504,0.213214344013106877,1.67286583858683202,-1.50900226148987437,1.9357903533225933,-0.636052590710789789,1.27223168206588588,0.575220684843988583
1.55001676782454223,0.666759305164673521,-0.150234819138312131,-1.55938268266066404,-0.595820439615842967,-1.23522521592155687,-2.77760569974734128,1.20003988604896183,-0.578306526751590999,0.0712152718017486919,1.06599372007829696,-1.80017788906330289,-2.16123572890780924,3.09311448790996701,-0.99736088765021913,-3.34675816680596361,-1.70592439520590822,-0.714846515718828401,-1.01862566572533764,3.12278557522555511
0.492487494896031941,1.85343939696596061,-0.871523635844187683,-1.04276742002813294,-0.768814443977021145,-2.07018260392495757,1.27866366450734281,-0.214756667084852304,-1.17895805255602393,2.50270881137176593,2.27421877182611976,-0.688857025455986149,-0.72330462565788034,-0.71234544297033342,-1.52676649085750338,-1.76030554028460084,-3.00775812001743859,-0.293395281850874601,-4.33271502079713056,-2.4777288998560496
-0.307011648680785676,1.61393646439189276,-0.518795672061610258,-0.000522651869466511437,2.71186343421036158,0.690981729601242378,0.949880265102546528,-0.110271815939415888,0.562559316803785348,1.74116383939887664,-1.24466876256436221,-0.223206776491818915,-0.337513126648336548,-0.180531333285820439,-1.90188345110133161,-1.98853890721249504,0.212834713426117511,2.91618698320323055,1.47793235231106634,-1.81990667082756441
-1.85290594695264077,-3.82440670534884797,-0.58747395921622525,-2.33476046369042844,-2.25837666673260307,1.593886429917587,0.468255627174545219,-0.248106967459761213,-1.16782722104955394,-0.18081000226112745,2.30416529839964745,-1.13170073814445571,-1.96058418624261033,-2.60313265914240022,3.67998123497035134,-0.349969327442758493,-3.13370172060801933,-2.5827230370113452,3.33225794783921625,2.22345155396422101
0.00661633506615472156,-0.187776313672977008,-1.12558844763563837,-1.61933040664347505,3.27886547644050141,1.10586364996800657,-0.592493172930223411,-2.32339623467952361,-1.71844672506604779,0.66756816664243801,1.07981039735365147,1.28250541185347999,-0.366441113440797217,0.66294188597309367,0.452929666067539705,-0.431031887037411465,2.11358173175149977,1.70281057211314191,3.32130922503785664,0.313379313739943322
3.65098760380210985,0.00804746409848701438,-1.89534256555422753,-1.44582713992974377,-1.25723085151310099,-4.33152424762366106,0.386249045388900258,-1.83988873619464011,1.64394646215030482,0.516405249881110473,-1.16823112115374839,2.61808729068756296,0.453673036189553069,2.620044355591856,0.484957419296808856,2.09214227443591749,-2.91968423787759912,-3.1470864893174193,-4.2843903597111499,0.116635218824475195
-0.945235493761133472,1.11876074942767034,0.938553569001713717,0.574389378236341952,-2.11791368389064028,0.615233391045985734,-2.55220570197656071,-0.941622498055252111,1.53342478127388682,1.94377587170824739,0.51368248885240031,0.935956075766598117,-1.15108318100861662,-0.840673460990126187,-0.859396738957434181,-2.7154097631837173,2.36846803402072092,3.68562636887925787,-0.293237474330943826,-2.26297181840786177
1.07294630858799733,0.895830348029451717,2.20016560856733046,-2.56916579373229048,1.78558707214648815,-0.698682039997854831,-2.03188772050283539,0.631618500184661258,-1.73930877654598515,0.902896410386177517,-1.23715208335654858,-1.02641335918967314,1.78124554709157601,0.138291107321036277,1.42932042706513673,0.925296224349126728,2.47494895695137851,2.90262980663541637,-0.472413613934800358,-0.616963146262588302
-2.56570311778195004,1.89793305469592921,0.347707449999221652,-1.87692172304928651,-3.66167865824222893,2.33937577634686722,-1.62397326514198648,1.77189833946815289,-1.96761004927552352,1.07608553777161409,-0.808081659646332384,-3.01148743723098722,0.0327227605615733885,0.0913459667469766756,0.398874695177179162,-1.20628873525252445,-0.621705304633970002,1.30165575890113927,3.18687574765251513,1.43586086969341409
-0.0781717847313246339,-0.901211490954101024,0.765847389226519404,0.651914762258629876,0.535013617911864525,-0.111160288172451077,-1.4605346119245799,1.12736545171534486,1.43661944137198883,-1.30700876581019165,0.576091133791331256,0.860605705512058616,0.65188167563830024,-0.157910803719877868,-0.438479856459948525,-0.0946450320119400501,0.292495967995349493,1.98417955612735275,-0.170597940265018316,-0.00329720553175348163
0.553589484813721278,-0.957869143257854105,-1.40580890183984519,0.931119920460704353,-0.53245353392007988,0.168307653176419131,2.15060825448219584,0.463555713788164736,2.40708967183036471,1.13181027467208106,1.00207516854791967,-0.105388272861678234,-0.971912532665259676,2.46496735192953986,1.7365120629674462,0.88811726411064662,-0.680090394347028337,-1.88007344263650356,1.17323975103443856,-0.308584808953545675
-1.79305327080090016,4.22479599467579625,-1.14681757196644774,-0.181805079090522487,-0.676830015970353083,2.46981601930559203,1.42426891170999381,-3.07693313997206142,1.1579234606197637,1.6082021292432338,1.24178853120944721,1.80638619297534619,0.372670505025476717,-1.97351832777407155,0.458528208776017465,0.244635726917306284,-2.17202661462443025,-1.08765416604394805,2.82455922474148702,3.8707419729000061
2.35168740440228197,-1.00126963115678613,-1.19277337520874793,0.381739728232567133,-1.00172959695993091,-5.10017470485547531,-1.16115556607672388,0.653576361964408936,2.36067442471887157,0.0558022114831320318,-0.733460022832403746,-0.985127073604576964,-1.0378065651919075,1.40581519203494443,-0.698599719653470896,-1.37725735177346653,1.30311556861959521,-1.97178726046501596,-0.297861610800663146,-0.186971781310694807
1.38283723865787178,0.579383109364098869,-1.43934293549799075,0.425355347956427821,0.924687354603735967,-0.562187229834155033,0.594849908277191752,-0.0902603781340978462,0.611602467455546916,1.63429008772128115,0.406262387198072783,2.21095815959220499,0.567493222467376768,-1.27428651118843228,-0.471627956808879312,2.95623855315239492,0.800742763514389999,-1.24929564141510685,-3.16878334149170016,-0.814326472788141076
-1.27917603083746734,-1.52136874846355896,-3.31365214850621825,0.137162865157140462,-0.929300878391738361,1.52999242809373603,0.373342715632466682,-2.90959039231331618,-1.52966120559285024,0.0424310968124093635,1.24206952263039727,1.66818777614662883,0.641164197801199487,0.0866756425894263799,0.67738745288412372,-0.258737084860737376,-4.24761792756940082,-1.41688946745031585,1.62356144726141149,-0.155060014864908502
2.1605400188960262,-1.61671948643684948,-2.17689474337463418,-0.194034320800480664,3.60936986973291019,0.0552539460748194822,-0.316534881403570667,-0.497215291610692889,-1.31427034477274485,-2.63197740494652743,-0.641025289328690628,1.3974617556162432,-1.17954491543173345,1.89371571701248564,0.354386505492246429,-2.37788021226792301,-1.23942567605145548,0.865757376669148759,-2.04348477111216997,-2.22590913645531341
-2.16083061410931432,-0.17342719809425361,0.752861118571654386,-0.0719668502666248877,-1.38429149180413114,2.28590311313982308,-1.759772211088245,0.131426129581213663,0.0548050471473127063,-1.64536169414659028,-2.49917989932557427,0.438984380738474789,-1.05172546844729964,-1.80073283472334222,-0.447002818040141248,1.58770245593359882,-3.44708703832716035,4.22155168975241679,-0.519278112820796167,1.90779700013177034
0.723282864030204142,1.15604972017233854,0.570353344966426756,1.82963298723191925,-0.236886152409594347,0.742965473859763081,2.70666737159024784,0.2155939081258825,-3.13599296633774793,1.70426836015928074,2.748916897770457,1.97499900861974842,1.2832940273214517,-0.407748117534747878,-0.827905187960567779,-2.9963748899070155,4.83764112856946138,-5.93662234759046825,-3.56753840406069411,2.800645602802323
1.72448514118249552,-0.271067224753814451,0.956214126568064371,-0.930774357241478723,-5.36256850611362612,-0.680253074780390543,1.17155847649096612,0.930913145777450879,0.884656210457837378,0.576175931777755501,0.89388576550085419,-2.81209598456485121,0.435896380794986882,3.61937908638098671,0.459053431176054849,1.35169948908261994,1.29483904421507545,-3.26181657021832816,-0.352739719832769971,-0.421253760620460938
-2.97917438114296296,-0.3168748427910279,0.369466308571252844,0.473872546886111856,2.63521216797040214,2.90168360685589555,0.423482366734447169,0.773004716352404975,-0.320810726714547356,1.39938672422705213,3.06454143066512597,0.106916268690226177,0.00177917982707631508,-2.15986546378547262,-0.473349489723518535,-0.55530903778951457,2.77206425544868251,1.99786146294137579,-1.10650869986589928,4.38545610732180524
-0.923189576919865806,-2.84942708411945622,0.0409654833616240124,-1.43122562222473393,0.594207915636839612,1.27389235891556885,1.82495157654031881,0.491408019177339506,1.45015224100592466,-2.11425084228359994,-0.680353113316688907,-0.447245439541479217,0.292591689399881338,-0.674461589474080636,-0.00678260476847349081,0.829808943955211431,4.93932156340285111,-1.24604076284377396,-1.84408067626107974,0.128694810277589
-1.60929728620469858,3.18148475289346688,1.62579690967593748,3.18852265389070322,-2.82875043328917863,-1.02972402399182483,1.6062876901395482,1.2196212840335372,1.55118754190612118,0.293944746622184505,1.54775140024008429,3.01897123047488813,0.733641398184027849,-1.79346573792547592,-0.742433881741097923,0.468574181605667994,3.20139183868744803,-5.67672676060634984,0.206510580551942657,1.57592122821496039
4.78381911008405769,0.684751565148149943,-2.00764830840161901,0.112907937930281574,0.22726077955534929,-2.7760197730528704,1.04119984043785219,-0.849061939237552799,-1.84806092629673158,0.575499977365469761,1.68477499249756391,-0.372137829673790277,1.852943287805908,3.77184042542459741,0.312450448217923227,1.95872718494036824,-1.54750198924848692,-6.72207807345210817,3.23471518804937475,-1.3235162370986806
0.421233517227086351,-0.284368509660812063,0.784444207038243024,2.18776040687638185,-0.774372999929455075,-0.324561332473169484,2.20610145880370112,-1.11016812255600228,1.75358991158048916,0.260657886970198482,1.39343958226405706,3.81022848994873886,0.0592685815114200737,-0.904990431997077849,1.90896283939985123,-1.04913165184116108,0.177190758305207974,-0.401605540317283016,-0.0062372934039316005,1.23077696903363898
1.51638942558467105,2.71649775383110592,1.09119756595664708,0.426460421367581999,3.39430596522815087,-0.068189244475920785,3.67083212140161086,-1.61942400959831656,0.114705141495261786,3.05024764532410853,2.86308410277086489,1.08116210805573854,0.959441439589247769,0.408107112782751302,-1.05507543024606187,-0.948830025084839823,0.157688861547544912,-4.85285641830490722,-0.714232004082145266,-0.60853755558090028
0.83320596338480446,0.549396646169710734,2.63880311505876719,1.05140441344717117,1.21126736307148275,-0.906276560798197628,-3.11905701023400006,1.37912511893472001,-2.75763924680007833,0.755517080574611644,-1.31035487585445609,0.589043348399447497,1.00910485092472868,1.33373645635960214,1.66910543877195217,1.61900043325286247,1.81677621339037465,2.35615677858049821,3.2539181760242788,-1.50933572660962234
1.36789279012627607,-1.56994310618193089,0.941972583266616925,-0.306051420387500606,-2.67791669755758077,-3.03608420905259191,-0.713475537565017692,3.74649501493020232,-1.6808764506475935,-2.90117230741001997,-2.04563268195216486,-1.80922147762360552,-1.37180123208075688,1.52370389786927629,1.49232367149852574,-1.56314768042571672,0.649178403540974558,-0.256075308218335962,-2.93274833015453718,0.827097691084435538
-3.27722439210491556,-1.44434460157038758,2.613047473466799,2.60532500180128546,0.455319136115432843,1.54956828886956832,0.403867979868379634,0.631071567035901948,-0.575066199314560267,-3.994643213437997,0.526168860062270927,1.41412807816164077,1.27390397461239213,-3.353348591122574,-2.68358329458487921,1.63369879475781499,4.22923372819382415,7.70805747894939319,0.98025786634295764,2.86374842122856155
-1.6069273849287693,1.86888278808831609,-0.112833811022355596,0.5376478499575158,0.365364821586705524,2.94192053399912368,0.34210262708099809,0.753181463181237465,0.453551768513996645,2.28976217782888813,2.12901359074419849,-0.164419055298088951,-0.32310346163387732,0.0355051734897950597,2.36517419401598117,0.549370397299424718,3.08901280094940756,1.13035724352534173,4.61622824584373248,-2.88501800386686558
2.58345551667545514,1.52812414908555394,-0.566753217037336054,1.76108682961963914,-3.26941341657178874,-1.30356156318208938,1.21564297443795555,-2.25592278767414856,-2.82061742487217737,2.88299274701896158,3.38955570651350246,2.93915636609983633,-0.143636232060195379,2.33858649851817635,0.815800326367959738,-1.29052601475487072,4.92858871538131549,-3.32568842556842714,0.370054952026252715,-0.42951630049781081
-1.51629122156942286,-0.0159371873436419398,-0.45554951184487763,-2.44256520693896206,2.21582737983801348,0.575282213062573211,1.39503960506065594,-1.5644101637471457,-0.0902985751491765243,-2.56326383354236231,-1.51802105000016252,-0.211433980488014678,-1.08671552850191255,-0.411904144739450973,-0.345079343545776462,0.164199036731781572,1.01773723946300843,1.99844773812056675,-1.70701343666585426,1.17913131580972808
-3.44299199663593569,-4.11007048588138169,0.735319668377964364,0.741193748979398825,-0.268835550502799336,4.39670025841860035,-0.191997359949509894,1.83595699576232518,-2.54901703861022089,-4.37054389584373393,2.59922867002820324,1.13149160524754233,1.02102808095544195,-2.67637316754812993,-0.446867958412293542,-4.39013778335510363,1.64868941458677831,3.19927405108469909,-0.184950311469885359,2.5978834267365758
0.321550736605376641,0.956434341887133055,1.01688969450853706,1.48635862976282662,1.70771135556632525,1.36475736999979014,-1.69493524585370969,1.15379106618670746,-0.200829705653486151,2.02577338276693597,0.489894294789427809,-0.0715807461171403675,-1.15791062956039714,-1.39807775489851394,0.317032295992187074,-2.57742954011576098,0.0515534768065688473,2.9894454110731763,1.25218136967349136,0.792853067017526336
3.09627031213803283,0.659379389228208712,0.381469361242578575,0.50188888594462655,1.81027206413728514,-2.67598197310727492,-2.28310850251383357,-2.53338366515851732,-1.56845305429460558,0.3454793218039523,0.528783068092164132,2.05332101123177724,0.000399210123088662467,0.644379241309826267,-0.977534112293874213,2.55924385546822597,4.41773157110112269,-1.46011861698375256,2.24325402760763648,-4.87195220745701985
0.743950238245768336,-3.92660888246830542,2.16119444942744732,-1.36907886065644857,1.30915099389400269,-2.15155018406140597,1.84028894560915246,2.89528112880268074,0.765268343923629635,-3.39052140822581416,0.674577658406627645,-4.77233108994530042,1.09057748083231787,0.146211866705087679,-0.271036850359471504,-1.04459732658084592,-1.35302003148488481,-1.28228857467674251,-1.4545010480905125,1.65008409099524744
3.43044451749564949,0.685836041503121718,0.271330314772537606,0.858252233509618323,-5.3473924515761091,-2.71467072541916687,0.542329770426516311,0.298846324444197065,1.57066567140238034,0.178916061545213584,-0.831847976788739119,-1.31019936655864111,-1.68513491925662739,4.68419898933323076,1.24865713326751226,-1.22772102394989413,0.896650193930904615,-2.74954387567147984,4.61843171716604139,-0.722224482095656484
-0.323511990957888296,-0.0759889376914534287,-0.137889199351944741,1.91182597918014441,-0.725848951515329355,0.55787820847591707,-0.300561495393122269,-0.348648334332241239,-0.200205739058155502,0.236481412035648791,1.96929317671254256,0.151869763340750363,-0.961523817453210361,0.31193108117708257,-0.104883170506760187,-1.92775207066419285,0.810274689117513658,1.95317298207134638,-0.257677885033270881,0.767007363901876738
1.25424154026783152,0.258717750406189717,0.791700733072741802,-1.14595077996226613,-1.06232092392906807,-2.35254044135372187,-3.29660531558098935,-0.963737566259429856,-0.853262402464938785,-0.714217633401218133,-1.28822103760865314,0.0890142589491495634,-0.311255570827568606,2.23034010663417126,1.06923861653269281,-1.25233281879356206,-1.22567636142497216,0.529708905855475143,2.21740514852070714,0.159258284837521996
-1.0034186940073837,-1.72041867395533399,-1.20659111539833974,-0.342505335534597999,1.89905813365870668,-1.45202457445839905,0.7407223482413412,-2.17034513915428429,-0.291367737323164289,-2.25301962439012815,1.66667514371052028,2.33421991515053451,-0.0838065200619329265,-0.203187932495314388,0.912840450382701896,-1.10871923714888276,-2.90334667135715918,-1.88857543498559077,3.38442080748030305,-0.314177587424132376
-1.44734808826262173,-1.33709229560172882,-0.242332810707617474,-0.76540845244279887,-1.45337482949314012,1.96728950635846611,-3.75849409151705505,-1.58892348876884304,0.154976637476670981,-2.575173115403671,-3.807977855219423,-0.877457739699520345,-0.926056490076569205,-0.496418628186797772,-1.78957940712311325,-3.49971498212442578,0.867385012408094958,4.0763896925504568,-2.27027472710558387,0.529995568831924779
-1.21565164285804461,-0.926320889263979708,0.914022085608225732,3.76749818303147732,-2.35870302012820643,-0.998906169528251842,-2.33440359005047515,0.0590638558391934215,2.41719413250002635,-0.624066156239687531,-1.70705057366870872,4.15454206845256913,1.00144897125930754,-1.53942398082573173,-0.32529458425521407,2.26741540465940794,-1.36492751029090842,0.402439813213500697,-1.24862820544051401,3.67617949428680424
1.66356763243185557,-2.21215862396631735,0.259105178880969234,1.44413719520462869,-2.46296362328508955,0.21595912581338747,1.44211917880870621,0.79392958438165917,-1.91062267519345963,-3.07361291759710964,3.58058074680143212,0.505870412729798602,-0.311696967878450915,-0.262724588290872474,-0.105490998766394298,-1.48295574835361621,0.953819889154831735,-4.89410418252876322,0.311489569445261405,-0.163707651675982196
2.26207961950044334,2.13884718562438358,-0.702492934923973467,2.5952607276068389,1.41971208465390308,-3.52586692649002575,-0.552003511361405019,-0.449350361343417937,0.409549534008017802,0.331972102842902184,2.75960493623584968,0.314884883822925121,-0.22805750213431053,1.88301911086507423,-0.0811808810664210873,-0.433964776745593139,1.88186647248655525,-0.525459489060361884,-2.88170985291435144,-2.3286346906153419
-2.21532151016584011,0.774550110986871321,0.463071489317222473,-1.32449317029108271,-0.596424236803698271,2.55925211293020194,-0.71356458330717365,2.96980868350268778,-0.768753258927449168,-1.00032899131037523,-0.987764192511058292,-1.99082949365028372,0.224830426014204249,-0.745144787567538436,1.38519424471353414,0.420894444330239037,0.222522524286859702,0.769802174525605731,-1.95103686035367563,1.33673411960783661
1.79969423428534347,-0.222430569649440718,-1.08002959990668645,0.641108932000588827,-0.768812662600056318,0.367151196400606228,0.782384716617037457,-1.52243613632359676,0.627238006520324687,0.166980906840138527,0.894316094445924414,0.908191681415725927,0.974095470234930039,0.155991834591494988,1.6637251230660286,-0.170447172575054789,-0.671843719869495315,-0.110034113237948289,-0.793209823175847539,-0.4380275321991704
-3.1087609044080855,-0.914339088910804731,1.25103268717922056,-0.263340086334300949,0.00770559444855849207,2.65409477947677086,2.24584852815122504,0.112103166518622815,-0.601961268366210889,-0.40482048831077766,2.15688166280321525,-0.414889817744819644,0.527830168736891481,-0.4085258180411247,-1.72656124932532529,0.503656894383410325,3.61926601327115804,2.36184006068711616,-3.06917498011623557,0.971921806942457223
2.0386611401683119,-0.939390639335870747,-0.648294189452192748,0.077944083296771105,-1.30370030984919305,-0.293118219158504278,-2.02478444493941012,-1.13705828910722673,-1.37089274534025751,-1.88545550407192231,1.14685817196091877,1.68747350051178135,0.672078849030943615,1.11471936169454677,0.712736670855019905,-0.447140626078279813,-2.71230923103893762,-0.315131605718872887,2.3157278074707035,0.0738813444415911402
-2.04607131292959554,-1.85060676700091387,-0.379687681857232118,-1.44145358884857178,-2.63776442524435284,3.41069670330238717,-1.08295178556282123,-1.81153793789516815,1.0322551850763686,-1.1149728614979364,-3.59030572332308395,-1.76163886668147063,-1.60025678702843654,-0.635790013413231714,-1.62327909477865662,1.02904684641316679,-2.53259287004416267,2.28059183484085137,-3.27691205465873114,3.17142752889833002
-2.27039599864904229,1.08790166666592025,1.89584648126406385,-0.870161588286183951,0.367388901109321209,2.38082377328275197,-0.586646461826175969,0.614982791365555115,-0.666270182206982642,-0.00794525827622643947,-1.43526304976307473,0.0232378647782957581,1.03314893340182845,-1.32254292312967348,1.43073067482664262,1.63506702548437954,1.76094456622939233,-0.608523422587872287,0.121557530658895144,0.13514399908042915
1.02104357855431216,1.5466916901836707,-1.14527853238553323,-2.86296407310211798,2.39883806445666536,-1.04635717022902619,-2.83455871969752682,-2.37304485471709592,2.38803120362397348,0.801711632010684294,-3.56221051634000219,-0.867925997818495221,-1.32210985234489753,-0.18222448848112649,-0.535566050604780464,-0.427652379563201623,-1.86465143673083511,0.518954039912976617,0.0244806937292879924,-1.12838067274510645
-0.607619456086656462,-2.2052740279822074,-1.01690432287611321,-2.21265439973278122,-1.11501423881337702,-0.958742244314627956,-0.470344422808331053,-0.748959785198082595,-0.216906922446683192,0.00545826983829696046,-2.05465437187578059,-1.95286993298728317,0.942177928385339203,-0.797348298747712625,0.377575650447057209,-3.48241891987989893,0.363783440784218981,0.645009703628832032,-1.73314449793515046,0.782553075350133187
-0.881709619669352018,-1.60682520335816492,-0.759144025627643604,1.52090543385945631,0.801225156320077736,0.481684342984262936,4.24890836777091696,-0.953558726470496443,-0.237337460383701321,-0.559859153207172389,3.16587447726426507,-0.831531572964141708,0.0632999001808422779,-0.706201799955416765,-1.40676702830133538,-0.688684924131879206,-4.1851628700251613,-2.61698960031145766,-1.9039788929247099,3.01853083153979274
4.9217243146697145,-1.35205339843076366,0.738615125074876588,0.353911684526117265,-0.170424805644127125,-3.50115084920932684,-0.363771174671949193,-0.536111908973360141,1.56307095071766278,-0.387589010013268398,-0.749328986546741294,1.17349456068145241,0.616898480528136561,1.14943727954598685,0.077712587316882048,-0.607160473875862805,-2.02686165051745748,-1.78151130910752453,3.23198373887244683,-2.21854665531597783
-1.4643223132157055,-2.44178225962210904,0.341597025500499751,-0.716452458091217936,-0.854840989935073181,0.877912343857797151,0.042783912694633365,1.62522263642570386,1.42861269858886741,-1.47488245580037924,-0.83299303003086389,-2.97247384486794175,0.927343496948840329,-0.496088234338121492,0.450525832995737119,1.77109554534265334,1.1314181302028985,1.67907167346322117,-0.568733753346114201,3.52939101620160312
-1.82232440867253764,-2.12508500582964688,-0.458021041828331144,0.547406965307551174,1.40849789362675959,2.48314696769098253,-0.543172397079614289,-0.813063936943708709,-0.261044806288543041,-1.08700291108716773,-1.85280428358910232,-1.36478483527048788,0.664002794124210372,-0.0948174032540774481,-1.80507432040500881,-1.42200794826489951,0.192809638137466044,5.20944840468512638,1.33006452844616052,1.60441233890612911
1.54591164274064008,-2.09715403999458516,-0.800871363154539329,-1.09894812672487996,-1.81558619290912704,-1.43790946100848793,0.40103343468159186,-1.19702218889507539,3.70081357737033612,-3.2636193384566381,-2.51670790821996038,-0.133130012518689694,1.70901927571366241,-0.00341650570715649809,-0.246042592581970698,-0.75793450293103215,-1.05346561679887096,-1.97470997973250495,0.829130349763245067,-1.27786592178109504
-3.18335329812280676,1.34816513000709248,-0.336340252097174441,-1.6587863106410099,0.814103999876064188,3.16357599756855068,-1.51524466634840427,-2.85845990931963989,-0.830038336310048752,-0.919642988926611227,-1.45218042075777842,1.41399080397008703,-0.867644004862444196,-0.935593232978986,2.3072084874511436,-0.307211327051207794,-1.53240002527452512,1.9433893847750181,2.08959315778239274,4.51172476891354979
2.56659618079963314,2.08109739846408504,-0.0810471837586850263,-0.689366090680256227,-1.01354329296276724,-0.953738090921716242,-1.86575430108479567,1.02331537725366584,1.65966566162483442,1.25216995045836765,-4.99125933460284532,-2.05455611710399788,-0.249334779001921331,2.51014711160651149,0.0552639410301396933,0.134639207964447394,0.242807749525115302,0.335207629747476366,-2.23811595427972509,-1.58327279703208657
0.329048733616442823,0.172158727239295872,1.32263491653964738,-0.227497166356522562,0.117690253518998603,-1.37690399935132279,0.629941640429690475,-0.897662041766665086,0.308033553327603515,-0.505809538417884674,1.82969210594030507,-0.367004266679239244,-0.333789598560031431,0.677193611516160643,-0.0707571167261237394,-1.89046559996037877,1.93262772880421574,2.16701973238599033,-1.97792453982627592,0.534493819756479582
1.28973653997887294,0.969524713896826928,1.1350556271654304,2.03803213756640478,1.54987549795774182,-2.36381235206541884,0.411699817679108571,2.55866169643845209,2.20489300009922218,0.128079427255179734,2.90318838299934612,0.896503725159930154,0.308302578050017262,2.92112306226387197,1.18144271871282824,0.0723405044776672251,5.29533543546657182,-1.80591013114808807,3.51206123306182771,1.18840563123289855
0.722563426884614946,2.19542414399559238,-0.0247351372437789076,-2.12846497823323277,-0.700573016634084,-1.16448990900490612,0.0549610254395287365,-0.110861803023969793,0.339093089360928857,2.93534073996947464,-2.91688664132812958,-1.91602427458733393,-0.0122696645470893526,1.13769396103095732,-1.2623727362712962,-1.13143766421678471,1.06887320472038572,-0.0974463675022678166,-2.2805425773492578,-2.67883489815822928
-1.12164910327067346,-0.0725046344727647979,-1.30300640518269173,-0.764005026273095855,-4.83483787354588745,-0.732005075591444676,-2.15330776455348305,-0.637932399953129115,-1.18603576629942409,1.24098074948729886,-0.341550279579023841,1.37498596641438264,-2.15434321994015621,-0.188284605551385598,-0.0937055006218907305,-0.222064712841937739,-0.632282260419281594,4.44294222051023624,-0.227510102579499551,2.407640191568587
1.55762872696254706,-2.1483063631545023,0.940498331300097967,-0.932893751775492275,0.0611351710773028398,-0.059252337510221062,-0.202202851309320336,2.40735625258900221,-1.53621403877817531,-0.014731284154879367,1.59982895743054865,-4.24647885781588919,-2.22433507523940799,0.626061033295834624,0.82265681485840525,-3.98642139582161503,-2.02833418883448724,-1.78158989468944617,0.249234413460005272,-2.44197499153158315
-1.29099365950959677,-1.77622406443663294,-1.74035177044015166,2.61156934661334583,3.55271532232602727,0.0191567927761407374,1.6134570440926681,-2.43848530801017294,-0.431206901508175311,-1.23190315913253667,0.900705026804763831,2.61125283556720955,-1.40761396051604626,-0.711988337370569213,2.25293910807908926,-1.74385474029643794,-7.16999174748310253,-2.72236342142716481,4.2582853460614194,1.18667367579830052
-2.41457925797924888,-1.4633934969149951,-1.97626961327621409,0.0217142446316167283,0.467468821888073205,3.26321809977884358,-0.64483017706214496,-0.693662628436911288,-0.105452173900246818,-1.06580588416870059,-2.07893717128582045,0.525125977401768584,-0.436893809026153435,-2.80010244521395357,0.540011288246979748,2.53993524351480593,-1.06296261592632302,5.88347204781005573,1.97937201695337928,-1.1437073432694036
-0.555132758741989862,1.32559808699380821,1.05889080410749914,1.2873371235534925,1.93695627101691081,-0.521709582231178803,-1.46818181032591366,1.70747471454480815,-0.747820846600863565,0.852297559536502547,-1.58531553958584115,-0.122308806893782498,1.57102513778602915,0.145998650666868374,0.0785161075938690806,0.521553009394171707,1.09102160325314079,-0.142917642684293938,4.31947028339845573,0.226547254578208124
3.07385905864812292,-4.45851420261586906,1.0658548356599935,1.91334594649268097,-1.18746312338330595,-1.332799053490481,1.07899172340361149,-0.163973347513222595,0.785216093811387461,-2.45181027165437682,2.67835379000174356,1.42030106677932633,0.655607565852672658,0.575398697018018823,0.76448717048140391,0.454025027776142676,2.36037109653229393,-6.15199569401049029,0.540738109793557742,-0.337039762677542543
0.721174571994638414,1.61506901268762304,-0.017905048765768504,-0.504874306868305478,2.2059754392686437,-2.45944508931727324,0.272925743369563101,1.1568861534332997,-0.528647139767603469,4.39684146595760605,-0.0501095117941877388,-0.738082255020280797,1.05938661891649111,0.439851330198341217,0.0591608833809885229,5.52962996169031573,-0.816225325297630033,2.08680665651461794,0.302121499940245952,-0.759650910520978107
0.952727275297109433,-0.856862606377367331,-3.59239223879825209,2.12478415822673217,-1.04693573973217902,-1.48459660301728524,-1.4081504417542039,-2.00534340271529654,-1.36894156059245731,-0.583165116393213223,1.05365930390493823,2.23502143292888977,-0.115765469416663144,0.312516242613049999,0.517571270741040812,1.3791237735869637,-4.95335490377970622,0.615753118826538492,3.15191562979269158,-3.65718311690904629
1.72252753523616731,-2.66741145189574658,-0.213982290334186004,-2.62876716354958884,-0.807567702198952464,-0.0469257671597367657,1.77957971626486522,-0.197725466755056978,0.912758482360977341,1.38827474046788324,-0.0989737294192297029,-2.75145666766517749,0.249599182818123239,-1.44691970919856883,0.140040508624915155,-0.877674369303034108,3.38668671674702271,-3.46130013156352945,1.25402894463285164,1.27452389831024493
0.892426234369798066,-1.0617443518614067,2.31297544088882789,-2.28871337772698347,1.69650306158544439,0.388645739832538195,-2.10577451046637787,0.518997557415824873,2.45516451943713854,-0.677097446546102932,-4.39912902135922224,-1.45442946089642899,-1.59013201104743507,-0.122364785660487904,0.497062376847794085,-2.11360411203339105,3.156263794864405,1.03433460763581242,0.0295737271141287006,-0.535375052885969871
1.06842052147059685,0.860451929655549619,1.99062872105801758,-0.69531247457679668,1.34053126950789592,-0.619250638761079886,1.7146349754618524,4.44170051150772149,1.532746934682369,1.80080661035216538,0.360277371598478779,-1.29912000724928856,0.136674720586130727,1.88253285499131251,0.530727320378437506,1.17882337210046773,3.10151305625087748,-7.00754033512067753,-0.330354278363163112,-0.69392912593787659
2.62802474919328555,1.55966638192177931,0.115138009622987092,-2.94760622546085305,2.94167369549537527,-0.0841675995898997498,2.75986379541934079,-2.03345854952314475,0.0426044832363398213,-0.531647102209562905,0.7646658817932519,0.208637784531556264,0.183979117893986105,1.40459171215012812,1.13715427444727157,0.0982679546760648059,0.791913662324254863,-6.14895107246386452,1.08574156191190196,-0.618149776336433532
-2.59902797960321319,0.352996482421276403,1.86226488729342088,0.378320457369294316,-1.68308442012862036,0.814681643207127437,0.293157986078530719,4.02119066800912162,0.183897491599408131,1.29026094900478361,0.878421179248316863,-3.01639168677133362,0.0564643601017904007,-1.07809825729456854,-0.232193491142603875,0.60010785028526048,1.33726807882719223,2.94111764696407185,3.67414693642215395,1.12609004819365066
2.36222458012895231,-2.20866497194338685,1.5990387620693034,2.67374707426155034,3.36772926933008909,-0.435343406594049631,2.43551494326879991,-1.30366841332457128,0.0353749311973058159,0.715832438795075743,1.32186860062919842,2.8452122775169455,0.0390837070513807006,2.98007053325560856,1.01586728335806198,-1.30808874647276863,-0.795040591372862426,-4.11914370900032978,-0.400166634282557054,-0.491025035086610773
-2.94247938040534063,1.08290299418716907,-0.195545492143006233,-0.597571856774615884,-2.86833158452532944,0.984846268798259428,-3.25373311673181531,0.24668050524638338,-1.13397453416662497,2.21577789255060331,-0.545736708519934388,-0.564906890729241828,0.0320886270670498464,-1.44691474231698058,-2.07604511245405199,1.39880612017587747,-1.80210840551537133,3.19354936301631653,-2.16771727721655028,0.856411480239524181
-1.19734137783604377,1.60319788801940466,0.999140403270328381,-1.56187084467750625,0.018809511796116906,1.12033194925045554,-0.522465439840479662,-3.8389509624819218,1.6639390819592268,-0.880553897051715051,-0.23856023101036955,3.00332909152026195,0.272473985512385997,-1.97737323539784904,1.11191564033895784,1.47266493098402318,2.07140311542906241,2.30243802707514567,-3.15299943652425751,0.950192414137767449
-3.88528881587146602,-0.347634983406234332,-1.1225873204598853,1.81617831673534891,-1.70184145135630649,4.74963943524431631,4.49050466320279806,-2.20277002815384071,-0.579985761841044112,1.50402979924707814,6.39679857910845584,3.08950663389652869,0.188838188862301803,-2.95878218982841457,0.190163269228892956,-2.31495470833593675,-0.898215722076378786,-1.61063703420434745,0.314217014494330427,2.63661429449776952
-1.86708416577010849,1.56334955895135463,-1.62516689032369488,1.44856439174742491,-2.64819135276120976,0.393341071472697312,-2.36608504463625113,-1.36280245517114196,0.705122087338559744,0.335477540601119506,-3.49252327631391468,2.43537350017227006,0.138094220776558918,-2.05861091664151941,1.15842030828663822,-0.166638628317548693,-1.09666452191922903,5.02471762949460565,0.603251428385634725,-0.837477022055706177
1.03346711951349524,-0.697536845201608413,-0.532573903884160038,-0.965454814199841693,-0.764427860617882371,-0.112952243467983299,2.49101488351304257,0.457239008565093585,-1.20459877913484537,-0.205692371313122513,1.17193928239045131,-0.253665316528078,-1.71938622969985544,-0.0345276972445493699,0.193980260952545086,-0.627546139325747765,0.994720907427544043,-2.51675349186861386,0.863009889489000703,-0.616953403671655076
-0.086154621069380849,-3.25279887948593327,0.217216352324201889,1.54235181484311545,-1.8125047656032498,-0.679394697889811439,1.86549333951889396,0.995432261085312464,-2.96551040972687607,0.620585582408913483,3.37513378854762003,2.86201977197017099,-0.261548798629119117,0.831382919768544504,-1.22542462188084889,0.724990228047545537,-3.01147863550709793,-1.71996638453650075,-3.76525280099617232,-1.53499329050299749
-0.842096977058574447,-1.77797151164908374,-2.35471632552304388,2.10532812279873305,0.764881878827857964,-0.674534364570329226,-0.0488656463398978169,-2.65166094851015588,-0.772766213505064692,-1.81643561089033589,3.18723864663394751,1.70395573042970727,0.280498927864835434,0.273280910626806484,-1.19298398160417296,3.2006879920058191,-5.12862670484758798,-1.49325833289629251,-1.61165664282129462,-2.23174944956406041
2.28185133365175341,0.78914208654939455,0.126195686966110387,-0.673809093445799423,0.676118065054353901,-1.34824586223612908,0.724996128908169557,2.02586997448724526,-1.41863691768789413,1.90061962669870033,0.825960416179396417,-3.35493278510200899,-0.785893158293122229,0.812973080900753486,-0.739500856475870272,-0.770393717517095622,3.57874536440302293,-2.84294205264642352,2.92136164251578467,-2.5310961554950806
-0.414647156092886882,1.62744616526432195,0.0157448147407487256,0.661217818726214435,-0.208551947437428026,-1.21400629541097094,-0.51356756230178624,0.257919171831409777,2.24744836000388437,4.2089652908186217,0.889824919882200471,-1.08699790602059343,0.470597828943880969,0.607048059688739872,-0.181842071071100841,2.14331042538034033,-1.50614077684459424,-2.09833608749066736,1.28585652263835559,0.340062693162674456
1.38868602620206238,-2.15140242575403695,0.916530063399714212,-0.276626158336359729,-2.89246590715344754,-1.46047029198128508,-0.797074835632279211,0.306404466359539884,1.0489170354434787,0.556621510602691494,-2.13273901406084665,0.243064241962574451,-0.258883074262193258,2.06113714998588549,0.841183088800023238,-2.27259354069559549,1.44126406030120324,0.395402563118058881,-1.76290566949891758,-2.55598439308204251
-0.470090863060567521,1.00375420884058575,0.708157520037624999,-2.17516526870514548,1.90147526674249101,0.515411972566433119,0.134563963599030723,0.969987183184509938,-1.84114568026597003,0.723118988059401668,-0.728876593430468955,-2.17916301040173765,-0.22579450602386214,0.623416991148159516,1.97238136810508879,-5.25482587940666868,3.42025559692527459,-2.34871495950776632,-0.564560376745943282,-0.746778058066565609
0.0541450593033445116,-1.10929706815208684,0.557513371185025197,-1.51673602492270554,2.3661825257629423,-0.970159512310008521,-0.4679311427864975,1.58010407502681249,-1.12365888009198356,-1.21343775883579208,-3.90417132659388155,-3.02484254067474678,0.291075590555717745,0.298588942906873933,-0.562199701763445914,0.217343758550291283,-1.35664340129745464,1.26699144306506373,-1.06044577579550059,1.30682710091746745
1.08078157466313929,1.40092974647044266,-0.504920890452909998,-1.32542923178020988,0.63219011463368624,-0.462397159780941869,1.12038915215306734,-1.21211901601141459,-1.0405912435522684,2.74837925388719162,-1.28744130369725118,0.496030016472865987,-0.00150579152194320071,-0.759838292581665464,-0.611344147601860843,-1.68886054905855243,-2.3268192765385991,-4.5764605242752836,2.0963682457600199,0.206193740996682501
0.423810729622338067,-0.676206306116559408,0.244805308408892558,3.01386905660888393,3.72844310536151591,-1.00819033080792431,-3.68063966367443918,-0.449829814698164798,0.451143922507738937,-0.310301437487418397,-1.18808309609647567,2.59947953921235175,-0.507857882498853996,1.53466861242979169,0.653968242069954186,1.17993034616629089,0.998403904186369928,5.72621770000439323,-1.19930893672345285,-0.593640842571628302
4.7840784218085437,1.20627166254444318,-0.594976909618320726,-0.756987953884889264,-0.317404774108987153,-1.8081352740259713,1.85206260847952953,1.35847773920060533,1.1998051217721859,-1.36032836973763116,-1.31190917068656532,-0.691791266417533857,1.10263628699207161,3.43937632098276236,-2.09536458567868555,3.63583718324355765,-1.6459708099538819,-6.41110065476120816,0.901900005936353888,-2.62690044936605149
1.1518531366543685,2.18670717553271965,3.14299170654189597,-0.86296269181874119,1.3766948372857637,-2.45911441487057925,0.94596830521820352,2.31359805538380137,-0.295823097806224178,0.974324912688924849,1.88051044020589386,-2.2824310251902471,-0.849801042620714875,0.679286462127843382,1.96443669586347069,-2.70582175566654159,3.05571827636241222,-1.17599426129949958,0.400185666890768177,-4.27012743974068343
1.62455344430523763,1.03799771643585359,-1.14631487070490845,-1.65741870817512482,-2.14200657268724015,-1.34807604645461443,-1.4331693369447922,1.31116461152028219,-1.34582121717705872,0.379550937441337222,-0.0814299940805264938,-1.74653279124505678,-0.533010157132102647,0.94944923130586889,-0.687136634111418121,0.805150245706253931,-0.927789536752381738,2.55534670411778153,-2.66855106994737046,-3.24262148582324983
0.112086949325458984,-2.97869171870831773,0.825647758665150611,-1.76076979091719843,0.401009035066448971,0.0898146775053207114,-1.64709179568120301,-0.937184747276451402,-0.30865995060542234,0.160079738580302056,-1.77746084171383045,-1.03577988089379724,-0.811311047606841473,1.47227022802929919,0.880591413608275198,0.718255686720123521,0.524713790964304039,-0.628850557329284188,0.972276160560143654,0.099558588805541165
-0.244326944175727673,-4.80329094437941784,0.0143120042001194693,0.764160229694927695,1.74774184940786093,0.287981870695115494,-2.31615096757348971,-1.26992187747901175,-0.447890772871155529,-5.10839771597903347,-0.246819255537016752,1.20002654141405696,-0.957827985199156906,1.96359240815253222,0.04185571829241376,0.0274658937630375931,-0.716820797269843935,1.64283941457394866,0.300806183676669447,-0.209463572356695577
-0.708755430155819544,2.31423471588903817,1.50820755164006326,0.382097090906749093,-0.722165922706312857,0.110505469189548719,-0.806432402176558205,0.247462499645610456,-0.52257426805467333,1.31600602942000089,-0.403340685262840781,0.944711385976148788,-0.902578195143285078,-0.710883745386708177,-1.26008847573254013,-1.71081439725268436,-0.54956719537243337,1.69862760860345374,0.698535479735480136,-0.726479480819692158
2.93337368023556744,1.0048603076356899,0.271861623333106373,0.826949337072853452,0.062354831414418492,-2.81759526213687161,3.54413731944462684,-0.214958158048134867,-0.391673085934139409,0.543754154627079211,3.16493714453797015,-0.015734638820421764,1.54162480775675648,1.99679433828342345,-0.396981673637349486,-3.08446336334615134,2.15925345082892406,-4.81418064943791002,-2.83228226159092511,-0.808755885324323409
-1.54137999999492048,-1.65909453543340213,-0.220243527328271127,2.59846834540213356,-0.0327162369909121883,1.41297013622811551,0.994875389720675241,0.296316886184055162,-0.597747618517750379,1.60601733396472079,1.29156857597602337,0.936944111502336141,-0.666506455396900344,-1.42529429291532406,-0.874983509212769905,-0.974308344299196993,-2.85407201899182184,-1.53968048958111581,1.84552395435276706,-1.41825433156019365
0.260241431884932262,0.802596477649363482,-0.0327643445344537806,1.57287212217922923,2.17040518867762211,0.782972374632473156,0.141955361709695416,-1.21030585912979727,-1.16603705830466819,-1.51302013495489573,3.5264877087789821,1.24301145076490593,0.943815565197046014,0.704378129050558743,-0.677985495114902137,4.51608160412923176,-2.7642170800245931,0.824653853425418304,4.62502002415077751,0.159509790643793475
-6.96252610709874364,1.85114213526093696,0.133916685047920148,1.18385418889054184,-0.806519242213971199,4.92006535385457155,1.1758074319276044,0.77945742327000278,-2.71259773668478354,-0.337662090839091822,1.57872176260953934,-0.644695025768959873,0.587483375289336363,-3.53088769560118676,0.102075079755331533,-0.848628260441092741,2.12096344634978617,2.36816614921859303,2.74752390322470053,6.91043957798110497
-0.0572218969823447277,-1.03002118929133069,0.417653310890912399,-0.689013540997901575,1.46305856077880159,-0.0628128079879884393,-1.16390432836515179,1.14109270154718412,-0.842913173554849626,-0.619869702542017675,-0.877910342812583289,-1.48101408428457093,0.862243668166295718,-0.581062969491251136,-0.879683044870984809,-0.730572329593891623,-0.66686757851594225,-1.26767706968875227,-1.9288447300154119,1.76254533632483268
-0.514411080688265021,1.68954318611617227,-0.678181927666985929,-0.778778003417383458,-0.974557575603679838,-1.28977869955299029,-0.297953482924312452,1.49238047791774564,-1.30308834052294542,2.71543719755049073,2.24469571327977446,-1.12773398079349896,1.43845379315414568,-2.06997058344929297,0.0230769314417054762,2.63805452163288701,0.82724698185403478,-1.4036566530785084,-0.481703020740323673,1.64941617934878648
-3.05991652517649726,-2.39677753731429455,-0.159075563507960926,-1.39784202447662276,-0.808334253154958327,1.40861405288129893,0.762367289757477584,-1.21385782752962945,-0.432928743900668545,0.699664095182650048,-0.0116835242412346874,-0.528725686142497375,0.368647248920949078,-0.758440774799981288,-1.30256506609968792,-1.46027189585739503,3.1352987244292998,1.86432176166113872,-2.2936749453574925,0.653966876411924081
0.0207216719831339151,0.166809111287625433,-1.21895479341350521,-0.896171149271316914,2.33454545502854405,1.78691037119470608,0.809288818830641521,2.2492235440503916,-0.652843368832453641,1.83434576955281692,2.70370800690892965,-1.20661717238825794,-0.730625261304887252,-1.34776527707102933,0.454577813093930805,-1.06240970959264525,-1.67772327167630531,0.301524530634356469,-0.764981855279422529,-2.80386094546050701
-2.38981380454525283,-1.04755211680619453,1.10446222960447971,-1.28909323879550808,1.13362769557263121,1.54660569916870672,-1.51478277662101601,0.902627829366163814,-2.42399083298896834,0.197548685163080995,-0.260473236915624129,-2.11252500955246569,0.157376127425170625,-0.224189791263414373,-0.459903897138873419,0.204757652633390019,-1.82535839226121954,4.23568899862432957,1.34889450034588032,0.747000330752293218
-1.98561565617870817,-0.73065848869323613,1.4103918507171298,-1.40259829140823755,-1.82604884612578955,2.40600911496843928,-2.43435552854816617,0.582328529710303688,0.402447079795248241,-3.87899478806795983,-2.75091807803407695,-0.652385433089375133,1.07462753718601922,-2.79424838035758061,0.807698703365509862,-1.09749894153591243,2.12241864829160498,2.0739599281054284,1.08608385937364016,2.89322989366518701
0.473608030528507085,2.18914341879222363,-1.4199014100888836,0.589407486979049544,1.94272825874419985,0.019455566017042944,-0.819549201872303179,-2.6218485941990064,-0.991794325013305667,1.79237268427807073,2.40149076430081987,1.87558023230408977,0.158881737556654967,2.42728992804948174,0.375284246325631565,2.52922995597502975,0.128354379682806302,-1.49731526072755639,1.98597122468778631,0.354826083508555823
0.173723505816390872,0.764819532852173412,-0.327075993728966397,0.586109587231587681,-0.921500380710999156,1.8476122420894967,-0.571072570251886291,-0.218272057328446567,-0.0622062812964666659,-0.431734989901077337,1.84548325953967662,-1.69061693939603841,0.757373024143887408,0.0561974830372067996,-1.22685050540564422,1.61586687057036071,-3.72991089129604037,-0.367505103570785252,-4.67473937907051784,-1.90366587248827268
-1.94961107705452563,-1.84407731167102718,1.6260991472692623,-0.725813071241104169,-2.03381946563911109,0.964795032535998298,-0.37501139083758156,1.30723596576642853,-0.341115616062485527,0.998087456504709758,1.37063492631465245,-1.3344085520361173,-0.746758692696731896,0.853788358934480462,0.637686243408083553,-1.86632792553808557,-0.335961765792270772,5.69069916043531876,-0.284277952687471747,2.00717799256546181
1.18302626854845139,0.0068992226570576045,0.435144050279833938,0.0216548200482503637,-0.227578711940518735,-0.36364916126721758,1.80966926302385134,0.853685437542169079,1.96441512122045903,0.984510406169399443,3.43034995482824634,-2.0809918324319665,-0.237559430858922477,1.8790867247814016,-3.1269451258245371,-1.71954060213143389,3.55076352393992067,-5.99271367911988762,-5.61705392383874624,-0.375959136666375038
4.08928410932755781,-1.56071170848895457,-1.08292703892761266,-1.04684205896817284,0.332875603039085421,-3.7409033238750955,-2.078856861646452,-1.37449920715495444,1.78762794042645101,-0.841219193605683979,-3.33540344825386503,0.777924853828129148,-0.265384498814074665,3.395794077864982,0.547928102003358397,0.164968704451724513,-1.50818024124205841,-2.83794304559338073,0.181810544719644696,-1.79480639343415405
0.527662055780018346,1.14741158518330155,2.12513969998528074,1.42975997356445794,-0.892464674489936938,-0.418308547108226014,3.53594776095485352,0.0334392600413526281,-0.0283024753072952211,2.98544149292837124,2.77241936539577161,0.426898090623454241,0.952148488577227337,-1.13505401990496746,0.293660367606725925,-1.50658368107627783,1.32543867945904359,-4.19350570875554851,-2.87370446910747424,0.18201383933547724
-1.95011048140614762,0.404963122031820444,-0.784582733577451785,1.38351914368896867,1.20259145546843471,1.39047636298713173,-0.57373463196750818,1.10915443530172042,0.633477232132772183,1.61141461209226367,1.70339203207483703,-1.11088608235571606,-1.75895051265526625,0.567259775820855738,-0.262929362375845688,-0.499711385888038484,0.120909211353239524,-0.620035418619695577,-4.7302079864849631,-0.784213143239540167
0.102714245265186438,-0.970008264429182088,0.615814695806976897,-1.48605985926532091,0.734219090811177644,-0.0378689758787262923,2.99117327542323297,0.676356324571705692,-0.297890071951462498,-0.20205926690804249,2.73038966935452931,-0.5163502345754023,-1.87990568487703702,1.77228843954528736,-1.20585640952135664,-5.29226259679718591,2.39731813675314775,-3.39094880732393689,1.84414633017702645,-0.478112609786096654
-0.361467545066571971,1.07872970049289774,-0.059551926193918886,0.596978917131620435,1.3461856398445291,-0.333438070876104442,0.648318977056210222,1.87949757196723199,0.708945680126977895,0.805129408267492019,-3.09960991249044326,0.273500450467345779,-0.918904270228537379,-0.0695219476502408479,0.776134919375790377,-0.348516890808372282,2.77587053090332558,0.752846412915593621,0.766099587529342485,-1.99086350563954051
-2.10508990046156708,-0.42613294499928972,0.691325804480692918,-2.17912608883992176,1.61759716701799228,1.10219955910299938,4.93009647123161621,1.05632430116685039,-0.125700802710702803,-2.46511078607865697,0.530519038209069205,-0.640356356959084327,1.03269278212356963,-0.060729111785643955,0.0548052518103748221,4.23116817395602229,-0.318502229004068771,-3.88167838952499045,-2.75581501144549801,3.87995564503928891
-0.259858419152535269,-3.99545461395677259,-0.888354372623375244,-0.120408060969225864,-1.30242440312956465,1.27483505880105241,1.1189419350599481,-0.474462459446201912,-0.962077210685654105,-2.4464675406996732,0.636967151186242253,0.686643620048041803,0.470898455131998905,-0.53163324679010493,1.33124445693950855,1.25060528328723208,-2.21602552327653246,2.29589015167917143,3.25376006051462374,1.41098311808759802
1.5080052974530016,3.00416011139865713,1.83469735770447273,1.01743103322085648,2.37596545271890003,-1.34337476184494187,3.28561585088892638,-0.0946663523676084528,-0.772970999884566079,2.9281307300136743,4.96681620390300882,-0.432673392620753938,0.506489198911510674,0.810109426063233107,-0.284844664865398778,0.920412243361233728,-0.822385998289613562,-2.60448399741909764,-1.40934897835364925,-0.325512153997319031
2.76239342825855072,-2.04310134502812035,-1.33679444016611138,0.948704982368686611,-0.145051109809616857,-2.32735085077614334,-0.393512610114243711,0.42681465279329267,1.45817113169680002,-0.944835455445962813,0.525404822926107129,-0.33216570233817666,1.03271650658133929,1.30708277169185205,0.595754057197939169,0.302467919895287984,-2.23710908838980416,-0.898999162130147855,0.00288860137968050858,-0.526310905711542376
-2.06210032437920221,-0.373727546334498895,-0.370281705103302272,-1.5299180724826309,-1.16046789615157175,3.7291140670407934,1.76610387545652481,-0.292315208300310547,-0.808575062704486758,0.379490010872579109,-0.295994065137401563,0.0722157020547334882,-0.173872436539354996,1.06335818922062963,-1.57505158506980858,-1.11206829190453771,1.80042195870011845,-1.99967958516324562,-0.0801480940692473193,1.28024092607119466
-1.42722312153492958,1.62656439328502112,1.34520491182952773,-0.191085387881708535,-0.287331434624897408,1.48419719784143056,-2.53982921782491511,0.453389013019111164,-0.800612082154312343,0.715977494049362839,0.388674697509061084,0.298729300608312875,-0.427307023540109021,-1.20584465209884439,-3.10184811955873974,-2.70366299686324307,1.53279251847495357,5.03360262082360332,-1.1713134533203633,-2.13386468409435537
1.20926713636900196,-1.80747188791439761,-0.225090796818901345,0.754835939874718198,-1.48857488017321593,-0.48313790426168074,0.337752734401280064,0.24580766097137452,0.344244488508638147,-2.81942654909361945,0.765733315430946582,1.71173663785230912,-0.960501824083138778,2.26686435665809016,-0.103657942144330148,1.43166915857956178,1.09946356671746104,0.693306604935738036,-0.249613981426378501,-1.56778981409088325
-3.38303999540037559,0.0517598356520112754,0.435645794839654987,0.0942951543522107666,-2.00735297443180594,3.38383509201166754,3.11307541470871874,1.99506613581395564,-0.882638440831858939,-2.39966134945670584,4.80673580173767512,-1.10323484409452366,-2.38473891163261875,-1.16397479175799456,1.3178650076306897,-2.50364160970612515,0.848898143090385693,-0.0486323079675193073,2.80963610533793862,1.77202618050405603
2.42167197530175304,-1.75753061675357336,-1.62084550378280379,-0.679782093395694509,-2.3656739561292377,-2.76143009071291745,0.458559694846955412,-2.0149467539036432,-1.68848349265841824,-2.11822186960185643,0.928957941820414468,2.25972509684945866,0.666970156843299966,2.05877569199427146,0.915200540782792671,0.506233200685017093,3.46450925405140442,-5.12517055707878733,1.5981174267772269,-0.13665971255697848
0.568085389463376389,-0.128704572524829586,-0.445633832647382933,-1.4869915007122938,-3.05366023063487635,0.532542114782407872,1.90313713575702348,1.63857130751382485,-1.65348659926983887,-0.906684818714214691,1.46957722128613488,-3.5449315649757942,-1.10367411871929755,-0.597170646686492113,-0.41367627279634217,-2.50799902082203197,1.54935935866168761,-4.5186014826454155,-1.63269899356133319,0.983967546781482905
-2.73367502865445688,-2.7207688961093357,1.41469744484137938,0.594383469305416856,-1.89221687572805664,2.21246362025436882,-0.465224478881604342,0.310767550479870536,-1.28394976846308118,-2.34169615201174608,0.388299484068266865,-0.55905980261763244,-1.54849361568013055,-0.434613764996189256,0.347370008323289459,-0.2230244407669352,-0.540809243165349063,4.17102646168962909,1.253314590476301,2.74553628787483106
-0.792696196880935955,0.247071298458087674,0.411615678662192064,0.80275203263988959,0.517701862410730795,0.625495720223987806,2.88149748108823589,-1.61126535567340223,0.648110568011236232,0.607631738120914311,1.18169047837729302,-0.503542738422342318,-0.306728284116933758,1.10730128521693172,-0.242509945689184186,-0.106148020850067082,-0.446379265835196715,-3.87167650602016344,-0.412140645897212499,-0.146548686848332166
1.08296478760810477,-1.38111186387378937,-0.831280938178188045,-0.100790935677733978,-1.54264704037398714,-0.795834047706979075,1.71668512299604714,-1.67339503161105507,-0.566811084686846045,0.0176859604333409401,0.320340010888780113,1.4628650495116069,1.45527669029397999,1.06571749576091257,-0.00274173942907430948,-1.44152668324020139,-0.734897045506395563,0.797854595476065187,-1.2734660376192064,-0.65709097953685569
0.448483697154411887,-0.788485388317552882,-0.148796397371564498,-1.1433703796235648,0.620541176450774667,0.786199420719147835,0.778273706335607773,1.92325115158925275,-1.02723029657181963,-0.0455151799572052068,-1.2698092662091589,-2.21020338865713928,-0.995641814709189887,1.39244522400449044,-0.858155113684713977,-6.05352868390909382,0.288612248353718848,-0.685311714627534263,-0.204134638109773697,-0.798728689275362336
1.4295505118205265,-1.15169941769609041,0.554516997425332114,1.32694116283523522,-1.63155549770975106,-1.34773177785339526,2.78139974398500733,0.691761647521250356,0.469865525785814975,-0.99982406017553449,1.94598670648673422,-0.46891522607082825,0.756228294929495726,0.455603990518696045,0.692011074453888098,2.71932495455331535,0.395418427145173834,-4.55610155969675912,0.37551523639917056,-3.76430658574629406
-0.640839725143229511,2.00920807768028586,-2.57395708599095396,-3.45340340780307242,-0.67973545452993156,-0.287525311993481913,0.104812883144139529,0.512503117407448472,0.853372029524870679,2.32005139602979638,-3.59620931190372639,-1.03067330579476879,-0.852161115909516598,-2.01311978571768702,-0.616869014308808916,-5.05829968323294832,-0.451059644083472433,1.27070658419130811,-4.38455615796336851,-0.593132016977943488
-0.774529416339406418,2.60459510878779676,0.68965035429911703,-0.965305507039662558,-1.67650842730125027,0.597752391496565227,-3.63255216027601779,1.24941873363575651,0.752264702822426523,4.46024017312888077,-3.01553054083735539,-2.19227528413809036,2.78813870607817149,-1.29120543187332815,-0.944561853879011704,1.59183082405888632,-0.155620441619414296,-1.03416853029945588,-0.269938285623617991,-0.387823889291794455
1.25432958500914649,2.28679335381772875,1.8588987718591421,-0.304150596996258626,1.14583924816756233,-1.69031755042996257,-2.2117495788626651,0.923943580527245345,0.206958003891970027,5.42052090898303707,-3.3759879110860509,-1.44606060869088293,-1.28400670841098585,1.72216633931262431,-1.41657139664867127,-0.925152583546774432,-1.28814615086776296,2.00184501099008072,-4.35135761692520795,-0.437040314019057019
1.85494279583844612,-0.1329217242038363,1.46867512126393374,-0.335812767644635857,0.221847114523223421,-0.653958621247340832,1.00576732697898263,1.67943111490702202,-1.10814388489006377,0.769048156721110265,2.50004788229738795,-1.49849712191437012,1.27602497437340601,1.93667040257064293,0.844951414757235564,3.28613681130413093,-2.98934238888573667,-3.76457120373261445,-0.0741600803000642822,-2.18592899105386795
-1.78347325903041187,-0.378862485189841336,-1.10298484613528247,-0.208158803832780265,0.854480024094692703,2.12201964166725787,-1.3996303151787306,-2.34139252071452031,2.37802592759465803,-0.297313727648663706,-3.08709334936588498,0.996980075070261096,-0.133207222182409796,1.73296287519113523,-2.3952181569783364,2.14783839225519246,-0.838384382090977431,0.930409720577678234,-3.99503264140109593,1.19961426640851809
-0.0157276943447436472,-1.98576454292564164,-0.215942220592830858,-0.612638273715894632,2.42474826768873486,0.682192412894039424,0.478249823317677625,1.22243866019133196,0.259140046182806727,-1.38336998453928417,-1.6482395153745748,-0.645748394979197227,1.30393963008193414,0.158168728616267351,-1.11665099107188071,0.968198402274177083,-0.655955876380894698,-1.73398921697227104,-3.31801804078213003,0.0330142249910218288
0.344176791524432646,3.38108466878968716,0.0997318286795056824,1.56708744477973738,-1.41868601127075289,0.573377585684010316,-0.416721235220911868,0.794322977741690917,-1.44792356275059131,1.04790422988882237,-0.10660665317062501,0.424725945220376044,-0.760072974143795044,0.247702165481173048,-2.07382547459597877,0.792176482839519913,-0.789777361266348121,-1.87512178853288058,-4.9872540673952539,0.290719934150916182
-0.29088968148734734,-0.695865150169133972,-0.028094985655245628,-0.232976702984196843,0.949593027529859968,2.95442554072871921,1.14905350874571277,-0.342703958606128845,1.73585744327160696,0.411536393985034443,-2.82076278838461247,-1.56112147014731439,0.599106302545735048,-2.65360493493722016,0.126440842502758027,3.20691833780996705,2.99590158709683463,-0.751631469183634549,-0.201724311195798811,-0.938843962636103924
-1.06465107556283467,1.74640242336306772,-2.61202090548135279,-0.0508109580851710263,0.766162932436375566,2.26830291256605809,-1.90212117486493359,-0.424236071630147371,-1.071250909787683,0.295476938367177255,-2.58390703372071373,0.999781297748366993,-0.0617372379909073218,0.0505753262176974125,-0.130980896077532272,2.21899021890679027,-1.02283615736119082,3.30378786378074008,-2.42811484369643127,1.40982571020512792
2.5724087996275613,3.5185142358619057,1.69860473291310443,0.364290886675658621,2.0285295857853356,-1.75200414313422836,4.22217658443087984,3.35058988940163394,2.65603412809494754,0.316801077696646893,1.81804046527213337,-2.48918087069735527,0.77403981573004621,3.06408025927108341,1.7593543634572244,1.65353577624223913,2.7606714183361496,-5.23773785256047919,2.08465954795693831,-0.546482835431317371
-0.924245757352955999,0.181580989107777313,2.06198804519380374,0.0364693941200674512,-0.794672706212737778,1.45225334104830428,-4.9850873392625159,1.34693800959019816,-3.11450852531727795,2.07680391330352432,-0.805647679819046392,-0.646285794541778036,-1.55796030127449958,0.0203266068566523989,-1.79557650652801293,-1.23004832829316313,0.711439194698523236,6.16727433555004545,-1.12348300973324267,-0.00666429609655533849
-1.98326548633528055,-0.650914625468769437,0.396703043054557669,0.114455375903111015,1.58110832669211709,1.77604763325294401,-0.88162707778686189,0.218304417963204073,0.226874883874878003,-2.04352211511474602,-3.59572594390269851,0.797271970995927948,-0.283220712429098354,-1.55637758269294779,-1.06261448236146938,3.11842615700669645,-5.3999747083958578,2.19923991567864396,0.761247750369414056,4.28179479119603279
2.11377978443167525,-2.09567456102296301,0.384861705961668021,-0.454732619865299947,0.0226695680040766082,-2.16679102166674875,0.0415267811101390424,0.678084858746406671,0.0206042168842913154,-3.05172707453939562,-1.21099509944905126,-2.37549240875493517,1.17858870680647598,1.55999880508648192,-1.9261521899640206,-2.01832405933569259,-0.520066576785774615,-1.36060625950835079,0.0487598950129494446,-0.435446242547466167
-1.4043582187553334,-0.293157332460053488,3.33055655413445972,-1.62924700706282088,-1.61018333007176717,1.46851181712406587,1.57410473195335543,0.914197258087292908,0.177855075939229335,-2.22426050577066459,-1.68425441767445494,-2.91184843877232469,-0.756656283481977776,-1.70976884675598262,0.0498072373495453274,-2.30309589695634021,4.03461332985293097,2.43563687441288224,0.502442680243686657,-0.56257533070314536
-2.08385128566288946,-2.07393460559579168,1.73266402337865211,-0.753535165388079631,-2.76426818752359926,2.19763863888108091,1.87494462112582827,2.79643376463065252,0.266076476031625153,-2.63712883117162855,-0.429788532690793812,-1.32914156383072068,-0.0367358416214281364,-1.45642180110548103,-0.434874382572938534,-1.26692039105273313,3.29457482908716326,0.200200993516400277,0.449338617582564492,1.86188855746235005
1.66625249203261561,1.11659199035090628,1.73074246349385663,-0.86334581459279236,1.40915491042316332,-0.746350283000098425,-0.350823080535619392,-0.84427230137934739,0.766519411632786696,0.977305408089271466,-3.23205438944653878,1.46265818928850178,0.00607127971872314844,-1.20155138851714871,1.33553041672935513,2.67488081072323425,1.86195503044755584,-2.91340298869308612,0.643484542262733883,-0.139712864731143915
1.2397406081522826,1.21493548864014,-2.23273401461950005,-0.334524490469289615,-1.49040094472686246,-1.10401763942694786,-1.64723248030260283,-2.82350902863634534,2.48417559650740127,2.1313503212608409,-1.44087116571032192,2.0221077334119002,-0.0865273337993127667,1.69226013772591788,-1.74850607191974339,2.13812988538553839,-1.22265977241586521,-0.00353619669245122149,-5.0930994718497633,-0.375339585152080824
3.10839115150850365,-2.63722631243641858,1.04806967956693198,-2.11152139575998987,0.0158554035311099066,-1.53172533907625819,-2.58257296192752239,0.700784373546332939,-3.89108921403345098,-0.931351823453904437,-0.25268080670279236,-1.58461783021715519,0.411934278496260076,2.27707558285781264,-1.72535207183870831,-0.182968220768507883,-1.92150833896509199,2.18036511284921053,-1.34341452997759991,-2.11714815949297108
-0.666940833576941894,1.58804065707250963,-0.729080647146198468,-0.469052609636072371,-3.09043720586744142,0.129638876126039776,-1.08134520073763629,-0.553082357796845114,1.11413942207135785,-0.425090381181607746,-1.77495600910372486,-0.726655062168152899,-1.21986043264739141,1.24190344209930181,-0.0183340818356790454,-2.6312954354930902,0.503046338542752713,1.75657097153281749,-0.71523580961858757,0.180421894203446731
-2.00875039044200898,-1.54900702421897329,-0.840118053306703749,-0.0749851710085058937,2.39413014862917795,2.27804493975116396,1.21098591085784779,0.285691492853851869,-3.13884189173450556,-1.84713687773584345,4.46178812835934391,0.404967920400864378,-0.944221244713513319,-1.26864498268912862,1.31573375238003187,-1.49364765074302297,-2.4011721556184753,2.74412577145883807,-0.0436728744789037643,5.56866116269609979
3.77669795002242159,0.0281899710903843852,-0.856614076561044491,1.52647221222354879,-3.04805661520951965,-2.36613858853627113,-0.81875741368229471,-1.06038544166513726,-1.43842440504173852,-0.864873530980069138,1.51815448295903255,2.92622896906684993,0.0563620891141018779,3.59768105033155816,-0.970090484017853916,-0.0641843674594013425,-0.673745802382109127,-1.82248804446459345,-2.05895041811128277,-2.04074718309996728
-1.85999648194709177,5.01005721712759566,0.744094776683081549,-2.37242379248950908,1.00758058207307122,2.46189703572942209,-0.651736393664992475,0.766767521782430461,0.824757543151894645,1.75226675116870201,-1.20449509237759034,-1.33342619901379211,0.183049552814504357,-0.653668375084612396,-0.028874927642444894,-0.0492936880043425701,2.46643037828440592,1.82201969011827103,1.85603608373910922,0.60615850290354556
-1.36625859977146646,2.48360017597908245,-0.334173472246087622,0.790150085955964698,1.96732448247706637,1.59711774565216347,-2.58325193219181681,0.96788496589923001,-1.73692943031973668,2.92308825390114357,0.0551631069859152973,-0.034469273119109349,0.787371274693140499,-1.99996000823501352,0.510669002317350906,1.97415155664569908,-0.497659032947454005,3.92813157616863862,1.42029260903189014,-0.30194149141709592
-0.473294930809714132,1.68876760438071116,0.268203653342508008,-0.613136428021467284,1.77105897223272923,1.30875471750607075,-0.301911982441860016,-1.21549129428514013,-1.40630395205608583,1.06460241030222735,0.164673910008199781,-0.399622268308184092,-1.87101146936849427,0.465729586322819744,-0.700389933599160353,-4.19341196846989472,-0.432112040714345058,0.484738420197855513,1.85041467907317569,-0.482139903704164319
1.722520943620512,1.02340640180366838,1.50515554087371828,-0.303140250881418494,-0.663676951693480288,-0.451962464982391676,3.56098902889549418,2.13931607653446854,-1.66990179048523357,-0.393682228205284424,1.52750384620298818,-1.47641481584164347,2.99988712816212955,1.54361854995070491,-0.0513057845243556354,2.12080522812403949,1.56598639166897824,-7.54749847525565087,0.981604640278018414,-2.23686249393880399
3.39904884687886755,-3.52746540977809753,2.36089062776021619,-1.78326665145504792,-0.467209816542374368,-4.70218485871580683,0.481470713297866892,1.79074224892036105,0.543854514729688376,-1.11005224319747264,0.915986025724589426,-1.63942413731158476,-0.217049887607993902,0.388592761430958833,2.87578382281613321,3.60251333697134513,2.38230149641963918,-6.60500546235620067,3.41540695269725481,-1.38939364572800472
0.557620633340627947,-1.3555307039646558,-0.868080694115990092,1.02683461635605222,-2.81269794133139772,-1.39632226196969844,-1.49481491912615017,1.73517396277683233,-0.0121172313852503776,-0.495249187027891669,-0.0180403027475478268,-0.932846261900088569,-1.02844711931776711,4.03620041512229655,-0.0595097817018196001,3.69772183455037418,2.01435416027816894,-4.20288422341586987,-1.82874127037276946,-0.352684974424632425
1.42322128365053646,3.8646709221459572,-0.352841681822160025,0.985813876836383662,0.767612617326486668,-1.29370537697158294,3.2716081079968844,-2.03609612630224523,0.406805044146410111,1.85351838297064808,1.41899782945583164,0.696665267811222955,0.86807700579782654,0.288606609575531248,0.426065862774226922,-1.79234351107376177,1.2717423605391871,-4.23891476430483483,2.94470566105368059,0.229275691099212503
-0.0863186789387941217,0.0902139640871756493,0.0287879530183596313,1.31998180794696807,2.09395031352711758,-0.269462322683960032,-1.12488651978819632,-0.908490468477593405,-1.38092127744934734,0.311146448931088171,0.746233287781265631,2.55920271790521969,1.80785881001980075,-0.690255027401931565,0.498906665178451503,2.3922251811963573,-2.17103897886101826,0.0817715201540307746,1.14968315471479854,-2.15931216026511041
2.2059038512728657,-0.930370915909827678,-1.07572561288600821,-1.48844547406489447,4.67068593861959069,-2.67473495126935701,1.00977852280398905,-1.39843663481067781,0.617464340692413516,0.189791496538861876,0.393222136837288017,-0.198960823759405603,-0.095983655964020087,1.74551253395121209,0.392246824896686164,1.68388135016897311,3.4113273040215959,-2.63351732071547495,0.894874584083030222,-0.232493235812059246
1.44202293994743624,-1.19952334465427213,-0.0876453589413678652,-0.604565652040103152,0.57186703256302851,0.0393021464594718595,-0.173430886832175307,0.41145410918982539,-2.22620036684108813,-0.474714885309676482,1.13068416025272622,-2.04249194149238811,1.08122814623334906,1.24880249455387449,-0.223065873543609461,1.60545588844759646,0.664238824946471018,-0.626548017232350207,-1.56727064282941919,1.36571576312834675
1.03237907803224882,-0.0357879164040472292,-1.19529126066897895,-0.617244092776426334,-2.2515548801608305,-2.09325160554677936,1.82753889215253262,-1.97422838748516449,-0.00166348264300199581,-0.129631205165730956,0.138908667985652878,0.342971264061069536,0.448335066836182405,-0.247412402609840515,-1.34075306048088549,1.22312435319891999,0.0671036810462506961,-1.29682096230943356,1.42184872685834729,0.211242280047942821
-0.680755361726214203,1.42232340904291843,-0.41046326826233559,-0.00254234459827048587,-0.227735248900285792,-0.472927562718468697,2.63503199452498515,-0.198846505887121466,-0.107807855221072238,-0.527554586360188038,3.8978821032764297,-0.618927151983332147,0.447101791525699843,1.21436150639345675,0.264345867350344543,-1.54378126742204103,-1.23525593970559222,-2.47223785895620951,-5.28070674163734211,0.779099796798589539
1.52091517096700923,-2.15349973608603529,-0.437268760839619686,-0.177629347573937585,2.87569228736536298,-1.82918500394685291,2.6900692889793123,-1.17496734981066253,0.94110668880766768,-1.91723120966802085,1.5552085868151222,0.643506357146553798,-0.492902598521518687,2.47532329643948357,0.724174322235329626,-0.49833030486116231,0.0274997588077825067,-3.71610020809321151,-2.26133551799085408,-0.988060288593769931
1.60532324586038322,-1.74787165086533158,0.244856258798513193,2.10794204098631699,1.38901226509554232,-0.00763009702317481685,-1.01279192211504521,0.251704626787839003,0.167918731530376536,-1.88574477189477219,2.82769625813320724,0.622894557578398511,1.60159603387672145,-0.507902188326527337,0.399302991786808392,0.45579855936948982,2.94656600448578931,0.212993610807200612,-2.75540716760865134,-2.20109177226510511
-4.18503219898502721,-1.64224303503326863,3.37769370488904386,-0.683289524068087295,2.76445283321830448,1.39921310952690825,1.09363088756871751,3.4268541316707104,-2.0119907966693793,-0.312580843854582846,-1.07821902636274136,-2.81680850385824,0.261711460400537943,-1.27618737650491076,-0.106658650090523346,-1.57850463111414707,5.41180464971286135,-1.31706706172929322,0.52980616150432136,3.01907478351841618
-1.56776673538218114,5.24980956996370551,-0.891021775036182073,1.14770074441185632,-0.387551358725574002,2.45094025195031762,-2.45372658220506912,-0.152473638468318573,-0.0495625697131523851,1.52655069021678558,0.473820167152383176,0.261084345764808323,2.19903225016885617,-0.872576288288902546,1.26508952729033419,3.67114758404378572,0.587206509487531947,2.20981469973491107,-0.0168604955794993371,-1.4836788150218343
2.42377880710948768,-0.714891690691119686,-0.350632227840331323,-0.137433859433690519,0.26707628562464919,-3.54837362659005295,-2.74400226443827266,0.357817422533276142,-1.73447037591709874,2.03569011205449257,-0.995380758864854442,-0.509681067141039335,-0.575281736023344537,0.164207805081755254,-0.268245447184781771,-1.32120760416446448,-4.40795988286354934,-3.85751432383537018,-1.70642892291407833,-0.770484444486708386
1.82115472243565524,-0.900793254094222728,-0.0491255941429771456,3.12197534903295892,-1.11754829328768146,-3.20992682884114444,-1.45925286655250908,-0.702787670893527117,3.21351516362630685,0.0121006751921020183,-0.118013895486729567,2.30929077908901226,1.04103447400760096,1.66331354402466092,-1.10989699845295986,-0.328020819484289072,-0.166439194926992023,2.46343996544543753,-2.38381019117991055,0.683042937290485375
-1.12422393914918528,1.11023750873991434,0.765781020392857781,0.109305034139083546,-0.6021475637733682,1.09759751999619981,1.86930284485591969,-1.64304158549963231,-0.176748741509422796,-0.156674477073244472,3.84880685906993758,0.262966948798022238,2.06600406977208317,0.556523219003006164,0.325600749832641811,2.77889706680420723,3.06427252099975878,0.39921625618595874,4.12533227243685019,-1.55379888407582478
-4.40019795479206888,0.566974422488202623,-1.57694025471674193,0.797888406736742772,1.11956956319089707,3.96204110314730951,1.40057574942483765,-0.940173718366271949,-0.515351286978198098,2.54711666441099505,0.62693826594307045,-0.287437532078445135,0.523018859177197482,-3.45115949163171587,-2.19053935653210363,0.395625964003217145,-2.57995469082869855,3.89779026245646776,1.10723511385809203,5.78679466410694499
2.46104352103229918,0.941595140738341718,0.146720205968456197,0.529218174475897141,-3.0606869064386113,-2.69183800032389309,1.26524931812479169,-1.75059276973629241,2.23913674853561062,2.41470989130426661,0.961288442660078291,2.16291496975863451,1.44086576466450378,1.28160113942935827,2.62811905168194349,1.61234421286913743,-3.892323167387576,-2.7430625203015393,-0.426566316832836412,-3.95244282304060901
-1.21627549504613408,-3.17336906791131312,-1.92478362507201739,0.129175584348581757,1.11220318137948126,-0.291970624870242557,-3.55837767244410497,-0.0513778913755247799,0.599404873332803789,-3.41331284452990102,-3.02720100250479396,-0.829102074995785476,0.840583703181649211,-0.914778625344577323,-0.116371694979696336,-5.58680042944500865,-4.47766350779604938,3.47457500396762242,0.513731531836027933,1.81164418357871182
1.98670607952336775,1.06293187447670601,-1.73107742254159813,1.00582931608229198,0.107728084814660591,-1.63082608662752659,-0.728085898680882582,-3.03061814771096971,0.190975272216453745,-0.793124638252268754,-0.67329232829331831,4.33648717537396688,-0.123900295735255545,0.978646781658171983,0.169264870473526702,-0.76647968970704794,-3.446164976394956,-2.53662664229361212,-2.73096082356128678,-1.14696569536418935
-0.846484255289107645,-1.67631647800775263,-0.380633140758814381,-1.25210854402616145,-1.4202684924219553,0.868629567593479091,1.52187233657442356,-0.172642527141264129,0.0267473744909991935,-0.112934636157510274,-0.535245327001072968,0.0295640028776922477,-1.73176729432679344,0.472364908357453817,1.52565087044405856,-4.66255895722864189,0.788574828889749946,1.80745626538220994,1.68486700597446104,-0.927794593638859522
-1.16675654685935304,1.87012943880881832,-0.0313995466074114757,0.53093370074162638,-0.316955373576124577,1.40538857485906266,-0.846984263389331082,-0.991464952124717191,-1.62278834135911332,1.93201542966356143,4.38626588476898593,0.932459977129945439,-0.902220565699338506,0.651112173148440387,1.11320077433084497,-2.64164455699400502,-0.437846471918202584,1.87890072933831576,0.189974848218321474,0.41359094623144993
1.18994607186166745,-1.03977404988416655,-1.18225558069797398,1.4514477472480376,0.0143251109144362961,-0.837395062079815289,1.39916175020681388,-0.460253258512795527,-0.021464158844813671,0.75835226488243257,2.55825317154793419,2.44628925882256087,-1.24804549237807616,4.00420574525200568,-0.137746230149363214,-0.51964613153780137,-4.80744395801060875,0.392430794633746471,0.638598181272001075,-0.00153753204930459826
-0.529603791940809754,1.54505784488695008,2.141461311887074,1.1743933682339065,1.7307464113583948,-0.822923208044178289,-2.08315751739088206,1.82390303535047038,-1.47140638918869571,2.09313350217730854,-1.04699020214371963,0.12481337676841793,1.25478656351537143,-0.264109639279980934,-1.03756493118366255,5.04923429159908999,-0.256615947073425832,5.16396069673371638,-1.71739634212821479,2.25320416003898538
2.16828527746520505,-0.174786089874586742,0.72008630196963741,-1.95075195168650217,0.304946251786455236,-2.39302371192766561,-0.364184069011599276,1.85487177898521538,-1.36543065227771576,1.31374212873925633,0.471822509200959916,-3.1611917395784026,0.443087678491142833,1.01831786403092983,0.320126460657157108,-1.08755488345393525,1.02910156046679391,-1.72992727975605431,-4.10634373426202437,-1.14162728891856546
2.70567128224216047,-0.125663946101539026,-1.20959213787940323,-0.777596862809446843,-2.86015436508169341,-1.90188435911067399,-0.471061583518763871,-2.25562340424310559,-0.63146609661659836,1.74531221124592606,2.41334730804072484,-0.00131635160605208276,-0.699430414932719402,1.62227170027105605,1.42924794873664984,-0.561473445481617039,0.689926121967552097,-1.8108762657820634,3.38504993177814395,-2.42974493759282328
0.364207608348289857,-2.75988689055975822,-0.306511376649025225,1.06861671090604182,0.319863319556275782,-0.619703653414726552,2.41251198017225876,1.0195355790150944,-1.02051960388132668,-1.0147270920969349,3.54565675808109626,-0.952628661177778002,-0.358576746183720152,0.589485165317582438,-1.2617575855986638,5.36850086398768056,2.48492177580146612,-1.52613093018940926,-0.697842556866823394,-1.52052886026099565
-2.75575495169580931,0.866700707877569809,-1.48415697543503011,0.397592880161822981,3.32986157445501751,3.13400005043420427,1.10456284749123279,-1.95777056473611499,1.00985263998479469,0.701163635443002642,1.13258014018102782,2.25052167744056719,1.80354369258228209,-2.5337867907728957,0.285609426161995583,1.47205545762560019,-0.149632747393896121,0.445487836787414937,1.01799167565352744,3.36753056916440174
-0.232140966560194978,-3.10579891430639599,1.5945729972241256,-0.228586593882467326,-0.0649020910007550855,0.208408025234060518,-1.82078945016455784,3.16023418358482688,1.43811010275273521,-1.63042963742912539,-2.30522514971314196,-0.355157947440444766,1.16313366069229551,-1.60008584753394101,0.463386110971649168,1.87376859586279609,0.877101928010902698,0.925605534697141019,-3.28107652842335717,-1.08793590647198934
2.32553308307596263,-0.275503785785259581,1.14679004549432384,1.32576086551953121,3.32612083830932903,-0.786028112194507522,0.466748141057654609,2.51102182134160978,0.762346373112525733,1.33145392678301744,-0.638254805677196724,-0.509861721852537197,-0.00137395411008728319,1.36591224789327037,-0.657296371730129558,3.94290014198575012,-0.202510442352689529,-3.39065746350048647,-4.25572919967120544,-1.88333918174283643
2.56956216828859274,-0.711636871489450207,-2.15277583240098869,1.86553472025745437,-3.92595879600045716,-2.55733277594688646,-1.47735676639246405,-3.24215268447082616,-0.224018647202785692,2.01576555890892228,-1.73125358354032866,3.80561222070270366,-2.47402501249568996,0.897220045580220393,-1.78257963818364162,-0.403749318502851728,4.33883002098780235,1.28472430706716145,-2.53271049860514275,-2.32897394798443003
-1.58645316631362765,0.881664647526012701,2.04623368178689802,0.151534565663542259,0.345025340782073475,1.9517994841239874,0.674959832762587419,2.25133478424983791,-1.52756552776646704,1.17751090685899729,1.47398855095396297,-1.22066848307934173,0.721547087265148268,0.158215519278515182,0.800159404362610127,3.78459785004737137,2.02388254340509999,-0.790391279514144451,-0.0926117074076416164,1.18954799440632586
-3.78330323150146919,2.29801970477295736,-1.27088401502460768,-0.967161687506864265,-0.775823300056101672,1.89108724959751906,1.87491271683431426,1.6558875121010328,-2.68935023500518389,0.588466033219331885,-0.534621886229878052,-0.554294277830845838,1.75323314250392981,-1.60852428278513315,0.668662589938609164,2.45787421498845449,-0.505450171966691508,0.743965318989113777,-5.6450607197771383,3.69791718278407178
1.50504927198676342,0.484349036213153616,-1.92164550333103534,-0.28003720001895438,3.23395489110913381,0.177607968021805201,0.366270121109480817,-2.6678844863618103,1.0430829049249839,1.38158827413692165,-2.40669983765413509,1.80646930878509293,-1.70796907841354484,2.22889948313180719,2.5331322670950378,0.267465275796543001,0.954083693551985523,0.871234374898521846,0.390359741330701671,-1.0157221195245254
