-0.320803607711968974,2.2260183539100189,2.70575814511918811,-1.35687990907110412,-0.297263046504050055,-1.6253052654023934,3.25043302882054252,-0.072758987170455619,0.911158597115516056,2.81735696184440831,-0.00618300387094770833,-0.444354633796297471,-1.76665043634509633,-0.647416907153492316,0.511688723542359725,1.94137033686634819,3.29256539072326593,-3.26125096254260738,-0.122305456337850449,1.7530854347431748
0.385811337207712046,-1.05260897896209782,-0.187945866342445422,2.95486760591169872,1.78411157664317854,-0.401742016675288971,1.35763397997511048,1.94969194764583409,1.08977015460262483,-3.4676515120355953,1.72558680883335058,-0.16210395742671399,-1.00270647216730668,0.524698298904462623,0.16107272599139541,-0.00855960770450292854,-1.08251873700260837,-2.1920026117893654,-4.04911813445671864,-0.219494737507594018
0.152640632894418121,1.96702133188283002,1.79399839837090491,-0.361644748346080236,0.263630095380528395,-0.248303568393729052,-1.7102021667038747,1.19928291981493285,0.132699694592785133,0.516807921189487152,-0.873023688254797703,-1.18050275445200525,-1.04615120333676659,0.202875777746565317,-0.636487180334774361,-1.13815920889992905,-3.2791158555116664,4.00559673804230787,-1.14390327115989399,-0.211824563303604746
-2.76121128390974491,0.972336845267437022,2.0319012348480463,0.530438854713584318,-2.42837473796839731,0.591710506664760216,-1.38074756106113505,1.56465106719838665,0.019443332269564028,-0.877418548461444736,-3.00273303021203652,-1.63327073937789935,-0.90535213023073946,-0.855923660529942176,2.00871363174895246,0.617400444703637641,1.51443561194450727,-0.203750600195536591,0.259051094084935873,3.51010465206495015
0.343263326225109133,1.5613740286115918,1.22419217955269599,0.396687517341991092,0.305058612205702462,1.10712925808609919,0.783413214435722871,0.575591972703428656,2.29869422105301702,1.61507520139848393,-0.323303777884344723,0.516762179493348794,1.13410352803202907,0.733024398620285234,-0.249086215953759071,5.28861931756292947,1.60023213136845954,-4.94847270380371906,2.26784783785583288,-1.41440171361663891
-1.64065795734184539,-1.03189335365337964,-0.418555364036637734,-1.76678430661599606,-1.02204560933533228,0.0229575612366144793,1.75686825062025909,-0.217310538081590537,-0.400531298195514751,-0.112057501173639273,-0.506162049084565746,-0.652839651350351047,-0.704007074182807058,-0.334853027072414045,0.353008645861401849,1.96718474399908438,3.07131857506748185,-1.7114756911315967,1.67615655993818091,0.726611461572782225
-1.43876869569632349,-3.46550912070047934,-0.373631803253474393,1.39805208384213819,-2.18035973061076271,1.89882011586590016,0.408312637787133226,1.89026258436093486,-1.73979457423632966,-3.16601128078306138,0.0156291915920250893,-0.198471934043197795,2.25387965816629299,-0.661790679459250186,0.812272895062773115,4.62996041878777032,-1.05648137350250759,6.37317798237163746,0.0780540228763285243,2.40468944816295549
1.67719149188099825,-0.648662648099950778,1.10818259660137297,-1.83067721822927476,0.564660809262942376,-1.78754578272318576,-0.30857781691864683,1.97991548277471874,-0.773473891724961837,0.647903469278569011,-1.37088986870797624,-2.4693629221265696,-0.375592806039201643,1.12951367082057663,-0.745592612533638954,-0.0344351121149069142,1.92012934034827443,-3.76734204121337601,0.343317857818873973,-1.22270345967240912
-0.051244174364410755,-3.93497990198369774,0.394819589139873084,-1.72916559474399567,0.879107393515021651,1.50977579733996881,1.69813600875466442,2.52566059356824235,0.523496419020637593,-1.96641812286866746,0.541217213277288778,-5.18402513670609899,-0.455234025664804365,-0.292288286442265455,1.10701150378238067,-0.122459734473878742,-2.98887559012738846,-4.02397475653448833,0.230175567956227733,-0.551489997628296202
-0.441949177292261852,4.61490251303820553,0.456751195360838358,0.0833327812136431673,0.245178441735651453,-0.0306391799196221483,0.288416938492535246,-0.108388181394391964,1.3043602791574338,4.42209298789745286,2.09303111810881193,0.0939661349530724055,0.651722680969440304,-1.13091880987131899,0.351907084324433905,-0.093393773035859412,2.63829898119292672,1.12125069064006544,3.34069833230261448,-0.82491965724057037
1.30147246829002761,-1.39348288175770296,1.85097388104074612,0.220262529342446306,-0.769249224268810705,-1.42778875458357035,1.10722744301225173,2.28687174225543455,2.38961604494123803,-2.20726671030350641,-0.890215173291024398,-0.682071306919070031,-2.49635465637236376,0.0959389830625212991,0.369588858483148985,-3.09568784597103885,3.7445646715115255,-3.65491097651263575,-4.83164527287415968,0.712651134732974478
-2.90481906241348087,2.59625964483821248,0.410204454054249323,-0.681099462789527821,0.202677714131693443,1.92184804488905736,-4.79969024217681817,2.31323212218064844,-0.03263284739832574,1.05412895448553345,-4.13362530868634881,-2.63104430005207446,0.415468731047209605,-0.39352035972244237,0.787027278557123844,-0.481077332285348047,2.79133620303741026,5.0130548017746257,-1.82568168913142981,0.444548462805421596
-0.782423973630988701,-1.69687614937743247,0.438488059074793823,0.0427138205584209618,0.30962407709782469,1.67819222518392697,-0.709509298719563364,1.32965833041741921,-0.177860793991535093,1.33400571097298437,1.6367616629283579,0.491588342153988722,0.96073679336789819,0.351937626949981375,0.0160447402272395866,1.39301898699246141,3.14329010319326008,2.68266692798046424,0.360747644508434995,2.41098297939592943
1.50802911921603089,0.455543784632744642,-0.0974269825603468059,3.06537362661388624,-0.365802683728392863,-2.5452417109057186,-1.4649050036554252,2.33415856416257661,0.225857600814754367,0.314024808816053824,2.70962037080343299,1.11768135926885259,-0.697057631980339432,0.716773192328625686,0.450371506996595561,-0.454872284332504762,2.69334596433303108,1.87746240742514625,-2.06716355283322084,-2.93928466011773004
-0.608068926631166629,-2.43229733496418987,2.22397526734946194,0.0607703083605717481,-0.0833602702086814196,2.35129725615224228,1.15013387050231564,1.47191964954333199,0.930450920800303227,1.68046826960584772,-1.58395762503888826,-2.93537719962175636,-0.227381776731772706,-0.0892283758525119486,1.93432512935770107,-1.4121182743271139,2.68339158962403701,-0.846176050114815892,1.98221171999059043,2.94384874110087535
-0.531378632931358674,-2.84179196877842033,-0.854873099723753693,0.645217213078895457,0.0432402508780734829,0.123541966333573935,0.70810920646372999,-1.64167984504641185,-1.28215844854807215,-1.14208196283701091,0.835879299124732023,2.86008922814135635,1.44322255858207948,0.233934834233108541,-1.70740439844770786,1.75184439043757956,-0.03274305593255257,-2.86226579977012596,-0.372294425790667571,-1.2674823255384684
1.64852108478572279,-0.970567056460666433,0.181477148769170232,-1.03032133604662435,1.28605323545887296,-3.3397877111920371,-1.20791377209493089,0.882664858024797994,1.30701439362354099,-1.13321998236353227,-1.45867988181400277,-0.347245765595880884,0.42029610510134835,1.36877832336032257,-0.521534200854308572,-0.127878036609774592,-0.119259707080575081,2.57369731170241378,-1.12375214267976387,-1.8082951761594348
1.89553173329326641,-1.5179751100186849,0.0119085915666412075,-0.933121779530707185,0.0554378583105135381,-1.67002810493220299,0.259499524767486001,2.51162007355183814,-1.57492859160862042,-3.39444348667878648,-0.196041068055046452,-1.67559893821747807,0.363136262766546813,2.1051056716201515,1.26525302961133956,0.879522495091789258,0.317882983453019963,2.06366011080882261,0.495848185044382994,-2.23385798166902116
0.949890064366802345,1.03705058975974573,0.360076066951078244,1.37569803989195338,0.388195719624897961,-1.60020273322911111,-0.131268593346913098,-2.79471008715885549,0.905531211577761397,1.09123828955828683,0.688307218590559322,0.946422904886608629,1.60248326861281853,1.76660063132496781,-1.59669000267195571,-1.72700111036944137,2.28520926278559466,2.9049389654193285,-2.61853834068841262,-5.1997626856598993
-0.350318609093602795,-1.64198568932727063,0.0590736640352986161,1.9792282305842861,2.81767747887064512,-0.438031402559587668,-1.24160054155687405,-1.28551252498314872,2.54995526196710109,1.16489722948541963,-2.5583355449229046,2.94552449368147373,-0.0156355833881518386,-0.328138335912161239,-2.30676382211204345,0.616933982097538691,-0.0697059044152027185,-2.78183100729417054,-2.71106312140280048,1.31579986984812014
3.80373575481768489,-1.07684599712405227,1.10094483626100259,0.263590739659254891,2.03951693279332069,-3.47942956621999455,5.28054597424102123,1.37609893054963095,-0.316284727681625633,-2.66081402792708088,3.9614181893525755,-0.699848669403057455,-0.599201985529896897,0.699501417317040852,0.281287399705039243,1.54083007127337734,1.04431222946855007,-7.34139874840342976,-1.67669739528128403,-0.0756565232189772147
0.0321807202392477704,0.482789083080210013,-0.549504882295911656,-0.0932102639732351468,-1.10032492159272977,-0.0766545233053549518,-1.2902590587940268,-3.06821223119093167,-2.15309575171143619,2.48741680568193946,-1.05922650188839662,2.33618104020711614,-0.381966595671170306,-0.832518374856872079,1.76302753820733993,0.446990756709458814,-1.99560286536885645,-1.84743940680482854,-1.75362438799785103,0.428408187214603942
0.126082226063873176,2.14523586438621727,-1.15438105932837987,1.92340247350523352,0.567487585304271569,-1.09435911040857903,1.16548482526119357,1.56331655194568153,1.02908796989623563,0.195888927929227408,-0.00312175996048401089,1.33718233307374423,0.407351880066350591,-0.437365076246799378,-1.6598080917781497,-2.0222856103588267,-3.73652619211310855,-4.82550332202421828,-0.374793625536109121,-0.595274938796422459
1.36899095462368581,-3.74316334086289348,-1.75031311198525752,-0.315308834633326929,0.469046338200266089,0.504104855254070894,-1.94195004925931669,-0.17547709386540683,1.30028325075422369,-2.57267264217982961,-2.0929066660672726,1.40673701722436606,-0.496942036824923938,1.45323440901282108,-0.315682576289475159,2.22879681849417377,-0.936414577134725312,3.43583207538908164,-1.18612334375318951,-0.573540480536269492
2.70701222708979028,-1.81397273069765386,-1.70921767494693477,-0.13285593211909516,-1.3735733068960736,-3.09013803776324014,2.87417735539274277,-2.38522015310398094,0.10642832445580272,-1.96606422407506387,2.11335475791403349,2.57823384578387493,0.446878990900166417,1.07106102422277005,-1.32943736832371195,2.0021348806299395,0.111520559501821326,-6.38052567572941776,-0.376593679913678481,-2.08016660813068732
2.31568015491644763,-0.95910270922148011,-0.708851831591853498,-0.778009316151164754,-1.24888506027128376,-2.01105628968251882,-0.223812914237296351,-1.7952262064384179,0.586683745900805964,-2.59330208933678241,3.57587984088603461,0.633195937474127613,-0.422469293618591313,1.10768051465167572,0.337431882476667999,-0.198023171626247219,1.0140482838031577,-2.40338491759849715,1.04759322166277946,-1.87765090068841767
-1.62790323878405796,1.03748433093433978,-0.793665550436472356,0.245326987503097976,1.06254403751555726,0.816710554615510675,-1.61366072033063501,-1.05944380540503724,-1.10167308059508251,-0.269521405474914488,-0.735584804787880131,2.1951874138752081,-0.319152584548746621,-0.129225834505005938,0.224909195048387883,-0.0471836175941517735,1.23425031904820903,3.34058762352355254,-1.35520007364066397,-1.46072576437673995
0.139233087519276794,-2.28748863762995436,-1.97150971353452564,0.931280968674882748,1.73620112848757024,-0.354260099430391551,1.6644681560388972,-0.961060074997754366,-1.57490721624232699,-1.55128841306117926,3.11336996542814903,2.60979029997046741,-0.272866343638365705,-0.625938083457102001,-1.39778638797314625,-0.252498825222579992,-0.192073461455525507,0.605922632189039523,-5.95647690896937387,-1.09320303833650634
3.32796024765107257,-0.318645646156410389,1.5176823972843192,1.10528437172541505,-2.18827042435081287,-1.82909326767486236,4.76108800789293163,1.35816980880976912,0.319686041479152749,-0.609252439761481579,3.90332082413085635,-2.01354338338059069,-0.723587937036721196,2.03653985687193995,-0.384937443409279767,3.89065453065751043,1.50204011059412545,-6.87482370177074653,-3.5401580102794572,-1.65401338997107916
0.617319447187645975,0.73737485782630563,-1.31864194787217204,-0.289987443214632878,-1.67046181706261243,0.936035773374943481,-1.58864765351365844,-3.20012208251349772,-1.46292421194968814,-1.06422545749871067,-1.01579104848498503,1.41012979164656294,-0.405087425333614581,-1.09900380762394612,0.72298819529806746,-1.09924231137489503,-3.60846943742013559,5.00786826088151749,4.53845441962654395,-1.90027484078198783
2.13386400084127947,-1.84960609617644312,3.47670680953304334,-2.05346867665609745,-1.28000120768533798,-1.08864262062500683,0.303035433511802232,2.69782165813777164,0.898041952863285919,-1.2119287713198692,-4.29305414217227543,-5.46974365626528769,-0.492586515455984697,0.0910367769871162497,0.136282296912097034,-2.55737996992333816,3.13716789384608408,-1.11851203905916852,1.37346253026073928,-1.72633450131790811
-0.265041065547561461,-1.52856001639141148,1.3247709136878687,0.509493526903405103,-0.703703739745703216,-0.796974939826340489,0.931807386517158331,2.20499787261269065,-0.168974308527310269,-5.50316170393172044,0.92484278001208553,-1.80095360716777941,-2.12722927391288819,0.0483881569863522445,-0.677628129557594772,-2.2754504057935101,0.912808709884685765,1.95612750724809792,-2.25615572519045893,-1.60775620992803536
2.00910618718036638,2.28217463029149892,-1.97667962407087971,-0.910830687047603726,2.4530623891121679,-3.25444222351593204,-1.87827516400538319,-1.3257241425477535,1.22659264900277409,2.19578917839700516,-0.927562021140705295,1.15640275934386949,-0.837379058059311898,0.407028118419739349,-1.07671075242289627,-0.246134734270310768,-0.649322997692656556,-0.579995666173866775,-0.108247112038088136,-0.0304517994672859407
1.86747669619401768,-0.271200318916343164,1.8843265330015575,2.25788974992692104,1.76590818220317924,-2.2696193334306729,-2.47228435638362232,0.361858135545536752,1.49413672960840227,-0.906604201514201402,-2.64428579083959248,3.04663877352427059,0.949292624796772122,2.07600129079600126,-0.137305062573266717,1.15810534389908204,0.658702099898645255,1.30557322493160521,0.365234320059308448,-3.32922326247193823
1.67671398671820437,-1.72856123561944353,2.60607419318815658,-0.853367498610773101,-1.14785956786120513,-0.275051163919254105,-0.733921928387332945,2.00233905363299991,1.05373972801125637,-0.365835165920665117,-2.167307815257284,-2.59378489170506787,1.52731952408176852,3.33729567717608422,-0.906225510211933205,2.13430477261436957,2.37981334659513388,-2.11242080435776858,0.517049416260725869,-1.37659996055980582
-0.931163891581978209,1.17684249269501962,-1.33620747735762135,0.745637040366313841,-3.02300696640963551,1.75310837772452532,4.03339717681793974,-1.70402474869404674,-2.69486123584672743,-0.379860647670169804,5.65276585668386211,2.84512949448184216,-1.26098811587422732,0.499191144662124275,0.131309596473157292,-1.92173936770207243,-3.70041942415843916,0.623263964642800095,1.07168015810898076,1.50837312285424385
-2.79764464394801404,2.44197908096406824,-3.11276292889815087,0.530458695164281568,-0.722738332372218739,1.92376385223806423,0.434247613811843347,-2.39041920498016314,-1.49462635986958348,0.593149860523903394,0.926156973401401351,2.5989047363543385,-0.548161053439196633,-1.14493266840401775,1.31849013197036125,-0.429051491549852282,-2.84877872999787485,2.21380177864532879,-0.333835461021833535,2.60258219013733516
2.42359873878476328,-1.58067666090211567,0.318389788940516449,-1.25577071857883804,1.46044298824014462,-1.46408521520509094,1.89144832311254629,1.69124709883285118,3.2350622173469934,-1.24979310075387362,-2.55741365716230851,-2.7681018830071551,0.563585800946420412,1.40921602305691085,1.57172320484146555,0.574122554374997818,-2.04334624479324489,-2.10746413655366238,3.27746444510453516,-4.68234660423351912
-1.06817346778615097,-1.54707256559190531,-0.864840035072468094,-0.106958406594153968,0.215339013547283742,2.69897215962673354,3.71453930685644274,-0.158108727244744701,0.815820465998154054,-0.958891353739729002,1.35708374563370948,0.419783856548960166,-0.00145638493598312197,-0.21298707165582409,-1.74473620645465455,1.95355924177548967,2.48188828325600008,0.775734622684215225,-5.6500147620397545,1.00049061587731436
-4.66647474208853286,0.0227038557108080047,1.29619767367423466,-1.52085816470959778,1.82321845578074182,2.81370143619437796,1.7564048316488523,0.744941670861083538,-0.737858363387535743,-2.62580877029111059,0.393417292794224216,-0.396699618706643165,-0.389247530695285504,-3.7989690654163244,-0.600808875951726273,3.82120966693973196,0.317766763144306852,-0.514036666814811305,-0.70172173587775255,3.18910570540502025
-2.2720142804078991,-0.0186276142377151399,-1.43728489771072776,0.208066042076396535,-1.14541334962543728,1.3970652042546976,-0.239865960178780285,-0.775492304545978173,1.5327728841758852,-0.192612226781140428,-2.94239501446418261,-1.45573868592752986,-2.34494162750910595,-2.24542961354844861,1.24632056523882628,-1.70586192357748545,-3.19281218377335119,0.991595842035421393,2.01023754271658062,1.68199642088331891
1.09584103354738138,-0.00836205137054859757,0.648048913774438518,-0.00681932336105843181,0.799930615337078987,-0.846115793115072679,0.0967040560745392463,2.92143518697525195,-0.733097911676023339,0.4951237271503236,0.0662286043954336406,-2.60690234464508075,2.09100060182749603,0.471146089531483347,0.942357994924241882,3.84329648677830882,-0.263753372978976164,-0.66963785930611186,1.48532370178768947,-1.26038770345991979
-4.1115347599505645,-3.80853117838839861,0.709714945648198703,-0.766210858370636405,1.1438666783629845,2.78270300670280202,4.13490297486434955,0.153935084508919101,-1.06262690974840113,-2.24383812498977031,4.28999245777693616,-0.896616573151308383,-0.580205930065739506,-1.84401924195672406,0.236815360733720642,1.99426440670471683,0.0442628617072087852,-2.08016521901443152,5.53080163154925053,1.54900622891356754
0.641880912581816898,1.0902169916922746,-1.24806436765106543,0.127009672392724482,1.01650720296974484,-2.61867377880036045,1.20774938084834726,-0.136498413263824142,1.64321711395646664,-2.08189988352628497,0.623662455679125038,1.18306513901318699,0.655610690018904152,-0.227099243313637844,0.24009322692720933,-0.224653756022862056,-0.339178089562454599,-0.9735928764979348,0.449229540903543334,-0.420303873236147763
0.16264049146235024,1.83136660028959586,-0.218430568839904443,2.36111841724310301,0.0558444161857220359,-0.716533319838606797,0.924265254105330114,-0.55617219955363939,-1.11577675722084213,-0.121666914060368114,1.10892056082976276,1.88289151905184804,-0.652858481531770951,-2.14337211519877124,-0.221736113129134632,-0.922774322263510416,0.0222118734587989641,-1.27954338338259843,-0.127962809298427488,-2.26069750377731316
-1.74278713411339115,1.20109767419330571,0.392433034966684136,-1.01072137879014834,3.0994922878415756,1.33188401987052241,1.69348180686145011,0.870741096344837984,-0.335996656840701513,3.35130508049200149,-0.552244213648924398,-2.52528052856584795,-0.532070996293881882,-1.18729494323479923,0.746376345974710143,5.02357910287517306,2.66567613714409024,-1.3846889577385324,1.36486068175748088,0.181984997199335863
0.404179876626710899,2.76014443448405355,0.63802511111285487,-0.585383306539357218,2.18710273305013603,-1.15582575688654332,-0.902512483845744451,-0.257937458745002235,1.53840743873874586,0.883495928843834322,-1.06922820763919435,-1.7010266602019557,0.117857299208257105,-1.44009717586689145,2.35775193470421796,0.246010794466576727,3.59359644908694209,0.170275248123983425,1.5572401758845229,1.0902620698900507
-1.4005546321533906,1.53719981881913448,-0.622270888582941328,-1.71097193239015644,0.959530520289264666,1.81561323840349864,-0.403680528377086956,-0.988247487708860173,1.15902061042078741,3.58972642296136613,-3.95648315987629573,-0.271806804765003185,0.520516914744271086,-0.756033684116847349,0.0189035789429226574,3.64954071039175831,-1.71231822037991566,3.75881157321122616,0.00115851865751899767,-0.106549016806735564
-1.18855241170179671,1.29366812106056206,0.699490706567386877,0.0986637857883926189,-0.930192091937891097,0.544408907743874515,-4.82864561989233287,-1.73942471958121181,-0.195004350375346358,2.05620293647607921,-4.6600791420088612,1.69573335237135003,0.901271671461303714,-1.45255060204070308,-0.946793427604263993,-1.37699720657637359,3.3808509852502131,5.69853539621430727,-5.0680418281021371,3.79040799525478267
-4.11636117404000146,2.2050755962095292,-0.0701256769901188043,2.24053843352230153,-2.3222115894424058,2.6726711312209952,-3.75269916579839347,3.0436901332645947,-0.824361504628990827,1.96381253432148828,-2.02942049384916379,0.69797916312035313,-0.949208402873623291,-1.76669056741743646,0.396150266659676842,-0.686804234052348139,2.51794928728754863,2.87769161221440362,4.63285203263932299,1.76772630766552674
0.397796056140849119,1.68448908699830602,-1.56195265275692918,-0.437033577659607708,-1.55552995588506437,-0.719236767692510326,0.147562828859227696,-2.44531685209327598,-0.474605574012189058,2.53838368550938664,0.718526882487451779,1.97774627527360614,0.451184389319684909,0.13139567915957942,-0.662974372587120886,-1.42667705368710451,-1.04727774977015797,3.77404608524023111,0.0373569576865817252,2.00212694811661107
-0.457383911364592999,3.6475475092884575,-1.5156240303442805,-0.44109159241662943,-5.15607436994713364,-0.256178826033880702,-0.867361497696010342,-0.961780534317350555,0.114763701365565754,4.155525893263607,-3.26401916228962463,1.31185775361995449,1.94686155478800882,-1.70834617157332214,-0.39641240504568076,-1.82717177884991888,0.0554856020591124183,-1.05519425630624153,-1.72026152669200871,-1.39882986180795088
-2.12773547658540707,-2.25606097039356213,0.296088545394135927,-1.88918794190491557,2.91431599093959903,0.827002651824740753,2.73450226490397785,1.22352750797764842,2.45174485609182558,-2.45338718202084882,0.944514571764527799,-2.00319212019839865,1.55599814440218531,-0.512175994126784162,0.515629819266902101,1.17781432541240205,2.03711024014180353,0.512705066237281626,0.11036785222111653,2.77910663032044392
0.740851602047795432,-1.98096058004504982,1.9819480314977993,-0.587474658943930694,1.59739115776456697,-1.01059541318747992,0.780717241482615565,2.07256570282072516,-1.34652336530509564,-0.240182782643091453,1.57651775149601248,-2.40075218533156098,-1.34567424652156165,-1.8948012882406633,0.457877867421309925,-2.85484098074009385,0.0858257354237077774,0.0776334298928110234,2.80037489522364602,2.03435319247830693
-0.956937579169286345,-0.679259671373645957,2.20068545432035245,-0.106697524626089668,-3.12345609528638901,-0.541108796350727839,-0.384962137018358963,1.61034839366759064,3.22418342923800649,-0.52114389855029597,-1.40691837475372727,-2.00238205929734026,2.00651917265477842,-0.1203121751042069,-0.287787521091612875,-0.548792275130643326,2.09797829639202105,-2.0612528621835513,0.146248226892139427,0.0613379336802181846
1.95280527994979702,1.56005525524715694,-2.45601982462860624,1.47953419512486906,-2.10586095118128069,0.292108470998130421,-5.7916601836116941,-5.61869270449609903,-1.54984080097220622,2.91822006988893534,-1.1143784225543929,5.86245693642359011,-0.654509210079073256,0.923069833258872041,-1.14501058398894906,-1.53781346063023272,-4.7568435079150051,4.45902782268370057,-2.32811821239443484,-0.138168539582017413
2.57829583076488111,1.30516416440453553,-1.92760368327313691,-0.447128419352319617,-1.20470367160264868,-0.505664187485098449,-1.77082402324438748,0.146036110369061695,0.324468248190802944,0.934720552115528402,2.07660755943865238,1.75074907003349645,1.67509322287827223,2.16650794546048564,-1.99990593479817202,2.61281931257633815,0.491777157279285615,0.925412609071962544,0.520495620838555606,-0.458110750322319238
-0.514255243969063192,1.03058606055792334,-1.50278464091275765,-1.1783843645574652,4.48190967204366153,0.339199009315090394,-1.25296978884111287,-0.299502173162780105,0.92650250778695098,0.016609264677893254,-4.08295561909537152,-2.78804356108753959,0.337445009452335742,0.648432830770731217,-0.459606362919815603,0.438152834794794388,-4.07275811638579732,1.44052535113302294,0.228514258583725122,-0.515847106632333907
-0.581198874314734493,-0.797159579738208501,0.0533290239892476176,-0.244852326316187419,1.61070393579687554,-0.295533234654173527,0.0357773876201946534,-2.64580774008192998,-1.34475550862371929,-2.12087843630692108,3.74928564272431775,1.44851912355809742,-1.24067408364381571,0.434375426607264636,1.25276599323200921,-0.910130033721454068,-0.621822728391011825,0.179489444741230159,1.62778802005806789,-0.377636310539572972
-1.73329538740328171,0.998073640736199086,0.279608131751590383,-0.726214557821593276,4.42247886803901835,1.01618472637436619,0.751180562169706745,1.81234293926579682,-1.53650639683624735,0.7792787947066937,-0.065993525323999172,-3.42543902775275599,0.347190985668057617,0.248341926873949237,-0.996945152910185595,-1.24690734092377364,1.90358262349035057,0.383528658645233278,-0.426150090918300251,-1.49015532459214972
3.90587917130120443,-0.841904511304217729,0.855102770645298049,-1.70036531606583652,2.56161124260018092,-3.50663741249835459,1.11285685657161126,0.401999174882589905,-2.4250922535231676,0.149972587323014994,3.58024371439744815,-1.93662830168474653,0.746829565268858353,1.16915399288758692,-2.40793551332446265,0.155844937060281713,2.1578833570935001,-1.45699999231316935,-4.49719120010232931,-2.35512967562459874
-0.123515626860597125,1.8336738708963003,0.00099591670870526343,0.252999872052711738,1.48996572179294273,0.21328105603480696,1.44315410549259093,0.0201251424205699109,1.05883288051322499,2.66025186132923563,2.40282947322912133,0.641618157486705587,0.698907935042753503,-0.764999381736809148,0.48506255008896465,-0.299980528861451934,-2.59253990141288515,-3.36665833737956044,2.22548580218290137,1.73823352328927649
0.0695587977637304733,-4.03965584497959185,-0.192394946802494055,-1.81634240287804349,-1.33349132656594604,-0.788188001281898587,-1.69891381679587927,-1.97113261894608294,-0.000233392796050245217,0.00808422972779904679,-4.20999981361571063,-0.971207522192596984,0.955016050854895271,-1.09687562974691155,0.942756518599411564,-0.272918542731592939,-0.997062865799059228,4.55911913980855577,-1.60722888992209123,0.092613134189305224
-1.2739140136481415,-0.86597377923186003,0.454548816268914857,0.137174392844592707,1.35061000663618458,-1.6183029348957112,-4.43544040027822106,-2.5903164016462541,1.66758072684089709,1.66156497407114689,-2.41142954827400313,0.148812512743835001,-0.800617616430900014,-1.44774650424237938,-0.53742336345239039,-0.379588851750274903,2.93743305191217408,7.33115590671438699,-1.67305545923718668,1.71083583845079201
-3.07012183651700843,-2.21666627539063388,1.98160912986858939,-2.28139696966777628,0.139604368686347541,1.78761988413970818,-3.22838750240179273,2.29334267019048488,-1.20978174160496765,-1.86519049582183483,-3.63124862268661186,-4.16089915747369687,0.266398144075870036,-2.98614507743634494,0.22430548115641244,-0.109487472792425614,2.23122184926931144,2.60514218553210553,-1.29693864583024299,1.42493845017320386
2.35764780368963267,-0.425326679309053213,0.0550563060712818339,-2.28929603955052841,-2.24827086807634524,-2.15837183275236866,1.96363768220725876,0.803026632276795049,1.05315802756857035,-1.46508517533254956,-0.00842849904258204108,-1.08391039802091305,-2.0235719067895177,1.40643269958476114,-2.05856931944213484,-0.966691911778786106,-2.46962150815489156,-2.11212049132299695,-0.0138318643655854397,-1.83936079945317377
0.542437380266537428,-0.321090051738000704,0.587870202514061857,0.275197621307876616,-1.37976264012481264,-0.659402373261392505,0.579308369124890254,0.917716482078558826,0.592163366406870839,-0.638068102735140918,0.90657989245377435,-1.65725898691810247,-0.360364412491714192,-0.848550947634599817,-0.0144037453155672276,-1.19629678016374519,-0.139397544953228786,-1.27541808523940703,1.15486762705694956,-0.236314907580333661
-1.03472349323132384,0.836509580338046566,0.514129565712481362,1.16315131908785929,4.55498335549486821,1.94516353514545193,1.859516113794349,1.13707238132551214,0.392348138436057703,0.432452436433409915,0.780178334279838959,0.8740594633177593,-0.540086169394227267,-1.33640900620499048,-0.399367676461552135,-0.350940770336328367,-0.734357788293057534,0.819966117181977316,0.524236068741855132,2.12589897216039159
0.100899011906467356,-0.246136639994331385,-0.570665977657039525,-0.928286597836709193,0.469328722369247553,-1.30703784840091286,-0.92260852768442736,-1.9392518758247963,1.40864345236921396,0.153692241859555129,-4.1015720012031105,2.51212468032044089,0.2296424799261928,-0.025033791586822722,-1.79042906567181581,-0.135344753336853696,1.81078723461878677,-0.718228657906392676,-2.53621435127188377,0.182615037276010833
2.8306951696236089,0.0910481426127854321,1.16724334554543985,-1.58911158817592324,3.42095883868840334,-2.02958144679293762,-3.10990691145580245,0.594097317660194468,-0.269860030238666171,-0.647520522372316276,-1.77057675353593846,-1.25691164429775459,-0.413464776100416431,2.32661943565363671,0.33856865561930255,-2.35727271664957083,0.775805893461684715,-0.118918110204119395,0.170827542731566806,0.644462990356497012
3.41492008212755493,1.14245581181433709,0.24598518364808053,0.668056532051415908,2.05958156714355356,-2.98572308151848453,-2.75487367023276075,-1.92612287721733266,-1.81228890050519142,0.19134405905865573,0.87745728375286991,1.86991757945225112,0.544194135162354264,2.84341487132493143,1.65546273119371601,2.72077644413480924,-2.75938750823874512,-0.0465053109906371775,1.09832870809627559,-1.97702477877407556
1.48479486318023834,-0.211960934737871531,0.164609123859889905,2.28890531017341115,-3.33178734442089786,0.122152193982257601,-1.76309782070251519,0.631714735921507731,-0.122764745300075306,0.258453333059578128,2.1152632560762239,0.345415498414891942,-1.51789288770564368,0.176908363833746779,0.107499147886849417,0.390571261477610066,2.73804695572916668,-1.8611737068103007,-1.07086836796087237,-1.49127143992615174
-1.60973706780249204,1.6438048207022562,-0.70872927191816304,2.38559277708729045,2.37876136277474171,1.33196259896364499,-1.96503133613796521,-0.870118870075743178,-0.629325587114040852,3.2070652451087085,3.08364649549127501,2.19494373917267183,0.367863162124096699,-0.576184740561044073,-1.79641790967769954,-0.553910982914563421,-1.38534745329698583,3.9677363545662323,-1.90291543187215217,2.3243473540882551
1.15954693356943039,0.822603421567009496,-0.375213376189869607,0.523133925953616297,2.49721830741021078,0.699807196827677891,-1.04326307001929641,0.162220925980947589,-1.31338852018179408,0.966613269126917696,1.11486409589217406,-0.159952023902060481,-1.11810442434102852,-0.296124062994147508,-1.45517707059317836,-0.595467552629026731,-0.566395265691467475,2.14889181969150833,-1.84627518148689607,-3.80379350532888427
0.661936913101033864,-0.185064035146823402,2.18218090490242833,-0.423465576232189611,-0.987630142675945288,-1.17133885101850121,-0.669370324253432014,5.53935243248855258,0.498937203555830877,-0.885674583590225217,-0.987474660849842922,-4.12443739087006467,-2.34515391688071961,0.820867451953866789,2.4071400598874173,-0.121580959516403075,2.80807013823289742,-0.853976458005023087,3.31640481886440908,-0.0322502877102744043
-0.539390034785924954,-0.806494539015276235,0.527713346601890287,-0.175794187924351419,-2.33018126440045581,0.924179603383945336,-4.01912482572559959,2.16398679564728136,-1.1044680836286207,-0.921591487531691622,-2.67050583225887683,0.406927707679799966,-0.398635930146034878,-1.27678435843616689,-0.50777142915627882,-0.613399577417181763,-4.03549685933081204,1.80335414452592513,0.449821854327365156,0.686536588123592417
-1.44106130139490984,-1.30136406479985967,-1.48102165090008264,-0.411136582317375932,0.885199202373233462,0.905552957131934511,-3.09051590592802849,-1.89225061384869098,1.056513496959953,-1.48014012013318741,-4.31951492874907039,0.672856928375607177,1.61574798571129574,-1.51885155184009979,-1.52361698096849407,3.75127556467389933,-1.0179927619679352,4.37314309150309111,1.89238266800270138,1.18020560601635283
0.166811543578010257,1.14579749017639365,0.175139104840876858,-0.495016856755529699,-1.32769797100314846,0.170665078221849065,1.15754429576018292,-0.387738926483046253,-0.432243899494550443,1.41114646767530272,1.43351410085398401,0.499996133310529334,-1.4536455334072993,0.535601136756237883,0.794063574437755104,0.112086083438404954,4.02860402293730857,-1.50360250130838602,1.22290635243712065,0.0996363894640131253
-2.40677136520663781,-1.99281673615027133,3.32236548159887901,0.0552328623082352296,0.596668364366607196,1.17280322482328314,0.604807705697393505,1.06498573721047873,1.79728012910921242,-1.18685535913645568,-1.24292808797357757,-1.12698179387522623,0.047099220563316592,-2.35849909460612794,1.67811752907342138,-1.01002174740700323,-0.248494555321745886,2.54174071520469935,1.11057429333121638,1.31774111994399412
-2.01222918393272998,-0.595248705595862515,1.28399933519561626,0.851414423886326488,-1.32611507789691907,1.83697630269049195,-6.27001295966093419,2.09965396963664164,-0.038729164367745865,-0.89440621834538836,-3.48353881934054765,0.879637195650070369,1.17810177947591721,-0.860069776733712765,1.00006738741668411,4.83624812582689056,-1.34529351672549713,5.04099109306442905,-2.29647698053674398,1.91019681673996988
-0.527206435756787051,-0.102788930294093458,-1.1933879601513202,-0.18619724682809935,-2.1231210915151455,1.07697434296782935,0.343062350780954484,-1.21389903165070634,-1.82299397204248459,-0.774170766772555696,-0.283825288883974847,-0.467629334147487474,-0.391520718760571929,-0.371682492153852406,0.587073366693628529,-4.4263097042486752,-0.703629422853335407,1.376449655914596,1.95697434059197883,0.352315902808396031
0.0478647784512438793,-2.72544722139580786,0.388983066850739467,-0.00508467253080470243,-3.18399676805145226,-0.0772426751812166218,-1.94725408210671924,2.03454648660716853,-1.81350727362997266,-2.95826401309655163,0.254777098562071591,-2.57570294744561279,-0.35313264117807186,0.164111746049936724,-0.115655624731928391,0.805636156898140499,-0.416832458113187698,2.72350750922488549,-1.58027384627531209,-1.46303829976337951
0.708760826197971761,0.346834874186673303,-0.957757009066283915,0.717624613017289081,-1.0629070913835259,-1.86171254033694478,-4.94222173877593729,-1.63572504632101112,0.953499234202910495,0.327209321817908183,-2.60537355085634381,2.33687049938424662,1.09236093845047755,1.1846557870045431,-0.199981672687815637,2.22261206603156536,1.59484378221323286,3.34615652724001356,2.47143072005144804,-1.22202207537858243
0.00242790080079345431,1.15140106163569178,-0.616628307208290427,-1.11797709345882423,2.32777465455015031,-0.0241950535448798368,0.888161864382711275,-2.8001344375518098,-2.864293203911215,0.868436195126291555,0.499360848523172196,-0.160724159477476231,1.20773405750850071,0.101909758257287889,0.666371842714831297,-2.12962165952634797,-0.573968618429450572,-1.63302912543542478,3.24475655886202619,-0.37446961900627157
0.118223239340662617,-0.829421705759152417,1.78527217274095551,-0.769189091198530295,-0.199656185743380316,-0.857260211596132526,-0.788235816757000829,0.756242591516680607,-0.919266597177097577,0.0620663390307166982,-0.202260970830213327,0.278555996264193306,0.520320065005016041,0.0813845870871979932,1.86756756447938166,-0.467157236350173866,3.88224463069073877,0.598106831996936594,1.07652667808623304,0.60739224540854575
-2.63221510886103616,-1.72055404117000288,0.292938502352190544,2.32720669335741137,0.252070208753987668,3.15252363340598452,0.333689829576649222,-1.53597901759275235,0.616078526499348134,-2.45186522000448903,-0.0572419112865288418,1.9095428518843951,-0.214858348082741679,0.161779523530807434,-0.223201698102523244,-0.112227163598185853,2.71687183831307966,5.46657688406645725,-1.18430464626477949,3.27001966932190546
-1.89433583402605121,0.166570626130968152,-1.48780957999443242,-0.53215232382216171,-0.0894703521180711808,3.28572443088005883,-1.01992196623412013,-2.31925937527288228,0.381322966493777893,-0.249233685488280177,-0.195251404042332571,1.18062618027166932,2.12013814305851511,-0.6669113677367009,-1.35425651680339976,0.142695904370093968,-0.713391168188333924,3.84341364175666422,0.0434046656752921228,-1.42885488770902347
-0.263427528388852639,1.47258296598343108,2.35761018701987712,-0.185335167040286464,-0.475731556851555493,1.43172338796850473,2.54045392286791216,1.84601272497992119,-0.780721866001750642,2.86811738422966656,1.44890594773673942,-2.5583820790319729,-1.69683626518039121,0.0269909303603642521,0.290524928060697019,0.0528415109459335688,-1.24773910696582524,-3.34573730971434102,-2.69865263698051105,0.423932705438865631
-1.99733418995154643,1.06106234811605016,1.31618286324420586,-0.769835877468273311,-1.44572458112852198,1.42209656155823994,-0.905979296623185437,0.227825636959886946,-0.268606517952682533,0.698610975782104293,-2.30884480034987094,-1.68331009175200763,-0.566710994200614437,-0.959417813783602913,1.2838855668417497,-0.0733437309246985358,2.0449406295889716,0.943189589648436577,1.41640723604123364,0.870242391668917592
-2.40605613533950979,1.7351017038891734,-0.0204487172767240689,-0.325752566095481366,1.28030805877238407,0.616913421374218451,-1.03255901340094591,1.75299313667127588,1.0234397308436507,2.01505718642080023,-2.08303132326424523,-2.02102005119170602,0.436013585940488446,-2.44578091184666935,1.524869536865048,0.330745342784500573,-1.28211379565466554,3.0390850705979755,0.667411945343727941,0.956977253544327833
-0.713766988385224788,-1.84449015653286641,0.268231069668325384,-1.72016308509289173,-1.45628022054484574,1.24260209023183621,0.425422189663029582,1.02001142764252517,1.25854533119919054,-2.21074458604014401,-2.77200701141039296,-1.45896852124428889,0.442541108309272735,-0.754150384207902036,-0.460441883381274064,0.684953593317613518,2.91853556559711036,-3.67194656898015914,0.34011728055973417,0.133780110228688409
-0.582234009651298567,-0.507715561202165211,-1.30766605215940235,-3.11013095868785117,-3.23696062674832463,0.081225667869223514,0.472972310991930767,-2.28147983969192092,-1.35771286479730624,-1.20846647927544626,-1.26938537367799231,-1.86244110587974121,-0.25488215035725692,0.140927199139054965,-1.16749161877306351,2.50631066363366362,-0.619549481649717459,0.517803383322210653,-4.42767030016686913,0.667205323958344088
0.517956078256080144,0.63431002484365584,0.266851117246192759,-1.470101910061687,1.63259786575064014,-0.450147903370839486,0.949688816780425715,0.0513088756254188871,2.35337285374385985,0.333717000996414659,-0.523273678416284804,0.107965021323921925,0.165065565854865426,-0.028862048550449361,0.137588019823658758,-2.43444163177445105,-3.3010972333510038,-1.35481931292631685,-5.17295261166252018,-0.695147166173632702
-4.17232376190086462,0.555630725497890166,0.898183482397981292,2.11580088456502047,1.10849060254706955,2.91861716330354382,0.408951885026758,0.852160907107318621,-1.11178291095211246,0.0766652231251609834,1.28801536171149911,1.33293826240776969,-0.977923849995011141,-0.983392285680531275,0.751261088489983409,0.701553104243413439,0.772721742886906759,-0.566910490966707203,-0.384340103221820384,3.01407728918479823
-1.87379987836641915,-0.440280145251963184,-2.40472013441972798,1.97288729159418375,-1.50394441444202287,3.31354209354368079,1.19598453547605388,-2.46078059172104613,0.327237821960258024,-1.20082715271241236,0.95230645584832796,3.39478459750016714,0.886736874867371738,-0.103683680945159423,-0.673779723891292037,1.16765179827893117,0.627419214315009577,-0.0905791159098128518,-1.32165568936879207,2.47072664469741987
-0.299947596855914989,-2.24752174346539801,0.121224041606044525,2.66843617766202712,4.07566585319279984,0.737138512212014207,2.48800225206731396,1.03635285076400119,-0.476739909827335551,-0.123273448627941942,2.22374703267767337,1.45714106744472871,-0.848776463031745254,1.52629370959568211,1.15449792819816199,-0.711918232897096326,4.18142179136061731,-2.34121432978788224,-3.65655812613481812,-0.0422357673016831373
-1.70505911603700699,-1.31361990099838866,-2.34992658028929569,0.140809308253061316,3.38229228645105984,1.40625054278478068,0.530221082092072526,-1.20858744934058149,1.81700110180638119,-0.369859571906709428,-0.317479481820699794,1.01877045422358226,0.326733787802085451,-1.92408090195555626,0.723212478801658509,-1.8422492664488388,-2.44361652624469849,-0.086881088616994423,0.05141535403803843,1.04363614518406389
0.218639867321710646,0.660623100235993022,-0.220550851532448328,-1.77099872859708696,1.03294680614840906,0.0662748381475352227,-1.01424372104537297,1.29473649363282473,-0.00310475152187041558,-2.07073852665045122,-2.05408396933151938,-2.36765599899761536,1.59429130679325848,2.36599638632767917,-0.0278188555919087581,1.92653417637635416,-0.454752323269106862,2.75143576905714182,-0.349655382325723352,-1.52220988818989689
-3.10280316806343448,-0.536898333512686343,-1.80315493250835002,0.775585956239207674,1.34175820352234454,3.39960317820762059,2.62533087076640248,-3.22652018634689242,-0.7848736331906222,0.814202192719141515,0.746994055312939054,0.980021122463325733,-0.808269817328927886,-0.891713566247389622,1.09527687248722638,-0.510903197183718794,-1.60931247802935085,-2.82771125424703573,3.93467977711245442,1.27648980400854484
-2.62207222628765191,0.193986402616111941,-0.977947505809280693,-0.337530190629777238,0.784464202178724701,2.4663611883823493,-0.696298168561359065,-0.710397858281831773,0.444111924821624704,-2.13954082267738022,-3.13110424537321297,2.02065092951916236,-0.545339824325069444,0.16976696306077238,2.38889409925516105,0.548339657035004535,-1.63102847222674141,1.00949795566913081,5.17487971423753734,2.44876985176134365
-2.1139930963905682,0.0945611305846147943,1.20201730313055344,1.43274830479134208,2.41974511971524198,-0.0816441781622036233,2.36049316223875705,2.83818623606185838,-2.46308085950588707,0.662947549266686753,2.91248413870747758,-1.03144243212369546,-0.496539914078713507,-1.45979353303315884,0.458555319584756316,-1.54612594326649999,-0.242581305073042847,-4.63391486309858802,-1.86212440946530289,1.15460041748661335
-1.57114750444365914,-3.45239631190708485,-0.952746990663880133,0.594711692228461319,-3.54764489316828957,0.612416709548842086,2.62426820648030557,-0.490066463535177299,0.729113909654600878,-0.359059455400274286,4.64571537881256713,-1.66100324089685758,0.735403092409363413,-1.14639470537227806,-0.0483424288672450325,2.87338437947384229,-1.38315605980326772,-1.49437416778083287,-1.82310441108210308,-2.10556492548793006
0.193575339658535489,3.66843910817475249,-0.29238169994336205,-0.488728747727354695,-0.917767730185596764,-0.86959405996325756,-1.90827984772372283,-2.2029119642056445,0.338870376713407473,4.33147873291887553,-3.22195247937966123,0.985835631733982698,0.622514595047194752,-0.144313601246975814,-2.10877159426680727,-1.68751095225625636,1.58461365801461751,0.1982902863945257,-1.1415876001415779,-2.98576584908357345
-0.27758278414547588,-0.172578718149243471,-1.97030971553413847,1.04376953387064031,0.255486986483423661,1.65309479577941421,3.06870862082639961,-1.48391210793398631,-2.57890880627360808,-0.333138441360806281,3.67334197843138099,2.23423930729248976,1.08928227512099429,-0.107369443483935192,-1.15512467469527746,3.89835070449273147,-2.6696122273016174,-3.59506371834891203,2.35879695018631885,0.384448088282519418
0.0812920112195062855,0.621506000543738724,0.674052012386280541,0.127901609831659352,2.12912685526051737,-0.691644457018500192,-0.71157698085032961,-0.327900454089248505,1.61251444818600853,-0.324363249852874624,-2.69425663321862663,0.856698654235503843,0.829550164041035654,1.31022933741390357,-1.11455645161330108,1.66731213064786732,-0.621582505373371785,2.72827305082437999,-5.71584689734407725,-0.639285761459359558
0.496527130929096505,-2.17606739768395085,0.702636370780123864,0.0105815271172206935,2.12642804022671417,-2.35920902378619157,-0.882514307077123417,3.2252849261020744,0.809563705083009344,-2.03627820308541674,-0.0942758984907408892,-2.94550030515024019,1.11327465890984123,0.50996714940787613,-1.36971272618724349,3.22564753379780944,1.36935829008154175,1.52136578009372059,0.734628485439343115,1.06022195539220876
-1.78392066188094489,-0.571923214346643394,0.489581911869707287,-1.24474817021855921,1.11726024194272289,1.03482938508181799,2.1922362746269628,1.13108548581123647,1.10012499757891424,-1.26951880541308082,-0.726324206635781122,-0.880515688408354591,-0.87644013220888739,-1.19971707419231643,-2.00033012505110852,-1.92960790337966936,1.05795494273778967,0.877018504535607812,-2.65435083972390817,-1.52186231910567304
-0.8666556997296051,-0.888422754562038675,-0.542914452042412732,0.6439528077650295,1.76575334117123606,1.62534722100551288,-1.62523568047238998,1.03902708846140679,-1.88048065327264813,-2.84909946418903726,0.00176559296612159816,-0.0878830185605837255,0.135574385219319943,-1.27221747119881168,-1.42837267347659003,1.27651805483825842,1.99457080103642204,3.48431577088534761,-1.27123724000572258,-0.0429011743333352832
-0.372315521567112895,-1.82995369056175861,-0.211835277015585938,-1.45362293819990174,-2.92266985964837023,2.53510184335678179,1.54611890794676188,0.101820724116970782,0.687401195291170941,-2.7406081027377085,-0.367710250293250662,-2.72476829957220268,1.90210313664208575,0.540407466920628021,0.457608718730948938,3.16726930145522489,0.843207465209712348,-0.471415452124427647,3.28104862763182625,0.694491379523745733
-0.265491442305398229,-2.62953544299801978,-0.584177888892624009,-0.693895157530431628,3.84581660344462728,0.298210263898033512,1.43070139255043438,-0.200019773394602529,-0.693552974870343508,-2.63446330223229408,1.07087110400516905,-1.30715141465334272,0.100292373688833411,1.00777374654667162,-1.02437143986066426,-1.71373709031695531,-0.0848667003679808851,0.0990988176848883323,-2.87577585737684149,2.44312719646832388
-0.6225388203049389,-1.54398815990774763,-0.967407288154272238,-0.369466764410591286,1.21276908179814513,0.310259244082934926,-0.400102280039944969,2.28016868243813198,0.542269503701826694,1.16633992406000142,-0.637000545132238472,-1.26896006572606357,-3.1140171504189551,-1.0695431780211595,0.594286264655791263,-4.98227560158904392,1.10124364742468273,5.91376830055183067,0.916539462549857409,-0.855788981893691569
-1.77779129010063941,-3.45304688711035679,-3.17408369266137491,0.0150913525869234132,1.05086999260044123,-0.493804095600407611,2.6010006307666993,-3.53373552606542862,-0.158286054419049443,-2.73206892241761912,1.13450149804139278,2.64497662842363779,0.785307374829861571,0.265367507507326739,0.48667196677111646,0.432837959891308299,-2.74725239350145767,2.04172325585557601,0.473353212039973326,1.11699873908845926
-3.14517532371381447,-0.262264522225947705,-1.87999762014835259,0.253162719024017935,1.73975047770164393,3.36641136520412276,-3.38295349214401808,-1.51216662693639714,0.102191498652476342,0.0570984198667598558,-2.11308248267755294,1.91318696822399437,0.0109963646887579532,-1.28402955921969575,-3.18182136655473791,0.481702067575948634,-2.15045859765258696,5.85889897331119158,-0.647695659364145304,2.018770233466884
-0.148798111961817109,-0.58391320588568385,-3.16874727056076066,-0.316720578333457514,-2.43335913004497328,-1.39456490477704076,-0.0066413594786447136,0.918191292968834727,-1.35355844746112219,-0.917749917050703856,-1.10948420459013208,0.885050074730266756,0.490876198729370938,0.0831476431846370767,-0.835356969871472121,-2.30007229720847883,-0.482161412849657856,0.778870422041468724,1.47467536875476046,1.26987310111127938
-1.31085577946828935,-1.38116809098629711,-0.0460997878369050276,0.921586441611821239,1.86079669825257987,1.24380305612353137,-0.336769788758650046,1.96224046294444188,-0.162398392201099501,-1.77857515279146172,-0.917138348699750861,0.6396590794686009,-0.632826743952652704,-0.283177818796936098,0.409931291241806495,-2.82108489827600906,1.65160041514187128,3.3546300192264078,-0.294397412765964928,1.92719909744629025
0.755976818255441274,-1.02132752556822393,-0.422706015557133274,0.0794388882497980703,-0.50560516229679997,-2.14970085698887914,-0.0494039273459008638,-1.0664580436559008,2.20953643872915739,-0.540961801958552368,-1.80978503269450552,1.41408892093203664,-1.44727483520464562,0.582827159858091526,0.0195754274608730267,-0.335740382022162276,0.349034152779079454,-1.11554075953553755,-3.27700256123758216,2.77177003556458779
1.49989834278411482,4.64524268174865185,-0.126829175121174448,1.08105608627241323,-2.25325244723145568,-1.40125398020143455,-1.64620085302412522,-0.470197466569511557,0.0877433646527351896,3.16346503838602855,0.729004106172100319,1.16724518248124642,-0.000459620184071096521,0.613368851017885186,0.566526820502579853,-1.23878542012589832,-2.11266412525385139,-1.20621052856864064,-2.24753072159091705,-1.83019243090527772
-0.285293682345193034,0.808698119919109226,-1.51139820054323959,-3.24744652580890136,-3.80970571597851881,-0.67497490353398415,-0.0748500456053364516,1.2940110101578095,-0.263517233576722687,1.66982536952176486,2.14142431411958833,-2.54141202972585756,-2.0977038309824545,-1.31412032397861522,0.431178407508836403,-4.39104469656875374,-2.93271400880028654,2.38788039493081916,-0.243451056961033502,-0.629963505437694304
-0.28547775632876593,0.551899235161030011,-0.0354638274462730566,-2.37367448181098029,-0.935082479273911193,0.223847856220501434,-1.79186927191883427,-1.02097918735498783,0.548219295996346334,1.23525872824692939,-4.04860983004369945,-1.56202756979221147,0.090604898074613055,-0.500756026744517246,-0.117305969879653124,0.0514480637349843881,-0.481923255122677363,2.84386596290140226,2.27915447878785704,-0.236300623833941598
1.13400668714527386,1.98349509386297318,-1.74645136678669322,0.0269500371253435511,-3.0519457068927518,0.574853848120435607,1.16466033493450172,-2.27685926265358685,3.00310887872799936,-0.052317932553919165,0.0537036103224282566,1.11312563481102655,-3.322852382846333,-0.0820273277364311632,0.711995282150184261,-3.23364874373162259,-1.22018242015980527,-0.128662630652906312,1.17552187146333553,-0.401235020437065992
-1.02578411271308534,0.786859515939627774,0.985094385616715473,-0.274838599631868241,3.01079088287008467,1.27532089850783836,1.36306688145591282,-1.22930912301468931,-2.79999216457340161,1.27143778697886622,4.32092934808236162,-1.38114354188784949,-0.904554524706442264,0.0373419588191085672,0.0664128176039505413,0.11854466186659969,0.395786097314867746,-1.26751383191339628,0.763306581001451656,-1.58014525117413518
0.514598755718931433,1.66264209472937008,1.11923144278461617,0.885404819055147674,-2.73152687615926837,0.678822231614972904,-0.848168478639092616,0.50024436589119603,1.66316571474256758,2.15034468128872724,0.189618121390216304,0.923135220497852016,-0.950913477969591248,1.60599859192749594,0.349762860384026542,1.33877743772008917,0.554085337538060774,1.77936927754857854,-4.99874311749072575,-0.29973005924134799
0.0692782974060272283,1.64798953444326468,-0.620456908076759683,1.32904369214412155,-1.6200674080244728,-0.0712266878250489704,0.289927427664793014,-2.41812590929873439,1.41533058558283864,0.575173988865710251,-1.97749335297054363,3.13413290739408845,-0.22626445513640589,-0.487110480239399013,0.952727566272347892,1.00940558372366862,0.788596274222528981,1.19492313220479418,-0.216205409936656018,-0.549620669788833172
3.72532450980184704,2.33329818629088193,-2.20497200038134356,-0.306083743681124731,-2.82417330845187609,-3.80966167297132507,0.268448135061920112,-4.00330487776451527,-0.400308137567938871,3.16100423918923479,0.924883956582419953,1.81382130862100288,-0.0478286626339131798,3.2425812515247352,-0.139081466492729594,0.378404033720586896,0.468389289251044394,-3.82857738621400268,-0.947281039274555314,-3.92991835911298937
1.81323935718123597,0.857500451954977261,0.996782453204646535,-0.47393582027256842,-0.0805667384764599676,-1.55782717822015515,0.859874524305000443,1.05398755246652276,0.454093181981764515,0.305462850424219445,1.5339012318646903,-1.12318749748923952,-0.102768794018604143,1.31042982389377016,0.70006989650774798,0.584788351374535886,-0.25317553143810595,-3.71238911001980432,0.617889164478640396,1.18244778297907716
-1.37616392065469251,1.17812861239844269,-0.269892321060111962,-0.645200906746882019,2.53961083649238084,0.744685189118199364,-0.0312854992529367215,2.49829600087488224,1.57142690654234451,-3.05242160419978914,-1.5383820009148732,-1.10741966586406226,0.190912215049647005,-3.84963084096560326,0.516532278561479985,-1.94273388224154098,4.967887650806869,1.55169235514429316,-4.09891585401645919,0.333373415448193711
0.255378598963640291,-2.16587678201797385,0.0433096406879885307,-0.115842135972130875,-1.71468117404353126,0.802186417272250596,1.30601647016129707,1.02981585441745116,0.731141823137705371,-0.803105610187284324,-1.42833938465140831,-1.17679989270894825,-0.984324240080821089,0.376327890040848323,0.531593281126135575,0.857052165793873222,-3.69108698797646895,-1.66505227776469122,2.73717518536729276,2.41002880735831804
-0.00649446317312732651,-1.52747454724118104,-1.38631304709495273,2.23677534825924695,1.9605224930729086,0.796086506949760464,-1.4945756920244524,-2.27440058169496551,1.1385508361167922,0.797229523701997067,1.08397256386980789,2.96640563421320769,1.72326989743057468,-1.24908332842320036,0.816586645362899155,-3.28146112627411934,-0.181747692446786568,-0.144068158265809376,1.64074450627650692,-1.67514720877779988
1.13395841667578812,0.0316245089569805182,0.347463702112221273,-1.60037885568124172,-2.02822576502430429,-0.773750635142853138,0.208858215365142236,1.53833648403898571,0.244091401407976749,0.552622321545637285,-1.36434552201930526,-0.147238433914062189,1.01359779602159095,1.70476927838125425,-2.01596911017300107,0.68520641289054951,-2.69570824248241347,-1.51279223345178671,-2.48223793069734233,-2.26516099975297314
-1.23503623193789269,-0.801311333090175104,0.216118136516892823,0.65840282458271282,-1.47555047337332268,0.347045569300691747,1.61129773728285475,-0.746171829339639436,0.120939348394252785,0.95660077729256221,2.08395069769064101,1.94799662798309514,-0.779497430871357255,-0.124027922227031628,-1.25485371942073298,0.69131972190401314,-0.00757025159303470994,-2.14304224594139736,-0.679515835883840347,-0.809131346991185385
-1.38397221955186422,2.04633164686700297,-0.64735448860216438,1.39364926108280796,-4.88791802601423697,-0.244301743611889888,-0.20682609751368336,0.222028308086113929,-3.68638576463995982,3.09828645568230243,4.49169953417546086,-0.728713522314521689,-1.18898079544958257,-0.432798336536693862,-0.557075719179554341,-3.34772014352703806,-1.46024729635382489,4.44291260113549846,-0.605919057147741746,1.62163993714465327
-5.30382641095237428,-0.511714682758106387,1.44483302069183162,2.51971761037963349,-0.524272942532207797,4.27564739418145834,0.487098200598680087,0.576870742879304843,0.18653090568624231,-2.63335240127776471,0.6780116020861926,1.57896686559413491,0.191954653180966467,-3.23212200022875074,-0.994781070686121871,2.64979740112074946,3.95587721946252335,9.61226132849050252,-1.18395187385956446,5.53172061186647923
-0.682080435022624831,-1.16986110025322554,0.34909177834744648,-0.413425537077426908,1.36731868042277549,-1.7428383129268441,2.22390625995479629,0.204786238955603384,-1.20189188396178537,-1.57981734823450681,0.557618711588295013,-0.241350058934407946,0.479506243255661879,0.781463353512113046,1.01025423769403244,0.0371250205997949723,-0.551056026103065033,0.413874064234685923,-1.90677764930906535,-0.0570567541582603921
1.63461737232055571,-1.90043770456538708,3.46127693730282981,-1.99481104527398201,-1.57785863841579421,1.18200883602585893,0.817790892285045312,-0.966110195003941907,0.266515732695558338,-0.0613187469637434188,-1.24099852915535869,-1.69385207801623561,-1.34164156207358221,1.17686775000178834,-0.398199831795135017,0.675753856757840388,0.752313799438971476,0.487399440853294952,-1.24108661331579961,-0.20438963127713819
1.23699123420610602,1.44767977702342177,-1.64420699700552042,0.76858650662181105,2.09280874341700596,0.453652361640009494,2.54898933650360071,-3.56740041065862812,-1.67612239570251953,1.78492245826402307,4.28497302631010246,3.71980835858873826,2.13621309109235513,-0.0310801008522694176,-0.32124445569226473,0.445937784338657994,-2.98516731961738468,-1.41078168742332899,-1.26118211684247594,-3.60080116751174595
0.604374603520331677,2.38238319804688636,-1.91586762297525892,-0.376697455351950261,1.49878787378772005,0.429571553963006059,-0.155437521157834241,-2.62036920482784819,0.213433207711048706,3.98968550755631846,0.371354920867224658,0.853392619195732727,-0.440663131823296306,-0.638033292801572394,0.959874333758196974,-2.0938629391502297,-1.7058150725412411,-2.20151540336862217,3.42645345174560134,-0.544731553163387838
4.75019196851939984,1.31917052496288534,-0.470000868770473923,1.32307267422132613,0.423958903696353917,-4.57990825308836058,0.079862383471076645,1.261976646415091,2.35610141434595999,-0.334958616007364707,-0.112464989321483591,0.495393404320583763,1.10919652761604359,2.40048102056350654,1.33795235534172852,-1.86818454291979519,-2.22330749200475619,-5.04452103379171479,3.67510961523053226,-2.7934146255545742
3.19371255431589063,1.24927005107983025,1.7139220574358276,0.774563823035495425,-1.54564222535039186,-1.80072817007656472,-3.00083646668215565,0.816166252177698448,-0.215656978632148222,0.0722127226138611217,1.46024484922215425,0.0661561669393154889,-0.667723136337073697,2.11318083931733769,1.63525870626968461,1.02137182850610642,2.18317496903113284,-2.44660090769390415,-2.83504234999107707,-1.41751628870689173
3.39435232591819247,-1.00355643381500648,-1.17306069809748625,0.762739214115486619,1.34295593936002122,-2.33384596829791935,1.09642010171555304,-3.19296984267005657,0.86153365663252568,0.984843977356530842,-0.425448946764361569,3.17188855136130021,-1.40001125893299805,2.03813189180096765,-0.645647666451007241,-0.498774089974551138,0.0131617483000218225,0.28858765469512293,1.74224195418022321,-1.44905462363030857
-1.23231072381857643,0.147821538857866586,-0.355177950902084538,1.07521564825245908,-1.27773306532960707,1.84457267707346206,-0.750440369642290217,0.495183031676399543,-0.475182538680755384,-0.66235422572820879,0.282733116651209315,-0.132202992484658804,-0.42850148550392908,-1.49321100923488781,1.98012884369579489,0.188416048515232776,0.599654781306621643,0.438864228332576378,0.604822978297171798,-0.561359929583871931
1.68561006774405442,0.0659661995352531227,1.68502226720765647,1.0263026997538145,5.04591185237059836,-2.7191856488708841,-0.0716835899916099112,1.69563777218742073,0.706368036745561478,-0.663559048127208007,-0.17560570563668082,-1.56475050724592601,0.199250092204911716,-0.367929457028542406,-1.40727231445498591,0.369445404824219559,0.851395079976328351,-2.25882174254423029,1.78461377823196798,-2.20485742597360224
-1.8231995145800477,3.10521307649705669,-1.25067484801839757,0.194743824488446765,0.995381647261805225,0.673773141544472542,-1.1818173382573256,3.29361375317583516,-0.122098678228742222,2.00735647245948945,1.36770627303789905,-1.64208257894202503,0.0406544451673849089,-1.0565275172823394,0.473363319133259242,4.60035656325541975,-5.47243193990994925,2.40472129355436381,-1.85743456338575075,-0.0126924070144094538
2.00818889323701377,-0.528616890338220236,0.0531302164771230295,-0.839849707885562791,-4.09717419815932704,0.100980972602398522,-2.7089246320365743,-1.29516206689769642,-3.07228598071658299,-1.10768612781966835,-2.93697308244090083,0.432966627285041483,-1.39729603803226854,0.898392467308427367,-0.679883157352424883,0.3233250070257771,-0.132087074634816365,1.92840367352265307,1.54548529373977472,0.969864060927209226
1.96880479739608871,1.976387534676594,-1.30700893992032108,-1.83248093225108555,0.0184707836347964005,-1.25557315339347642,0.0187049715315269378,-0.949672109294463218,1.49770535043230058,1.0168983857617977,-1.52139649133035637,-0.174650882185726608,0.583957709081923237,1.44547937035900254,1.42886565647914643,2.04382511865796168,-2.10948233627614457,0.0594327629443349228,-0.277842342282375199,0.911526329542485247
-0.417824029074963799,-1.47242315684415748,-0.790494666567010618,-0.959169049363864712,1.48117146260893162,0.0551642411808068861,-1.91895215832319943,-2.31423840664890745,0.3885967904269646,-2.22314967824396303,-0.5896680772077878,0.544323518713807908,2.11085794715804864,-0.495133339212020962,1.54493154286433598,1.65731330720537784,-1.92759394218152469,3.6583523128101918,0.698373715454787103,-1.79701427690575866
-0.654897521434355201,0.0855467705942132145,1.40356496332415959,-2.86607432118113215,-0.422996140311085789,-1.68346430660911706,-1.77621163554094474,-0.0259930363544953122,1.6092258784324891,-1.52647553504936773,-3.97562581840550644,-2.80818644927837235,-0.486820767484391459,0.209704672401054226,0.0657369561144366676,-0.32835430803169785,-0.32133059598254271,0.594185293464406628,-1.56295899182275866,0.217376583162156717
-1.05193582005603936,-1.99264792304706528,-2.04591693518340856,-0.975373621507053201,-2.87820465913334944,-1.02360808629682642,-0.105275514271073581,0.397085735356941583,0.973798389359297745,-3.13807977764263013,1.0464896717612644,-0.127004702903444677,-0.370221986262660341,-0.226694039979505296,-0.664462968703689705,0.681688391777294567,-3.17940685153732661,1.02537807303140394,-0.120561659964776274,-0.0825309131330367041
-1.97584870191836326,3.65567554304859943,1.0001868309186992,1.64193540458614962,3.00759305428960788,1.97088861069903065,1.70798946403863283,-0.650281482704270664,0.428437693090706007,1.85247876433410275,2.47651927984708209,1.44046838386643228,0.695002487755845166,-1.74392329352822939,-1.23960362903037757,2.7138693407057719,0.60119265094197949,-2.69550533701057793,-1.43612243088673708,1.19339797681126925
-2.4983987202885487,0.234650572662408602,0.587817808871044289,0.867246470917946599,-0.912337982165783545,1.84484274046634567,0.105704743672377713,2.55695724702605309,-0.148160349707598754,-2.24229391798296218,1.72125951439535108,-1.46999631639720474,-0.102015834168061495,-1.48807202889086265,0.555252148964373249,1.49408541933492245,0.327469668692673632,0.0268189403526437921,-2.24768589048431888,-0.343226021927275526
0.83611545710684565,-0.0540553083854564478,1.63026883705778847,-0.146902024454384272,-0.890671112398265352,-1.54069535075802166,-0.423586251816748471,1.74858063611296743,-0.967862856208331124,2.19178557708950494,2.04584600429347585,-1.35766802290743716,1.5200467756327003,1.18483733292214422,0.177120668685342292,1.83439408051621577,2.54065809171168944,-1.63073682001727849,-1.74900453061567385,0.374374314703598887
2.4862082019749745,1.44554462206291934,2.42468810226626141,0.0169397231707503863,1.86661189513805281,-1.64204303523959116,3.45807929650428925,1.47409601059284046,-0.272581185517393798,-0.0682717940398867296,3.4501171010516285,0.0635006549338573562,-0.659362567937428534,2.01048470560329262,0.262749650168966176,-2.29814198943909886,3.29401983834942902,-4.12263447717461684,0.337893280789646533,-2.51716473796724483
-2.35797676777567489,-1.46129139421053655,0.0500197546696034764,-0.265093495898538978,-0.445754561465752541,1.36917788205763857,-0.509798907128625634,-0.795395940778845123,1.22307329536962661,-0.0555851617909489323,-0.610646659961096572,0.77332643764426201,1.24046069380089974,-3.20691987739885986,-1.07730977494229974,-0.663693551532536508,-2.70056195633378593,1.58559326782025001,2.16851494866147565,-1.78739159454067531
1.14738394950696043,-3.15608153949845249,1.05276162921328176,-1.63690318081317332,0.486469404645774484,0.471417508790648809,0.713472884141123309,0.617830611609804903,0.172680941060113224,-0.467927333002895962,-1.01444692474258114,-1.04989132978680622,-1.14730928324211634,0.844996434342305647,0.104515501111111297,-3.66826487442757676,-1.20100974922980575,-0.878991193187766973,1.88923334479129035,-0.5489001515260854
-1.47596184788412832,-2.29577101834834929,1.04697726786411494,-1.06620868105884115,-1.59312743872202423,2.47217141198863066,-1.82180477637911742,0.344582518186006881,0.427150617079343708,-0.389502810646727093,-4.18314838133230182,-1.25391081054167675,1.01951886528237123,-0.408733712307284558,-0.326671175990355778,1.0398733548545207,1.36694867349976334,3.17284323174648764,-1.53351846464673747,4.4015209220516045
-1.53568772914871565,-1.16045709335084024,0.201040512006403271,-0.0555207202762537516,4.35692556398011988,-0.282737964642651607,3.38948456425714184,0.728881003950587192,0.542295457319281082,-2.39780646949334164,1.96467667587887851,-0.970712273036757889,1.32770008509277604,-0.878339678444733596,-1.02189244311669758,1.30758822226925164,-0.530421341146878778,-1.18647368826650679,-2.27087895301413178,1.27353850653832867
1.34798020707444732,1.32901240134830712,-2.12149953958318749,-1.73608147250019451,3.07121808903012505,-0.618920470042850779,1.41994662656465809,-1.24641161964529545,-0.520677601941930135,0.19630439141762232,1.51189767343447712,-1.01209478303548983,0.600308171017152836,1.69458929109812573,-0.870571618954319448,-2.24374323761539962,-0.696814424724810144,-4.81991728165208055,-0.728083527845569511,-0.84348243032383996
-0.836300719901476031,-0.208861325288979466,-0.686236710100306735,-1.44812604223785923,-0.715451540330484526,0.394551580193986728,-3.89016719221199869,0.0631555296492976315,-1.43908502392707582,-0.46264338900526697,-1.45475232497577744,0.566450765557399816,2.5477316498455318,-0.187133779357088692,-0.736417665422906542,3.53217015719571759,0.142300428936288775,3.15096707418683009,-2.94072467961343031,0.143943180974795804
1.25402650774361812,-0.700345179753901648,-0.0702765489486790046,-2.42563016081020733,-1.35678616649702977,-2.20732154093390864,0.354914805065166816,-1.51107915154217998,-1.49540063729986983,-3.03307286147908828,-0.570636042378038111,-0.188212180484656905,-0.176472368695294785,-0.73083951468051378,-0.999398665202360204,2.10574546591863276,1.80417345701381437,-0.544822533747402526,-1.58207357424686035,-0.611202840285286486
1.6987018417780082,3.33805865626340648,0.350556224134563665,0.218961512566282546,1.34309652198334506,-3.23569959556983022,-0.637387990567969909,-1.67028232079286942,-0.219763773677819074,1.14694658465437449,-1.38786594248376671,2.57967259426165452,0.489668624310485412,-1.22077027983953612,0.341528330730689611,-4.30844394102431139,0.512311142404135889,1.22331780836703174,1.53165200241823274,-3.36200121147648234
-2.41416347900516515,-1.12674345201428339,-0.634419171177988295,2.17790902579371659,-0.256008616674584633,3.30309126581570256,-6.01811214246920922,-1.62679344468758491,0.0336085552574437937,-0.663486502351938623,-0.314236277106278161,3.72123473457284293,-0.441286121569866963,-3.11271110897156378,0.937320805107766941,-1.11266414043233519,0.920568226243734911,4.66581535433698313,0.618468189009285463,0.557322322432454276
0.134031304445782012,-0.526783165877902637,-1.28919198958343229,3.18802400591893997,0.960418060300277765,0.0276792144801579106,-2.14530243254012998,-3.45101085736093793,-1.65005714670140802,-2.42589579501827401,0.163590775079787226,4.65021219671069641,0.456178022843657105,0.941857530004476473,0.0444049398599954334,3.78722011262320413,-3.3935417388117779,-1.44909547864285604,-2.90018446157118648,0.667988846102922862
-2.69559714406865103,0.36374127971142467,-0.685477262919777175,-1.28604443611048369,0.375714500818260133,2.99554571107775214,0.280196569587447597,1.39876695955463393,-2.17129265213074696,1.38676152631033589,1.29353788631467537,-1.3281001866192006,-0.580821338134517529,-0.199846474177853006,-0.0581548061171354158,-2.0048631579423617,1.93520716407290161,7.36505623869723358,0.914067464510473382,-0.933766722188282383
-0.74953007348878975,1.5355422639576648,0.211633621742870232,0.317615083394890307,-1.80309111651318821,0.281662978189521684,-1.3392183835225957,-3.73888248484972419,0.0930695549530990845,2.46415131674874832,0.53025259958033244,1.40321000879458957,-0.940122490903119168,-1.05069994333850736,0.54181150107780407,-0.245709437912980194,0.635093043009897107,1.39051993134491214,-0.748235716217340308,-0.78765525326942798
0.85818759734829253,-1.49201785480879323,-1.53349445646888394,0.936748505329902947,0.838906418396066389,-0.39759587982150979,-0.754563189098966247,-1.1757667934068794,0.0496934815241770605,0.685933916764748464,0.338834057835532443,1.55139766150692182,0.803424864088105761,-0.0581225450848157146,-0.117861079645624228,2.52500664111988238,-4.01303331508932803,-1.84172154897726603,-3.07510956001407587,1.4500589622432245
-1.87568316668226021,-1.73801681668944985,-0.925134730009530726,1.35537156174493045,-0.678835372252595493,3.72995267948004949,-0.293888676749058109,-1.80369123996424641,1.2857588236944979,-1.99182383627152926,-0.344502260575478669,1.07352161040198535,-1.63534425830316543,0.00885828482516338479,-0.843641036493184338,-1.7181809930282117,-5.14265022132641114,3.28459833547043178,-0.244681585267085056,0.783989817544844203
0.766593507223207737,0.245893842768999643,-2.00782368039555648,1.64903900856736407,0.529298999982031559,-0.580627508595867314,-1.57413202248458406,-1.23038744042224457,-0.831714609438812702,-0.419315255072986059,1.25318128458818578,2.85000948427479273,0.959941369939905087,-0.613047205602125556,-0.235140650414291413,1.62687756734474598,-2.06755595062493303,-0.209211085413510384,-1.25282419337009943,-0.989767453309931544
-0.644366294915291959,-0.760661735037920672,1.83354647846737318,0.551590661360162215,0.825647323943301648,2.2200170361296121,4.23976189531416647,-0.330276812504945783,-0.417510011140594772,-0.137637172062948732,2.81977429145410774,-0.0686480606902304391,2.22778172512907879,-2.4969197843058506,-1.70221389721505778,2.78035737489947499,1.43029859272701931,-0.862935995742600048,0.669316809674613489,0.128481635214518108
-0.263150393813020245,0.148617953301376532,-0.582226156525616267,0.50273629416737875,-2.06291832128517738,0.749141752150652707,-0.116812423319893791,0.233539237114644027,-1.35940361548236344,-0.868950185714409962,2.39269546813473966,0.751481868455251667,0.652810093473462416,1.06928160635939506,-0.294411550608355221,-0.309310464746929303,-2.07976532092648592,-0.662365888933595159,0.643888769999366062,-0.510455527895994798
1.23634336844255643,-3.21233062097363309,0.584240469302950594,-0.477397057646219813,-1.82691857658505574,-0.0497678125909186975,-1.12121197141191953,3.77330744761620362,-1.02234410059723557,-0.413154269090327042,-0.929235622903392677,-1.51930882670002765,0.638265868773962741,-0.329937979064413023,-0.480708662356966576,-1.3963203345591948,-1.18638844266033683,-0.59175867910130564,0.351262886252627082,-3.64717302222588424
-0.0561289211986516559,-1.67533411133732568,0.0461513913284624863,2.06913694877396859,2.33606400055433694,1.14660570367769687,-0.36563925284963017,0.937828272032243948,-0.809997725639541311,-2.27734639351921064,2.66126598579098328,0.389589667973083642,-1.13570702532149492,-1.45394254820460822,2.52161458674544114,-1.60057507182578362,-0.541079344142691321,-3.90905044685085423,0.108887087006281733,0.461727539631464734
-2.83718998913026565,1.84156565802924255,2.7587126834724045,1.06785256612392954,-0.429257064863503457,2.89953679427364053,-0.637161071585384042,1.81143098501767441,-0.607669563128023338,1.11305990721775561,0.898711872411511847,1.17313121330663828,0.497328394581928346,-2.96480076406024473,-1.61077139847727624,2.97121569902506089,2.69372540225848489,0.888737107997446651,1.60347270606914782,1.87001105207814966
-0.287230231582388085,0.253834261263266803,2.57271717337044947,-0.040857312112406334,3.18011522118117895,0.589219800260854631,-2.1352970612334965,1.72478055874477043,-0.910014608316848217,-0.0278003941297357803,-2.69328079662797082,-1.84541607156516529,-0.863649410884399615,-0.550738406233969968,-2.37127400129442512,-3.45976570127830341,2.11820544031659175,2.12946842955632265,-1.13570784352165277,0.21339370579438241
0.608459186353679682,-2.84088375403524873,0.694684025774364167,0.266883402590576746,-3.21000703697352074,1.04078511269033491,1.68687847822087922,2.34555631795432751,-0.812774959514890316,-1.9587100594549971,2.25782217712728395,-1.42971573974287214,0.340501585788143935,-0.119308419371785601,0.34930012037669117,1.31977011997070459,2.1973399719311888,-3.13749225964381884,2.28118890064797819,-1.12303440185176884
-1.09731166946537639,-1.9129868214611363,1.55937307637692357,0.324076269868664613,-1.41742610267946523,2.47022647718372079,-0.931081019509476748,-2.37417283822344993,-0.364001927295165839,-2.2928137673634148,-1.32809325273154477,2.99733523362219989,2.01154250906889942,-0.252230837033031785,-0.0855801904830318649,3.17973147637724951,0.507091839142388867,5.42968914891738041,-1.03585917628527846,-0.172381666131680072
1.06699358384916465,-0.6836240174265511,-1.09535383282957066,1.43228255793814996,-2.82351086611587965,-0.252723514254895032,-6.63184294720387868,-2.18724602585564254,-0.152090923640325892,0.20842183782946816,-3.97069176307944227,1.78858981674547524,1.1897588350757351,0.230148153688370133,0.588185469286863549,3.65116974496646529,1.32065992734091542,4.11664991518803713,-0.765619594876763121,0.0523318072712469773
0.914607891187051769,-2.85979029513730909,1.70663155024051827,0.293428270628245447,1.65654172563413082,-2.82887296371842867,1.51673184556015883,1.06854968245717896,-1.55717025999702319,-2.23855054864593672,1.2737017721559809,0.43503147205020587,-0.0439195912938319735,0.42393044079030584,-1.06480844924780427,-2.73033117975734818,0.25208084676677478,-3.7956386441961576,1.42185509711010383,-1.06388631301541148
0.764347867571851913,0.718756920402852773,-1.16710427475699685,-0.280849585397543733,0.998100441704139141,1.22051921624300208,0.919239627908054135,-1.55217033566904417,1.30423984187508291,0.379716670275489721,0.594695020869493995,0.013665603063421343,0.431917224174231007,1.24509579921988611,-0.0803837777047732849,2.81671640331673645,-1.84498870290341044,-0.46034248664903632,-0.0328416185090416868,0.798898156358246347
-1.22026880538376337,-0.436943114302671798,0.395390542898072572,-0.14425892736173887,3.90805562892030878,-0.612672670106894413,-0.270377681423811467,-1.29440094104327219,-0.0349568462809794547,-2.26265399557197577,0.074740740580643894,1.77441773882371745,0.96798199225416004,1.22543533349060363,-0.830689927948236484,0.799722830107632343,3.03227008279730015,1.78198792869212119,-4.26080288288027553,0.0971645528489745447
1.34348778708773886,-1.13721687439066277,2.09097871659093615,-2.42039114598318417,1.17197451213823478,0.822742842509870287,0.533898623194928978,3.76205941439832969,-1.58024068297159892,0.643948873714649817,1.41622879755907416,-2.4046294468798215,0.726276318113873831,0.382705139341571632,-0.371773550604298619,-2.65527097821260671,0.0756528005049885016,-1.19255756349633879,-2.2014794949311991,0.86139706398509075
1.74972987846578532,1.25065900496668325,-0.432980071427958635,-0.808412389723126568,-1.55311533068879037,-1.61763009916270439,2.64184992317594913,-2.79728601665099363,-0.645621977121753843,0.738468695722003132,0.710771240615470035,1.65699237113351416,1.72197032857174892,0.807813375509313647,-1.23407718628435381,5.64309998776718746,2.5713318703204493,-0.517444419558228175,0.943908276468966245,-3.37203859602591649
2.99278376513071587,-1.8027522530698894,-1.55669836293710317,-0.898193734324856496,-0.542318106460806804,-2.39154474054151445,2.51175144349297463,-0.225124885025724142,-2.43013549176274513,-1.74039898689696315,2.09615923948882887,-1.44818350854763001,1.38191713155237483,1.02328276573058785,-0.505776592492613419,2.04335970875563611,-0.907289984926431425,-6.012903695176532,-3.73647674813765551,-3.55860016193359341
0.358535338833685435,-0.41510422256777646,-2.6062507387262821,-0.627955051621274518,-3.14276670195275232,-1.40041737206330397,-0.66639136621030004,-0.672037421883342923,-1.4066055697439539,3.0187226664181126,0.516844035736927054,0.88752953603741358,-3.02847887482844857,0.408370580803611771,-0.368985353042318887,-7.3917257775490004,-0.344002724637031687,2.54824628376933715,1.53387516448515338,-0.708726712563108929
0.757526732232654876,-2.4901077760514565,0.245809188717738547,-2.76346069108965553,-0.688121494597549566,-1.04094256123284867,1.04648416398408117,3.04969802623972663,0.891164978283339959,-2.12489901293115091,-2.5237528694383724,-3.55713617433207219,1.29232666688184827,0.682193660579667016,0.470184704215240279,1.0517735148044145,-1.36664078501017361,-2.61322371222053951,2.19307549504632338,-0.526096737336945397
0.0296396881789781214,1.29053244335565642,0.638375477967700999,-0.386461099626019988,0.470714345994901306,-2.0051733996150003,3.59116667462791028,-0.787969682823076001,0.322354271919085056,2.28313203240452722,2.63041938611520321,1.63973598963472411,3.9673260234462937,-2.48385060687777015,0.447868039198376588,0.333417181141969721,-2.22980266267300165,0.111670975471368616,2.43306911929257463,-1.2768887553881636
-2.26123490978596564,1.44730161019606718,-1.32246111457917515,1.72115871745499982,0.759237216219436961,1.70417162373153541,1.67248005490900842,-1.04042192759315499,-1.17727132150054437,-0.647890112027909915,4.37855068969933381,2.70220847458605462,-2.37679278119364312,-1.24651091943818271,-1.48793120352703245,-1.76253877702560935,-1.51964139022830191,-1.48710703288359514,-2.11221140817546482,-0.97948592089640818
0.861668041284645136,0.801195551491763025,-2.26116221040310039,-0.296613130203575992,-0.182601206408252281,0.883618026959200109,-2.60067885306240321,-3.99999050248190846,-0.874891282438653106,1.14695770403999053,-3.06637690806524477,1.18191966168309182,0.905724419503868505,0.912731630322119347,-0.34002267343444148,0.362258703961967299,-2.6797516269233177,0.611407395325940795,-0.247909516066412927,-0.202821660623589167
-1.34696011851883624,3.52270733206100539,-0.992734432846307469,1.08562369122085545,0.508164383864104008,2.76646006103072706,2.87445046598881193,0.509165913316975138,1.34664209961636638,1.44004323024106951,2.01240055770948034,-0.321439869032891234,-1.22892824841774551,-1.49811298115897995,-0.788111431564718079,2.47549313811103255,0.322321310091262692,-0.331019062573927325,-0.450728235149361334,-0.0740023814788165479
1.13791319893451548,-1.34973749288189349,-0.847565802354392495,1.38455411194669376,1.15201209577696551,-0.934880741407069449,-2.26596688682151548,0.883578334362910334,-0.321262554579852311,-0.873648149863493928,0.578178805090545422,0.348275338217275576,-1.94467849021955064,2.96011849889622258,1.33968261109405451,1.8803269493038739,-0.159412054240007539,5.29804617865456517,2.90873730624180871,-0.0559997638988941684
0.363505666223794432,0.6356429753116557,-0.714227645740521,-3.45113463184074831,0.570608362451824114,-1.37104097771710931,0.79331633751334929,0.00252269155940324039,-0.914160517312305521,-0.362120760050966661,-2.48118064713047826,-1.34952398924634354,-0.539525665678473376,-0.879634157751448598,0.377363350905493,0.227377256855085474,-1.18459776996550925,-1.7152519550868266,-0.405485126275280217,0.694354270753609448
-0.863975592207722465,0.712846860679170358,0.707613111394903016,0.351634839746686745,1.34795514633398206,1.28746988577886934,4.14563793408638137,-2.02917452689422495,-2.46642056352525518,-1.96457060405082595,1.62456676389689281,-0.0859611014102480003,-2.16038743881722661,0.881541739817404912,1.08605042122968287,-5.54155868914907135,2.92939396961058307,-1.38215642192793209,0.266693596690012857,1.74609093668585191
-0.46923456029182814,-0.468607836571646952,-0.605705297194414904,2.46280000788198228,-0.965663816113037976,-0.450396954443507025,-1.43842660779660481,-0.213776181080541167,-1.32897980167272989,-1.83670869770277068,0.92141442078001512,-0.057538311620659581,0.398499572982738415,0.138316270073745695,-0.760929221980084169,-2.45074268517161942,-0.169163533654586362,5.47734801012548544,-2.2870432326352379,-0.322966420805712973
-1.76234064284588476,-0.911576311937000283,0.31813817555343743,-1.37025509768977805,3.47318201516198144,-0.305489859963351651,-0.970600879654932691,-1.53823480481607966,0.409948699536913264,0.379064499006058486,2.35518118326222492,-0.810460882883975664,-0.424586892674519711,0.413774949061954223,-0.738728915693146471,0.151883492237862128,-0.934818605483993093,-1.15670952507610014,-0.033161711712476602,-1.61923892199689723
-0.940273656072433739,-2.00264972613483749,-0.415546048233024046,1.78673433523197112,0.932925351179855311,0.669088748816358381,0.983180241414828959,2.44010205592407114,0.187868257046172632,-1.0154999883476048,2.73156869767329624,1.21248719039263708,-0.385540332606039648,-0.499608628260566956,-0.978433292600606408,1.04725049456990837,0.561299197268158689,0.814454554755009719,0.243187469554154601,-0.448972497589566089
1.44922930433593677,-1.43084726931638961,0.141594332682935697,-0.552938083209942532,1.78530077459629966,-2.45575943855632639,-4.03598616833057022,0.901367699373576414,-1.08717805292014402,-2.34985326412293993,-0.962928291447528006,-2.59375855248906406,-0.498365729002734847,0.550180848233746689,0.274332294210577698,-4.37610153057460582,-1.76491399493586787,3.18251955376759321,-3.28213287441470714,0.722201671870299378
-1.58561430217822741,-0.606690727794964579,-0.0697029483816631878,2.57727116411862367,6.43944383383467933,0.850659917771043661,0.88660408812202196,0.9653823845706897,-2.10090015351651349,0.95077454194191624,2.29177642973573814,-0.549128338366008384,-0.873957982754291929,-1.69343052808869654,0.537934316980908545,-2.74400061404997908,0.78073315281466249,-3.07994766660726382,-0.197211813559628912,1.24294550125732317
0.644337614424648097,-0.531429042552455932,0.719671070431490922,-0.157918263129385089,-3.46156731268673834,1.04862484376473963,-1.37590521625551476,0.192892144222487183,0.289325740011382393,2.01704873259656647,0.760218676129017612,-0.80668839302251738,-0.637329817539276422,-1.11102375689201582,-0.0212894374848907088,-1.23883906627103468,0.235782832767928718,2.91635766277889408,1.98926127022052146,0.0382905253996980721
-0.612537098100517152,-1.06914530441030609,0.194079044755620711,-1.81678786996485164,2.49393236531602147,0.977330155215846763,0.206248374430375997,1.26916438525245678,0.362475187380146335,-2.12037560116616408,-0.487159575227652131,-1.42261282124919863,0.287157120384125497,1.03854353092196905,0.480485270897225425,3.39600438338167843,-0.289666790853965128,0.0921064446767787676,0.588812688105939008,0.418182093844178704
1.8635689084193483,-1.79296298216007721,-1.11210305580974045,2.34505836251169342,1.36680530607327588,-0.545232134315484229,-1.73763381954968654,-1.99489023238579133,-1.04640781490675283,-0.632559596199463003,2.1191044082830941,3.93181641637273138,2.8323800718820662,3.4160838025587652,0.393263962998557315,2.4841058619961105,-2.2428170349887151,0.76316123870684538,-1.71035092798929744,0.474788063065746835
0.182499996077072513,-2.61175015235856378,1.87661197704111582,1.5972732509914358,-4.68772784512391461,-0.704293530275245439,-1.1006291397989314,4.46645501572206705,0.207178528139440626,-1.79952372027414387,0.347751626348667964,-1.96888786936925686,0.0796569634775956409,2.65907209397340738,-0.326547264834038176,-0.939562428489987167,0.714375784065535036,1.48610931293073478,0.57151939217729586,1.25622571585959353
-2.6240150291073463,-2.67710735467289007,0.0459096256445947759,1.74980636265767275,-0.628089186019976986,2.35406633537090659,-0.730362019120096795,0.339251639261013704,0.646594718668912827,-2.48107732802751801,0.95481626381022322,0.296087495879325036,-0.246561057113815651,-2.01419556679189293,0.442770003867489881,-0.564675870949800762,-0.066657912682461809,3.60421431430751138,4.90285955691346942,0.549873716834891835
3.44629676181217626,2.99291070516491553,1.99259502666593602,1.18543898282421556,0.771613951398651521,-3.76565659616922721,0.116198118234999662,2.83876913514901696,0.933731231168590692,2.32436557422707102,-0.278680171243336883,-1.64487584468216608,-0.243711440214747832,1.37228798200941204,-0.693725709724724582,1.22177067189824684,1.11967597108400363,-2.47183531396409961,-0.52973704824015333,-0.534745870213472307
-0.179346274915387488,1.26135257790054367,-1.8199313138461406,-1.40368386225139719,1.09674954568433103,2.05696797956980815,-1.0500279766533489,-2.23637276882750013,-2.37186107547494585,0.111074895332749543,-1.40359712176059248,0.119939740321414051,0.676361211703316978,0.397898320937176087,-1.32372930948747225,0.641630321114219249,0.530491662820698928,-1.81688071416900043,-1.25520781751648558,0.616345594549372211
-3.27582714324220126,-1.46402105800708759,3.03260157881631409,0.774904970683376493,-2.2349393450032875,3.75180175895906443,-1.37769712265798105,2.68391705501740097,1.42366239062544064,-2.71718280880288487,-1.05668711851710606,-1.6750356082270168,1.22181371690950469,-3.77087383391699493,1.35389921525178969,3.47427952744592305,0.759812340484344317,4.07629901888449897,2.64268511963578456,4.3491470526226772
0.621201189481658145,-1.03786925485367609,0.484030876017667644,-1.5634501597070718,-1.92432331450594951,-0.834779110688063208,-2.28047488139114929,-0.59032673271572933,-0.668589490074888215,0.111332420814080069,-2.3177774382261469,-0.82173207025267625,0.977419327150953032,0.0900102516929777163,1.01483564442342433,0.191799757026542728,3.21150370855866063,2.27281802167508085,1.84911090267285028,1.93120550839960736
1.37510072166114838,-2.70142792609317306,-0.757181698855537211,-2.38448689951565163,1.81390717554987058,-2.09996645820336791,0.0117212444447042131,-1.75327238741850233,-0.926671043577833364,-2.0564792801788121,0.768172197322776973,0.0757191658335592127,-1.27238003956703594,-0.891550025036375926,-0.752266120906766256,-2.24146246950148065,-1.48269566436812283,-0.165870526129292373,0.956842788969867852,-2.23535845016991042
2.84857761277458144,0.0658758173599379437,1.3015417849203561,0.777893131587908182,2.17354789680817495,-2.95105429088159044,-0.475388986557093662,1.87990499619682727,1.47048356062224883,-0.622271929000420165,-0.034495470709227892,-1.18649014729283264,0.698581207155824946,2.18670187978378561,0.186345189042139647,0.403551456777809237,1.9521728774297018,-2.5740334830534235,0.205647547837980976,-3.10553059578000878
-3.19885273125880776,0.127574362765102145,-0.855750352721649565,2.39696879791767969,-0.950830911996041972,1.60221792476942437,-0.93614353808588735,-0.02396242947656042,-0.31916593668879073,-2.55544816320085921,3.34269573646278495,2.43176917828845252,-1.88390098197357747,-3.42958665192355605,-1.32139099699618634,-1.15077585666881732,1.92899627941420704,3.40201555503069342,-0.0640275691647120976,2.8635647414763894
-1.71991085910089914,-0.281855764932970432,0.75177559127532001,-1.58873105012174132,2.85449036587363736,0.654333314489594753,1.16693818315831455,1.69022971352813522,1.06470350497015587,-0.876809011948691319,0.15280345469373649,-2.44593278557677829,0.180707816723516074,0.56580962110766353,-0.10677207564321281,-1.41661871618280832,-1.76393184056079599,-2.11265597918428849,-0.059717328801101123,-0.122292552134360549
-3.37433542764035321,-2.8746907105509707,-0.0513975957164386765,1.41836253077352414,0.766784250345334817,2.2004779337319107,-1.46915678003364647,-2.12422182849848307,0.982663188184268566,-2.85848405768500813,0.809019379821071971,1.4721552406479308,1.88488003379364,-1.45689479863928728,-1.10952613567775304,0.837762745760060157,-1.44700762654226267,1.70368483355810274,1.69753890729189383,2.84869537599738187
-3.90357963160878363,-1.76277498597585103,-1.02524938220135664,-0.041779009290943088,1.94297397406246697,2.86860882350920665,0.368037704070045268,-0.853050238351746426,2.44293514590792293,0.801890504390277203,-0.0314420584969008418,1.149210940407833,-1.33149900365432527,-2.61427166598998051,-1.16910535052496534,-2.78894950814792386,4.79640591952502504,1.15110873028917959,2.29047757718750633,2.04728446661207464
0.497462317782685626,0.862343072999103732,1.26678184036506281,-0.384355422376043643,0.237666948045436338,-0.816325130764255058,-0.347308955139013387,0.773227396965442404,0.030492508913875116,-0.47916585834266312,1.10086142889119731,-0.625517579111612099,0.837676375360754788,-1.5007260071793338,0.507249284962758118,-0.259132642233501076,0.768055240797567595,-0.0459452519638243254,2.21381049430725163,1.7207386484902194
1.6671874681493315,-0.216836959599166795,0.769668149971572513,-3.46885968261380029,2.91163594676724191,-1.02916523827318507,0.781283805271417831,1.71698167194051354,2.20643406470012104,1.43566838427620502,-2.37181009880258786,-1.42591042069552443,0.087903546685656947,2.24383913308105587,-0.411806728307776926,-1.13252547220819322,1.44691974334641715,-1.81621330289756977,-0.256540220009604081,0.352258028871306639
-3.60262881598864526,-1.57587066768329076,0.378089216490464564,0.172831011572425947,2.96845837404437241,2.69654233489118811,-1.76105069125635016,1.14557790230124468,-0.9982830952687749,-0.910767317682331545,0.129630337619602964,-2.12979170542836771,0.39719081861139488,-2.70774756267302141,1.06285236633553093,2.98659257064073991,1.82939717177201944,3.95169387774160175,1.61680691629419204,4.77490525480614902
-0.7535849047182831,1.20506196002370558,-0.599007010793556893,-1.09406322691495306,1.51973864858823182,0.890527840616090693,-1.35481390125583956,-1.06813251327433023,-1.09701031485343248,3.14588534005964382,-0.58012380781189965,-0.0103935577677042919,-0.484529202011384719,-2.10356675932087533,0.743504986665026735,2.22043307524461309,-0.200187238015944152,3.32490156578440299,0.109652795738469408,2.22164853411803653
2.08269794316516332,1.67014377392250601,0.303365054475614127,-0.677003241067137385,0.589670062192999889,-0.588487003397739961,1.32488139115689174,0.763942633273334226,2.70601081574373525,2.91610290382835524,-0.752055571990697613,-0.782867768683696563,-0.232031411938983495,0.833668169698852934,1.16483980580886093,-0.942667841604987511,0.079783384514468314,0.275538469636348649,1.4624058618578073,-0.81271652596846311
0.405361409504926606,-1.38784302802315618,1.46582167067763591,0.760425477897454738,-2.9641382022290963,-1.641712511970288,1.4205318099639872,-3.46494975800665195,-1.7018493508417496,0.569745505848931688,2.58089126331009089,1.57465339091998535,-0.570380537848174329,-0.398463525216744441,-0.791253688937872512,1.6825512942453893,-1.08398375053121288,-2.86449403928622148,-3.83581128297745444,-0.978579070451771393
2.70279895262450287,-0.746520919842985187,1.27631314095283277,-1.80198299651382854,-0.11293188371047469,-2.07209519918169249,2.51529408760011863,2.85483207111465687,0.855169673021629273,-0.306792399429831053,0.885609594943012057,-3.90762176693953878,-1.18721736631418739,2.66717776063376766,0.258396658129306289,-2.95204644744744504,-0.453576945341055027,-5.91910605313067606,-2.94963303940172361,-1.10763613943803696
1.81235692141705584,-2.28244526972830064,-0.857310707756703816,-2.16798512452876535,-3.12909723938429662,-1.03814965003851323,-0.528260980058700702,-0.57279035339408213,-1.47462963717940632,-1.83382351861354764,-0.652394563546867978,-0.77749669090480289,1.87696410500626287,0.501139129249530413,0.354455799352223599,2.1170518928679054,0.193209958321119063,-0.35303492756342314,0.0687059500132637668,-3.77584985413527852
1.64812083313167057,2.58974970387154668,0.121668410017443371,1.70336269845517996,-4.45246818971034397,-1.39357025781733856,0.786035757013389347,0.23402069089532998,-2.1742948959154913,-0.456507881465983922,3.31026022129255493,-0.489118791080366655,-0.489128603904508186,0.843071979363246737,2.14826299254583386,-0.121858782735634386,2.76842329495690187,-0.313387797030179605,-1.16562085308975383,-0.40304353185811731
-0.192408480399256343,0.657115010862938331,0.288173948365459065,0.664873357374542673,-2.57132494069274342,1.80509260309169228,-1.02083916932458352,2.19604050071641366,0.59273247111916183,1.38216019635433551,0.543969693653206465,-0.728507329265156822,0.206108420540672965,-0.544631900723174023,-1.03333845268767544,-2.33561131305322434,5.26642472063043066,0.746057497728033314,1.10346084694966429,-0.482471513678058905
-0.309674772553499178,1.2853856114315938,-0.797827928288330934,1.53887754638204788,-1.36015864697415489,-1.39474901073966229,-0.862129126913108168,1.83455089409892791,1.42713465520262384,-0.783645722429370251,-1.85220113441323964,2.01914458568620558,1.42393333546926226,0.196368886494453221,0.176291385517857224,-1.86203832856458296,3.07873007459722148,-2.21568699731291874,4.80889411347529805,0.173369102984196388
2.34682378655176649,0.70515701459075375,-0.425208959443246159,-0.0267706836980397787,1.51280660137971501,-1.37769916233604417,-2.82804644897597113,-0.257748446908051099,-2.90667960568197348,1.51129348898878724,1.07476158095858443,-1.3684897028911327,1.46655873170428985,0.119377695219887614,-2.35812997664072466,1.86977662708669556,2.00193253789025416,-2.21522034875858864,-3.92895975213756721,-1.58041008861798127
2.83981650462386215,-2.44301747446489781,2.19558093374417185,1.00060780643846647,-1.16396656740433291,-2.77894563107625236,-2.41330879949367816,0.346985065495305389,0.11638562284076634,-1.56283802600177535,-1.07240914578102786,0.119025747498733889,0.937468641542937076,2.09263748074081146,-2.27250409417500698,1.05148322681938611,-0.103021614249261234,-0.922551885191902676,-1.68187548873709991,-2.34849092166722562
-2.32956149658302536,0.952937822019718661,1.01274309802187545,1.00767913065458425,-3.44635794352758795,1.75979706572216643,0.0729000783263843433,1.45924667640039263,-1.47122925554422568,1.85081700278082928,2.23237709477618873,-1.96799099055486049,-1.78606100660288614,-1.95154404204439458,-0.229149481938441729,-1.50785092373642526,-0.113069983814404598,0.108105943498707571,-0.843699044023717648,1.94830963310206018
-3.79314258537052718,-1.71867527131548048,0.657100794151293188,-1.19015608529501526,0.742020679372385139,3.134626015265499,1.5509580219012955,-0.214883513763353767,-0.462879786984461972,1.39110316116855159,2.32591702200616046,-0.114262127321772725,0.472638328747736258,-1.09051831305782287,-0.874775993188309009,-0.376572229963964333,-1.77853595227730188,-3.57270765890713271,-2.01015196426288467,4.56977539423632884
-1.47636238326336788,1.43573304462111739,0.376264578623329737,-1.79462013759024774,-0.23773897087830953,0.765791599277969581,-2.41520516645104344,-1.04184787825469805,-1.36173987091881821,-0.802041982161892264,-2.23604272395961567,-1.40855693222867528,1.61669430161909955,-0.669769255484739867,1.17945545075106351,-1.94334419530737157,3.43883825548406952,2.023616916431771,1.03353093438465438,0.492852319090127389
-0.852646650263321204,-0.0550628359702889508,-1.10203316894762149,-0.597643169309184152,2.88526155124729078,1.09639675562488104,0.184058685171179598,-2.92010219469092203,-0.0345010148323034588,-0.225239886057566147,1.24422040024989045,1.44899795330448189,0.539213489553611813,-1.80548970786876173,2.86309040642667822,-4.82698502681488772,-2.86523699137295607,2.92896695002584551,2.48570054176932187,0.694514907270859627
0.24624532408734684,1.8506805856896702,-1.96496147503997287,-2.03191232320255244,-1.9089718011949679,-0.574138015743447028,-1.99911095939477268,-0.520465163833970124,1.82338389383943866,0.931910778832572229,-0.82954267032968565,-1.62996832102254086,-0.257674544673846539,1.31332076449669333,-0.365673899523020429,-1.65422842020184357,2.4836562316314863,2.35084565281653557,-1.10270626698418694,-0.401299789062981971
1.13403571245148682,-1.1370507741500897,1.01599908188472776,-0.870504002318664649,1.12074496609878205,-0.900006078653551866,-1.91742221056065798,1.88624168017206872,-0.096903674465720735,-0.229231525960774174,-1.77218950738344883,-0.605906665281916945,-0.894273927958562309,0.52062598083612599,-1.03471555355290934,1.48199669301009385,4.35135554650094303,-1.50411228846731304,-1.11680447229263047,1.15043861078923415
-1.23584982193182991,-0.875466775755039617,1.92354524840193908,-1.70814484569849934,-1.09650555600831678,1.27896359655227143,-1.58954461793842938,3.57052694329138642,-1.86472969750214723,-0.609810102664216092,-3.17066904209633416,-4.03927815773425802,0.196557037872067325,-1.50203599348019656,-1.58874864682541683,-2.17915685546170756,6.56038911417638104,2.42628410779991377,-1.50609274008240202,-0.553414363058322256
-0.59979506720041964,1.53691476380445446,-0.507363128787421513,0.639945374892744501,-1.18771552586985329,1.30167858833099737,1.7263300619867743,-0.962035991737070884,-0.260337089423338774,1.89059906002492495,2.00387654995642794,1.82166720717581554,0.807080102118087783,0.748970113979780194,-0.622885128135564292,-0.442119966284767463,0.23406399193659802,-4.63594089738227222,-2.7980189274069196,2.2313099269778891
2.33230342050021644,0.453583530868299944,0.280833200003514527,0.835349463805818648,-1.16145098022748705,-2.34290717891346079,1.61130199907920413,-0.00820500824022622234,0.421935617517984307,2.50125705320751557,3.14488469942761872,0.731320183984264682,0.468078144430874199,2.22471014295452729,1.95563209473795951,3.03406633301290674,-1.86472782784733959,-7.30542673615147553,2.64921244350286011,-2.00154868026572519
2.56301381129876971,-1.12193888314176005,0.926622912137567201,1.17706371383776798,0.398057976935251356,-1.49957345637676864,-6.67109377847042584,1.83205048036875184,0.159691132208274716,0.542173045106230322,-4.20079344320539327,-1.22049281989412983,0.952107900323400647,1.78378342661061784,0.130549211878012106,1.50019487445606048,0.937345584084358086,3.98466249623758673,2.97972390095435902,-2.91958207534263714
1.00880862080056999,0.585877548765683986,-1.01226089283721121,1.61528724424602999,0.651734048856444814,2.23199092691303047,-0.521914050886657543,0.146584009076573651,-0.0355967190891227497,2.00590628994747133,1.52984896372811852,1.43362324045536615,0.600438714474295088,1.21308507827457124,0.969937821682826939,0.760317625435536049,-1.4943742657315493,-0.0144209784349633111,0.860044394564986825,0.123106285620117342
-2.927415355042013,0.707281977352094526,-1.67104046405852968,-1.1677644839830299,-1.51652441890731859,2.04083828645560761,-0.119326968293329602,0.443343624398003178,-0.740027239226643596,3.58543955250016522,-1.97536164261663827,-0.714044224394495664,-0.786415096269611036,-1.45727906446680655,-0.515196224690193216,-2.19580023946651082,0.702711123039647334,2.8422880614833077,0.468840629960866617,0.434565066291763447
4.18767784603596294,-2.55500501534661861,-1.09578708178349404,-1.78051675105207718,3.34499521298920133,-3.24951211376395044,0.98745873678747198,-2.25223079879997412,-1.7380803822060944,-1.28447295933301731,-2.19440192395932998,0.472763024071825688,-0.330378656228095424,3.32296077176585225,0.558792866243878694,1.80674897613534013,-0.079787468375396256,-2.72337550292337127,-0.500147022511988837,-1.72821737327162572
3.81361960376918896,-0.185527176791195292,-0.399425745358588102,0.562540661315490409,2.90211155911316476,-3.24393190650269192,-0.998260344381820208,-1.23572387808190087,-1.62107246092748025,-2.51716867187416726,-0.238977591879764695,1.39395669218451568,1.11266383202800867,1.97281730591332116,0.107240591950685957,3.92868853312319732,0.345353003827675475,-1.84738811684387261,5.12261731070116788,-2.59469115690667973
1.58876803297334934,1.45333715953522846,-0.992234860814095398,0.270422650533922448,0.446088389350970005,-0.927301388420649686,2.24892013356512699,1.97017252265968401,0.354701302333024104,-0.243786639856257759,1.35232226324237836,-1.44376043737586923,-2.26942059778680694,-0.129979066000004445,-1.39487110157190597,-1.2071444627213952,0.531756884436099253,-2.01299000562065489,-2.93237105366012729,-1.8130310684025317
-2.03399428881381672,-0.828194066244180127,-0.84693949880647057,-3.10112765161116233,-1.57579712257688431,1.40723294490286688,1.06850749158930181,-0.567656451632887249,-1.52206810583948315,0.973870716737662234,-1.96179902506647541,-0.491875618798204683,0.940024851137413298,-0.749766312761001252,0.341910923114264076,-0.471490047009460622,0.086565317967351299,1.53997728801664491,-0.742143298884550107,1.53699489369889442
0.745557199822856953,0.794298885421428236,-0.571451386198364775,-0.557501442889698939,2.15688978751835325,-0.297424275967340723,0.422680258086797878,-0.416359782760595154,0.885231157930029489,0.614917445644409977,-1.69686318524088731,0.876412939110583822,0.487348049358679813,1.65104266831949142,0.838963181732367724,-0.166355224543383695,-1.44259934633707987,1.02462720753386116,-2.28986480411597793,0.907165298245916851
-1.35087884311056516,2.0701999449347479,1.3550953459848627,-1.74591576996534181,-2.6025181071603507,0.91690568009549045,0.934317079925562677,1.09138530643485487,0.821844535022628886,3.31484440034780992,-2.04289327682609256,-1.80872358340579331,0.367039276272482395,-0.225860152265724146,-0.287518398492979166,2.83739665582455824,-0.093638953178661985,0.965439805399349482,-0.319318361279972096,-0.209825515270670865
-1.18562007603744091,-1.55104498269976898,-0.864143722651103063,-0.836150083429764268,-2.67228743318893125,1.26908819795283234,0.465626946141277753,0.0497865730628519881,3.07577078915977165,-1.89495030845185664,-2.04580372527686194,1.04125407309008056,0.594601970110231415,0.897458307332805627,0.112726444630354986,-0.705027292021841334,2.8268801004381432,5.69570102932786337,-1.70614444196114756,1.66285305031241948
-2.50074959356843074,0.752078699515553728,1.81661947269181567,-0.403174584282749215,2.07153136538866267,1.33532599125842477,-0.718539624716792225,3.27924488476469156,-0.157926909046823438,-0.0865955741031382009,2.22375127941972206,-1.25780456208535307,-1.22689597160342956,-0.897310294596873503,-1.197247297923413,1.28399389317560608,3.70263628771593512,0.355096226217979982,-1.25627076427474771,0.4476931449887111
-3.89834918630331373,-0.377154380170106662,0.869933814487836909,0.32012198446162482,0.0489478912304777275,3.87782102466049272,1.96811898814099462,2.31730949455598934,1.15899549715599948,-1.71805986679494516,0.995989916676303322,-1.12386710956338232,-0.999493963506560501,-4.50275210226182843,-0.474464009439149348,0.146610397619577559,-0.755332400405303361,2.66659710048153409,-5.65083144592638842,-0.0646453133934227625
-0.963744536773898153,0.10150762151324963,-0.91443972868697021,0.646122754987411452,0.211229372547204808,1.0687641752456345,-0.575647444607092162,-1.21692949312970145,1.58006053687587689,-0.229916801606570853,1.30492349392917362,-0.265335687104064133,-0.395923840699338225,-0.895154961651407621,-0.97308331111556412,0.11959640610451755,-0.543206210040730664,0.964471144455361418,-1.28420240588974588,-1.60682584946250628
1.01873868753632957,-1.27792234605479083,-1.98513829888447035,2.39466404787394582,-2.27337046867115333,-1.38723840402371112,-0.604148885032679384,-2.11416427734139933,-0.253437807260917469,0.311522431874667216,2.18705555661223228,3.56695200815811786,-0.0218045209354658966,1.81357742203627037,-1.11164848104461145,-1.13290660346581906,0.801673229552858579,0.0914346163315543775,2.7073500937544126,0.231270531574089638
-3.39378167477347414,1.59912121799844908,1.50649322955136977,0.113002634616010983,-0.028606164925474898,2.22181435054473964,0.581770448045986099,1.29311989976315345,-1.07419011957155197,2.73499453816055782,0.476111846909078928,-1.28792435585234344,-2.26914140514180218,-1.1694915682432161,2.50933109716516878,-3.23487584353485103,3.91782395665214356,1.59553106927893351,1.96033261834448402,2.45708650551135133
0.3751209041681281,-3.38000248126765879,1.10829436609508125,2.07629703168601232,-0.786635479349807376,0.283990147908476986,0.12673656647347134,0.235912252355793495,-2.47176174240763213,-0.811107777930373475,1.52454792685661777,0.622205281173468738,-0.79081421216344594,0.472766185785192694,-0.190531854723479055,-3.1624512267699183,0.240107429584552196,-3.07985320183782818,-3.38348666134694565,-1.57705894112344502
-2.93938190722231285,0.364407687157256743,-0.30666739958046918,1.94951883429350459,0.365185595521143047,3.22390443852633224,1.59846115056359861,0.99155502714831989,-0.871636791439649783,0.554584072558081287,2.20741999919301302,0.212379900244665687,-0.472591930408183147,-2.08065704452072087,2.10380990741729823,-0.0290383249880897081,0.0872075340454414455,-1.17007882525605944,1.07293967215462227,1.03835267031703804
-0.888363413580146588,-0.911234886266849675,-0.487790992956898595,3.28715166968028383,-0.745806021922697404,1.8856384104925823,-0.972388013215853109,-0.571880593819396821,1.29843998583604514,0.239518076719934553,0.729851704597877626,1.9333880907086034,-2.00783179468631223,-0.145267855110292693,-1.75542233127347358,0.135443836363165426,-0.841828503040086606,-1.60017660993831989,-3.29532456710139066,-0.438704063663453214
-0.680784658452081581,-0.428814474877471541,-4.85822146611085337,-0.577258690945481545,1.65344756728777353,-1.24865223158355398,2.50422540551543849,-3.51512900899411829,1.58151415568373843,-1.09772348696040312,-0.151916012017986518,1.97622373713331512,1.02504426265585047,0.725543677519317032,-0.156298207584321197,-1.05917835593513288,-4.41587403092338437,2.28134858748256031,0.302772546286316557,-2.4462504681184245
-1.73809076153350706,-3.21915042765548121,0.743195077396524795,1.06530819614862304,-1.73109859825117307,2.93080196499781964,-2.22169487233356833,-0.407256981413738672,-2.06260741945585835,-0.947382367002082226,1.24848966861575184,1.02018206916903464,1.81995802649978344,-2.7616866898761252,0.0443350555656948919,1.24067982100944496,1.29894124375846176,-0.141587886095170534,0.0175221742048286937,2.65559041813200603
1.19963426598766376,-0.216388395791377502,-0.788687732030000532,-1.65544071871557597,1.06775664562062844,-1.31521275838755924,3.19978375711002005,0.365296464853204772,0.122729568480442627,-0.0521494461120834835,0.355814128645983163,-0.821624076762776601,-0.371519465339190003,-0.115795771835057876,-0.413665964484123794,-1.19061116746299511,-1.59521394129155669,-1.65924734669570428,-1.52494326354920617,-0.528078137099653344
1.4413908051361437,0.361410454052469465,1.8293509590883168,-1.3939208949850046,-1.47591379316446392,0.467143981784386875,0.0250300860857058834,2.11838273595794169,0.140863230002253342,-0.917904907396678293,-1.02801643477186322,-0.780793722242564159,1.6281474243065801,1.61305222996922648,0.455086460899108314,1.06373508742030598,2.02413678555188836,0.869934517655237327,-1.79678220482220374,0.662284027499718264
-0.748607326910286086,-2.64987342613087939,1.14891646585203855,0.996029396108579546,-1.13292828808318458,0.720300613804961354,-0.365960871733892357,2.36886910743825974,-0.508199256709938152,-1.51335700297900444,-1.37181264268602221,-1.85436618622027671,0.561295253925824023,0.622555363082280211,1.45601034169173982,0.484760333302997837,-1.25602121700117664,3.35500583209532222,-2.23796225436466223,0.516298427076423483
-2.86707844040750137,0.524281282507642166,-0.00319210783080748186,-0.673972489675795039,1.15845663108155827,2.23639985968500543,-3.02475182136632492,-0.772051667560392785,0.222225929068629008,0.599008821113363177,-0.206038836268948977,0.0317880988530537603,-0.259407985039995459,-3.23207634843789693,-1.60337386701887774,0.320329750015546866,-0.29644424293948346,5.8764596877463644,3.93618802929809597,0.299653050043538483
0.565599663961884658,-1.31698156304176672,-0.926316150096206159,0.0169720910718845416,2.32928085536644192,-0.326778549278172459,1.66492677397283506,-0.737682308340763981,-0.935802885883866176,-1.93832795877493314,1.07192201869560622,0.78003039753963288,1.32535402835808203,0.570324360453247747,0.531973327421885522,0.709043120795925019,4.29045799737840294,-1.27298688128185855,-1.07952286233076089,1.55479907055747413
2.50502802595080087,-1.01418432747555443,-1.66731442517236417,-2.07216377333836066,-6.08362030905515283,-1.4926248522094463,-0.642315070569406954,0.664074638049811483,-0.119210425791528921,-1.07630537765187873,-1.83599048606130566,-1.08115033517288084,0.0597527273073411302,0.520490536639068968,-0.0917332989668461635,-2.32437685681692674,-2.50374548740111669,-2.15795163016860547,0.133881833679340201,-1.85652512985577722
0.642874015875173122,1.60109044534215306,-1.1755500199850295,0.629978908559683748,-1.0309925671836071,-1.14112596009827194,-1.67713896513720018,0.784891270752780867,-0.289797344821464742,-2.17406321600192598,0.495259302789431533,0.694822769986795041,0.802060667247462278,-0.188296894060152847,-0.848514673216926418,0.0625888372223409317,-1.43749880344190095,-0.375767696796892814,0.773069574663114989,-1.35307089692953819
1.30540592606813943,-0.35209091463797032,2.57789596705064827,0.29196672450171629,0.970838032204124346,-1.22299917918836565,1.39320916402727524,2.68131427333677852,-3.1344353304579724,-0.702931531341384974,2.15949370077398628,0.124647394976550543,0.93192789649062413,1.26128024861895449,-0.335420150925382909,-2.95281760260416926,3.04356758918207859,-2.17733901151140907,2.07659193262392749,1.11277093262615434
1.15001562951583791,-0.599573996450157409,0.696832055805748252,-0.789448492936107415,1.00589705183437483,-2.79080160228866436,-1.50705723094408972,0.433134151399821643,3.36034126680055856,-0.503865995546865286,-3.61445473279694607,-0.172646823952740502,1.46706328831994859,-0.0261267422853557925,-1.04266738811653381,2.02816877946727869,4.29903417019461909,0.345262118610413948,-0.980829274002235185,-2.55330821676917719
-1.57649742159098261,-0.902984764588202315,0.693919406667726779,-1.19438583101702567,2.1976140718524757,1.31624502838216517,-2.32710436759916517,1.28139448976407544,-2.48008855062382239,-3.62178470830910282,-1.12243905322040827,-0.682942198097058806,-0.577308518623261269,-1.13259345327227301,-0.311031191682115848,-0.560486264250732114,1.12136045774502979,5.80028018791727273,-0.911447119207621448,-1.00300784656332365
0.647238430279505672,-0.44355926513220123,-2.5934798458141044,-2.18067914422393017,-2.56493462044127352,-1.54455240821708983,-2.80183810707303449,-1.75676908690727873,-0.909574597860509204,-0.304135362523585695,-4.88806755681889626,-0.134065558625155901,0.967401069411511494,0.300323601530591067,1.50677657457644854,4.08921851225185673,-0.503340894415962303,1.39151501731694949,-0.942607370883645213,-1.21038888097681929
3.59360826420692492,-1.1221064942197696,-1.61116207947800327,-2.46883366276799476,0.421495972191368973,-3.03805076088390713,1.26205778360127652,0.881681474489234396,-0.953134765427347874,-0.183021201218992347,2.92914083029510097,-1.79781050582904922,0.997813903399375479,1.02923955773682074,-1.85750085148617772,0.653657709340818793,-1.63402077208478103,-4.57640947138767729,-4.04535441097868542,-1.01643889354011363
0.97566092082220901,-0.434582568064979913,-2.26553842597915045,0.34271801066896268,4.18934635995866866,-0.132830918381022178,1.98635925329316354,-1.48293597389933995,-1.22815309564685604,-3.6955024233641085,2.55146327858478372,-0.584996625767132294,0.53864235966487517,2.86896439901580091,0.109207791915949051,1.74094147884195682,-3.60240486778371283,1.63626493287776142,-2.44721101482138659,-0.949551808693229971
3.66139999299054208,-0.440893979448439111,0.537099243360310785,-0.986863813488011776,5.04641102719121282,-2.99398286473160802,1.67434107713828317,1.91051740348977739,0.695336745960540625,0.821444018085094707,1.01172121350601185,-0.79670310836637892,0.8563423658950019,2.48243601406376868,0.130179782874196126,-1.92254347283043336,0.520398400804931049,-6.00200784672929988,1.22641096779536141,-2.04510746071510363
2.7877920317952789,1.53062531990052575,-0.505162126565028569,-2.38838273659840006,-0.685139223263100394,-2.02100663866975605,2.236808614165402,-0.890850430685167893,0.646797216959124954,1.92926480191225802,-1.57772080606126153,0.685106471045973775,1.08444014242599751,1.45474580851419799,2.3618716936929629,1.63066790595044675,-1.90560140587211668,-1.84306659759261726,1.08759877019522588,-0.336989699043539592
-0.438687283406885786,-0.201507443756091809,-1.86449634982575874,-1.99423288964251144,0.17504407136722358,1.63462643250378159,0.733943595547587369,1.33078508434301668,0.861204599401444115,0.630501924277931947,-1.45058742730007784,-0.885859252095370975,-1.98856775032430999,-1.48915906841878742,-1.53134041682791544,-4.55128829073530028,-5.13176109348505793,-2.04232915487806688,0.381234759272892576,-1.02797471001435969
1.1138179761747744,1.08768234890440385,1.668728482349771,-0.400613848073206547,-0.149265116506400841,-3.4812471676768495,-2.70092356696175129,0.288472668689841394,2.18538989840820985,0.0408187549462756816,-1.97050561933170054,0.486460643163772632,0.557942358591415388,0.372285253079595368,0.876434179484353315,-0.494769460760262403,-0.226390176161364504,-1.26485222765954686,-0.0502371106884660357,1.46007884065621019
-2.84563844273390121,1.98531701257806237,-0.0991753673649700962,3.10046033579689251,2.63316206938563813,2.04515921507059639,-2.27097804964660543,-2.94745992055554407,0.685527729022110344,-2.28510720688685343,-2.52356610323684061,2.04518090596154112,-1.46518500542985142,-1.46422168816194453,-1.74384318383012737,-0.355163536399872137,-0.821281553941162201,2.03743147090836008,0.321650260582347858,0.593764131980844545
-0.992764936776641904,0.869588158331481065,-2.32944037319290631,0.551179817310616493,-1.37792883779872088,0.0690319263468689437,-0.303328173414100066,-4.18724185948509842,-1.23183997966572001,2.31456328608987061,4.28109861079370546,2.36984714527943119,-0.229799117002816189,-0.892068403623729633,-1.12481733253582528,-3.57871547828465975,-2.59209384288972799,-0.71880254052024084,-0.951560282071889918,0.774868748368322424
-5.65037221968661019,1.34524934815150665,-1.17555330940501301,-0.408764618837036797,-0.317776840823593587,4.4644118872921732,0.908337801857276195,0.388763944315475229,0.215971387091260014,1.53328718718842283,0.880125291859507941,-0.70253494792788973,1.63567731526598803,-3.01890510571077586,0.840551100195147005,1.91845316997714077,0.577080642150362921,1.48314135562725835,1.43587174707946352,2.23420620002298831
-0.517079149938976634,0.899526732312277644,-0.803655885607616693,1.90439513351805512,-1.30858679262239708,0.268533961419187062,0.956287176178436282,-0.741208560009645523,-0.863747400455730174,0.122279095936390844,0.0742831906949902171,2.58463444405643639,0.102400344757453396,-1.23908408548319615,0.563058404496529219,1.74358082037231332,0.323440435717992747,-0.26014078889982406,-0.656595350841645997,-0.397293090342330568
0.480962331552593325,-0.334405344494151546,1.26745168983496304,-0.621501044114973311,0.968172291241185312,0.292588284896141471,-0.522196076693544953,-0.328053690424986166,-0.330263385339576998,0.913243253357102769,0.544847509857564249,0.0166655831290453797,0.470028453440530847,-0.689515405970796413,0.731146479540723426,-4.34053370629164625,0.944914469499196219,2.08698359179239246,1.56429389128674901,0.0132812966974539034
2.64304829480684189,-0.317605260601575456,0.390852792242895541,-1.64201477721478173,-4.65252837945504627,-0.701172860733068282,-0.710641377025400534,-0.00519812110002082842,0.974489747614771584,-1.38510684216384061,-2.47513367064573275,0.591234344863524663,-2.0567701936965217,1.99576448890645763,-0.227125082861683592,-4.15702988183358801,0.0705383954815148456,2.91724971290695834,-0.454221342303860298,-3.99195531467635512
-4.9166849620267401,-2.25909107697273548,1.14151442843147843,3.1502827978952852,0.0236983140739171448,4.39552760821476252,-1.95343502312386263,2.5597047792476828,-1.5079444907134707,-3.09883279435315639,2.27046624661131391,2.55379573236094393,-0.583126526158371572,-2.93836143315323461,-0.503041859161141525,-2.88792442851850595,-0.757818229990883108,7.20196336534371895,2.27426353448458318,3.09555611596854696
-2.58208570032569718,0.572127428321927645,0.155245002769772877,-1.50630674050768509,1.09872449410485173,3.51886842456390481,2.50423222235118192,-1.52436335930290867,-0.32338284390411548,1.05162095982761272,0.584913419067072615,-0.762586287603970403,0.441371445185719247,-1.7622104576587021,1.52066586108826729,4.85557430958852265,-0.423312938467049649,1.01129785584980847,3.00378717050346378,2.08236534511911664
-3.15063670978773036,-2.15244161527905309,-0.217806198844850557,-1.24312658945727184,3.78667445281755288,2.64405555723343078,-3.95152000907030665,-0.490096082420154622,0.387556307481817519,-3.15270770857181359,-2.1918333162569974,-1.29061395627238129,1.11079026523539359,-0.581157314804366609,-0.485100371929647833,0.613745223886169033,-0.803680891416908461,6.71365434850723908,-0.662977483624738961,2.72700356717829084
-2.18148746309973296,-3.31596693834803569,-1.00800793588833004,-1.0589033480821386,0.00674452669927698423,0.574014097115543409,0.385355485714714119,-2.05636430485572008,0.503862592205018278,-3.1872815907116081,0.725419949575181966,1.14146230609713761,0.267052145100428018,-3.86654423154267013,-0.844991891181158583,0.242381208524085456,2.55305045571938916,2.35538105637240092,-2.93672384818825982,3.91929873111445826
0.219648588517865645,-1.16017020919797709,0.158958562392393199,0.0851625035412116038,0.873786856440739834,-0.159164671493453591,-0.0051509230856773636,1.94801671928585596,1.18489090547545595,-2.37582844564747786,-0.672366819708095531,-2.61233191350395222,0.380199529632789135,-0.350908624228118415,0.327575791080998491,4.00904149631760642,2.99202118469493783,0.27983185742521316,-2.88878288828234009,0.00632989064393047265
2.45208002802993041,2.88507212402760027,-0.919769543428510028,-1.29021971663069235,-0.995236213456719421,-1.60921259740504663,-0.594777829055075702,-0.630596989061021573,-0.806284179136886325,2.40602676633057033,-2.72678737179457986,-0.13530666027168739,-0.67674033995570837,2.43318130565767765,1.10336275744892753,-2.65658624971783697,0.876817681207353927,-0.330114801995847917,0.868971304832967362,-0.886342817736270883
5.12984824157968333,0.1096436817291013,0.446236165151432274,-1.32633837779140618,-1.05854791235334234,-3.3208154620470518,0.694477137725484694,2.13042948494877749,-0.239949469484440014,0.0654112519541707599,0.115688943037388317,-2.26134971592246226,-0.997758185948000476,3.6790918425503083,0.621267747435583551,1.24079095199991563,-1.55629998331361508,-4.71216110500848639,0.554651909234307183,-1.28864057694111533
2.17492282245975721,-2.12113794358768937,-0.403021921202220412,1.46112497942587138,0.39750589693199645,-2.56949198132822776,-0.31118849699351242,-1.67501266954543393,-0.979183614965088989,2.28267988768594154,1.06816800290455194,2.32621209841888632,0.396374980265592924,2.10902600104928872,1.09478428375469128,-0.749494287329966036,1.54591989471166902,-2.90219572983538754,6.0783813615898401,-0.539204736002857676
2.49265509960118958,1.20247754628032366,1.28748693415084037,0.920249759886814012,-0.462358439546547428,-2.05038239201123496,-3.82561853795813889,0.785402692521874446,-1.2777861986080834,0.134776369061531398,-0.178059787482186621,-0.0684115282854435569,0.252089319417122315,0.389735648130748291,-0.345333050400262243,1.65282774091480089,3.39216894086448928,2.30822181534367976,0.618323081685894005,0.384580949440730568
2.94612275112703292,-3.07196774414460938,1.81627166452000832,2.41886343752144128,1.48056742834339516,-2.50661167229615511,5.51883319332918543,1.04600258250257672,0.79032611035190814,-0.483058109209732522,4.32245130778150521,0.440155704105362977,-0.343104321683647684,0.45219291071548684,-0.770930533445345678,-0.867168579049031107,-0.993711552598539272,-4.66484339323073272,-0.71830330933795028,-0.991638066779491623
4.87266677054976594,1.97774579771059655,-0.256274266821003682,0.723893597995285742,-0.41010997345541178,-4.49187093465333742,1.17292706507078948,-2.80599206663829204,-0.107491202890030349,0.951929896681234178,-0.112816272576146667,3.601330321563601,0.157206073576197258,3.08232936928078294,0.871903350069322958,-0.0268124061272262681,2.81089224020494122,-3.66215826229374608,1.0471247942482973,-5.53793477837057679
1.80972500751202126,1.69634989757640309,1.12665193590103851,0.809149815060069,3.11583352412044468,1.01065461038893045,3.22965727104705191,1.89463890380821787,-0.926285263978082751,1.22471746855031682,2.36983320723215085,-0.473792304836267053,-1.19167396654160207,1.44329668422414192,0.490625210045527782,1.94968688718005567,1.95236629168464004,-3.24329663101434473,-1.47120041219656206,-1.59429723411503321
2.34895418871177242,-1.51554723814948877,2.10550434196949121,1.5952133077459083,-0.569446550197213353,-2.47278848996028522,-3.23859345663058784,0.628634208014914431,0.0923377360896611155,-0.431493988704619025,-2.38427594116194941,-0.0960922471505098047,-0.182555522656664387,2.08475129603002873,-1.25068432645011351,1.09785884016352053,4.42461250500700753,1.28210843425773446,-0.547010624454185024,-2.53910210284216786
0.719630629823067802,-1.89558158948716571,-1.24875256820422842,0.283242680186228279,1.13898121597808144,-1.44906885436733779,0.731290160401113942,0.93160634014673549,0.280470936273436777,-2.70058863863174325,-0.761074237081977856,0.903598249694281486,-1.47111602921204465,0.412496671293335393,1.11075603261200984,0.981907022128564622,-2.27748777205745734,0.458329475569455413,3.09349755356519518,0.580773492555245574
2.21814827580522334,-0.479633080995648664,0.622181872695920513,3.43344721594235036,-2.60351441519429549,-1.04084878142084736,-1.54215828163926871,1.69891648236117287,0.861828131840321476,0.470954134007517011,-0.269363716612467885,0.451632675990312815,0.653073508667573743,0.569706616684343303,-0.130080262011651487,-2.0889718976906404,-1.67765373349677538,-1.37008626312119319,-1.43341196758220768,-1.14288819610032744
-3.55691865768619753,1.43284396896799993,-0.788304123400080936,0.520903896250819121,0.290636506219502599,1.59374300751656883,1.07970808097559123,0.720375575906524013,-2.40023652809762833,2.01524803372086359,3.34953025697731155,0.484126517348699159,-0.486945593589427794,-0.987480985644011877,0.820982156224894566,1.27355224178616133,-2.77886958921764959,1.63886019479542466,-0.968165220789127701,-0.410468858367583178
0.0511189716401194497,-1.28461007258311932,-0.833435630547220696,-0.643445789784452438,-1.16858985924565406,-1.75443097269591175,-1.69409356897063978,-2.32421361876785637,1.11621148668940751,-2.79558736135456876,-1.25692548468484966,0.287596363377763287,-0.81760847866966857,0.639014697046601188,0.206382128988755853,-1.26298867288290073,-3.08494439032715828,2.16989863195771182,-0.786820383008734359,2.55597058248301323
-1.72215156733133878,0.84484236919252742,1.32836383087537957,-1.44784715094926586,-1.39124412395019825,0.830774747576945916,1.09049777118967017,-1.25035202691377378,-0.837238710194802116,1.47565355302535783,3.33841498687429361,-0.486142197759601047,-0.671813666001211618,-0.46795684127849263,2.18405037111745504,3.26342602664934578,1.42312901974638861,1.16086315268076823,3.59183899108243487,-1.73833143732281714
2.6048278584645983,-1.25811844663962957,0.0479591027313365365,-1.59631100858164721,-3.9890653782892449,-3.33479845919896434,3.93831804712794087,-0.078914132844067883,-1.40607761675039367,1.84603850887801357,2.25740315619353726,-0.27536682967609194,0.127196307370451706,2.22382639486756428,0.607230010864307501,0.748052334375226224,-2.67086233925096606,-9.81439753718864338,-1.00018893454018309,-2.88667069991281444
1.22816582467128277,-1.12821352926840501,0.822901631895475716,-0.0800176324138442696,-1.5801304192736747,0.864967780127573915,0.42547301243374569,-0.409988898419469339,-2.59888143140726102,0.581464823793588881,0.434098295613542406,0.969039503590889528,-1.08546345861777005,0.961682461531114141,0.552301237579201132,-1.55751240130431401,1.15420680998102143,-1.05165169166305805,1.77432053931924028,2.09852665716318709
0.830975612404405428,2.83123998087396256,-0.507730469137537499,0.269340525082827575,0.348470773889613616,-0.545850068800045385,1.16918962654663816,1.11869664026839732,-1.41922443090138195,3.31043148332467263,0.648289086625829403,-1.95050854429627218,-0.0130713888077247271,0.785180594885985794,0.211212870119075913,-1.00332337800101334,-2.86032204261820588,-4.35550783389291851,4.07422060778032691,1.49234423755790924
-0.0167894867721183963,-0.719536291362430136,1.35148826296798252,0.921557057089999576,0.449292497125123591,-0.400140021927058442,0.944850200039133004,2.88846441463144998,0.884863488210761662,-0.00493899526857493904,0.386871763407691527,-0.919233578762186365,1.44855125773706073,0.948553663153293591,-0.381950024680155042,2.06282118821939564,2.15254265672862699,-1.54102161020290085,-0.466439831478153155,0.86241911776571667
-1.40930856163142981,-1.58898236361294609,-1.16260770495107768,1.75691735920702352,0.486526754712023612,1.42886509445284515,1.22750009952358607,-1.07973054700059734,0.903678675855007163,-1.94116361897516754,0.370155830866402136,2.74505697852178399,0.743682690513568168,-2.8258233400911883,1.15194251332480224,2.10320111080260475,-3.70850492759961359,1.43331929724994378,2.55917125711591842,-0.0840340114512088121
1.08814004426615996,-0.580763975136958654,1.44593081296991333,-0.816396850504445881,-2.09071111548204458,-0.164468350034031735,-1.64295251575817036,2.55721244020616867,-1.14944796560099705,1.84770316454424632,-0.772394286333554669,-2.64299795664897674,-0.777277727724617784,0.633811844855966755,1.94015337079878791,1.49159421500236666,3.13334874995934687,0.658981710098858864,1.04057535171842486,0.351807043254004526
-0.993606024258845255,-1.7996747231612138,-1.74992255749071135,1.78979227761689685,1.90488032485768932,0.590378408157894663,-0.0550700935313324161,-4.27783102886780231,-0.101001422822180401,-1.70068197855121217,0.719676815288810556,3.63090929846729171,1.66171218960954348,1.36261102864214778,-0.0458640692161537272,1.36110840400634991,-4.82224057669893824,3.04661552580307138,2.02370936081744368,-4.25099778698943265
0.668309725527014398,1.42326072983571406,1.77433894226938293,-1.11950392869143855,0.809891200079097762,-2.23329768591638578,0.457609241591528715,-0.768379260254039909,1.58908769554981211,0.899117392521528114,-2.70701048771239972,-0.857516589527567819,-0.222547872404133845,-1.35798958529719482,0.463432647769310369,1.40649163741889516,3.07156219832605304,-0.532494205973404688,1.54921624746296738,-1.39129836722993327
1.6242507273952913,-0.915701049990159777,0.213892486987303704,1.30469450286449629,-2.3336345151595248,-3.24064264626876541,0.832346237147754464,-1.67455855074159143,-0.353853672440973044,-1.5131557765946142,4.25228929330007155,0.517554409476604249,-1.49304140908277261,-0.148406243344439276,-1.05323961180491588,-1.83872613845564659,-1.27906873932277354,-1.81911352766367029,0.136627730719853069,-2.62763390418971987
0.811610074984027374,-0.73114028529537034,0.510273424864651215,2.27536085412343381,-2.63844214535102051,-0.336840245440729547,-3.09672219672141047,1.49456927331643064,-4.16382055564317799,-0.540648792648074195,1.45792014148683968,2.65081710456461472,-0.00808483355342910076,1.08826747078374497,-0.859589634589040141,2.42148414086254471,-0.770636330264858671,1.74366934471204393,-1.46397075374853958,-0.796177250923293944
1.85477502934710925,-0.109550836885499464,4.08583078681004608,-1.28514610961585407,-0.110213055352093442,-1.77923469998716199,0.320832178575117477,2.84141525848406973,-0.378397383839175039,-1.24075485165157073,1.20312790456112495,-4.27219020878413591,-1.08085078609621577,1.71844548636322236,-0.231019138439581717,0.863445182666661037,0.917160858024336334,-5.2072477799286796,1.64559541526366071,-1.32113393014847014
-0.495548720693077038,-3.27760875899683368,-0.748511765110353999,-1.66342876772652937,0.616593951694193398,2.02336453243209391,1.33829345068782213,-0.284379015564172,0.247457754090256554,-2.44059638706531112,0.0441501653061867408,-1.65143799178488337,-0.733252189808902055,-1.4587055433140288,-1.29425102136120995,3.80152736840427519,0.478825524677786996,-0.30238439420709079,-2.15470768208400898,-1.77648785569638323
0.729689775489052672,2.82644647485177103,-0.657404405806419012,0.529382067019522728,-3.96068893658767962,-1.84715129474340856,-0.707705465132778877,1.44607506217733572,-0.716186388329628776,1.51428746577601703,0.255210780231286072,1.01442455128650066,1.51319053714375706,1.38352722386378746,0.28884529894039096,5.74125303394330189,-0.596567176119929821,0.795065257135746717,2.94721743883831788,-0.931035142506337232
-1.12641567146102717,-0.421824226594641638,-0.719425842894910184,-1.54977691294225406,-0.809095536998762577,0.369508492486011419,-3.40042893157675019,-0.228169255995437276,-0.249346637680449151,-0.291376840138595994,-2.94596196812492961,-1.80508779702432487,0.217805542227440918,-1.30929714044693934,-1.18081356908192969,-1.61765859780557797,-0.646028186191206166,2.32898612208220923,-2.28179072661886373,2.03925667684622569
0.574346070132075393,-1.95510723036228007,2.80587471811356659,-0.592278812626234274,-3.06178599695526854,-0.31507981842860433,0.9378353940372266,2.57563421309388607,-2.21023277816952746,1.2240794628155931,1.73496834577700221,-1.73654239697778356,1.56550719605199551,-0.373059766011093752,1.60733662796947074,3.19299047311419804,1.03484397076767753,1.04126591294414306,-1.31710446575462203,1.95911272300501027
-0.23957573286973971,-2.63226829488554337,-0.628940379953213058,1.58101788417284661,3.08169260524619837,-0.930127304050415549,0.855532115085582578,-1.13114723021802499,0.271366485451885187,0.0213379208598182893,1.49487438837309439,2.07149919393464055,0.154274191223170098,2.07413244459740076,-1.86715901187253253,0.854858785699931678,-0.610595087928559321,-3.28352415777098905,-1.84653284301774412,1.75661512211883153
0.10520620299350697,-0.220472456477257411,-0.205519720418883861,-0.258899641364373545,2.19432870605390251,1.45275560578273999,0.818835264271673413,0.895558154438792053,-1.24665152415974001,1.07027459485545928,3.55532777221198826,-0.0383134363353795984,-0.434324854902037538,0.690403017299641486,-0.0819940264810814223,1.15925651136228258,-1.36700612663468402,-0.429567664736998922,-0.626008613663264324,-0.848607072867534007
-1.65033232625798432,0.755597676263561335,0.678373868281483716,1.55284180135391692,-3.77264283360996222,0.0905864611035345074,-1.96251633940298742,-0.278591119660562991,-2.39253141155519655,0.436573378712112325,-0.853542957410854841,-0.5198381947063061,-0.766644088251260625,-0.667219563740778954,-2.02817931611604951,1.07354006218621589,-1.45610874687072966,3.18927469239366879,-2.66464783408031014,0.528727292133341353
2.26611896170247862,0.739501023709479122,0.472873706831640594,1.14029708409604824,-2.97471455001155283,-2.06446537436399957,-4.34811351456598327,1.13244828811260478,0.0613369471760716392,0.843868220748342224,-1.97943679942190021,-0.0139641543883970449,2.31162802941712009,2.33849772878715179,-0.779335778505759968,4.90702873512968107,1.13164705089995565,-0.236399693822696377,-1.2120721737490896,-0.125758704585518771
0.533139513115764685,0.350712166456195629,-1.27675380309661235,-0.0648544164998627048,-1.1308347445645297,-0.00997764886994288724,1.71267062377752355,0.323601651035616222,0.820663580127973469,1.1437063273541106,2.13850587106201839,-1.02463927608380323,0.504785531273880594,1.40122959457253238,0.168234804062912302,3.02155669222610301,0.226053312763973113,-1.70128870222833584,-2.89882725341018732,0.372720047908391861
-0.804999390747273669,0.9476208909155448,0.800606596413897642,-0.411864933259243782,0.875732459306731381,-0.637141178081588544,-1.04227196637738873,-0.671612429330980976,-1.47102184271387926,1.35772667770784916,-3.12091728140645319,0.85423180864037318,-0.0431162273119917241,-1.5114492699369606,-0.121355337555646009,1.66360117222301396,-0.445161077110038272,2.45611187848611801,-1.5330567204358525,0.933421515309912686
-2.21701703716678322,-3.03970229544439841,0.468873029173022815,1.74620056521358036,-2.11346335976949318,-0.34136058251919249,1.48693770255578728,1.01349987450392343,0.590867000595628467,-2.428569189355271,2.49865700316208361,1.10006411455365272,-0.997724723871763919,-1.89777012003062251,-1.03037477724070103,-2.25360235145752608,3.18048900590445038,-3.01790419790515196,-5.05303959379554701,-0.813355218644960187
1.47789567250734555,1.94024244119263667,-1.15005543263716947,-0.580259517101109235,0.901781630143286161,-1.72928923178663174,-2.10116452304233947,-0.578169974944826803,0.16833866388351737,2.33479446542430491,-3.49585069224233536,-1.03747678548747468,-0.481246733675552762,0.298157196428082916,-0.277997621014448526,0.757449455754923506,-3.1903822790950227,0.57095899110514281,-2.16250974632310067,0.297005179986639556
1.22272254832344807,0.295654129105163144,-0.195950600268290004,1.46636785364215427,0.354787710664049016,-0.862228626500166961,-0.315334092495709539,0.964885129450935408,-0.6976098821548532,-1.90139829433251051,-0.451198054623125955,-0.780874069280124816,0.384649279842176117,0.448880609181987189,-0.213510823486918966,-1.35617597286165759,2.03700349781652257,0.784427504477509974,-0.187948484465052107,-1.55435581704525561
0.0660515715911254159,2.60967309799136871,-1.09865274360672771,0.501104590239353165,1.18333354442449656,-0.112505683591801686,3.14283363791121362,0.337798769227658113,-0.582553706590098419,0.477733512165974095,-0.217465402472997615,0.27446267777953226,-0.353491142892832899,2.20423691152514412,-1.23691115542247343,0.0476216084480961394,-2.60818520704627943,-7.40653889539755195,-1.98398592793073902,0.518339216240204403
2.57134443546787939,-3.88375863510342167,-1.25207287009314849,1.77313814789770174,0.0185836527630032222,-2.20664049388185868,-0.487826190524634884,1.74886277852471816,-1.93445564196177111,-0.0222068940684157189,-0.0474183205858114132,-0.627673326592608771,-0.723945951458900061,3.294265376386043,1.17108495952671032,-0.77781557537974011,1.73065233908722549,3.95085490813990647,-1.656708081067229,-2.11895069871438713
-0.680456219973445187,1.08589409923684088,-1.32748098964762073,-0.691292629297112771,-0.454316936934787641,0.941966593151341236,-1.32664836526958085,-2.09262666592173652,0.381372172072021898,2.23443612623387189,-3.42599553229242826,0.571717567500984347,-0.32409910080288068,-2.23471757479187483,-1.64091276039568057,-1.21607356915901432,-0.0832875891063169643,2.41763254939797134,-0.74033679657171414,-0.621689739581817724
-3.28679351014571353,2.19231591011284488,0.479127936881618366,0.510636720146523282,-1.73609642001842857,2.62875588291304307,-0.775738776121390083,0.139486331602569319,-1.74002552064600269,1.08028264355290604,-1.1399799408320932,1.4989670090669438,-0.0383442938917840787,-1.88652866732052171,-0.538396497110154915,1.65788815917034382,-1.51213330632240051,-0.793262731430005585,-0.517851044914767411,2.29524690988462599
3.07828747972828687,0.0590771938019194753,-1.60883813815848264,0.0167400161616557512,-0.670766874754591624,-1.61120120265072231,-2.81515556674450185,-0.229942649194634613,1.20063119293898768,0.903501888947042975,-3.36619788031893474,-1.86418868533700133,-0.569467617638799384,1.61555855463989118,0.86070900523153715,2.43821656123379737,-0.645837601505485748,-2.5500754658544067,-0.530551141236763057,-1.3866698248164111
4.82566332397576225,-0.0853467542721735029,1.72868166321721373,-0.74027490519696959,0.554705401528753139,-3.48011729152835292,0.271381909422835188,1.8167047958378979,0.635275628107045964,-0.853850963984888689,-3.15546181613024679,-0.606772149220015544,-1.43838481324855194,3.01285048290189073,0.478248177631371008,-4.38688381716254661,1.88764671053250832,-2.93475432679993142,0.27481884682553448,0.0143780860546278734
-0.409534699680481284,0.146819173069013875,-2.01226908039449492,-0.371366797604457399,1.48140824526795334,1.39672373727448118,2.27824908354393818,-4.30130594551243295,0.597200505010729632,1.36598005677715451,-0.466367911181860884,1.83400105250485979,0.729318658840740319,0.00721355686736218412,1.12140021532540124,0.99137333648168291,-0.905767534312758915,-2.7730078355245249,3.45158608378863763,0.283986964262710861
1.97313106983613062,0.682523988279119531,1.76769105170421836,2.06225145521942732,1.0730980595597448,-1.27336876301851198,-0.643978970708300902,4.32669390350784244,-0.674422094252931426,1.82007144519716313,2.45103183978093941,-0.294550704360747984,-0.415128282679993521,1.52010776184406882,-0.493544028994513218,-2.55013575986563845,1.63251387478622489,-2.27549487728972144,-2.79734483806547818,-2.23537275762239762
-0.739990124332476573,-1.23668326351781288,-2.20262602700834087,0.525799790624620567,-1.19466439269224511,-1.95994837112702958,-0.376130622087853417,-0.865530446484935378,-0.575783947843915289,1.91799526745079874,2.21483365478418559,-0.461985101861503933,2.33881839029484828,-2.07948066316683633,-1.10328827614969427,0.228965422762537202,-2.90644053086399445,-3.39302978151106593,-0.444765299193500663,1.83719904283430679
0.363009931544374054,2.46900490775322368,1.24138520283304254,0.499794810007002155,1.1770150088976612,-0.436296607217004639,1.7197777449351781,1.19817600762579968,-1.15222190892880194,0.708247523780989874,1.97385839391362605,1.11109723267792915,1.16194047918493726,1.09315603962298025,-1.24427948536308408,2.72602152640180861,5.89098389812345946,-1.4688217718039962,-0.970085491722183502,-0.730106337602613897
-1.27140385215800555,0.280885101681425942,-0.564774280943061369,-0.361741927568023092,1.42907823431389347,1.33712151255167511,-0.585574832047330407,-0.75239510932364817,-3.08433013941045697,-1.00867567750776188,1.74221620996320414,0.0152741470213394286,1.27378958869046799,-1.52779779605475197,0.349071158433841955,1.43055707731400461,-0.908851821061860243,2.99225735612364874,-2.3487290961103171,1.91857684196667644
0.287768375701257961,-3.28710732617086521,0.787543283788693205,1.04947053325491169,2.07457826215625474,-0.250349822606416583,0.860930610105110183,-0.453783725068349963,-0.66483687881956488,-3.11031053391057855,0.032223992696014267,1.79957314032072557,-1.87519867159945552,0.276711810193065233,1.10154801016722814,-1.51474424076519942,4.24851052101564886,-0.922981415665525162,-0.763147965849372167,-3.28344686525117657
0.577203726177819343,-0.535798148283482156,0.957676205744609321,-0.766633576467790512,-2.37778162643922686,-1.43950686916010784,1.85342373384489134,1.41624398558798004,1.90510223348182817,-1.0553289294931445,-1.96995733158813335,-2.43013693949377174,-1.30906857373668895,1.08186052329642246,-1.20691262433154822,-2.0546508723730561,2.1343165155117636,-3.27648182477074901,-0.86398684931355918,0.464700062200670894
-1.60188177386598762,-1.64634322168231595,1.10240597829345055,1.96737114063881324,-0.594425564095481085,2.13396188761208006,0.877663626709639377,2.38952830708597297,-0.368508534481589045,0.160787288022050612,0.688528157449254108,0.864727116154176301,-1.24386808811643568,-1.36059795168684405,0.601411458447639991,-0.310024034476581112,-1.67335045311229513,-0.709932779452860152,-2.06097743024359925,1.87058801142759479
-1.38330991161554495,2.82567440242601675,0.508748512089964411,-0.564540740251510131,1.20935909912159012,1.25314990200030252,-1.11717705018744229,0.224437815814696434,-0.153749318914980726,0.656752221557558191,0.0985000574523203914,-0.333482856455274368,1.111064064033638,-0.444125439731775651,-0.111051222253660709,2.89228484321023149,-0.347109477046809667,-0.419373120420992673,-2.36507961938196942,-1.89768730682693798
1.36842698367961324,1.05866853906122338,-0.587037445377045275,0.419763982262631674,-1.78866393672168611,1.61999868861501617,-1.21269129065564996,1.36950101691760739,-1.16896788442758037,0.078536408022794213,3.68436448078039325,1.29850905734134159,0.789562938916219315,2.32568158684070392,-1.58226611879963386,-0.0842548224756154429,-3.0023327449665782,-0.302517346606914983,-0.0235018024110162684,-1.33377979441062045
1.23389579055789134,1.94755183746072968,-0.691816158840273698,1.61933776509113336,-0.818821447063743713,-1.79228856418865523,0.159331197220939635,0.0671019913317938421,1.2766888918211694,1.02968756503630998,-0.949674454361692955,-1.5546657219449509,-0.905265808290991569,-0.855747328279219954,0.735167805936961738,-1.25020658720425693,-2.08084007272264992,-1.30209705418381994,0.762203783425600467,-1.44559848627086862
-2.06056620044124239,1.82139659083844885,4.4220066821311903,-2.04302129804573207,1.5972117137148758,0.81609360693478683,1.25122121226692307,3.40576525495187132,2.12198211761895683,-0.00543288605479781434,-2.2010027222084716,-2.48285693938939112,1.33971358218419478,-2.5232156530773775,-3.18740650302072925,3.07007880041815229,6.39534145035038648,2.37562963492935664,-3.18001046842020285,2.78089110915134663
1.03736268973364898,0.392960906781379737,-0.000826577532472551834,0.126049592811240979,0.677279856309809913,-0.915883040555265926,1.78895510211370201,-0.0424126762312430489,-1.99678393711745028,-0.720655908424736591,4.32379236779237708,-0.307863218131203875,0.612926312890221814,1.27581402767062557,2.13440528585083911,4.0551066464204002,-0.0865253996705134948,-4.4457048441863547,2.06731103377882519,-3.59725410486445529
2.10351006891054304,3.06111757325600076,0.466403773089796692,0.752269356627495278,0.884316648254397264,-1.69926544686119718,1.86926959827581229,-0.582166075883261191,0.270949145557671411,1.47219817417663568,2.52418559358797001,-0.96207705238686192,1.17162816778788703,2.2820400203827873,-1.07853642814653172,1.69590851092092088,-1.89734712696509722,-3.99183116264132121,4.48997741421057306,-1.0820241741439014
-1.55410312383989702,2.05329952827892681,-0.225654730177201002,1.10662254264213789,0.00531337166258300138,0.682688221353247027,0.0916718445312984104,-1.38445570984204402,-0.931322374118204177,0.523656424023796307,1.05044416830495191,1.13062511279930566,0.304749350267484675,0.154310623095008509,0.780227664131954768,-1.29067021236786239,0.958765913943115833,3.39784223316682299,3.0384981327539009,0.798152435273457916
1.92106543034750898,-0.184825939786023768,0.206404572025984306,0.198249877396492552,-2.29186663786744749,-2.87115062385495623,-0.710326296701514148,-1.71916231960591359,-1.35035776883743264,0.973157964111649121,0.307287781107939528,0.647284594082620512,-1.05552015791865039,1.79818395373433804,0.245841116229704199,1.13104167994130012,-0.208970688924889708,1.38159601078240168,1.17103273871157887,-2.85455833549518356
2.81600486612011114,-1.59063420467597361,-0.240546095280897293,0.163271433895136847,-0.463921219691875497,-2.48971097818991183,-0.970771202238837616,-1.40247109604886422,0.13491271774822608,-1.19690915500005812,-0.426646274267276193,2.18889445815282846,-0.249860572862767166,1.3265811528062279,-1.55489140956239091,-1.16089292929628862,2.69387144116505217,0.743925484223678879,-3.19826333482716452,-1.80295323493061654
0.0859709091697842404,2.6744225401935382,-2.30937247043837512,4.27063169600211623,-1.82649834773628172,1.32105703932554497,1.57884647572487147,-1.13089035544114624,1.01551680258394894,2.43738370273627902,4.67762436582735663,1.04177569373481416,-1.68171509531765651,0.383750892862425141,-1.01059321621694154,-0.739198288924087121,-2.41225891730633801,-0.678488853399964897,0.456801190904525201,0.415715007004405168
0.820795542756593721,0.787441103959064193,0.40897442004227974,1.05755469017403314,-0.388101790277776082,-0.586797451360408173,0.763778939785426769,2.02467684532541758,-0.505684226438445905,1.34533706522199648,1.53967911375159749,0.276962457904429082,-0.859778550547165343,0.617254318463600016,1.04330763610357447,-0.533580670655019795,-0.814509917043472642,0.430399710807646885,-1.04949536999436388,-0.382598588035567122
-0.768248118945723979,-4.14991296559744782,1.06450393850751723,1.53762563081292769,0.844297836153807713,-0.0606899699776120016,0.800100766364652105,2.94011003402879245,1.65083018855605013,-2.65574908971088242,-0.0312452717756941424,-1.64181858648510537,-0.587874475939025309,0.855031537883466419,-0.345355257263257109,-0.791468455751564104,-0.997561342326229172,0.371692079950682153,-2.58472465378953364,1.63042583116965889
-2.53995716762052925,-1.51538300361921241,-0.965665711130140214,-1.22891918953877433,2.13406903162715755,0.974879734869540826,0.469544863259711176,-0.498273646392728864,-0.414149110960404798,-1.36692025825887975,1.21551388619024126,1.54819162527271681,-0.171945324471204614,-1.6575262404031843,0.441070776349838489,-2.66804795452986943,-2.32917296161172871,2.30526992178662482,0.590922517636351841,1.87587124620534396
-1.75677833493811875,-0.296803327768339842,1.96599955452173858,1.93556233084928531,-0.232383019162176574,1.05167494413319806,-1.71491818530792184,1.20121916556408936,1.9262696063438689,0.303806178663995341,1.15398971922223081,-0.889155293666812341,-0.596748233409760798,-0.307969191963608613,0.157935023915726447,1.30667994491787542,-0.363517180605907653,2.65472891165081926,-1.89131315762046204,1.00695267015553402
1.00256285067782858,0.938467403248794074,0.863194812270666967,-0.621812790457811793,1.27619911885062209,-1.86591064560682729,2.22795843293738649,-3.37328033829159946,2.32464904509267445,1.37033811983526577,-0.355092739912138355,1.65433107801210633,-1.84832489518408294,-0.212562029203884034,2.12592263086703426,-1.58115054221180373,-0.488833051413134101,-1.93950036284349503,0.408086573763767835,-1.24819372315960342
1.54397107639305253,-0.671350168704099359,-1.4623450937864233,-0.258325173139518471,-0.810677183946032054,-3.00006879025833406,-4.43805829717264277,0.527887133768403127,-0.286900846956934963,-2.03904323153649747,-1.41812522162205812,-0.0463918632074354007,-0.0290625228835499662,1.01095275607933788,-0.87973829059523645,3.56971198896662489,-0.226781344912692417,1.8661982593999642,-0.234040273147046729,-2.63923319760068686
0.648125999788596086,-1.3162253597013287,-0.947593221140726083,-0.972444524014001388,-5.06212777479857934,-0.445053719100043599,0.603443312431197421,0.171899862139990839,0.201741601848503649,-1.25843032084367845,-0.295160716997737105,-0.324336223536218216,-0.53852568726499539,1.30797686848600714,-0.240684998114129189,2.04499309036940691,-0.0196091328994559937,-0.0380814265511307398,2.14590756662299098,0.203474674691631302
0.769748979497556607,-0.0117918076244251414,-0.343758308256608525,-1.31881161927676027,-1.63627969125381001,-0.0789472602514753319,-0.0385101252011840617,-0.501443773206560084,-0.208879874703136348,-1.03288425595559641,-0.858440088784813926,0.248609908817103376,-0.980768100318431646,-0.923750605091622212,-0.769622075441847575,-4.21426805632410417,-4.01982236156644657,-2.56966111529017294,0.136298183211553903,0.0966324927862263067
2.10518280196685614,-1.64022601416817904,0.379705821250401865,1.20222451332686542,0.736062086546543815,-0.372846408680944597,-0.779782606336809292,0.607083419530270119,-1.73982511192899136,-1.25213359163043436,4.27096547668255244,0.475979434148246672,0.956071607529234258,0.177786694411002116,1.0037979362138314,-1.81793016341695424,2.25397947073381211,0.619698327975237828,1.10631350500544134,-3.24115296889967253
-3.09744471762373097,-0.692434450724419115,2.14207458567887388,-2.94284165219929594,-1.41057454950604377,2.18279426175127655,0.0589477482120095292,1.24320788780570979,-0.0972178837959432052,-0.366569539963629121,1.4607252553812351,-2.65353208745454738,2.67036206586915004,-1.70651844979587963,-0.155016304334988808,0.84832827572103886,0.677597925013240454,9.21788381883865249,2.58847736483244972,0.857088243048084619
-3.42828251856758159,-1.21088986471959448,-0.0451899286918660201,0.563763193429537179,1.68673780432452558,2.83009715244880455,-0.451983878161146269,-0.766342838950672012,-3.58963489224185484,-0.907051995259620658,1.96629088993555712,1.29082588708548052,-0.624978177223913689,-2.83240405845663901,0.134706410062079951,-2.50585042053791929,0.937799216385472256,3.83110899773724078,0.110380960016743565,2.29882877348794645
1.37679001406318613,2.43135431889720488,0.905416743243880551,0.950284276182430498,3.89299803244868325,-0.485844270637537323,-0.289574976972410636,-0.527178697446310851,-1.38210817120668561,1.73852900580944736,-0.384059653120370992,-0.504934501679440206,0.331823689491144103,1.9452711619712697,1.23220953408774969,3.78200560469605351,-0.457752654768873279,-0.284698199604214275,2.40933265576266686,-1.78512690032807453
-1.92460374495693287,1.83527797581830732,0.167206298249985591,0.347667418472826728,-1.50188007852051308,3.07178214847464526,2.02840676672268261,-1.6930829976131232,-0.478445763233441179,-0.398954378707403245,3.30411859943734898,0.858454647742583954,-0.399672483419853397,1.03250201065877034,0.0272155916922446964,-1.24874054516298294,0.306207005089405848,1.87285886762349807,-2.05386755324033388,-0.030687614168871797
-1.11882002394462576,2.53302271463652584,0.338231053388794056,-1.91208305863934247,-4.21181281696601229,0.990455607834736851,2.93017946532384199,-3.00499728954577439,0.215253039475644309,1.47273592847661572,-0.923910780890217498,0.119172351861828771,0.598860227104457521,0.928567972261321484,1.08777506519425793,0.636555503603820183,0.274958239794532766,-1.64720665321926263,0.949464994829549047,0.899416297434543432
-0.111865667886190887,-0.0553091175430221946,-1.17234789986039978,-1.89893394364711066,0.716015893293276973,-0.37135666368967013,-1.48298921567996866,-3.49936635579157906,-2.2320608527296617,1.19064707827196292,0.932632843901806563,-0.0743637368981647229,-1.5171667516323657,0.639649618226984962,0.513580080667586647,-2.37153841899283835,-5.30021368643496249,-0.0419972533469056344,1.38625893663885424,-2.17640512001983977
-0.239795566385886616,-2.31070949098674472,-0.994004126195344173,1.69759142732940549,1.21948368915301519,0.312455356863491351,1.21077291450979829,-2.27336923249492751,2.60015665340708413,-0.864245152375994863,0.0729468608365589632,3.13990697645300543,-3.50121895060112642,-1.90784355353799207,-1.97359174587818398,-3.39011899458234733,-0.902367449847931047,-0.870959440062105905,1.61540726685229497,2.73829196914173245
-0.04878269097472622,-1.4645240430036417,1.21378815193508593,0.403753303369048633,1.77184566946163358,-2.23226728590382395,-0.0407122044793263027,0.181349706525929411,0.22460265587576364,-1.86454239450839543,0.744010608563886233,0.362471817902356663,1.71674007000894102,-0.769607846225023984,-0.304646806762763123,0.529714515089403593,1.62194920800876141,-0.757525632316230046,0.978964940724074473,0.550573250856353003
0.644240786433304957,-1.90028900536593448,0.528554740664141764,2.38663269085479213,-1.02909209926985334,-1.55975465414743453,1.37908643225523941,-1.42848023316399919,2.02799755306481222,-1.22064296405377148,1.21465461576570055,1.29549022299266547,-1.37582326220380669,0.0354411720502207095,-0.39057911378839405,0.0522994881056762714,-0.58818194634952603,-3.69292433435158785,1.65330318244536922,1.39443158150277258
0.925642191203877696,2.47097561864831539,0.407840454442840061,1.51231967717418492,0.335205086229337201,-1.49826244134258979,1.74479605820410133,1.1273024747042768,2.3090942974423907,0.93742925529680865,2.12025679142308343,0.349581699833475368,1.16833218492386526,1.71682818672107906,-0.348513045311366787,5.72290606057267226,1.29485185421567839,-0.929296528791589638,0.250661797546099352,0.841135610004285272
0.874732887956511829,-0.597351433071761306,1.57684323058422549,-0.52418141615992464,1.09923174347217079,-1.15340251725675436,2.53560490800425953,3.26293799193154532,-0.0745617245294858677,2.85452014076702554,3.64778399362580741,-4.30891279607564304,-0.0680071739850416218,0.895530712618994307,0.954072162134833479,-0.156977095972078207,-1.18357077473500727,-3.74736246372840132,0.905190790894815023,-0.979373232971233021
-0.696508865170248459,-0.795963658487445325,-1.45445017753663497,2.078041114736219,-5.7134535870244374,0.543073723129829933,1.48249475037889278,-1.84886301904112904,-1.43153367377868368,-1.3223690104462873,3.78381613326498067,2.52380239566041986,1.11270844621331588,1.71390183272680985,2.55252475805433088,3.24222562147989013,-3.69874361994271128,2.01666519337598205,1.16425683374622313,3.37547868590320199
-1.19267074888481894,0.614995644624233506,-0.775328081774964595,0.261677101665570788,-2.6552474771598753,1.0594518967917621,0.0252962912478883369,-1.15272133056829484,-0.0506078595223535821,2.9523566966978998,2.92969370648178717,0.485534213597238529,-0.166776636305146608,-0.449150011029435747,-0.293680131672808986,-0.688082000335480282,2.16638533486481188,1.02921093787140494,1.73330444259385841,1.01029248609162803
-1.23115423158831216,0.489232617223277766,1.60201229880472606,-1.16099556492286804,-0.0980157743731226994,2.93017480010576747,1.54420755088664907,0.636015931326589734,-2.4951333282759327,0.236833373555568438,0.467026168829713983,-2.38781497077792215,-0.769171874506526798,-0.486484230623483171,-0.54647509357214652,-1.49092814948274044,0.686713546065236158,2.73338284909130858,-0.661502007539364278,0.685150955386896854
-0.488932855176618386,-1.4049380992278715,0.206896905351483779,0.347666092134290505,-3.70556175807771426,0.498336077065043292,3.87257126366364091,-1.49015323237245267,0.663812860617091549,-0.00568912795995337589,-0.43217815129146997,0.89656164232390545,-1.4702589818754781,-0.65923201210667115,0.472290605304554578,-0.442513155027308425,-2.80422275815650801,-2.68805818608264202,-1.76527956020467269,0.260341193974098273
1.33491994360398492,-1.71070413604297289,-0.709059978059250917,-0.0940154624439786812,-0.594923811500268296,-1.98756355104179616,-1.83657426481805786,-2.90442859874217252,-1.24141787071253651,0.066060969039513473,-0.41364172284755657,1.10277536551070532,1.08541449160662329,-1.33214714611290641,-2.34190696176345936,-5.35091945918484324,2.69236756230167451,0.0205979213712797794,-3.04765139296278686,-1.18631384389780958
0.622570067888561396,0.620660048973537548,0.525489408257011181,-0.17461358302135313,-0.759088566265885722,-2.15700635863415302,2.61709809229309309,-0.481580023086562004,-3.05669383566389818,0.418709660244816873,4.39555678262762584,0.157124810368910406,0.122362061283468118,1.81176102025500896,0.868967377714153222,-0.655380782777271964,0.0420749927136274196,0.0742170927137381503,4.3279231188946774,-1.04478883667342726
-1.01358112543406764,0.903982909700886572,-0.368694013602576087,0.589952205343629243,-1.75872142262724163,1.14589160916507726,0.707078455270756523,0.663775676010444071,-2.18773357991139683,1.85785747821726144,2.08728918285729925,1.56885469361753804,-0.406035821046772938,-0.863172132845184681,0.557470367771600528,-1.55325051688100535,-1.1120373021327945,1.22985923317867529,-1.79404072536432002,-1.07704283678507151
2.67631536865662412,-2.34813802416265149,0.553071082777531031,-0.661546492758854576,-0.512480309919050803,-1.81280291142147543,-1.91536544215315407,-0.721418222453466429,-0.219013918287694509,-1.89156667533091594,-2.24269515379250306,-1.35297042233741815,0.453486182247656022,1.24940014779432751,-0.216864612940932511,-0.111683234327534062,-0.92924695787687106,4.37765269967237902,1.94271049373577021,-1.40139210030529493
-0.333616371643382148,1.16767550843416545,0.970813174766332332,-1.21310297333024364,-1.22699028292964973,0.982295807604185001,0.0144557482763557656,1.71813013312722385,-1.42751737542178536,0.655535582593280264,1.62412458418483241,-2.72712340950885412,0.369459782572069129,-0.856947602640061756,-0.814704395121373159,-1.42855962964194183,1.6670834512765289,-0.613367931904848063,3.52322580517557382,2.42387634750678904
-5.28564048318671098,0.318284424308355185,-0.553250487366730437,1.02086507064656185,-2.74848659494325043,5.65053689952078564,-0.709426118076207701,2.34906117921589486,0.528279647987224821,-0.993344601583603937,-1.99119239256281744,-0.21080238974718768,0.620230464440114648,-2.48581435046436416,-0.39048591181406761,-0.0922930010109986737,-0.82619026866239198,2.76298073850076298,-1.36426158065996117,2.05454488403379898
-1.09001585671164625,-1.32364421118157427,0.0700826633165281682,0.789642115685422308,2.52041093416390449,0.46257058843035187,0.461577584667582641,-0.0995309541221829214,1.9654309647985333,-0.485452889433209078,1.10573573815379134,-0.385509567518835528,2.28061031112270118,-0.0238238292490929558,0.840812221326999953,3.31920288207951053,-2.99065354191645172,0.364446684738911786,1.37714999108694758,1.50227954807794228
-2.7465821749448236,-0.850594767622919079,0.390455049420978528,-0.798838190603586962,1.22844247714222488,1.27284336895477246,0.511244271232615732,1.25854346647547133,2.9889347121169374,1.24992997271485495,0.0204250683817969632,-0.263335400637558781,1.73328673787913567,-1.79919197154438959,0.728075147502745157,1.43512802799551786,-0.686233137356708878,1.45213128861368768,-0.541668411290573859,3.57634580631406429
0.338658989428184343,0.208656109201820317,1.77601201155298871,0.170217385439692753,2.82527878750913386,-1.41780869042776847,-4.05093943368098319,1.74738144941228746,-0.476497794265302199,1.29097534160229177,-1.01528890334235644,-0.7375283756665858,-0.231859461073691264,1.36970068797172595,1.50953181897177791,-0.615614237083052074,1.96984451901274737,4.13930142592128369,-0.727217130000542111,2.69407817464686383
-1.48849916351145173,3.17183800978753405,-0.948543602879584502,-1.50872575654772034,0.418709903746847745,-0.128240581195448372,-2.09101029836910168,0.072497264815523918,-1.48461837995577661,0.365645927041103325,-0.44843908536480076,-0.565807500485236869,0.840179254887258753,-0.912579399959687843,0.447168655777816448,0.975794715676011282,-3.63257620501196277,2.497547025725674,-0.628069036419628302,0.81171322778584154
1.127394706532169,-0.0206783375628741793,0.941709061919956847,-0.328983886205452936,-0.750504139910989299,-0.676122253312609667,1.03050843822734683,-0.286899861226459552,0.69698441339898709,-2.05006013946066368,0.81201656902881858,0.10968794232520826,0.304950389238782815,-0.157114895520571507,0.163491606671983231,-0.915668571768685102,0.364315646467077869,-4.26918545970254115,1.14365883869362439,0.765292531895011563
1.49806639987128309,2.6845366931014234,-0.647982470890535067,0.289917988822096573,-0.292692830344864319,-1.38238704336096929,1.14284481748610833,-4.32889570544608127,2.97303262304243887,-0.0407620147316429399,-0.433227826235898117,2.64238546559749299,-0.0520813070528352573,0.287157634804963424,1.2461079270543205,-0.56196854646925376,-0.231623324243634743,0.332598631282247537,-0.428693641589360241,-0.546873960872924947
-5.34420165037006445,2.69987031152786505,-1.70488319787303344,-1.0974722913621211,-0.244657677958641989,5.13219885914217944,-0.881634195325100456,0.383260289969467538,-1.15002930548467996,0.695546674654600183,-0.785912213157929362,-0.638013419541798354,-1.21314637956980076,-2.98003612301967946,0.323297985819705924,-0.00215563755172651101,-2.05976424842826056,2.8849180669804988,-2.24539636435569134,4.29585114109642241
0.161398773506018112,-1.32748994218584548,0.171564405683898608,-1.24441199037138706,2.77066993100054448,1.35973849728611706,-1.86672720300786366,-0.728845593176589479,1.83619647644098571,2.26252135352599382,-2.50147070324324483,-1.34262542678505792,-2.3721870466694539,-0.533580142758065756,-2.47489796738439027,-0.577791605933846375,-0.249594287013825522,1.71499022229519693,0.356302581834598175,0.400582958096018016
1.92383415047230977,2.29023842256778964,1.33051490270791861,0.855400144302184251,2.02989304325383513,-0.315691499299955769,-1.05210970153138295,0.181592615148810199,0.772128214597356144,3.39958755575413951,-1.10014851746338538,0.0662700957051108736,-0.760202286360344148,1.74288837733055035,1.04817779985344117,-0.762268521613311711,1.89465564997713365,-5.03732408781618535,-1.55196240576005184,-0.169738520618877259
-1.14232434392482363,1.04616015342594748,-0.117583569001981719,-2.31195018605176905,3.5609644526247366,0.955554999041865027,-1.32654651650341981,-0.566046872899670039,-1.11331280933859134,-0.561646183741665306,0.31042986002305889,-0.474623392591788484,-0.276815225688914091,-2.17232074822086618,1.24699893557271801,1.93834315633393861,-0.579456476903315809,2.34543440224713917,-0.608004417691171639,0.400459966299288483
0.767028817664872409,1.73582576019348345,0.196102520893458643,1.09619826489595185,-4.16799774020011249,0.423865496326678637,1.10850031366193558,2.63550199970313237,0.875851452508711326,-0.0874425898415376601,0.207143749757945916,-2.61742464934914221,-0.410779536610105467,-0.582885737908517609,0.72836106709474957,-0.126149738682602125,-1.90769217888418363,-2.92979743520426528,0.215573935068206601,1.66827888985929573
-1.32938684435944299,-1.15140582904808597,2.57007167898201638,0.888837553165361505,-0.996760952646694176,0.575756068097940665,2.56466060079359659,1.15237947109684113,0.164632614789580328,-1.01447512929995964,3.85196758663846373,0.230340849695851835,-0.105117988436924797,-0.336953118134398877,0.419002079778850844,1.27950518811962266,-1.44359438017671415,-1.54902992486507185,0.438393724608957147,1.15103433894411111
1.54815355845727676,-1.876652371071444,-1.57288247888331223,1.88791351570436361,-2.30926202320672536,-3.83465880054204478,-2.35673750928136583,-3.7836125397845275,-0.446526602245822135,-3.28675206068396397,-0.230097918086032638,2.54257655901051161,-0.142969357682550369,1.12115642425026163,1.53454748064180091,2.09919048192262414,-2.99418276050808796,0.401216126338814205,2.52010521890452033,-2.6364911964758253
-0.226868818067139405,0.992833171426387162,-0.941742909142435303,-2.17085602837710878,0.126846102863245602,-0.142874186047632329,1.12539317838428676,0.0618700530065884602,0.409006252361437783,1.23275580010339714,-0.875145382363752056,0.868743530251781193,0.967408251029544197,-1.08425331017385118,0.135779096288806467,3.31722953987601077,1.49306511522674112,-0.0288291902323343577,-2.29542901988876213,-0.987890662076616688
-1.81734792368494968,0.590170519301244978,0.000967517801787896479,-0.562602434864045597,-0.632348557010891654,0.650931311808479851,1.98613621857926548,3.22026648107210756,-0.00905989041843001733,0.360148498658570237,4.80125281957069472,-3.34057986777594884,0.258704039792297613,-1.01420504117301813,-1.43803807834828334,1.20166304253538492,-0.629989832833084407,-3.32100091545264009,-2.08593661910793626,1.02966133027438356
-1.35202675428693486,-0.0874693517579450408,-2.81163924935608378,-1.06582288202934228,2.31231463711850704,1.24621517080661293,1.70867816833944364,-1.77553654524515969,0.977446603119093038,1.76775061391079436,2.20601124305697249,0.55328931079843402,0.536458934520608111,0.146593126030876431,0.241373996823749326,2.51353506759637257,1.63310692836934646,0.405743853655442466,1.26513591966376815,0.834162020250865055
0.53595240837345226,0.525393738090022988,1.57730345788997406,-0.246652358951790857,-1.91006866189893398,0.925511689145014804,1.19230655367608485,1.10905132311768595,-0.148064412662080647,0.605229061501973087,-0.127189746849409729,-1.29719970916160765,-0.0973154898816062514,1.50292893589968601,0.0128852080001882821,0.237578274287468999,4.48299246836838439,0.484136506021194513,-1.64485224701859911,0.557812090914213354
0.131650652835367532,1.27381604490682254,-0.951205204342404631,-0.222962624142458349,-2.32788760917404991,-0.131275697853860118,3.39619309320509055,-2.3568866966760913,0.322004466407483758,2.29164565087335026,1.01399615423869749,2.38525971837202233,1.79149304715811497,0.210424035705174012,-1.35501509585041169,1.3673972050311618,-4.22008470766211996,-1.73157112552107151,0.891361060643204195,-0.16862452335261599
-0.740153321960384636,-2.25371422791548648,1.59844761843724692,-1.68418355790847074,4.80633651858744493,0.0668172964793803809,0.229471605636267645,1.2954465150277128,-0.00683242108203644793,-2.97332689251959881,0.946997524102351496,-2.21822290028774338,-0.210184325013529544,-0.981522954655419277,-0.489458210403632243,0.759854197695051026,1.52380320026857241,0.279317372589126534,-1.98437279171791769,2.25760310372378159
1.65768370497291695,0.332431515593068161,0.939855652744426728,0.465011271246769886,0.644237361744162462,-2.31086614450355743,0.549678669278351184,1.41577034901972731,1.41443239242242025,-1.0826945915851276,2.2774790372564051,0.541167736241616737,0.398350286210754412,0.178769489609616111,-0.219976320508798728,-0.598127870161469843,1.53802684027679182,-1.3446012076223155,2.87342703987243731,-1.06092982351003218
0.692545249629071158,0.721147547642876807,-0.0159568278705707993,-2.47544748632081024,-0.741325432776425264,-1.967110980134543,-1.11392763146392326,0.490853317820067747,-1.02812906065298448,0.507597284643961255,-1.59207589260788396,-1.56796815746330021,0.581595779611243535,0.847383634177411249,0.6376983159700641,-2.18587486373993789,1.12338775745336061,1.18334271998001284,3.25828064760147118,1.95482725110070232
3.9989502735628415,0.854489664774264135,-1.35144788709482189,0.3163724190394549,3.0037475413029795,-4.89346938735036296,0.073934581096968599,-2.79865547636159251,0.731048497565569444,0.313159698577451351,-1.48084159644169588,1.875347723922558,-0.185484183286162951,3.68283716417016294,-1.64964718294819579,0.0810705318341859299,-2.74093946860986293,-1.26582720022194128,0.534597038966375782,-1.86475105780756611
1.02720621703410186,1.01892018443510368,2.22627506158878896,-0.518037028760295448,-0.867610905986048619,-1.15292057971769224,1.23591192342964451,0.54915442384341806,3.6057140366816669,0.882730393594968077,0.157561553632093343,0.257114798182702498,-0.629014407241239915,2.23904231005199561,0.532626215878641673,2.47858867777531788,3.98313312012858134,0.802128725463037151,-1.4440496493904551,0.414049637062214593
1.64985362172183492,-1.48050714876335743,1.10951425478852528,1.19203201448066287,-0.856737542181971623,-1.58254106209105116,2.45746189251141089,1.48498046359200431,-2.03943307014394248,-0.395487494694619135,3.59642046685790451,-0.394949569318804039,0.46035096559829991,5.44982871469400632,3.6428465598170483,2.72781704561822957,0.242260245042718758,-3.03257591562772522,1.8848487731960164,0.940458481549704683
-1.7244109854210512,2.49905971892429202,0.340423710804339197,1.37076497373722073,-1.55058473182741707,1.70456483597236508,-2.2829823290955944,0.792545848467807179,-2.75303210773543805,3.61703823364448951,-0.142085603580731024,1.22870898769779413,-0.366027021956424725,-1.01947692749841123,-2.01867168721661372,2.09658317186503895,1.25709464030647755,6.10653348217756609,-1.12738422244031189,-1.3878208499086151
0.0371468272876505357,0.351209886734954457,-1.05088894927334642,0.740477246904460595,-0.601925045301415107,-3.07495155086953398,-0.61077992157980443,-1.34812268776913657,0.846485983586322099,-0.925993340676447785,0.733910256016926832,2.89408121221099357,0.784685405390266877,-2.28263469263846863,1.58369787381765348,0.185855514170640612,1.69204921668119357,1.67840335583599343,5.86191957975464906,0.337841183359147923
-0.597634135218437335,-0.178785736378350713,4.38895012065186485,-1.95544170218355884,-1.2012869054452,1.71474773873046149,-0.973427981144353027,3.50508218363439639,0.760578343025922532,-1.6431732411929707,0.905909014510535848,-3.51122400003673718,1.57298958917641674,-1.33032583811126304,0.131021760557413131,2.54535478496539325,2.48191644644716325,0.623354219590312342,-0.512517290680427617,1.62098748899795475
0.0946479758223248008,-0.461330644751716257,2.49299023286089838,-1.63756662555865162,-0.879541710968783863,0.0833239469580088071,-1.23783299169139727,1.17655879971591215,2.01412579252888113,0.597014882269430336,-2.08501382808314251,-1.4640053306450822,0.347252959963734287,2.75691201093171845,-0.639016480395772857,3.20817027804733979,1.65877546462277747,0.56181778335370669,-2.25156809867298735,-0.757051720254020122
-0.54108110607744897,-0.032966615005598901,1.1968856016032785,-0.00225202610981427645,-0.448586747591137314,-0.0683753500867718828,0.946690640914012227,1.50460626360938621,1.30112574393518154,1.00532001194201448,1.08011611381399808,-2.60410415769905157,-0.307535421996011304,0.190676066860010679,0.158040738157064903,0.350734458998055387,1.49994526361115033,-1.1538454208714084,-1.99226121682916935,4.04513192920033937
0.958644664614477393,0.474212420608685792,-3.59036053559160928,0.672586231223564868,-4.84638113668319548,0.174273206451922291,1.33021969399863549,-2.62874071634508111,-1.66310203947556379,1.46199067158120433,4.51400073226424858,1.43028867785338876,2.84785756747380869,2.05313045225451996,0.529299010755476473,3.0957843908099294,-2.05870383547044389,-2.75900130637662233,0.226179692076921512,-0.244683071898218002
0.592777372176457984,1.99240376003866015,-0.640206843667695091,0.860965412407273867,1.65422008015894462,-0.0464120481461823831,-2.6683879939303079,-1.48674623403955919,1.0912297009078058,1.71302944388033795,-2.77653851276231967,0.125204847181903917,-0.10985639765768368,1.58174488462691931,0.405225339501169457,-0.611852489850529535,2.21792152749476879,0.666096387037373505,-3.05569955401871463,-0.575689694856298062
1.71875685965278735,-0.883893827235407215,-1.74028996214528786,0.930448006895168711,-4.69850771861519689,-0.239263301417592084,-2.29272644627792044,-2.0039336491978732,-1.9763036334059676,-2.45119017103259829,1.13803655958035521,2.6345597357883328,-0.160178806700272208,-1.02260635488650764,1.87006893607330249,-3.89249981243787913,-3.97914950603815498,2.38109624316740698,2.25895133371093459,-2.21291767478069534
0.429210275714669021,0.414259087546582361,-2.32371056801669473,0.97954491499382268,-1.50471708808295568,-0.650744289838622203,0.895797860350966424,-1.35805970382884622,0.128625784282971695,-1.06393906131180671,3.29488159579528972,1.86496157877337021,-1.43613034638382642,-0.911078148967004009,0.847465387895034006,0.920277968421315817,-2.43177618887407521,0.112619885008015536,1.60247010023398428,-0.162300016456466772
-0.931994372841108532,1.44422163894493516,-0.654558578488140808,-0.0990431057387659575,0.119465685865105017,0.860976269757349533,0.241489260851025372,-0.11922789642481918,3.23337878700818404,1.38147632198127024,-0.742861674542610984,0.772899727011439164,-0.164029888245248751,0.369202150143193242,0.335172165042235071,1.02905959029690708,-0.131768269331026283,1.23131095632425103,-0.836683221296511515,-1.46410076238421683
1.07527696878702272,1.02984579123409192,0.0187322124036565542,-0.0275081851809560844,-3.18576310493525794,-0.0516819783043436995,-5.62698353752760028,1.17797976757786493,-0.14117306553692785,0.165960710868437084,-2.56381149653245011,-1.1652270265261635,0.510826410168383482,-0.0506195826421235381,0.440430128183131819,-2.17366568318893405,2.74523184240478146,4.68406444975486114,3.92445575232647226,-0.197545231679864208
0.0714475082592655741,-1.2671001061341296,0.35109564307981489,1.69332601385978299,-0.391005401895705429,-0.643368305433121623,-0.0767835404286768969,0.18912334420491958,0.775964894050756304,-1.45346790785793556,-2.14103615917854073,2.06592773859143053,0.486929174321391822,0.582319777865309307,0.274473003490520118,-0.738710127284044948,-0.836285835209058526,-0.307781179201374988,-2.78879568247046183,-0.765163573480398207
0.419942611529936172,-2.77771838878924493,-0.00407657128755199109,-1.24918063368543608,2.06882473593420446,-1.1912863932063007,1.7034495677305308,-1.57440480643602609,-1.82625807121525519,-2.33899932433355406,0.509770067899391499,-0.580683438346785485,0.894844704572443805,0.723248904348688493,-0.501180106647122536,-1.00213091030430501,-1.75765558965149404,-3.12084515155766073,-3.17183765944323692,2.25499733499275967
0.55793088304776628,-0.49656084356567648,-2.36450163263332724,1.14525354921157185,-0.385953424542604617,-1.03032020370995991,0.535717041545782924,-4.20567168855033113,-1.25267110954440519,-1.63343578137872236,2.5921058238204604,3.31111019675809626,0.593198570084809917,-0.163826479281335674,0.967654804757941855,0.880678205215787879,-2.90703417332427838,-5.05915510749706954,-3.02518670587725902,-0.00528460807023147221
1.46851125421812512,-0.818781885304296631,-0.25397268929834671,-0.818658553790149401,-2.10776279956881263,-1.20120246380817619,-2.81279618759993788,0.511531098851432886,-1.47708933681524646,-2.35332684752761523,-1.03101784435625921,-0.378362341621728271,0.239842697133207827,0.0954107395291855231,-0.667205014035687993,-0.0133610534462090987,-5.03238643879340231,-0.403217668555433173,2.26865619650932127,-0.745931877537990062
0.293659524118464244,-2.9271466976124505,0.165479339956600524,-0.59856713265219319,2.14407761687173615,1.65843151765872032,0.61393026859575095,0.165316554690029094,-0.619451547519026091,-4.53924450062629692,1.29763811253153794,-1.54055175836530167,-0.0543285527736928203,1.96552772412875809,0.123935725505587083,0.243972207466046781,-0.236293163792580668,-2.93727944797166574,-0.182954735768964399,-0.649573895563660075
-0.284902708686303241,-0.269134327429098597,-2.53256715099776031,1.27826126700902365,-1.12533627923830681,-2.53571324271053999,3.33731996000423248,1.07609907370945002,1.40386141692806654,-0.0907201808192550224,3.6147242594660729,-0.918376726163269375,-0.787990601784358091,-1.57173497175192911,1.21531246954050354,0.747635318251149816,-3.1705150369604822,-2.70208444397697134,-0.254913048106612361,-2.87741280653175968
-2.93245407664516655,1.90212968235982371,1.97044262690707073,1.45698639713004119,-2.40188683896297128,1.27896464020502099,-0.0657980528621659871,2.28290149525268804,-0.102797789297345385,2.54015358803774793,0.890193465879015156,2.53020687967718638,1.50856274386177547,-3.55639132739415187,0.517098113602965315,4.52838544019700429,-0.54518983542129773,2.20777979844393668,1.27146485101196927,1.54610724998167615
1.36835882063693393,1.267911395816119,1.41287216845220676,-1.87587411791218495,-2.12594631596351746,-0.42317305753805845,-0.537636222182839352,0.418314773764116965,-0.767656233585181091,-0.623662690065129199,-1.49887336502924651,-1.18075532913279435,1.24643034989594259,2.38599552739796694,-0.0361274438152465877,0.719554304584773985,-0.673410902918268217,0.500237115205820038,-0.718176066275967417,-0.865998108913109577
1.74650423547918443,-1.62439838860351649,0.26958271797008132,-2.15703675174250753,0.0514683393424487448,-1.79898517501082988,3.23785027511062706,-1.25566684819716334,0.262726674604435662,-1.02968107370444462,2.35475959633602328,-1.71386721873115033,0.844685995516242127,0.896237325915523186,0.57414534429289843,-4.39323845641122013,-1.11227300436923171,-4.61920425849211824,-0.864605927788147488,-0.0146459163088692567
1.82651348302015548,0.360147758560192266,0.455501738979744553,-0.326490557468267439,-3.17726398354121908,-1.2037463873223071,1.37253399469928672,1.43357588800243851,-2.54191349456087723,-1.19298740211431054,0.214779966966590408,-0.987758733811781031,0.0807770868213852772,2.33620561101007551,-1.12601056510958175,-2.88691405043636973,2.02604757849035622,0.683863639854167427,0.195166787771481443,-0.993403992332720476
1.1852625436696369,-0.0340964210636279658,-0.717048669851684362,-1.95586466117210489,1.46176732566930401,1.21472540516227356,2.79334735693378988,-2.35380459399847686,-2.17766654821319738,-0.308753651602196644,2.93290019567068505,-1.20689272510007251,0.803193486136022261,1.33979482282891338,0.405896125012601527,1.26312706341898018,-1.61056325781360443,-2.79183345656476423,1.19993781716257741,-1.57855913122450531
0.334323460620048696,0.789702846339784936,-0.999342792983848871,-1.41533048769962999,-1.30694559814378319,1.5079959790984121,-0.512844706179442666,-0.226592274863081505,1.01747464726892334,0.804102255698724289,-0.900492155920288861,-0.507261291092705124,-0.30813923956148076,0.643332635993705715,-0.786357834838301573,0.657233290042596674,-3.13589395875567467,0.984070094350703251,-1.28553743058260928,0.382385896209051002
-1.92451079076458997,-1.5889836208094148,-1.94488992389623117,2.27549485845093091,-2.1482150903081183,4.63730810946263183,0.203988346276272825,-4.95420277377960083,-1.49131945880020766,-0.695590197515983943,3.2226733290179399,3.30575691144284844,2.06099442278706046,-1.69661729160120611,-1.21841529747377786,-0.726259410178070608,0.412396521583232534,1.2631277988462335,-1.90962195933393097,2.00808165114930093
0.132533266089204682,-1.93160928871435744,1.29220197008379878,1.71835525938439959,1.71244134828782868,0.604898843886591653,3.99783664677628181,0.170742846568871454,-3.03999849287094825,-1.528343645060944,6.11937996447656829,-0.109622884323286374,-1.07888030715200278,-0.286859457209177215,-1.35339369606251703,-0.912355733168500715,2.00485043188844925,-0.474640876188337224,1.98616079471327245,0.881486019067555859
-0.82541613465184549,1.57665359276345129,-0.264643459068456322,0.0821608363627655963,0.533915902866690661,0.989866318094033026,-0.0967741086232040554,-0.306745641914596967,0.245728329275955976,-2.20337006956728132,0.647451365736869011,0.848314024405104838,-0.329449314182424013,1.31460778268534306,2.14918533694691005,0.897925673222721099,-1.1141599125837276,0.842415865357658999,2.96549763237470732,1.75113629734350829
3.13970339499532214,-0.598539139991362323,1.3356360577152746,-0.472585400623586338,-1.31582937120926435,-2.74635113777878193,4.82516890239274776,-0.196953938488286684,0.732707814386939882,-1.32170078080939168,2.85723348058281656,-0.897020435498097291,0.173190483179328031,3.26970646852229407,-2.30462198287848308,-1.55726024146773478,0.370292281553383229,-5.17368770625487073,1.22558170258993049,-2.82535511687155871
4.18837547410948297,-1.46468172894380433,0.325933780770154724,-1.63295710227331159,2.59984269367780207,-3.00027108187557356,3.33739647389022442,1.26029679578224751,2.06350850637190808,-1.62399983517973889,0.467847843718600442,-1.90093536874751301,0.5959797931018328,2.31094535235290133,0.211656099159740263,-2.65997325124061135,-0.677960882486593142,-6.5335250066850854,-1.05626628903118602,-1.76543658866867537
-1.86557603505664837,2.03039475133878389,3.80095392973858859,1.27671819521926277,0.612392039676606492,1.26778350698225584,-5.1583989148026923,2.67347185842759627,0.0507319845276916481,2.79387654453692091,-1.90226817472911347,-1.06543788728593647,-0.583174849536416073,-0.0467321083755349656,1.56788088959097482,0.329062329505475704,6.67845174630740246,5.82740052767170447,-0.602837012910225734,1.6729459677958034
0.0418886104272744517,0.035706039948085494,0.216874937450264343,-2.46861907463912011,-0.284571213824319547,0.564285264591834812,-0.184831628869856629,-0.790888630548913563,-0.0650445167983215722,-0.988916468128804849,-1.65611713940751559,-1.79541450633169131,0.248724430557311083,-0.680063278053627429,0.850229032213437264,-0.034289599513163245,5.02617391469204922,-0.854649548045363749,0.430380821402722158,-1.52508077091020344
-0.819370377825919149,1.5573215981911499,0.949523869564032119,-1.89192600093143315,-2.76870875011339024,1.30792920070442831,0.304711116264692994,0.819749111410884579,0.806680450648850855,-0.272674751338377708,0.13120642042835981,-1.88892751240559575,-0.252253323926614204,-0.600206670331797865,-0.333281114943016765,-1.30929056481879225,-2.06606987380395468,1.65064022289904555,-0.557319394820180114,0.721212168467344261
1.50464913053151284,-0.19214352947361682,0.146055856610904228,1.26233657509956521,-2.61052809449963208,-0.709789070225235408,0.376885249056897687,0.454887408049094388,1.28885674324464161,-0.670984318949400915,-1.1132253136895669,-0.191319778161961135,-1.52263152769379473,1.24809157578400631,1.63816474471289442,-3.24885072408068254,2.58693512038176809,-1.52351311896629693,0.607733019652587303,0.765552859178812328
-1.37073357606506319,1.17250786238217919,2.55553824079758973,-1.36011935814526663,-1.22577955616543011,1.94381496592102421,0.241562598188897387,0.830418314659858048,-0.398471526710330204,-0.812389621146475949,0.0587252094684672377,-1.73125786543679827,-0.591971636500796206,1.02092361662891595,0.941151644476276528,1.24019086158485092,4.97776526963360233,-0.0734909334422235161,2.23731099326611771,1.18385522525634412
2.01930844523751629,0.991548187242474954,-0.694807894296744499,0.0801361884339766295,0.42885426583433095,-2.03761382115245349,0.282650599138762892,-0.0091035861140734229,1.60216505398135634,1.3164380003804188,-0.228891288608800869,-1.21878131921056654,0.368493753081228836,0.226213649509303144,-0.222399844016998111,1.21539967542942406,-1.18157772177889231,-4.42488806305016968,-2.64233160617698637,1.23517192894403549
1.23173787010608682,2.24526875770616652,-0.0628532427867155574,1.65595595286211994,-2.05874402711011495,0.266205308242917493,-3.07325403363907501,-2.09121552070571548,-0.799731703866675026,2.16303564320392105,-2.0364955114700245,0.469484172526115906,-0.849944825731104636,1.88360667339659238,1.60230874652850974,-0.721719890330264513,-0.253023420281033751,5.22742470089836875,1.82940008262403464,-0.457953968098503084
-1.16403880328074005,0.359981007987296264,-0.901085425396670581,1.176939466488927,-3.0746371447655414,0.787394086827701178,0.487061689896532812,-4.44354389150799101,-0.300516817982928452,-1.64185556758073781,0.334580069177204453,1.99375623400938462,-0.806285922478788608,-0.531375534758826151,-1.15125182958498939,-0.354172071177392189,1.16161184644814575,2.91182682486260358,1.04730169075116319,2.33322722044164843
-1.47420129622863949,-0.985926323771447399,-0.429492935209358051,1.5195533646051711,0.869137443156277278,0.30940763440409752,-3.78948633009532543,-1.11406216530507529,-2.48664397764409761,2.71384230318967079,-0.125019237809054967,0.624753364390610577,1.31759201793614422,-1.44468380973237043,1.36079942560638334,2.03481968680961822,-1.35434750072177001,7.60144960529708147,-2.80273255171387481,0.882385358230291739
2.09866049350064099,-1.2075516588079831,-0.6344241689644744,1.16325099150186095,1.66362547115556292,-3.39309038736990232,-1.02731087379826569,-1.41372167370329405,2.57527352920426544,1.92057108944301236,-2.51820254380448372,2.13739680964516277,-0.248080339603395678,1.74926824032791872,-0.127353566474059959,1.99481919536846819,3.45927224801985078,0.690856268430108833,0.850265940815604693,1.0928497711918419
1.73380122005646342,0.695311498681674522,0.785046977757782871,-1.04038419607655697,-0.127874647735638974,-2.93582596459766076,-4.48284827179241496,-1.12423471947782372,-0.347534790102903723,3.73012295073177702,-6.15714123353187581,0.452831402504660696,-0.288763821564173795,1.05520698879024954,-0.736641406470988969,-0.62967432997637951,0.159034073938014497,1.70602996260239248,-0.220268306068666153,-0.534625491839887834
0.662932952374448381,2.70412185817916972,-1.31929162755838281,-0.0920246143653057347,1.06338310614066778,-2.8917216988608434,-0.736418656870030941,-3.13056897372798204,1.25053647512779142,-0.284113125664261612,1.93384377869861179,2.09616308610762259,0.0903851583301892997,1.29039617801436646,-0.0438678970755180461,-0.776595937968200256,-3.33662455973470884,1.1163473085072475,1.87827993899317125,1.08054531721715574
4.35063845616731371,-0.24441330242955317,-0.50511294521920902,-0.569329288899448227,1.64921200928905343,-4.93248060134203747,-3.24541440857969121,1.83342550570347051,1.8760283056708873,3.16550261065302507,-0.815783112810979927,-0.74664015816338769,-0.556401204755585188,3.18397579086019533,0.435954212617209846,-1.35136083705932131,-1.01146257067049383,0.599712608652219759,0.448247890226053158,-2.95636982535558523
0.244609857712727252,1.99197651029905809,0.099117000972595723,-2.23328690914690098,-0.445360478859694264,-1.0012215579196917,2.7219880155040781,1.19823734460518105,-0.648325285882197955,1.05530844811363256,1.8600548530824339,-2.16709044612714807,0.177252480058740475,0.0695416975165939477,-1.03978663857126752,1.27469086039092261,-0.626434529890115832,-3.4419410509989099,-1.56869041380953189,0.874105275218852951
1.25609468891906828,0.516257298250105356,-0.629065437532465022,-3.72087455826195868,-0.321850446774886778,0.868174142000737392,-2.76146595531746053,-1.56000822778363424,0.601993950113640208,0.091218255602169257,-5.54753443786060796,-1.43626588232140651,0.0102963968003145813,-1.06068914220402766,-1.59083091406145249,0.196349286384919358,0.601557068780001813,2.69622927545255386,0.267979892410659781,0.351617835406808021
-1.25143534951726698,-1.33490373442070576,-0.596426720073785721,-0.645967883481743832,0.302510045594044596,0.944289268920767588,-1.18519312916170039,-2.12117273099374692,0.871674444569898066,-1.92121455776654004,-1.74305778824117708,1.15541418922635453,0.98729130325524006,-0.185294044489600046,-0.320658505143162409,1.73923321485406013,-2.297027901663935,2.52650415127249683,-1.03860291535494165,-1.03315856071062617
1.79690515432389208,1.39625733531206286,2.63166201837780056,-2.45910385688598376,-2.74218975350690863,-0.0699584688334473626,1.41720110531871257,3.25586879231870441,-0.662637624884330312,-0.660805068908278614,0.783142289649922274,-4.15705625844983651,-0.211940703097412142,1.81621890567983635,0.747369773356521327,-2.96694873790381575,-0.728634185567570092,-4.51637258484853898,-2.97990829722162553,-3.37810935045109595
3.46917068261031858,-1.2059859901248875,1.81123510227134932,0.909042082958911313,-0.345658621382447906,-3.43643189737579657,-1.25088332078744568,-0.156756780559831138,1.85309943502705532,1.96572100892271284,-2.82394801757982084,-1.17502478996499837,1.29890163279545323,1.98861435315612423,1.95605576256080682,-2.10270040404795022,1.05489814489727607,0.289448422239724834,-0.218064158785082507,-0.792979143365850625
1.90994619913430963,0.934927560689928105,-1.58957030138277311,-0.617810818750312074,1.47624990472127871,-2.02591351634274597,-3.47481314706080902,-1.72521887297588372,0.226013648176539683,0.382798644236170382,-0.145182958876183765,0.646477715001142483,1.05406179189672633,1.46271440774203176,1.83512767798880061,-1.2864965617905928,-1.05711349763324103,-1.82346078092198249,3.47266440119570641,-0.467175270620777128
5.68904583149622134,2.58285305243748908,0.0960125649591615643,1.61867989778752364,-3.69852972038112604,-3.83336240860518851,0.382752167512508457,-0.517467444284307354,-2.16441063005789802,1.28189897360057525,3.300193332261951,0.904981710417228857,-0.459250386901797758,4.00104610168467367,-1.1692336887701078,-4.30569401068913926,-2.13510963983034241,-7.86119130841029978,1.12700955539260272,-4.04049003686948094
0.523975776928821135,-2.56825620270515653,1.70565956227206583,0.905338663405873101,0.607438806597914938,-0.18328257079455218,1.28754437259376542,1.65426020986814271,-1.72326756481432852,-2.90519750001460508,1.91116077866812129,-1.24936222796154328,0.275588317518231485,-0.343577358285298673,-1.38582561578183583,-1.36351511144667836,-0.589596816781843724,-6.17206339391456016,1.96154820069849722,-3.30755134888153846
-4.70048469540599179,0.950276976319846201,1.2241881938262138,-2.38444205703514323,-0.0638353810158120982,3.69691389064854947,1.55030218030851086,1.85059709311175147,1.20475391656973008,-1.49602903044437441,-3.18855643423018309,-3.50780046880556373,1.03391343120087265,-4.08232868061762755,1.13292388135931188,1.03309441441251115,-3.32501977680987526,0.316922945471145356,-0.0484432527923966405,3.26629234948038327
-3.53780024068152343,0.133537029410612768,0.0657302261749480449,-1.01313181596271051,1.38763051520279013,2.39753575393120899,-1.98550874744738981,1.17271211639614892,1.64911186585211,0.00247455546290392464,-2.78431428743516607,-2.86949529662962455,1.29603159809686064,-2.1566725210476112,-1.37461730516505076,-0.814238489093999318,-0.103983265059266347,2.16781459915541452,-2.46428166605321675,1.87398287979265676
-0.575396519407252116,-0.099514080574188632,1.19364547778081187,1.20754924761239724,-2.32607139595821755,0.449118354723788082,-0.672535598518567146,3.83096172812780056,-1.09952203032402562,-0.066305974343423002,1.56215419586792881,-2.9293637013340672,-1.55889963246263941,-1.27702102393288408,0.436557032543969548,-3.27060583055656595,-1.02597080881549685,2.91622226465916867,-2.96465512464354797,1.02124225776120903
1.22917425091588917,-1.01726334227020243,0.407471166713214372,-1.98614806975952085,1.52948839494035105,-0.367731418107044072,-1.7445786489109294,-0.331548413348060622,-0.845355203053623883,-2.42419857060022537,0.813267468163462959,-1.18821547671297911,-0.547693234060531497,0.0167545758651409769,1.17899194002473662,0.269364455990863727,-2.58477423885564495,1.51723638164472541,1.38071669496620664,-2.36078478629126653
-2.43838806009713593,0.385420659573370461,-2.42877585764493986,1.5717924386607669,0.974278527742976519,0.224059127413649556,2.05944227546292113,-4.5951278360736918,0.726072435639432912,-2.38711396008179921,3.84458998734438406,3.22932739340968533,0.203204915676426318,-2.33060173750485244,1.96065231736909262,0.998593709106514571,0.948691469233875484,-0.773700401083424083,-2.80303857212497665,2.29927939501357859
-2.64853544141481434,-1.40932514049817792,1.37175787116190406,-1.54958285314067945,2.73926093443988705,1.77877250949847365,0.764417968307693374,2.01123910005728579,-0.257447738788563307,1.73464023578161175,1.74324314468139918,-2.11641939106854382,-1.14554470874747705,-3.07734127844021765,-0.139079173499567776,-1.95750437097240026,3.90795711375162602,3.43483571978177293,5.00310139524132413,-0.413271452669986994
-0.384553758503058229,-1.8301503440204312,1.45621459596870739,-1.01971301702653894,-2.06861042208330614,0.863606371502575465,2.09507008608741829,-0.077450037338595068,0.859991501501667477,-0.946914441054759748,-0.610709339364366555,0.158979388763571039,-0.628241121855150797,0.224372761178766089,0.410533064126021363,-2.09750940723316504,-1.21146637550176695,2.94370585689194098,1.2207033124882396,2.19298425946143416
0.268015042230913325,-3.32294442424876957,1.94836249182670307,-0.166344791220728427,0.823271026458559319,1.36518410149331415,-2.69946505652556334,1.3012571510322164,1.20440759539471376,-1.76118203327873091,-1.53631542227490314,-0.470897520016327342,-1.0208615744660956,1.32694212482081486,-1.18543269760159564,-0.31977221977000686,1.19527590753291646,1.39806384958352847,-0.180978928083755763,-0.764337239987064709
-1.34486730284295297,-0.433887683616730246,0.29144824543440534,-1.00783941219438655,-2.02196551618332121,1.21461763417245772,0.944060373765106764,1.95908508676262128,-2.00310562653945956,-0.137269733214704731,0.765890467202606229,-1.06955611945393181,3.26893487820945561,0.151216865000793704,0.326141332048153765,0.759164113265992313,4.28283940982304667,0.00287988751043303246,-2.59978092484883172,-1.40914776484287807
-1.49019913471538912,-0.457888061304433269,0.575208763180880212,-1.3472683960097589,1.43562662262471319,1.67906057145063037,-1.47095157194165904,-0.10971159525191844,0.689271881591282165,-3.21616730705376241,-2.82787029807509782,1.59993616481367584,0.424563175680721272,-2.67692194394429661,-1.98656587207884172,-1.56443725756905261,1.81538674944620704,1.13231474452906578,0.644091096789256579,-0.248004355826053541
-0.771438178487907744,1.15447657916912361,1.97780621930060918,0.404131718726089939,4.68466846870611153,-0.567667013683209154,-0.0098854592231685471,-0.636951537913815757,2.26724629171164338,1.46589861992400272,-2.59549411770020511,1.10744245505148386,2.1055471100392591,0.374574050330389763,-1.08550550046462879,0.616108490412710097,2.90964727059125261,2.29937113173976559,-4.74183194758031412,1.20662127552869491
-1.37298947463773291,-0.426768297506230632,-0.878170924320387458,-0.780961279360610439,-2.11571195553824332,0.328394533405159894,1.50540209143177939,-2.48516485102963669,1.95406452551246357,1.46484008440011682,-0.621713138005677401,1.89995410803888531,2.02467087063459106,-0.203781380454035599,0.863108146615280791,-0.168319122263138277,2.85486400126622497,1.89863398151875384,-1.09894135402955961,2.7664048117770963
2.89666900448045039,-1.42904568436484447,0.458849023596288874,-0.565741103207926699,-1.46399962359202096,-3.87922717580365539,-2.83197686536023152,0.160290780708863517,-1.77456379834424061,0.443866389699405839,-2.67332269535867573,0.316496752529258907,2.58967352883797108,2.02274252018227063,0.967700782387794223,3.53068536581583725,-0.472580275498515057,3.49761133890066356,-1.15902973808150156,-2.98595279067913344
1.31365534147978735,0.850160098024466793,-3.6715922858880754,0.551389085603624318,2.27139043034880839,-1.88958149609506831,0.192237266687377589,-3.77892502311638623,0.850263274581821826,0.976638562713856517,-0.122089236969112461,3.41706694735384442,0.632820256118699631,1.14507194228718667,0.217461417355313852,-2.0016236326261736,-2.57852868871917584,-0.770703810153812396,0.871181390266365985,-0.735199013167050719
4.26013248385233023,0.345484620445998314,0.386516194695036452,0.256052527640134697,-2.22023958868689197,-3.39749753810088428,0.656130891099165003,-1.86680968937270908,-0.925555721819107169,1.11412217450078077,1.60945716989217202,1.32475254094874262,0.530639817283593773,3.17251839153550286,-0.348432893243724173,-2.72099260932276721,-2.01474487348361908,-5.5835692307304301,-2.86941670095127987,-2.60874423098438957
0.974329317178689092,-3.68965354996920603,-1.4255572461483752,-1.15929587452317651,1.15765317617291763,-1.31321101664439821,-1.5317747689131187,-1.9149570310343178,0.241251881168292215,1.32352409790560643,-1.47381233395213007,-0.801773812662814001,-0.371235977609111367,0.378033082470958959,1.65992178803176826,-0.63354449006753033,1.05448879734179268,1.3261937446517591,1.42726642514985325,0.366424681933024243
-0.516117004580809891,-0.59847916918631483,-2.09907262897585722,-0.866483158120382679,1.81785898723473949,-0.208602258068333296,-1.93503013640705013,-1.59803813636200398,-0.861702366616796223,-1.5064096189014573,-2.87969633301971051,0.72327404151264485,-0.217192861636336526,-0.194489161051372372,-2.18554267847482242,1.08583597126363496,-2.68754133990738353,-0.812780552235112475,-0.754645499714571066,1.5879030201009654
1.83190722270708983,-1.35170900548046413,-0.144334799640257277,3.25276912903182724,2.54016689862496525,-1.02788682466484271,0.486749677393939428,0.305788954739428798,-0.926301349340198366,0.352231614795413372,3.95882186589357099,0.964655975836156698,-0.932924331145081887,1.80785065011715718,-0.513911760967530662,0.75837472434041453,-0.78016856038753446,-0.617903802364284993,0.634201921489912279,-0.117219716412461303
0.438283773427556644,-1.75120070449074827,1.02207995648350591,2.07996133826813034,2.25914064772780865,0.316261347076937982,-0.0504767385441485111,-0.0326858642758907775,0.241699861167308266,0.103802219091930645,-0.0888344418784931811,3.64202751912834577,-1.66736807210793914,-0.528383706463831926,0.065493030171884542,-2.60605470249749338,3.70567961279569547,1.79593163048742999,-1.98787952188245232,0.900507450148218203
-1.45111598714320644,1.86672083035121328,0.169757652928958475,1.27236589448838733,-0.0557394020799142631,0.979003188003427227,-0.402513034195728203,2.0258628927861877,1.90389199409845244,0.298541082722513285,-1.28687089511756514,0.0713922289261159915,-1.12399695238584729,-1.6775627732372429,1.79879095008705536,-0.550792390193707071,0.516506360486640781,0.759387536924185258,-0.28698333796437614,1.35818819589370654
-0.197459950313536275,-0.359241116287236206,-0.153222545703881247,1.18334278392782855,0.196106122088240825,1.52068511551650354,0.340629001433853162,0.53197207455910156,2.0900940432622086,-0.991481628283998218,1.66081501650018737,-0.961922905234053882,1.61048461653258146,0.778153656056554621,2.35656209386674087,2.19931373218348725,2.50748436779972694,-3.34471619149106614,-2.35693239332862436,-0.96839711980229104
0.106420281115760851,2.42047063889997816,0.928577336520521879,-0.881989293007721886,-4.1718250610395291,-0.283005471266441933,0.915241230979234599,0.170185258588516408,-0.490312057687290137,1.82399893966283067,2.81511357089685843,0.625561869974712081,-0.171754701255509956,0.355570649418611939,-1.41304728741086305,-0.0683944246122054622,1.63530803021289106,-1.18521212425491207,0.719842421493266604,-0.0843588856613653321
-0.0887085211580618677,1.51255866649003723,-1.5124876083949228,1.97509105229115245,0.111074326709648605,-0.546025150868735376,1.07055393529394771,-3.03211594763706849,-0.879006702961016573,-1.13008548216733828,2.51092186136397411,2.81807819526760328,-1.00041536090744598,-0.182202900192120626,0.981489126276597235,0.218056318544945144,-1.45793950225696411,0.717582776022758662,1.0259569482112354,0.378756639673724138
-4.53861511503711501,0.570536041872371724,-0.780939925636467525,0.71082014306928698,1.8418313119964731,5.397425977616086,-0.036893706113798698,0.838603599648978459,-0.206946979830507249,1.2089923348556999,2.03161585620675345,-1.3565527523147114,-0.2788201527725091,-4.59225472800478851,0.472718023458809922,-1.62636236156760905,0.998184733268589586,-1.1719118643522286,-2.42675084352367909,0.473913487024345992
1.12946989426135835,-2.82259877815416749,-0.185640662399660095,0.42687107564822957,1.6567210165397781,0.136848364307018133,-0.270010482346050629,0.104048704864552977,-2.47410426035963971,-0.692758791237909621,-0.0773875132779192482,-1.2885320668850897,0.0182023357614073886,1.75860014481757609,0.106261412575991351,0.936919701952675599,-0.311539602400153104,2.27461158991314427,-2.92737463065941128,-1.42596550489892548
-0.708761026458119558,-2.14838558826955461,1.26306349851783084,-0.781976353033198457,2.51228463135218982,-0.0807920257219800486,-2.08985285785141928,0.814964150417799904,-0.728715197391394232,0.817311705843919767,-2.43328876075780887,-1.7360832353284561,0.550058165531580601,0.313163513630074664,0.87920628321721972,1.1678921049812323,2.58010622762300912,2.41896180016199835,2.00682715131844747,0.693763343657708309
1.09385411352271777,1.55318070647722828,-0.959915649882058686,1.53118047352761577,-0.421264045439965262,-0.94637344277489166,2.84997649843621081,-0.451947113926202404,0.975500431870506057,0.42841221930860357,0.92573504909540083,1.84420118675756228,0.466421205745039424,-0.180847866728574308,0.540431229219459519,-0.291039064104519463,-0.109576172355594997,0.568781541419272951,1.44878227931302583,-0.643814254003580166
-3.10851618447131139,-1.45008525559382373,1.34898319724859306,3.5123428877704721,-1.40284846497481652,0.216720507880656499,-4.10367238064268136,0.396473739926337554,1.53579723054786355,-2.79853282956788441,-1.46061848733203226,1.50900551757258605,1.39863672271671136,-2.86978477333521997,0.100469775664257535,1.50848973544618259,0.0249144989570521426,2.03415249844097046,-3.70258594139166508,3.56680481029752849
0.344797462315848291,1.51077747572328236,-2.84147463142075507,2.13701980925570556,1.15537925456287804,-0.361962408696067717,-3.73819516760944115,-3.10574075514958503,0.413147973534167046,1.38228893625596161,0.0917223174084507986,2.7672045038648867,-0.370256584539471301,1.66051624243054929,0.653482244342908469,1.13123531307829195,-3.36421813645308454,0.579571996648853727,0.863214854912627394,0.269998754111059058
-0.481321188906265018,1.34502764859070023,-0.611069157682481157,-3.07496044890600295,0.567759205696943492,-0.140281186555756054,1.48234028482385294,-0.55717693671496471,0.606543972213580918,1.35977994823406134,-2.00868977867319431,-1.01969758723119064,-0.216646691697008037,0.890782021489976539,-0.486357124002141206,-0.088594733855470939,0.202562004324560979,-0.589861489137006312,-1.64796705969241208,-2.63648859448447492
-0.145607597845679698,2.02926684086667164,-0.244804619724818151,1.30864141220736685,-0.749432797620697588,0.73783565137024576,4.35201335314968851,1.0966454273618369,-1.40490782842569017,0.756439081821432491,2.78252230964287062,-1.81031201702977307,-2.67534906043904819,0.857613455543012937,-0.74454221605303228,-3.201382095483432,1.21567892758171148,-3.7310564046782897,-1.89407051883517785,0.632265608275915492
0.459371821865039054,-1.68746513869845827,0.0418731566454675491,0.630403527204196235,1.86795452779487392,0.244601986805900701,-0.216113179437178393,-1.32228118323569466,2.79188844855182827,-4.09780261972943904,-2.51348993269726728,1.10011611773183082,-0.695438517142092483,-0.288971455972506786,-1.31678212095660241,-1.54698874776051465,0.828817105503929619,0.503927556777782448,-0.370720799800909495,1.41709729627850112
-1.16981559920127887,2.06670378523559739,1.27458490096379529,0.6970931978843663,-0.701106710026530022,1.25495745797452263,2.21467791669275771,2.65613033075595117,-1.68837764288249903,-0.434482471589796693,3.99929605888467643,-2.15812322002210832,-0.32163760907639205,-1.18763292490393257,-1.55829462813613495,-2.12257986733161097,2.53030724946582097,0.977156077500542564,0.0568490868407902639,1.35282944868093935
-0.658462688007669716,-2.37551390330259204,-0.57296700771392961,-1.39596431980602054,-0.93896437888876827,2.32852423068923331,-0.360513337388466026,-1.10608319761539642,0.885715387172554047,0.102700289523624505,-2.19678613626837871,-0.124555728387209061,0.805942119369241095,-1.69068800274608311,-0.0538858945221302316,0.206550252527424344,0.378271927254154372,-1.73066662565888429,1.11411631875359762,1.03200561348737985
-3.09535825702390843,-0.167683589101972869,-2.10027889445708293,0.159308738583644888,-4.5996370989730373,2.32774083995842807,0.333243905536015017,-2.99852701536340849,0.322413820837923915,0.928725123803173291,1.99633072035957193,0.697771505025972405,0.254429487698051682,-2.30814563346532831,-1.12874860287829404,-1.64278853577854722,-1.88628114313634643,1.87190861263795361,-1.9853245188233748,3.48344439570834652
-0.440882426663260218,-1.1752286904721847,0.132743916661822114,-2.4624530639279536,-1.52746300316702377,0.902865536716991324,1.19476123286896185,-0.0251994952355041879,0.899561337853368004,-0.226740837251102584,-0.229992434322921713,-0.460833091492457714,0.243770612415494498,-0.570267212768622911,-0.380970522619089813,-2.52129948486327482,-0.719432866610293043,0.962856318640368358,-1.18666956053913553,-0.651677256653154791
2.83042375033595928,-0.139514350850427932,-1.52893653678060737,1.06228130638637297,2.46784101097501107,-2.48966081765681935,1.3402669155740512,-1.98720780313410317,-0.975907702737289884,-1.55096046073231708,-1.82450642146707276,3.96758433105699648,1.19784098153086371,-0.460006705595915666,0.204970622730481444,1.49514257777701398,-2.19863859749561064,-5.6283961300144405,0.272878281910633014,-3.56088817476197006
1.89319611286674072,2.09247970375418957,0.993926669429786802,-0.351248199407264927,2.10033929623061866,-2.37200764926043783,3.67523557019528457,2.49475335869051973,-3.85053690798614801,-0.246647206716256284,4.29240188365283615,-2.45280850950520968,-1.01263506375065426,0.746898588578258638,0.574076952632288973,-2.1708559815774664,0.328509579238211946,-7.40293306216708213,-1.44369440944755811,-2.69505070045668393
-3.65240850197849554,0.143117823966519453,-1.51011707328666045,2.96744402145263919,-0.959617604980323335,2.93886535426747564,-1.05092230100949946,-1.62135717629897047,0.848746895319612338,1.12431214599231444,2.42906073074139695,1.51924192086467413,-1.22127341847885562,-3.2412734933036722,1.08846398456162796,2.83983072499986955,-1.43485069209550975,3.33812283702604695,-0.894976697806134758,2.37111770741446382
1.55599157284438827,1.75995448905375707,-0.00353134153498620672,2.38607392564298948,1.63310179745993267,-1.34957146764904534,3.46464625391780068,-0.219723511544629602,1.30692874804667536,2.01012624514289984,3.46409368434843179,0.987720271155340335,0.576327189006802354,1.34010821940988767,-0.0828235885634165531,0.924221301052427391,0.0769781601166555779,-2.47473315099849511,0.572489004311877214,0.61852742800819005
0.966746149887434347,-0.234771092664709746,0.328648930346832346,1.90439161468542362,0.766684234201169379,-3.24868840445923857,1.11637986011729318,3.04816992020074862,-0.83083679868230309,-2.031570137266554,2.2197453421227924,-1.3061219950239451,0.143061211448863163,-0.156813834205508179,-2.88685966256359983,2.48111655137093612,-1.27192752217749017,-3.73105157800528309,-0.154769922797783982,1.57960611011285157
-3.46811321535495765,-0.0111011831135116555,0.323740541571812257,0.433573276649159567,-3.20426066291343226,0.799635744471186904,0.144006834574104098,-0.151538775676281351,0.728702072117861754,-0.428374217756657183,1.77578687346264452,0.907453383687729542,-0.641940325039182191,-1.34915003693237656,0.417749228493197622,0.0284370007987647805,-0.942918072908402238,1.89095019612987691,-0.443491434330715695,-1.12531429814395123
4.81136703632497831,1.45580700509868954,0.737156960118756976,-0.0261810127498513581,1.53794929627456667,-2.28799298809561336,0.635915606341009298,0.668602538554119219,0.867591124437753658,0.723851329027189183,0.947558909629635737,-0.864286424480204207,-0.695141146859988401,4.1551667748301,-1.33109389837596948,0.253307660120756284,3.66530713646055295,-2.40023318485992387,-3.85458204995438614,-2.6612345008719358
-2.93757382043498971,0.0653993093084515725,0.0908688186635225048,-0.751114517996089526,-3.03729067216190396,3.16776962991554045,3.60698123049114239,-0.238596831938135356,-0.423024256708935065,-0.716656436006941844,3.58490690960824221,-0.576969557063970351,0.447381357917740086,-1.43841520697663983,-0.338480768224648232,0.902828820083464323,0.695352606386152483,0.188772833534021883,2.00425366841368557,1.65045635685613923
0.172785728637228353,3.17479840552740944,0.700923996377475378,-1.28258575643097372,1.29665631320486918,2.83031912588293455,-0.683063715688782436,1.53052273305009479,-2.16575283140738106,0.494061035218081868,0.151745816881451501,-1.13463824459754337,-0.750377698183202324,0.104705190800501141,-0.256756184804030174,-0.0304187151783917656,-1.15894779026323813,-0.52610989961489274,-0.403102038203246471,-1.52930556335804546
3.80639173250013707,-0.228653940636175113,1.9310524161749596,0.998268197681018155,-1.34250392223220238,-2.45630537527122117,-3.04832876667936548,2.00418459742524213,-2.39105337417882957,-1.43588574685462533,-2.30493211049181923,-1.13103311428074571,-0.129650412556397282,1.6651716720136287,0.0144190845711102134,0.723878677181119978,2.22301332548563879,-2.337113487104304,1.96651500558410364,-1.9116809344497061
0.108246302788673032,2.13796685380921803,0.852405958056292712,-1.73464166263103281,-4.25249898525626868,0.0610232911879180495,-0.410001752058992197,1.65559579761956899,1.1538917822106638,1.4409819989975432,-3.82690223879598479,-1.41321112697591977,-1.56805254400077576,1.22604427874053235,0.736482997803130979,0.14095029986647839,1.71848177465394958,-0.42255519454652668,0.758226872749410696,-3.15470727491173486
-2.31330829501863322,-0.269116094397821637,-1.56799431576745429,-0.985580715263420948,-4.20608517383876013,3.09320970436778264,-0.775201682947588067,-1.70646518208160836,-2.9111996377573659,-0.984774633999554783,-0.168620984304852617,-0.386502467324621124,-2.3165818814399981,-1.12955086086259793,1.50208544322416371,-1.51918937291523459,-3.60443803638035476,0.468988042455329601,1.50280526854260721,-0.596816071326085162
-0.139719337817512584,2.51295176783391216,-0.157394604936547944,0.927925018229536769,-3.04028560273524473,-0.288717684504723571,0.662152131260679844,-0.467454544310915154,-0.515210174259041032,0.638264273434796081,1.81756140502577423,1.06932856665133991,0.140860871137327148,-2.85957711270183701,0.94743980125111682,1.6369535832852069,1.74329184393405678,2.69545012332515643,0.172660428186888509,-0.874268975890113653
3.69118916824441712,0.809389441959543987,1.77194259541142207,-1.44130262830791667,0.337938029370758508,-3.79930841859262491,0.822681255519811971,1.01813008260047955,0.936015752009860202,0.869482372177594609,-3.27561016003622019,-0.784456760488741911,-1.55213198995171209,3.41574709303009083,-0.49237139263451829,-2.7137761174078574,1.00750647860188414,-1.10904828652513787,-0.311826409018126582,-3.49709175705587416
-0.934855072896040196,-1.80108302535260156,0.758035052724758462,0.666555415444660349,-0.0420787705864244729,1.6067767769754715,-2.03885313059335438,-0.248684030406759488,-0.0328616467361279169,-0.592386642333482705,-2.46805713241279534,-0.157174901158559394,-1.72414798914992806,-1.08854101103763723,0.0392391631023781828,-0.328317296202002895,1.23585900310393604,0.138137878367693478,-3.11391831795754159,-0.350035878517012622
-1.73678786639368199,4.92909501785510251,2.27760703208357684,-1.04391673083043757,0.392996267428421475,2.41133351966458109,-0.74257943126971826,0.414462608848534531,-0.715081427228224764,4.14849854118701344,-1.47287404223355578,-0.485012684418628437,0.0879251334248783989,-1.32292303415114176,1.51930914957851693,0.0158378524536291407,-1.40217750562183441,1.32122976000780978,4.23988300203966961,-0.556390416539967569
2.16848969702026517,0.215900775429157282,0.0586447203554635241,-0.964759501816499943,-0.87354672975429537,-0.0149220985885952593,-0.267716988160679181,-3.30691633814521602,1.2022892594625938,-3.20891513537671225,-3.9664031782560909,0.185690662812546342,0.150908511299589237,0.281194247301765288,1.24565224351751946,0.0464669367834006086,-1.67882313525230065,-0.505904555698109437,-0.0267337679676843548,0.661356585118163975
-0.389568711039519622,-0.471235875954460259,-0.923073864371412256,-0.837640167469445807,-1.0434310965557918,0.717829090480990639,-1.72833862586407916,0.318820834023083199,-1.2535377621434145,-0.306158015101507364,-0.637474419457818242,-1.03947203964016222,0.320748449220972121,0.202885690971263716,-1.51954685342296569,-0.791641091485129178,0.358065952563508039,4.26075748244774477,0.264169360329198855,-2.93240607730697223
-2.89746437113925381,0.13102811238688708,-0.0811250541633710964,-1.88078044434870506,0.632496670723062593,2.03930330271320637,1.44524405842851134,0.0124636530977576456,-2.42646805860612513,0.287773295492700087,-1.80444057781674627,-1.09526893827020677,-0.870276652574063614,-2.16243834665273571,-0.225513873670854292,-1.4334936338698947,-2.12070343664367922,1.02066090978076263,-0.192488112186733007,0.966913297588451681
0.506133860633558141,-2.04433252011952593,-0.352965810130777435,0.671170914050445266,0.396168546010241207,0.295226827459227403,-1.53565746804538827,-0.269389546521900891,-0.81449518559462919,-0.981318303963838234,-1.79107146810994222,0.116199998403248406,1.64863815505118616,-0.34808065793250581,1.61862037537736692,4.45675207635098136,-1.71239908878752689,-0.468048730749224873,3.75582676319267383,2.22528960841669798
