3.20902543581049082,-1.68899648814628089,-0.0406209200227622691,0.709063696880436467,-0.501865138168366531,-1.33876670399670794,0.786136869352236034,-2.49320487506943289,3.02350482547499677,-1.829456586250928,-0.682995253255560431,1.97451848469704117,0.0848692751070795198,2.03684783946580161,2.33409284375228232,1.48410768557302486,-2.12042285749245574,0.16330712448112672,-1.4988704981790848,-2.43915041327489224
1.47863150909636953,1.61075685687471926,-0.405603424400458157,1.76982630377225636,1.78274367231706155,-2.24520703180599002,-2.75448960258215303,-0.583583549560047543,-0.247535344048486095,-1.26750254526258055,0.059773013642427042,1.86300816533723834,0.714832524880703923,-0.145987745519398665,-0.772741699189409936,5.20025515282785289,-2.74753347348724919,-0.139596732390216055,-0.677489180612400932,-1.57788155208857672
0.0898667666430603279,1.67929039676141501,-0.788063698476349495,0.0464404934197492555,-3.76126455063633403,-1.10772699569806021,-0.607730939447226892,0.541475710079239891,2.54211660199563338,1.31417547031285675,-3.43454107912208828,-0.536591029536505948,-0.0721523858466242562,-0.177830238222388498,-1.06518050391751284,-1.7301744578704128,0.903040318327550273,-0.330314844939542163,-0.255636586621373618,0.227420377634859838
0.561917076180341812,1.00078108541673672,-2.41575337556687941,-0.954012206460360335,0.519020487204928882,-0.780009315634454636,-0.528275693650594458,-1.23410901161337705,0.0907950520089959578,-1.53726551155546232,-2.68908696377952028,-0.213141533806600003,1.10252336450823774,-0.673190056105628876,-0.988860492237021327,5.20603328484639327,-2.53574181012412003,1.53149796288121665,-0.903193212026255354,0.199043982498252225
-1.4170965204193775,-0.497131818639122924,1.76722560536473461,-1.06487989215277312,0.554747405049188291,3.21579149590254465,2.23548103053257652,-0.676924385067394274,0.641746438396182173,1.79668207693653104,1.42780267868929189,-1.18035003021357565,0.229738650272051342,-1.15978670071168621,1.81043781340766463,0.72018612241558877,-1.71319465766825396,1.60852649265988323,3.91459509928153304,3.10788558985684293
1.38900897195735129,0.0189782484233941319,-2.18544252369920677,0.464929256030539917,-0.349251671429539279,-0.263673346322045532,0.799336082735546127,-0.35947072895635368,0.773703356466433512,1.51759567622234415,-0.301872258874634092,0.0687607075138867013,2.73134495502448349,2.10912670428377469,-0.733611550203223994,1.53314193233165663,1.5267777255390933,0.941225728524888394,4.20303234102781786,0.861927796665543644
-1.96083241602715264,2.03427302135385535,-0.0808413726578059155,0.414976565101621175,-0.493303641381236779,1.52566262265171959,2.13773992493089127,1.63711212130822048,-0.553375258126990066,2.45430557258973492,2.38114741805309693,-2.00054081179814558,-1.24067644267974364,0.0235257321730201127,1.82369336028795503,-3.77964579444517845,-0.319004818427313541,-1.6786659030299762,2.64111301706196366,1.47702405130074843
0.397931340066285444,1.35968599504006393,0.0514404739753859044,-1.08724090515164162,-0.187429087259217697,0.635939208343793916,-1.29364392086725455,1.35760558011204813,0.245837389526061434,0.227899589863793772,-1.67748138025503013,-2.49666943364137861,-2.76037135913131992,1.07794534191747293,0.446970192806347311,-3.86654455887620729,1.07413555650961778,4.7349060417705644,0.929942299040215525,-1.55811598965685238
0.970282922093571587,0.414321883246171085,0.754212057304714745,0.708256729857877798,-0.610503100724348768,-0.61497542160369556,0.45709838962352306,-1.23075239460096286,-0.353946888306674035,0.498856909821476735,0.860134571782200319,1.99482294423285644,0.0881407297870687029,2.01884876547392755,-1.31850029743100294,2.08510155388654184,3.88344824836955826,-3.03189338308293976,1.09707105984630271,-1.0892816324117669
1.67025569527837336,-0.105136773657128701,0.106978979728915055,0.596300367738416548,-2.38339361676187211,-0.171188834445560212,8.1177381120417671,-1.19522664512552534,1.09308201558160456,0.99127351624205795,6.90813277616485077,-0.174396637963963042,-0.841135686187007181,0.504866020052682551,0.629040662523214444,-2.36230435405433825,1.97427447959900815,-9.36534551519757841,1.11764739622655407,-1.8279351206430845
2.18535958866103019,1.34864070520206059,-0.0780817070242672551,-1.29302991715020621,1.91749247824675795,-2.82072427834017159,0.689695252591559282,0.570715448559745764,-0.530146495658844419,-0.295762242998377167,0.837298872707814223,-0.879586576772812267,-0.10418461140530913,0.794826432747934075,1.10457910886129351,1.12750045662438025,-1.66473102832730935,-1.66015281200274845,0.64893952941506261,-0.364888292078562548
0.949450676180117581,-0.894313480348696843,1.41601101540933261,-0.0955748765794415395,0.228208138432999197,-0.12884655070041437,0.494801195624076096,0.492185985149241889,-0.511404520953922082,-2.2723832181918695,-2.4357492096630593,-0.0453817186713814241,-0.303097176494538156,0.848948270072642064,-0.715038620894080434,1.64512625169207771,4.5302323087137113,-3.88662441620057164,-3.71332372431019575,-1.74135425099794694
0.349167044610451283,0.758826142945418947,-0.253029355070933826,-0.939275465879982452,-1.12756902563839967,-0.602302668788393447,1.32218187589890346,0.61565256278788083,-0.234511699412526309,-1.14851589862094916,2.00003414319995132,-2.55074450824125876,2.0221429368521644,-0.913244982901332936,-3.47992905549518605,1.07799762784548214,0.127427883734172631,-1.54301629009092589,-1.74982534359029862,-1.87465230953314399
0.899353559794213941,-0.524192197640698465,0.703867642103763846,-0.331965125851910348,-1.87240536125909318,-0.504761360301289819,-0.789051440129867832,1.07078988125667762,-0.370244386996396613,-0.972087274301516424,-1.20130479528768963,-1.63916149562624036,1.1836383891103146,2.74285681973605611,-0.0852785075217101507,3.21656148809430631,4.36449518617403953,4.0740648892304776,2.88421056154656963,-0.523965350406554009
2.25172676624799717,0.10365059523590045,-0.00769415076237961633,-1.80272615586320506,1.12310680849039968,-1.19179234411272184,-0.346151420965639167,2.02572045338673457,1.36292023422782926,-3.49182603706770545,-3.14858502292219855,-2.30897117176351996,-2.0271394045997746,1.86705003664038416,-0.560031621149368997,-2.37006006443060713,-3.67023943361921878,-2.87957339554409408,1.69037604126339103,-1.7652608517279349
-1.1614625072692002,1.07043284801843241,0.135757772156935769,2.45039285960015896,-0.271650128840507821,2.14408708282085048,-1.15360044317184673,0.965865752599667782,0.00695747173765857117,-2.89415550472141359,1.54287956968927364,2.27700285906339728,0.200146972642255699,-1.58542085895163054,-0.580879261048465656,1.15417422475687159,-0.477742911190534414,0.465139387983938557,-3.24729342666253684,0.223159594685422236
-1.94291108658265599,-2.3146975260590259,1.11983390625270429,-1.67028653389384729,-0.600254543388732409,2.31688149505236485,-4.76109811104193614,0.371899310942147954,-0.650242030583841113,-3.63545658793449,-5.77181654477863848,-3.19227004644509815,1.96150947310500468,0.00363312647989283768,0.572885855232571517,1.44680576504869496,4.80615739307181755,3.57239579048664746,-1.94619942145821945,1.69286366832254265
1.03240754654371125,-0.947723907140644917,1.43474477648692589,1.69520158233389973,-1.9417028916966923,-1.26290827729882493,0.321013284535353105,0.965225574659325902,-0.334736743738907105,1.29298863631215566,0.677772447519882082,-0.00943744455808587061,0.94683300360447209,-0.0114574450429824233,0.41368101233561122,-0.838390051392168267,-0.774128436085498972,-0.576052559330224367,-0.418346022527863071,-2.17928724334458535
-2.90384072556857964,0.560734833862118864,0.912476188674440358,-0.567739366607948992,-2.75744582353379553,1.80926244378425949,1.01713303236911523,1.68855647169527745,1.21647928256952409,-1.61623965284040283,-0.736452225852622044,-0.682411102671817926,-1.01392810597355565,-2.55933031867626015,0.281793227639173527,-3.24360253095446005,0.0812928774014360228,2.63362233931145218,0.577435786504118864,2.85042103518967371
-0.0756965673666476768,-1.03611052155245487,2.40695507200424297,1.9515963201122204,-3.68336898996410023,-1.74209770516036566,-0.961969383650578935,2.47956667245615758,-1.25044737485879964,0.869769472446799141,0.280631258798595018,-0.412284504947655894,-0.139564190354572654,-0.483241953690580484,1.36041974265733701,0.552361306350089065,0.0108673538490472715,3.63319996520445887,1.10376334012180588,0.186676613375912959
-1.14353636066654452,-2.33254542108300544,-0.817562783696131001,1.02277245782256965,1.53025556926050532,0.885096091799783546,-0.76649498328074428,-2.77564828205903424,1.16549432566144118,-0.989576647687152033,0.964973181383813383,2.07106239793643221,0.967283152611304708,-0.926195215353377788,-1.37385556067943604,0.0459884857137668815,1.46711271950131339,5.68353316463370462,-3.4381265054593797,4.13644097854046677
1.68580166174890334,2.7400952532780436,-0.616925356926365076,-1.5189984912316894,0.288663969989479963,-2.39663497566886718,-0.235798687998917761,-1.32978079937436666,-3.32839321819454792,2.33801544261351957,1.22736954211965243,-0.651237347231821806,0.433621786307484602,0.925307094032699951,0.0623680046543344802,-1.48058567003296848,-3.6959101273042787,-5.51096606575120429,2.05928817401954056,-2.73686312534247689
4.01207355420915768,0.637157240808539527,-1.61839134263048101,0.598365665407707525,0.741474968827490977,-2.62395139793057153,0.281307549597639428,-1.04076927570862154,4.12992725320087661,0.923812176449001932,1.62506003802068077,0.944299593216084032,1.69915237361589777,4.09016206420682948,-2.84553771333370698,1.16920050886468641,-3.36518473896066217,-1.74325855238671612,-0.518693455049097918,-2.98681455146738406
1.83979740614001375,0.840033869277892697,-0.914665062925271943,-1.3221421203778283,-0.126636169762605444,-3.516313571314166,0.392126723518056275,-0.535556620496029145,2.7977606704007818,0.0367781044994766187,-1.29594427372134025,-1.51791030500933743,-0.213689912235793006,0.54358265728527877,-0.185840637607474712,2.55437225587599093,0.17149499297122961,-1.42969774440941078,-3.43001032957054841,-1.24460614723005802
1.85317317934047043,0.648064387513460627,0.052213251805447676,1.49891643726319668,0.511010107169290739,-0.42379274271955486,-2.68854867695706945,0.705971903196354167,-0.104256034243169871,-2.31679464913006683,-0.846617245882503422,0.803246368507265385,-0.875472541668813609,-0.737542799425752515,-1.2738298465198945,0.284058975346231868,-2.96705803618883213,3.64576348659797178,-1.40894909282956715,0.350482012330919523
2.40895876117096641,-0.24563035173005926,-0.413678970902685184,-2.93232609883377249,2.91797707573146914,-1.01775274118472803,-1.19016836057343567,-0.553163643085961998,-0.415794227692806662,2.67912021552153101,-3.81721207825029296,-1.69236298738693813,-0.391467195784968636,1.48378766349115532,-2.22239989017944284,-3.50996686014319703,2.39526377299386173,0.570101534384877318,-2.23399232686588212,-0.934782767564116823
-1.6344267099394425,4.35388358764587124,1.46380410809949701,1.55529154066490305,-0.95408631178824499,1.18605772200993465,-3.55601514460774126,-0.643374914168071133,-1.00260907502324592,4.64916258982146946,1.27099372785371179,0.344845625046809712,-2.60177514606847637,-2.16839476206915194,1.10576507635244314,-2.09403947063252494,4.011375435239386,3.12771193737112263,2.07108616630044562,1.37370505079328264
-2.87278570350982099,0.198775863326069224,2.17851601686987895,0.3686158541167876,-0.591749946127236859,2.93365839725348021,-0.633372424707034809,2.17077796460333206,1.34974977275824037,0.0565161921831392397,-1.43238423999385689,-1.62489019822024106,-2.14387716381596904,-0.765397232987965248,-0.0835366861155961427,-3.71881797350830556,1.55896082343603504,3.1562038924636262,-4.3603101743911985,3.14526882641512895
-1.05002479976968455,-1.29393889613466073,-0.932670679707735539,-0.413795655940966622,0.447239590096541795,0.733084188812358595,-2.83215994628312862,-0.186615380102131717,-2.26913553815110847,-0.322371394128428301,1.03909054206674711,0.752260849622016226,-1.49190608752106568,-1.2285201813363964,0.331050224734561638,-1.00025353256894167,-0.382360753863698055,3.47474522252011786,3.47476891540621713,1.38462435156664831
1.95986939173678532,0.724927350355057842,-1.16262507628634748,1.31217535167220856,0.708407317298244465,-2.69819376383336174,-1.56455740031743007,-1.88701064531709095,1.02538443131253532,0.559154388267840474,-2.38239430293062737,1.78878782295953997,-1.00080966039376684,1.53755281498970886,-1.29816760155910016,-1.74827562064716813,1.85212481273029206,-1.95399338382215837,-0.0621741089677968067,-1.4995461252199771
-0.917187287657534878,-0.440418279013561009,-1.64712575141181294,1.77433633299296756,1.14869649081733027,-0.227120084608192718,0.816280999360109449,0.186090722378494167,-0.756920890706494376,3.17321708298406024,1.8182010709372074,0.197989255431167244,-0.29327851167480945,0.270413541804443103,0.232537735307572851,-1.81608188910356905,-1.0057091625721073,4.32024475506026917,-0.335300615891768794,3.10570817278147615
-0.784899447561415942,0.55216024461614166,2.2341659313213178,0.384271939745703617,2.09246739634629808,0.225130663282001264,0.87501840306280998,1.24027344403496542,-2.46926620190000357,0.769241229361455336,2.70655188501420252,-0.964069428486799551,-1.86290751286034117,0.118297248778278782,-1.55241065980063819,-2.89167871044306413,-0.230157815574379504,-4.45664644486512973,-0.93602134119956637,0.85217217752851615
-1.01220458571429317,-0.445117323184311464,-1.42262053134998578,-3.3436085398608979,0.737370284244684981,0.22181591698434891,1.3098336532562378,0.762603098077517139,2.90292217013759402,0.530043747238230334,-2.82972953424415685,-2.25710604004909143,0.396140359303731426,0.654890728363766716,-0.655294093565475522,0.618456218452387851,-0.0622511526574853341,0.364103096135418414,-0.97355780616213472,1.31747630835093776
0.46564808288039089,-0.315372290690048518,-2.23078081563616148,-1.78380010541569334,-0.987198150755179804,0.98695640474016888,-1.0928696894498493,-2.29386174836257828,-1.44090761686226099,0.252409436001630405,-1.57396354903275815,-0.202912824715270779,0.329430542141683547,0.167107161939511889,0.00405120893446791336,-0.80878488229721901,-0.891249533503977176,-0.801072753371789847,-2.59937148966649856,1.37051884626855092
-0.913789954520022651,1.41177777520435854,0.226619808359224351,1.55018745872612373,1.88362655701448078,0.312504123682365353,-0.834311191951385478,0.817403095555138903,-2.14993033660720734,0.933915793102148895,2.44644215290085754,0.530950716971561709,-0.434447190635955827,0.440296176065862854,0.389658027170706744,0.850917646428956731,-3.96162609880430105,-0.356511782272507682,-2.21074482495078062,-0.616926432899144506
-1.98078122675335222,-0.602902728917939279,-0.0443521083823854231,-0.241981253902071453,-2.89139194150893486,1.66467565837443598,-0.344438110449553414,-0.700884770694689352,-0.517706297557203987,-1.41699473855210467,0.0840660778371631334,1.14551290533807459,-1.14096590491761263,-1.01228102087141414,1.1034110398536352,2.2508462080578675,-0.936933082973416709,2.51119866544711856,5.46364476977012981,3.19557080796319903
1.72832574854247367,4.64575506515487113,-0.599277692030545817,0.649365233202668146,-1.30774062352893194,-2.47463093317445892,-1.36484081946455649,0.167981996181638005,0.53937057143419076,3.4280251417977019,-1.26054416769569144,-0.0771624501198439339,-0.0762262572905559876,0.685697252282218228,-1.2457455384922449,4.49109664083796911,-1.23749464230278172,-0.0333669526648365106,-3.97457407022966125,-1.62858454381555084
1.52113273080999112,0.072064684663789208,-1.1260191685265184,0.504862201653378251,-0.180969556760612188,-1.15265449820481236,-0.148935015453194375,0.714011212112721672,2.20450874560502941,-1.26867707240434213,-0.246702435989350516,0.448234369497648555,0.0872378132144309704,0.354625880336943644,-0.882613941201210506,-1.15485328498345718,-0.195283812181398092,-0.218179145939191771,-0.138610897824852475,0.277614513033388355
-1.56985718621166215,-2.10223074327632986,-0.00156157818679520288,0.404962180571726005,-2.36061584290905513,1.38495478417407258,-2.43394623086640394,0.703092680751007726,-1.20534702584588094,-1.69471078881851156,-1.82611529700161057,0.00385389839912778868,-0.0716294662012632588,-0.741046993471369264,-2.01357744230337499,1.25339386928322161,2.14110623063573202,1.01028435098717306,-4.00491682758039147,0.256745755474928949
-0.620268222358677845,3.25432348179245468,0.524597486981638439,1.72044569231535505,-0.731735426303804615,-0.700293470306215693,-1.7081772509117179,-0.0901573581147220027,-0.741010491985291453,0.544547735035123659,1.10196261557245756,2.32569784247377731,0.392290142701213873,-0.764628485173123651,0.358608705903893155,2.06466854709036784,-1.99506376490368265,1.59791782786113146,-1.18364493971888662,-0.654773159084048872
-0.429429092005448432,0.167539521706881051,-1.92145606040473571,2.97301569279821942,0.01672168975396357,-1.03077369413039222,3.93430384141302314,-1.74836503610183591,0.719519152106150806,2.09983618256972937,3.26608042719544978,3.19440493311343099,0.196744155813994986,-0.81874042756755383,0.478804525488435995,-0.61166380512210583,-2.51029802037124306,-4.56841683968042123,1.40671077909284548,1.28386799694589726
1.26408847592092388,-1.41418359810578265,-0.348295759841296404,-0.473100861357557745,3.48709771529668977,0.148494327602601422,3.61204641585733865,-0.842254292986578612,-1.44951351622682445,-2.32207654599253077,2.26751143707742164,0.220118514083721767,1.64957324678514894,0.78435836531311165,0.387378568074488339,0.812646149350438107,-0.166274163685535076,-1.747359266741495,-0.692317829307288246,-0.928647593992825815
0.200068860789561126,-3.77323685033849143,-0.61365068053009153,0.266073876149685806,-0.500062639558758293,0.689173988943019178,-0.602677246756904483,-1.51135808798455584,0.422377616358453722,0.387269379002252057,-0.107288088228119707,0.537280158757079684,-1.12367629317572071,-1.04505128338412212,1.15209752649265251,-1.24477513014642138,2.79320513595975717,-0.176559685563134394,0.863819784372891086,-1.14642622669360672
0.113182822379051487,-4.40289338885523218,-1.00205541117942665,-1.07312442261562535,1.59968915931700328,0.508297698729337499,-3.74421664703450618,-1.36580433148076685,-0.285996458771725248,-1.99877004811668502,-3.29934535704379206,1.64522230382062751,0.284016269357747098,0.409642403329012583,-1.46554078808779487,0.934664249686486648,-2.1975369417117494,1.69414100292092229,-2.08513575962922149,1.97555484573415741
-1.18090403317269521,-1.48765359739423264,-0.045240602842660356,-1.14808923297965659,0.909935356688089003,1.47061992514148487,0.909029246793048085,-0.161856242893584357,1.09132481734928577,-1.1151671744655629,-0.662736699975595367,-1.27225467746916054,-0.819646332275355993,-0.806924808362405099,1.25586585055455791,1.16509942645745901,1.03384865728854258,1.5809754417627393,-0.515776670285753913,0.907611218632374817
-0.078007034903339878,-2.84013325207982259,-1.09526862326123275,-1.807164965677448,2.51046698543377511,1.61654287471733094,0.135073251028670405,-0.244528010506018467,-1.23425277048723081,-0.873006007737187728,1.09946959019801893,0.495088508776227121,-2.8186068607075021,0.102524609865816574,1.44942462163765495,-3.73317745483669805,-2.00505871589514673,0.192997855879520258,2.26019109668542928,-0.265171481755857308
-6.83740342282465541,1.75407475680717506,-2.46318864817707661,2.01835107949717685,1.80356272723789912,6.04345880709336658,-0.50578024889171691,-1.85566140978753724,0.618239394763735906,-3.11039366517683025,1.0717807319679975,2.2962786575028562,0.570784873312695895,-2.29499980419787208,-0.310223928895817624,1.22603602136513645,-6.24319415517692278,4.39243638887740762,-2.46821886329695683,3.51830709081906923
-0.772089837894429309,-0.0232725879764753597,-0.612609127807891451,2.1758353621622275,2.26609987885109332,-0.950032918369626111,0.822239168912762053,-1.06548506803367293,-1.41217388855945458,-0.225424544542998567,2.81747731824110925,2.06525060446615871,-1.11619174002380306,-0.485792067230639224,1.37009958125879661,0.388935313936563665,-4.11396541588947606,-2.43046310320160464,-2.27588897901494613,3.913864735496833
0.626615430878056379,0.663416979300504583,-0.221508075491301915,-1.16996183610323268,0.670543426042298663,-1.03827918254842388,0.6549247918105493,-0.944744535053829382,1.46355783745220958,-0.827395974614696494,0.224542533673718403,-1.62564082308518265,-0.114376388622281958,0.298380498929207372,-1.24228759237982356,4.22437107937762768,-1.225684510036126,-1.29189176827382091,-5.67935441270657204,-2.08937640097834265
-0.432350493186355544,-3.56749430998448336,-2.00734599982051343,0.350308026490808166,3.09685462504607401,-1.1604693680172784,-0.951437977872023888,-1.47559010629891652,-3.11749563509588556,-2.88842223987340097,3.9209432362494101,-0.356197910809655904,1.9618935504741104,1.11031168342300868,-1.69584111042008523,0.424672747784038074,-1.42476962316986522,1.91057468472739922,0.833010799265520796,-1.93731061308501906
-2.03454377497160976,1.52330947187411714,0.980539575096037286,-0.632824713624087209,0.658221500728386033,0.618936997247439225,-1.53115228410204374,-1.59119916132032713,-2.17109426710775466,2.86264697237814625,0.869803881670473844,0.575022375531943353,3.53711727737003523,-1.45681270712065603,1.20914177475910911,1.68424076034100101,-0.87368446706087477,5.79833927981208497,1.96604532598065407,-1.08359956734137719
-2.13801548572229683,0.202370088647403551,0.282723019160167122,-0.0824708229315049002,2.25508866743804459,1.7279151809089115,3.93627671643698696,1.20584937639115952,-1.73687243665601865,0.441918905664349326,4.12578352369824586,0.508413215600512225,0.0903911969433952994,-2.38703477294002431,0.354191266626963042,-4.50843267122530555,3.57877641518843159,-0.326000440331124852,0.727301404519989259,2.54965726189480701
-1.86458301641721325,0.417027980945412435,-2.40547967124058282,1.70137084941547223,2.04314028150763471,2.69910494304326498,-2.11822407748993236,-2.6057343270036819,-0.272380716551357815,-0.85838586536912953,0.66665746668689374,4.66887914149802885,-0.455034955021128507,-0.940454335217948967,1.53200872501910945,1.58385784130348295,-1.16239789230967316,1.89930080277709967,0.144972622723909539,4.02780302263832013
1.9353876368535774,2.20839088880083523,-0.500203732499961307,0.077985036105709879,-0.096252841973126127,-1.85988900754334985,1.63839088320723092,-0.901332635701379559,1.47031346038622335,-0.185701747516730742,3.69413300736839556,-0.116977572135787911,0.509413158819673528,1.62969941258376849,0.178985479897083272,1.78043233422738956,-3.76437143052036882,-2.85965449628991175,-0.680450175948909441,0.13724573902899459
-1.85014562309572828,-0.263028559306951404,-0.751441432589271763,2.14375199494996238,2.25685008400794551,0.382576545140375368,0.0509521877077836818,-1.37854028119594929,0.662285303356227817,-0.426012756176101015,1.60122142498645914,2.82518368812303144,0.0704644685303068563,-0.790927042294765403,0.840635993565542861,0.707110515748525459,0.0714405067421225726,1.4914536464531345,-1.77521611914915645,2.12468567132704544
4.22719290634568168,0.643233129748727261,-0.465298097960301305,1.71729767522935739,-1.51000629583706725,-3.53704485201958718,1.65625601327848715,-0.595781253088490281,-1.32049270157194587,2.50058897705374683,3.44193727418704354,2.80057315907129745,0.326463368026989165,1.95669708153327093,0.451920425896146338,-0.604856181741511678,0.604930990977671668,-3.48286963381686743,-2.82148848180071088,-3.72047180592022375
-1.64600851075149612,4.3280365283056712,2.40728262025867679,1.82339913151126454,1.16729993762462692,1.88532436543364734,0.623885870341864601,3.21077749960233882,2.03502346435823256,3.35278830282931573,3.08619578423131014,-0.455350248059198548,-0.255125183815952172,1.06378368065305384,2.62709641633630886,0.139281007448591315,-0.306681500709416077,0.621401088893366316,2.21984514947318612,0.962511024507265223
-0.54572055929750185,-0.915577913410692279,0.183298239606681068,-0.976825948902221075,2.18251279184943803,1.17916324008154172,1.99108019542745907,0.962636754439624709,-2.30086137649297484,-3.42487543655902194,2.24681021138997083,-1.73947527789098766,-1.61879838460439562,-1.318288081073687,1.15297758078995827,0.847001879425485216,-1.55512360522180426,-1.13331563987328998,0.372059512217580712,-1.6153098406992823
-4.0134997362486029,-0.183490141485636415,-1.27664389057088967,2.1901491117392462,1.09889681201429679,3.03115669051184256,-0.3445716215828869,1.00839600677927654,0.907432571443364644,0.49710620494061053,1.92670385849603698,0.790828278809878382,1.93010035910253097,-2.08947291654297818,-0.318413874451482615,2.84059329705499852,2.14669457971556188,4.41368477308660001,-0.676116344264185321,2.41357780186814708
-1.25600310026026296,-0.14099723564857633,-1.42955379350713918,0.122963760512209197,1.95541095584279701,0.0978568295231187629,1.79908210286263093,-0.722044813454660872,-0.210634608902741244,-0.899209870179192405,2.16445790377566194,1.93076035494508846,-0.615720006347444171,-2.39256402263136758,-0.228367575678683821,-2.6314772951306975,-3.98700683904433451,-1.53260089212674844,0.295084176805266329,2.10138920139891772
0.227260487452105392,0.209444105309968404,0.00910542079717710333,0.526182342675587056,1.46168360934275521,-0.157274032371940042,0.105959210579748164,-2.12458182582627719,-1.15369526680978951,-0.109993160481981711,0.429361312687872754,-0.518750081176640121,1.49683239413817049,1.10932154228582203,0.39573731244304039,2.89084989836063277,0.00397741898707683339,1.36697947353402105,2.70682989319712597,-0.994206528202502549
0.217258547748873654,-1.47220232021364961,-1.59144483603767295,0.956073317199789718,-0.168179473985899164,0.266599951730441598,-0.271460406218952843,-0.895852550308959938,1.82804953948438476,-1.22300970992561675,-1.20114048683151764,0.554856524751851099,-1.80244753902193366,2.11232289978823617,-2.03731911981048563,-1.70997967179397992,0.599309570777472267,1.29717856188012792,-1.05917284526385025,-0.368251365377185391
-1.52625523665546603,2.46468380196579906,0.405285395116484926,2.65945232412470389,0.507356864788321094,1.90444569475222614,-1.83212858056751626,-0.0426910077632314394,-0.733755162246411463,1.76034419079575355,-0.372529363330746044,2.57300213611919304,-0.529813154958861721,-3.28957595689460147,0.090260943663266896,-0.382748736695541714,3.37035304259967683,4.65087227633969569,1.96855497081414899,-0.163000927985984478
-0.392948352874198326,-0.925138134941176249,2.65485468818945369,2.13476161226168237,0.67708696721169459,-0.318547739709382827,-2.43909979342419714,2.78852010740094824,0.287422973549596117,-1.4226620987658698,0.463135952212744229,-0.530203208889099109,-0.977273620117570352,-0.870724825939562797,2.19385190287484289,2.54887352165662273,3.33403195469774261,6.09475955639530298,1.52973037397332012,2.30774145881773451
0.571657043313255175,0.21537844133714959,-0.650124999389447789,-0.452588866260032474,0.366561064361398847,0.0935618780189704652,-0.302213646316192575,0.949657106593167266,1.10408673878406893,0.381768971418556202,-3.6605407014709197,0.0953154480036101787,-1.9718499376979004,0.984870064064335748,-1.28274219247778132,1.19313204920455873,2.02174358477522897,-0.53883767875893207,1.33735426695988058,-0.611494742779330469
-0.188872523223646088,-1.49007253843048115,0.102426342086130315,-1.05418173397314474,-1.53878668470395752,-0.887095106245871845,0.555438481172470633,-0.0649705808133154983,-0.70602376473439532,-0.426159669682754261,1.07494451703767191,-2.49349996247773475,-1.24910632517130438,0.62357143471624743,0.391838767605260263,-0.0526132124413016961,-0.899712925596706126,0.825603706374199553,0.609907611122922133,-1.70424760902221251
-0.25868845727162465,-3.22309256818526801,1.51218139640587768,-0.450848382574785489,-1.78380731600210196,-1.28339884914476721,0.666805980280960719,2.30230208311412055,-0.671387300693053968,-1.95105935519067586,1.45891496993743908,-2.65130250388632893,-0.606085856415449542,1.03764747366187216,-0.000517714946279260527,-1.42366930638750211,-0.0655383971376061469,-0.753002098482763782,0.601988555560625804,-0.333218990253749126
-0.506305445864104753,-0.170779974497474785,3.77965429395337571,-1.06171040753676982,1.21145518995259804,1.85530061914781519,3.63740386389427428,2.2863172969045098,0.0260684466464706742,-1.19830262656856457,1.06317737931898892,-2.04904010522472779,-0.254482103338639631,1.00192545039619474,0.282793321648048546,2.63665471503346582,0.804245338164581103,-2.23837783158104386,-0.993614279671421019,-0.129011154993134758
0.381108704721313529,0.685980325882472153,-1.55019372537220912,1.10454057903609049,-1.46961661827072998,-0.903820185523915964,-2.38902124590417619,-0.629438049625799856,1.07783984478762251,2.11934353198815995,-2.39864933980513584,3.19384118388060312,1.83088335099654564,-0.821820857898408863,0.872988355514296432,2.49745428302446104,-2.20531359837782759,1.24146307961540758,-2.10516525692078904,0.274068196458679525
-0.900814627259946654,-1.6966788364109282,2.35344272833318735,0.823208106474953794,0.636791232489440473,0.408165513787983769,-0.294526924881102603,1.85899685145462734,-1.18805620922497224,-1.03140072925886161,0.161553750265923307,0.201298402918823838,0.752910032583686828,0.397776790052010443,-0.124503188482492963,0.9254969287106668,3.60209420468257724,-0.346873601173659729,-1.33397101880000224,1.44152995017260932
2.02771536317788437,-3.07177828457097712,-1.02110194968618639,0.242624085167729459,3.92328245876753456,-2.47655015281560509,-2.28141462514476379,-2.11228945066586604,-0.908608955995289569,-0.166529536683572371,-1.38404423739765292,2.29801007749051145,2.10659079813061689,1.16748676224497783,0.919830480997735345,2.9896744883353481,-1.67383790618949568,2.67668712287555044,0.558470954804613062,-0.85848214324136618
-1.40229363107236971,0.117649260849898171,1.53374475414766431,-0.245237932534089875,-0.991643134579677787,1.36253827019739426,-1.26247161482616166,-1.91570633098751686,-0.285207210197164718,0.472155101069782757,-0.0435101871126030437,0.773386740873629241,-0.435867906680535488,1.16787186342299343,0.853716317937436187,1.10200922386129752,-1.38100706125518169,-0.877920326893215974,-1.56974543692245705,2.50465743938832075
3.4464014274547452,-3.70951686415130588,0.40610584358555446,1.04974157548258207,5.06833557392053713,-1.96887780771643106,-1.40147889808318804,0.463486137145758093,-0.0826676333800419466,-2.12410137233174323,-0.491157653562980856,0.47002181323329667,-1.12044162023893645,2.38622416447479058,-0.503246461334501349,-4.07842369092714385,3.01980572944271408,0.531177976209072034,-3.31152063075777825,-3.04153430859154117
-3.14009711282260717,1.21505776455320058,-1.77417676131400159,-3.5250768351016819,-0.58248672048068284,3.08186054183178326,0.833348123473751312,-2.71034865216066612,-0.943073437679942783,-0.814904462476566116,-0.900663509891797776,-0.304248589950859294,0.822183215965753611,-0.894501826194347482,-1.08217453211966719,0.22775478250383327,-2.50850416769724971,0.695880982158878503,-1.52356160320716838,3.72222034842745542
-2.63825846518498297,-2.5753414657560163,-0.13982838130557404,-2.0341907874887073,-3.12430581626525328,0.866630650598451791,2.62335636067046041,1.36086274991572109,-1.05744091490545844,-2.65893765536427917,2.86209524594064879,-2.20833363430320873,3.05508920900913505,-0.317390191984286918,0.170634460640537888,-0.987168184835559903,-6.00438544977344879,0.6126705805101057,0.929093954923927767,3.24430813754224445
0.157192205449603772,0.871507083332452304,-0.430580384782623005,2.55343707501531147,1.88578603942562784,-0.782818817484161933,0.431232061268942479,-0.948736762933284239,-0.308786847883076032,1.86435040805019803,0.113372192699605745,1.78512449896715575,2.0540667822326899,0.172473079107979682,-0.611326931734530343,1.65234516980974133,-1.27828025437864179,-0.369565607394906959,-0.373526769745067377,-0.431637643996274245
0.18100593270656562,2.27679739325716168,1.0950044488524866,1.58985648628436294,-1.33294267863812843,0.486987361185656942,0.294299838849954143,2.22006133286026852,-0.217449315228157053,0.207794364713881574,2.07398502755607561,0.219882682970931692,-1.44153557726140291,-0.535145685765481161,-0.660243145609210602,-1.03861280191298855,1.82062147215367731,0.268922915073446844,-4.70529786959486263,-1.0008584063855761
0.991310781508906724,-1.30995895296453835,-3.20283025770246965,-1.10793797948615369,-0.729414515031648003,-1.57776618196478724,2.39037314099005282,-3.91925949775758609,-1.00507546310410123,-0.58995196218276813,2.94166371866986243,1.76499272736701185,1.91614107793174049,2.4231166144020766,-0.177399938771314214,1.59795590492716144,-1.93455784536192654,-2.83301503458575654,2.95466986578386326,0.550982105015731416
0.233134044071904079,-0.774854750679218829,-0.901239420610551178,-0.040514931977470213,0.77945458719059757,2.24547204242070553,-0.38214357290166473,-1.45279006083165063,-1.11965279592335931,-0.795230535856493947,-0.299054063122142666,0.421845959957790062,0.777593532535081233,-0.767272910599514524,0.0555359506774567094,3.0227056735918949,-2.65119514556387159,-0.883256869027079561,-0.854210519921686395,-0.606251359512650634
-0.229653560529014561,0.118902352156890545,-0.828505912495244745,0.367469759393461326,1.79314660252470381,0.493137387089903456,0.717840753070420612,-0.960640199140761375,-0.0672544454621730875,-2.00211265431513441,2.24826645884275811,-1.1395360557732539,0.314481709313589208,-0.362226529305313183,0.999688855005852584,0.48417086977921675,-0.640433814782692012,-3.90459860235377487,-0.643504424220725624,-0.951239153273048532
-2.7144125358259874,1.12967899783185399,1.55606374446765372,0.212770831616394041,-2.43503079079373919,2.88959266990227936,-3.52859788395730822,1.81370389709979807,0.89377954504186552,2.96999793963816661,-1.65427505536999475,-0.23503062804689448,0.515565112730132946,-0.651680783749760795,0.728757709646556506,3.47957655819927414,-0.162947624825463738,0.506715722046714112,1.63329240180978297,-0.148460051955803113
2.51562548942105657,0.510354673328729525,0.247286459895990129,-0.131014231027368311,0.42235713822986426,-2.58196850282096158,-2.80553224104003096,1.15045412325220986,-1.66770702318813258,1.95502583255670959,-2.83244634926355143,0.241192481718034452,-0.448600182634430078,2.39151421557103205,0.503152477979458945,-2.71369081346568874,-1.78630926978417404,0.288816048280163273,-3.35005385747212658,-0.846395136237154011
-1.23313072373491472,0.267597386773913315,-0.367622568339799505,0.517574787644829559,3.3723761193675359,0.170647326336000077,0.968490488743786737,-1.53421838597823168,0.147917033978375717,-2.37420710699293203,0.0801409525243236553,2.43277830277590645,-1.18462902213354404,-2.29794560335854614,0.0745741395890908293,0.367850502668868873,1.3697955196929581,1.2286611859778036,-0.867745986282527637,1.29687587172731011
1.80457349494937325,-2.00132393337841785,0.531251323111186391,-1.59982973416150354,-2.57747442582423991,1.54752002632115038,1.0208631884296393,3.07076127704758095,-0.234859116847662475,-2.70660195076312338,1.91532325388155855,-2.59082055387463672,0.0363908500716023514,-0.698959795217960478,0.382343622874917854,-2.20398665911047953,0.954497955069244397,-3.33544968518355089,-1.27123770816359594,1.5763958496690198
1.29588878700663623,-0.488922187328061197,-0.37083597247727168,-0.761436791964704152,-1.77842827156140038,-0.392741712450846658,-0.263046484575932993,1.03734082550382012,1.49575569231350336,-1.55256642317986016,-1.83278784491086877,-0.897123202289179855,-0.316554409303644146,0.418807947276246817,-0.724245136732994288,-2.2555889916721954,1.68055152109404493,-5.06892447238851229,-5.11876094383834079,-1.49842436510745247
2.08396821890376716,-0.826783079584836322,1.57123471058831532,-2.90268545666268496,3.58653362584441204,-1.70298779523992261,4.8214745830782153,0.375341431719996121,-2.10281549482037899,0.125444472794866618,2.25593955135123858,-0.375639027349334853,-1.40477569986375017,1.50820822338829386,-0.218752400464318708,-2.87727688661057535,-1.87108495639204286,-3.2258526201247113,1.52433152283778139,0.401244612646005194
0.0440741515037780182,2.56278134159289017,-2.19217901046294905,0.237579745735381015,0.780888274965944706,-0.849196432157093173,-1.9466786381035317,-3.22081704008495118,-0.623600616814031894,4.14510861217789373,0.833404168091709474,0.493681783284596554,1.45875601478455064,0.983061686468259532,0.28106957039292696,1.58822933913361708,-2.96803950119222826,0.0306018564661085964,1.67600354565529308,-2.85785438078484022
0.944405331711530405,1.43937376700957209,0.148422976940358831,2.21410862428838762,-3.41595568333318989,-0.842474094092330983,-1.1133887669260556,1.65462617941305989,1.19555837042834989,-1.08065029970561333,0.982054755750668584,0.436161159906481022,-1.11414102617946087,0.0813101553008434008,-0.565732469282785644,-1.39886910623560667,-3.20661558778533173,1.63659319969092731,0.435212879988997214,2.02215668114545188
-0.44528609520168605,-2.38920337434389607,-0.84530536418960911,2.7280373400474458,-3.51336368369813856,0.850794434407833644,-1.72205326511867196,-0.362710011784461606,0.909067456033013865,-3.28524193605996384,1.74880525913708618,2.37885377654119345,0.781648915563124658,-0.777774232379643049,-0.495380581746069193,-1.6423769891226474,-2.43707489175087133,0.665444346229482564,1.00853916845029645,0.637520809945626432
3.58075253818673866,1.23939874735193656,-1.06235206777212232,-1.62263738417816739,-2.25077112260211676,-2.83393376523867646,-0.571685014622237531,-0.589460505492289899,-2.21350827180940746,-0.275223271104739875,-2.08571185414423166,1.37676726608598621,-1.06876843389477671,2.23700668313172324,1.5018336593226238,-3.43146423156275082,0.0668998591347461091,-1.53950322688226682,0.0478466718989209172,-0.407956096249469657
1.96854270038423063,3.44428400149315062,-0.0500377168159680599,-0.255413462586518758,-2.37445304086765363,-2.38288619139059854,-0.578696079843220912,-3.0773957306637465,-0.0635369800673893786,2.71938472107929607,1.64078092146526178,0.804239334229374436,0.491421372111902732,0.207316093010307734,1.5700707181796556,0.00848296543228199175,-1.82220201179973529,-0.957130150803167989,1.58535900650187256,-0.443759664250448049
-2.62025950064575719,-0.0531675503119199769,3.26950108258538474,1.44004743032657778,4.52950756730980419,2.24681180233406153,1.13025563754757941,2.81744646540498822,-2.61773254746245332,-1.0147835368108522,5.90036480827465848,-0.984180975015330861,0.631516069552586656,-2.03247951996600396,-2.46321867504805336,2.3507282588377163,1.47982751465009499,-0.334527393816538732,0.156940579886604925,2.04941100597893344
2.43414306823300386,2.11675392610745527,0.922963185439568012,1.19039072069169793,0.601230488494164717,-4.67286045278470574,-0.988540092189601483,0.106102684795362029,-0.474501937024502773,1.09168000903619733,0.582760293039469413,1.55449441960515111,0.027561315996891312,1.25927516945845785,1.16299326661863467,-0.306920847258116802,0.170370794082776361,-0.697684123901212927,2.28850510335479607,-0.67538278927660178
2.97708861612734799,-1.12729255904506331,0.49780145646500179,0.643031331162499553,-0.882569643882124,-2.79071856188056167,1.22995534890221037,-3.00945191144810842,-1.69318406326020221,0.740533304737466036,2.46736402200337235,2.45586984579766598,-0.0775411271146594083,1.68120219754568079,-1.24844696079671991,-0.59239959254074126,1.72113682073326291,-1.21600516096145683,-0.72155348172586864,-0.457916249521089724
-1.70279608651243941,-0.280239493695451425,-3.93956590170229681,-1.78964207055522828,-3.00662592039304188,-0.102536748003486833,0.450020515247657849,-1.54734770163657731,0.438224707937459323,2.45328920362052871,-2.5260217912639833,-0.364483187596684355,-0.220322106563652448,-0.271294947979915324,-0.34223781403142095,1.73126900708079434,-4.63633079998446807,2.12809780778835256,1.52494653162808524,2.03556356957497275
-1.26484145296759687,-3.17677926658496235,-0.305906819136452401,0.697287250873780184,0.52932330260081295,0.635679891296918265,-1.21751570022942679,1.20607000827880917,-0.252783434734755952,-2.35340028979160376,-2.41523188671538014,0.810071211985507689,-0.295345321608480649,-0.495219825189346097,1.63526038056743794,-1.62817263164125681,-1.85469094149924896,4.95788580164198756,4.06310175403098839,1.28751792865465609
-1.85444508560337074,1.84825318700410346,1.01397575514364302,-1.06762909449899657,3.82507039919964109,2.10613198985826822,-3.68597742933965522,-0.511411038352389102,-0.206682374796614471,0.387321742934763735,-2.00355430044521166,-0.546419806419552345,1.0530203152069022,0.623247426671947879,-0.694247295926420316,2.0856828850252942,-4.49924007081524735,5.38171615203910392,-0.292120569488476645,0.840628764582454835
-1.69156416857490011,0.775665567673076484,0.895340250520136216,1.51393068211597392,-1.89708203112018881,0.1796529716195224,-0.137374623562360076,0.883168931088654574,-1.75273123166030165,1.82149042791150362,3.47330633995095628,-0.251451147709221501,-1.01938708653581189,-2.46285144850070736,0.741926618765009871,0.250137142893063436,-0.710074229917357469,4.66572527621121402,-2.95209832185258669,1.07562299922293758
-5.05879516396570672,0.357240597375848401,-0.992038992200722447,1.80425853804973357,0.67485172342466837,4.0001454420984901,1.25614617870785783,-0.0737990374059506599,-1.74261535212907814,0.313498175550871561,1.95778625836244036,1.67751498573937985,-1.28422043034168443,-2.36090920696072049,0.937046043131908757,0.578089284272171211,-0.0224335285788224634,3.63163428774706531,-0.0527022447305204589,3.31673774760443596
2.05015456375411453,-3.77658251777455733,0.823949054098395139,-1.54302556377021727,-1.50184222006383594,-2.07466111648697416,-0.136046818788687685,-0.088398543982530664,-1.41431764016627803,-1.53720719992498922,1.39433259834466416,0.245653567349432972,0.236563525548042303,-0.849968168561536563,0.0611267029247549026,0.848149452702730677,-0.682902582539458236,-1.1225069445232474,3.96378040755310446,-4.30568552827105311
1.03951131484560633,-0.181410214547581217,0.684835038971052246,-0.295879204968605869,0.790910671560839384,-2.88211344356665888,1.4835029429359039,0.749446097869530647,-0.0980777721458781226,-0.499473442205662255,0.124144584389199897,-0.790744286911225225,0.893164324273625465,-1.25392010295092615,-0.743471328512632201,-0.0552048702936013477,-2.93357813785697452,1.50360753349368848,-0.934833269430549008,-0.950921339818645572
0.0560518958474897563,1.92493914549119305,-2.34713425811603349,0.00806829253001583625,2.15922699578126087,1.21043101868769587,-1.05025542956497109,-0.0674723109746505761,-1.14501472744437716,-0.476530119073170555,0.793718924252315161,0.749998136275011329,-1.31749491997745838,0.717646325937110641,0.571666422962006981,1.23550046729261753,-8.3742894027512893,0.780831223668963292,-2.07985091604729266,-0.0607817150829553024
-2.45765036860979214,0.0242583763211637708,4.52632595501445056,0.966697265551444862,0.842440873451414607,3.51521807119105212,-1.95722725916364793,4.50668558213777448,-1.05841778478248405,-1.44891652190282927,0.790151159933080272,-1.64245987646967073,0.0297882351525390852,1.41020043591156496,-1.10282009424337879,0.233473012473567998,3.50890081471959681,3.66588663520394853,-2.73356154990115163,1.0557712161479067
-1.63134426887606643,0.164058354491470659,-1.12653141490616893,0.607048986809137769,-3.77192855859511234,2.72363862337766971,-0.102824129915165277,-3.20215962027340328,1.30627650677337792,-0.147736875026303754,-0.0835908250840482203,2.85961629002317208,-0.352471347533177604,-1.10865294873383413,-0.960810615146119207,-3.6662369334476308,-0.75585888193815276,3.06817745122780616,-1.03461537209693866,2.70240064479869879
-1.98740680375241285,2.00121553442360911,1.53856717644869301,1.18438711573907685,-1.09192451399168156,2.3622532710835018,-0.0322562874030817778,0.134938598115228348,0.586850028398253176,0.435997048547719923,2.47482011478693353,0.433781109675276111,0.769121765344672137,-0.20386294030675689,-0.694217717444205129,0.239304461149451447,-0.475714426171389093,3.19487902167623172,0.118490200284061306,1.7329976490562824
2.90806650157002844,3.04615382136443902,0.00703488744737322275,-0.217544911076610281,-0.516876921130767553,-0.368280666269357737,0.0439594533202378457,0.0229834267458886646,-1.09909079614345107,2.76790321886568425,1.73202430658579076,-0.916272946496653029,0.601135456826973891,2.1724635544123263,0.527589912161678831,-3.08897056471585341,-3.03796789227681652,-3.42133343797813527,-1.28168777476391793,-1.65341860662619622
1.35138101151535306,0.114986404839413747,0.527440847250125966,-0.62442922358266828,-2.66095961298055261,0.65678778850671693,1.01040802910981209,0.758626872233324034,0.224146909959634433,1.4789877430173759,0.579640708388388659,0.91591070555131171,-0.996738729578364291,-0.0634740140667614666,1.10000141125377682,-2.41940112216822456,0.826178637883660749,-1.85543148540102898,0.0833399184981210295,-1.34543190199290086
2.72620805576814718,-2.09351942127246105,1.92663444753165458,-1.32370914224996405,-0.189021236692212213,-3.48114829720337093,4.19761125355498965,2.80502249336716769,1.21333055463179473,-0.385063893557571202,0.415111551586254846,-2.22532589873752862,-1.27490984901318649,1.083883156813648,-0.315634715810066246,-1.74576201443432666,1.03482090582071096,-6.32576019378258536,3.07172359791092964,-3.53444567348926997
-0.857468260013722783,1.31236819038579844,0.0870749257204357502,-2.05684366807833463,3.29953443759757725,0.504931356181230417,0.910588910072532953,-0.0616846341250147576,1.88495409739531383,1.6821455740486686,-1.90049178262625018,-1.40926196791465874,0.407031401343346644,0.398925668709421255,-1.39974107356008126,-5.28712812311649749,-1.7388733546638202,0.480992345236172236,0.664623984900712284,-0.423512817074186809
2.6428498406543679,1.31515111825787079,-1.58818197893471513,-0.278878923938377155,-3.70979719800743268,-2.82117754407450905,-1.0957965860993264,-0.908709904228836907,0.656251507848054083,-1.06791262341987636,-4.20801016714058473,-1.04569977898237654,0.837649976336155122,2.5522724774015173,0.297196403675042686,2.37070342374729126,1.0145878289884851,-0.802091358010715849,-0.729999883823998164,-1.64267611591082474
-2.22392767399843505,-0.356195503238532829,0.719774626000492357,2.01866504901794031,-1.49632673974975527,2.79119564916022878,-3.68887479582998168,-0.369169743040702325,-1.07053669598662271,-0.251045441409149139,1.41036737057912243,1.1605842614037496,-0.666652782822881429,-0.652788479992123083,0.224830676387196587,2.88979908290446152,0.998974051363735072,4.78450306150154514,-1.11202757118602613,0.697822398683605738
0.175392712677728685,3.74511085055602777,1.72306835764425181,-1.80789929751899003,2.08307948372478346,1.53132093071769759,-1.34190153666046474,2.80443969988209663,-1.41525062958425552,2.68108711067809002,-2.93953002605904024,-2.08959073101774973,-2.1443424687498478,0.89962637687443836,0.75424088740062567,-2.56622613046141401,0.390097679049054402,0.16019658700917852,0.441459591656723604,1.02570437452820085
-0.30719207155683026,-1.10836892039453461,-1.45544697630515518,-1.58122565548203964,-1.10194073742081278,2.09561023100975863,2.56217868340504928,-1.54125008630224825,0.0398561383419225659,-0.657455385264029801,-2.19892827253691081,0.491169927160409969,1.83025467538746911,-0.652422107622469771,-2.31244549386547238,3.52192488398612991,-3.05803202579723488,-3.6085700325255452,-4.99990746380808471,0.0708702961033968876
1.96569125272200784,1.93638931939885151,-1.13927108579286362,-2.45217616709014408,-1.65766247195917704,-2.88058657135898999,-0.753965850065761667,-1.50112933058535347,-2.0955519116539767,0.609630505394196609,0.888732704268946905,-2.01155829397187036,-1.2892040287769031,0.348942552639122827,-0.0932988194200279064,3.53216602901528454,-0.499538737119352982,3.98781498005820056,-2.44616295735072153,-1.56172311167409483
0.908261066680944085,-0.502831072788038291,-1.27228012436672921,-0.234453002419840156,-2.46768059508984239,-0.251990525943102783,-2.1129745137423428,0.214405425948716449,1.82966210067807111,-1.58244700022973794,-1.89492194685013327,-0.692751603772266522,-1.48803046252014037,1.36705576897225245,-1.04777336387558129,-1.98019030069028878,1.68702863801423342,-0.251126919508363022,0.756952936525243314,0.172987773129995553
0.373227744833269259,-2.11878917983775672,1.84871272222286187,0.0851116818672425501,0.97222354796119792,-1.24752019633483391,-1.48836824584793925,1.90126840698725563,-1.14875787759163117,-0.14349430628185994,0.65727114741574133,-1.16551124407238671,1.22208702996570651,0.0032286300396717634,0.341144054482936998,2.95170086973058599,2.60690910500625561,2.56733159006717981,0.533134424043345878,2.29116839358419311
-2.05164360975485183,-0.629874885889726399,1.69130508239594746,1.34868550067417847,0.773082404498977027,1.01610664391437755,-3.32712824108343375,2.13630702247135851,1.03947028684240994,-3.03179397750079138,-0.820496248967621189,-1.72102298066217441,0.275871396434527905,-0.364274839589989019,-0.660715500958489632,0.222507674662923011,1.13060087225716366,2.07127108132468418,-0.884964589046817407,0.216085492301390319
2.18553000822810839,-1.56401537286315651,1.35147301498174799,-1.46615942878195016,-0.321127589014875314,-1.88485713975737346,-1.51255467458839998,-1.15907511997627322,0.746365324269170127,-2.52796880965846293,-1.30765680311741783,-1.13261631026959009,-0.0874632705213975598,2.37894433077839906,-1.43135925401132158,0.241622662041007547,-0.912486997479619921,-2.35979274571077413,-1.35960088161136738,-3.05273088806059523
3.07582462726150485,1.50476244467148224,0.270342648307314637,2.28981198692508636,-1.72578495088398021,-1.78761531598959378,2.82796775587714233,-0.963483737849155197,-0.223163367930725276,2.4601511397251663,4.89652679472206653,0.385196945474017338,-1.26386750200317244,2.47344783282281133,2.33359734508131922,0.587894737949178681,1.45211545976930267,0.00922382290986428766,0.531388658591961494,-0.885242949365280141
-1.20719485665914017,-0.313019827756241653,-1.21117430094471912,1.09404752405521988,0.288768371193374396,1.7851589717508769,0.527764517423711665,-0.509041306547442285,-0.965611322861158583,0.246642336884111441,0.908487687259920129,-1.07091059477770623,0.704821456018699277,-1.25629203634134679,0.739319571645773888,0.398251926228865072,0.897698422277388719,4.80443766325312804,-0.208212851725271819,0.8319184130748003
-3.26892238026797166,2.28913312976190797,-1.88982307645286074,-1.33785842079003348,2.46100034741527862,2.68235424314579829,0.26990277133229823,-2.82879505993148372,2.55683420608929035,3.21509219139491664,-0.139931096484839923,0.825111704222785347,0.688840208227890272,-2.49231016715898956,1.68894101919980999,-1.11447443583082961,-4.60424189476709689,-1.81285448958739703,1.93804296423127842,-1.90255954927502358
1.1990355806476567,-0.00718922092100097825,-1.64288492907759553,1.75645989106009326,-3.40288242703996247,-3.70547282053277627,-2.26516501775920975,0.078174524142727797,-0.849511707272680106,-0.139775912972204791,0.596405883174052853,-0.169321046395257024,0.143315283625827655,1.22494266674124619,-0.737857963847062481,1.03210785146319139,-3.22571702447309905,0.195627090243927881,2.10492411509725486,0.230572647851213591
-3.63062908316410526,-0.529037607771516427,-1.32127687497692969,0.0841357408702999715,1.31895593850126547,1.77016043517389754,-0.626758912768177745,-1.33907678475463321,-1.32001329546572399,0.172141940526981979,2.04282167329519604,2.86057213585564485,0.109847933744293899,-2.10265022159362669,0.44826412613679345,-0.418583282512272448,-0.878837351612008599,3.67707366945218261,0.384671532862648269,1.53950549209968202
-3.0816264884273461,2.56845770273952256,-0.256893293841146675,-1.87075326062312031,-4.19588318884053368,4.85406619989598553,0.202992695397731543,-2.45889323311728569,0.106558692058272744,2.01750833724664691,-1.69761834554848456,-0.935639366582285747,-1.22433919456980034,-2.04951071719515721,0.742622381241984209,0.349797099327567473,4.43168471081083393,2.90487918457821781,0.923815857739078927,-0.149883467473288429
-1.23785537924265054,2.19129243585306011,-2.70479222690994137,-0.608095515042632373,-1.18975533648057308,1.41245808003540607,1.74509473514172941,-3.78172280589355614,1.00146091520719538,1.54448269878401678,-0.226944488659689025,1.8369926985210181,2.25482772658399533,0.396431615831567663,-1.32904435320652237,3.23268767345991215,-4.27568394158589804,-1.32692552527445984,-0.0221868094780054183,1.9679755158424983
-2.84581511303925261,-5.73942385172629788,-0.96039888923722716,1.57302897790405938,3.06469110218700269,2.3057499119313376,1.08204127856408183,-0.967166320343429864,2.76029618205671712,-4.54294727521517139,0.686016125578481128,2.598707100261755,-0.127856233936448627,-2.23868987673152464,0.0961820525659093928,-2.14170843330493454,0.903453267466112431,2.78213125635299763,0.712746825330972111,3.32410400903095571
1.25259576496791669,1.98826911990829358,0.640871613280611374,1.121868390249813,0.551148126864172694,-2.1084612909401268,-0.386233813124111258,1.50285920232311265,0.349541422357342535,1.94733871704018835,2.31704082580217907,0.756799331132135933,-0.49914800401098125,2.10211919173952921,-0.161088582962769095,-1.84436013195989879,-0.698274253820415414,1.95777193380552883,0.249086919756564051,-0.966087121222471534
-4.31958273938370052,-0.53841835865229859,-1.18290901712274499,1.43341422657716877,-0.539951316130504955,3.36502698063250394,1.10367326949409161,-1.32645295373282424,-1.81579071028319161,-1.47466122841409231,2.66593940624423409,1.41778707006491689,-2.187400333583426,-1.21859623303543407,-0.887907293154003296,-0.187565518592052394,0.226733612779484284,2.62444983091431716,3.8827831194480833,-0.206040227952065419
1.79702379725881856,-2.39904059244448797,1.66258773780429947,-2.60805710209600061,-1.99701189000337465,-1.46265779633263726,-0.524297605825051027,3.22355794513057381,-1.01444100927182701,-0.456085517139295127,-1.67859123042785141,-2.34260074715847377,-1.23736691081894512,-0.383144115772974303,-0.63479343428984436,2.00315446184979207,2.05632205560340964,-1.19193063561282231,-2.32189379268349372,-2.37365257254699236
0.311901817615368226,-1.32352025319960731,-1.08046083018701422,-0.412354397001342132,-1.34259022295750241,-1.75445690995621773,1.01479643438456502,-1.94233044635536212,0.527574798900687925,-2.34307738752415773,-3.24639270308848316,2.16967994207935178,1.44583603609416556,2.0422978906472129,-1.46878861969934182,-1.1883783719942389,-0.0903911343460756939,-2.42101636644570606,-5.88124837800037792,3.20441153150121982
-2.58646301172093906,3.67729400746068302,-1.40084129184571116,0.157760920278730399,0.579792390633653176,1.08190431264172071,-1.04010428489367168,-0.579800101877110619,-2.99129972599729665,1.12408540317712258,0.437383922938490655,0.0737639551065425308,-0.895543634585256765,0.211208263004575764,-0.776963201150108751,1.2153602726563324,-3.44456165111437329,3.03510442673500336,-0.727811326671128578,1.88000114658184714
0.206503074533901043,-0.414876331969642964,-1.2277257479683743,0.907656752810056755,-1.06716861410482866,1.41365059827414341,0.806432421542030875,-2.78703217747934717,0.640702536511621012,-3.06332238262859535,1.62614486961764837,3.05931338872799108,-1.28870584775356978,-0.261898905240796842,0.35881665591055234,-4.46578229065054533,-4.12099599835024044,0.169714568483055855,-1.95716503434193845,-3.67444649396755274
0.0195408179284737304,1.68782118754686428,-0.933074869661309259,-1.78776014916945081,-2.64889725313291713,-0.724867790177923133,0.606506823378005877,-0.729058067834429391,0.576571017512452433,2.91175045252990428,1.19848549099199864,-0.949105264122969472,-0.620948105739978717,-0.745653825387543767,-0.693158383627156871,-1.37005150942306986,-3.21335264557660283,-1.26704909326049009,-2.00808625341178448,-1.91907947236336995
1.4385505638778,-0.996335659531841444,-2.78845556361408375,0.584756686500627842,-1.02977414254419997,0.0569842584469963526,-2.2118209963496378,-1.46119392273581061,-1.24128517675523331,-0.984006594391749867,-0.323510065589071583,2.9449434479323835,2.22895221240273456,1.72299930004270685,-0.0333695212835132954,2.12639194714261226,-2.60422720077150593,5.41294574703303777,0.465361921449972848,-2.50758045323971857
-2.39776305376143783,2.48755141167751415,1.04598364387730469,4.5502049336636663,1.31842676651932256,0.757263137469595393,2.04485187439255833,-0.142208699159336954,-1.25705260748135106,2.57571661052191248,2.78870308912774467,4.28299560431521265,-0.458117701963021484,-1.29697961333093104,1.62353072504441354,0.643044618481753427,0.00842568351516652207,3.80674517150188452,2.76461104037072758,1.33800201188442447
-1.08560562878424416,1.86724911462379106,1.0375519298087803,-0.168107512297978434,-0.385535799176140059,1.28094053139824071,-2.5835336637987143,-0.0951643447307360529,3.0971948934793545,1.58437731603211951,-3.06884836571784581,-0.249529601481168734,-1.33503821821264257,-2.18494556688365238,0.0145441096170637104,-1.98757644697061164,-0.0779907863828598752,3.76059304150949147,-1.2890346061236635,1.78381323298731465
2.29548956669537008,1.99899511327606194,1.27471792612543422,1.0953403251327769,-0.292275057737938437,-0.976964478355068833,-1.33492283176965532,-0.229336546933267216,2.23759914907100166,-0.251078267838047764,-1.24661383586942165,1.17206243111681063,-0.643460655515161184,2.15507504675231587,-1.00440524992288571,-3.27237499775638652,-0.89668134057813409,-1.62732627250103623,-1.75935476539411728,0.250486367235913443
-1.41277761998086082,0.471340511794074324,-0.123992884873418072,1.60103595288598632,3.53123874505611735,1.25071267120867269,-1.71960972440822113,-0.662099777837933834,0.61838414215666937,-1.5266680850219474,-1.26023116229560195,1.21931377982328248,-0.863046365382911351,-0.112009850247174345,-1.10980538923710936,-1.64282969487158947,-0.695030451524709991,-0.235908453246748195,0.121614892146746742,0.431690767586748625
0.1071408375283735,-1.6283833370029579,0.727132086089685825,0.562010438965553583,0.336398038146446643,0.467916201614850924,-0.963832090045770973,-2.72722959225403594,2.46229507556755411,-0.853567104976174051,0.161524369787799688,1.40959955895177291,0.808017444526693329,2.53442500491840184,0.657851549942132796,3.78489537807371157,0.433154690849176516,-2.13073968997869923,2.49637605922423367,1.03247999910216204
1.21452711334352648,-1.74280198727074231,-0.568035678104071184,3.06271341587580004,2.99363746493136373,-0.602231791034711805,-4.32908841709403713,-1.7642334661952086,-0.630016483162971208,-0.72048368175646571,-3.50525313729687049,4.29391868599462878,0.873979262775057997,-0.594686238064957462,1.14565997371026818,1.49115285327724645,-0.428393621188122187,1.40973089149687802,3.03843780428874632,-2.05794548769509333
-0.880233515890087581,0.727635343326642925,-1.50720711825882803,0.605047344118203045,-2.08286443480732153,0.382119384481521107,-3.29367228786963784,1.97906030448244707,1.07268660380327319,-1.4197052693364367,-2.93602592636735737,-2.70989724373230434,-2.9832770201464669,-1.05798044520418366,0.916057070291933284,-4.39429942369473725,-3.97712057490558424,4.96533808625281736,0.69738281164926863,-0.535522651319082721
-4.35926739285625686,0.816863560609495942,1.93347116392243357,1.12636064135799163,0.95432193655895925,3.37986054797632152,0.059758935997468822,1.36625809471624593,0.58618560659135277,-1.33522374727948989,1.16714693006528902,-0.489894747820500798,-1.45671096906006281,-0.520635478481641489,0.349728868183111219,1.74489326691126045,2.64974005801288337,7.28659525031539435,2.41722450399300781,2.27438191745440799
0.814526129736636961,0.130049571714626166,1.87353701050927457,-0.36724587056298208,-2.67832702546911561,-0.483921914415023247,1.72155805095037584,0.68035255538955508,-1.97670869000732252,1.28227693293731249,2.27213776392099343,0.0972331035148084055,1.24404931712147304,1.46769704615334406,-0.754604891213377371,1.00338501944538327,2.68104273339422949,-1.91312495642070912,1.08307101250823967,2.52891171442011586
-0.724229503006338038,-2.00884324473075848,-0.0771939554597352584,-2.66666389008059124,0.524908659460868732,0.980283226244949457,2.81229861191097985,-2.59485185910016725,0.645814428150448983,-2.25656247385830078,1.23054724164954177,2.54724091722514201,0.367631294475956605,0.685567416960132681,0.671866038028525625,2.60619613996989363,0.586217341612221832,-1.85687220769559325,4.18376961816901005,1.943988731431747
3.37252181508852455,-0.458146588549296518,0.156906723218738497,-0.647709598012234711,0.977899522828564294,-2.32081543827849313,1.18676630883544854,-1.5938247738611544,2.59778840771902697,1.81818485463289337,-1.90322958490040928,-0.605423616998342351,2.2123526896360719,0.737412272806673652,-0.351322573404863892,0.827178916719425783,0.210952619782859535,-3.78133162727648875,-0.565787724183136276,-2.82518284991056046
1.78163496748122974,-1.33920978547124303,-0.257933991445190358,1.59422078849871363,1.58519627913899819,-2.14467991761232879,-1.43783481845696492,0.215053397202345564,1.26222900144628025,-2.28371543906276875,-2.61776054725243101,0.121073638403603578,1.40873328404305576,0.027331276300267094,0.716629603889212596,-0.146489763749835356,-2.54014009805010588,-1.45378707585299494,-0.731094991793358351,-3.01644626571138419
3.34746745927521738,-0.483801946670942784,0.259197026862264368,-0.114769454787808187,-0.349587026655976074,-3.72826764110984765,3.13513104871232784,-1.19515296461765885,1.86296066355832868,-0.996707491842512838,2.05176464368651335,-0.347146869721797258,1.22307414363913725,1.63374985353583924,0.0381364495702403924,0.337129424074726514,1.70287268244067436,-8.35969852588682727,-0.492819385711455282,-3.30615873934327231
-2.33292617986179174,-1.3654773820921251,1.24358451700033545,-1.97439214112088424,-0.459604689364768115,1.36535146122275353,-0.290291445299046491,0.832829780997321523,-0.93802584359775687,-1.62682537039505992,-2.38180339799161755,-2.87082348147787902,-1.2073546891867819,-2.09486736497655457,0.613113312401563637,-0.170373729662120971,2.26420578288456786,-3.02099689971825969,-1.90430494147046603,1.71426050402326768
0.414311090839169505,1.26516930065464206,0.604541536746902253,1.85542879213377665,0.00291042846988285534,0.136552688945470735,-2.06852708482309255,0.509620663780296801,-1.84660393307894899,1.93080405032098179,2.37602692570837348,0.59668514814512208,-1.77559077172770707,0.648205641729989068,-1.41199600337947206,0.719586681470269496,5.01030904961854695,4.02611843436284289,1.56006119675522381,-2.89779389055058401
0.364011029905529415,0.357799032099352765,0.762583683975018634,-0.798994537776171021,0.421285107343862764,0.990329827823389852,2.54488907078527538,0.102116695298543017,0.800659096987638708,0.543004687159449717,0.418513762405018475,-0.0282724460628523827,0.371851067908044619,-0.231036117743953134,-0.596973257002196833,0.87032268273854585,-0.0250605239983530299,-3.0239005586634633,2.68703483977687529,0.241545616624803117
5.2951650101228962,2.12550028446925587,0.108168402448069939,0.489221172270029259,1.50503588558501722,-4.82478273775502853,0.458078646725992966,0.933998325145157349,-1.55342775793694066,3.03888441434095968,3.07790672930584064,0.982698960348096007,-0.293593342621911058,2.45737483242316745,-1.33777088633766872,-2.60692457518989107,-1.03178926468284349,-6.02685340574948025,-4.6400771354602437,-2.72934845897315226
-1.41457344425503995,0.628748716032827226,-0.705055355406924655,-0.0342322175048013072,-3.63188720825931544,1.40564944987746387,-0.762655251796303224,-1.66358955000159336,-0.648073798995119521,0.114386432119067211,-3.27938709129292505,0.131864704480548878,0.960715272299946688,-0.713593478846706986,0.608247875668493809,2.60129729946589361,0.274204685018167804,2.75083869671575343,3.96285004864542856,0.495168959450147661
0.19572920048562803,0.172571448573855313,-0.125457190872794278,1.4284766580543109,0.423227107495356969,-0.183213074882572907,-2.00445014894146789,-1.02609763116918429,2.00250432181946492,-0.267318423066373712,0.12701354409067811,0.654270573488538343,-0.358944778829472066,-0.0931431452367892793,0.416245007358219565,2.143711162728831,-2.05962591368818471,1.90152079021850784,4.46875354192157381,-1.44141552889284008
-0.104608884883347172,0.604413489740766918,1.00224574157177204,-0.454588414938307095,1.46775874849394583,-0.241525790868537538,2.44166554338242436,1.38906213782688837,0.280848766129716765,0.105095752709568696,-1.90116308528717681,-1.01609987389281287,0.348590185144545373,-0.77317606360670621,-1.32270142900737997,-1.03503325299652982,5.19368086497356973,-0.570823025085065106,-2.3990586080050651,0.500541087101211923
-4.61194550009167425,3.05125075998785755,3.99880917543709336,-1.09081013872128474,2.07668748797941705,3.09399183387087096,-1.36735604783511144,2.12459524564856528,0.267139320822442905,0.330301417630006644,-4.0731700142928231,-2.90793967794199215,0.874651525703001087,-3.81690055775927162,0.406516445232500745,0.0811070697713497241,1.09828936582280878,6.89534781303459976,0.965635500524647306,0.32065119790179647
-1.33490107652772827,-1.0678380361820512,1.81631542864558115,0.2515761276231398,-4.65104247117572989,0.178586407608223169,-0.727610864251696188,1.64726222297936253,0.0242391386916806402,1.29011422672643739,-2.15713626243421608,1.02632764130238763,0.566618132418559073,-0.941109059344803378,-0.971097974594279822,2.51801932597599398,4.65991842180590776,1.53882640966744133,-3.1097233207483379,1.49996823605988028
-0.771126089494191591,0.11107832830676001,0.00683070863986405541,0.902586750127544746,-1.76213145975392527,1.03420890475378457,-3.54147230148835268,-2.997229797291034,0.111648037511631881,-0.739527235771478719,-2.20054322394856783,4.00391287846594501,-0.614897706699762736,-0.120303816924707763,-1.70578222922024358,2.51876306544755568,2.10216395588944582,8.49686163316046539,-1.26771961442191805,1.44040169695088149
0.887408055380521921,-1.40581848312707947,-0.467033072499342894,1.97706040116059278,2.3144717673367774,-2.3666055826117991,2.0760472370675469,-0.226620554566144744,2.07228135174733552,-0.745806649372412811,3.12634848798112008,2.39760691291895833,-1.14511858334358663,0.83745085931971075,0.58593341522343767,0.0798272318046028828,1.82260194154291422,-4.27102119987592665,-0.216561288938430713,-0.163733502790232049
2.96239130446478072,-3.2619795850365616,-3.41005467032664011,0.585969823355426689,3.74686779402930314,-1.62926101455087569,1.43415099964293624,-5.50169703573051372,0.354383206502358716,-1.17407547019903036,1.03328129527852663,4.82425372950026699,-0.341317844545686588,1.27013789979097158,-1.47148294847088335,-1.36157863287752789,-0.87729653916930328,-7.21582829876734877,-2.1605236592489061,-2.78705875870284014
-1.27966208276006799,3.18919602563617666,0.231013491674322224,-0.623290216004801945,0.953981511495727519,-1.77023157265079334,0.165938332041452391,0.299245999150852038,-1.19220274478937482,2.94109070330452926,0.293787076758513344,-2.59727348312290252,3.35658384017456068,-1.41351452738210104,-1.27649156694095089,2.78490329129568126,3.63313663540008536,-0.165352377757579078,-1.52526656526581905,3.00952470628092117
2.97674027038385614,-1.56737828446110106,-0.81090330303395608,1.2052956496158258,-2.81361787532378482,-3.73364969520285506,-2.93291935654389979,0.370030171601382296,0.307473885187774354,-0.982267177466722208,-1.44910552362869494,-1.59605744868728161,-0.167297430364062416,1.69562464340347652,-1.08875926798044942,-0.0832781121821099118,1.75647029918498832,-1.98050663063961951,-2.97487590568016191,-1.19696960478658232
-1.27871975577227182,-1.28979756588490924,0.283097916091542112,-0.696215075959243257,0.587723787750231819,-0.352253096325978177,-1.02221413663206007,0.30506953943634918,0.668570355199964217,-2.60232720917085159,-6.20183666232214126,0.58933357617553439,0.0600981338903327778,-2.26862109047950833,2.31453671002810601,-0.406730355900425,-2.04843811850606805,-4.45993897938629047,1.68956791442924348,0.534506197963793617
-0.958908334207386859,-0.972744258512679649,-2.96710424045370535,1.95659606894085436,3.47035916446862558,1.4977043035834896,2.39408915724102922,-3.28124273668620425,1.65396959967581325,-0.207281875125489429,1.9000266764335132,3.17401502111874922,-0.213915307195216203,-1.40100262706712764,0.215643438123231612,0.890210356128216973,-3.76572407930661912,0.245095274634182653,3.27707774702761823,2.42805700715733064
-2.90060012356906416,-1.29776026489779484,-0.872378448905097192,1.62464079171440301,0.803636907425909874,2.45324017763501079,-0.633540721810035845,-0.281202108556177832,-0.590510927848057587,-0.124029144948977113,0.942136751574117692,-1.10770053944332725,-0.849167186031197785,-2.00586195584584726,-0.564154822778966447,-0.600756660023470723,-1.71065121694752365,3.03675316976431242,-2.8330958159650379,2.75070936132465071
-0.384019901690139887,0.0902703034295593149,-3.2012562935675275,0.0469853159546000793,0.268563192411955587,-1.02604368021326442,-1.84779363543014918,-1.32931894189115596,-0.70813948812671923,-0.0398861654552219863,2.46585634045066726,1.20363602934409597,-0.82158237438357351,1.27856122730792543,0.937426395092328835,-2.47428557950894135,-1.92724765555160671,2.24260694781913505,1.23196546115550332,0.205950931454405545
-1.57887494024901742,-2.10940873666379769,-1.54822641959207363,-0.408871715288979587,0.40881698765259622,1.64113205018524133,-3.03862375344959812,0.808063671535187433,-2.04151379333478156,-2.08670958083436719,-2.82638931555297779,-0.372070949925405292,0.521046150568905464,-0.349735891815732836,1.13433624541348199,-0.488185357058411651,0.357098389734792743,3.45154234363005141,1.10992196876136173,1.98123320298436711
2.00512244660309769,1.31871543869674546,-1.97577861809355459,0.777148805045076108,2.18919692870057014,-3.37708530679761099,0.492556194361080502,-2.3239875778055521,-0.996860614356867236,-1.13496572427877118,0.695114138165239814,2.53711160462967156,-0.460151821934798089,2.74578322069405178,0.347080323361056542,1.27153519747483412,-0.299206167538452694,-1.07502030725011877,-0.450615836296056116,-0.0743345039877013475
3.690437892160217,0.867984422112686227,-0.703027971462577339,-0.693710434517994412,-1.17847879989501747,-2.29416198637892554,1.22679817718967499,1.63278606009855332,-0.485026579499252763,0.978322943720035143,4.69756794450966009,-2.44131851946423639,2.69599163408171316,1.68620261968885177,-0.591754615441500653,4.50010058113900868,0.349692909775135286,-4.36853090454188653,-0.336608473910938399,-1.81186138984760081
0.804081335459724711,-1.68963335053626884,0.966501610877877004,-1.99473158033205422,0.374895074197861,0.47925661763020172,0.109328278352990471,-0.220672082124372587,-0.695717811799399066,-1.78322680247877563,0.746642661503743033,-1.1237338397088652,0.752993974611349426,-0.677614550193565202,0.211189021165770513,3.85027588712833735,1.26732831426846682,-1.39302785370089777,-2.56812594404620587,-0.834900876815181547
-0.690006149282205383,-1.07364769711283503,-1.68289120248501756,0.548594024317210716,-0.0533105215479140124,-0.841449295793494478,1.6811960313854688,-2.18154455136957415,1.83140088731123063,1.37570265508315659,2.00060200296425839,0.41549298219403108,1.57689374328451226,0.0487112653866253395,0.976554136075038381,-1.31969447034075626,1.35619583538651489,-2.56480184374974041,-1.22957253296880853,-0.801169930022233689
0.91978791680495986,-2.9832868609361971,2.19207877268243756,-1.20003149062125147,0.0267169017687481254,-1.05675008232417511,-0.685161212141624509,0.681490407556892497,0.625342238354544389,-1.92479207619321246,-0.695775514224298952,-1.57083993686288781,1.07489632082786835,-0.427328648793453503,-1.60838547473808791,1.23626699311750343,-0.336379548539830597,-0.101518566161030915,-2.09933615295692988,0.182159817564322618
-0.0757263531345615803,-0.500789842062049573,0.335389143005061063,-0.957725312451473743,-0.171682439288117022,0.993783341238435369,2.47716024505630017,1.42518773929709375,0.0744894400217386843,-1.12660869144428455,-2.54364307710043303,0.437467030945765056,0.476167470016660543,-1.06745618805716247,-0.97267126309940255,3.00860105349697005,-0.62244320747104176,-3.10154084875703617,-1.42765960759607435,0.2942293406275171
0.735620457439317366,-1.67887794614645935,1.70170539839773016,-0.82295251012770243,3.44419075296620081,-1.42858685878070202,-1.02005905456663393,1.73662604883296101,0.720259170923990721,-2.25711751148704476,-1.68639407021818766,-2.54919393794520666,1.29860753790088879,-0.0769505896961716895,0.311995924249615975,1.05754910720044681,2.79706993407896798,-0.714027444755552354,-2.7947682316107203,0.535333076962284604
-0.897774218182035844,1.71087181050350634,-0.802367330466966178,2.15588064581908867,-0.377924611951029554,0.612265021781615681,-1.79336691920218483,1.62650087072236316,0.560482416360892577,2.43431054865630214,-2.12648810881555939,-0.144003708886786069,-1.34240502733351996,-0.439391036567461923,-0.354324402806735994,-0.731305616208053233,-5.01510820148018865,3.88834959773703792,-0.977622877952976865,-3.07115220249857224
-0.617910612387309821,0.0988727035360873197,-0.684775611857479927,0.10525331595270436,3.01894991042107463,-0.167463968974476407,1.43200588236877469,-1.0007276706067425,0.115150535514063804,3.50099820247919258,0.49618213187330884,-0.0445441234990665708,-0.798822847531271196,1.63496309063599488,-1.37689769164832909,-3.39190223159749404,-5.87804722576623462,0.121998318914681922,0.996037353659807057,-0.264504819994297147
0.562317857337195082,1.34092519423286705,0.802776243106613663,-0.545701926631381062,-3.31589766202147018,-1.84887472736430869,-0.159593700918802983,-0.622639200411577609,1.69582778956437807,2.32915262754218899,-3.31454110994659157,0.421607260101572068,-0.251285623943683645,1.94360288341306697,2.14017268008364825,-3.43957466346583729,-0.0644403568889795331,1.49580637224337631,2.08322437036284791,-2.19088920723608238
2.02630768998083344,-3.91033513248891262,-1.0881646788396333,-0.499124234125290001,2.23203612234307025,-1.77711686676658731,2.82408915160960872,-0.922301611794421827,-1.70217786551351247,-2.1747523091358274,2.003832398122666,-0.488118252039087097,0.00579093819810337293,2.59927546155907319,-1.57517934668885196,-0.534184596321722771,-1.92977647362622751,-2.68634114685052072,-4.26172735550601178,-2.47543827848859133
-1.33989495364638111,2.10585306013614248,-0.447375132576764922,1.26047674689474154,-0.73841625897060581,0.907911902527797854,0.390518860483728747,-2.23548629458858983,0.499431846839476501,2.66649284968318057,0.487980197679074024,5.16627013998761253,1.5066643171255516,-1.76384569277164216,0.970468789171465618,1.043603766413844,-0.514272107098339815,1.12522754486239474,3.44985008754089417,3.11682118483262816
-1.41478541650278622,0.481918517707661642,0.155454230193469628,-1.22823461335619233,-0.607859944816666387,2.53290144539149642,-3.1591691116988847,0.212124768417291276,1.28150904169177959,-1.8670632568760015,-4.52610217102935408,-2.30285073968493181,-1.0763137840281678,-1.38661044164417735,-0.490472992103632988,-1.20332526826650388,0.798162213730129744,3.43443056666331836,-0.829967451442129134,-0.485080198168478582
0.687015240673284344,-2.81397243283688381,-0.175480316443394097,1.32302439064890986,2.78679595571891836,0.0568429243519343597,-1.74758555875340105,-0.226976670800602826,-0.747953549985030386,-0.90030165160897746,1.13496981273755759,1.45778114424920746,-0.0618453590591459892,-1.80251022712616016,0.174976131020618014,0.938480749596841246,-0.770699153944164883,1.53306126478661775,2.59115306554255342,-0.0439415200341745846
-3.36039921360343374,0.896646563590161594,0.673838892547562129,-1.98772723826938114,-2.39992210078127277,0.527935604158547456,1.72081644482068929,0.555353141138129947,1.19798354792265993,-0.441306749226797634,0.0958713167265373423,-0.374982145296618219,0.099520689295768891,-0.982376289716456186,0.638507934686798784,-1.61456675980355557,0.24520732765010389,-1.65405605790963661,0.0330240524588808829,4.18947137761669186
0.627327384663920573,-1.33704350654202297,-0.360439245349755466,0.290295005444345999,-0.333283789163480948,-0.513314963379331579,0.0748793962452685424,1.24292144590120768,1.25560769841975151,-1.51079216444899278,-3.06572194511075846,-0.246447648831480348,0.815001557436256574,0.88617654226592335,1.39516512996562092,-0.846853364221981653,-0.832334240153714822,-0.451325604138172742,4.03348350439748859,-0.844335893088549394
-2.09820621192654277,0.907138375115991047,0.788130659814510803,2.63325119288982368,-0.62000733651165485,2.59905620163646134,-1.55270044863987833,2.61807638985915547,-1.40289517961890908,-0.776047982810244452,0.250216040976861787,0.706830535456291709,-1.49256175881162023,-0.617365612184488821,-1.2114507527754943,-1.04719008449204076,3.2970789512747638,6.79346064560430563,-1.30231369588592361,0.71271096393139044
-2.260565214482122,2.54806372948534543,0.965090128925014334,1.2923222998135464,0.643045739010715156,1.76084863208449582,0.153443378284421117,-1.24747955686967504,1.94710608141575214,-1.32787377748602564,-1.03610227049253711,1.45474608554214968,1.3559987817022856,-2.35290696147037171,-2.67338633782778157,-0.378572732500958575,-0.551519351448465978,2.08364523305657068,-1.09016894601532055,2.97310207260898762
1.7784635559127091,1.77558091581850674,0.500691087152729586,-0.987838659268696406,1.0426327933406252,-1.83688019769345789,-0.434933898097227378,0.716469713189200053,0.785521319771130266,1.86702471419895821,-0.743960623338312699,-0.969059492808436174,0.351819547843085945,1.78579182263134828,-0.86772132893374887,2.22685827194776964,2.16758966650736618,-2.0936327517504254,2.63831351076060683,-1.75200442144505542
0.465242924758183019,-0.147712381335193627,-0.939826422620206658,1.68667838183388286,-1.96623182190509271,-0.513808056261844448,0.121023132226565661,-0.90007921985591699,-0.26372676161365044,-2.30429508535180583,3.6314422952844887,2.30661212060802745,-0.504148698405700202,-0.746410476898532238,0.937383294080235574,0.985903807451691594,-0.830914111572878311,3.2902564472794249,0.700224885004722908,-0.819681180221872863
3.12661255499406554,-1.35131757370291439,0.00989774943218739434,2.2886071569056825,-2.162967619960114,-1.53059524784193091,-0.759176618136935155,2.15507664042632596,0.341412736259274208,-0.699492507294141808,0.102633617214789488,-0.302167928171450884,-1.69937421080195761,1.5084918482604841,0.719879276098197463,0.557220456709908607,2.36902313767957207,-0.788955538128278122,-0.513095757539313913,-1.57608186693948826
-0.967581787430652707,-0.835199844378292311,-0.684267928905905154,-2.14858738995068421,-1.82050651328902835,1.17328680815476427,0.066665814469962878,0.327911515370158835,1.58731013685744404,-0.492181621899113741,-2.21163994061379166,-3.07136813023241029,2.69999536882615665,-0.478239523348948314,-0.757788821558964876,-1.75475564156663943,-3.63375612922702818,2.13667979865495994,0.86993857779220185,-0.325394816099740414
1.0472142740255892,0.38392448394743095,0.241172864161271622,0.698467273346742301,-4.01192639220784386,-0.93903479229333997,1.43674172578927406,1.58155029859448426,-2.27976834243414084,1.60063509918022695,3.23024807436397188,-1.19732106387139736,-0.0925369935847685926,0.370737731107358914,-0.681384229914267725,3.7472963766847891,3.38850170215402713,1.81469665819115811,1.66845439803412376,3.39007349023981863
-0.487919234452894035,1.03386042143969781,0.381208518831987198,1.40600289754490793,0.897197778994678119,0.601910423654573923,1.30964275056436996,0.0269899862515159579,-1.4056651737963064,2.37427866120559194,1.95307109198005802,0.141807532397642821,-0.984190055908738426,-1.88957259962552571,-0.603438766691298145,-0.360690109187504271,2.66761196045000437,-0.925932198441815735,-0.749587406628593245,2.30575952955827068
-0.0224192014071206806,-2.39273800439686601,0.0912278162151644451,0.578444721409137608,-0.438943077829954287,-0.308892023566575025,1.67623031387800436,-0.598944667486185911,0.592735877353565144,-1.7507389287210533,1.67059270003778293,-0.0459739013892426426,-1.15184203657246043,0.696919000546642686,-1.48119697178109688,-2.07658859899363657,2.74945652635668525,-1.99680754477376987,-1.79136818340656645,-0.501617296755756392
-1.20548928605300887,1.97022519074257074,0.0197455322220162766,0.979227851000153193,2.37727861227756065,2.40071032699462661,-1.4187089717898238,1.83695978082521183,1.74082281253098969,1.44698861613132723,-2.52939717258616792,-2.67348449558919743,-1.03232559952887271,-0.308196657269061258,-0.076797705329879562,0.466941445883270134,-4.19048089797368917,4.84457381187730629,1.39317058370713864,-1.08080330741406816
0.741661381379654316,-1.15882086293199982,-1.71727160852514338,0.168070068359154445,-0.887991076100911991,-0.606930967552316125,-1.86713861486142485,-0.840048730833426571,1.3143204996764688,-2.81429822254646123,0.0295454036278299283,-0.458788624636404407,-1.81581050898562779,1.24268970689432656,3.28320066061448346,0.140944714412412686,-2.83919613055125764,1.29552731427186751,3.99595939201677997,1.95040693470194082
0.53200654754979082,-1.36233712318117428,1.00119068870400851,-0.963955608911986395,0.195566486861428801,-1.63427329434418755,-1.20923820072904764,-0.941428254427965405,2.55781867266898022,-2.65111251586398433,-1.70996254698308148,1.32114620806808425,0.213720126477533856,0.78662995032165639,-1.77987387610415171,0.851600649227939321,1.69366911194279512,3.65598645377546161,-2.63537101229890469,-0.982764191315591007
4.48827133532457356,-2.6722728163071392,-0.0734267813136548625,-3.33419759444573716,1.78610964263034244,-4.73359338392169526,-0.356457825889573976,1.69988983644436709,-0.134856621957941902,-2.95717771974882382,-0.0250789819510238293,-3.23570102923190728,-0.708576510644645663,4.46066400166545307,-0.128539100599174255,-2.01527333246724849,-1.87470206654291482,-3.47141946657791234,0.197926323008339677,-3.46855524251157465
3.39735535236703035,-1.23082629356280515,-1.07393713383960288,1.1639141701715916,2.50552029102141161,-3.0960065303181179,0.633118226518594618,-4.54657960348945167,-0.0488284961099304596,0.501197148911545209,-0.360931356232752798,3.56316301480302577,-1.81519816786842147,2.03259363634475099,0.800878006747946514,0.459654740627540359,-0.171300184243034226,-2.74365329831391769,0.279626556497719614,-3.05727593375521112
-1.60756828839682009,-0.303979292523789191,2.11027615224821297,1.93603462978518448,0.506759115003577731,0.181581331814901603,2.81262376420881077,-0.402806116520326385,0.805106256758292282,-1.70363224718227313,2.47363022152273215,2.53760744517275239,0.225697387092390289,-1.3397371960881701,1.00786466050343981,1.9445128083694172,4.24499996728135987,0.978451430154473112,2.15542343744430109,0.493571085042341484
-0.296848156794606077,-0.480092542369979558,0.891658068250562708,0.34650694685508393,-2.14525419666242589,-0.0060226167890338805,-0.911483904702386827,-0.328056018246779602,-0.252257822586607727,-1.45366701767801887,2.47739489590172157,2.57082852642063919,0.330076845810834574,0.237256835712511466,0.62692713262281341,1.54385701171960776,0.521229517678263421,6.12271155093005159,-0.323652258087476052,0.237359584511380783
0.652042259102814103,-1.92949101736327178,0.094448006133223586,0.965447380795253274,-2.38377963809334448,-0.159914533344706317,1.99428211737546146,-0.345787990819187263,1.89663830947685552,-3.51934405812400453,-0.950240844568781107,1.11089984084896432,-1.85819309266577815,-1.00635833305704936,-0.0833927057888161211,0.787618122557947276,2.26547139820853971,-2.80303093276528958,0.21762883641487446,-0.846592557432785942
-2.99340634121539617,-1.05170550510438821,2.82511846610889839,0.157691285488731348,-2.28881811502456234,2.32616911569837059,1.03703207712663348,-0.481321151367792743,-1.05881541150188285,-0.461904166554161555,1.11458383742339873,0.144738416561523475,-0.944829296282780784,-1.71611639165666285,0.80604835643718975,-1.86953499851456417,-0.90234192969184901,2.31145055119341158,4.3926512673512299,0.754144593261135476
1.5934561622025174,0.717451344147872372,-1.04747283320648044,-0.834656002236731531,-1.24793552571130051,-2.92214212904473225,1.26999786165453044,-1.52476912894085737,1.90086583620362526,0.695563926502604901,0.0171889303311821076,0.0733284085093943439,0.696088798876990822,1.77883849847719544,-1.03680639746863124,1.88124123305729007,2.3454784960752364,-2.45796218694848845,-3.17009827769843389,2.30020805703987774
-0.163667470944089344,-3.02417470416049383,0.448098626361008778,2.00722224625297851,-2.26253043562108402,0.711943391147003557,-1.03537072698335142,1.42756106972578722,-2.75749340354455263,-1.78073574726329675,2.14905201864872275,1.86909950674951397,-1.15652792162644502,1.48496112213339027,-0.718582011106022267,0.597872876143722531,3.39235624334007646,2.74311198549245727,-2.70417887260808243,-2.07895705720977286
-1.98062840386023509,-1.7385065519976155,1.30647394961957275,0.8135960256212732,0.390000430376651719,1.5825804157157366,0.172400544850214665,1.87803945199131661,-2.49116681574719223,-1.9108918290329151,2.03695971177378654,0.485569647821124661,2.23215121560115248,-2.12098109386672284,0.141866702122317112,3.35754018156864564,4.62758539273332925,1.07547096852967372,-1.94810069146169229,-0.637847758446548618
-1.48773945300827659,-1.89905427265018023,1.0653280525326474,-0.349010909678203918,1.70137782248102609,-0.512854115335339755,2.45555410150191822,2.40696041868576405,-0.466645291949564889,-1.88650492090467625,3.80223433182549853,-0.875034746141921227,1.18725615942648433,-3.57859879094794442,2.45340043038524058,5.30757439741401793,-0.504383740545353398,-4.71899167919682405,4.80638200429736351,-1.16646903220693421
-3.6283827273163558,-2.21969066206257537,0.112589201881519607,1.08680250794278144,0.978078646967693754,5.60262465582129465,-0.526753957519526694,-0.455314197339368953,-0.199789962943483501,-1.53091195558973792,-0.406525336250302016,-0.31685543084870027,2.59791664392856347,-1.27380633129282583,1.04458350901934205,3.05822504246257676,2.32847586549373586,6.39917675798606744,-0.0371278743316292986,1.04275837656711423
2.40835152009163744,0.0814451701546787116,0.787510123117299954,0.849017718473410121,1.56483332188805968,-0.462268108796676735,-1.8201740698790434,0.913757497807279107,0.948501356013332964,2.19898423796781106,-2.43659881795192046,1.16819402981940157,0.882274028519110187,1.95805301991273595,-0.020366102495066804,-1.45636543932302542,-0.489163177898989388,-0.504254156020382927,1.94703248582899691,-1.55926715626474666
1.93215124817118022,-1.36074636207343591,0.789890203116831779,0.0612539839888085608,0.20671858443275512,-1.84371905822671378,0.746905139460378176,-0.411946212654690613,-0.0276929102657662088,-3.43659653674020271,-2.29649552583366923,1.64824390363842244,1.63950847781389353,0.524441981849178451,1.05653835468313884,3.85617150710630296,3.31395859473639209,-0.566939141529408164,1.05179339921640191,-2.80430703942352366
-0.4160356449877608,1.89500408736939563,-0.0110226347849913531,-0.618682513378598586,-3.14918763879822672,0.0497326088290006574,1.29908224701499697,-0.46957256717325746,2.93503077386401978,1.31586082553434958,-0.793873558693465986,-0.518210758491501222,1.44754767191033218,0.0707255546743829622,-1.7025119842024492,-0.172346220622791257,3.43825828475775808,-0.202174337215381361,1.13331338214939592,2.23381613078745334
3.03044958496551819,-0.215108586670947288,-0.898981296045949896,2.1937100308059807,-1.14890488779367361,-1.18747284504445605,-1.47012280123771233,-2.12631805421295361,-0.892885536254899081,0.135475551545621908,0.5110378104805261,2.86257558409992896,0.490094915305555601,1.23748512036279168,1.84814023821711038,-3.64471808555345866,0.147890518915225672,2.10233820685992834,1.06242520826099152,-0.127742695353392582
1.88841113982256226,-0.338284184041626579,0.902722235577333776,1.71641286360690448,-0.21703784329324316,-1.41145135990084425,4.07748521896184002,1.33324111005467016,1.15430818416028003,-2.17885466554407881,1.89262816915793519,-0.0822363402767729013,-2.05191626544883032,-0.140131981207993167,2.11302542610893029,-1.55122323899463432,-1.26065129203391346,-5.90125775796587959,2.34124686938043913,0.546772703585645892
-1.04159430736048786,0.510761852288816876,0.750631537072019239,-1.29405938397393228,0.578267441117867875,1.11970156712482716,-0.490064214173065615,-0.071471334355321256,-0.100229990510304776,0.414004372549014676,1.62936832175972679,1.02662929907841982,0.0298268170824108059,-0.994542691367228171,1.72449444248055594,-2.28722033011903525,1.60519749823704472,0.828495873682193573,2.49732044339414161,-0.339823466769936522
-2.03002787216513436,-0.355910755905008758,0.483779546242462222,-2.8846281525399684,-3.43516863619655499,3.20672720590006444,1.15918693099429571,1.86262072285649638,-0.634774525926248168,-0.367762025089870437,2.0983695019000117,-2.68320412381625495,-0.797993348489496879,-1.45887926752364838,0.615668937640610037,-1.09604212978754423,1.42361547058423787,1.47639968471697647,-1.78012812921751595,1.59591437523844237
1.07924444553451315,0.473230949810148627,0.824255099922285517,3.19066767755874192,2.16102648669715069,-1.33791711047213879,1.41058130983905938,2.60336516958560438,0.504608856315968413,-0.820194393575000125,2.69076857391526136,-0.0463635954285441104,-0.858303104407501238,1.48722066681671228,-1.00555722237449752,0.659591677751919292,-0.856657938240748651,-5.70558712946354518,0.720098544916368377,-0.860550327353624023
-1.10252938819117308,3.59494525008594579,-2.26326639330934887,2.19078530654774539,-2.36516739979880519,0.862064475935255148,0.745374754904609249,-1.29472764539015373,0.613109598143021794,-0.157416265728509086,0.604091833412574331,1.64830944931263046,-0.579136107858309379,-0.771473051206334359,-0.650715652710934456,-1.18677736406304857,1.0566315649342406,-1.10537408272917848,0.761908081471003307,-0.428042617393659952
-1.13179193881000195,1.71237230578674215,-1.65086475305905966,0.0635650164082185026,1.88165243727143161,-1.43829477324996469,4.13555516468587303,-1.83359271028614446,2.33220045276904031,1.82121147740557521,0.39429018235919927,0.518794366012985675,-2.21867375499613662,-0.665848487398626898,-0.414405229356000326,-2.92336845202545614,-0.31322830196304019,1.3230324360388539,1.2990250836970374,1.36461408239264603
-0.923920339474060826,-1.44733955760030963,-1.381705196602528,-0.484078414693024761,-2.44126102171949544,0.888687226515905815,2.68674643891329223,-0.29406110257227186,-1.23739166551866497,-0.167200508176456625,1.748732817805152,-0.875153511282977581,-0.269076392925278851,-0.0597553008052568932,-0.473236388009253217,2.55761588091623304,1.24681212640173622,-4.83500112277727201,-3.82485945067376854,-0.240464948311939958
3.31290371927110305,-2.78054249096263151,1.57600995115947162,-0.784666955662295829,-0.925123028223487354,-1.20818270012994144,1.20835471491442803,0.0788014445737608565,-1.71416502020515948,-3.02396193130347823,2.59634365795717992,-0.177380952722711344,-1.19767781872063872,1.44440580354758863,0.514950706595541097,-0.679049440119304015,3.13081644924424118,-6.15228576285740925,0.523315294124392816,-2.58423459445311465
2.57339380379836946,-1.02783744325795912,-2.26118389854916479,0.072059662741580946,-1.29241875925285332,-0.878129614877183329,-1.56364519260264156,-2.76363048236868014,0.49688958086826468,-2.02862009123425979,0.670766487598636441,1.76300771099969,0.153355708393296264,1.61593208058275728,-0.189480442156563039,1.03602638665277214,-3.71223736755867462,-0.973114424648386156,-4.27372957769180495,-3.06156562458685055
3.97433359766604966,-1.46810318467370426,2.28338510721123189,-0.333528323136699334,-2.15685811512942616,-4.65821691309664931,0.364861529222125669,-0.477253248850391387,-1.78944513896901092,-1.30915896891710304,1.38365853760072643,0.0417162085209853845,0.845938642798391816,0.343645893160814342,-0.0647973340187106839,1.06374690664831206,3.167548357694562,-3.82446327802467323,-0.578265711465297039,-3.42737870561070457
-4.01686177203729056,-0.125395362885756673,0.877789429660868925,-0.167580896052963252,-1.62999996768783961,3.30713007695736438,0.288192217957451036,0.700315435801497466,-1.17439876750338978,2.71056106265987662,-0.862049345442166826,1.06359781726333114,0.708127841621419729,-2.15284463061257636,-0.232346555315817299,-0.424495359033109143,0.71583256215461144,4.34857176456188999,-0.589548146157534481,0.428710626950273732
-0.166741181279509709,0.0763981129483069232,-1.18498531613212577,0.546688900950056289,2.65645911677406943,0.632038838547095083,1.09672932900656361,0.870520829923791095,1.18718633029225673,-0.733582695878692737,1.8372595965616092,-0.749515368547437499,0.347552151008403754,-2.09821866078739427,-0.115883487108270442,-2.61228512866957807,0.860283249046836507,3.34540104919837189,-1.37317261163800097,-0.653433716261892061
-0.555566788943525514,-0.586627645535555131,0.798844526772695129,-2.71274448974014426,-2.13888079498571404,0.656341109244421572,4.60391156275735103,-0.824307829796849023,-0.83828721026959685,-2.42911924962337489,2.19055653609467305,-0.85871125556546879,0.124401309748747718,-0.99612302076268977,-1.3313275244395284,-1.15509401014061508,0.611973925688574782,-3.77673873647406655,-3.17845457222552996,-0.0790314765528209867
-1.08553135084218977,0.94898014727084623,2.85193049786714647,-1.23085476045653741,-0.13077646525169595,0.183273054599519453,-1.53116068512826087,0.819529823509707822,0.79921843709679119,-3.93543300926727202,1.1090850530649452,-0.96932737100018318,0.987869124864241721,-0.30718019989894868,-1.08144582298934,-1.06538634963240919,3.47012264630347511,2.53149144522477876,-2.08616845818274665,2.24853123303660141
0.814463745193294453,-0.669321937496700214,-1.18061755448805328,0.826388825421940587,-3.0261130957079545,-2.0645316882093625,-1.13021199722057664,1.12591724088848677,-1.6774254803224975,-1.64164807495243625,3.31445024274868105,1.5924990113023989,-0.0688560009897492553,0.180699510660859902,-0.665779223405358112,-1.59990357674889561,3.86230571552786373,2.30128978306881793,-2.74474703623897121,-0.881314599505011564
-1.45852239018138685,3.98178110115408712,-1.18107147273546853,1.68166770326292148,0.875573885603875945,2.44416702047470435,1.15075804031613282,-1.05970178521722902,0.824495796082077459,0.495488377989030448,-0.427228898163435178,-0.980420709669173718,-1.22330081856331652,-1.6641016367421344,0.817776171978408684,1.44367034450062848,-1.58668080959930369,-0.375173066142224232,-1.13990044695197357,-0.110857088570946033
-1.1968326654653858,1.07823074694861898,0.450999656562461437,-2.81336538689047533,0.400293993214408395,0.723691040526019957,0.328449094386966123,-2.27695423831427224,0.526757032576661399,0.377739413431097848,-1.87227237447712791,-0.90711368439534934,-0.797542652450554335,-0.120629755330791122,-1.36981245416566533,1.54271080957726547,-4.23407230384824107,2.3725807206308871,-1.36253885345216963,-0.180860557774430053
0.384459186104876616,-0.160167927285878808,1.22992955415933825,-0.175469930341374092,-3.15049594165837687,-0.71929062899638796,-4.50848060096675773,2.37250809248559724,1.22618594963812666,0.975516574394714731,-2.16137935923235158,-0.586623698882955624,1.1291995275402249,0.307960100448708973,-0.849479162534305443,1.17583667734558595,4.47485462312312254,4.59606860407493212,-1.02249859565415546,-1.96794423691145459
1.16709268307558722,-0.0770415328494684082,1.9829502755429449,0.0273826027082233296,1.34544166823987865,0.455139039888271035,2.34097844831007151,4.18167143912678263,2.06933650980415162,-1.71219296276259181,2.02029858419221053,-2.69547154766688424,0.513508563441771426,-0.0935030556472230268,-0.853438789056315983,-0.286895633665492977,0.704691210711460236,-2.63381843421318296,-3.17720821733123016,-1.34925915406314534
-0.0116134149669404468,-0.171427550457409122,-0.152455992758842057,1.8195858711291979,1.28027874786081974,-0.940107346395921306,-1.0546192302707551,1.91143190250148542,-0.108845839114859705,-1.0387493110644177,-0.169198828427871928,1.57469831241419311,-0.78807710476045445,-1.05343836078295361,0.295867419449911295,1.09819967291135612,3.39807074864666836,0.151670078785289569,-1.86895777621267034,-0.257942403266907705
1.085628674743218,1.78734296853386998,0.0809024700150662995,-0.116550840953412532,-4.00006165081643861,-0.914580249645188359,-2.00329087839105302,-2.23560121908484533,-1.61789768325051897,1.25885897182119733,-2.13736395700002113,0.240214850543454095,0.967943896729653974,-0.45716609209871617,-1.20083338234404691,2.40999866827286313,-5.68337768788501929,3.34844075962181309,0.160357537036640074,-0.474459082830169243
-2.79346583537884285,0.0896725712654719703,0.793568798742729564,-0.843901307248074217,0.672872460050976784,1.57263045033100912,-1.19516167992149214,0.0463649122751451648,1.0694108770465649,1.78602731898028999,0.244638004463039266,0.723481688200487638,1.32037496305614943,-2.64873651628649398,0.772227383605549655,2.74728468949727045,3.88131359896374484,2.33555386717455349,0.607749916203153884,2.73511263899491475
-4.94258964435575088,2.71255223887697205,-1.32495258241299996,2.30032256990302786,0.489318516483259691,5.01139872143760101,-1.29609456554202329,-0.17535370844128198,-0.171948004852540831,0.583783289106374337,0.631411422330321881,2.22955178752498995,1.0290010264018663,-0.573514004006027367,0.527191555728319106,-4.24711776777704753,-1.26284103643979684,6.32306649404341137,4.53486076604656407,4.92518058814072202
-0.563356288576386866,2.62421321888446224,-0.756335497677059987,1.0562272716678176,2.00837840238270893,-0.492195619036172816,-1.63692270482035029,-1.04170348418221748,0.391755123424949503,0.496204034751554779,1.89980202845171364,1.2325798165991011,-0.474132503590427412,1.00111105878831141,-2.12497450936055499,-0.747025002561486851,-3.15972183195422884,0.96848190603628459,0.335032727111083783,-0.881861594298793849
2.5957043616911859,0.304949777141361345,-1.84914222546177487,0.447745338103296753,3.07240695927963747,-1.09524948625790608,0.309328267911488763,-3.25582172503909817,0.506103343715905374,0.745273055172571919,0.845153820078285878,1.48088191369593614,1.49274462331638857,1.87370609328260151,0.50961656650723397,-0.262540224770908159,-2.72449938858273732,-1.32492428100998483,-1.92043357815860971,-3.68980737559487082
1.43262802813859436,-0.77334012207149061,0.212416131408901643,1.08344704426864924,2.57636219772856334,-2.48784906877385348,-0.264993070391236041,0.133142445778210605,0.711141741609874534,-1.90605479276739054,1.43178173334106495,0.355183700652777434,0.268797808486814616,-0.873235625644221969,1.18630887208279079,-0.279049581992513951,2.59731827180831054,-0.145633338801429063,3.41732435236821663,0.91749351899000775
0.584052238554400582,-2.62569690016989377,0.907815289922875857,-0.0301004543758581107,-4.09186835400890381,-0.396285693149269036,-0.80120422356177734,1.64458841106230857,-0.204463379625312941,-1.82141930093023552,0.0227039142950948673,-1.67770027247330256,0.270797747149171597,0.150516012917200542,-2.60164365606113313,2.29619180378722154,-0.324503803638611976,0.937282230896251067,0.241962705439846354,-0.0927673446310180311
1.15738712224239371,1.50806790298271154,-3.47345285844781948,-0.593191728485609193,0.469206627332046877,-2.70520055935396719,-1.35698017902241896,-2.72337879368921021,-0.619272998924656148,0.36886451678388732,-1.54303506782140687,3.49081984818357682,1.17623272780227661,-1.35360808542208155,-0.900234955394198844,0.557336029431433566,-1.07463702781168724,0.194649794502740864,3.32060237471626962,-1.60897285176882576
2.09689860355911062,0.387304002839436223,1.71521166312182993,-1.75850531656848053,0.253288152522505527,-1.63435390762538835,-0.020376613570529261,1.87523050714729345,-0.224200592234317736,0.178311926817764171,-2.9524741931089844,-4.19468445809822743,-0.574556127259550631,1.32697479736572244,1.74339345059430473,0.617131190630152093,2.69016550851019565,-1.93053579637080297,-1.7399459499789427,-2.11937324966122942
-0.0248511001453915678,3.11975206804085614,-1.85161759358598643,0.100166446866182424,-1.48137424058803191,-0.142814107825548098,0.315139076355002656,-0.617082998516390702,0.238081649744117024,1.53309922689327016,0.0579793473502482615,-0.302365234036278629,-1.36856785399576086,-0.0126092861796522626,-0.493697679605945183,-0.261612380488482232,-2.37453442652507452,1.56412924381687723,1.30678580760761331,-2.73526559641546241
-0.761301684733128425,-1.99904750182383717,-0.30074785717168262,0.920008854348315142,-0.901880722551110847,2.13533860187101876,0.421824833947543887,-2.99250040281722729,0.736992588891440814,-2.99176735648719605,-0.259698220772870358,1.82257634496659238,0.304082071070746474,-0.580952399394963903,-0.358050273382758188,-1.41046620047025417,2.19337314124884086,0.55836313274083138,0.364480915895373792,-0.619621148894074159
1.73034011895336226,-2.0766682522069102,1.70772704541203102,2.25859845278521876,-2.53761323017178997,-0.590732872015099164,0.298791132215416089,2.07214522540175183,3.20765563638566897,-4.05583771173126806,-0.865942757103657645,2.08653727901378927,-0.658196948522160818,0.241888372918158762,0.76802084464788023,-1.82202434074525166,7.0647045427073456,-2.360498120681366,1.70440191431884025,-0.116028537895369321
0.407243360016019074,0.183403938787676468,-0.103040347646806793,-0.584750389560317552,2.81913123689267797,-1.53941149022195112,0.266022963819048996,-3.6076489669542795,1.22947478586427006,-0.211401307688636741,-2.63432084765358399,0.670971572433802566,1.23294950542288584,-0.581259157606207499,-2.23175591989220834,-5.27420336150244395,-0.677516820571228195,2.36727966828578573,-1.96063901402191387,-1.63284383023120627
-3.97585335320895661,-3.39941156405301959,-1.03609238850350405,0.337459182664226753,-0.838958658897966392,2.79112036101034544,1.18250592022356016,1.13051005109462888,2.28087616414454386,1.02478348311672685,1.78149315427524479,-0.418924981931166007,0.0554046658164292979,-1.86828217939965224,-0.462638968943326401,-3.85824042664375666,2.45300032923169775,2.7881511931030345,-0.46674478044747314,4.3673345279715301
-0.404950021359779977,-2.24788664682162453,-0.226579273322183694,-0.120758820615166379,2.68288185915750388,-2.18422270481778824,1.65046738499019585,-0.600539001057646127,-0.327807396967010278,0.0142408116737245804,-0.52776611969240006,0.172985100659216406,0.238806605926492443,0.67333604652089929,1.8077384470026423,1.13563227468663408,-3.07211561654343424,-0.626912819758074003,2.55728887192296384,-0.573360219972181562
2.63060368354529572,0.385858785597068876,-1.85018285239117874,-0.675582234021826378,-0.819217946177565048,-3.02223949050506313,-1.65261240075237548,-1.35662735234318221,-0.488087150434940886,0.379605184567914811,-0.393559675278113585,0.452421663982635003,-1.01465876104871877,0.587436313282136413,-1.13798379251174375,2.51367097817925167,-2.79320089257949888,-0.631850926041594207,-3.81694458164197714,-0.744308452322551051
0.655578921875899501,-0.170526394312824237,-0.641899325356728334,1.15745812270491544,-0.432626783845971863,-1.00752480345806084,3.15082701864117132,0.774073172706503443,-1.5037934548040357,-0.624523625258353587,4.37489338310577303,0.217945753489083655,0.603861833486638355,1.00675651936441546,0.0805047459413655991,1.01065326870723271,1.53568840178640498,-3.24650948857670985,2.80039731908413714,1.72653747347397157
-0.845866167939915536,-1.89811856625725395,0.945864699863853575,-0.251170144646077287,-1.16008345635921928,2.01328864031182997,1.20385075907867356,2.09768108193130098,-0.0248618783598249377,-1.2528769337059007,3.31230271639812246,0.00211060351802849636,-0.103258505905566067,-0.456422879672044757,-1.46250625990815331,0.314250618288216987,-0.929993057050107486,-1.83009032884100709,0.552686061574545251,0.0903338135759444577
2.03893034252289373,0.945674232889238575,0.624693489477104569,3.23609737511863305,0.84716251366208295,0.460363547794241601,0.621849089719258341,1.60141748513946425,-2.92245409420522462,0.840434661189531362,2.37152201418629272,0.395460255513509162,0.517870028646846947,1.1731305459200374,-0.581940980866034518,2.48982720003195857,-0.283542713043946126,-0.99839738849179982,0.454983131160150878,-2.83499714006701398
-2.63491222609176035,-0.510592576712314283,0.306037676551231264,-0.718954145569738579,0.0373977812796475531,2.20771705291763354,-4.94034144680914444,0.391121210607454417,0.452082555985932832,0.229589380220722422,-5.1359067658293478,0.109583154883664269,1.95876597147509846,-2.18834952737387223,0.923932395222597069,1.56176527284310551,-2.95639487344110607,6.11400742522986018,1.25282118829695888,1.77906392643307276
-1.81559120385794337,-1.13806825327323047,-0.450026275038897972,0.38618469947726064,-0.29027894784934416,2.70912921346776026,3.98888009664554222,0.130500591948291167,1.0837550751684546,-0.632820690338113057,1.02914739958963852,0.0469103530641639052,-1.54638821868071363,-1.07299033190549697,0.125051418439841661,-3.2552645337858408,0.726681588319403882,-0.5301477939840471,-0.746076297528736054,2.66087854741387941
-0.658484770121912755,2.96086675514429087,-0.263550197906125439,-1.21225482443649435,1.3368396986578821,1.02493954280356614,0.0801505738976279053,-1.12972376905752747,-0.044454145639662386,2.87929981299403348,-3.07652088417401082,0.172666906962650357,0.770734833902372407,0.535847961367227343,-2.25793581086291528,-0.897962575083885217,-1.00572318105543701,-1.50548234450071616,-1.55272468150087217,1.99641016582652542
-0.645752109638535687,-0.935035854763960228,0.108431882852968356,0.408524017609500245,0.89783784502200803,1.8710603957299663,0.173181113869628894,-1.55277636936704777,-0.0165359069442050921,0.738312437310545411,-0.301724191668271247,0.696004193631042489,-0.25960027026116983,0.547301472285430579,-1.99919935684864569,-2.08056399833377448,3.41692430143219772,-3.3230835858141643,0.799893436568127614,-0.29087036784331799
-2.53742905996045032,-0.471949845032553661,0.26410251351522257,0.522415888980702348,-0.266143471983354252,2.53384648069487062,-2.46052229709623083,0.030764627921226629,-2.11422007400191836,-4.54539088204450614,1.06578907733453532,-0.559579863925576126,-2.1723340827602593,-2.66607336402175443,0.863571294674878587,3.12666550488571948,0.971233624033896015,6.23616507722258007,1.63835349283040865,2.34004647400791788
-2.06063132515603353,-1.50829695299540556,2.13472092126732571,-0.280386616639789255,2.30565172433094823,0.786093737099790024,0.0750746295288899079,2.68727280634552645,-0.659028911585744503,0.67588979882010225,-1.70175960723220343,-0.616786961301019399,0.407955674825303261,-0.803052851426339309,-0.139283100291887091,1.3431192532478764,-0.705745186609829434,-0.236166269432436238,-1.27545651588649966,2.66290950127727344
-1.82148784620970772,1.04639757835493685,-1.40714768173848404,1.3420012559772605,-0.933883432897992249,0.421898956995542584,1.76367121225375367,-2.38337687506191687,-0.359301972051392082,-0.00846850158857405041,4.41832222269701624,1.96927803134250468,-0.940826014894219687,0.71175884677506629,-0.482532675705905911,-2.87768961080187502,0.0803408214693287076,-0.889337143468306945,-0.109443161307235179,-0.128952108192662257
1.92845547901187797,0.948385881496058292,-0.650491111179502646,0.360703990441741784,2.86711328437777135,-0.76799629329016994,3.31514056291201298,-0.748471002640834215,-1.89470483955409708,-1.52759780716878324,3.52720002027313351,1.38631608793064065,1.4682470546971742,1.93880203751054903,0.716810363154596231,1.84246109640474809,0.433540968249706837,-6.34111921287307201,0.221297213953881217,-1.99563332585874686
-2.08372505371359473,-0.246953810937089457,-0.0993087126390832381,-0.769563518853159101,-0.202543035810437311,2.29937981521662183,0.0154493612750262934,2.17346992343166123,-1.55047233944030793,1.47333920127799711,1.00311174138084125,-1.72703802564179543,-0.424255809239206361,-0.909364136752257135,-1.68389216315826284,-2.25819400026253447,-2.02836925193034157,-0.977527408597491432,-1.62276892695901021,0.260425634721443311
-0.680575487498989884,0.924874978192071873,1.05109717280610493,-1.79295612102559998,1.75212226344741895,1.36808496643688948,-3.05351788876442498,0.185742434105169052,-0.790152761351058941,0.399290359607763379,1.72984244171619284,-1.76828042987691259,1.87176008718415332,-1.88347472721358811,-0.381362618737613512,1.20418155310674213,-2.00260463465903271,3.72091632496394098,-3.25602834293965593,0.186949798975152265
2.84846086608058124,4.06507750472448848,-0.0118013173139101309,1.00727871741712316,-3.38454944773329647,-2.89967258243635939,3.99702564233839563,-0.255552196526632247,1.44009260743173417,4.3470137627696257,3.42330205913918828,2.0589264471658546,-0.978145599885654748,0.744974377921898578,-0.721757358129010651,-3.22332406023843721,-1.24583187919568905,-6.27208489345180187,-0.352207223360077981,-3.16788537086946853
4.38592999071065837,-2.16076013823323265,-0.751801798802371968,0.142092883916715651,-1.0749647101685651,-3.8600091721804537,-2.49116706653948894,-0.972018633101468743,-1.24313849556798384,1.04550759838579577,0.379798256153433267,0.816425670584544072,-0.679878835798212178,2.98382146685712613,0.890991737418777574,-1.79154045549319041,0.96940980499945828,-1.26069508696392996,-0.120814315381613524,-2.83041257921601996
-2.09914124027192672,-3.54286151551824613,3.15921177462672231,0.69564437603816176,-0.0446230155016565239,2.63587678485102472,-0.704290506738375011,-1.19017318402974115,0.405519083904307631,-3.50578868859586201,1.82988289768435908,1.66945161203254977,-2.20506133332737209,-0.732638183426669753,1.40566745224820755,-0.851646604098111215,-1.4810978845860121,2.49726685342895838,5.38217467977301123,2.01180357668538612
1.28197206157426669,2.58970056812624927,-0.692044012112095319,-0.790676171820267726,-0.564462278618148572,-1.74722386505338112,3.46323843899325645,-0.614348958765941755,-0.173512014565349815,3.61108143624498501,2.41985942082927119,-0.871978576669636851,0.240174299285042109,0.478882692475225302,1.07734807852721093,0.62269105626146215,-2.42219386141353432,-2.76062848929752835,0.0586681863794120823,-2.87162315140484248
-4.97467906139411653,-1.26468823252891482,-1.12873265222151598,0.624904322065885975,0.603381295842218557,6.07054881678419367,1.35769982619721219,0.067232067656547434,-0.206999392730684489,-1.46207054805003245,2.42093837193377848,-0.16112174992455916,1.33902528235634488,-1.25920593484028931,-2.09499358770131305,1.52212985073067064,0.735379349756007383,5.4989843955552713,-1.94389559268303413,2.93011607488841763
0.0288765253432689724,-0.599077584387853634,2.37269831705072765,-0.676798161488701644,1.33592787200216767,-1.68395841154208159,-3.79182086646918659,1.18371755684606006,-2.43868113145440146,0.16254263658885082,-1.09187688211629297,-1.9767939400251,1.73522814883858678,0.44256945655202784,-3.76751214519460342,3.5478934901790482,-0.0568583353424424384,2.83993265049125654,-1.38802099530635004,-1.41359677471937695
-3.26485330577256416,-0.99156884463334749,-0.0867104022897713517,1.06590455182595001,0.701426570863376009,3.20039423418228219,-2.00239747333370266,-0.956653743523284583,-3.06325932846208815,-1.22541171463177734,1.00416259374260797,1.39210268482097854,0.837468651859415214,-0.69003761703597033,-0.0161186615910189797,-2.58656811693205801,2.73962004944152548,5.49508494482634902,0.233559909437484836,0.496502595297518778
4.06348674478484906,2.04348464425863607,-0.409092246243990598,1.4952448875785207,0.340081463346381452,-2.86162473927378169,-0.534424167718190346,0.235566174073963602,-1.10671845324738793,1.42551165370248856,-0.219488926086009117,0.145813294444185337,1.57346022681825737,1.56807360836195819,-1.45469281890395918,1.41127874338487413,3.00322577762296694,-0.364514524230306114,-0.706495886061411671,-1.64742280147696474
0.271285675979818897,-2.45919049403320988,-0.720626407692354976,-1.0297681939591139,-0.683077370618831559,-0.376523153638420149,0.538883476371498138,-0.539165159041776532,-0.200914963392480661,-1.81673635735142769,-0.288927687731911187,-1.30923057002263254,1.51831185198632523,0.948528735154804514,-1.34167965296709557,1.67429964252842844,-1.65372434209588048,-1.50063910421285196,-0.282939724270170667,-0.101260775123946684
4.45717102563954359,-6.62700311416154531,-0.281244459293369553,-3.7298993143543675,1.07067137550700631,-2.27802716645404013,-0.404850356104297981,-2.81177466184068914,-1.88485591902566862,-1.59966576691851325,-2.84810294400896735,-0.214440229709534858,0.869211879934616238,2.27049548678081115,-0.750950063206346496,-0.369269476745266334,-1.79482505526607516,-5.67823478816438065,0.376624498124493223,-0.90415772205260414
0.92307247129252834,1.29642149590975442,0.42725560432729609,-0.0141553724398451996,1.14394771025208453,1.81719598724559295,-3.59207445129621883,-0.440898523039290446,-2.5084314908293357,0.655058785363427876,0.64566979045862416,-0.50489813820630125,0.552232595185866981,0.534212860503593068,-0.542035978603891966,-0.078281609971562513,0.581597737594315101,-1.68723305560566561,-1.49557380494837688,-0.762454451542921685
-0.780739312587475309,2.81423015067308002,-3.61532785423983549,1.39168466672873192,1.24791170666141027,-0.678804456144561086,-0.140780519293837142,-2.66112864943990823,-1.42013195075897447,4.017408698234334,3.37555115234882486,3.19923066390826483,0.855768126940673612,-2.02850405028072078,-0.516606151304477734,-1.04376397782933927,-1.53685894023502101,4.14409023414277033,-2.53718266526220626,-0.369774806236337406
-0.0337210926046726533,1.54255345728977655,-0.0333302485588082495,-1.6149613732070216,0.559598376314492385,0.756145070098528493,-0.67048270924762321,0.26539735017579541,2.15955731309246923,0.546428778060367604,-2.69684914315567914,-2.5827679056944266,-0.988203371756012805,-1.42622089843778799,-0.558569692393504846,-1.11671712989829697,-5.0833313900832664,-0.860233154508130093,-1.91060858887986629,-0.408053236705405997
2.12393349254074826,0.477218411261747522,-0.942579775152566968,-0.704133722418220365,2.37679847080525164,-2.11703556769196943,-1.59287029458470974,-0.951360324803244728,-1.38966243926696276,2.47024562515515012,-1.14953116949916878,0.513853511545958375,-0.366544444822445081,1.53445127870125564,-0.499073956694620791,1.15969289633779105,1.99068151402153437,-4.18907571991085348,0.751385976880134421,0.097879986138487543
-3.94708731460882989,-1.75155598081227293,-0.300195149440282527,1.17891092930402519,-0.609794187651525488,1.56611813627106145,-0.420183006083107602,-0.980026589511629243,-1.8225617779423926,-2.24681097149532505,-0.722972760620260835,1.38384906142500519,-1.17415276370601895,-2.43836489161191894,-0.417672544030620818,-0.305903070930311161,-0.19962633640982666,4.98114725243517587,-2.37205536582556364,3.15958742188660535
-1.14954944332673925,1.22569355705843352,-0.424552892142154137,-2.23764062233832828,0.0399177798788556276,-0.784009664284748831,0.553572729544595465,-0.743043205155292874,1.36637275856498985,-1.22778110313773192,-1.35058360943173716,-0.41717161525374169,0.395625171496866102,-2.88036143760728924,1.02863785445364786,-0.939903850333827506,-2.69782228319321105,3.39275324299299852,0.63317602144099483,-0.524889470821710113
5.44164581896921629,2.05169568891555931,-0.727380295012928779,-0.863476819495852199,-1.27568598867872152,-3.94969759603198778,-1.28797430980274208,0.0830895045102695295,-0.489298590534108291,1.30258648342179817,-0.978579469696446269,-1.57165075736000581,-0.32141344472990635,0.320447878421662391,-0.366034551631216842,1.60101857086800892,3.0556654464367643,-4.49826379999571913,-4.08759149040866809,-1.91824012134054533
1.08316100031147577,2.00769776460508265,-1.91178691517270316,-1.53639422789113778,2.86781938331191011,-0.569003112453478899,-1.16880420166800891,-0.764578574389869536,0.411979226613155003,0.576354451210855823,-2.24120117092386506,-3.57313201899982014,0.716855414451325501,0.0677442659724691865,-1.44913670426328411,0.187952706010836718,-3.42922468708899641,2.09272449355231149,-1.26581571840491258,0.565665932035930186
1.52586103273828066,3.55618700230398233,1.05411709702721801,3.12930165240889036,-3.35426103774328155,-1.73514219228065891,2.3026088479043807,0.945431514532708461,-0.132874500063124706,2.47338874905046424,3.55404132325230071,1.31757170395843848,-0.141013653656621246,0.532945724080270744,1.64451923400653288,3.3045003006134599,-1.1565845589319681,-8.25947999843928926,-1.34764777239092792,-1.36234642862101629
0.0724837572804226948,1.11770032936907149,2.30240724947131259,-1.44243909237747969,-2.47386242635551223,-1.3692436189895465,2.76824802477702558,0.436643474759299155,1.26495962393228156,-0.60850809277853557,1.15207708095153127,-0.899341387906963052,0.31260723548478131,0.745311960205998103,-2.24928578624172282,1.13288098783339364,3.54760061354014899,-2.33368603193937396,-0.243271596411272856,1.74555191365976392
-0.57262148326590423,-2.66420301880037824,0.308133270509046209,-0.518365135127212162,0.714610672894537835,1.07123991052317935,-3.81671474964206103,2.4932705675606095,0.440061045012659247,-0.878771629821909372,-2.98442304187378049,-2.16566329834078042,1.53252567116512006,-0.261016410356112782,-0.994795392961254299,1.57698289079727361,0.059936419304162554,4.64084409902809636,-2.09705871600506732,-1.20488245223090673
-0.228574474402723909,0.1879836927530808,-0.234974502955089481,-1.05920284219326377,0.453437518213466229,-0.140212090255368516,-2.24710840905119946,-0.515397800435105302,0.628548788568846328,-0.748102915182918937,-2.03389758562591005,-3.15790299244668704,1.97234996273566288,0.0212941868410134426,1.03726475617373493,2.20643174885984417,1.37986200697461037,0.139994246388494309,-1.87470991735227477,0.956437887694182143
-3.03868405118938112,0.114697758713595596,-1.6156274867711713,-1.41205851692214468,0.939249357404606355,1.00478997450792829,0.534064668674096854,-0.268468736744961467,1.2554134903951828,1.07338039915268935,-1.12773485640536952,2.25987509636677908,-0.829580919238879222,-0.929867737384502124,1.11703981207602632,-7.215329037343583,-1.06558577682059608,-1.12205495976206304,-0.385237911334117555,2.11620121535829098
-0.889370554910354993,3.29373572025866457,2.60071902171001135,1.02712196992290461,0.491606815177742629,-0.0575266177429899009,3.16569915559294435,-0.936712070701968158,1.95336808840485121,0.85307393304998691,2.84527628232214536,0.523157743179469059,0.567951175937880692,-2.43321248085970776,0.0230028758929222144,1.02890376436779118,1.67205946500932789,-2.26703176377598314,-0.183549581382942389,1.28873621358237034
0.63842603176658963,2.56746455363725223,-0.623279233646944264,-0.806870547335623467,-1.51626392211138139,-1.42423372577899809,3.41496911649545742,-4.16715605493765295,-1.47433540032945687,3.98751364261603669,2.05489728805793836,2.3287706710692162,-0.446902081769352144,-0.101580857629331167,1.16223296088156181,1.24314681734705035,-0.0178013671564886712,-2.65946985734222707,0.991617036622663539,1.65690422553129402
-1.81237389923425996,-0.474714527606572234,0.303096751496795713,-0.5576491574565825,-1.95951804889760384,2.02764783309076702,-0.211861847874153603,-0.549661937341820228,-0.0839797279538603697,-0.362744455805510457,-2.39430537590422166,0.42803049606054222,-0.727153659746206715,0.0405220885575824294,-0.826002106313563411,0.840212673801711385,1.56177751803617859,1.62807589846719347,-2.79581279532311822,0.557089547281658604
1.47506621388124026,-3.95063800181237923,0.47283791050041174,1.46605203857332356,-0.479434532646523526,0.125401405819980299,-0.569888363821770216,0.63286331699093068,0.697626593393880667,-3.59285582453963848,-1.63842110975415411,0.135155898621798998,0.804415434856724176,0.976064323871524531,0.723400893188242522,1.13600003998213239,1.01676665074676054,1.92146597424895882,0.59566995177937565,0.194141491001797339
-0.472495267073192282,3.00279181846770982,-0.0520086469562623943,0.994466303986777045,-0.570223023276209995,2.32797290858380501,1.32083391750550816,-0.329566509795144402,1.03956771964832417,1.07114237153342318,3.02229568409775506,-0.0813553425705397931,1.48346794297341167,1.24353096314550915,0.0555379511765804745,-1.21464393624672895,1.24214548792765034,0.435551672704420634,-0.728598516034577703,-0.0187454369829296169
1.17400726703524194,-0.0930751143051942731,0.416217135526429027,0.26786328134387144,-0.460389549167188161,-0.692762004778063933,2.44977965080810201,-0.486095829145256397,2.23062126878385047,-0.862375471582268571,-0.39708485646817776,0.534958147789336813,-0.773137381534437007,0.194565230003807405,0.581940504924272073,-1.30726411883654436,2.94913222561957955,-2.47151780917292108,2.37085653264742424,0.789153392375604223
0.0747173268432165111,2.14293593999692789,-1.92601666689572637,1.03644768928126774,-0.783411593420944241,0.29802250924564655,0.891628760621809624,0.0207123084733591908,0.664110521728591863,1.47364694291990461,2.89661993388914851,0.503779073205826045,0.921036184363551169,1.013696430747836,-0.228763813371604896,1.68236265497544824,-0.371721544355568756,-3.77703005694658511,-1.04529710093645489,1.71112006831596974
-2.05567962262448978,-0.517678660656973322,-0.705028850797058459,0.594135500897887248,-0.0209646310162924336,1.30850714204299301,0.284307201426585998,3.1129553870808917,0.348067656941429604,0.755056569370368691,-0.164907749392473241,0.285277169091460892,-0.449166575413494862,-1.57251007082090832,-0.758137526551287966,1.65175767190656342,-0.245205816122046116,0.750766335098466242,-2.89610473644806943,3.53406073142510113
-1.3046659388523989,-0.252059405698379368,2.00567744067337683,-1.50971296502106855,0.809792961617703311,1.58604233661413407,1.18344477317269581,0.347420960942412649,-1.37650131288548239,-1.16429347789698068,0.0141750192436611421,-1.10038355033901492,-0.31162421108660171,-1.87273476987027943,0.789742772536653703,0.264174176163526175,1.727515219053531,-2.03193283516802481,0.408081081972549442,2.20967802868923302
2.40837142233274282,-1.44167832527972561,0.344152645960010883,1.27388799388612206,2.25313712312996728,-0.832154125676299539,-1.03809057390968196,1.73993859848909849,-0.0874660453766340218,-0.675770923375987875,3.63414000628135403,1.1076480272528717,-0.806123425448910469,2.38253549786243113,0.0997800791343185778,-0.0514244366561836877,-2.59013300558557225,-1.26438819359140431,2.83455103928032104,-3.31248526728011861
0.147892973002859668,1.53336930422057782,-1.15872554972133734,-1.55410453106681801,1.30084386535790619,0.969512800632106653,0.588252185484435586,-0.966790613234067342,1.24426423085346372,-0.276469031578292279,0.140593997027662398,-0.650349849240879352,-0.973099183050783245,0.511878567310264487,1.43521015174363575,-0.850019677371964155,-0.997130348531330202,-2.97130562399746845,-2.70613491030490794,1.43081022483217879
0.225347255985097389,1.00805342902214901,0.910249055015534436,2.66543710362215291,1.39522499273904521,-1.91097709062977628,-1.11163441683255781,-0.910575551684553952,-1.74348173439872389,-0.0837796906384859347,0.81971312998978052,1.12442597976915004,-0.432425220735173588,-0.463481474866568655,0.315720548555721681,-1.99821539542737314,-1.13930328185285501,1.52958182039838841,2.27294551550583623,1.01475454557962519
-1.34070109916465907,1.19717410905409283,-0.701610884765665688,0.418602797882418554,0.725114948934093562,3.14174545105363112,1.73628075182449271,0.628594428213861245,1.8540281748580909,-0.255456988260060303,-0.0194318500428332548,-2.07386478241003447,-0.127917916778598123,-1.95717818528720766,-1.71109086115812836,-1.36698334710144964,-1.95426130664991105,-0.561549407499814968,1.08646464053369129,1.1411782126413037
2.64249758639435361,2.71125586782577388,0.931030360492688613,-2.4938684520745702,3.20809954078202475,-2.90406061587248665,3.3930301375592995,-0.194739099455738363,3.68886983951853642,1.91125101147250942,0.168267009292579373,-1.84776661851620538,0.0291203440879231508,1.84841278984125745,-1.31669742796957379,-2.51175993671351661,1.60787586999059839,-5.86603364827095319,-1.43865785467856311,-2.23973877507220287
-0.220599910322443915,-0.100945234616082999,-1.57053946665554967,0.779645604357219191,-3.43124850949133497,0.541308711523005859,-0.52492658150737348,-2.82261546467971103,0.331684121752924554,1.0851556386918928,-1.44520798380136073,2.15671630625218436,-2.23809493420234107,0.885960394205465351,-1.96237058577287771,-1.02536878144453336,0.0342995766039198499,3.97626941443357707,0.484402535038229887,-2.65276443842650211
1.28119085064906857,2.96836291137752761,-0.156308582546554858,1.48011861663236099,-0.618219891521939013,-2.60681095890386638,-3.46340310193710899,-0.309403798549678699,-1.12065423794968,3.66049478527572436,0.730659386743149342,0.728596181052688641,-1.00180578058564507,1.42564080834598483,0.726543987528720292,-3.66361489264111828,-0.0502463243814197102,1.79794158102629686,1.35179198567425418,-2.04067087751366527
2.66800056516939899,-0.407898090514386302,-0.0907495849267030558,-1.11977976302328353,-1.16918451334059714,-4.49207211903217463,0.946048272114692002,0.915558395549326387,0.257113160252905704,-0.483860286772559711,-1.32110548062582889,-1.25743328328854664,1.90571115104913757,1.90882916119337098,2.27412767720854569,2.54313556546492725,0.410086163214765542,-2.04696969981831423,3.98692305954244297,-3.5309325159236673
-2.39099793448923048,-4.04720353834637869,-0.191464586458895997,-1.66596484473642992,0.12256195837716849,2.22011557493629486,2.56087381289008631,-1.37798212282254839,-0.592778953495895489,-2.51023692706948243,2.0206820901125262,0.883586151560333377,0.168399880226180826,-2.57882766204099934,-0.202794120753359453,-1.64173092926690911,0.0829645758159412716,-0.0405490652618383657,0.532143952171867163,2.03313848499745919
-0.551062849021044965,-2.01669061419159501,-0.826212973337305923,-0.752861753028296499,0.49087887135497188,2.07243241631230335,1.17268931457960246,-2.06170820646186659,-1.18962034841070596,-1.82964039489133801,-0.611661833753082917,1.89105144456865371,1.19991462461166321,0.935205132611954593,2.13340004303838571,0.0291775391419559389,-0.78834648284451303,1.81880273102497192,0.756408057323386562,-0.414791261164407621
-1.66322270110205306,2.09894315243884177,1.20373817065875754,-1.6824775916149286,0.627925542162286576,0.457436175691287916,4.32100511705499457,0.937554907488310163,-0.778423786785900962,1.62132001351547261,1.80792221432364419,-0.408072132530044485,0.0116573760132605148,-0.946821331669126853,-1.53219489117094354,0.804339279223607706,7.63800010456337297,-4.39363649984083082,1.274355134196691,0.306025121321858995
0.965787744874515242,-1.34583625254710637,1.87596067287808088,0.242186886248643957,1.36430117867431355,0.786311830293736969,2.79242329658972377,0.712391237126147159,-1.89994522045764613,-0.218489938325764549,3.2019928093774408,-1.46514618539176555,0.162970534377159804,1.38439999298555283,-0.840010444904281783,-3.74983121376706707,5.86357581690278185,-2.6047139521803242,-0.613062867242883724,0.327097305096982871
0.455654085825919986,2.25127324706866982,-0.626231412780993368,0.884756152901581716,-2.91286309699107759,-0.768165930397633701,-2.63422085671921735,-0.144812561284511115,-1.32067839978916957,3.62471946192737127,-1.44615581607732735,1.50280467032383469,-1.73894931068355874,0.668329714467048364,0.23967086309647842,0.786110735203559119,-1.07376249709263671,2.26954471340867325,-4.47071213267688883,0.242125655559646352
1.3667427078273704,1.02392431482472657,-0.825827614333404236,1.50839355814157483,3.69618136082503934,-1.14865276975248665,2.16190456287040833,-0.408294065094203296,-1.01037358850025161,-2.21840296661930569,4.07816992711753556,0.717311818582589855,-0.534568137664587328,0.329061850381155874,0.629634106615224121,1.72134724756343505,2.95647655853189884,-5.66769394847865193,-2.00004495780378244,-2.66171440318381336
-1.66796417566753985,-0.632303226502506255,0.282721862689272463,-2.93518330243555381,-1.2892778848815809,1.02795456285119746,0.586247750286649882,-1.3028161978880215,1.87306465850241732,-0.554066980944288412,-4.06996669054787041,-0.682665097588775582,-1.31856227793018133,-1.031874262335293,0.118930288414335131,-2.09345152542842783,0.820196727907569034,2.43572060923997347,0.640133757220112676,0.560000431619919081
-1.41284470169299237,-0.801366289724528391,-1.24980680821723777,-0.624441061682554643,0.649959668151432468,2.28828338305909362,-2.63890253174118561,-1.19371167374668485,0.707036285818793742,0.940300823842633804,-4.62170634535028224,0.136606498918773966,0.773612772242077362,0.0855101417032999161,1.02073928787070378,4.96818691360500519,-0.396067502039032904,4.09872742047306993,3.26142728081548849,1.67020533216034206
0.05871517390949655,0.069934347195647048,1.19334782995357047,0.451601215510571252,0.235355004665433326,0.663194829118390117,1.74599849214515546,1.08650641223993749,-3.92290426980519458,0.480635329847644899,3.9676184693742198,-1.30216894342773704,-0.258255265785322652,1.83668828635814085,-1.60197169799768813,-1.43128314324523065,0.230473080106263106,0.956073466002462125,-0.690646275501950013,-0.924589468096732481
0.715151645179192497,-0.102763975864095594,1.79786396325069764,-2.27686947643161863,1.86410093577297964,2.43246119560046425,-0.487979929567314175,3.54645532726219015,-0.438247944965727221,0.492792774643685649,-2.20158326592615206,-2.53520917437124194,0.0970678585470144822,3.18900440414361919,1.35891126658577854,2.9591163944888681,4.99234877560881429,-1.33043142797062863,-2.18495030047104155,-0.661563584822663531
-0.389176760490322349,-2.06336018555911505,0.566355510287424813,0.784908015915124047,-0.694278756471515712,0.0779790892148924941,-0.804895327172313935,3.18969732657516625,0.617312728223933682,-2.49161043690375816,2.18915769641499525,-0.827260425220937456,0.758570929561904528,-1.3350005729763903,1.44188540560068001,-0.586523588648317995,-0.655694245033185519,-0.971913016898608317,-0.525910966650846801,0.73884566945484198
0.0703731637667925208,0.192642727476614761,0.785623134141823498,-1.2463330572406317,-0.811289023105103535,0.971907011859794001,2.2145036336217645,0.715449219542226289,-1.19328168435621063,0.974667970620421098,3.32818817440072623,-1.03832534693579492,0.100082424445811391,-0.00626826491689742426,-1.29203216336585491,1.81175307022991627,-0.417404157702842782,-2.44234179990310363,-1.07754415824555205,-2.58526068715677804
2.7247111558578232,-2.25364168157954925,2.01829401771363193,0.567423610916751864,2.82913964971960086,-1.8342492967500168,1.22520399578655481,2.78939064323512564,1.0256781569794533,-1.17549923452934979,2.9025077810210651,-1.049910702678994,-0.0155142823507153065,1.3557385689086372,0.42783971637890178,-3.10227587057974663,0.915994270208474015,-3.1577210892799128,0.934072927699825972,-3.21959311013340654
-2.3342646800846536,-2.43000266711426605,1.25002465338380286,1.6193407750902673,1.1386355663581369,2.65788966285070227,1.82742184417501252,1.4168268844160492,1.27486477785339591,-3.29918742162865319,0.253466941148325686,0.221775656584987879,-1.44844043873696737,-1.28713862753582675,0.596077582251040017,-2.6128815141331927,-0.425027150236525764,4.44172609962592091,2.7489245312599504,0.454268329731839726
3.16136313147669323,-1.71346165886294322,0.387166451562133085,0.217355645331800962,1.30250644838119389,-2.58627774385820342,-2.56042224130994711,1.08819339033447826,-0.110509057348131379,-1.67791448691573497,-1.18306865970040587,-0.814380759334040194,0.766928921960866816,-0.199040263257619643,-0.856441617836936731,-2.89456744198700822,3.52650880137465084,0.412183012137517679,-1.87737393602338565,-5.03093077627286345
1.63739408408237064,-3.23702051835227911,1.92548835824527353,-0.52768509815205844,-0.232433140884847927,-2.53292350347603135,-0.580108921238225439,3.86103584015919443,-0.947133197639320357,0.376873612780071532,-1.22183782894578008,-2.70655926586833306,0.884382789074465547,1.06682655638411328,0.459026057533426568,1.22208664936436917,-2.13576862423480529,-2.31456430782389955,-2.34092561574806579,-2.18262991957897468
-1.76106877440565501,-1.17793274759064825,0.423973534600264323,-1.15559853417086589,-2.57260530837888313,1.48925535447996538,1.01267903654456681,-2.09715403456464378,-0.254915796226470759,0.406858170025873045,-1.55149846717100171,-0.000817167755915368214,-0.572512331167619015,-1.27736695623065399,1.24121900687784303,2.64181589573475817,-0.529534801028939572,-0.596510256626068713,2.41400471252821447,0.426155495361978387
2.16439808446973903,-2.05725685508030987,0.768503701962659935,2.0934848989827044,4.11531038928268078,-1.09056751128295648,-0.598754342177606702,2.57947185498018206,-0.285333200261207565,-3.54671043568536204,2.67392291341231125,0.620230731847261629,-0.231992323518035365,1.87220056347832453,0.172307845377625141,0.161600941645368729,2.401716983006978,-0.178134530029941202,-2.61831199468725551,-0.897447441665999435
1.15930829760541876,0.988414309271717029,0.80869953832368946,1.07694547470778801,0.783767014141331875,-0.858831963473818738,-0.289007105438260192,1.77184988040130365,-2.02229118639014471,3.28129106290631212,2.76085456235884763,0.0722480045101691615,-1.36115119605170531,-0.0960663263064917144,-0.557756877677294316,-1.65725096446842302,-2.42481068988560677,-3.57555840896877175,-0.407983657401055522,-0.0850771299365794681
1.50889183957836437,-1.5375095446624929,-1.73150818601641565,2.68417438218883397,3.40036741770290618,-0.533131675003435501,2.22719552550223643,-1.47287772994406008,-2.94073498457652382,-1.93082252621707284,5.70262173599137245,2.07637394731192559,-1.93731711032215981,1.01648318122781056,1.21084278446078697,1.04285786979518713,-3.52958596274069958,-5.13237823242448066,-2.06433024218539307,0.701368388892204542
-2.57332835441811936,0.707468545144153027,1.68131627528733185,-0.238542652238876357,1.1656213289755919,1.79462107124976145,2.04924048744481713,1.59950977092541846,1.27142006147299513,-0.622074003565569522,-0.37075812232235078,-1.16835511334079589,1.91437505520352791,-3.39296880711801707,-1.80211425641645451,2.27869039292092435,0.157201672667974773,-0.252197215945551723,-2.35353847374234793,3.86387854926029473
-0.23895206140142064,-0.995974749326967612,1.74340959031700837,-0.446041563687931741,0.515709942841894975,1.04618429452738293,1.66313762374163532,3.76985280514646215,-1.14945182482282404,0.219100404153687534,2.53117468835216597,-3.11292251370445339,-0.996677039389335606,0.610777355442053471,-1.0935483895011433,1.25661455710099057,-2.46564498818282996,-1.46317344185044496,2.66879920423656447,-0.212469881775040642
-1.81726702692151876,3.44571375813283076,-1.70948948325054584,0.271620827477648541,-1.29728719621244526,0.894577536892805503,0.144297001765123001,-3.40635905407486872,0.921822959477342163,0.959607691584217881,0.515447347742725603,2.46986395357940536,0.210836018747158571,-1.55526414046309003,-0.885240659716615252,1.77924210336769839,-0.138482471153750425,0.937149663432300106,0.104840264984442211,-0.108244842035753408
1.22778475188512859,1.00931248110325633,-1.47326698300826253,-1.89692368572468495,1.95330060063080024,-0.625844244339243683,0.256438054387552461,-1.73491596713679042,1.29259311961143553,1.70393204331376946,0.322280966534482072,-0.643359711713668903,-0.412755157303034026,1.87040699904073549,0.286753479603815697,-0.263364244998589014,-2.98008952128352833,-3.28423798552998081,-1.18063686066999485,-1.45671704749385933
-0.796218470314655757,0.214262739766245963,0.778554932173534886,-1.3242550754496194,-1.69361284304411486,0.882615152738054243,-3.45598169471835037,-0.380782527908914648,1.77009566318886358,2.34141472642429793,-1.83012896189121643,-0.670438558459519163,0.50356578105608385,1.0430530997140508,-1.49173636422374956,-0.0606226448084142278,1.97384700927713141,2.08479410310684532,0.20539457186188298,-1.08589436258256677
1.21372233672422447,2.47202106937484034,-0.50191312880201977,-0.176588949518572513,-0.480533601878044392,-2.10355896075193982,-5.01613931115613454,-1.49928238168485284,1.11983906647171882,-0.316155665026143062,-5.41360131077713103,0.760068198660789895,-1.01642785257912305,2.1614845248352359,0.168441471967852308,-1.79719720919367654,-0.663351639992471154,0.987315083392606985,2.58588591669614631,-2.32229572768703063
-2.59500199159805645,-0.00274160451411160737,0.848641373791009568,0.816968834974794222,-2.5915969155998142,1.4296589742066772,-1.33742832327550065,1.41361739290218735,0.615698716597409046,-2.70954680842891493,-0.693797070338438626,-1.65424251826853697,-2.31779408512748386,-2.71198736540660157,0.485418767728013623,-1.6536238152255569,5.46994007597218168,1.36823264289226554,0.704618717866070887,1.07739318879041068
-1.59672130074795082,-1.57304678126175057,0.399676501501653569,-0.390174445603975129,-3.04746703135989172,2.60886145081287024,-2.57477261078688846,-0.417579725637244492,-2.29855202418607174,-3.11420855247613027,-1.09400948312808066,0.673284403152004884,0.738462560461470519,-1.05469491904458113,0.799942280831757446,0.888868744116262155,-0.324368083298706478,-0.707601242687362686,-0.224543067955498082,0.890907630923724936
-0.353889302496681712,-2.45128987848092805,-0.551979675039376394,0.805920900286982489,-1.20207123100770219,0.0952316604145264922,-2.53749960133597074,-1.49430805615591167,0.900031065076383419,0.695689070106897289,-3.02081658043929968,1.15235324554256802,0.6131885740130395,-1.34985598428718911,0.153398355620472188,-0.800429138930216166,-2.02403490952612586,4.96660040859361995,-0.643438517123653519,1.34665060173529372
-0.287297952108452048,1.6004888247342508,2.57103080000188067,1.31120706074398985,0.549189158275686373,0.395910399396175561,3.021042194305541,0.593370328111992973,1.78600499478005292,0.0777771792016744012,2.79948575168995806,1.2316234212659769,0.249749162456375545,-0.720985596220663383,0.479341163206482401,1.71573477243820727,0.368885867190076266,-3.58066753108070301,-3.98114801162517651,-0.275359567595377053
3.0487374482214773,-1.21263125377946168,0.442298770075635783,-1.48208706584297989,-4.38757840697026502,-1.57394811584681737,-1.53102167749470963,0.880381592308399297,-3.19073812260647882,-0.426842976184886758,2.08047050181622462,-1.56453510232651949,-0.802569304664598637,0.199366119592973873,0.106059431250337788,-1.58856502573204805,-2.83627892939340276,-2.06544566171273658,1.01587650068380042,-1.89583120543434602
-0.543607037571081086,1.15951089232832771,0.691106324220895574,-1.44589346676493924,-1.51578154207178684,0.390768665170906526,0.34525940787401338,0.269475368542813454,1.06006280884026105,1.33195898705837457,-2.52660536568139005,0.434542497422285567,-0.713622601865529282,0.312072994397247339,0.202595286107826456,-0.201769249929734606,0.645613991187713898,1.18715342361546217,-0.874512580369679715,-0.910999932150359459
1.73467664154623602,0.264869602794531533,0.897357114618230645,-0.304309855316199918,-4.02592623703121699,-1.19429940114851996,2.78891050742902769,1.40117419409785171,-1.68315249823065427,1.84057480730626,-0.422514499139215238,-1.93298238419798163,-1.61430502158148292,1.67062019624817348,0.17055849754003552,0.342049034962775833,-1.21461531123211652,-1.21683281532747656,1.62569581092976945,-0.306620767548239637
2.74128653471984629,-0.361485985251153608,-0.800408760959490095,-0.689187610207440238,-0.0616903883352250548,-2.98528996235619903,0.289574784254502171,-1.24998511124693934,-1.44645248104964663,-1.35837928250981443,-1.25533389585492605,0.951863098290066101,1.04787267212569635,0.665666079070376004,-0.611452492262191671,-0.00589840479666041678,-3.41459708354187308,0.561743209722771364,-6.4539169498767599,-1.33930827759370441
-3.3748540182107658,-2.28158398095974357,-1.05229799409086611,0.23738886607808235,-0.918989299582996799,2.26188443563947006,-0.664127441499144933,-0.953248857900320878,-0.195683934448365043,-1.95063165897934021,1.28525198327913404,-0.326870965913820088,1.35919415137434907,-2.70657310891899661,-1.04698932458932359,0.439126766939428981,0.728764465944463091,4.65984001515866808,-0.325221148037566909,3.5857655739691614
1.5351466109769718,2.58841714055237482,-0.287720083965897988,-0.89899825765675101,1.23084739421606693,-1.27562102502156827,-1.00925793428875865,-1.78779698061610248,-2.72320284321148876,4.00761142091350919,1.6211467618490254,-0.825335122194276738,-0.259277303523565261,1.8921134793939054,0.410511610207037303,-1.80644893897972492,2.14012188256124114,-3.69288962942209853,-2.78899869681170776,-0.00815691180494473519
-2.79845354805565671,1.67625150222816455,1.30537167206657401,-0.553786894627841697,-3.98720560702686821,1.18761378834940579,-0.39983860655094694,0.546353390736900923,0.884864760861581612,3.25567302948303139,-0.576454656651199548,-0.901702809580651188,-0.202807732706003913,-0.474689606210582815,-0.535591352986561242,-0.112918207078883406,-2.87625658009308927,6.55264256573389847,-1.21197770280615269,1.80698261690649176
-0.908890658294476572,-3.16784026132760665,1.88054017381010707,-1.13634371018191849,1.64889001076032149,2.35024854477162215,0.228857434732683579,1.39114590650100589,0.822510806725736288,-4.26452470005487516,-1.49770138835599531,-1.26726356577743715,-2.99085040589702444,-2.00329093369223132,-0.778321377538213732,-4.53508941231644869,3.00434974193601478,0.738480738890438304,-1.91534850579057703,2.65330023054826825
-3.04936782856760358,-0.964395526503458389,1.73740196804295577,1.39984583298457865,-2.70494861716304769,2.75785213872976476,-1.11033612192580877,2.66939553199639379,-1.60654617674431588,-0.275718014051588578,1.46677662806360276,-0.458218125627813111,1.63090075076315211,-1.70132324351807629,-0.489540940192162544,-0.0351134981286371148,3.47460018091635181,6.2435989518040671,0.549839192938981758,2.13484960854056016
0.380172545738148626,0.748623793984654839,-0.00440885987520246367,-0.476190945627475493,-0.997726101000804166,-0.667412279331406011,3.88800486152353031,0.976090773604072592,-1.31253156838809848,-1.20167439979143498,1.5655000402553374,-0.810665238873486516,-1.09112080273584255,0.47443341778728082,-0.535023684792226173,-0.697058665097711305,0.323457252085392832,-4.98546097646084618,-1.81688619077732372,-1.55267858212138687
-1.34334308135904257,-2.057740368353,-1.00120172979749378,1.64436886158847106,1.48607836974634244,-0.341637789920824275,-0.942627983004628356,-0.774715996224164205,1.80680382179993915,-0.254509987187265918,-1.49342331695961472,0.600168646199324196,0.274626303371388769,-1.84010943189249021,0.688980743004950491,0.759874958974506187,-0.280013670442093299,1.92169719320261301,0.670973890369445547,2.19123733817767619
0.967702548650543171,0.216680760693387403,-0.272157955800148565,0.865862663657330223,2.89618827145061575,-0.132094346366771254,-1.92219364898762168,-1.31446188067769421,-0.0335441761437245273,-1.3231172421874684,-0.260163644337245481,1.23566729148559773,-1.63742412339844257,2.25230799079003496,1.51258728854967939,-4.89386420247434017,0.409687302393127506,2.00812153734120713,0.20341830243422257,0.661556606084717114
1.95717115568319655,-2.87832190409805211,2.45768971221760779,1.85462142746699499,2.56695967459968433,-1.82637812620615692,0.324416658386561418,5.31641370683739112,-1.14782504982623945,-1.76260879638503343,4.46318743573565957,-1.22781271803851832,0.372039619324102899,-0.372810793636143556,0.256417476805371192,-0.840320808648230666,-1.32179040958630134,-3.44699021925203031,-0.936010630129055388,-0.813550130398264404
3.16042181499128327,-0.908559777703942251,1.70198225033075357,0.00117683919389422972,1.20928168211702269,-3.88588581180264159,2.44235108806542511,0.633583374014201839,0.281581223395357239,0.931558086152702081,0.278063943584910378,0.661853299599686085,1.93111199620812046,1.08886938356493701,-1.69406513446598339,3.00372384769803258,2.20034932122323434,-2.32210586501699767,2.03708334632413024,-4.09154521891850731
1.3587625509804957,0.706495959538389173,0.293226128181028667,-0.709834155555580604,-0.266066971302549304,-1.87698928860963443,0.666587502758563266,0.27569840079252883,-0.652961143057288584,-0.492625499972268066,1.16387566265317322,0.00773080529503367402,-2.16292483455460038,-0.666284050379837733,1.00830906142050458,-1.95689678447726978,-2.67095719590908143,-1.98589609486634733,0.13654695603044964,-0.518056139918739889
-0.20557655462978261,-2.33721643435478565,0.156577081209693797,1.94856520203742489,5.08083521247001624,-0.355625486302087901,1.8587944885525749,-0.168292633716609408,0.131608893539507027,-1.91576909765800418,2.24879488457804921,1.87223657691386203,-0.116474565869694444,-2.20099498924596348,0.811057084332620692,2.32652726288722489,2.15597593478800453,-3.88242642593178422,-2.27758381886210559,0.32600915599198721
-1.60527861015521212,0.0855863538726113204,-1.39226441297829262,-0.138682480643782274,2.00929782091287334,0.845128768910417882,-3.27723859287128194,-2.06453732581300642,0.283616561544243917,-1.96603149547951461,-3.31835838553299123,2.1880978274908931,-1.16607856845267466,0.196398224181060954,1.42584417100885252,-4.84990055689341837,0.783037422078576406,2.75837867892449706,3.10358368683511765,1.29287365603078852
-1.33984297309682621,1.50625316483056237,-0.328779637439837569,-0.798601946717915734,2.3514349939656447,-0.0511533858940665942,-1.62028523832967286,0.246009786029379729,-0.840528436419992198,1.05913435104904097,-3.65236049664459639,-2.36997397729272086,-0.851911802965502174,-0.605423120478076449,1.45453819457466427,-2.30421805731111418,-4.04444385123722761,1.78973855312245567,1.50528872354784138,0.156877893563264176
2.4053477343631755,1.6572700592221421,1.15114062696335506,-0.24512139243888309,0.0632662875401343444,-0.68936257693142633,-1.65128511026071512,1.76648428193405072,-2.53489738136045251,1.6640064755024413,-0.96720225090449452,1.16955751907299832,0.226854468542432464,0.395029526677150744,-0.458203969724433169,-1.15089123219972689,1.88709580908191921,0.672419308437171348,1.09317023138125236,-2.64947689377278506
-0.897066945016999573,0.746705924447694236,1.21978866111976525,-0.851155662567564586,-0.166170113386325508,1.27159251591239308,2.72242947856721118,-0.256905952259776027,0.0699030813054792033,1.80575151718841354,2.41827695239604612,1.19389704865230462,-0.771506720545192981,-0.579906230722606053,1.63866592948853862,-2.88088499468638304,3.75929334820350514,-1.54121493835452994,1.39232712362326905,0.0689182993482752443
-0.109126943077334893,-0.709675192912409658,-0.991085659059558921,-0.0623753813529542775,3.12761582114924508,-0.524895714193597596,-0.0685840287051616149,0.311839977254715628,1.04095590392821324,0.349361664960343543,1.28268242805149768,0.0254358615018669167,0.54622554616260488,-1.045515782144814,-0.998474799316579009,-2.00632694986580296,1.61134113867940676,-2.19322575536436171,0.456488005735063596,0.178272743452391275
-0.232286982664963337,-0.593696464092204335,-0.752231936313475402,0.608024367101596352,-1.63462976294663465,-0.0546121357879776823,0.0468920983599740923,-1.39799165887370869,-0.413707351478984742,0.238465813224013168,0.733004151296995143,2.71287046462201253,-0.153867161749030035,0.604151695083496088,0.00606799560745451255,-3.49477455764659517,-1.73496973893937523,-0.778451557596843258,0.182292353513294064,-1.07046255862877993
0.0403090821774203453,-0.733459373776764401,-1.92850734296482273,0.94725154906370812,-0.732314987228231962,1.98818198214592967,-3.41178880326664613,-2.12336663812956772,-2.10247976455421481,-0.229939873012849239,0.256308257273925255,2.43626321878948726,-1.92155887657870394,2.55950280890712856,0.263336231327747639,-1.10406703078336532,-1.23840775850210316,1.13574974228640047,1.87880119631076759,0.029651490082041463
0.747034344136977557,-1.00535385846561209,0.070151140194957981,-1.26689491491715378,1.40678108526407963,-0.258564327516769554,0.581773313167209594,1.34063484931133803,0.745770693408262852,0.92127755827609592,1.73961359894898182,-2.26785798092897561,0.245003706603033083,0.687974985393465022,-0.657107337023137061,-1.57604375667587493,1.82577160148893425,-2.55061479273946778,-3.59181809766630034,-2.00702254588988538
-3.10410282301149021,3.74060988627975455,0.942470505209509701,0.854885010297713799,-1.13494559325323752,2.13835788864998522,0.847079363460001455,0.953577789918595875,-0.164551732520602012,1.99538868706352668,-0.218046968373381167,-1.05511491680859804,-0.275674657110948573,-1.2757159354908556,0.183518078286003333,-0.645981649189227847,-0.0151604989863100854,-0.821837224404143973,-1.01387538218085194,0.970519308944755243
-2.54179082193191563,2.59795674152933032,2.89706815312213495,-0.209803805917235298,0.350099685692219942,2.52769568513892429,-2.51506852323131813,1.69053473852448377,-0.55975739062061125,0.972961101057516098,-1.21769656441737828,-1.04952295972116771,-1.33561006260754667,-0.823242304670052438,-0.409569604439197543,-3.19305096640628561,2.09986496938762768,5.72645130716341288,-2.29569371916132736,1.84569152254918922
-0.654290017403642565,0.261893038451105398,-0.799983837888599503,2.15403080518670498,-3.1168315831904434,-0.372398125546436864,-2.14755811406013963,-2.08700992473423907,-0.485663744821003662,0.0632843091360093396,1.43212632849232602,0.899055209346052653,0.267792599388380348,0.185644301836668607,-0.900994468258100589,3.03713568081510088,-1.57184708387294902,0.589384951638955878,-3.97367734169392639,-2.04581708061369083
3.19484917451146044,0.211359281826940998,-0.0175071474111600546,0.599732824601185599,-2.50618397340860666,-4.48262645711409924,5.65290499529626445,-0.244720720873426834,0.429145918091520306,1.72495250229328878,3.78912760410854821,0.297293797169865037,1.02437260359241078,1.05972292505042232,-0.67205505720006431,3.01322197393130731,-2.44042246784847361,-8.91414306556858982,4.35781676667136608,1.23831379634013161
-1.51947766000895079,-0.589442295891110302,-1.63759858824489313,0.0869354658097250127,0.216860148748940884,-0.021816903702362455,-1.30102378083419423,0.0329449081936486754,0.643973097722961407,0.0385738586689493082,2.02376530176516667,0.22239463040372745,1.47060802750058151,-1.18479751442134584,1.34670235334180255,1.74964447506869392,-0.615379891677541591,3.24535166448555579,0.499177366995310345,3.17638607761505476
0.0393711941882988539,-1.45598744602313079,1.12811233594653548,0.50796991488638632,0.81408032119480489,-1.23940551547215572,-0.292322262535134159,1.57669701423208797,1.00457903862145859,-2.86082122036918474,0.551122275638644132,0.0179627835482843549,0.480813839285573641,1.24048665012633963,-1.03679453239406594,4.67248861987304842,2.16979847728492681,-2.15790940352612548,1.29597638863155984,1.16180094258200084
4.78161338681739423,1.07668781267238489,-3.31275059923109616,-2.15200847726237043,1.40214239704209165,-5.31208156922539931,-0.854626511589455129,-3.88076492383116545,0.461279566070893154,3.0462753474951465,-2.00771146701946446,1.20955535050835827,1.07372849667888803,3.6571213788731578,-0.270446030543220806,1.99220760925649709,-0.74522321097470956,-6.07549179085220814,0.0468883751920672817,-3.40576702759085759
3.46835134449323856,-2.60004484371994593,-1.71698386163266892,1.29338348948219606,2.42157084340427087,-2.99305111047224592,2.01534298494934516,-3.69033985777234719,-2.52065843001276901,-3.69633639531665548,1.94582375491245418,2.78112020052465025,0.263695247689872903,1.46631985359564632,1.85587315205232128,1.68019730489438834,-1.30854031676657678,-7.45640459853730597,4.46356357332268505,0.878974643436407632
-1.16047998952137155,-2.45208384874919805,2.36556402689859935,-0.120194671961308244,-3.42145701771164523,-0.563391102826697354,-0.537103137357831217,2.56418451931954472,0.118114193374111831,-0.868347413225031839,2.05552970186320616,-2.07349236059133135,-0.305605229097822784,-1.94905286774449094,-1.19324239685278521,-0.496217130482687896,6.33437147799470601,0.627774787588352146,-4.53739998927088628,1.57453087110858969
-0.575764428654649385,2.66076595033657481,-0.897905350734910512,0.948471972256650364,-0.190715525068786418,1.61165491829556595,0.0167081992964659282,2.49328516874833594,0.558972614889168939,-0.123656159086630246,-0.630124488192128074,-1.04880595914984065,-0.270173773361380598,1.10957957506643012,-0.390686430033599486,-0.4531897879601402,-1.50046278253304277,4.66679788439339394,0.373522816609617392,0.513091481938217853
-1.79178595278536767,-3.50637963883396253,2.13536104786440761,0.747267516636156648,-0.882483077787212133,1.77921616232536905,1.50020773748043612,3.02564108138363164,0.107353658687811354,0.661271673655343561,-0.812428727734277989,-2.45885125466067223,1.39603762365748651,-2.249511073641977,-0.560349993525843804,-0.587775174243245324,2.65625487618698308,4.51581561094954687,-2.23544583370290884,1.81958410549863392
-2.65467196210278189,1.15645684233803214,-3.24015987583228515,0.301452673499241375,2.41406944163561388,1.84365881753028549,1.52910561188642458,-1.19598336434507146,0.60134715451920695,0.0278613361896112785,-0.437333925035311488,0.209796854385093878,-1.08790006870673084,-2.47988409501837737,-0.837084008018011971,0.695949211682203916,0.863376379030157515,2.04041699481165084,-1.37291816795735122,1.41231388618285325
-1.97562042753607847,1.43040529741919986,-0.948767126618530132,-0.804775467724314297,2.58614699084631816,1.47683787263248889,-2.28579319662693736,-1.04823170429771828,1.78931786913964874,0.774021228650528359,-3.16543849896922413,-0.822225219285121822,-0.919788740934589177,-2.13268959300753691,0.317011435070013725,1.36170906867232078,-2.77847463188901989,2.34937688867129246,-1.76069291121025828,-0.882466685386785188
-3.41732313258007414,-3.08708155052995625,0.0526729826000047058,0.356645895168501259,-1.9036652837595589,2.34627745897156004,-2.92996164562412176,-0.335888415798121398,3.27850190547779041,-0.358923380879697385,-4.19850877252048615,-0.126852334457308341,1.5013947869259936,-0.989962552833369425,1.39914805638008533,-2.38018303325421154,2.35778077682716658,4.53473036632175219,3.95222268661470499,4.01545572057562872
-2.52837342081474015,0.813554932162065203,-0.217111361182417834,0.480756945588705076,-3.19780152942531215,0.997766913824016166,0.678362223686181154,1.32219745462914751,-1.69616535275623059,1.09385790655030024,2.17967583615726213,-0.633899931650257931,0.0197595787243158363,-1.16147584453766095,-0.143195444202019628,1.54413491131880876,-2.22046992476211047,3.12671677477692089,-3.20276991980337167,1.13208372316315486
-1.37394155418576358,-1.18714318610327707,0.483826053141598156,-1.66286721053203568,-0.107329260312884367,1.99656838167070205,-0.534960491370001234,1.17353768025460026,0.0832065714242538473,-0.288227206103758793,-1.91827591263641928,-2.11446055923447984,-0.502277185306580609,-2.37643509911865314,-0.445987952051992043,1.61414875792171308,-0.542490176474942798,-2.48969228303534074,6.39070237243403216,0.162042358567201839
-0.443837971464102699,-0.127325531845336432,-0.637216364226389831,3.13085050140530363,1.18777877674800414,-0.142981546400481663,-2.54561899976763684,-0.840829771755423061,-1.59577251613658011,0.349679629197992947,2.09652859934843816,2.1319275832373239,0.901593373866167003,-1.48913434612700879,-2.50024314117207158,2.53259333781420759,0.774340435691875939,4.28877224394891687,-0.217323898805369925,0.16088958037098508
3.29454150477699104,0.0323241404638369006,-0.47475347502904397,0.508393541086347267,0.381982232306956659,-3.36779124380469375,2.82024062198698422,-3.12376550075768566,0.652725033057828807,1.17891102985062957,0.377585445788773566,2.65924383632310146,2.40929580801754684,1.03789398631526097,-1.06828581819492929,-0.158361226558932588,4.54460984289747216,-3.24947841944057325,-2.74701473280487418,0.134664795748202559
-1.76952011129286735,1.47250122484031065,-0.635423166175871024,0.346913146739057654,-0.0205790916174276098,1.58846109321475626,0.527895045456233003,0.507296944201864997,-0.232075738749118604,-0.470807444292638266,0.575533703293580112,-0.327540648400919288,0.163674849821904334,0.554743190861294311,0.348904852894102224,0.970287059798052298,-2.85733410242673536,0.883735001322267788,-3.49170683537286708,-0.134153829480936126
0.665008627223635962,1.03128369364758554,0.247858099834214141,1.93630537244088385,0.351060159252951254,-0.316755976741359635,-3.9644435592784899,0.839916476081937979,1.13222650028180905,1.68254543339110407,-1.07803837009887094,1.34980625195279624,0.179744932116435024,-0.232471730899642903,0.75963078812215612,2.4405240231481109,0.517185100720458979,2.97539463530271631,-1.95076101169003713,-1.77449501295833167
3.00539523177241774,0.263581738113737307,1.53597500691098188,-0.658106634161190751,3.57685841640867874,-0.383985143809790042,0.259876511718521719,1.52272792548012359,-0.517618713492595806,-1.65668598920346155,-0.349404971089925631,-1.82125552963602066,0.918160520832756344,-0.231217251799434698,-0.319176160442208312,2.61828517353053858,1.55529099360072576,-1.4044098677586796,0.847846948533252598,1.60207312315257933
0.671216311925488807,-0.312807076977323906,-0.660859184646279352,0.953820269869258941,1.16720660451453462,-1.03682259789418918,0.530213714036705808,-0.0901004331252205359,2.99197858301555897,-3.4570437735860633,-2.03772684576848206,0.583694022714387306,-1.11001827299119982,0.743432156491005802,1.36304721392884942,-1.08925598404961899,1.83151771728660062,-1.87933339810558087,-0.566875570824947883,0.0568125107213770589
-0.0417503940799949583,-0.826593490471493553,2.49489358874263045,-0.575018561033751374,-0.644879890066836325,-0.703400703065296895,-1.94784081778068496,2.24106156710590732,0.417232540798576856,-0.704887966353227258,-2.48821977254193216,-2.83626596550993737,-0.509546891349123676,0.827082849008164422,0.502395056824232911,-1.10927030996142451,2.64670884919256721,2.59720567581296002,-0.365894447066573869,-0.122980686695169053
3.01744345765108291,-1.07292060017346036,-0.0814622683840930117,-2.40187168512914839,1.48984173235481387,-3.02217020831426142,0.160682579944880499,-0.15171358621880221,-2.36543009032366403,-1.53905236066056017,-0.691104460046298774,-1.98898359518574352,-0.436017166921099708,2.9880023037428276,-0.754247515529709145,-0.863628689306687791,-0.846605007377452146,-3.91355235659824618,0.512064456191759665,-1.30674815573423775
-2.70052683954882378,-2.02634144389130233,-1.39267180185295825,0.916388225859503747,0.605393654857111718,1.86451367333331719,-4.40579412907121615,0.561113159352976565,-1.12123690453986291,-1.29724910055910891,1.22686988979289491,1.10135381833893198,-1.33707761267669278,-3.02860202310838789,-1.53868253154124246,-3.28359812219075531,0.0433007270742483893,10.0407680641741788,-0.492159881034590907,-0.260679581527892223
0.583102436858430995,-1.01360641249710182,0.277480987851426719,-0.828775493772924809,-0.355951635304694758,-1.4610836731013368,1.25108104411560062,-1.72816218380058517,2.72645538298783174,1.87093693611176048,0.806714542308014648,0.415522556255553066,-0.408695577603107207,0.483412012493605048,0.21585830250723273,-2.23257699265557319,2.17592706130780256,-1.72245188366281421,0.863888141079870553,0.00549994478418628936
0.324977694865409339,0.265954300307758684,-1.00700920863464094,-1.78456913994201649,1.93887246087131859,0.240781839034542422,2.47997140066632005,-0.961075687250060873,-0.166162797904390092,0.662162479612648291,-1.12344655064279042,0.645878020031271483,-0.100282564807758323,1.07013227778399056,1.02860099357108381,2.72780567236290583,-1.97129342280998321,-3.79047826404862986,1.36136301306214569,-0.0924576831857580328
-1.01431210196986021,-0.194255140065561299,1.16125278272875421,-1.36637098125453971,2.1259108148393584,0.870755558645573191,-1.17208834025664355,1.06494445565925577,0.979602572016904927,-2.14935110947687136,-2.43023394394317638,-1.6508514880210059,0.486264328711135618,0.153956096531038839,0.374318832605855301,2.47722218443498843,-1.56976541810549719,0.412830846264748808,-2.13667388261738234,0.64036777153198321
2.55715199814981853,2.97109034319127518,-1.75358994782435706,0.846573027724557003,-0.703560054513323041,-0.428843618086624023,-0.945856493043735647,0.412004203099021915,-0.901210276145523181,1.20688517287914387,-0.426336773117323986,-0.575242521309715094,0.331421766989714206,0.947282480204856281,1.48198249128810455,2.29278261230686065,0.829014522477633631,-2.41157756471894835,1.86604889381552819,0.0396877335799498132
1.61494800280800099,3.19881455162247308,1.30537618332945815,1.96303407389462392,1.55980968270206777,0.346291972195396314,-0.971598360930316152,3.53446730048502822,-0.47121536301312178,1.56092832546096116,2.10442836244202924,-4.02204505179788097,1.39428707683688557,-0.164439760398400331,0.827847616691573807,2.03803525936661156,3.51658197450307686,-3.00378569066196155,3.3298076182320977,-0.67240762343460625
0.934956148752338456,-1.43103122378276093,1.47091215187033963,1.29768987313803796,-3.14718515959213851,1.24237641585424052,-0.771954230099002658,-0.46985030375313197,-0.275509840051294586,0.522339306577029316,-2.46479056419518683,1.70151029300813339,-1.76280895645369373,0.645889140521222815,-0.145123307076583774,1.24079115398726181,2.51375770479487892,-2.8924975073424628,0.0027929719054168166,-1.16823993799020021
3.39762880985818727,2.96647073970217123,-2.25131766410744527,-0.852792683160880083,2.99024080687043181,-3.47298743195019988,-0.46225091291587922,-0.029038235217784359,-2.612823490498831,2.37904402661217018,-0.28422070235470015,0.112778766785334009,1.23816157980840669,2.59903735606181918,-0.627942255045024211,4.27577790541799097,0.940936646587116399,1.20873695281920779,1.91400510574168137,-3.91842103617017745
-1.54117593269768705,0.19092375393078645,-0.364002866425432114,-3.91898888474061957,-0.328115530261241017,0.347890126786398024,-0.0023561835887280524,0.539753981260789106,-0.162252897983273525,-0.575779564607750149,-4.51407469564954411,-3.18219886544012587,0.963667581193669021,-1.49350311835040928,-0.0624525748337948078,-0.581647271385841158,-5.52601687151094545,2.21930335831791403,-2.88323118938862422,0.412716879520586333
-1.55270016675956013,-3.46961036963962943,1.40302548197549126,1.70515975896407146,1.66330084813915446,2.0553631216251409,-0.0282637172626041475,-0.224316751939784925,0.247628882802670869,-0.587804694214668855,0.366782948016952492,-0.608757505424086909,0.838686885426729867,0.327624097135650327,0.0506750300369700132,-2.02174669133143636,-0.677219952825605986,1.16384722462496604,-1.29885219152676701,1.90365669124022618
-1.78105406940878064,-1.69181262639801644,-1.79621219833510781,-1.72355236537718581,-0.113324799736683413,0.557013764791702726,-2.78399507100199628,-0.991387923746635646,1.47418389999701893,3.01134751807790702,-0.544647873673225313,-1.8351678429346121,-1.4190724868697222,-1.11692088986123794,-0.372613078090112848,-2.71468570233379625,0.371138178770889893,3.24907383145990902,0.544876898094418638,1.05123016064472874
1.47904626851762222,1.02252177507143682,-0.673999147783622798,-1.75827228675949465,-2.34843146048489793,-1.00587341507228012,-0.734772337625440142,1.18528234019112433,2.26279749497135141,-1.5867374350341692,-3.58428758101306233,-2.64674344346193413,0.839863376387917304,0.0652514268182735058,-1.22490044287846778,-1.13871134604760993,-0.149829924115602642,-2.26655984296724533,1.70527866229631209,1.1193844806593356
1.20464454709476532,-0.307239077702300023,0.538869535702426128,-0.580764426697457536,4.51874215609551477,0.991788911478779678,-2.20490301248992093,-0.613662183247438597,-1.11886288815353141,0.578253996810894955,0.384199997704292084,1.60478258843801069,1.3555706496463793,1.12319846729831729,-0.112683316612261969,-0.750464620280396733,3.33782600924493478,1.33009098419308569,0.92803778469483289,-4.13961721115878767
0.552420481170280864,2.27424865196552739,1.1291347779083627,2.85577846344748743,-3.25472889383957265,-0.991244021732773595,2.25468657424985786,-0.0200125350936406002,0.711194695468617022,-0.355914263936333242,1.77057510437387045,1.4445782509160785,-0.3925475709308206,-0.93713273815285203,0.160279902064499685,-1.90663590970995545,0.734456846080776105,-0.603967666305465056,-2.2184942735634845,-1.48957471035067845
-2.72436068341877968,-1.23770361758097125,0.385757602553273349,0.458743593653325787,-1.39593172821061517,3.08414810860021626,-1.16990064156272155,0.37963626838837089,-1.81184790698970866,-0.644357597563523288,0.266226677658612521,0.82834705481524773,-0.661672641105242598,-0.761363870746550875,1.48713527771671905,-0.216479069080198816,-1.16592117428235054,2.9916331560502285,2.27306997025280122,4.04362547679239714
1.94501214167685244,0.252719996108873302,1.79996418232720679,-1.77362266959721238,-3.30248599651373009,-2.23465044284721692,-0.504653145493391242,4.61361694571146508,0.39232550748549011,0.796970108585725923,-1.00121432060669746,-3.37693266445321871,-0.461362929713593106,1.94664730804171793,-1.15851967044695336,-0.222201645755346261,-0.793126924085057583,3.27129088675151936,-2.86744663741932193,-0.71676232864810685
0.605299417466568013,-2.13469884751231209,0.898476051461816638,1.71441691943982177,0.740670086235598157,0.2948070282308215,-2.15157163428248133,2.02942275446094511,-2.55711830863405387,-0.466652279789446456,4.63971355872862556,0.859500382626969706,-1.45108168619700217,-0.347676032793657996,-0.265531278628564293,-0.918329619435284461,-1.24856750284060669,0.25883007012733078,-1.19042832838264756,0.216090373981826706
0.588397943453151218,1.83992058143777504,-1.30574215601249333,1.760065871251973,-1.35313409593859868,-0.876766978634964445,-0.417330502651300506,-3.26715855733978611,-0.745016969492174108,2.47061529525850787,0.310167738235477553,3.7643802247824838,0.492550893752131402,0.790562216625479097,0.974195299548253457,1.30283985733371677,-0.36811825875857479,-1.26950252240656014,-2.76293898377557579,3.4856081046882994
-1.07157206572947628,1.68335238438093682,0.0726308190305184759,-1.33311015643511666,-0.184152004453254442,-0.691398005461629994,1.53484536831042906,-1.73441741784824166,-1.87208466014381458,0.256813647079885909,3.01456560112433358,0.380542586162700092,-0.954601026301806765,-0.945487956458561762,-0.934162388494871654,-0.196621326108476158,1.01886062744243944,0.646554828009749949,1.17438827568325976,-0.428544029841898155
1.51986266041945051,2.16271736326907105,0.850070368963164458,1.03065498451793025,-1.63314990467295984,-1.70528908907709131,-0.482151930576626087,-0.51159629969922471,-0.507072581400718314,1.37865948041697872,-0.398137711399031924,0.488480385434312825,0.419248307311814339,0.954267778415879731,1.37902192505839749,1.2856057628004951,0.964007366102694552,0.483284704439631119,2.30994424799749165,0.31271802534755988
-2.35188629966569573,-1.84995939397974762,-1.88028724655491941,1.63302969897678807,0.485635739413040779,2.26912526355370314,-2.61799087481091197,-2.11198942960964109,-0.657714979631440655,-1.49100048757169712,-0.600665535227019265,3.41072769219976735,-1.45949052451030248,-1.35352634036152897,0.933495985837238473,-0.485438937715786167,1.11557927665170054,3.78039089587645671,0.302453440502083948,1.9018156446959722
-1.99834236065405269,-2.50785061063020231,0.387915519178356205,1.06636481020770613,-4.17765625422654985,1.86025210415522491,0.410367616119341749,1.19184838747603639,0.000150108141142311766,-0.205147378207524461,-1.78678292047287401,0.74935671712701768,-0.251937231283946628,-0.540432443027341836,-0.447514009112352562,-3.98939651609127433,3.02818545334936795,4.97687478856772625,-2.7180064218552471,2.44291685060894359
-0.227781808429388583,-1.82140245851652427,0.378367207658365234,-0.763219109553743724,0.931103896109212403,1.4710769734128839,-2.49456399573555387,0.314859862728003537,0.196837005687029304,-0.207005704556753156,-5.26664278043754486,-1.72143326842561017,0.293734974964469542,1.45927311941147986,-1.81853695145261463,0.969509599984363701,0.328932589593905755,0.168823998784522394,-2.9691322827170703,-2.00285700208433237
-0.54629879823979588,-2.68891334068970878,0.231621175106425187,-0.241447885522840439,-0.437703024743512803,0.684382046694742341,1.74737704297996022,-0.377176636111488606,0.112493665859978095,-4.30962621398238532,1.10914411035410554,1.33151849061939376,0.615121475205821722,0.16701195019756454,-0.349511962340105564,2.22369600182300253,-0.827474157418323975,0.474675963860121952,1.46059865524384147,-1.11070597753770928
-3.1384761256722018,2.28966243681291726,-1.79052441144636676,1.36345453513791304,-0.394929078756653951,2.57916852868270396,-0.818106223628936924,0.0590425751757308256,-0.0141362730141320996,2.35260030272119725,0.897806875960880935,2.36309121995513749,1.184172372901237,-1.92916830900274516,-0.42325356911651113,-0.407760851476590303,-0.506095690771054763,4.80744735695263703,0.671795039882408407,1.84104496960848252
1.15569292069925211,0.490602320568769068,-0.914625756101181686,1.81929236332487454,-0.716423109742232445,1.32417887988596616,-0.126980194663522561,0.111531410752346627,-0.392934108696869844,0.953624035597212316,0.909071178497930954,0.473992876666407159,-0.3032405784833207,0.675937690769974675,0.307997392698659334,-0.928624225157132721,-0.869683900084819106,-0.0278195674715164508,3.27704174360081035,-0.592211034118306667
3.01578130754012808,-0.474005642809583239,-1.32610868930373793,-0.955240764482384819,0.621117109948185697,-3.57720095586444131,0.28701913478941915,-1.67532684595744841,-1.03225340233251628,-0.971235062640851576,1.22515319751678975,-0.927102658836664206,-0.367468967730596785,1.49867737211557261,-0.966790624407507626,-1.9639576147328961,-0.990708187980590793,-1.7421188582654179,3.0241859495583383,1.137324720938794
0.428930327543001366,2.46940411940236126,-1.75158879398803302,-0.928633221287329169,-2.84250454164624777,0.0300420259866000863,4.10387303351526889,-1.40089760589430012,0.845595563556871488,3.07572365208491538,3.32673139186990463,1.15471431848273509,0.413970799064886319,-0.615659176249243489,-0.165923906964041301,0.86360859198885831,-1.03695953328304946,-2.77238977168941858,-0.0188325224252938184,-0.812780808845371627
1.3563367302327658,-0.891068185256866929,1.56035760521526212,-0.909539388182336261,0.421550643958587656,-1.41913025977268381,0.0576503299236191119,0.789056922816362194,-0.00693029065464031892,1.16369832410439278,1.73705892319971178,-1.2323271498085604,0.621495750754061715,0.493190693255264656,-0.521250000563479476,-0.100647673143912098,-5.25290309316311621,-0.109026299129037163,-0.682958524264012046,1.90005853373155742
-1.54388199547909699,1.44586044934135605,-0.187814995419095493,-0.468099442009387301,-3.28114581655518212,-0.442277675738649123,0.699791022335750412,-2.23354336651114727,1.67238537775501328,1.37626358718627761,-1.01029827519425974,2.15451882366568981,0.807637629399615919,-0.876046344056940263,1.43498847456284584,0.967983302468347406,3.50403871865074912,-0.367710311342216656,0.886174369190612099,-0.0759732498157524028
2.33828010833808397,-0.906310571476340865,1.49377238999274597,-1.05703732789090155,1.39369384770877325,-2.99551120089608514,0.500622265079610607,2.65057335901670221,1.5628084985503321,-1.94954526889028079,-1.90147721232426248,-2.30561152954599891,-0.484273389746408045,0.889880795436052141,0.250379873411547993,-0.124205609041438916,1.92430396235857359,-3.11456574884177018,-0.111572695751379167,-1.8185056061074143
0.66375101205058229,-3.1633111702582517,1.26315264321235166,1.67216020245297781,-0.397235775798592372,-0.475114614782453426,0.948956173541703585,0.968792365204310113,-1.80816138357555767,-2.36001909532560372,4.17508767191689678,1.33404767555804749,0.638066390057726807,-1.96244855430978959,1.20060808406937247,1.38852137910964601,0.364648835800218063,-1.90758466490778855,-3.44028238978651668,-0.832054869089516869
3.24284831761462078,-0.263921513343348735,-0.600738124156800168,1.56515794789042895,-0.688364977508320264,-0.824641292656830949,1.26498062453785742,-0.359076046238751057,1.28609271810625048,1.61121536170835578,0.818227469702984433,1.62806591153864777,-0.886639278525031993,0.292517383252138163,-0.18199884385227566,-3.4790382290644053,-2.60689772140863107,-8.55539680013270853,1.08277880394604953,0.0989668041031986634
2.76349361297409191,0.202930352118722318,1.80272216023947363,2.07644743712836544,0.358281776762112536,-2.37216717694069112,-0.541887695795621793,0.652803937293595427,1.33701276878461361,0.775808518638401057,-0.392447249111700869,1.54105690612027502,2.08837923389368285,0.0390853832870304424,-1.73141354132939185,0.339246030556201061,-0.793780113994772552,-3.10054621945090947,-1.06922095304286979,0.378963642250022326
-0.374704076973468914,-0.463550627348201849,0.159310684880109743,0.370425298588887009,1.17460382141059916,1.87448257113940175,0.833527246958429835,2.74310626700761206,-0.458490288618588815,0.957603223035942364,2.25574893334814774,-0.732770401514856506,-0.505476407799903105,-0.506511815635106943,-0.745206392628515291,-2.85244671000505656,2.23288023337250952,-0.735899294361082479,-0.995375760179970537,-2.91426273382458056
-0.546101434354013704,-0.144645456323553356,-0.105671629597841404,0.409694923553449775,2.58580283495494667,0.867316683809607802,-1.81529232686151754,-0.856274146007032333,-0.263440760980319821,-0.865241862598063793,-2.96703901090835886,0.277697186661013895,-1.12106345758929105,-0.149696033810889112,-0.812947798444588421,-2.31615243643838609,-1.5731054230692918,4.03692269007703164,1.18591551420615882,0.0596146879883375433
-2.18346851592386404,-2.44738115549780932,0.360189099096022425,0.151790097970195603,-0.28369555439178562,3.78140891915235544,-0.845302106780781881,-0.153724939367730518,-0.547273008867133037,-1.68967149625743862,-2.62565063819080624,1.37574868601117295,-0.538153554554308799,-1.99782247976542426,-1.73931028032867352,-0.178311359765858213,-1.26792365376172711,0.53348224712071679,-1.23095778499461339,3.31331823579776463
0.973591227126079817,0.414821433512564675,0.883040852142429888,2.44043311172997157,-2.45221229565683663,-0.0124267206016918218,1.63074467983128857,0.341191623128643817,-1.97117192575372302,1.98368769298313974,3.03462666037037643,0.534497750011591388,-1.61775959862618635,0.553807160854637215,0.66464848226455564,0.276615532916693718,-3.45882058853403684,-5.24984154164834838,0.775619362349831865,0.276203964585137018
-1.32059720638742784,0.508509025627947642,-0.13131449343026208,-0.128618815650835688,-0.855226658086308267,0.549062088205577892,0.0437987867489357321,0.892984026005411158,-1.1543152742358127,2.98141974334897819,0.771336976563608112,0.656919727813593979,-1.08992490882264104,-1.21696320797804702,-1.18999891440222494,-0.554253221087100734,-3.7594215309871708,2.60870082709291973,2.35017937287934275,-0.918703056602038326
-0.580696997350159672,0.521986728336456429,0.608311482238946266,-0.101628617467878504,0.413845329770149428,-0.669537831302092434,-2.88828435521852667,1.2509322739486024,0.144090376833063111,-1.70941738242918917,-0.413864890866328494,-1.35676262912738599,-1.80176903559186763,-1.15901711834397103,2.00979113355870664,-0.0878377797844459712,0.706460379441985808,2.78950268924954292,3.81108530021489456,4.90662940814685467
-1.48631683622414923,3.86062299277074272,-1.37647513232625984,0.795958808585743083,-1.12576101553277241,2.30096150851845005,1.89531078945291331,-0.781815014334230951,1.5268495520245835,4.57503361835583888,-0.883807693697002295,1.08795606916332477,1.05777985475805592,0.327894962990798566,-1.15683753905928488,-0.226931788914162713,-0.743207780445885535,-0.424354264844274909,-2.95221101484271342,1.01947241562711222
-0.97406663857226583,-0.219186048611126671,3.67114177969279698,1.29848257307439607,-4.11970111479436252,0.606546410103822931,2.44952476002026032,4.44675151692184745,-0.951157273119585422,-0.363550197570600586,2.82213809867169285,-1.86294905215643758,-0.172899979728714071,-0.959537316216833358,-3.35225264563857905,-0.289164246661508195,-2.0002109030704931,1.66195417550336266,-6.02630549123960169,-0.308257624436617639
0.951640828915561343,1.29458846256012405,1.61184866594436804,-0.132095357739216684,-2.003678368067209,-0.0665851177951284762,-3.4904309707194825,0.012037003772458801,1.72070885293783826,-0.907997609146394824,-2.25663166698978568,-1.26100902965402106,1.49768722757021178,1.79141364372818113,0.064889119269830639,2.07412588290024846,-1.85525392162392699,5.50948630407288764,-0.230969959117412138,0.763222718712048831
-1.37019906294014238,0.972492698455521332,-0.623770203592387884,-1.42934594196984932,-4.7081340492747108,0.205596637311632718,-0.0832324497377284894,-2.69207407610658889,2.84881898942043721,2.75936398547186723,-5.60431998670761988,0.907497019778402914,-0.825380448088976038,-1.336480004263771,-0.771083789482448934,1.22237765626521377,-1.62855104843929599,1.03030825048242347,2.00193342529305962,-1.22374046860668972
-0.614240964922284527,1.78753214155731088,1.51645375614830002,-0.50147367238400653,3.60234167691304918,-0.850827807909350975,-1.7401102072072856,-0.220167437450116299,-1.62442394632010756,0.0374145806757859439,2.00777388408309276,1.25478185357833438,-0.254537816815845808,0.361621445667869301,0.512220323950473455,-1.48180746099071259,2.33173961833506205,3.41655868589379708,-0.197680051730801026,0.703380674906774472
2.3645379500986583,-1.26541564018175579,-0.920026586392662216,-1.8203508306690559,-0.450334147497380821,-2.06676430543940448,-0.839506253042898942,0.524182472127149524,1.07569954553601543,0.317132139440736205,-2.79386683849187589,-1.62827930535963161,1.26906684067505982,1.33668023967369121,0.432213203314614103,1.87063876034366183,-2.31955796849331009,-1.94546428700664675,0.792585339722716942,0.575020081693168317
-0.00367299433717895724,2.83401699127767026,1.09742657491882611,1.03134665424721983,0.596355648176730702,0.0519437629265892889,-2.89928629699987805,0.217694345376964943,0.600351102705813378,1.57878842201760183,-1.43026341391077105,-0.504974752308028574,0.142849831485145545,-0.692367064728315662,-0.346543970290243919,-3.96740012106649242,-2.06777784033658918,1.99570035773898491,-0.166606025244470518,-1.76321695149023827
0.714975948278757989,4.40229708664652364,-2.16827786349394414,-0.480253045178361537,2.65146132679502111,-0.238628626462654703,-2.10863362073942451,-3.73348238672152455,0.386254206830600355,3.9860067844177145,-2.05024870006343063,1.91018293440722031,0.716310233891582104,2.15567806615230984,1.10373809183243665,6.26862873233252227,-0.994738240055902723,0.607681716761530932,-0.379799756727407789,-2.0471693831344262
-2.14540479738675005,1.93439797460967799,1.22716743865452571,-0.0463600587139820566,2.88908195333814666,1.68866247668773628,0.408805438610460703,1.35403235942882727,-1.24991187003400217,0.509171576232520517,2.80653526142618848,0.164147181306653428,-1.48014483696459975,-3.24577199946469275,1.01196140569742932,-2.35865250302657747,2.0777972442501107,-0.168968509412505213,-0.119917326298583815,2.97729129890362687
-1.16565018859035607,1.75850388126359891,-0.448217455028411094,1.75716081078415365,0.704944323394969374,1.24654330664016211,-2.4175859314818311,4.65576479566565027,0.794713707419266391,-0.0482750546904128428,-0.350872767632413984,-2.71711796336384959,-0.583176316382637672,1.17921436721563544,0.711423963796357084,2.52567138412063708,0.555716728719050423,4.02512700332476658,1.99222439026205178,-0.490838046428762664
-1.55080311501039891,-2.18456193829360901,1.81958885798249259,0.516667625906382599,-3.43624693942172943,2.09497433508100173,-0.299196693960544158,0.968171077892781118,-0.543599637521279266,-0.0837142141454572941,0.948073935696005843,-0.406220975564565434,1.33782035839019553,-0.69589141604212057,-0.234359186622818433,1.92664290691550377,-0.00987821888515185396,-0.681834759790804656,-1.67318808493423754,-1.34367542933919637
-0.326143068785549883,4.71697811166701797,0.871526653286926356,1.8200665140292831,-0.100439356961881679,1.62594511747287962,0.448362547198206118,-1.1864207400347011,1.04332167047069424,1.41988774659600425,2.97838730423987297,1.41375524869408986,-1.01807363409945473,-0.155332059661300675,-0.762766447904356548,2.91264835701061164,-1.76555121460334496,-0.540056601718533535,-2.83067379873916058,3.37859065484500798
1.94323994951116008,1.37572293205092322,-0.703389692033548286,-0.488981633767980206,2.94683932261136228,-0.179892742589768645,0.129491323501082001,-1.68925590776286749,-0.385616480992344302,0.964440786111843806,-1.50762607645707125,-0.280722893347091274,0.254383167023494949,0.928894931083773856,1.69977852395362405,4.83492259084924392,-2.60577922354371072,-3.76704260295072713,1.20508986881771407,-1.38537580040490793
2.11075794765534752,0.624427503361281722,0.412480351754809405,-0.522660980117032326,-0.622323492927875033,-0.180847008747531179,2.80560796710933946,-0.497034937540816957,0.775061691700208999,-1.09614785798254699,-0.627638347123973706,-1.26940816095322084,-1.11114646965828401,0.916256151472803371,0.71925131573395984,-0.149413569299366805,4.61669338466018964,-3.40227274179683992,-1.12568979218149234,-0.0960686821732731899
-5.49428613322577331,-0.886938039378203924,0.370274373816252944,0.866829361936215514,1.10981420234808659,4.69501127693361742,-1.00571212128339216,-1.93167830781059924,-0.522412649936092155,-0.193357596414535149,-0.3180229413359969,0.71387484007411206,0.202388014139604749,-4.96538144663347225,-1.20170780018113788,1.12123278174603347,-1.78408199957042291,2.07652699230032844,-1.12850521521879887,4.03402817303251204
1.06156825685019185,-1.76623797947424332,2.10110507005350566,-0.332548946498672227,-1.3564704815550086,-1.20857385263983774,-0.016217491076812824,2.23947360980548771,2.35344154852945309,-0.877374407022052605,-0.891416878772569365,-1.74676124230356411,-0.0513070593873521941,-0.950976747341041428,-0.831175198148252248,0.666269769506954823,3.44111491996589791,-0.905946337369898935,1.0124512416731084,-2.56597690121013811
0.616176958765457305,-0.0555340119869121712,2.36359645553302622,1.84126625810668543,0.857576906830014418,-0.00485306933019294395,-0.348892605739634598,0.174078150997331649,-0.88143202605433002,0.936541549928373129,2.57722512288625261,1.70295188326577174,-0.889790177046443476,0.88222873615695363,-1.16835117405322486,-0.755271236679083358,1.86230181304293807,0.787054369131650278,-1.40126954406899085,0.00634626043105799339
-0.737667923954063665,-3.63871650700291971,-1.11751817863811476,-0.863722316698866788,-1.4284486156211762,-0.927559681510429446,2.3478749416213458,1.4155967988600322,0.0401581502142878757,-2.38924055129112611,0.261662132486083276,-0.974542012420914983,-0.879672183702002841,-0.3610231454767453,1.38052171054482065,0.791443407444470171,-1.91334934068196261,-1.02234323996351217,5.2606823186367313,1.36001328872945293
0.884650594943412583,-1.48974236571184626,0.423378815618457582,0.362547411532232355,-0.631885959452675561,-0.0111261852329960567,1.58647539084741274,0.442703628230100621,-0.296806748667966525,-1.5088398869357591,1.11859558800125125,0.0530244023978889145,0.43256468615722049,0.0851126537989690679,-1.64536094114519327,-0.875717717552070729,1.34469865328072968,3.07516118359122226,-2.2581926377331909,0.156069010215729415
1.94634411142860442,-1.79212092202547146,1.36006946289706421,-0.0185622529458882128,0.624020631768979595,-2.79057934518012507,0.978133878615568775,-0.169518387952779681,0.86569981915262173,-2.54829335941673696,-0.249984916185418155,-0.312606987140739923,0.705974099388181231,3.11716671872346351,0.383490319307698224,1.46941504733665451,2.37111354754031689,0.577266865531956164,-3.5315400076152148,-2.80055670186626227
-0.646141146996543458,0.467794100688899428,-0.294123795062068927,0.0693542019697087203,-2.00833825636299412,2.14885797874663709,0.736407785599070164,1.17912731163127393,-0.199362104544952456,1.60866626621244002,-0.309488126152147547,-1.00060562309080758,0.0220005879650168844,-2.23881165745337096,0.732299149381549275,-0.180444933623141041,2.35100381362648125,-0.230867358397646827,-0.442858762409023221,0.0204485987847488129
-1.91084469337064577,-2.05618185802918241,-1.22496113702777554,0.885976968281489752,-0.43396177493182797,0.405817371050680276,-1.38494554221793731,-1.4163346621125863,-0.67696637036218843,-0.443474028009227583,1.74951377226539506,-0.491410709168686843,-0.166734753853488044,-2.18128077571014112,0.299053762326781492,3.07071800464217137,1.90778146154240358,3.26226726367281561,-2.52989932889407321,1.32036056324127338
0.236523824426374152,-0.109729296113635105,-2.6425747153914716,0.788667187999887109,-0.324847172094499703,-0.537141752651320581,-0.586142171554970393,-2.46726949002030693,0.41931638149517908,-1.44260294109684173,-0.0120074263581723493,1.79674812673016771,-1.99846011584910599,0.877588627466762805,-1.75556617455211428,-1.31548646312448292,-4.25668549390510798,0.881772246255540737,0.0869037421883026573,0.134458954510729839
-0.551492319647036378,0.927425344842974009,1.12114301821500995,-3.0411811658169956,-2.95204163558368293,0.344979201384013057,-0.386978071140671842,2.23086363230105178,-0.301114535193830468,-1.37836312634524183,-3.36102521908299634,-3.18587086545351772,0.380965601963635103,-1.2308259051539423,0.172638507846407246,3.15899178834280692,3.06524274226620497,0.783040082834507656,-0.263542577809982637,-1.37796491580259417
0.532868244907326538,0.146030783037204126,1.6205270731042194,0.871198544570702005,-1.86479683994302081,0.544691893190359044,-0.480907702311972884,1.55497683475776505,-1.29542176375088247,1.18557685053755613,1.73977553597270784,-0.327325960117362091,-1.10195987629838732,-0.348161587074812096,-0.41770046801296834,-1.14976394760678646,3.12584440966154853,-1.59040917037216034,1.44846902898376895,0.892264838675867145
0.848504583614625219,0.321126369562221958,-0.0476612416883644904,1.59293127347798613,-5.5662344546500897,-1.93540513903738676,-0.0615777129777419982,3.59081579725461664,0.675885723315156728,0.175455665830855312,3.06013383656317384,-1.54053636863012833,-0.0921447670519637968,0.419953646005397863,0.874105158064632071,1.31723967638780892,-1.33172136398333252,-1.75127037697986765,0.922136113125562762,-2.12705594650099128
-0.982065081669661777,1.32916202112666371,0.132898398703744897,0.168871122484655356,-0.789936994402316461,2.226687696432188,-1.94555033266129218,1.17699714617146833,1.15072551298049097,0.717229428647359502,-2.67800592497664791,0.136230973489219864,0.0225930120453075207,-0.0634072259680939498,-0.704564533957770633,-1.63175367177646624,0.354332989787074004,3.49927624836339124,-2.9411636893295201,3.97714387271654957
-2.97175110835750944,-0.0187989918219132086,1.67041740878346845,-0.10276535706826706,-2.1679868779196787,3.09033289940858191,1.45819555922749955,2.21623064153743377,-0.380527527690780132,-1.05524580063019813,-0.439801469386541133,-0.71088704855738527,0.0508280777786120977,-1.31859764826481896,-0.408793565324534258,2.0319283873524312,3.62722803794108639,-0.243613112637353579,0.142091190854536031,3.0502807576170885
1.39940115260157816,0.151142168598209226,1.92702568228393689,0.800707896998507529,0.136592746885956268,-1.65910433907425636,2.36085450781089801,0.931309212151747556,-0.319054033593367981,-2.07815686656756826,2.23698633758981114,-1.2995434135276811,-0.0348423274266923891,2.29962647351237459,0.895094264724117572,4.04441460956237364,-0.00347208240943301487,-5.68332688110454409,1.86857838956285494,-1.33564259870966406
1.21426616845022983,2.21945423595901747,-0.924129455760268503,0.411338242313156299,0.623228265709034002,0.0910680756738651842,-1.19804615993788466,-1.31597391778371886,1.02495995220721681,0.500586812629089106,-3.65932144500648437,0.84740265706329776,1.8836534045254385,0.0655931161759088222,1.35389163941896218,2.22417638366575998,-2.07616806502948359,-2.90955959784262941,0.0037847469446850141,-0.183952956525941347
-2.37310115150634493,-0.780815119460648743,1.43416750443566698,2.32721777344216196,2.58146901578142174,1.27013414028316496,-5.98118438897847948,2.14003588011024748,-0.0994810563159722744,-0.111610101662981298,-1.0022210110843055,0.333155213541217798,-0.272936987245408158,-0.414734265616921616,-0.906868541054015709,-0.525153306202749026,0.991426542061047633,7.03706262833606555,-1.07387012232989387,0.624304447956075426
-0.636757875824473185,0.809104663273893188,-1.54169321046356167,1.37368020860417417,0.499685869483433576,0.262316163339563924,1.34057767535141692,-0.48551342443860479,0.337385875048277772,3.78020665320322813,2.04308794043165642,2.54897028026120509,-0.576281265098089079,-0.33821365759697225,1.31775895635866003,0.296738768163673283,-0.211074611146269464,-3.73314179159314241,3.70540420176983698,1.41216867311568439
1.44384092494701455,0.11986703761624648,-0.467554848995700434,-0.0727724932474437536,1.37573490744952576,-2.23512142080857945,-0.901706689201270728,-1.10098738658426365,1.36451862879857644,2.80852874773584471,-1.75889736666372443,1.92232814685970643,-0.0134332364862801198,-0.955914650923043063,0.302908776759243159,0.206755999699144516,0.824056100297203997,-0.270215702765867649,-0.350086027142143985,1.40929523793344802
2.78479495578913561,0.395081978332039119,1.75352579563733424,0.166739717495668627,-1.02801963826586595,-2.78273326618609218,0.398521727407918136,-1.31547436489700909,-0.430755607847238431,2.25715059792811301,1.08522227133629401,0.883742120254605079,0.267379655188048238,1.05027943927433731,0.251301842970594602,0.533465604053014686,-3.19500958912027677,3.39806229400129389,0.978945107186219188,-1.41039335211981931
0.0217800058032602238,1.50725534459761645,-1.51478966161465278,0.0695084475353604098,0.881707791770800053,-1.56823903476138771,-0.364827803597292388,-2.01746876957885979,1.74962240933349777,0.674784565221023591,-2.60524640581901457,1.50874111391642995,-1.42100238270110668,-0.11433653281071543,-0.276834279017449225,-1.673591539249351,-1.13117057919761521,1.78970478296395341,-3.96738689367836317,0.433591725035974873
2.44667472756714632,0.814479962152076409,1.07548942663946678,-0.900644326088400171,-2.53766725209254274,-1.77989509829730363,-0.253887342235914359,-2.32902479282676689,-1.33165311942565778,2.0355135973809495,-0.2409009417154864,0.465398943355048667,-0.106769422694792587,1.54170575796995468,0.261791208432671563,-4.34142156690295788,2.6974017894216229,-3.70571508972607866,2.56930156796625564,-2.57646726612296106
-4.29905201952704275,-0.199684923787786572,-0.33764283246882737,-0.913337361188482522,2.2023643724691313,3.11497922297547403,0.041285733675040355,-0.119008800279233593,1.16235976992333079,-1.96645205845881987,-2.47879452364374497,-2.01264394440693639,-1.14161256608695805,-3.89867015625477764,1.9416028885119283,-2.17884089657100244,2.33787989909641913,1.61203180307074878,0.602305283157264726,2.69730030478360527
3.35682012629251947,-1.48175951263709105,0.60694534195905625,-1.76824954875383011,0.345411780131024637,-0.832669480061854261,-0.440018268448467809,2.05856463084351082,1.48557194663757386,-2.61231230112275226,-3.45985308801479086,-1.41734146785660653,0.146931240548861836,0.846227805238691788,0.379925919160103487,-2.04325443695424269,2.93695483733780183,-2.96462893288092033,0.983163168514165076,0.0812777445161604328
-1.07742927232373242,-0.00813459583616630774,-0.225379079051782588,1.00398699813133674,-1.21313967122441069,1.60658498885224477,2.49613695500658705,0.459094429867055842,-1.97259022991424815,-0.969780806213350388,3.15951706230524376,-2.09290931674418523,-1.45361372823894341,-0.549005814323504704,0.449731672892994372,-2.71392654290637703,-4.83614422977440928,-0.845028857384396925,-0.801810161797194998,0.170047323156107127
0.264390111031649999,3.56053642207064103,-0.0131723922256984961,-2.17198165440404356,0.25621884926138272,-1.49673480784378499,1.5215537263059209,-0.808543543437341472,0.0405583403043380253,0.84625229542258118,-3.43456774900662953,-2.24837536842798258,0.413073490992446279,2.09497568070227702,-1.28246035331438768,-0.957370174940311736,-1.37890019147535114,-1.37586708960592574,1.29365639726443193,-0.546605827002450417
3.03691083729245559,-1.51542109125398028,-1.65225149864429843,-0.0775752914192509857,1.71788301288961165,-3.12475512928780086,-0.904069516068668033,1.37649114204634504,-1.75439292323275664,-0.849187782293988058,0.59010563756554657,-1.75533291075075115,0.263584924347286698,0.70754332008394194,-0.615765391725921707,-0.0958465558995364036,-5.0068488778047735,-1.17908906451285311,-3.00008851652198016,-2.45822410256391022
-0.301440979492563155,0.884100311011884243,0.989153939802162929,0.67339272834280739,-0.353625592085746399,-0.823172459101054077,4.4284393214565414,1.57717632801814389,-1.86220337535982861,2.49384007925572382,5.63727316426400193,-1.33635166666729077,0.913561305505675492,0.313712935033727436,-0.619508765696588082,0.26062794952670626,1.94873349864537881,-4.06825868049021988,-1.28574337701299668,0.356508930663324897
-4.3120168188900001,0.0242677942124324142,-0.465797981872078992,-0.276146219980032692,4.32807811324140079,4.22226820249508794,3.05407714798761099,0.506500651815430469,1.7307759668924787,-0.556683752645620644,1.30051002979496011,0.661660932914657662,-1.2112021923564491,-2.8340920387396773,1.31447805625040903,-4.47908534792163238,-2.16986261482115816,2.34006918292076982,0.113807245783359157,-1.00403740057010293
4.07608010949487998,1.38191913152569779,-1.08330071631941016,-1.53802037407098124,1.78527494668071651,-4.08899392211022494,-0.625401519117156468,-0.963385270147490314,-2.03148359623659758,0.665431891061092351,-0.0179710297949558298,0.0943013143917109525,0.441605331453038708,2.67117053780625868,-0.024961842305652196,-0.0824019041780319345,-2.41424903215887898,-2.91711183990187939,-0.266790309390457947,-1.8266386488773021
-1.95489574964231316,-0.395386464194551535,1.4890762783998519,1.92472032460738496,-0.00153292779208840323,2.04553219653029661,-1.64843735895266641,0.404371363279426632,0.433715298438744901,-1.23468831438025273,-0.678108333111152151,0.79496178070695156,-1.45179802195963514,-2.03253311867110265,-1.41818435648248031,-3.90861741876685143,3.26039642012348274,0.378451356278209139,-1.32569629367801878,2.61219847755626899
-0.32426342788593715,0.81402957627707262,-0.4143659781858402,0.38141637869550421,-0.507442646706717349,0.0320415455536823754,0.593473751048116394,0.355484439655900708,0.210743831210605276,0.519150957194191021,-0.856790690681856426,-0.212481754553841967,-0.660553469582457642,-0.494976451970069398,2.20078243601030943,-1.62587287896377775,-3.65237788904301386,-0.0425896043576846281,1.52447381054530795,0.488720672403425094
0.616918148954452406,-0.193603855721382667,1.61854660999996214,-0.581436929042771222,-1.49940737347271336,2.00635756731020942,-0.830672623175398028,-0.163085850454185277,-0.403841574817328297,-0.605600781009295486,-1.17239059667399625,0.89668603437151928,0.978168079259819412,0.329842723059905141,0.818675256842786636,2.15669412875559674,3.10648085169827937,-1.75949149802394689,1.67850992413438682,-0.54621989552049055
0.589624659450299737,-1.41057058395306378,-0.0316637710900534927,0.985396393894750866,0.788517271364722938,0.800233584349585136,-2.41633559943686693,-0.592106479409520992,1.98729181584252013,0.990226186949748621,-1.55553147828859495,0.421557511282112329,0.693834447828737155,-1.37753532786012944,3.78578208602461252,-0.00904970227277233051,-0.734503395403793724,-1.56038245461888292,-1.11098753034001607,-0.620055617215652721
-1.57941221087618766,-1.05909066600860235,-0.785413096448466463,-0.453676185949539512,-3.69354352739224412,2.37012614238766384,4.10474368869434869,-2.21998413164711428,-2.37693844694158951,-2.80548270367010932,4.36255989633206287,0.760157563367705458,1.40413552852391255,-1.86339029092641706,0.153006963776534249,2.04203781364656889,-2.11990467343587463,-2.59818613385707309,1.24681937046648783,-0.985110779323518093
0.0911390922388614355,1.12760077660296965,1.59914718448328785,0.808378647733939859,0.927819752722876312,-0.493760746286128149,-2.75716282437182736,4.88600723380438939,-1.22600815307645927,-1.4274176940331762,0.372192060520954326,-1.5037035091005202,-0.0961057620514881999,-1.18103341422261643,0.765087102674230857,4.1713685782793597,1.96392014585923835,3.90420033938562927,1.24152456781702103,0.558220454200229255
0.425001403178989268,-2.78308939437532299,2.8864449283938507,0.564052822701866963,2.87238292041408405,-2.1180714649913237,2.9670714522269872,2.59467308827278975,-0.851768439305265801,-2.07717609543940673,0.435490252061483285,-0.6020673456231459,0.813388288778632673,-0.109976534154605357,0.438697422520913372,1.50330580162861538,2.19441320291025876,-4.01029047345874634,-0.0191224582477073392,0.481986558418354805
1.50166873343259066,1.72954363141885281,0.712929858922276449,-1.56160785924914536,-0.401313356806394794,-0.935790579798179478,-3.1977754274366097,1.32419952226886828,0.410318628325877455,1.2728784136643374,-0.854980220082392939,-3.40700814226353677,-0.613839762773958464,0.803258695017304736,-0.38286684958224998,1.73768826654581665,-0.151086856556305521,3.19457438110079517,-0.733356987587001852,-1.46224890359623183
-0.679048103959192684,-0.634145351334134633,-2.30069586187259079,0.0574256584880987811,1.44789450394869834,0.270080901168892107,-3.61910014562853277,-2.71353838780112921,1.77076736790852807,-1.79399720728355616,-3.45590616434570075,-0.925403495727594616,0.513437880821073889,-0.247842938876020047,-1.22351886610989591,-0.615017493999804765,0.589164390117830283,7.50656520413208828,3.37782874470087169,1.43343491380234922
0.352551236469157703,0.347239493292745893,-0.942151903109167188,0.0637548047071688911,-0.783828194579797133,-0.40424911380928602,-1.36740725929729279,-0.939624295462519243,-0.816946164319415136,0.145182820852278099,1.10459058381436459,-0.772234238573838661,0.0644308417033706837,1.41368423641596919,-2.31255609405844442,2.0374965601382562,-0.310694319631317106,-3.6058592426516709,-0.41101768221171725,1.00123401256338562
-1.92580585991555964,-1.88998124495993225,1.28875653019011605,-0.843611925538650276,-1.57094847367298507,1.21318804524442947,0.396548709017274903,0.591822975498870307,-0.976763180692255317,0.098453597487095687,0.109472093927753228,-1.42652252571159432,-0.80846821817335579,0.531510688111211826,1.00381580076721577,0.659792019471155844,4.89704059489693933,0.583294124978460116,2.9985577844098481,1.83803486688972639
0.0511709689680136526,-0.522728356977027575,0.268522816510757378,0.572877030544603261,0.300519220201261095,-1.59069861628018705,-2.37814296798253277,0.897039866197468783,-3.07954554551410808,0.0384633692355260265,1.31585554429614593,-1.8932897098091972,-0.285689810506723763,-0.719159868598540641,0.599317402203905392,-0.328540296592615078,-0.228518214959131716,-1.10378665985460889,-0.748719760930421696,1.10786850554226879
-0.135783637839877874,-0.637497209003459409,-1.34493138646154109,1.44168540031039139,0.100543427889393772,1.43198050400557708,0.871726448603483139,-0.38805588819782505,-0.472062840594653366,1.70977615881173728,1.32220051419713891,0.199251645212636941,-0.819475155813710776,0.911376455319772072,0.450616838944093323,-0.258466721075861106,2.98071803365469012,-3.03302866825681372,-1.22589893281169671,-0.841969917052326045
1.24276612965382216,1.03354245116327692,-1.72069940591111625,-0.557256352499380436,-3.97730660336343611,-2.78469987549460951,-1.75217237001579873,-1.50801708312724991,-3.11307455314372072,4.06376131593794998,1.28822225788714251,0.569387188243521525,-0.258860455413584378,0.290626187947903125,-0.996242958920171451,-2.97271779041251705,-1.65095430852537195,0.650127505175961629,1.18912846481055312,-1.55992431538755394
-4.24130576204187992,1.37862747042677758,1.0403294848426492,0.141619149109652787,0.772593939945479757,4.28535555722383776,0.545651877490107018,2.03316347888048643,0.602423566150702916,1.8529367056326782,-0.204834335352487601,-1.21855755858486292,0.0338840585274696252,-3.6693880578330309,-0.126161691388557123,0.275315036804182678,-1.51646399063947745,5.39905837989942317,1.34381324931530677,3.19294254704766045
-2.39681892694956833,1.23095776552433644,-1.91119280631087252,0.390992420203912172,-1.11970750704496713,1.40167386195138199,-1.60226442297176752,-0.935520552479138234,2.52844107577063548,2.04139021199628257,-2.54360728355354349,1.02523022257904528,1.41849594697641113,-1.47104668286053819,0.647065710055345966,0.923919012189592048,0.658665937132678847,5.63432487888779132,4.34122383184321059,2.71297083875645839
1.1156100842839225,-0.773325497009019758,0.239178966224645712,-0.956870445638795419,1.53388224018190367,-0.601828615865086181,-1.68793859951300895,0.6792227148132568,0.0566490322817498337,-2.90829642817160261,-3.92147540702811792,-1.09126391403227019,-0.10477040913276961,-1.00699672816524632,-0.998804252011665783,1.11051459718075152,-1.14260590064660295,-2.34385193535519765,3.25522503611683067,0.23656787316841979
-2.94035530364288578,-1.19842655314191582,1.78627935950166861,2.62589195375590556,1.16829487913177621,2.16194755513375547,1.21590158506112456,-0.910577355147878964,-0.46987720559349655,-0.781833934163170041,1.72272257608331114,1.95529246223917319,2.29607501033408479,-1.9444297260398502,0.352565351822524353,2.29521999437087754,0.915133460251266628,2.4168077989001433,-0.49225633841662203,0.821564068941266656
-1.35400980618216193,-0.370011896060889356,2.18400363274710463,3.28933789310651603,-2.07511737414344521,0.480101563111587581,-0.105324400272095095,2.42403669972305824,-0.399775849103792158,0.74380066991676308,1.28494997930877708,-0.200394850912677114,0.00541490665202176615,-3.00157132490958301,-1.10624901220761096,0.751848304755431407,1.92770475367246696,3.79172093458373904,-2.1687836529643354,-2.21086209560530156
-2.42478753871120567,-0.695602846460433799,-0.688796225748391722,0.188987004642849316,-1.61311302386360156,4.04580058760683769,0.305133465547499039,-2.61418704090821263,-1.10008956012674752,0.565273340977553329,1.85092842100828592,1.47574498184818825,1.70806527463240587,-1.44527422603319766,0.0661559309553860081,2.8124740530614023,3.1732957391966985,1.4894875185656109,-0.817929428692556804,-0.298558219479323317
-0.769023622271678642,2.62846603610780205,1.09271044616487667,1.25364344633337366,-0.289826154508644296,-0.822484688181360224,1.93551513253551466,2.18682888088610694,-2.33070604433413076,3.04024267007700333,2.06648030687164663,-1.59499483303157996,-0.657865150449640002,-0.768648910516654404,0.251212770418562992,2.45220161453941943,-1.44499612440851921,-0.0861375100506348579,-0.995019782974159162,1.5522976059111897
1.75771738661536725,-0.76737866278640432,1.78176918575900411,1.52855429846168556,-4.14904031918688432,-0.478899386362139634,-0.578717606316956679,0.321659952498109247,0.122002099428206598,1.88591528212582893,0.164441447721262152,0.887554118018709315,0.509959125638388855,1.2547619141932711,0.84142264862755467,-0.139742529777031027,2.19335578414453281,-5.60762594263580638,4.77836457804311898,-0.387847461897740664
-1.6244382916572373,4.15024592086095456,1.0808676962795436,-2.81341966491268947,-3.33614322814300301,3.01368617775338388,0.373438745701041186,0.290876058648411262,0.216231745930645675,2.524304718947318,-1.55612408722606221,-0.865001229131009741,-0.433790122137576561,-1.40596084448574365,0.668577289688625842,4.06280391892539949,1.34612550928072783,0.531256889103961294,1.88013086015848918,2.34569920945727572
1.82022683833677634,-0.274487866810721015,0.811538321373060589,0.0894676267184388307,0.747488372107606991,-1.38452487892855269,0.251714220947714395,1.02438941320367594,0.366737197597378051,-0.188856476453387823,0.81577010040901321,0.0878405917302499395,-0.642720754363313218,0.77480785520332196,0.674087062611423038,1.69361992103523429,0.512349906030109548,0.796659690489416872,2.08947159090225343,-3.37646691923002118
1.90749249316333058,-0.807226853760650287,-1.13119383681344221,0.733639872964554574,-2.6656162454430623,-2.04739553107018324,-1.58626486097721187,0.386422794539633963,-2.52711718512212391,0.368243332959065695,1.40881961397588484,0.371643137806426826,-0.129465596933366373,1.17641108466412869,-0.798925115031561051,0.910208084900597347,1.37073733168017342,-0.649657292357248006,0.780643423490125166,-1.87354124217302553
0.771771368400506641,0.168123704736135277,0.272202501998083934,0.0459847914990404658,0.651348619705730103,-0.833763899822175469,-3.09095152085735458,-2.0140686134060557,-0.738834123674596333,1.61573327867080807,-2.08371556164331206,0.55361838893141091,0.961828238731954888,-0.119010932731452107,-0.631663711438815834,0.500404509452524016,-0.693314687662622053,3.31785421416811488,1.25375227638029241,-3.22321555503172474
-0.627459466310559266,-0.721698298173939934,0.0239712915227263956,-0.403194330574226767,0.878190775043336092,-0.334695911753180697,0.386955246272752351,-0.588097469628733993,-0.803139463589327973,-0.0429652274499703266,0.560254075201164325,-0.0336225353738241819,1.88226789600118893,-0.693344821980816817,0.720065729226206708,0.987003875107517969,-1.04927582995905833,-2.6051226881034597,3.95437766640934019,-2.91897778587641055
-1.70974750818090926,0.664773495572334561,-0.121684864373234711,0.0774894899515458369,-0.290821200795329415,1.23494540453715662,0.169763460687466367,-1.10842134056506048,0.128417644115928403,0.685405487667256397,0.628084146666016196,0.553859798578236862,-0.755498226404121231,-0.955289722561326937,0.405741484274854625,-1.58225335204186401,-2.48892586471100064,1.19921357102507287,2.46423000320356778,1.13471922328032715
0.7834987376064243,0.050224826790415969,-0.747525002847780895,1.35123506143923344,1.75266363231347744,-0.514140251513363955,-0.604151237236492333,0.332679522718260734,1.59439304899995515,1.81376214519969303,-0.936502456396187899,0.548631835360625653,0.341060654533513641,-2.16690374585399015,-0.157958482635561642,-2.11832399448377995,-2.76101657146559853,-2.86351141359219463,0.416818484897064745,-2.57229658895340796
-1.4080039421612871,-1.27673059383361198,1.45113847821066599,-2.3738689267874995,3.24234599576429217,1.3343012504891536,-2.97322103220400358,0.406937280862618656,-1.54521128466957092,1.4841073693317941,-2.72374804387180891,0.0977566141883079442,0.752880963702747819,-0.734603463945392998,1.29843893124688203,2.29098169727282031,5.68307279146854238,2.94262045844944442,-1.01971177804774027,1.89175450183307126
0.950324151339959622,-2.57003979596115117,-1.67096686352270929,0.683601260001976851,0.65494424701698295,-1.19677891915864865,0.0294808622501545985,-0.656806735837314859,0.941898185569180479,-0.41011481345012174,-0.180624765791161102,-0.313409840887700242,-0.747066183540457618,0.141011134981091524,1.54770955053214609,0.868064550683403713,-0.100440819883944016,-0.886315921971239096,2.09436544019528137,0.283848294756731234
-0.92840318420609047,-3.5643292738734953,-1.18036596441410135,2.11075216676391575,-3.53029450098142128,0.280506358983866111,-0.990404950351473246,-0.246456094788074315,-0.492092917405135388,-1.47195020725479786,1.0295914258976322,3.34423327966436457,0.53970801137718416,-1.23466130043797162,1.26255876903994912,-0.682466414765502405,-2.02406922489498298,-0.132617109122337179,-1.76941310286644993,-0.122247541763331483
-2.25737501394387952,-0.715233249054166631,0.401334986530077653,1.73012954649933537,3.12091394156177238,3.04982190958017529,0.513151939906122179,1.83199215246184566,0.29670855308893479,-1.35654579750648763,-2.19133776576134931,0.170787123462075224,-1.94401480114423264,-2.34137238260495506,-0.428392511595980408,-2.59915276593115552,-1.08801561560793769,2.57819069258651945,3.96445835558823534,-0.199600048133400876
1.10514543408350407,-1.65516255661960665,-2.22821634016937153,0.3420893345340979,0.458108247588131068,-0.37237460785393367,-1.77701819510167724,-0.608266200724006834,-1.36095492850298516,-1.19636664040039431,0.237083719164083884,1.13011294793263661,-1.26008334568221336,-0.0131851038715598366,-0.222365334915055224,-5.8680020834640958,-1.09992530612487149,-3.05115309561950721,1.27504569918453359,-1.75509546780866144
0.398697167009164744,1.50268260790109598,-1.78161029015714489,2.26119722557673786,-4.5631496472912918,0.721498272960947928,1.18549564224720094,-0.0841637796463075016,0.772824014242087465,1.59311471289451556,0.987053965124050969,2.84398518196736072,0.894462319106500203,-1.32665690687016413,1.80268553327968095,-1.01250808197928999,-0.678416480700819169,0.819140832051975409,-0.943466710113695761,0.723638746018101964
-0.47181452983644151,-1.51623039463496334,0.0649859758277870209,-0.491753415245846204,2.400149934175833,0.528050306987847162,1.09528870436722836,0.2568156683597973,-0.455727464817126893,1.07863988947443845,1.15965173571864577,-1.56647769256911995,0.288861465080302748,-0.100367776095170766,-0.191143833912319039,0.711367704767002396,-3.38887668231992389,0.17895895325812794,3.69335732446479659,-0.650824859181491577
-2.77318587464926303,0.612924332157318119,-0.113303234250447568,-0.0385223058581888392,1.77552058696127912,1.31516897655714371,-2.68576874371578134,-0.359009695417824515,0.293112361494552609,0.142007643282651752,-2.9858805732755842,0.95477232096553577,0.265266911073106793,-0.10622801622965071,-0.125716141671146586,2.33570670468052644,0.296124637031443261,6.02226420771363458,-0.663924215307058363,0.968096485808308094
-0.96487789145828462,1.65572397292033324,1.53226077630581381,-1.92773639181137613,-0.415383057030015712,1.42091166245913381,-3.16069569954221707,0.293671462088369417,-1.74548458088608149,2.21591396162956888,-1.07966363513623631,-3.06203751260712886,-1.23419862411737635,1.16375168011680818,0.0119364870186558798,-1.97159467533668953,-0.714100585739981253,2.34450206542167328,-1.30799719486495802,-1.78123535121007492
-3.26251956539843579,-0.439762721631071218,0.330917674126650241,0.211021118914899636,-2.62961313270984176,1.6491830426594829,-0.301229426400152434,-0.424555351244008006,-1.49609704626580697,1.03242675964547481,3.83224019130101379,-0.0637149274873877874,1.16246907246897169,-3.18405101085753062,0.849250085260948695,0.32570573594773583,1.73698701962529345,0.579509654429346766,5.05505044424688155,0.501688279445537955
1.51090029203128506,0.766703078479542333,0.790573090088910524,-2.74171725913238395,1.22058001416795947,-0.0887845455807034778,-1.02726050066941799,0.150600415317234754,-1.39198996922983764,0.590173671334888295,-2.93665172198767799,-3.68580668250902121,-0.113508110205853815,1.46464797400748781,1.57234091570899848,-4.1223111155025256,-2.52457378870094784,-1.5978037536382661,0.537657664748880548,-1.54113687791729426
