0.804064342050801906,-1.27628908784491846,0.842072062499602203,-1.06763547162841865,-0.252966103023700373,-1.09666428825656048,-0.432798658792003577,1.53973608505364856,-1.14291656838999778,-1.29554009666435732,-1.46617576761787727,1.55961175493104665,0.153340995786484857,2.21617157808805176,-0.516191126815238599,-0.614823360583109824,1.05133703519439403,-2.34068437010124475,-1.57769890407096569,-1.27850842912897034
0.672027991031578287,-1.14369033867892256,2.09752260147229386,-0.336665990840092688,3.73919446568342506,-2.48311812193002579,0.767376411663646341,2.33107938986865904,1.55376314921539671,-1.36337042101378536,-1.73270496476397629,-0.783187315762467584,0.103003079750112372,0.086283607915844926,-1.15669853475191298,-0.326985316095761536,1.2285159338237015,-1.99595212422137447,-2.2440454900500062,0.343425368494470751
0.636583446002094044,1.59653654955456159,1.24949835548115873,-1.87920956206262479,-2.30539063668964861,0.693794837951519194,-0.216564996127633524,1.54764199053126239,-2.20878657580250426,0.909249651120712876,2.29037417959355238,0.341009522090373052,-1.49112200958022711,-0.217387890197975803,-0.822380325737517959,-0.751558854106774366,0.882453194943402575,-1.25829384979343084,-1.58376627703969808,-0.892958217595317905
0.75547054848613393,-0.640978132259407807,0.896621682695621258,1.13792090267823909,4.16075801849844584,-0.759317271303619257,-0.173401247343057757,-0.0654357602209474642,-1.41356948972293761,0.277612569128180053,0.652852157316410331,-0.550139930676936895,-0.871399043436085541,0.746562612889205113,-0.483113878439244582,-3.13406664109895994,3.00765834109907715,-2.21027604614141637,-2.57654027980909284,0.110160306562002777
-0.404770702440852781,-0.310350170859159558,0.299249516592216602,-0.832073548028082866,-3.4421399698518611,0.0204085483174366797,0.833657947956698453,-2.68178626272297294,-0.477117956673505816,-0.0949241601665809509,2.56967633264276918,2.04720360580464344,-0.642553719873700135,0.330348450457905063,-0.294323466834395142,-2.16572001621647781,-0.301597887685432331,-1.1088243090790737,1.21767596974959091,1.06268039228659372
0.444227767425185383,-0.587366903912690641,0.187978244589091376,-1.68453987770569569,-1.9893743034047362,2.78626854292280424,-0.0236250540883442654,-2.15431981055098198,-1.47427745511299846,1.01166188778351729,-1.59956640306617914,-1.10325909455227689,1.09665850023744627,0.871776710564276747,0.66192476544416623,-0.527812723238957671,-1.83864037290886362,-1.7366845087006797,2.85573140701989825,0.239990898888346044
-1.09760791862403595,-2.21208442226132362,-0.0730761697156535051,-2.37894285858642185,0.00544132912360751914,-2.43423777680182685,-0.640647986128263347,-0.706603452647750929,-1.22338325659874014,-3.62413069715306069,1.50756042887245689,1.94008823345477444,-0.180667547043726506,-0.569279214011512713,1.81398445019827514,-0.111283362337325054,2.81073666273693101,5.02762449427545377,-0.193034863762879427,-1.12979551854283256
0.400902228426243512,1.11195806616553328,0.258666941360574276,-3.59316795503691555,0.566249860872739097,-0.628434503070446127,0.550602017093573703,-1.38496603925555095,-0.234159414213317291,0.194872707865315603,-2.22502176293940934,-0.217748387250862818,0.474414218229978479,0.432649381437048508,1.29936070685971017,-3.86134443196369759,-0.106953182008134209,-3.70253942877809639,-0.279453014671428079,1.07779575887161605
1.66542832744588765,0.960722414530520652,2.17230329196673733,-4.07625584177431843,1.6006367617804298,-2.37251119594499604,0.666049511253803406,1.4285100147302956,-0.501634331305327974,-1.37384632827758879,-3.23872385593235457,-1.92732342440560456,-0.841111000583680157,2.73242811051055901,0.797466045392366985,-2.8412281347633801,6.35721501560247759,1.2459012466778645,-0.946036612803420662,-0.320965822589590832
-0.984786373904210643,0.600774708507336719,-0.069929895998889241,0.467214125111666212,3.44465167493698754,0.801006757572743644,-0.556083355520519906,-0.50767262072363295,0.701991042731481163,0.112683242436247541,1.04121460654043174,-0.0060417306885654741,-0.171051494020886125,-1.10601676595457743,1.43984595807087712,-1.8752698948537001,2.80953840573355773,6.11566894446220211,6.10092390082914626,-1.00208701741432704
1.11606372082199123,-1.71790442293535994,-1.50756858372121072,-0.639750048951209682,1.92053189117823653,-1.12712801021359832,0.709702249373921235,-2.82550568224874743,0.963534760285342351,-1.27503149213812539,-0.908058484685712375,-0.361503084651296713,0.189478653759372395,0.942769063203861557,-1.45505677515208576,1.01880248263640372,-3.75935918704329008,-3.76868496912661177,-1.68564251753737238,-1.88146481952375666
-0.279663758277280738,-0.174460472365715519,0.761614120249829996,0.508361613977635129,2.12629474954765163,-0.36362185280892223,-1.17740664533950445,1.93888802287573947,1.14951239005856531,1.60693726053237818,-0.138348511584087758,-0.373135611739310036,-1.02657033460414815,-1.92970559043529932,2.37959560102587364,1.70084690468941413,-1.74514987155829493,2.00835301970862456,-0.591450640950424544,-0.98885432487416558
0.1716811186382316,1.01990248674922701,1.79200341049260969,0.752061691491400675,1.58706428752512418,1.83693573873483129,0.217749839361364911,2.10878148737329996,0.260739394170212302,0.256265920805993253,0.0633103770267654936,-2.96022464724380008,-0.930721976198537471,2.03779661256104649,1.91087165363449141,-1.99367985624394572,0.145251202084976799,-0.260179922454659485,3.69114242798652281,0.778549647361626906
1.76686749507407881,-0.684049776780705887,-0.391105169151212628,-0.457136121405607165,-1.66452651557986409,1.47358764860444946,-0.112162900595210349,-1.01885907666233133,-1.52383421031243649,-0.651884698290924436,0.818269464890995613,-1.36975161657164501,-0.700886519874238667,2.07981773428678718,-0.262575555469549582,-0.0655549347345162209,0.280160672252116494,-3.23222923592369371,-3.41383534129809485,-1.59615394367344376
0.3099353667041157,2.28194132436537611,-0.550641829027452956,1.19185519671325868,0.952023597698152257,1.35164979430032273,0.290110282247465934,-0.52183953823873086,2.52149839100529904,2.51754154257625284,-1.78732325644275125,-0.160224347390914346,-1.74697555302812191,0.67209302171752805,-0.333603582892863459,-4.23380974592183357,-0.609591614136334448,-1.63020072874881361,0.912445767081560444,-1.9037098234723735
-1.24792024205303775,0.858281114878836071,-1.21327085296441917,0.161757634625478652,0.69583007818375131,3.40488824925628819,-0.647461934951733431,-2.01925618728221901,-0.68190198645923028,1.95615861976194605,3.20717441295939176,-0.680924577462218905,-0.677888841512588325,-0.0946779350666965419,-3.65623929746120613,-0.276752944849707527,0.264567190409199959,0.503378990211227006,-3.36671199601372662,0.146942825190906484
1.29986240054523949,0.209256683930449633,0.780493921318072714,1.8829074591093895,-1.63989214887468027,-1.72061813649336548,0.611815559945714904,0.35077109935136197,-0.673436761458372946,-0.186011360826546318,1.51094783557782764,-2.25918709676292995,-1.08814351750708171,-1.04125100163651174,-1.43729774284948597,1.31145221157657366,1.58429892168153019,0.260656305935284438,-1.52020239436321924,0.361279178238047116
0.200473364345974847,0.413581573617464227,1.46920938145022539,0.351468947037033186,-2.16706276817880727,2.61332319715539141,-0.699203434779208433,1.689473786343475,1.13638226735149939,-0.841084003122997248,-2.73194103122530407,-0.996024479141679908,0.228209678345760975,-0.627864796759345256,2.19271098745437554,-3.19734119784529325,1.59369267178690488,1.28989081515835369,-0.0526717298338959736,0.717972094495244795
0.726002724915491782,-0.938670454389510911,-0.0480155718882442628,0.544129395569529217,0.448999368465805682,0.505977395294400667,0.0904859499292290093,-0.369003322360792918,-1.85471523400101934,1.3511090815636384,-0.136151455147744543,0.203570451603806879,-0.0339136876833810233,-0.0618116824650992713,1.20983912065006027,1.49102982416716778,0.992357785162817141,4.1382434265834922,2.20453313695740061,1.06855385425998572
-1.11853016475733091,-1.60944872326113386,-3.17648952315336341,-0.273864884287988941,1.11413921094340473,1.99890565062916004,0.0799183785340922825,0.827485633295921175,-0.875227962058416575,-3.35168107331176657,-0.878199533060453397,-0.255719310627583907,0.137546836861764527,-0.0295073889135612916,3.91773405580093703,0.185526761733916995,-0.49339050755606223,2.67462556960806497,2.00867204598451332,2.93478124405666296
0.21210416348052169,-1.02032752910666868,-0.27774619484596158,-2.27362740633283256,-0.208568687099015299,-0.486351970073715223,-0.532496564440931741,-0.620147017098438891,0.0506594333500580071,-0.673249805185569872,-1.66323684402202265,-0.323501962853516623,2.73912435173103841,0.0170792017131419054,0.289614610339503864,3.45153484619495154,-1.78312586322347322,-2.50733634171677,-1.97627059120209614,-2.05730680836148538
0.499827344836538234,1.65190635334773384,1.20283255104714115,0.30831205915862292,-1.23880882639354839,-1.43373212734637456,0.872068696266017351,1.27357233849325935,-1.41250327378477314,0.996739233097254873,-2.50735721383238053,-1.24088334680872592,1.5793342521506033,0.380943544228230124,-1.79471656139475,-0.823467781329252135,-2.90447181523548581,-1.8998549104275646,-3.18872398186050487,-0.568023478635856227
-0.999011476375235352,3.60781204689075041,-3.85641381394085458,-2.40789754075206464,0.450059998120290794,1.84339156344958743,1.37521159099895707,-3.13081230170786107,0.492247144563270234,-0.030938635041901516,-3.68367833008155898,-1.46524523030074572,-0.862276469418874036,-0.922784355285650837,1.70706368134756992,0.182851483116144409,-2.49726518191892044,-2.73022765675159107,1.94486797953468815,1.26002923645823484
-0.775691037268786632,-0.516934301670497032,-1.78560284396717428,0.55304262557549555,-1.67629900553025113,2.04931274086043747,-1.1327243151353561,-4.09654884268038089,0.553202485463978766,-0.735194652723335396,-1.40150860106235942,0.495311757692054544,-2.68387588641504005,-1.18147439154830458,0.00305825064960223072,-0.613421099228228073,-2.60349889795162381,1.66328805406581348,-1.4464910806400495,0.684191116725095694
1.57854253981212489,0.87756210552428926,0.567390812038262249,1.79400424235562683,2.16769103334081503,0.295964400760179269,1.82124774580875881,3.0025561702574457,-1.60376790730077623,-0.952545410621004063,-0.147670230445931527,-0.34414975939174508,-1.46230929160542078,-0.716964076979129339,0.28796695515404358,0.589590907920066298,-0.943178941029015894,-5.36181944566983582,-0.232528084053499506,-1.45948789001936574
-1.79680406134491744,1.44065826404123287,-2.10345772156147559,-0.314989089010304146,-0.074743740656741442,-0.239434042299514011,-2.77478033380296951,1.1702176285629422,1.50723606233882257,0.517002585511988744,-2.50589660252019675,1.84206876597815739,-0.485987439820727563,0.368052543306656987,1.45457403480191561,0.417385138052137394,3.21936106657272259,2.76880747010589623,1.17687878701102222,3.44328640990735524
0.229102764041534457,-2.317171791265348,-1.98288223785895923,2.13219370555608334,-2.63532078895091715,-0.111268158838013068,0.761117173885533571,-2.89558952006951964,0.112971901035247124,-1.51764726649107562,-0.0454261090238063242,2.57709504739733219,1.98539661062191231,-0.535068334875640983,1.19902870167295594,-0.452066517568918136,-2.89437271808296126,-1.45933504492055843,2.02650618390096771,-0.252778421336459613
0.333880824655224839,1.3265274803078615,-1.38661718076363938,1.40323736096868723,0.515739793730358054,-1.29696307512115783,1.04037444728952067,-1.5122596396413801,0.198193267311491339,1.06666048606262676,-1.87965251727893201,-1.6998321658601574,-0.220738011942560153,-1.17160062286690425,0.993882326701153063,-1.12310990010332135,-0.103868268900725827,-1.18626698029716171,0.623252588148803355,-0.514581431478803419
-0.293239166957236785,0.893174669178760094,-1.03302969235521691,1.1472741713819814,4.11626552202290963,-0.281567759360148662,1.71198120761762174,0.775773199274137237,-0.0714373767464422521,2.28789520695163162,0.045574975101632921,1.05089229419265284,-1.23408083148406633,-0.77391306338481991,-1.12431163162009007,-2.16572106091152694,-0.358605026454457854,3.56070903061233723,-1.03588115954017046,-0.306616787172262262
1.09434646136559643,4.53148571427992763,-0.144480931907541549,0.483483748322956042,0.725856347584988626,-1.37384750699528069,2.33061292487323524,-0.266261690181330557,-1.33214449307911464,0.0132489945719444866,2.37649969543502548,1.64597273038849412,-0.327472226992685467,-0.280423744932467744,0.646177134364729788,2.56399186512283617,2.82668027305159253,-4.54438642844751772,-0.623560685939330228,0.845555348885135061
0.57171120692675248,0.202832099891530115,-0.2888089095856749,0.09968298607754221,0.462328065472494942,-1.08565043068652356,1.83574458561911458,0.751992391781992842,-1.55418417784155394,1.58614128610038119,3.41751723562596688,0.193994470872689173,-0.634217097540747399,0.626565202585670056,0.131389176606130559,-3.7060457218651579,-2.40905045604132972,-2.83113119799283064,0.685422484227580231,-2.43734379184182304
-0.565467070748158607,0.520955493465246389,-1.01001950182723133,1.8089644812536283,-1.32738651367352101,1.58755957234580314,0.858984957065488497,-2.13043796159167531,0.55758760961687226,0.0780954576689334157,-0.80765436515488831,-0.640314050549408154,0.00117041369253939663,-0.176655393895690016,-0.338433545008623049,3.08811644454359735,-1.24014206330593701,-2.61116464905442003,-1.46678367337539961,-0.694401474823109544
0.867122789822639906,-2.14348796793527407,0.210259123524122626,0.966796201543765665,-0.0703273475307374246,-0.5929827223130405,0.847656501616211089,0.7758360699907626,-0.421195618816128936,-1.49522746287088881,-1.6011506284274295,-0.88914575953477426,-0.23258038323810884,0.0607001923085810705,0.780580457464721045,2.11027517728351999,-0.184426968550740089,-0.256935349497870891,3.18401071212492415,0.551938731426634632
0.270156993605145446,0.57030778987461006,-1.52840503273197159,1.16264786134509057,1.22951583720410573,-1.48699026835663006,1.36212204416292226,-2.38875886603676779,-0.219561300800092118,-0.647677913606215627,1.96685811930160193,1.52590337732275327,-0.385437274938620844,0.367345938716203357,0.810032304574360262,-0.813017508396425725,0.660476135645384987,3.04040761827613304,0.391042664464567258,-1.14014504440286313
-0.0660160134928664821,2.35231980876000746,-0.605086560044384991,0.780457788459605895,-1.60153022585206406,-0.699615752253272993,-1.70326092512310701,0.594303213652966789,0.584348316519527566,-0.51428437911386593,1.43236099678524864,0.455115574196562178,-1.70952474994042669,1.33868125998532461,3.7381283422387499,0.295581900748005,-4.4780780762580541,5.66032303847403284,-0.939852217458785222,1.44268673891211563
0.534633345824571005,-1.06934871050365676,-0.659348248440414064,-0.396235231243186437,-1.10366342433689324,0.70138127795231231,0.577293483423493847,0.887314276736620222,0.750099110587661433,0.209775870196556719,2.33896289517637879,1.51434050920314611,-1.58928221373699086,0.546517973344726404,0.91600249791026056,-5.78208575474835396,-1.29088720209912666,-0.624634171658756343,-2.12347314260494713,-1.54176961786078159
0.803868017620520625,-1.91598531183233201,1.97786265652384441,0.632924273072802412,-4.59259736025858167,0.0211868168046183518,0.121133791098802762,1.84044783852543703,1.3740836232661009,-2.82006952881754946,3.75235790796493873,-1.6903080557190362,0.00842510792628767963,2.09484611850425217,0.259626330088499668,-2.37406965528715963,0.283697724532403106,-2.83827656941219475,-1.17403176583784963,-1.53194613672102609
1.53526480649576103,1.89300274559230486,1.30115675501195494,-0.172676160156831182,0.12126115882826756,0.191110999365066536,1.46539570444019729,0.5432749226652962,-1.20656012653935751,-0.826570167256775234,0.926406670381548891,1.64054967408510666,1.826400627816682,0.00809090631281625568,-1.68955765093308385,4.1309871717576554,1.86072683788790361,-3.63066246264369097,-1.78226181059039157,-1.1492405662031151
0.0342565874808992976,-2.45606242110077622,-0.321787976089619954,-1.58960306022202658,0.575196341391475019,-1.52338557420959142,-0.192064932928207366,-2.94940821689499355,-0.436903099634873726,0.601253226727187173,1.78824682674192448,-1.00741746398173393,0.960756506213345296,1.37579465308495719,1.13805455610713135,3.60274951773184293,-0.294237822194666598,0.394616169435340558,3.68068593826346646,-4.01582171499325025
0.174487449612092366,0.779493516825759847,-1.37619327771344735,-0.190902039053429701,2.79749569166109335,0.35284694934516958,0.324855010926255905,-0.0559174575139416014,2.41454963962508984,1.68277841181905141,-1.38132658508450756,-0.753611331764767578,0.631678172666054971,0.28976342942599731,-3.48247690679969013,2.72997122336560682,-2.43315062731476095,0.0557663578124355311,-5.60609398151563898,2.10616359075804649
1.95770814291518835,-4.38014757030985713,-1.10408586385061191,-0.43449073650521719,-0.730772600242549086,1.64117493220841815,0.0615909332228666354,-1.31909647816870956,-0.404345866250217123,-2.80315523093967656,-0.0211876393451308626,2.80879321490357592,0.447483330131668189,0.780632201547734716,-1.46348696863305427,-2.05442703834255003,-3.74579912348386435,-3.14287700196089448,-3.27996889557290583,-2.23246500296377715
-0.0187840569145547066,0.205175664127044105,2.50753964299248455,2.89192873633378023,-0.857874951388978291,-0.137723883090181298,-0.352370624211760242,0.294653072501128377,1.62836439772345032,0.386354855852326373,0.786135382530608884,0.424253292333589382,0.110629159215663575,1.74854574463439749,-0.768627318453228181,2.29056626314738798,2.75341774905993431,0.601832517362072217,-1.81239723362628347,-1.33033525758686721
-0.488389344362111955,2.90599029312024726,-0.687049414035524664,-3.22833322423077629,-2.26414626219348936,-1.09571168956309384,-3.20408383522960305,-2.16034492622524432,0.351911130013918716,1.77919251262999212,0.813497032949335619,0.287641743079707635,-0.29504929694343246,0.132936771738787374,2.06004744443655818,0.661361270696007586,3.16183513759375856,0.275310137282908318,-0.259375076606786381,1.32963550143990727
0.531582025597072794,-0.310992876409010244,2.90322054017654407,0.372652158853898297,-0.518742641406958027,0.682424274333070846,2.16709455324873224,2.83914656721310976,0.690593730911765902,-0.730924935802922726,2.7973261556027964,1.43477423394540793,1.43064776820803496,2.03273374609448432,-0.285080916668133955,1.03821354122615794,1.65431788727000018,-0.832676965681414472,0.685336307755245788,-0.522888713741239797
-1.39012144109668623,-0.104846260807639133,-0.886087344565997581,0.574163337923432437,-0.0815232411417882996,-2.40768283779018111,-1.37620962831705285,0.831063438344623373,0.571173498465401996,2.35939201822494526,0.638333802891939306,1.90936505057643968,0.195786311394539586,-1.51715202989019771,2.93762687762278363,-0.339343849114631335,1.50143984293740895,0.546763195739325525,2.36296732164834244,-2.08395597901988472
1.66359526315418549,-0.0234073625492752582,-1.1713659322683303,-1.02878464547706305,3.66080875144656215,-0.817403843520651874,0.400540695378068412,-2.05861015267960479,-1.58820745397505902,0.571125433547549521,-1.45238334467462904,-1.49098052030496064,-0.194876270686795083,0.750779959947247111,-1.01806114367271117,0.423727210288800393,-0.973138835433300486,-3.92423871630083276,2.42375598738438924,-0.795696623659538194
-0.533419012997497721,0.95803643727760579,-2.89922223931635692,1.9614618351025801,3.18491232011868197,0.348136268577039942,-1.17445804758670613,-3.56682923113975381,-0.328550096115268586,-0.51171815887070693,-1.50294588694660902,-0.93645684156374065,0.922376635421772284,-2.45211778475966469,-0.399930632553399112,1.6157124235914484,-5.1163634881216673,1.49726768029451152,2.41200535071730782,0.425092381082869675
-0.354959417349796857,2.58176375110751799,-0.786468069331301312,0.123929420376142491,-0.550539397457109447,-1.59056966042145564,-1.49781300621408731,0.647250031081052279,0.239542126991954207,2.13680110557499825,0.029758252518814244,0.457768582326702644,0.773084986186110212,0.432194482937855895,0.948783484503002872,-1.02049204511643299,-0.51734308548953345,-1.5276060602596786,-1.44822616723766484,1.8715135225833921
-0.72257969661423771,0.975152473783685525,1.81060336593978999,1.3756094924670248,-0.642427602801372122,0.875015000669296161,-1.70450247207867367,1.11035420515188488,-0.855884155655754597,2.55159546396143577,0.713083867113386671,-2.21947551781455354,-0.119295991244079691,-1.8534944700862559,-0.285445637420678577,2.93244996222993226,3.95954382546514694,2.49266337472267852,-2.69899167330204559,-0.0342447551594009664
-0.156214001451749657,1.37805873161372294,2.60928227756344278,-0.603317022477082299,-1.03093510860255599,0.187060151984052209,-0.654360949048230833,0.429007352937383679,-1.42069751085747953,1.60326811569589123,-1.5432291065161523,3.95682213935348548,-0.0507124712850746465,0.488094234421701911,0.975145552436546326,-1.73887917034477635,-2.43741418575416358,3.01325203922388463,2.26204869631145744,1.16111857141998742
1.06073568248738037,0.390071285140556223,-1.75554336049083748,-0.417951420912312632,1.88933940846411219,1.80931801901849054,0.575254262209346834,-1.47450932160486059,-0.695248045815901938,-1.19522438491288718,1.06314120306305537,-0.785649394096202047,0.648647935669382614,0.726130052704882289,-0.675146975592243015,2.25169310209710449,-0.841341717762203234,-1.47760706159751165,-0.808759957874385704,-1.3847273339964401
0.141883148958223237,-0.395576119566850015,-1.18039114817302848,-1.28041253528432808,2.64641754430142795,0.0120240363627646188,-0.544771601608617706,-3.30670945113643056,0.381286997718907117,0.0770940714437828301,5.51034620243122042,-0.95785788873660882,0.653135560368275137,-0.114502829915603732,0.106362967290402149,2.2269781712789336,-1.73185698062398918,2.7131476729887436,-2.30323988906390875,0.0108447413933944435
-2.38810260681323783,0.625501276778173132,0.314462028150154838,0.0455895374497045786,2.56565386899591408,-0.341528064643650542,-1.31476365693952535,-2.09643846712245496,0.618805556941861679,0.576389575307636459,2.34021085027836184,-0.758871977784360108,-0.340580931571787981,-1.74637178927341163,2.91114595920274599,-0.749943053718245989,0.986370952068601037,2.97311128173282269,0.885445424463397579,2.36763769888040132
-0.305348060121988063,-1.1188508523473959,-0.267851888542716243,0.253552298289527411,-2.84650094385946906,-1.56532580964021761,-1.98727768746398326,0.10065492864950569,0.300959943720946255,0.204848692329543391,-1.98198848792666404,-0.511174502281805943,-1.17835465237076975,-2.82636178197222199,1.02167741864923545,0.671865857639944442,5.34387316329781115,3.24713743775727792,-1.79712325217481417,-1.81525863220624584
1.95000209601187824,-0.325019262214110649,-0.159031792882493639,1.22201218529997346,-1.07328567035584244,1.98697703550843974,1.50741083107850016,-3.38353259282005947,0.5702627288664045,0.568988738625618828,-1.66360914532996684,-0.230634970598823374,-2.09743441284906629,-0.208604399170681992,-0.249664551179586552,-5.44598870773802179,0.343652873386104396,2.08344627579608233,4.28286824536426103,-2.01198508862924452
-0.366746634061410226,0.896726523804281306,1.90247758740892237,1.83411922471509969,-0.0346401469901280873,0.525670406961554648,-0.616769128986538906,1.80210264095884853,-0.480021990840367785,-0.245916637628930013,-1.9389900273213998,-0.600817143132114317,1.0066657891580868,-0.087327721971968239,0.948623379700309521,2.99756196344148274,5.89578634863795958,2.85798744284228468,2.15992163034352114,-0.365226948701875387
-2.07647716449058173,-0.952449358371989185,-0.747132774603269101,-3.58243507428645502,0.209228092739066396,-1.69957233667323715,-1.12118121358074108,-1.74212542461064324,-0.346379297823556864,2.10277861809737354,-0.613481545466234568,0.266397370437614467,-2.86989937653599192,-1.94578403899508623,-0.0927408346447778781,1.25172733610274989,-0.506990493508743367,3.17260728262663427,2.08120016884518266,-0.795273117031227716
1.58198156574833138,0.244818992205962593,0.285066417395802241,0.160094972673839347,-0.565368506515439906,-1.79882433565429745,0.469965672240305776,0.23615771589126569,-0.384077375183153935,-1.48982535411238293,-0.0398067376957034202,-1.46772560625350268,-3.46169500961889653,2.6886552511350259,0.357611614156551627,-2.22358649324532331,1.00255736291859243,-0.927342860537093694,-0.523533024864347163,-3.88621863323273287
-1.21812934517146854,0.545961628844774394,-0.35562579346602774,1.12231888274662528,3.69882445469388266,2.37957480980696001,-1.10698780664383745,-2.27373154839999181,-1.05525815480508212,2.46568154311772814,0.0648297660681820959,-1.29236098268750466,-0.45689665416813513,-0.121528930096053395,0.5356145716116536,-1.99311227180874417,-1.71210021117496924,2.14521940965208779,1.64425540657795088,-1.26805325227431043
-0.391789250027146485,1.75941754620999569,1.99432246859529827,-0.571303022700331065,-2.27251381747470038,-1.30672457787187191,-1.99343475666660663,0.53486868257157727,-0.366554361446856269,-0.282329437173624187,2.16905650042352738,1.41151297330970937,-0.327231176807748658,0.690824896787632481,-0.0296890528202432107,2.88076974274243769,-0.148796416465563353,0.549851202338958012,-0.347999598395026699,2.13348266670116171
1.68644028878678309,0.848457261761307202,-1.53740245752832672,1.55235414674567185,1.86695532138447295,0.253515434036954979,2.58718094045817715,-3.54127570511426315,-0.737830990428357758,-0.464293397663454899,-1.29371308263340756,1.31675704190599596,2.6822153358507177,-0.0612173928156436384,-1.19387738222282813,2.88370411471141619,-2.79537176423157963,-1.38092284444869851,-4.10813682564902827,-2.59556338044694979
1.74899501475936447,3.90799585664496574,0.337560796542467956,1.42787717080571075,0.53933918330367403,0.28031125989336958,0.560710600898949529,0.310912422861570448,-1.69952149776387618,4.15547605716527624,0.40735780956071066,2.18529464808162643,-1.32473006265296567,0.818701816125672277,-3.8700855552108151,-1.38665963062645559,1.36334584029431838,-1.16369596550894872,-3.0821088769069096,1.84105693283102534
-2.89341449862543332,1.03294095014423815,-2.19362616464769955,0.148130843291809478,3.92777163279008956,0.556782815809484299,-2.94099534918230932,-1.9454143961515884,0.838967980848075778,0.339744599036896577,1.67043263775046169,0.249880106655205603,-0.957714592748813098,-0.68820949252677488,3.36080874992439194,0.0295266233687288375,0.0893250347232280445,5.66233666974312033,1.89374204327873796,4.11131640783496088
-0.434001716423604633,0.120963734517072333,-2.09348826309212299,-2.16044546271668914,2.83005902477895743,-1.98795360456524084,-1.4595125466482175,-0.884617940158860971,-0.648323449893713044,-0.403935719186855224,-0.362712813719430427,1.31704353659322959,0.604183864499402201,-2.14071094370740278,0.392645708248475778,2.99541446708340686,-0.850255175284310605,1.0025997274782934,0.733050562945572359,-1.94935275332191482
-0.837529285069196106,-3.12375048224354535,-0.00975671342357392786,-0.0655670559276949477,0.612470808135913258,1.87786784229475323,-1.18761901930418912,-0.414903833334640149,-0.534623386738828477,-1.73794327585668018,-1.32356045261151434,-2.49273489588674879,2.25939147145221719,-0.859254821744129926,3.27783391989425832,2.59172407254367965,0.130713549245717764,1.85810402820092868,5.16645795808649222,-0.557922661553836297
0.291413763787969737,-2.93134813087099033,2.04967366637363613,-1.57313694982753294,1.11201620439683313,-1.28291729560214862,0.911997947919445884,1.01671995762364054,0.196191256102873107,-0.48702473603615426,1.41062108725865154,-1.07011633668891259,0.70287337222188695,1.57992984232321043,-1.78384673007749339,3.44776369943319549,-2.70513630601181143,-0.990976488154449053,-4.61547562628365782,-2.8004126925728916
-0.751983846570093428,3.15610413907294207,-0.404242370449628241,-0.0868207585362703038,1.63258997094853808,0.722856956782561455,-0.156328786829582955,-2.99393512630866399,1.14489823585932848,4.55393778515249537,-1.22444963214724067,0.103796512793290704,1.73233858987200429,-0.299181696983173928,1.5311391665528129,-2.55726987983497533,4.01725586420021497,1.12052702904548807,-0.328801239573354553,0.402907813010986993
3.0693970764735008,-2.73513603817442164,1.19424440791557007,1.49766679961365501,-1.34756214165505073,-0.408163380395400677,2.12903891692689884,0.63977831109533545,-0.778858731333718191,-2.18409381055437102,2.85178670262797596,-1.5736806073782259,-0.0841875824130861178,3.2215407717228115,2.3579534141604932,-0.0958257041566814294,-2.5095901563984615,-4.91437428177528712,3.22359747128216156,-3.08462838332670142
0.379207933965388655,1.18993632533993354,-1.2470567778340611,0.176543034987930808,0.319125730759749038,2.03365400454504108,0.0907818172797719286,-0.130580176012425248,0.930077146249066344,1.15056240517014507,0.0291080256073065896,2.5572018462601882,1.44481375051642891,0.0306392058715898377,2.02808710246057045,2.17144436879140468,1.42849314455189558,1.65296606195009876,-0.942198440755496303,0.0932024738544331849
-0.158765993403008676,0.05364583686705688,-2.2598926716255332,1.97429241225082852,0.746987679764181234,0.794085671111763092,1.36268790316198896,-1.12567430569074656,1.15153624319724246,2.34391140469060089,0.589699177011149933,-0.923509062387614876,1.00153246576591082,0.0558441584685738512,1.53878960260144071,0.0721194267720575571,0.586018182298294166,-0.837755608270294605,0.213765929286435591,1.13510351949704869
0.638580907812419829,0.829731929219344688,0.0248466336135284675,-0.691768712460138269,-3.6457023989832078,2.29156531202247393,1.11547769301717592,-1.0693369211378374,-0.312405111646508138,-0.230008709011424589,-1.33914208545718694,0.913553772578509782,2.00490056784132964,0.175792256589683726,-1.26601759738508468,1.01759918512305347,-1.96195484976592471,-2.94051781478492291,4.5961917917405275,1.63633888430675922
-1.81764935979005005,0.169044941690577766,-1.67702929284582569,1.41804752928667055,-1.97440395152373216,0.539359347626137464,-2.07201998333653181,-0.422576406340551103,0.151037544213241309,1.44744123950437231,0.759000435362002901,-1.63234340856334526,-1.26640117987794532,0.541548984286043256,0.533931622907427128,-2.73249483230208767,-1.86149357458119891,2.77759057492248207,-0.510917013372848561,2.09139994790386607
-0.705146839530886638,0.185598676997643153,2.6659647990424471,-0.0739942876063880151,0.555763697807761137,0.534157187714016102,0.153562136092425222,1.14237072875531354,-0.929899098147715319,0.153049249782262448,-0.425095716342313468,0.609228736022469963,-0.641479320676248577,-1.06761386146282811,-1.72583188381639907,-0.798297664440271948,3.12793295769511825,-2.10079680249668588,1.1364890387043618,-0.212596474806618391
-1.00424932017389978,1.10319846108100506,-0.370448857106664753,-1.15506694152698675,-2.71202065414885407,-1.80523789798918832,-0.729001951064846776,0.633201211145172471,-0.731013473115560197,0.764201857840451582,-0.826994945047188845,3.06836092812179162,-0.570761488971105901,-0.496095442348160776,2.19923133495702539,-0.215787874251493567,1.98958997717748343,0.671800435356860182,-0.658483365184655334,-0.195327239537356145
-0.828987053756775505,-3.50404408903625919,0.488944620330551527,0.534317399222631884,-1.16822101534995504,-0.896981592221462343,-0.663274267031611298,1.81205126700609331,-1.44109405804585733,-2.11090766347719017,-1.3378509275502859,1.90799932180546872,-1.72616249843771241,-1.09441501756131898,1.8537253252703918,0.827605788378634522,-0.457051733188366172,3.6409840862354077,1.29999481768599368,0.720080567493760038
1.3875004739060961,-0.0240686355846100979,0.969290755219630151,-1.02947879420698252,0.383807020845318925,1.0557654199356632,2.44106881785750263,0.790311075701328081,0.0850564232545878568,-0.337558976676085976,-0.284660712548806039,1.60074282092438391,0.103161705071905349,0.632151797186215836,-0.0929145061779829279,-0.751538466904108415,-2.17208892809468246,-0.724212798224490362,0.099063809066128522,-3.16532179562835081
-0.103206959771036527,-0.398246854059879807,1.42030882721369323,2.35566344026390073,-1.30524814332852857,-0.310812239877052032,0.155322471853051286,-0.990720791528731826,-0.216184620560871205,0.355396345217326604,0.197510929589872486,-1.23858160632978698,-1.5161617258474549,0.0265444096342348362,2.14445856758216813,1.39447421208930988,-1.80105858916475947,0.621235953445726463,1.06491252637454559,0.668330533799866955
1.3357774674215479,0.763208293754690903,-0.642966929688927769,-1.56253778659874776,-0.188964172576162742,2.19142253308632773,0.827827435252185384,-0.909353315488239611,0.0955947367393121389,2.42402153385390706,-0.437216528664255255,0.0209200496433252503,-0.288401661870386461,-0.109486202360559295,0.967602470159483752,-0.503282451256780727,-0.97504185938976573,-1.85022557345876604,2.85589335400363353,-0.435905188564413015
-1.81197056400244194,-0.52655869952211698,-0.0721049204249974152,0.335790592681627698,0.479700015187058793,-1.3443849998643802,-1.69937940001572985,-2.57307182482053776,-0.373459927929506552,-1.79401135420449376,-0.970024835137831887,-1.68016414375939749,-0.820319195571400095,-1.93571477321225127,4.0780894182389904,-1.61164269185703501,0.873269147477417351,4.45441875763615247,4.58964476833294199,1.00630446127499362
-0.36203808712927843,-1.56582483357389091,0.317824099324386988,0.895588956756902865,-0.364047855358692829,1.39334645227102749,-0.923293636304373555,-0.645168121505901637,-0.0472288411073420317,1.21057186392225358,-2.2770449355170963,-1.20093961374284097,0.503303275926008986,-0.0947266339186836059,-1.77885558627733498,1.87002798132620507,0.719315758865208377,-2.61935468033801433,-3.54796308926841419,-0.676729086093145082
0.508165745161038185,-0.710950644969008616,-0.190679603487020899,2.9402066830648157,-0.459195058267536427,1.64411836777327114,-0.00952462110843544166,0.602697137842527209,-0.96911658877468132,-2.17732890958937508,0.367029451672039986,1.18957243885471509,-0.12692029816830358,1.22820726800886804,-4.05122458615814374,-0.911657794177052949,-0.869674584994080568,0.637512251959909571,-5.13410303506505894,2.54544430961677204
-0.569354743231084481,-0.0809305448670001454,-0.73162279058206503,-0.563230194593359434,-2.57695824394480111,-0.910971659863485383,-0.905002891882887517,0.973531704484190685,-1.20628951415962282,0.833817577224788553,0.690087909884505191,-3.02111587828516903,-1.72530300063108277,-0.404802114464405893,0.320881047977596812,0.227488532378536862,2.26717106081263253,0.817410456145680642,0.169032401423381357,-0.748523459319476503
1.41291575102500144,0.923088669227157821,3.4416155065325289,0.738238157614552248,-2.08755309303715864,-0.406007050756956145,-0.113455725081585398,1.80135166265017932,-0.38603644499579931,0.782008441032654766,0.0853554886310002592,4.05619391328185408,-1.7970350042260399,-0.577445324813932959,-0.734638558109079298,-1.970164760432634,3.15211293561414507,1.24668755478189297,1.09613617869003166,-0.487483810088155001
-0.969893106732346189,-2.34318329835180927,1.73195653794070559,-0.734980952068438609,-0.502264088780845164,0.0671938324609517856,-0.1386352437339127,2.95416282004472297,0.277228767393147169,-1.7823523472548024,2.95134133428750367,0.841188505911284135,-0.176786192077835302,-1.42569686837044407,1.64669204446431494,0.0051507940138887133,0.208873424303860244,0.298142706532437962,-1.21984968135315852,1.36105863955698281
-0.0606221827683515804,0.826774972201769098,-0.00495040770650128758,1.34293753206700206,0.577477228794742503,-0.483717740897327442,-0.153635785258123297,-1.55181692742692179,-0.179381385929893167,1.53192817833423778,0.611867348714275172,2.43544011573051122,0.7737036285077733,0.214488591614359098,1.06770507455927643,2.99251637172431195,-1.17670073792070018,1.27122626766726521,-0.99742399929882819,-0.506806770771277226
0.490299995105690001,-1.22231934534352815,-0.257035348787814089,0.0533294063860000264,-1.44411625122056475,1.13141748212752002,1.17231782205903068,0.274180427683159811,0.144367534482868737,-1.17405722265976986,1.29530661533420477,-2.43937385223581016,-0.694038459610808123,1.07767177182001461,0.592751989602483875,-0.721703375609313635,-2.57886627832864379,-4.6111018488637967,0.476811804225700409,1.69894296754203844
0.839071420040606086,1.71390210964195133,1.90590457759303367,-1.79770390246485956,-1.51063360753967668,-0.675054283840907265,0.0550685296979464625,0.997162196197774242,-0.64225619573198911,0.478310546084121713,0.750162355852615481,1.41080735996492246,0.61377590481294797,0.0443975322942005771,-2.80255058838667237,0.0590907059345071733,0.0643312553120474334,-0.36526167520069025,-3.31815160666578279,-1.24077631607495986
-0.0587230267376948473,-1.47945309009706061,-1.06177667513633756,1.86546709985661452,1.58947499827059402,-2.84968005029652272,-0.341331463705833171,2.83855169579777966,-1.0675103631395404,-1.66300039220080298,0.59384525886418138,-0.607172531555663864,-0.501751918791330964,-1.18592333281973472,-1.99229611114024552,-1.7664725216705115,-0.784908048086739751,0.244019333197874361,-0.283456734878761163,-0.624939960225140312
-2.75404731452870921,1.21571768339151354,-0.0605578835636242235,-2.74648412539318887,1.51884353575909636,0.752605237124618132,-2.3860394969310823,-1.89341786747263807,0.210398029067790926,1.19161096853840842,-1.21439995556422153,-1.87427257872167874,0.300822620775853866,-1.12819245867321349,2.48515041662739611,3.07248692484806529,1.06261589604339068,5.66157735638597348,2.41537092400341846,1.15214542584962421
2.79995002908601176,-0.699753664333386483,0.366757567106063331,0.602706191534346347,0.232873673039706353,-0.354538675905466116,1.39411216109005287,2.96627290591857617,-0.152725959396447841,-0.892809058907224729,-0.455762066316807879,-0.700871383278182103,0.715125237557581839,3.1810130261085976,0.045173022019171713,1.78235427855644035,0.557571682325849527,-2.79077703122008147,0.298144589079878286,-3.17946733057587272
0.0705911368894408253,0.661908998642641744,-0.784005543676091543,-0.645081303593753708,-0.532056630617077975,-1.57778312668472975,-1.2231835053982103,0.281858391897859162,0.796905508740951563,-0.846096421359155748,-0.447786248892936889,-1.66939536092519702,0.0971101636320564759,-0.840526021584774408,-0.532528349385151256,2.63567476494020392,-4.68511259836721905,2.25502397208773786,-0.281758503302767971,-0.453521913561504009
-0.164854424476294836,0.495533912947222155,-1.59796256631568245,1.76692614037348172,0.0156163704208548814,-2.28911465963185901,1.49540559415875429,-0.141001592254184516,0.954640976639537731,-0.58493711969742912,-2.29016793137014529,-0.0889354515694910641,1.5475221807967765,0.489276127681443462,1.3542921166534263,2.47874161726100972,-4.62395868512441321,-4.43238264576804131,5.51424413622431242,1.35513364335394537
-0.83582040235568289,0.741839613190737213,0.36278894771153819,-1.73454710353066943,-1.23398956711454488,-0.285853898613839918,0.84389172522058542,0.0840130441078686813,-0.376600370976060361,-0.136308662617943471,0.973861908525177511,0.78470402111384896,-1.25041549061233637,-1.32103061896962992,0.349089341919199381,-1.9895268951701377,-0.663925264507386648,-1.34571935219507188,-1.72841879789540065,0.481243188992475368
-1.95121593916888791,-3.31293599373253489,-0.635559387333116121,-1.43904742044143563,-0.331812199003220343,-0.948239018499700381,-2.60674502898034888,-0.988407106119158607,-0.977926755488070731,-2.32653875123788634,-0.912741954650171494,1.3947318535469273,-0.111855980459593704,-0.925949624837793195,-0.484562315830877388,-0.0586030714878610082,1.88897590085042655,6.98101686055891513,-1.54711338684195199,-0.0771211011247850131
0.749372566491434022,0.813775771197626896,0.96217721148855806,-0.870633464127237855,0.0912692736607478294,0.956772125840709364,0.952974739504890977,0.666351855323037756,0.251383530064996474,0.603649876075343261,-1.59568296799243114,0.0761821336478615135,0.0747733557278164179,-0.785230519659931625,-1.33083228497430084,0.82741424161603172,2.18344850209578212,0.892348222556900716,-0.239889114321711477,1.48324061778014116
-0.204803440501460182,1.49538549925400766,0.732195410730088758,0.812895303293917237,1.90313207449155342,0.97367459059191841,-0.481102333700781815,1.27378138203586833,-0.525636215083876257,1.48224263542605605,-0.353876395030424673,-0.617717231673685752,1.11591538556006542,-1.21296416796265327,1.35970136548778542,2.17264939870860951,0.578872701185763172,0.912747568539398424,5.2209441089221702,-1.08937586238438322
-1.23167698852698071,1.25790065135048468,0.825645376932265584,-0.594412216183911601,-0.459206191094130078,-1.60115882093057471,1.40143761730674998,-1.45284875608154573,-0.55540682017535048,0.715437433836079939,-0.635261981933507913,0.205567159083453993,-0.989543159195073407,-1.57106936787217499,-1.8964954816249846,-0.0777322565945169769,-1.10778758342221706,-2.71370664055744415,-2.62143195346947255,0.230575666628489662
0.797852637004998977,3.2111526948829221,0.00102566522390599144,-0.157040966104397217,-1.28266392976493804,0.364923048665038885,0.331725599035377627,0.782821552864499837,-0.732081611290544387,5.50672101888376719,3.24272812870721472,-3.98937124975956481,-0.401338962269005228,1.24784474071706875,-0.777135721310081129,-2.56544098506015406,2.02105081487287075,-1.6143928975165458,0.0331408412775256733,1.06532316875828337
-0.125692182046116735,1.8739048225992383,0.294955936356648685,-0.474610755672525531,2.56280353758392465,0.376582570695913943,2.29505151665427576,1.99855252706609887,-0.412249786639827254,0.493513411602924557,1.52268336260165094,-1.5373488809626612,-1.01954545541106212,-2.11412223759199636,-3.0032133567254724,-1.06204149463181041,-1.6816166750007302,-3.33894972004183233,-0.0684975535485710524,2.57905567453879181
-1.36015755152938422,-0.767716265527316644,0.171283552366423591,1.93425156278530941,-3.03319406449333862,1.28980249385286316,-0.91309496464631823,0.584894397565672519,0.245492953742669801,-2.11951538155480756,2.44164210734507625,1.3454041767524636,1.12709532095850573,0.574336831669997605,1.32298641828354757,1.64488976212397686,-0.812753478159401688,1.98230034524541532,1.44956013114329418,-0.307675924098758546
-1.3026642309249532,3.53283078616679758,1.1863447976577195,-1.11752354982815838,-1.8057284746566562,1.62976162690668214,-2.3831645090093514,1.16936544356447825,1.45912209684396688,1.90394225916830995,-0.431816889757121514,-1.4643210343414923,0.344081894872469041,-2.52786642423267605,-0.360772474205415861,0.827463793938999048,0.737977465649946485,3.56498654482345456,-1.00791841310119223,1.44058195017022661
1.74702694234112021,3.8587403283418138,-1.04207791633470603,-0.0886091780488830055,1.29403286462772749,1.04763890023402539,3.55636291326357856,-1.50698797452530853,-0.0699206520937705189,5.20399701069510368,1.63447566157512147,-2.06817800921121631,1.17542252525425184,2.67166410020444722,-0.490333856572002125,0.590090190404495063,-4.62315782337999703,-3.09402255846912988,-3.46756829223360796,-0.66430319946710481
1.85412109058496388,-0.0198431359822364324,0.681987406866754076,0.912948549911995033,-0.0917564610859602503,-1.1788028849902159,1.11288239378194387,0.903520020088032672,1.11046376759183607,0.250196363855487991,-0.977071592339508355,-0.634103526310591081,0.194914708487202382,0.992020596699590196,-1.43669545845385249,0.0244583033963550987,-2.47062529840183087,-7.0041620040127075,-0.0162570390637583502,-0.436133771350738719
0.7416998393622658,-0.080317782962504955,1.48897249396439513,-1.42776659152769936,0.162871240354633295,1.88989275623110808,0.309202867212776844,-0.154709878798193312,-1.34272827884622137,0.0466251099622600404,0.422803180239694321,-0.122004668547888648,-1.74474894783344392,0.0777520602973390124,2.06651782658687999,-1.59311036979853671,0.323121520264917861,-2.79010306520258666,4.3388767442621754,0.113821939104692862
-0.87390144061807018,-0.410563925927456053,0.570686924012636654,0.559188884138782205,2.41893981120506263,0.499619691606631666,0.16058348649795684,0.896173183147992991,-1.22229380294623313,0.520104789942982704,0.272867550962345218,-1.50236874339973614,0.304741154962196337,0.843564216458864369,0.709283282728980002,-2.99237630870955673,2.81956789925988449,-0.0561058152251996678,2.40999792834230497,-1.24016158623018713
1.27522035304107861,-1.74554631493210266,-0.807630707291591143,-1.32039020847096022,-1.32990015849390986,-0.822495479844508437,-0.129655122159859137,0.385670862351681909,1.50982511500050598,-0.952848539093536062,1.098120322040951,-1.30785811831622478,0.892988034594026092,0.301602575841031562,0.0808436415249883661,1.48728913627054005,3.21553792644097358,-3.31161269297144711,-4.27424949627402651,-0.645312236930254746
0.121437544236400574,-1.34909060592943608,-1.03561647238998211,-0.736907151916297076,3.07117117911221804,-2.3819610121918573,-1.98824462629121146,-1.06459271559910129,-0.53247829880048958,-0.15319849133036087,1.05880079068484712,-1.37336034418630515,-0.791832082123214653,-2.56320209156778134,-0.656707365709641167,-3.35676479541700434,2.56446013349602397,-0.998563835758770946,-0.151633391114709359,1.01152320594137102
0.629476568561434413,-4.03085779400260513,-0.0415702045594068884,2.35918209447313032,4.08519207857418465,0.405145562613484667,-0.380364463417716236,-0.461868465692346297,1.71163762608456915,-1.54289998311274368,1.09887630583103646,0.1211726923353387,0.806516930262846432,0.84037842862464962,-1.29918770179140619,6.64251225256197397,-0.0908771927003350494,-0.304944818450449961,-1.74861327227366803,-0.441410559700283089
1.27434200482862292,-3.59212058014174618,0.0327423615387194208,-0.822085894968905495,-0.458860352342044753,-0.184755561523521822,0.468966322647798306,-1.96859699840601432,1.47688944662510169,-2.61947739103191335,-0.319736172098239957,-0.784447633477078576,-0.412659650922013066,-1.43336727102761508,-2.26196414344928343,-0.796189431830490402,2.44464184416204011,0.702772019480787158,-0.292305507426217359,-0.573143161123848555
2.00616098711813384,3.70185539692597532,-2.28085715955347013,0.826434795913223552,-0.893278708249155229,1.33550533441155839,0.109079882094876818,-0.834728263909389812,0.500094786347800024,2.10705825935763791,0.587287793768980548,-0.0828603649544101262,-0.831851222971399795,0.0345203225423567767,-0.261385381106059689,-1.5217083340862827,-2.91993166523017722,0.154428931741744657,0.804494629217745172,-2.30439216405327141
-0.0925176164398600481,0.709220363878350968,-1.22949611829974681,0.124876578336115915,-0.977538969711684858,1.39232446435819956,-0.377715177510906497,-1.92863388022762683,1.66502010072474493,0.0934050732112687854,1.28987413473234969,-3.08836451766933084,-0.410953992206955887,-0.311277303672391426,4.69182057449457712,-1.63414648686246644,1.47639155282094126,-1.04029000649320413,3.70011362654655596,0.019111224299471645
1.48689880072254854,-0.118186957334043649,0.276787459217344711,2.95900669860852528,-0.294330822640557155,-4.2198654297919731,0.449737736187500459,0.686979142398420617,-1.26576408947446306,0.708272023055512956,-1.1781832203876661,-0.144482840155837816,0.109798772367431602,1.0791195605663344,-0.46267749450176382,2.83611637962702634,1.36975328164359222,-3.0380330589767115,1.48583839434346876,-2.38405627814756871
-0.0910439198907492392,-1.41197368189966466,-0.665313009331156668,-1.15448448849518481,-2.70251331319720434,1.02053645209080401,0.988242858220231613,-0.589189607408498572,-0.0162615239415817223,-2.28675868333542542,1.0139694438240292,-2.67538644539737591,0.818328406270748654,-1.66916275993403551,0.17349363909317711,0.914161165687856214,2.12295505497995496,2.26068121120959242,-0.125517753092525358,0.210768501059415664
0.629951409207931912,0.390257117916009144,0.656374844801281054,0.248078134961973978,1.81547997204113454,-0.992022997205371904,0.50273129429883523,-0.511321327707866646,0.350033178541302503,1.02969148323812121,0.449774007726129021,1.51069739311532891,-0.0767227564636592946,1.47245469332965229,-1.88520688920414203,1.09770008543282072,-2.30833474153767026,-2.20986536561224733,-0.617353412044219119,-1.03994403633529808
-1.15056701836368847,0.269904121690264454,0.140545286671021119,2.1691960575648177,-1.20957140406567776,-0.591642397864013625,0.604607412911511988,-0.391185120228878802,-0.882932640470166397,2.3540368425899092,0.890494476942077395,1.87509676529797131,-2.39190052532204378,-1.35378573759552112,-1.04764618660677633,-4.48657541438776519,-0.36455680405116081,4.36318737257691769,-4.39236258103666355,0.592937027685476403
-0.803550675633430522,-1.83371404426552886,-0.151719494433848578,-1.78602497311104935,2.58233206410798699,1.5715111664771686,0.505452698973307024,-0.876336708481824433,0.666483247658263056,-2.95838271825972132,-1.13496562242880428,-1.80093824641933553,-1.12612516258352513,-1.0602792751488439,-0.11989185151429059,-2.75694263767996439,-0.113873732179793546,0.417148569744026587,-3.07445201923827804,1.99533965589864959
1.3388248311608173,-1.63780302308823122,1.24122368863433241,-1.52530843927502691,-2.37608554217396062,1.04228417057326705,0.990582303369302308,0.846173466495748428,-0.282368565656955561,-2.69325087316386158,3.08986954472103692,-2.5697647887821411,1.7448171413803637,0.613414503117976073,0.230304709879052077,1.13818894341533605,0.731298987414308543,-2.97701137516497338,-0.5247222265489625,-1.32753873307739956
1.36436321453538856,3.33174572931108814,-1.25554642113096437,0.738846607676653444,3.18052102705455564,-0.304085980839473302,-0.363644464525031907,0.328430757345796853,-0.851860524948982123,2.61390349502876829,3.23438300944426427,-1.43781200400250331,-0.46863644442282093,0.657282592065090321,-0.373651785113707002,-3.11420957673482235,-4.59616973548763674,-3.43570821595964926,-0.0564845790956963328,-4.24287738713672535
-0.410602755332989011,-3.00463377371139462,-0.630142241170266182,-0.738265332525854689,1.7383627233285055,2.45495524827900846,0.936761023277268734,2.79333552675982544,-0.461656016289680504,0.822695415649293493,-2.5267319844215006,0.515490884069836008,-0.852419774736417946,-0.155776166902316271,2.94358968356089967,-0.681140059762420869,-6.83569473732458732,-1.9073574144229597,0.0438510614120181386,0.381183740244627312
-0.618250940756465361,1.52508780601099003,0.244613633128849373,-1.12627218808696039,-2.04302663947154084,1.94202410519431723,-0.883177615880458067,0.91983287286673443,2.24660070673801338,-0.334606237767322345,2.27904288205416083,0.722168603712965096,-0.128756088793947843,-0.447112927248485614,-0.41247808791128876,5.26761204570013319,0.0396658360169563629,1.17825665850670469,1.63633251555425208,-1.44242604242836281
0.174190361038849162,-2.39358196696279091,-0.606889407978533857,-0.0583835499579309705,-1.04804045501224175,-0.0811377098250117557,-0.819030930914763089,-0.927791583985322021,-0.202703724610604069,-0.291932802704368111,0.195872137894964632,-2.00847678992915668,-1.5153749468633424,-0.351273307278179625,-1.46164675008753608,-1.25554450784946847,3.19033296405106581,-0.471026248672741954,-1.75077435187835517,-2.29208430635991256
0.379837823114191564,3.19447920216838321,-0.973507258393428998,1.35176789811179665,3.49927146743466366,0.392645224044947949,-0.357007340004933671,0.950757362071048662,-0.279011207340579881,-1.264731627781565,-0.995685353472534507,-0.999358152268465805,0.505351402171136277,1.13712596720251358,-2.38463354665261607,-0.687781806335139634,-3.66025215979885443,2.63281363538464941,-1.76227085800327821,1.77927339569962872
-0.144275265665638697,-1.93967962538132821,0.280467989067297807,0.353771227336298733,-1.54722376725204258,0.446870721750655453,-0.188064134183860254,0.894172930942775501,0.769414487866578289,-3.28554067590417143,-0.309231277078712896,-1.39600618153839018,-1.02429569288717359,1.1874492214852701,-1.82444426421575012,-2.00631989934699417,0.680953906190721603,0.599656043768643232,2.66073496416450217,0.722539347306453528
-2.89048319664422237,-2.99932704227321922,1.59157281788499483,1.71808359812869837,3.17234355002506474,1.27180780596051579,-0.349682670217586977,3.38348411752881395,0.378622806455592764,-3.87220147364799283,3.86360674912167212,-2.28365047100286267,1.480926201667492,-1.4580097563233938,2.88142103791162985,-2.97389282332002791,0.143053331511223625,6.98097932601091653,1.1719603841219044,4.27103870213626546
0.788960483380940825,0.0146994981923314009,-1.82165101346728164,-1.62209442463121922,-0.754121248459305171,1.9221256065127037,0.960274128258300608,-3.1244046865828734,-0.194991571415616349,-0.764765820521317363,0.223679142371786183,1.10426610686141546,-1.93504958074472233,0.0592217376416637464,2.83468658352719904,-2.93703570748288989,-1.0191581039819686,-0.64858392251427277,1.34656021800500314,-3.11401924056316171
-1.69827516903455411,-0.299709926480740407,0.136200541867576019,-1.91419374703640566,1.67414817006072369,1.27869494065629441,-0.367741740847405185,-1.35087201473424234,1.07581099298288896,0.427679810794448334,1.12560130148385129,0.901778005760755397,-1.66605674924496605,-2.74184561449226472,2.05469467119961768,-3.85179588557738706,1.59319128411257482,-2.83311395720343029,0.387004716732127163,-0.880018817144778698
-0.770728589889096871,1.62676713977348597,0.569085905058400621,4.28858148041832266,0.506240855863122174,0.0837456615691396095,-0.453624358261157268,2.29600873842170117,-0.224560950747190513,-0.341611572688176379,-3.78099259041699742,-1.6681519974138348,-0.158807674967337858,-2.54402154105038791,-1.54018356976239668,-1.8537163692685088,6.07625739401674014,-0.77206953504361997,0.375194362511757085,2.36047971435557358
-0.389611778625539862,1.32401418815126859,0.497002287167786994,1.11278341501752087,-0.89637996498944561,-0.813408358671245946,-0.710301424530895176,-1.02745376298560109,0.595699899732599958,1.29894830661063465,0.615817643165916473,0.105430571991574268,-1.54149823373364159,-0.0107181372933332734,1.69508013817428571,-2.67846692566606448,-0.42702085422309044,2.11123181361663192,4.03702811445727683,-0.133515221741843965
-0.385108593010613676,-0.267604225393269557,2.30499338874205106,2.5867274525986792,-1.67269261906153655,-1.36152117816724005,-2.523806864704639,3.17271502962573981,1.18373424885735723,-0.529690259785666417,1.53800543697008463,-2.64853883704152215,-0.440168469700591092,-0.331356802220008018,0.130785417323604075,-1.12883256645911656,0.115594598206228083,3.92715829637740743,3.07985253006978743,2.17833960351349054
0.81273598672517855,0.412070730204307456,-0.979137009969246019,-0.855524130583325881,-0.0112041686245745245,-0.990953158193835337,-0.625517166189158313,-1.62491719255207689,-1.69342238041602178,1.18747392687166564,1.71925039100046728,0.432570688266146308,1.17412071932797857,2.19412853936810714,-1.52161893889686195,1.14799566742950732,-0.166760952873662049,0.478117327229438893,2.24762921005661509,-1.86913985583985487
-0.127297354950457658,-1.78720989928363139,2.92413590467758544,-0.467316851348024864,-1.51900769568742988,-0.565228787833312984,0.245261580572923743,3.24915058716986049,0.308132635177441438,-2.70191193465192114,-0.748666863984679298,0.00309061332456526429,-1.27002501222098263,0.791965974764117786,2.36819584316697718,-0.330148564144597645,1.65185441885465889,-1.20689592952911373,3.13712109498403757,-0.280254916355270278
-1.01346984787177186,-1.34006347197319631,0.972164591694227198,-3.00399758957832175,-1.87455071531489348,-1.01853501464929308,-0.8988345169372709,2.40217509653836547,1.9811075018507629,1.19790379287748161,0.616887631068175901,-1.57623683754353361,0.292349120672989959,-0.893416568290661406,0.981045384124882847,-1.49856154023866606,1.74111217225820325,2.49590939646457022,4.38889937727117818,1.99012917692956837
-0.537959759733428577,0.212789560134633182,1.5033454605622667,-0.724979961306036702,1.10687016936493099,0.510281963050552956,0.415316777330531295,0.381929552306252862,-0.599703694233726603,-1.31886085947929144,2.83236247298405219,3.7622025395371046,-1.58918433703319995,-0.945724772605282982,1.78757489795000768,0.656682754197178364,4.65896576077887303,-1.7144834083808167,-1.41540732620620791,3.59480722092294602
2.13180972977338401,0.80549564101843385,-0.31399918428524165,-1.12883733227474004,-1.46929386625182512,0.851228482223455596,-0.371028878606454005,-0.111937908218955912,1.55101574259609953,0.412137111984182125,-1.66551323930242301,-0.139919393605895337,-0.0863450118441144027,1.18244550264565951,-0.13736210415822489,1.36167973009932952,-2.82428935141387161,1.60348840063552966,-0.067872993009016086,-1.50223110948489036
0.300234551408312234,-0.479705524218826618,-1.0926379223451026,-0.123361914855391497,3.15864951865820132,-1.52198320644432505,-0.728743587121596037,0.423603325359739824,1.70693667447748876,0.582759373053768792,-2.46625818715354628,-1.48213680363113709,-0.422824804652304209,-0.440732704106318984,2.61111734601540357,1.70385379582972529,0.615777283580408175,4.34282018285331883,2.36599690464301116,-2.24175894149169563
-0.837405700362056526,0.877920048993733104,1.26388467746117894,-0.678261510727615202,0.361412817094339756,2.27507195230907566,0.884599678707589154,1.34529609796699745,-0.561881418338105676,0.101663764861467026,-0.092858789917605794,-0.543711703119548084,0.463543843274808909,1.06229411807307783,2.17036879189320819,1.42179492969295485,1.34472151544077079,1.61673167369350024,-0.246098925934100904,0.824822470282873366
-0.957370654715878122,4.78639384729573703,1.55947487442280752,-3.48178116044175656,2.88664777428256381,0.278977243245600803,-0.394333334330806418,0.327994678278386076,-0.820902580426793094,3.47801237574928113,2.31973979027279498,1.52675852566649306,1.32943887051546383,-0.715106907632325095,-0.280387572418053954,3.16242944776906842,0.266334048331320461,2.92665813400732944,-2.24278614056233616,3.85324717268468842
-0.0250072223312770708,-3.68702482018387334,1.67868168105212434,1.08515547905212051,1.82119879177213262,-2.11008873025100341,-0.952712511589720035,2.19894979236263577,0.139061401636140475,-0.239658213811069221,-1.19629008129762004,-0.375205315772464632,-0.831982180083949197,-1.28340401362116174,2.28082343942027377,-3.18263072373403855,0.920510857390415604,3.50166178334853395,3.01689043770124243,2.14882503301114003
-1.33122652068081715,0.609114972526576315,-0.513608120846440919,0.266242491479321164,-0.333595655684608139,2.32680856790089274,-0.221314248704443856,0.390848388665264779,-0.111331036817962956,0.187775459010146806,-2.55162442084475272,0.76061422433014092,0.373414513996513375,-0.758251470032779817,0.347725077585749276,-1.98234882942680035,2.36644988668151601,-3.68788584687356957,0.64628646261504219,2.69965412595536458
0.67800287379632429,-1.73060698551014802,1.22902947564639642,-1.08596550510261691,0.947300050141281491,-0.898513033249919046,0.88461987258370689,0.727907513299055231,0.00386977724475135202,-1.65808937608068963,0.911639686366926938,-0.476241353829701952,-0.190370045638621144,1.24499729310326224,-4.1896729987681578,-0.678593665548660074,-2.04604053003717956,-5.31417973549171752,-2.22000037574741249,0.0717660653863536196
0.739874705547150069,2.4341948427418898,-1.01581835620617555,-2.65215649880437487,1.85112870202385404,-1.76400580181869171,0.826303902351213648,-0.0144484077443807566,0.259530672308746213,2.56850403861798871,0.0342828984419518978,2.15878410111524266,-0.419709935402542811,-0.276512154683784483,-1.08555152337826799,-0.756961442940729756,-1.56975938196457543,-2.10000276637715766,-1.15843290734087634,-2.46258221424387447
1.17624975158126732,-0.916678474885605166,0.155677594384390078,0.822377902653424475,-0.539692651574222193,0.379461756809777395,1.52815776892225852,0.192302089970488949,-0.164919910272091297,-3.71023568117810276,-0.164893064671725126,0.00847410387132914444,-0.850947150567523569,-1.02463403423732813,-1.03140779463968402,-0.172727036451188115,-0.935297568111441158,-3.46848308696042462,0.504495633206522687,-0.750340525144608028
0.200369969548635063,-0.86872713818684999,-0.820117411660813866,0.530486435485609253,4.62733290286662502,-2.1651939801212281,-0.302638022455882116,-3.80133153667772472,0.660948806680701884,0.418056707940161643,2.42446616132673043,1.99722112895077242,-0.652470748302348746,-0.833400213893667363,-1.15275639334109448,0.326161004833656121,1.21097577644900367,0.303633338730773639,-2.47034743592671502,-2.18862120555478468
-1.00153643320259933,-4.44520556538498557,-0.522992533580703856,-1.28627850564305724,1.19871573270483078,0.488279044779975968,0.036163756364374848,-0.941055581134971009,-0.0835076407189543068,-2.95147968787730264,-0.802861466870213869,-2.12865840703681997,-0.25136736265055265,-0.224343145695763135,2.57980785414827007,1.5858958074589935,0.795094264474790924,0.228045451511798336,1.60475170866932371,1.41509916091359988
1.22079880161796384,1.71583233971742377,1.28633224384488254,-1.90816938695191007,1.95843683823681669,0.172063745227043985,-0.407590826334951584,-0.321322532743170408,-1.16147513052081131,1.6700376182549308,0.0946342172720303909,2.61268852103117277,0.709998367274931153,0.0709548431208803787,-1.63057045870993145,2.58966764479155254,1.15674597004903212,0.433864763973811574,-0.159190580160166906,-1.24808808959901452
0.193192761547702568,-0.114515274166831327,-0.990846211192635051,-3.80446904215584203,-0.731267613498015945,1.1001382908105426,0.506704619120486366,-1.37770140201989078,-0.954692305107759598,0.000349273660649653786,-2.69080549723217732,-1.12735096381097577,-0.345811272020555338,0.593393704960429091,0.546803971864699645,0.213836353981337352,1.51210247284511357,-4.07097607902800007,-0.989430835504662154,-0.685357891616074411
1.27756528796043312,-1.11883468351523341,0.115766925852404307,0.531954536362224117,-0.957868807908332731,1.38785532522036226,1.54157020850100768,-1.40869468560892419,-0.454878774437979472,-1.83206783913527604,-0.342311298987046653,-0.407037188367294134,0.0393820565204975187,2.77862312266698774,-1.52217176318433656,0.326936654685717254,-0.693773140512309983,-3.26690533040168418,-2.62745738596261358,-0.579387263494131277
1.25678668887337208,0.21847774449676477,-0.149478373219119942,0.0335385736436410037,0.772962940007035026,1.77276054242151204,-0.365022303385745761,-0.942458796512139818,-0.625179044998340316,0.18619392322697606,-0.546722983978866983,-1.2219899657833162,-2.83582918890544944,0.369920071145827145,-0.0918590653303728022,-3.47338368337390602,4.4717643731975425,0.893597872033461971,1.79139542645109917,-2.14045802181878431
-0.473116913998296695,0.5994753167509832,1.61816822930028881,-3.38926480665454122,0.943204072159954165,0.216547813560645924,-1.4937650873422228,1.31178069606400083,-0.205007469014772903,1.25900464672934276,-1.00792267344734698,-1.23302960623219104,-0.0540256349938556674,-0.303807728339792971,0.944955887042435716,-0.37743267392748997,2.19560097062159132,6.14484397538504457,-2.9594219406879283,1.42927883185142934
-0.679892501997402143,-3.27862629862252541,-0.520142133359268954,0.397950109984719302,0.337649519640542628,2.38327626280116833,0.0773783849739249491,0.844668073946561404,0.0434307855410249188,-0.994934201184660028,-0.16592340097357236,-3.67717853219181956,0.960663117930005472,-2.19939777188611263,-0.5024177515151802,-0.171113935712805476,-1.88725074524481373,2.33201444927785362,1.42397091853482238,-2.56717011834339326
-1.12047656237306792,-0.228145407265150091,-1.8507000215979843,-0.825926550962555739,-4.33396799502312025,0.760879075236384983,-0.334524055124016284,-1.9028568936280168,-0.0560198812068021246,0.0762522120847073243,-1.15497003226263684,1.29316124433665536,1.14779858767598886,1.03657755811028363,-0.0466084916459529042,2.81851633124305767,-0.538213853422126798,2.38020299253249945,2.35787230589063146,-0.220403721086816135
2.39728711376248027,2.95664459419283743,1.05804449594434047,0.863005811331506667,-1.23000717834259321,-1.00405608975282989,2.43809863746999644,-1.879289635623832,-2.17165192568294563,2.00596528437005972,0.471716202596927814,-1.31984203026820301,1.1960442627438721,2.3699572406424454,0.300206476351892459,2.59975876435506814,1.02183205622523876,-1.80538843216782285,-1.16766501572902293,1.07255481655729978
1.01943481449864848,0.124578588221504,-0.751552294565813739,2.16697858946494293,0.215280590639591179,-2.48878169350521183,-0.565835402650589292,0.978415237950008843,-0.868930056450786581,-0.633164829297296339,-1.36650299098652583,-0.114092234951950131,-1.16107946586564115,-1.7605969254645466,1.00599792551639977,2.01955580807601676,0.3000836995743838,0.496813718141525695,4.75963126144922555,-1.57151183756864987
0.91566597927935911,-1.94964787978031073,0.0193585916851003702,-0.04987912712294678,1.77576853888946484,-2.46603887577264791,0.0361234942351228855,1.33200237527707999,0.758138893465758135,-1.52554194752618888,-0.385802942144154892,-1.30018070808927622,-0.4117385199618398,1.33093376832300359,-3.17518860257575497,-2.55549679787816952,-0.213388599090497871,-1.18052149759374858,-3.683259297940078,-0.943335972015723168
-0.519046020231881067,-0.821726900505947655,0.543014564127653143,0.751260778535654539,-1.83996623576032348,2.10435476159525647,-0.736149149107789058,0.261187417017182344,-0.495336835859284785,0.953860786677852013,-2.21257832131948495,-2.16959664080761705,0.316026446554447726,-0.703008554747827086,2.77539704533892362,3.03084194848303934,3.8460154561354658,1.24195828203287495,3.08680563967893073,-0.753724142025619548
-0.402382400680847463,1.34769900398446274,-0.0461450409458297253,2.2258930982972962,-0.329121057466973177,-1.8476204289267435,-1.56469602946571396,1.62487794066664581,0.351121454009856504,3.09021787228637246,1.3715593722348165,2.10096223528869475,0.282384865864938328,0.589185708874448211,-1.32478013096142444,1.14901862372353736,0.840846231799718735,1.0494291574505854,-2.75125215313869909,0.704972191978034846
-1.63147052042827734,1.4303669982455991,-0.134874637779349743,1.41703374475237398,-0.218372862382921085,2.7833196469948982,-0.7690178264171591,0.199789360300132113,-0.817957114124310269,-2.88755449726127722,1.43604376589734373,-0.00115996307054524734,0.297735137024427721,-0.956846741414546287,-0.619641076383167233,0.171263132293959314,5.49536563497743913,4.80716329650953522,-0.914608102339931284,2.28050465357225463
-0.186663112132805453,1.18713267587878391,-1.07384115686279569,-0.0136778516638059351,0.134854285251151618,0.88096941519156069,-2.03004474921900258,0.988953532308317396,0.452329209698964119,0.598552007748799464,0.60089221077734678,1.50442248991199534,-1.46487723107679191,-1.4697227362352081,-3.57814033803233489,-2.29227951997370694,-2.82565307653233289,1.03168596237258181,0.296767753094247744,-1.56081015788894306
0.625852346247658065,2.96595293172378138,1.01258901774434351,0.336762059359989985,-4.09435961660611891,2.59990071169674497,1.85670442806144576,0.414176393580651225,-1.54307319523081987,3.21328439585472658,0.768898795475580377,-0.928922528816469639,1.61415559822553489,0.0651097716110253383,-2.04101918159012818,2.17255444520336294,0.366163277461480086,2.81450193412654981,-2.32473819948232707,1.72908482598485369
1.21624864586716397,1.07349845027400126,-0.611779910081649336,0.358311828843968505,4.35032727408868425,0.136474872335222985,0.153033562815636126,0.997629169749570277,0.326812025848435828,1.00033388222322928,-1.10632950654205131,-0.66974285404158429,-0.68741215897962249,0.213307441431515532,1.36923626528027831,3.33065643891209806,2.06739417528815395,-1.06584083764884885,-0.456266958870298278,-1.20613305905651447
1.33986177755244418,2.71079135981270758,0.741141434568589497,0.0545364889497448393,-3.69562878562536401,-0.825609164887399105,-0.255105687420342286,0.363622389238659305,0.0147448739999911215,3.33874100592410583,-1.19808115144393845,-1.92018938702183872,0.551157110001736616,-0.633461147295677152,1.07840360703720384,2.97422072181498942,0.408929118415903625,-0.0337671049694002121,-0.616944333158612079,-2.84450211633898142
-1.08689097505800047,2.35215592737088075,0.456768687686085473,0.748030476557899782,0.263228730467129746,-0.194703563149854431,-1.99287111624400737,1.09497515963050551,-1.30376094497474226,1.34114929513767756,-2.41179616235093119,3.30377915470560302,-1.61662614648197378,-1.4616761672364027,-0.138382332851487655,-0.0928475116895420005,2.50040594296195318,1.30094548829596235,1.27600484156132676,-0.0707401540279607027
-0.103541895927845684,-2.28374749035693814,-1.80138249258499972,-0.861927197198597228,0.561020209496323141,-1.98261566413976387,0.726825380907250906,-2.20875415189015722,0.820117988733052972,-2.33256738923237261,-2.20609787414456848,0.470870115370065123,1.31638632513775233,-1.20997595379631973,0.442314478078179918,2.37878820341565866,-2.15902999050320865,-2.29609463895422072,0.851659969214604295,-0.626192484787070791
1.71254942075810512,3.92584593115980862,0.453294813805172669,0.609717539081653492,-1.71075974651119433,-0.0734613373141599357,-0.193964583126680468,-0.781406430031253429,0.0976604780093768415,2.68686211263618713,1.76097159085247723,0.440177717969051752,-0.772774297863189519,-1.06671171971911649,1.03577702734459365,0.454512780874369693,-0.45800122304059232,-0.738555489501905416,-1.40658854198230809,1.15584651400846927
-1.78359876647856197,-0.621199714199667463,-1.06029902111845997,0.58103338555174,-1.24781743245311438,0.358300890485190204,-1.13721557190887901,-1.11562541520022274,0.0618400084957329635,1.46612627480886859,0.174256639471910613,-2.21632797798914138,0.481472740660811138,-1.04894415301451804,-0.176603857118426188,-2.71444592002888019,-0.322567722421770564,3.11807701869735254,-0.303544860174121189,1.76869978938637384
-0.875463105596482882,0.00219918340073168737,-0.999045011384500192,-0.991428681126181655,-2.04014691973580886,-3.86214208643011681,0.0359293026362588544,-1.76286347271867516,-0.527198820760683473,-2.77440121784946658,-1.53552611201111544,2.69698274044859065,0.908506762833638737,1.472097725503277,0.850088523784811478,-0.919815908127042836,-2.66202157282073459,1.40047424580443058,2.01860268614050842,0.0347770766834235787
0.328788626472272416,1.14581936151638475,2.05980944540548805,-0.966469596018509458,-4.09255405558028684,-0.103350601313732013,-0.0663528130605123972,0.920386469199207635,-1.72086378565356823,2.31855682030661558,-0.497405567587816844,-0.671533079927651766,-0.116400160803960956,0.250555658686338445,-2.00902661702979657,-1.10660524295804796,1.17731483988019692,1.50223881339027776,-0.797099555213423905,-0.849298873492807083
-1.24857746331199437,0.172299779495111188,-0.496410616909098268,-2.61755668046355572,1.19080804344499946,0.307991793521394941,-1.1604559071146503,-1.94738058304423123,-0.714530012948800475,0.976681348122672488,2.84654355155678962,1.39447316150761202,-0.566327763657832661,-0.773981167453508201,0.88586277397730584,0.848578449773306431,-1.62357486733232159,3.92936158297809879,2.73350737276760958,1.29920963113293975
1.2650652333773047,0.969556303638989037,2.3629646397589279,1.09851014077755815,0.045521456459545917,-0.74586310807567191,-0.350763607905138219,1.4636187433270631,-0.291566487096100557,-2.12305691919233386,0.450503646758571463,0.169905800543620561,0.280102699291871426,-0.481367904643924649,-2.40049684858604673,-1.86855695399697042,-0.809692917663853429,-4.31421139748333893,-1.8059806882852838,-0.682128424728786431
0.323407680415101595,-0.510841613027564145,1.68788669351975873,0.625779717319762341,-2.64776917938994583,0.385452466774336311,-0.482228589991480383,1.3122599855119339,-0.288709465213007777,-0.178678136387009578,-2.22240093989858911,0.512875744568896619,0.0862475435409619101,-0.130320768794183139,0.6254393471162214,-0.66055743791103172,-0.923634847988286212,-3.05698085877773718,1.02154467568315144,-0.998857376815258435
0.629348163766122348,0.0549601572240357716,-1.75912196832910439,-0.168949140197251768,-1.26197013793987067,-2.36367608643214089,2.6025873129600261,-0.561093954284704544,-1.24448673495106621,2.98142793418316421,-0.495897382034285961,0.0812776949256458631,0.128281753553998928,-0.0395302097100780139,0.14311123561507666,1.32228150175595283,-1.83951938840831275,-3.12049337600802179,-2.2092042120586517,1.54064646417136664
3.22562416503920968,-0.955073313401129775,0.302313933729250861,0.283015149821778,0.821307669996590661,-0.0372554440399733497,1.26761422558161829,2.34421399079332504,-0.290706379272940019,-2.34570945557085642,-2.04160612355672066,-1.72287963057812532,-1.48581475233232863,3.27583408092928696,-2.40198089885298049,-3.28284673657106252,-1.30128352733249009,-3.30900596347602738,-4.69816603298593094,-0.881733476660592985
0.379152273629165482,-0.326162246362349251,-1.48958214413604328,-2.21893658759628432,2.23957062530696849,0.229514955659878173,0.744185365525705689,-1.05090478974825374,-2.38276972251464025,-0.270681797065561613,-2.19449731429372763,1.47056387322435222,-2.44154449233916182,-0.923159677267548107,-1.27550436590736416,-0.761441066685471513,0.726798178011285323,1.36106583625369537,2.00559311126422513,0.122425433770327344
0.395840189743658921,-1.30214655843843441,-1.43230214988102067,-0.181878392671712658,0.0155940210050370693,-0.869515661571202636,2.6456015816091103,-0.927070965808463487,-1.64482581156520902,-1.09332270190406944,2.50241894558219125,-0.0547900112040758808,1.23470256502922138,0.132359858039090283,0.127682209372919631,3.91669530320483039,-4.41994262843891317,-2.17140167468487455,2.17668660309516948,0.726326133112617955
0.147840556904579257,1.16704653715432016,0.139042835897115635,-0.954156688050578294,2.5633425682789901,-0.260780372690030682,-1.00658611997727854,-2.15478309264589196,0.129318018168167986,1.08122499348438361,-2.72554793405810125,1.02240708783807532,0.0447063532013268344,-0.0199642575116306085,0.066355377580657654,-1.79263838189750535,1.62030718790663641,-0.733486873877452816,1.21604248228557021,-0.341110314392702729
-0.351516636555844086,-2.87251385559565753,-0.510524106345745965,-2.65519793575554397,-2.0256252352682651,-2.14977263764290338,1.02238638725058983,-1.95241621523259967,-1.35286578374618038,1.73248670230772994,-0.841127526812304627,0.834631319395332083,1.35565568220067445,-0.333598060185212153,1.28696202360865564,1.44011852025143261,1.1994532986290285,-0.680074830498409444,-0.450083534931788876,-0.492657758237436294
0.994548181462672987,-3.4602141130970101,-1.22994357211609318,-2.20721633571108944,2.97710800426346367,-0.900619601049024943,2.0622668497338168,-3.30443240204540389,1.25280220270043929,-1.48475910841780112,-3.35755415932286638,-1.25669939819971899,-0.57033677598050847,1.26928911450009907,-0.982445890646187592,-0.641440806865602897,-0.825629174258643128,-2.88169328104084377,0.733193345691689036,2.33909308819810491
0.414825973975173068,3.21399660589680058,0.07676398480335761,-1.21842131371345253,-0.93942073673027271,0.0715081760367764496,0.0491846960101035083,1.33318119797600332,0.880764123550525246,2.45312868739794832,0.230633760446550429,-1.8188271392729396,0.552101336544316368,0.81553874953344585,0.630623415205895932,-2.35124074545896233,0.631129904090003135,0.213812128373284782,0.595718006363986752,-0.260872348504388951
-0.848857792867137695,-1.20783492429255634,-0.915970147280565028,-2.77733230483035332,0.886068229860575873,1.67415986004925177,-0.199641995008812245,-0.0769858776086735641,1.16250862646152675,1.08316503262906272,0.965888919994475126,2.80441770797031387,-0.71219664774542224,-2.03479619350823926,-0.707346281438112401,-0.318710524604409573,1.78065953998316862,-4.8214418621805244,-1.06894099934373221,1.19989938099328008
-1.37616329541988813,4.20324243914026585,0.430396153361020828,-0.55540694808747626,-2.43801395398327525,1.5159676599619345,-0.673173512588272183,-1.02469462776074516,-1.92329854574543813,3.53000877371403154,-1.57781525655802768,1.34424331401533759,-1.39639768218543181,-0.270753097225030048,0.0763695353382197878,-3.91720889474462819,2.58711805903970848,2.36839595736725617,2.10326758835058758,1.37027265026942158
-0.560491875475495727,2.36115291726506227,0.310500678106927053,0.869970924750396502,0.944473740713432042,2.49963515201654696,-2.12135376021116251,-0.949179278101795698,0.309054693295358451,4.06480182790944777,-0.0319827009918435615,-2.18026297900431132,0.895306226286609941,-0.268515222965510558,-2.28091465519102066,2.85286276261349236,0.684152512890601083,-2.38504936892467301,-4.19347284319949409,-1.02989564320558658
-1.70582067874833876,0.328891055918481945,0.625726317573048418,-0.883268156238318558,-7.33853239650700395,1.21344024608935253,-0.770299959762915543,-2.75043415885532561,-0.317078927011918532,0.257558248398691569,-3.27259044783181041,-0.481722929539159461,-0.250981706714769381,-1.48221352380939209,2.27472689531468619,-2.77195916386144781,4.31745806343951166,3.19354068323974927,2.48910240235438573,1.76649207268237807
1.28701530733810565,0.0335834050884664947,0.688466068989837754,0.852595869062295453,-1.00410168792241161,0.032142348085392361,0.879764492818371213,0.80364327249707912,0.17254123374258204,-0.354123174350534642,-0.0895186570329197656,1.74786016227845131,0.423269895055473633,0.54387764036380315,0.939181127013574035,-1.90293777385771246,-1.13880939578850238,0.371034303640459029,3.20240744538045208,-2.03356841007982103
2.98842395520364112,-3.03070425242239372,-3.41596743909857414,1.76797686316322911,-0.198815211811233933,1.38517061023968835,1.72166792228014542,-2.37582528529055015,0.79206481519346561,-2.34725835176703024,0.537318046396451976,-0.591627080346535217,0.846608627019776794,1.87532264943024529,-0.339600930022250169,-2.37978229400033392,-1.10061645203804037,-2.59985696933697641,1.39139325862606289,-3.80504784837796972
-0.988262477483011437,-2.70899217956463678,-0.468328208243594946,-0.0511101982874314423,0.472040968192346422,1.28501346678366213,0.0764506864651439688,-0.762006859823011529,-0.873690318096203455,-1.82532103343218921,-1.16414600767118648,-1.72430656770632673,-1.07982875386996691,-1.44178640442057437,-1.78112611952998834,-3.64131322258317658,-3.3507816448116472,6.86477246887052317,1.38378733346628047,1.35366614830923804
-2.02129029958865392,0.49558098944317247,-1.63981394519076717,1.69619139994931123,-0.704431944924312381,0.491762323603436691,-0.669983760776051152,-1.04913868005915556,-1.09181448940557924,-0.844843150108527396,1.27900548748685616,0.740729010603948357,-0.148803152810364714,-0.3297671061460557,1.80664593620453151,-0.721235834951171051,-4.83794869358812107,-1.65720738808946555,1.20174565274914968,-0.69653439535443451
2.45473762173741594,2.41956583990651186,-1.10022087299515747,1.65017023110100225,-1.59742269188903263,-0.316627551121132444,0.49464819821390843,-2.56081512368929642,-0.0550541150681894617,3.38962210870935143,1.38829180169876176,-0.204971866854549489,1.31168804974624353,0.84897415199041848,0.062343063450827553,1.66152538428513186,-0.38508070306751857,-5.28232389743258768,-2.0075390967773119,-0.851552017620947344
-0.849163856865686406,-2.4897712779166703,0.973929299702522178,0.328287382859332344,0.0318262204670138882,-1.34230878620339489,-1.31886003396813867,-2.27679148830135158,0.80822889908174822,-1.92045582506050128,-2.56833527381998739,-1.75982591224896079,-0.213114589331772131,-0.186280350639985992,0.34758717213651924,0.163895962229580777,-0.0706056827906590134,2.74402763422899953,0.242095581192830672,1.09375791779873688
-1.16040252631406937,0.494292017730920685,-0.218466927549308354,-0.93633616604605463,0.924455664248986619,1.97351734725685035,0.566462469307040806,-0.7435402930298185,-0.569002488015102448,0.992217243065504184,0.815695454543722165,-0.499313600191923057,-1.63061700824024625,-0.593491932018047175,1.00348214299307048,-3.45546460659974741,0.564964522817516968,-1.3107926732597921,2.35482158407786146,1.16361430665397214
-0.68483137383185444,-0.636877290802441709,2.01591459652462257,-0.296664434922235654,0.627044760818543212,-0.456954352906166483,-0.935922514462893318,0.417994859468592828,-0.48436924693878014,-0.951897360896513556,-2.86239450101275672,0.991607926781438498,-0.998506625113133484,-0.32997946798117489,1.01859473720933247,0.744242070272456591,0.384512344627629676,-0.269531076800134772,-0.799610345712728265,-1.89821646563637825
0.653246337391540588,-1.22319786433188393,-1.3375598367209609,0.332690191477329089,-0.40190215450146316,0.764754712705928097,1.80193694444680963,-0.730732598433521563,1.07903654193247234,-1.41428501536471307,-1.75859120163375926,1.2442579952989552,-1.44238821397042605,1.16590894016716184,-0.378369608345543673,-3.18622565575701699,-0.504650858831426463,-0.93875374214997076,-2.36245735486597397,-2.36522497296889744
-0.942833494529152216,-1.59342229102117661,0.45358014085437981,1.47605263134071385,2.16510262941311815,-0.700440902766840234,-2.0294719474720746,4.4777964982290106,-1.48651235392902192,-2.24817868289678069,-0.245574682841221859,-0.207165476248668878,-0.478103319589116171,-0.663798085814906402,0.762534940691272367,-3.06666851671189722,2.52548390810573453,2.11273778557725134,1.35604301982446707,-3.05037446743369012
0.894464708532888397,-0.408067580701611698,-0.991806247276528441,-1.96621840945627402,-0.774809815735325924,-0.63833237371176843,0.661995646919224301,0.0609324780636575358,-0.257788190685809104,-0.579637335748388494,-0.795566571647813081,-0.265473586308075882,-0.983203420697729036,-0.669068462054943414,1.49807144143500715,2.67591822721126738,-3.91898997205441457,-2.3739532941422814,3.31526520462868257,1.1423349104970697
-0.0121922438632455273,0.140052736253198445,1.2046737053880443,0.73921747944418581,0.68271390372283558,0.0460175206134563614,-1.85752708026503788,0.820421839093412042,0.856162310455262809,1.20652937666108384,2.76722588409086123,3.1521403611909351,0.358682469360831979,-0.855312531665432418,2.59468115731946769,-0.0339581563194794045,0.517844423715493107,2.59731437847385704,3.10186531196549709,0.269347843035131151
1.0010298732657299,4.15745746795790705,-1.24638075524804992,0.574799200100039265,-2.50021407550308394,-1.0993697036235357,-0.549453660645225272,0.0652171687406655487,0.15175569537159822,-0.328960537097349015,-0.641445417091118908,2.24963988571982076,-2.93032663159317375,-0.116224616179085569,1.26962018019872547,-1.92496039053304391,-0.613425973424067905,-2.21851270807203838,0.600323300032364449,-2.66293185325705162
0.17591973134609129,0.0377051510203642998,1.31413035224545727,-1.02509933096345729,-2.89252913608332296,0.0314739104733107455,2.68196404467458205,-0.709726783744440537,-1.62898345448877935,-1.28392943627533818,-2.12456437560447631,-1.13582383769186479,-1.82474708990551471,1.13940525679283566,-2.17216739327061914,-6.51255906670618145,-0.750790994808665069,-4.46656223019915721,0.705939136965291869,-1.65057515766679241
-0.162457652722869605,-1.88413819054979892,-1.23999614696022853,0.222954305738543995,-1.71293890532723392,0.955159478266825346,0.00424678973329066945,0.644403072684140876,0.937137429263956157,-1.88687570699664198,-1.11823407822968912,0.25976459217534581,-1.07258742607877511,0.94027757389498412,1.24577432120304077,-3.0456066687272525,2.65004098312742897,-2.16784087159257766,2.03228745452169601,0.281852889649615967
-0.0307029825238753044,-1.14054643854334259,-0.0251073694011964658,1.40025559637422647,-0.0690610744459873999,0.820131857591649083,1.65494400670695629,0.108083624651344898,1.42039474939795518,0.620435097586068518,0.812045434331707949,3.08266808697530292,-2.41823884592277949,0.668424642606085917,-2.20797813289140654,-0.783514747072563855,-0.404392428482071242,0.0918914522173855247,-3.51806389232362227,-2.14892646162170875
-1.35101892409821356,1.69634008561818272,-1.23952781151943725,-0.0400541563363082942,-1.10785424979654201,1.56352574484552087,-1.63710701415361548,1.24152195085937689,0.361544650312884186,2.65987098389325638,0.0416228180998792566,-3.31413263798414404,0.462623798734008496,1.39053012596486325,2.26676209159833286,0.891780818565442557,-2.25000942844022944,1.12008672336946824,2.76934690076555556,1.53456269507307885
-0.275024618035674351,0.642660103076527656,-0.67851398393788509,2.77111818888095174,0.34895445497877764,-0.225238800344634393,-0.613908730991544194,-1.60560083765490313,-0.122616335905261567,2.88618818282651057,1.77679818604642548,-0.508738121029908674,-1.11166283946574418,-1.18516053464074833,-0.139959810639312676,-2.55092687597446277,-2.92739259196831547,-2.09314616712600943,1.08275441319568455,0.0724237585687644153
0.873910591357013988,1.04256570102501711,0.599582670909672211,0.303689392262054103,-2.73270584696193275,-2.41147528862906446,-1.1485442328227331,3.35525427782723318,-1.18755122528727597,1.09356631908723134,1.03002900381788653,-0.360065305946354774,-2.04708589724439438,-1.13728881827096817,-2.22546048789166351,1.54526242321504692,-1.63701978625599653,-1.49001673657473188,-0.491873504203406919,-1.32966020023025577
-0.862595533709744178,-2.63255676332594835,-0.0350750458740780938,1.10696928831304864,-0.203132953056614274,-0.30165432479175841,0.231326098387363704,-1.38256951986409904,0.718061504201519929,0.136630747103988398,-1.92720790755785232,-0.750365434498892037,-0.618045178642854132,-1.41828535697622993,-0.0321088311153470626,-0.673715200697010297,-1.02691793319307445,1.6540879384572813,-0.158794595838335079,0.264002042739039433
-0.0256029109826986304,3.45874053576958973,-0.641972350374736767,-0.10793582579775135,1.19738769893347707,-0.150002399649644819,0.548579170478199263,1.40496921327777846,0.633864872385100142,1.98080981916092447,0.0189945759751003265,-1.19472124959878312,0.150418858116236676,-0.00569999719592282142,-0.511160040105741786,1.64303111006492508,0.22878324688208207,0.405880927410277925,2.52254890201807225,2.26883445699600639
0.194271985458797064,-0.278908156065783619,-0.402956350707190269,0.616886246562696083,-2.07209504937022038,-2.12930194428609232,-0.554246065137629196,-1.51719245631832611,-0.583608437530555912,-1.61270955250035519,-3.05307702142841864,0.419653800505661034,-1.6277132377228678,1.46892955751782583,-1.27735806074138636,0.412811730631458818,-0.536026508436812876,-0.300480417669472422,-3.22616917406327541,-1.94734365035955848
1.20472061544149378,1.27840669247661531,0.650101945182892771,1.72362941217700794,-2.15770460636536354,1.61740379379390808,1.91970053251271855,0.771906244014382126,0.509795597320164884,0.986953769645937284,-1.38134349248420318,-2.56177416980957418,0.82423363717572784,0.150677626647457902,-0.944447416400909123,3.32156888502852699,0.0529828804390053074,-2.34952527266053046,-1.48465358176842277,0.372757013359997724
-0.177099211671612772,1.9090977444668229,-1.87797546640789426,0.258709070987395762,-1.15659095295445091,0.568313344644052143,-1.42671937619781541,-3.50359167490485657,-0.156928213144106571,2.33381698978450203,1.419487261109176,-0.611391589763417342,-1.99583816940879455,0.612708483211921062,2.67109852209269638,-4.50046990753593512,-0.903557203248392504,-2.92175930087409874,1.2195577233945134,-0.848736020435787109
0.479327692755118384,-0.168637788891271623,-0.114106416281881076,-1.71399372514575221,-0.517731398332216264,-0.592819370330845419,-0.657429243252196982,-1.698009509103801,0.257523848652080278,-0.605618691351197169,-0.263602825270327412,-0.127987782838087344,-1.88158640152531254,0.583506469953115059,1.10943923461151872,0.419238799377955607,-2.19670934887655411,-0.984402036726701568,1.97901810539133249,0.24396369231179707
-0.59914615257468018,0.202427359914925914,-0.222105319824938585,3.55233121070196578,0.558373816420418501,2.22118573677981734,0.230733292361890163,-0.852233820213380899,-1.17229219513034089,-2.83168832489560041,-0.367425877264789313,1.68797740755946357,0.918899553930016655,0.230037760414244369,-0.8973496577318818,0.154318126200982703,0.26227999949862979,1.69954002777102553,-0.799688137539470878,-0.408622727756148774
1.9835531263594528,0.950876691457936851,-3.59179487972750833,2.45203883860402128,-1.09653968900625354,0.665840961262501918,2.35739619796301536,-0.684362593276659603,0.978833908886900028,-0.037253200929760609,-0.0528965498936164527,1.66517178115092279,-1.44803816091206605,-0.188581864809883815,-1.31143566048209315,2.26126677756839278,-1.51696211672886028,-4.32455887583226417,0.986992862306495078,-1.66896552111433172
1.09891813844534081,2.47588863569495388,-0.0844699785324843216,0.491393168361747457,1.15404791584434396,0.920764808480010521,0.476195486416259472,-0.781762707745529362,1.06258872063891174,0.121012000375824241,3.92008267815421751,-0.308752692445340537,0.83451403966183324,0.699037837704750031,0.0586481047479193579,1.2173868787189952,-2.88450943593324816,-2.25336661465367971,0.631286579949832616,-2.11340708322911963
-0.11089714812987006,0.601638110917091296,-0.437565173032473442,3.13160609008192514,-0.461847993072416141,1.05150381649204139,0.377510889415830331,-1.40454490737839111,0.391699698358868087,0.786463512288368971,4.28859758896400223,-1.43233304316012267,-0.914889516086616283,-0.129858583074281997,0.0255562641364577639,1.08450471864968767,-0.0736136302252092672,-2.19910934617905118,2.94806492710880619,2.09465604671202987
-0.0477979768906385896,0.653357149990380304,0.63175651458530846,-1.05100947356897456,-1.2554061114183237,-0.515054589742894309,0.730058846854131249,0.826252408398827964,1.34674582679663901,-1.52700421546346132,1.55183884372845826,0.684409031650321742,-0.584837821610129871,-1.03405676076294717,-0.888611367217342907,-0.42496201221321761,-0.0743848243400436065,0.533947594911173495,-0.188585760550717907,0.63422148823484692
0.28865741246921045,-0.250198657784917233,0.439392979757515068,0.188944513429283367,1.9545329059945229,-0.734430708284769862,-0.553927887845974243,-0.0982842733912898253,-1.79508232389621281,-0.182034110742274241,-0.721185265323723734,-1.73631682938593412,0.958035339912244766,0.187066939057247195,1.75508123317651799,2.48102183888790773,0.658754802104197346,0.172961994696776089,4.31839596215088761,-0.827229003396616092
0.927917382927048395,-2.64339439341504434,-1.76757830390438686,-1.63046560483103775,-0.279868302729163132,0.285260455211783948,0.232203975269254737,-1.12350689616932975,0.0654927946450650639,-2.18836620320238762,-0.90953945547290338,0.0988949694782584876,-1.08475464133562527,0.990103174545246545,0.561267747679821349,-1.04912626525668329,-1.49840640366555156,-2.18477008794118088,3.05806338141688716,2.18248066140613162
1.79155008158180173,1.94363565139511474,-1.09268822777548102,1.64156231186918933,-1.59533698056707207,-0.440788302530401133,0.199113722643557534,-0.565946440716627142,-0.702307586821758201,1.41489441897905444,0.954608818073241383,-3.21545603694037263,-2.17510463742240301,0.747528838682712027,-0.671164577525865447,-3.85320424235375381,-2.80425403802358719,-4.07342481874426809,-0.313749453496018793,-1.91390226994397983
2.4104980771911384,1.09418802267556137,0.755629565886955734,0.0341456632085829354,0.686784803269043898,-0.343126514737596255,0.341211615227265563,-1.72667959462474241,1.12578972464355331,0.851826147911429743,2.14773848240426446,-0.724642433763339255,-0.817780009217413117,0.776659221067320438,-3.93975420203492321,0.168337183682643554,0.27269425325654828,-4.93840665581793026,0.877382361686268042,-0.716207993296002154
0.853569739608499467,-0.706754865287488987,-0.0674480088665867505,-2.33734087595334339,1.50204861189942362,-0.12324531140961946,0.991262100420270187,-0.72040912285717229,-0.568548990093541984,0.475141437850176929,-2.01503406566869714,-2.12680801584774537,-0.101393955297657198,-0.368314181656148876,-1.46761329200045543,-0.135634603901955197,-2.5063688896679972,-3.7191165671477644,-1.75738347659496608,-0.349386937402213937
2.14406008177728769,-1.43516268438118155,-1.14106753071809885,1.56606401914324755,-0.570479946843974295,-1.20622883888759658,0.793532803605092596,1.71027140367720043,-0.671090582779317324,-3.5287817718035952,-0.32908136749606004,5.29023422106969754,-0.244251838312294023,3.04667863266948613,-1.3595321230435764,0.801905256711618053,-3.2133940009112778,-5.51153738117609215,0.390701002637172445,-1.49296522885467464
-0.571939182478357844,3.11686845959522563,0.221394629954834582,0.903473584741561919,1.00879785668623878,0.441365537099787597,-1.7690304210806147,-0.574131130055349548,0.637687677369224049,1.83466997389845199,0.260028177454428022,1.85337258574708974,0.591554110896066465,-1.81021710809857383,3.94946382201238233,0.270013603372381561,3.91701269174453914,0.128261358513006407,-1.85250440168878749,1.29822910267962666
-0.652182283185881229,-1.23245610722866084,0.210306512186412498,-2.29250074032827245,-2.17487008086334299,-0.134695580692735545,-0.774604536671735122,1.09519442384741583,-0.834141988164298853,0.924977555866964507,0.494898084147693762,0.975102505034223688,1.32244806073982768,-1.40695370704976752,-1.81257074547624231,2.37741464379520595,1.63855974064367182,0.698994244792852326,-5.71580751864890058,1.15783723926334492
0.873038112758923401,-2.12627450804633211,2.25281184357347009,1.01356427584695541,-0.485023722055762718,-0.275984145775759138,0.948089682008382617,0.781305661862777279,-2.47041472460047151,-4.41124057391314484,1.58344083732575092,0.324077115123763804,1.5722802157601441,0.855221600436034679,0.753382871602964688,-2.59693769935938823,2.94997940719520546,-2.58533835077077256,1.42254652693165329,-0.364779803351666376
-1.21253914318830081,1.94239735410394299,-0.947355781179348821,-0.385346475556752499,0.31364774350595015,1.03888001214518977,-1.23345623844781049,1.76837700222628857,-0.600175138986460688,1.20950033730729789,2.92280715620359466,-1.08295256501825032,0.134560729588386968,-1.73366258532144202,0.677908675771238145,2.0086555597325586,-0.930096245706595437,2.59924525834377684,0.868040084224879105,0.412567237332445269
0.762906321732420012,-2.26184792017752345,-0.801681900733030472,-0.261023605555490146,-0.275399869213858395,1.62804826738284958,2.27252109531676494,-1.51953257201702008,2.01167187932979319,0.556700534962722648,-1.92807230694915832,0.938957824456876256,0.382455998986195644,-0.621372703791914227,-0.761184518026540746,-3.78780729724960841,-0.324786530053137401,-4.45003030098185537,0.126281345584733473,-2.62328593534483012
-1.94131230326164683,-0.607441472164504614,-1.50632753523478025,-0.765272528284414499,-0.859801973909056549,0.808922161552867669,-0.507058596591230426,-2.30944845853895986,0.252294454166708537,-0.688557916962000638,0.0560886511165795479,-2.46154423894224994,0.930222757248392873,-1.90033232450794065,2.76245697969413762,1.82346252998845326,-3.97788655489623855,0.893642748304375178,2.4965052181578371,1.9571823257586094
0.142877474361729373,-2.67407381126103161,-2.39129416312386667,0.793172121300132926,-0.781310585196670293,2.85587318331801887,0.0599476195161643272,-4.23936883897972017,0.995198353818591674,-2.32507620749023891,-2.42202787352125082,1.20409157050127735,-1.44243341157630134,-0.417764121873475502,0.684490326792369097,1.42691693761984628,-1.66406894158246388,1.63089039048838891,0.210475853492527093,-0.126424578962220535
-1.4765876267264233,-6.18090213165849089,0.290833293237443835,-0.8216889809282234,-0.752040961746133774,-0.144823296673158491,-1.7332268322135409,0.127259801002188755,-0.857982778291531023,-4.0262133414143042,-0.536006895756727775,-2.01658149844572554,-0.789200895409586933,-0.462204059051364857,0.468107243841947795,2.82197262547252992,-2.13601696796281404,3.36571319400087354,0.710471824463592361,1.00460972797022041
1.45711399659288743,2.96193338306916765,3.03749217531063831,0.445220739070097737,0.716978585227819321,0.493816611014976092,-0.0148138992991234432,2.86662878883515404,0.470286929252719976,1.46310520072598016,-2.12963204379381876,0.474335676271530393,-0.184864739555976904,1.82358865089120115,0.373912235102677903,-1.10071908357091264,1.76053487096294203,-2.15952480008535019,2.01584348931176294,-2.05445204473031362
-0.52040398912658925,-0.511918900135341026,-1.06423853404724622,1.45685705580813263,-4.64519183428308224,0.544158546837093415,-0.324198172224799686,0.978970519901074754,-0.145598827739338271,-1.62274021530272172,-1.47053077799997256,1.99969111620669704,-1.11701819119718171,1.96732183218287426,3.01682368062418815,-2.44926959233936481,1.68533498941339221,0.765731897451699783,5.35388206800478006,-0.18192812179411047
-1.02044820837156891,-1.9319419042772199,-1.7430966463182147,-0.106710839131175919,4.53676436311310916,-1.38035943194084676,-0.783064038592838574,0.436946646560739449,0.671977094328569557,-2.80296097060613381,1.03033468977901688,0.2744843682511377,-1.20749556779802591,0.111696991607813295,0.894117584275829991,-2.20067073445440053,3.22463907785966963,1.17074410332658774,-1.42517120523041418,-1.34197719459459042
0.640688618952396705,0.552429076860971424,-0.176142445223569311,-2.14638388535314295,4.28032733699321444,-0.466360078569740988,0.577782707464812084,0.933070607464240309,-0.52145316472883696,1.52134066200834206,-0.110005878542752011,-1.22275004696292844,1.72730987902992061,-1.04727587729383709,-0.330556216767669553,-0.620794631944952213,-0.63239902357161093,0.4150353438636189,-0.231501503244728013,-0.866006858212154618
1.22227849323624227,-0.853397751742501987,-0.920031623739847482,2.75978725657327573,1.09943355563522371,-0.602489634529227325,0.329660108822695641,-1.07589898696535546,0.387275336046495167,-1.17213631323190581,-0.72298053667307105,1.30295734014873421,0.852092703424276232,0.827280466783957058,1.11001814484150962,-0.652822665809701164,-0.939622145937329067,-1.88487321258810647,-1.5744410976739287,0.724591912934892557
-1.24000373073160719,0.335273789588853788,0.704936572836175057,-0.508129692113068465,0.0140505103317645971,-0.874217223881639804,-1.58482649864372593,-0.0872614165658141816,0.711913975946004252,-0.962321090590631201,-0.623481659985152592,-1.01186331159207987,0.395992016200083508,-0.222998331384028914,0.433922773284005137,0.620838423964234498,3.98279480960311227,2.87287809582592679,1.51267088323330356,-0.0271698722158369016
0.276357526501854245,2.2425937271533396,-0.533236240834840891,2.24761933871894559,-1.76663741590674106,0.436185104935722656,-0.14890324197836971,0.813454619801669776,-2.40284800777705554,2.54003187876241254,-1.76069660937078942,-2.35135866233239144,0.169237649647382915,-0.71245844756427501,-0.965328851638904362,3.24123159500584501,-1.73646775158176259,0.795114441987915144,-3.2374210136177437,1.59491756754684499
0.111218774155815076,-1.98784495563497687,-1.29182141092152025,-0.233147796920133349,-1.77830022379314467,-0.443852230049278651,0.320643153039917195,-0.522692842072244757,-1.15926801934072143,-0.907792087153887373,-1.25516871369180993,-0.0845136930447843854,1.63385669457355331,0.969794406033576695,-1.5018013661381866,-1.67245608641435273,0.617280988851772183,-0.203927331086724506,-3.52474105340470967,1.78018863214349676
-0.172738078686714147,0.752866139578062032,-0.95619602635664469,-0.548464235636389796,-2.81325524436652108,0.0527278012913202226,0.373943010124920483,-0.863184413735001876,1.05324910462306831,-0.61205196157975561,0.453575690672900433,-0.161267154563176945,1.15593502312203023,-0.261711184057763724,1.42602939983445354,0.258232180025837144,-1.68666116677940869,0.0187468556863160905,0.354556385266645568,0.061022491485543652
2.04644372952266629,-2.29095377217348117,-0.535935327362241032,-1.22112567662438321,-0.343044590124124249,-0.0731566117041343722,1.13212517958073278,0.0659610036550490192,-0.0175935975504919843,-0.388001011707478916,3.09981853790443918,-0.160677009540799776,0.505917625293539008,0.848881223629319503,-1.92069606896618361,-0.614911213542489121,-3.60236266288606188,-4.3906061702853858,1.08854422621893399,-0.965757562840692585
-2.34520833699862763,0.575671768931537486,1.1008776872042787,3.17045803307997609,-0.059704365614773075,0.444279351499045461,-1.43792421308690588,-0.0489899443980965771,-1.70848585667411434,-0.779750336002577704,1.75000411365174835,-1.96659599454049938,-0.877953328284711065,-1.66759664207181291,2.48157076920681963,1.43875282986258601,1.50785073464327279,2.73976038469307293,1.58642597941362373,3.52721350180003546
1.96891454615607953,-0.69109498334078856,-0.780153867384967281,0.931275059859868026,2.19987101470059532,-0.213160833662825622,0.986516906491439749,-0.0353876598850363586,1.1428939337011641,-0.973569354262079356,0.851145387782171636,0.146618863831482343,-1.15242333147979337,1.58659461294812654,-1.13462221254348106,0.642579378260809797,0.368427153043029754,-1.56272709698543388,1.0770557033835142,-0.947904696194347141
-1.14329165748742723,0.632876822148808804,0.0128007662306142307,-0.532230302422777135,4.21723627468548479,-0.32389632344004643,-1.55041906548440678,-0.324287511416541052,-0.0394364214716049419,-0.503088453597427931,-1.3024768034049794,-1.24922308370741875,-1.09146555573082948,-2.55824440806235387,1.28391527914678805,-2.44725685781143598,-2.57506814003866547,0.71876778037416289,0.200194345036284138,3.09187598584534751
-1.59427771646697214,2.50800364254992614,0.427367624976933147,-1.28822853177924967,3.93456518416213141,1.4357606590135179,0.00266303543335462238,1.07596932566756154,1.21568595362067011,1.97814202902527692,2.02875928562752916,1.89555004014392448,0.960869330932760612,-0.878776020420069304,2.15774113154473524,-1.57897808240199367,0.604834680843466588,-1.04450891572667626,-1.99622002630986284,0.741326662410201176
0.736839643972323377,2.74546463050684331,-0.858500787869092896,0.964435086842529654,1.18541524950595711,-2.48479508113663794,-0.323807206732965813,-1.88875254878694521,1.03756444823700367,4.61519390424185705,-2.11939031411525569,-0.988021326476922979,-0.0588183523879011808,0.203478249955896862,-2.09170344488284377,-0.767415735840338287,-1.20494137328260464,-0.237343695060021564,1.61406006644210054,1.4649537983594545
-0.557085796742261885,1.79097618273906689,0.191936335898889143,0.216448906026602828,2.82028578299662058,-1.81017785508199336,0.124963767348062707,-0.912128604871328852,-1.16993832323998959,1.77122754726156373,1.76246485462605129,1.78542054623058788,-0.724892482574481134,0.703374036274037939,0.68229151708330682,0.605529660349118926,-1.40603701388976088,-2.28405970801181057,0.701403150311264101,-0.885230881749768495
1.43111833138060662,-1.49244969005276018,0.609162590829107176,-0.498122805092468757,-3.69777635610791222,3.49421108108230838,-0.717522856371064943,1.87447599710334178,0.701822190377625499,-2.28417052015142419,-0.689594922932417864,-0.132566641816676489,0.510678466188667524,0.660116205021503699,-2.10428201772833656,-1.75229332149661521,0.934960596156243162,-3.4770746270007451,-4.00096769230547089,-0.149464381520152317
-1.23145918564733603,0.382341985853041133,-0.131173884115507122,1.91700890340853736,1.22993366919681235,0.704016166390050824,-0.652801680977207921,-0.424442922905397924,0.905756478594504366,1.80333157602533056,1.49501303364507176,-2.63729074043539802,0.295936540306136198,0.197868301391264489,0.20770323840163743,0.0377216209998502625,-3.1768259436606634,1.48530162491923101,3.64148210113292414,1.6607627284276647
0.353660920436930148,1.17031426153894724,-1.81747154064883976,-0.916988051505396973,-1.43770853862841697,-0.971741464282763867,3.40375038410806718,-0.787772278892506339,-0.475724195568514363,0.582774214261324031,3.05642737667061182,0.136497212815953978,0.66260877584999367,-0.352146799574639235,-1.7892879172672147,-1.54979267602883208,-3.11236092988533875,-0.835290900374112466,-8.43500842496592185,0.397794474007268528
-0.357803726963469793,1.74282441934038479,0.554526354406099986,0.526019685525520919,-4.02853644712777825,-1.08110593814997902,-2.17012472405444745,-2.07806676433604753,-0.658244504663472396,0.481139694444848443,3.21361249183102649,-0.228839195169542403,1.45722926891287186,0.73394666268010722,-0.512076911366384113,1.78493652298843575,-2.42322287341512865,2.6544084532490384,-3.71471737860016349,-1.25953286404543752
-0.404643758351402316,-6.27230906521432541,-1.11073093816632107,-1.70925562785618212,2.37861917072940887,0.355431587984428032,-1.9641819700131542,-0.608634786041690079,2.17903479588828564,-3.86339831513107246,-1.7940796412594191,-0.881882431985377524,0.934459019342549491,-0.73219315263250051,0.145041962662243618,3.54877970492124373,0.401569506750101057,2.93392810897962919,1.58575696706403901,-0.138387926021013657
1.58761978607147514,0.0817259229209355287,1.21404544917018109,1.49584865288955249,-5.08816237778701197,-1.58181012949645505,1.45035612264698566,2.25427299072365095,0.0525939356308846237,3.22693378409881815,0.25787741315647239,2.02922700141035062,0.335654513961915535,2.03461917514266855,-2.6160585733862578,2.69105426652234136,1.8663996600509829,1.29050661385604082,-2.72743270451239495,0.5265635280940969
-0.312344126345654338,-3.68712037686674021,-0.105589492378606403,0.551434331939847588,-4.00471469010178449,1.14174811736167925,0.394464503203466987,-0.506323393495645924,0.975956642888331172,-2.36700900824586169,1.31099713924893702,-2.9362213954584786,1.37864486369331463,0.431808298834156667,0.682375614901843508,1.45270136167188912,-0.424142661489647632,-2.65926401680379687,-0.22244003567593415,0.360781746830912242
0.605641312353846883,-0.42326489162305786,0.173062099640947764,1.3179937132060453,2.12036756460729903,-0.251998482929718881,-0.509325275502845232,-0.489061950323727568,-0.687990217622492795,1.04641001896293528,-0.719705836248839992,1.07277771390486376,1.80128174867217083,1.35363204023676942,-1.79765694941438126,1.62434302616615533,0.594468500255806886,1.27962318367501848,-0.641988531097730242,-0.693338676126134312
0.0263206136189031402,0.30680232242567651,-2.03657618694767129,0.23020696262730056,2.28246645044411478,-2.38358286420428556,-2.20931297616276989,-2.45746504894916251,-0.930363618650117519,3.20145201598248619,2.06425523478271833,1.50939900672044969,-0.307296198162919809,-0.847086494477571339,-0.963942315319892495,3.22267864996091458,-0.815379445486913323,0.398216895895205036,0.871817584581672245,0.353958858888927974
-1.54977466117223828,2.71231980951778606,-0.576121606098000782,-0.837948480772994775,0.123138047049814653,-0.49746177173388495,-1.83880516969399266,-1.36786056556853408,-0.827933560622387987,1.19038143820213071,1.4704769323068001,-0.41314504788888845,0.851836712631707682,-0.823303462489031301,0.783985499102800798,2.05302893146054588,5.29332589479133997,4.50617121895802519,0.689951895772905277,-0.143521275349266397
0.995117673066971409,-1.84400631493632305,1.8910732671963002,-0.482807476702986016,0.673788481598883826,0.57385315709159912,0.512645681097940287,-0.521081666329651361,-1.13229855067630125,1.17045294002694789,-0.633785527027077356,-2.4476228442553567,-2.08502021345744781,-0.597775429481313569,-1.13343852117081201,2.06319087968930415,0.825685217678167604,0.638682987626759013,-0.688064382909828631,-1.2925591422202487
1.62681773619124503,0.128213175685976427,0.708604349960895497,1.00218439151929695,1.89234383752679203,-0.261071668055558481,1.3473752542701567,-0.285820086788477645,1.34900157899645912,1.73814799920145324,0.437211729940826743,-1.41919221228666137,-1.10346963084414029,-0.402603376838498117,3.29277582295589077,0.417764985953999246,2.98065582159029585,-2.86385243293657865,3.01098794926710633,-0.638794269661287717
0.976910067727950082,4.66995449131977747,-2.02778872599628324,-0.144690866459374762,3.36937825456283324,0.190352904889103142,1.30235067853233022,-2.61607319420439488,-0.762871638375111516,3.99359086849848932,1.13478605242526043,-2.35398566770745887,-0.963475384457061379,1.21650362097413089,0.78499384342967149,-0.765060254846553045,-2.65384988849988668,-1.88864680548964636,-2.2607906875690742,-3.35124180611042455
-0.375613428930577753,-0.469918127767713245,1.46179193134618135,-0.540895532138079504,1.45325820267615979,0.0775861171051889648,0.193316131859713247,1.33638347133528268,-1.53025270512874401,0.426525598554582275,2.47024709523792696,-1.44151389510025396,-1.1792955572472652,-1.16248726124884483,1.84695590187654801,-3.17431286129562995,2.67487715269550241,1.35418950244227498,3.15065039736007657,1.34387273430896115
-0.0499562620226083401,-0.343130562931245331,-1.00609167513579445,-1.10867373430386662,-2.18887721423993131,1.03753667318409826,-1.37490584756427525,-0.613911252584423361,0.567365686308406003,1.72896072507600729,-2.56038242681046446,-0.101115145098013601,-0.823159220179124795,2.34227301217114192,0.819644648060045444,0.507640864269725323,-1.61133414592929713,6.40267961996539547,-0.0437311075700919372,0.133220305723922655
2.36957638432991047,1.19027066444278873,0.164443362279399458,0.7193980239027572,-1.09810849169335034,-0.507482315193004907,0.429317010802527765,-0.291522682442711512,1.71689571618805981,-2.07138876730878563,1.74081489452164595,-1.5462314111682196,0.285444239977894643,2.31314181054900248,-1.4770857599463969,-1.60589910742833242,0.935083648682023982,-0.786129028867188828,-1.92164577839878103,-3.61839438051754847
0.587986125355402622,0.754967855875441352,0.208877839287583772,0.980608229780170038,-2.15265893786118667,-2.92077397034659958,0.370228139896733033,-0.814409700274683956,0.0781050760763774277,1.04328265113634333,-0.86740183768812551,-0.270718562029755805,0.496924729551796951,0.124220317835137969,-3.30519541028350883,1.4594099080246179,2.67823094903218895,-0.423006031802883153,-0.992215067671474049,-0.60051296459321768
1.59330298362105016,1.1002057158315417,-0.537233647511326295,-1.34555261241923496,-2.84716352311045551,-1.93236590233083017,0.183668688042291389,-1.08390528049782642,-0.770478352967561952,2.07097665372718875,-2.53687160140177737,1.32755260705124578,0.44279992459394768,-0.0561987241530858758,-0.996760606021320883,0.919385771857004319,1.33337052171725645,0.281281043192455449,-0.542956181349732669,-3.28317309368902643
-1.28596858613811693,1.39666562414258189,-0.451512596115556331,0.774878215071386545,-0.25708156115096259,-0.456754640063169959,-0.486699444252540081,-0.053943207523235448,0.408304506199743844,2.7049418299606196,-3.17135585383109353,0.718269192732177486,-0.316795053849705133,-1.65779869292002191,2.65239604792677186,-0.888679040443191126,0.471468688092876287,-0.062062495595076074,0.831491722655601118,1.39407084225807187
1.06033133258315604,-2.0439234115549918,0.0736301726406309309,2.34747455120620963,-1.47747345799583618,3.4979359297288255,0.610905553298870863,0.536713953512717112,0.299236096889511194,-3.19889386161946154,1.02452248179481797,-1.72690319882801036,-1.52437545769415839,0.562655132808920655,-1.39608252319400128,0.148576354431849827,-2.95918113312663511,0.240242016864205682,-0.719353792091720456,-1.40127701525051518
-0.00450356744149355958,0.300350199210873636,-0.189828110292854263,-0.346881252919097993,3.82506254240375876,0.715466602840038601,-1.46193531948657718,-1.2638219376165778,-0.428710878959572828,1.24710868535401742,-0.499256675698018848,-0.944635033215339148,-0.20180119223385673,-0.229629899100021767,1.02608789593141303,-1.73421007406013716,1.60944792526488145,0.804518904227286002,-0.0591760506059259977,-1.3092619928194027
-1.10978032797823323,-1.96243685579506444,-0.985626283846993467,-0.60579361202029558,3.04613765343167087,2.18587322263421413,-1.11381049053634218,0.508373535001577115,-1.8400398082437055,1.64593137530354006,-1.96001864525998126,1.23033485747223925,0.799184969347287666,0.557070495938177368,-0.742044380912715851,2.99355173481839332,2.270248969729181,0.188426641686254531,-1.112718118449326,0.549934863668854135
1.52887526372629501,1.65331910707964069,-0.119761192698228422,0.561407959133957246,0.289364408609153911,-2.54350802500796158,1.59859029124518015,-0.111654383420896466,-1.22679277922318031,1.15568207649479304,-0.567839792379474351,0.808972565273656796,0.20187708292239584,-1.45524333110172877,-0.666967203029961597,3.24740490098917167,2.99676985644839577,0.0559869441581717017,-1.0938360444827111,-2.34465874950673658
1.16573721558064336,0.876708676655072128,0.300970535875487055,0.492478334617402258,-1.37043832784175912,1.65077695403712466,1.16323073131121579,-0.592125765865009979,-1.1549724226366358,0.215758818501749106,1.87897912636364861,-0.116073857991061069,0.184713287084899452,0.594832374555741006,-0.616280593124028386,3.07015213531492748,-0.0067389493594912607,0.177623499473061219,1.50154352167082039,-1.16508166318706263
1.16968399620495589,4.01138498265337606,-0.022931667127730225,0.602484417136611605,-0.0996553350303484436,0.667768310584321401,0.455799222597519649,0.377565139176277487,1.49177296215829602,3.02672503671276871,-2.30603427299201824,-4.19276866317689745,-0.948891742572394947,-0.330337241210757693,-1.67363117223563762,0.0940986500639124923,2.83043597694927351,-1.20619872898378011,-4.36909380102848122,0.736138068030015691
0.228857865588430576,-1.17171995941050655,-0.853062466863339308,-2.06002578722184904,0.123954839329065203,1.40489585465990729,-0.597498604517053833,1.11551467138189708,-2.23878645133505083,2.42048637580032011,-0.895590951539533608,0.829864690669222527,-1.93097178018234472,-1.09074749182031505,-1.64468331197889484,-0.720037923279350789,-1.32108525797984933,2.40912168724759557,-2.92560851511053643,3.8471264975959647
-0.269899051523485034,2.37988824917742692,0.195434306033553939,-0.851405734779981715,0.816071532805411337,0.614767199646135021,-0.0332121803621819173,0.0126986417181360126,1.37843354413599162,-0.835062416573014721,1.04935262344823643,1.36462555805675634,-0.39696295938428966,-0.922391762053596631,-1.77414204182492052,-2.30711482085254671,-1.9358026202271259,-0.195286896630711942,-1.36924468769944796,-1.51759714471829077
-1.13224634416203096,0.642015741500333248,1.65389062584651136,2.14918004243350946,1.64403707152174294,0.302251002495652177,1.04812990764748371,2.51473337856114609,-0.355126736625455963,1.93484985744295268,1.84883891330160655,4.37787765066836698,0.56211975947985926,-1.02927184752928547,0.958080691617607894,-1.18980796762006458,-1.32877352195218013,3.41456747998285737,-1.36338865142130072,2.37230955496755236
-0.108583401217455897,-1.00827111734581765,-1.16318662219921687,0.468372902642698874,2.68703836539953178,-0.718125598047923419,0.918353944763281693,-1.37566128494124262,0.432669690549356389,-1.50937485457912834,-1.86774105472771179,5.79395519853062257,0.476502322043074689,-0.421026685281024438,0.466442613498357694,0.36477668567345134,-5.30801432584065491,1.19842139299342465,2.64349786895988448,1.73541551143430461
1.6705118137921493,-0.728734987290495462,-0.205835994493339558,2.51038662283074965,1.70553894546089224,0.908902771905603535,0.959033782336854213,-2.07941851125651667,-0.304704911270018974,-1.78527405432965525,3.81158207797275272,0.690731054917549381,1.26925591977220398,0.888235952566298614,-2.52577636877624245,2.80817521567724304,-2.89941080616048641,-4.85930064316918742,-3.39672009011291154,-0.0929703476944297169
0.827091315671290794,-0.127974297900885436,0.6994150465860689,-1.70375524776621545,0.973586262768813215,-0.748245885811400724,-1.07630227480545515,-1.53551842245157455,-0.554560735446091968,0.913565030544924328,-0.469642571208842119,1.18921036245620493,0.0370498865301860103,0.612862424008284612,-3.65795906277892158,-1.14568886277400295,2.66803254311062865,0.013366372815064512,-0.300267833077715207,-2.26147540243054435
-0.679448675644714228,1.84046252700045621,-0.309352555958263553,-0.786081306351966824,-3.09785536359781233,-1.53854087724987165,-2.35402595499367573,1.46767281103358815,-0.859150949474527748,1.20179571365220661,0.00887809455525195509,-3.24445661383473194,0.502613615038323691,0.291336926927255768,0.70001899560939751,0.99623912743867471,-1.11804003535677943,2.96597842354775665,-3.1497024626014829,1.01358858978173361
-0.260753916678950315,-2.90756184225613001,-0.877317403040457355,-0.666135945671158192,1.39185918156882549,-0.871638440935505132,-2.43409790678873428,-3.11685727263971168,-2.17554019557646861,-1.53818358052824022,-1.27084887939972346,1.13889825276261702,1.01198674856318949,-0.213642560284722144,-2.66620560295722253,1.73659415637252068,-4.4256694980582072,5.25820580024957351,-3.75635615919855859,-0.356107924542944543
2.3429949102457206,2.23962161401678372,0.764534706899682504,1.85447528760833591,-1.1042828296691094,0.536204071874287758,1.25324480611993772,0.196671916221779014,0.746413873506173609,4.5606686484350476,-0.713607629620634953,1.59670158625229508,0.122649189748775075,0.513844926940015934,0.282578954922750869,-1.89482648898916284,-1.90928883609263855,-6.36078619537488521,-3.66277535659181597,-1.69110713540611068
0.88542484377723818,1.26116539754220947,0.981462400807104673,-0.269917029442064471,-0.430385754946943755,-0.614828956457942777,-0.0203982839432532911,-0.968916423576298369,-1.49408678248194815,-1.05321143194383526,-0.530014497963228193,-2.24241033020976444,1.0454566353910546,0.421432098457409754,-0.66269282588652989,1.31742676091850797,2.93306131169367879,3.06159150764351784,-2.54727261456900056,-0.475530409100959783
-0.336768035534210919,-2.92394175865922046,1.21131358575250347,-0.723927665440852852,-3.12376364206650203,-0.817056715500112607,-0.819134895944668151,0.568961184371443718,-0.20075640344616974,-1.69264631812212007,1.47148344831542199,1.4499610520776951,0.323258835021446811,1.1071512507331569,-1.62520839714689269,-1.4058194421626713,0.262039106502766017,3.88185652920507307,1.24087701076260659,0.0144797270582363961
-0.591622637249792249,0.274622485581925035,1.17632916783597063,-0.726674957660988219,4.17258211071095442,1.03516126725551394,1.25565211596329718,1.43383404368278211,1.04370777412905724,-0.278761636227876974,-0.851412309741722106,2.75339722907876716,0.620030312417022333,-1.3596708401073101,-0.515845515914483577,0.10156690811132725,-2.85283520591833994,0.939715411507165088,-4.20840159689870053,0.862167867021761181
-2.20689887053238198,1.16381553606277666,1.24482911939742702,5.1488532145517647,1.04765087832600989,0.689075343852943556,-2.85822880663437262,0.71929934768142767,-0.644990661088525319,-0.30993092055017657,0.902422500061467514,1.31252569758542537,1.51803009690623392,-3.63522849741619991,3.29246445690308676,1.81227985144462322,4.58835218468310924,0.862765800993569365,2.83218648342025414,5.2321416164811394
-1.93965734112555932,0.133142306086133366,2.1938826466925514,-1.97343398042006535,-0.0175855904275980419,1.78369612885568962,-1.78722121618493568,3.55989806997254687,1.19823002530502221,0.0709127430031978728,-3.08757071630699542,-1.93902622202900821,0.332634308626146513,1.02193980958576947,3.72394242433127154,3.52158359373825247,2.95461469515394803,0.926536546664267102,0.957148448415557795,0.621236633731214183
0.537081484349631322,-1.05356492014600311,2.54433421569063967,1.28766601015969528,1.36858832222795046,-0.253672948867648129,-1.14503987969704335,0.987893209296523911,0.621068707975475864,-0.971346543008011598,-0.0228919356559805463,-2.33334013257770145,-1.3441271689214751,0.192700493805397777,-1.1206432040215808,-1.81909685286233325,3.70729670327809435,1.98437300652173287,-2.12835647760294666,-0.648781476721670747
-1.31318030035104027,-0.61049229135544536,1.29692920768407882,0.0624383359082591599,0.266586368832278042,-0.253289347426096489,-2.39508359598260379,-1.31175361025249515,-0.649064122957658585,0.221590870608470131,-1.08245345766782908,-1.69037571243736306,2.64569110192813506,-0.430958974842096554,-1.62644613309723951,1.69112492207033349,-0.429921340195811463,3.06784011259327727,-0.222821704740005594,-1.99741046808333644
-1.14368455715551631,-1.78873567789355548,0.792317344578794325,-0.917654960615503335,-2.88106783393847232,0.335543128808753977,-1.21902200397192972,0.726088183833159095,-0.881891014442729659,-1.96916493745099852,1.17577396426843173,1.2838110308002153,-2.40286507162765295,-1.86973357613952307,1.85940561254072856,-4.07023781536585982,-0.447533434285479925,0.627327125705725797,1.63455096510608322,-1.48776095536014497
-0.701626003651511287,1.5122138290541689,0.78601488809863751,-1.23043308117094963,0.442435077587863879,-2.58400231436339478,0.46429239094248409,1.06951463888032428,1.22534061486309187,1.29108342112340702,-0.0716094446665038187,3.76973742582783355,-0.42118361041477459,-0.615472540941908841,1.98258834232740866,-1.04633402870364467,0.316174413977392599,1.36800759991081966,0.663077500013265153,0.588427373754027982
1.17147325878602704,1.44996652126481651,-2.151550208490006,0.273077868548283198,-0.660047555671210096,2.2185404702017939,0.580409321529173572,-2.34352592779489077,1.50715233643646718,0.755710158858877379,0.444279648708753638,4.06983189135225309,1.47084829668822969,0.237681260296280755,-0.430146052730571549,6.3887966704124155,-0.389032800555924263,-3.20642352588244517,0.40759318633426711,-0.974023589699784087
0.229163400616786805,3.31313446764558739,3.76548306625415874,-0.637573598343505243,0.256982398898201791,-1.04797825706972669,0.671703538974692926,3.01624734550176665,-0.201951444039516509,3.88523884672766551,0.331143035676162545,-3.3628384465817649,-0.732173243247332683,0.114020086346281149,0.498322572589900259,-3.49581157312656154,5.55620974127801137,-3.73216377329621762,0.77574609998993671,-0.166082132745048461
2.10371002562963616,-4.41953051635891914,0.992110463104893925,-1.94414901593101064,0.241319276751734202,2.08002967204255196,0.779854824387783752,1.95403435304056039,-0.14211040807310199,-3.27052059889609303,-3.39935626756921527,-1.74541199547354142,-0.962716356410175944,2.48360198791099451,-1.84076193030485635,-4.21674751625244149,-0.237071518548931381,-3.99621455543430315,-1.85774336669411877,-0.622278286138723602
-0.633848950816577994,-1.74194553708954292,1.52497516104363462,-2.60693960778155454,-0.607946944979020132,0.742056080024254716,-0.271739717408237769,0.90503133251704837,-0.957495287654214655,-0.0112597210694026194,2.50738539644348002,2.80647719564865472,-0.170835854034935897,-0.647786826922203351,0.951948067664746711,-0.932184866883378094,0.309162774051829514,0.477805336175499473,3.60660216953118828,1.00392823745494209
0.297508214533933835,-1.36435013967592123,1.06411488920207553,-0.502849380286704895,-1.16130681010493109,0.930081727513886514,-0.331931206476622109,0.586831889367842585,-0.622499917677639569,1.14303004203621028,-0.409779453852328057,-1.51918914009263473,-0.0748189837210326142,0.226723360735522655,-1.8194324729609499,-1.61028927703866764,0.180075159182628286,-3.76467539944136398,-0.654474369789838528,1.67934948552100316
0.89074780665222919,1.69677536143752494,-1.29314753468043175,-0.769116968159608283,0.0684163688833871603,0.667256861952753466,2.69858587980347453,1.5830095326602549,-0.166561819369231284,1.50576693883388746,-0.659032800081661874,-2.16199541489378433,-0.672388695017570814,1.20071555280618125,-0.155553042915407919,2.37501145204834341,-0.0747287702357998102,-0.887755172614966059,0.481879842015563664,-3.25049778541108569
-0.946484658926716182,-0.587636454157980603,-0.450751272762407507,0.755809331911044713,-1.38603941458656266,-2.04414654054652889,-0.45808245232143896,-0.743269380656206291,0.73961940301085527,0.89504487775721453,1.08956742161143083,0.844706127521304029,1.08695742437276044,1.4507668470839048,-2.43977481561576548,-0.973983102039023052,3.17637683879157828,0.3087431650461962,0.0175560207766426515,-0.522738734683984796
-0.710434496184780717,1.90821057192032684,1.79028440672676625,-2.20969653811485323,-1.76066926164081616,-2.39601314605866467,0.72521220798615138,0.582866915802294328,1.19797163263998607,3.31125780602968334,-2.13941206584616062,-0.641714325285430265,-0.294053041804214432,-0.323534421492850499,-1.47128387763939905,0.142378455842108453,1.53848418481778793,4.00537210068723315,-0.297402008010287267,-0.199687051069289717
0.667635383463789922,0.680601222761741509,0.649329333751332061,-0.862117801676100526,-1.32796374535669504,-0.466638714624494799,1.83023649569634927,4.09783528687373266,0.796649324718114449,2.04367840205317997,0.512048987534538202,3.20494865845171883,-2.11757660787830426,1.10670909421873653,2.00494175224190707,-0.628861119537265312,-2.31608144925606085,-0.291587158595660922,2.58826573313779162,-0.830616095734695747
-1.10974303043708478,1.22065837659155152,-0.433546471034295944,-2.85720859594049292,0.489517857600129724,0.901129809489563116,-0.374887104075337152,-0.555446334960587484,2.12861470208358394,-1.79988843455494707,1.27002460842390152,1.40921057493303548,-0.41193062623071075,-1.25949274190747706,-0.0259207914432592404,0.0594000915898362375,-0.586153406663044718,-1.49567322402342118,-3.84859889871302219,1.15582639583307722
0.280138369837027834,-0.975981973122907021,1.83153866742804516,-2.20420461832682646,-2.65864014589691067,1.60577461577577063,-1.65696777818496122,-0.792811935275764212,-0.878994285014642163,1.67047307035464332,2.3325525514690888,2.17773707026017638,1.49959365074791662,-1.4713564888314572,1.31280173135902367,3.57289835644582299,0.295377752467073651,-3.47584813322825648,0.630794391493092688,0.652822872113854591
0.905152711888391748,0.308751351636201488,-0.187021616809465746,0.0874357666070909867,0.636950268685122722,-0.0645940008046737152,0.11866949950732042,1.16427105708003253,0.96606423046723644,-1.54030489649381197,-1.32688257552441891,-2.74872597805111951,0.549928506516668247,-0.623756057680259768,1.09943901234328245,1.10213926091624526,0.405018102240119637,3.53406791281051769,3.76013053617336945,0.976299845389696386
0.967940609958714226,-0.482400956656365509,-0.588231294813991834,1.12525128453684209,1.46395876461197583,-0.7639823055473558,-0.111484936387817493,-0.0678386144997406154,-0.932271315527654965,-0.64100399835706845,-2.70505164683730959,0.338961172560011237,-0.45116069214908594,0.899209864012151527,0.00794273575826525378,1.8007364792906555,0.4713614823876634,-2.39810486904728837,-1.41621786068232214,1.14950668318976912
0.630993336804406058,2.09416612143025693,1.49435183261752891,-0.443338042111938835,0.434163554784904093,0.924209472639226592,1.06655780287310353,3.29497744262505421,-0.236432317042264167,1.260004282851239,-3.32018301081301681,0.521153271898625037,0.927510481646949936,0.358209127871604027,-0.179363393428892598,4.26496334430413082,2.72742834557429514,-5.50817499842484359,1.3435746107235198,0.904077214932452855
-0.209406838867626177,-0.640181807940371606,1.41726116262253554,1.10825452429988913,1.68512458489297079,-0.164427604553917583,-0.62017245035884927,2.3856348887097214,-0.58804370360760827,-0.906420486331248498,-1.23594126860539744,-0.00313034204269233398,0.720405025787912101,-0.665831649861005515,-1.50808695791415226,0.0369407476144131691,0.587385324426007216,1.07013955909586689,-1.34364765683862752,-1.57539470146587357
-1.63325395178211719,-2.41066932122507804,4.64167549113196642,-1.74817925486108838,4.92734770629331909,0.984903528427068631,-1.06552424428044423,3.45095666000442103,-3.20168255800457446,-1.87340848716823083,1.23977638613736074,0.856984601811996871,0.428384579566396306,-0.627201548290681643,0.191170392744094086,-0.145964442344102996,7.35917871628780862,1.63263964943106465,-1.30151287811166894,0.714327728759504677
-0.315783463567826439,-0.839337478304156948,0.108413965898333367,-1.63512391890215203,-3.08864756426988496,-1.38613724410792338,0.997889296452103225,0.634050467320672273,0.939554014827832074,-0.0099862336100677504,-2.27950765956368295,-0.924203960999857799,-0.686957640847238316,-0.459691256811286142,-1.43762222676343421,-2.57164647515234845,0.97494607549347001,2.20549000031244047,-4.26556140170619891,3.06303885106219465
0.941909132161557361,-1.72744544375805087,0.2783689367307422,0.351357572895208803,-2.60791465788805787,0.624158043341921154,-0.653192515275451302,3.08870281508646283,-1.12734630981480732,2.00148937725079756,1.64541489734891133,1.02194044498021741,1.26263752262883555,-0.84210490713370334,0.574545385027316002,0.75099766836483195,2.28550699277124236,-2.1555916102639272,-0.568978039588059703,-0.679593124399707205
0.430183194454235307,-0.0349064681180246625,-2.44944950945538098,-3.28685317290107681,2.26842343987138406,-0.687158187044436097,-1.60773462844398418,-2.28589354824012014,-0.739967905338353438,1.74674002902892256,-3.39284436736500439,-3.64517139439106197,1.29155147125054803,0.531085293683182913,-1.31809094235596813,-1.07373297254442801,-1.83574230068822786,0.352298467075012001,-3.31399126852174497,-1.0002034886340736
-0.515535644927578085,5.18329442394227602,0.335759379206134578,-0.128903661197980274,0.777527672993206687,0.749982803863466385,0.890426892479522003,1.29375494972832383,0.371832273342101505,2.04699279277056689,-2.98223319806391451,-1.24787767152461448,-1.47791843426165559,-0.275662898078475826,1.46529315242064029,2.40609362853216924,0.956662908628197806,0.089840298631002527,-0.0312498999465469565,0.824976700184750222
-0.948103679730743387,1.95881226580648904,-0.818230990921156254,1.07892815789897756,0.389762552557775532,-0.936008122208970783,0.791714859662890236,0.229425067788413928,0.909053350419798956,1.42260984536604318,-1.42779527044741128,-3.72694997455158727,0.257421409352144137,0.030801987361356073,-0.74480186688442207,-0.227054032701192759,1.01199253375499487,-3.77780206981261291,-0.733284841308575075,3.29625443830603482
-1.99394146111961046,-0.00806099850788653295,1.24230585464173959,1.0855916778980792,-1.24961211644896131,-1.61119952278335687,-1.21742164539637243,1.29321832367417389,-1.73152541242268909,-0.477710605025085722,1.97479199170073882,-0.940180809733354717,0.770754119739478605,0.153634600203825938,0.922518457137498693,2.25381423231721145,1.53843245376928484,-0.189976498904802532,0.322239462062782422,0.916330313481092174
-1.14780060847331655,-4.13056684541876429,0.0749325940992268402,-0.162621765507094784,-3.24719742339675488,-1.68610618606625495,-1.220752840505543,0.106268310578680344,-0.209498905424525428,0.186622648206221847,1.12235628521781772,-4.57356736287384091,0.113033631807451476,-0.338305216077152915,0.638798762988912472,0.189008429375848941,1.32250534096702066,1.29368503117576084,2.2837366530121419,1.89347640587531885
1.38602546393497117,-4.41711024404750674,-0.731425685060205444,-0.531569096350786419,-0.263641974332676943,0.469840816497008318,-0.691901882793043432,-1.09433601631951483,-0.351591942273549896,-2.96396749596458342,-1.94990973339972506,1.33558729683317168,-1.15697082856943956,-0.789292157333898126,-0.804836138639539178,0.47107549361810297,0.482357103968014622,2.45191502919187609,5.4517189706219229,-1.33013555412345363
-1.84695221401876619,2.08453977692144266,1.97425853592099654,-0.749339937500179909,0.76620527370203062,-1.41966195082336988,-2.45017456247258636,1.20163923629497327,-0.208682450749139686,0.0207430883143751126,0.933725036436747091,1.64982630709869338,-0.623334409112376364,-0.868808387000723159,-1.72102177739073503,0.324898160373691403,1.61985585853707925,2.02578158491994387,0.151927757457840373,-0.318639466753131373
-1.02249716921562128,-0.309327489147559254,0.851703763140204351,-0.987498676470593084,1.1951626265247679,0.75280048667475874,0.305566027390405559,0.0896653901730027347,-0.231955839936638347,-2.0193457180304546,2.7027515129432591,0.898722482589569549,-0.828266759117830542,0.0398165172441730109,1.35268059723923062,-1.04962933121054691,-0.91405047038644982,-0.0486145975942224584,0.878405995495592395,0.59393645478942092
-0.676984346430658634,-0.546713177540050443,1.86890346537927088,2.08665556563011911,-0.0659332956420350114,1.12002933322127762,0.0610671254252401763,1.52893392924280391,0.119109691050259675,-0.52007031711375562,2.1310245328194144,-4.71729833505725082,-0.9550307555285934,-1.57506846777533682,-0.629764839960269662,-0.512735279974533609,0.976341676773181399,2.24731279756803737,-0.44274118463302542,-0.298378654692717016
-0.798861992956488187,-2.13216609545994373,0.521688421291223503,-0.949477341104294603,0.700122124263571899,2.07304352966474381,0.742414700690817497,1.74291841959868865,1.6914730982149373,-1.41353087552866863,1.70142884449977649,1.58290511462587657,0.185983372187759455,-0.528839449512791049,1.47397464108976584,-1.15528044494815973,-2.47879887589191794,-0.346282567751861059,-0.65915074196837542,0.652742817878226411
-0.834390674516709341,-0.0560985332156240038,-0.429467973670703662,2.25356868154924062,-0.375210523567356513,0.412933029434014776,-0.348543924828095764,-0.459944380665779307,2.07604053510941355,-0.524253728649232253,-1.4795061736362769,-3.1182487102505152,-0.12295366570660797,-1.55876913075236834,0.336687225421731018,-1.86513384456923892,-0.127824090505932797,0.65737696656554645,1.78778442871704368,-0.542656936857364047
0.997954945614449307,-2.17747834551245667,-2.80622685397919458,0.108151128200026786,-0.304989511710473615,-2.53670812784693789,0.867917129909053675,-2.79806427021781623,-1.15162341850299876,-3.83562542191825262,-1.67272462292386881,1.79526147616170895,0.685430799977582272,-0.57660128201981431,-0.586033353496455245,0.990342324389459905,0.262293180676173521,-0.6522775482267541,-0.521942517152734098,-2.70328951285837826
1.04430984120073589,-0.281430534503153473,0.158336971081720512,1.0727597269693725,-1.11371512693733998,-1.02915774767657875,0.724451848251859931,1.25671375754490988,1.38467201898673986,-1.16960792933162039,-0.427139341658066052,0.614582995068042925,-0.81949072265802525,1.12945814656871679,-0.704636256074560041,-0.509702505637002035,1.75628855145873275,-1.4608582662742613,-3.82440283452247076,-0.990277938761626175
0.983649860005690879,-0.385118756140840457,-0.38960331234402551,-0.746318644085452676,2.00138881210491348,-1.38437401466990329,1.5275496088254783,1.78855306139375392,-0.250960821796307743,-2.56286623352687748,0.273615442415924337,-0.293880956826176487,-0.294769222925259866,0.976993342628085903,0.516792562511884879,0.189315319898025997,-3.05733572774778484,1.02130179042594182,1.83480264502632551,-0.0523251440494438558
0.246805475550748971,-1.42913186914193902,1.5600814198650419,1.56454289372368516,0.979643117190312274,-0.179267359801417253,-0.165755595890552998,1.42580052060659646,-0.468100567841942927,-0.627797125087171892,0.113591928245626195,0.105309091615619105,-0.246089182481645075,0.115830938866983646,1.18901421588633038,4.0538195815369269,-0.110490888115558364,2.43509441913043334,0.750852926565050427,-1.24338667654191615
1.15021271711532136,0.993265940232575639,-0.425654737473894818,-0.694646288382087085,1.0607548782191194,0.769102095911579853,3.15994900800988354,1.02749380462918283,0.857386850010158241,0.312270287380840728,-3.0575847372859708,-2.71121164958214989,1.16141187789173572,0.954833400975618862,-3.08350925268792109,1.6669650988824356,0.422311260648285336,-2.58654915810251396,-2.89378484884510323,-0.85255547778242069
-0.734621715859900548,1.99468018764178989,1.80688311626945186,0.911368550808021372,-0.914432212823781176,-2.64478986741948052,-1.53020621629458153,2.53035127366548096,1.20976515684466657,2.5179111139263326,-1.96241142473977148,0.450467056158260826,1.44470830135403361,-0.408049877087176938,0.825109278381108147,3.49846391754372199,4.07457499604752904,-1.46771978645339729,0.318828778764238152,2.13627301364976807
-1.1400283481324216,0.293551496430939196,1.24192523744280314,0.154214452939548774,-2.49548248174200138,0.539964953888964039,-1.14713700455138889,3.59309949642792104,0.56016762049400215,-0.151662982811129665,0.121811861343038161,0.293099591371652424,-0.183533989121927255,-2.74670908429269511,3.00083030755485991,0.982213818875266598,-1.22874359251112297,1.30571097904299127,2.6466456493305941,1.23225673906174027
0.580287664675092518,-3.55546097567934494,-0.467117141141317416,2.42792393338506551,-1.42305791610948962,-3.24479799027378357,0.625976839174211319,-2.2701024649910031,0.33832818949297605,-3.43516071739575146,-1.79215893369270662,-0.559791741276852939,3.67771533930236538,0.179505075354832233,0.0128814308222813673,2.90762204409113956,-0.22470185771607884,1.34989030758126805,0.156367395048443242,-2.97150268607594548
1.33760585686218358,-1.82143513516584599,-1.78051812712470503,-0.786750188099629599,3.34959362295777163,-0.604861213434430112,1.45946955259301991,-1.14856982753191383,-0.0929886148563452974,-0.704915027753358125,-0.0984781054657703353,-1.6131820150543339,0.771586713371280042,0.684769225501110079,-2.49736552515658783,2.62342474524752545,-2.95310616387667979,-0.564992544198280933,-1.45758692374415411,-0.654849435375929101
0.53659010310685773,-0.645631656298495504,-0.216459600019832943,0.51928304008220072,1.49366915339302309,-0.82990322551047313,0.756939579477535318,-0.327086284596214361,-1.23403400595754364,-2.19646048946486028,2.4850589545221986,-1.97422767574277591,-0.544234840589817415,0.364314919101478618,-1.03526309395872063,-1.44978840107422102,1.07434672554198007,-5.12012386773475647,1.01984190249059159,2.86615599372644425
-2.03053339877865602,-0.399300786307268563,0.314298488255972674,0.187835799474515869,-0.923412290686338455,-0.484162937584745545,-1.12030193182534354,1.33795126374557194,0.72193778441157419,-1.4590786510387046,0.420432810821355696,-1.62142845492788767,-0.469529492262812598,-3.03003439620284176,3.42555086957815469,1.1079923328050052,2.42302207913521661,2.50928836277068079,-0.117029788670480264,1.65797551867987591
-1.20706687466310436,-0.977808414183866548,0.549766641131232192,1.03986092376040884,-0.271621079302119484,-3.07749846694504825,1.29106342493896786,0.395039881083478539,0.326053725549094731,-3.02852980995402943,1.65120131838398509,-4.38007696902412569,-0.965618416564733462,-0.990288311940289545,0.583587803099530289,-4.50739618412715437,-0.318044799819649837,2.80584885224593883,1.29983499366327937,0.887560089660658247
1.0860312714426763,-1.94632547480405593,-2.6343850333105947,1.97349913151991152,-2.24385508326398098,1.8758947247690132,0.112161722360344204,-2.33824559998369796,0.690710348869067126,-1.57861465381133992,1.97611262770474871,-2.49772854418183377,0.157729359041672262,-1.08504345242523681,-0.922982272037736418,-3.05876072300105051,-3.11930909288688607,1.00956625812602452,1.26267025098546304,-0.155986112760990281
-0.796291245497799727,-0.646998319990146897,1.19786646760361548,-1.14541755876429385,-1.77451081516747955,2.19586177486651524,-0.460589884997040344,2.66700759891946149,0.733896342172083438,0.622101662073730188,-1.4075960942893142,-0.143613963304287273,-1.28633381598722085,-1.13665084601447686,-1.5498385095068965,2.23313448395897618,1.14548444177434416,-1.39290597095629387,-1.29328577886152751,-0.98877825127103891
1.87279442811411867,-2.0717375810834624,0.521337458183046998,-1.43200795565559202,-3.85250495322776931,1.59075177191628225,2.54777609574614328,-0.57799157242690391,1.43396356830418759,-1.55645887722110565,1.10246305504265463,-2.71656874630549883,-0.908684360947869307,2.94906481350498506,-0.573838194300234528,0.460338780813868698,3.37405030425982355,-3.31433920819139916,3.80763196657125302,-0.581301406276515165
-0.48369738673906415,3.10596934224216881,0.694943348299472685,-2.36068513909218192,2.55998377720383186,1.83334177715730418,-1.1706417828278548,0.0508608713382964275,-0.879320803257869099,1.10693107270618118,1.55556244377559993,-0.423536193205880374,-0.692426539344180303,-0.487123204001952692,0.842148762021999175,-0.912848112328592198,-2.31116415810307307,-0.623756615606988363,1.95664809180432986,1.09866158526623758
0.649213035528155458,-0.0332581671551322802,-1.22217355223085722,-0.275712728619337655,1.05256091184659062,0.183772415363538028,-0.17021559944366868,-0.563543890716523443,-0.602948281028518607,-0.448930503812524251,-1.2454761097364726,1.3131941449796547,-0.136082794130115647,0.406636298748065839,-0.102693061729180593,-1.48969023389529664,2.06370630645300235,-0.252114398740048096,-1.4494642142965497,-0.175756944461282982
0.996978288144202862,-4.25431057268993928,-2.03935836140735782,-0.787222777591398026,0.814842571913353186,0.889782601876947354,-0.364621491161786937,-3.6631325252967879,0.374376209568387686,-2.99809231751681526,-2.56769168133508563,-1.30663367393488006,-1.16080739426906621,-0.984728287963014814,0.320287575301899996,-1.80389547713681853,-1.72672928360152778,2.74061120373484624,2.58948821945150742,-0.697341774191414743
-0.344743034909212709,3.41495026974276783,-0.938687735614306962,-0.807265897667700738,-4.26067132636062063,0.0868711625201690207,0.992166078657036099,-2.33966514695306582,0.702115932305560464,-0.100850970969420597,-3.35980237185966324,-1.67608848792664866,1.67013306750762514,-1.54260919342553282,0.576199271178978623,-0.245327124102517502,-1.10711521464203977,-0.76686353034828747,3.17869116120532258,0.62688724939535545
1.1622147054305354,-1.10569451822012388,0.0210714751983749268,-0.251580922076139191,1.51828858475856165,-1.75380771712137862,-0.373743320641307553,-0.632462099156895774,0.557159379671704369,0.150863976991937238,0.137309253596772651,0.0646788350065116008,0.242801853177648075,0.454374798668316648,-1.70461849744435545,-0.516968999861535661,-4.23373298698975109,-2.165024253058625,-0.845096972534096769,-1.84137249114799473
-1.41497633167727987,2.66184497352992988,1.92364784087242224,-0.391950055713145062,2.54980766084934851,1.07074144999005472,-0.501332441830054765,1.06449766750398545,-0.250847660023281627,1.01798519652759079,0.596271994361787017,1.87214211700949829,-1.59812169486850841,-1.19716050369804528,-0.933206769879174503,2.09596219312224763,1.72913481751884213,1.90792344585947715,2.10769070544044768,0.0901841921780568156
0.0138769397219660629,1.30293216312326154,0.387775289512200694,-0.83535271047467341,2.19908221021850414,1.17139580632858453,0.622631017205336312,1.39138692738060366,-1.7075308441863617,-2.18583072971654335,-3.52398775021838562,-2.01369311514177296,-0.575006469336854509,-1.02856869184840916,0.62661178868093137,-5.43441961840309062,-0.988358309005521796,-0.29675174764605794,1.87548944610340484,2.32274397020053058
0.989595639383816561,0.383170600619932078,-0.756035700912840558,1.8642799094051139,1.63974913799665512,0.879599410557623584,0.125278884234860916,2.66436463690795433,0.621013090547748003,0.11839984697952545,-0.273302450595684254,-0.669858462474968941,-0.619272246295197837,-2.17128291941084228,0.15961056034370566,-1.62311007256599593,-2.96331138508585079,-0.543608241483259813,2.72932291165668239,-0.698964429384278829
0.132160223596385046,-1.00938551815959188,0.72766152302876419,1.49542174254504734,-2.28346856892722139,-1.27574019980131803,0.215750340630946835,1.91883800352719325,1.37251806034155899,-1.24855287118830294,-4.01884920736059126,2.12021290668901674,-1.07155120916874913,0.8911903686287449,-2.52987059524211144,1.47921143965878588,2.44869939670715109,-3.98166543881556212,0.375205770006187767,-1.75000494977186172
0.362739671690254506,1.49534901320831137,1.43905015255977209,-0.786604682500086194,1.14946811831473195,1.26070467491866656,-0.167036099435622698,2.11616287828470373,0.14974951905974096,2.8668554081203097,0.00177367227857592883,1.73715949957647964,1.38655398123817131,0.908797518469472654,-1.84681946762915894,2.23123333813837199,2.50840655837901805,2.24218402352079327,0.464803384929675822,-1.56233528975082181
-0.0981584818924570307,1.61298851006955513,0.482259004189175333,0.866243792881276398,1.40046478333806568,-0.0946552135397304012,0.238625827136076718,0.739683421522623896,1.39770451359696013,2.3649382953446505,-1.66681502701519424,1.30906128706476843,0.755690024430617724,-0.446179466832232252,-2.49807801296669973,0.0527659491447898532,1.41144060205598154,2.71579451765850299,-0.162424541593612526,1.33737951812590627
-0.615808815411139854,1.0379137944946899,-2.03299437366203639,-1.23185168284898716,1.5541528654901311,-0.512637533347493179,-0.215450495930753577,-2.74252463926157475,0.738574022603681768,2.20161325251526208,-0.00768942613409316026,3.15694073411636955,-1.57868347939752218,1.70280955699364722,0.0988767735346071375,0.823732245376826655,-0.612544620038352527,-0.910429268012985737,1.78785286190586801,1.52912818082450719
1.7569820586227205,3.00287379875462879,0.00952546075408976234,-1.1976290838744903,0.265206652554173306,0.0764261629167458378,-0.153902526709631393,-1.98843192150406312,0.248901126750233265,1.59072155800385318,-2.28727077246312405,0.604243991378435763,1.3145377662894,1.44486089040996557,0.0719365962822428318,-0.0887579247409846506,-0.640769111107418521,0.677731190516262738,1.14889393215843016,-1.11325978074434828
0.252511923463741905,-2.96584241261426129,-1.27897293711752247,-1.42011953438175142,1.72286953005113608,2.50051228248983781,0.153606956601405165,-0.207688246660670817,1.56958823037144501,-0.892056320706936523,1.93930813060552198,0.413780566854523968,-0.245645851062063297,1.26714992768792101,-1.11819181625231856,-0.442403934971335289,-2.22319108054308501,-1.9812030686148363,-4.63386894061457699,-1.03261960575270972
-0.661065332445502474,-0.0670976150471412625,-3.29021668759518127,-0.890395234645984246,-0.355271485215968075,1.7073047789377056,-0.255000927165847269,-3.00881430035157571,0.841824632272805129,1.28742926019198967,0.511306819399962253,-0.304512977350514247,-0.00751925305930049338,0.361958733222721596,2.19873515230813199,-1.0819572182779742,-3.12381525195308596,-1.17646205606663701,-0.638795239498927803,2.63274476568296123
1.02874795871716462,-1.08152962492289406,1.76429496773208339,0.850110481986390498,-0.393302513580392532,0.166885285370466763,-0.543160583110112616,1.73700560940480697,0.562100351501357176,2.19956028477270316,-3.31348999232795638,2.84593204658719179,-0.985404679157027008,0.59357750374211482,-0.845599826083604733,-0.84823733803598067,4.50029934078232863,-0.294862199025498262,3.46948085690828734,-0.310048789715939965
-0.899558323900662815,1.04287053826662413,-0.394544061876650587,-1.48384614457172481,0.884189103409442123,-0.827496852404668526,-0.0977096192403476976,0.340782730499688491,1.39879883072472189,2.19256754480519689,1.01621877056819865,1.57462510301457925,0.556603334280828199,-0.330001920129126824,3.38242846052616786,-2.73427207203422418,-1.307077207279568,0.208548720489947687,7.08793983808332317,-0.00625276788825590221
-0.34037636911300434,1.45399197614017606,0.334722274556705612,1.18692216234643078,-2.13851939421436033,0.0685884435521986191,-0.175916808469253144,2.17408011790237499,-1.43920667483405618,3.083218758366153,0.482870524059551498,-0.800141297462642398,1.33418824165130956,-0.746366087042520054,-2.20931301362245991,-3.41507129149588939,0.201932209278727653,1.28944361922108475,-1.58774702126843326,2.20977319221541935
1.16450173028623283,2.23960628898761405,-0.124763804231467434,-2.5810960362809463,1.64340040536146392,0.152040437070784129,1.6935819891646533,0.789220054983090558,0.64931713490640286,1.98116483840426549,-0.397934129779431212,0.934928145726929949,0.929528373811276065,3.46916644725414702,-2.10720011577297717,3.28373081650444831,3.312649813517754,0.149861242558435553,-1.88417277799964333,-0.968247954177044012
-2.02756788312093361,0.481008564478077993,0.0931160776789615036,-0.42816413607681586,0.0960474426542750614,0.972038317961045895,0.286804888679006831,-1.32127805977943091,-0.607712371539471996,1.27930865643893399,0.469661557909962835,-0.816744337151743549,-0.369799759591226906,-0.970623426920582122,2.38837129683335547,-1.75303087352040476,0.496907742404279096,3.63868424326511697,1.85632951172527028,-0.761398181334663082
0.473296861207682495,-2.19394368655067495,0.204642696715557265,-2.53191198826425445,-2.57037198957516733,1.09581613572364955,-1.36999553478877334,0.268826653695765083,-0.374701871112389395,-4.24244780376589414,-0.265464287103892693,-0.690758281451084644,1.43058948293023813,0.899463759931496742,0.80648526798453779,2.92480934962658079,-1.3106383023806758,2.34746060131463663,-0.192032298753053249,0.568755995191799979
0.218490048779603763,1.65596659573039062,-2.94860393042004354,-2.75960170978376018,1.94783626338545668,-1.25709630376990367,-0.0543284808765008079,-2.2714153405218136,-0.275019479905636577,2.25523810513459688,0.0369040861993461394,-0.374370664721021651,2.35109672942557824,0.388147749080894611,-0.788275502817234131,4.18993009467504596,0.768487909702778915,1.31714436236483112,2.43197259030440538,-0.549657420330081581
0.220093761797758164,2.80075871282365263,1.09123191053179425,0.400346573610217527,2.02176167920007677,-0.930814073475690118,-0.275640408318224506,1.8955565945774715,0.189352992146305243,2.0429360628031783,-1.47088079770169511,-1.05522323706409815,-1.91152839143216902,-0.209528123443392472,-0.545293286745362371,-3.91014192448170839,3.54752026067499893,1.48503722190077303,-1.48024256104121488,0.720363912676242668
0.407541893116432297,1.73421705517110891,-0.790197404982238227,1.85829136991946542,1.42092245045823096,-1.16277622964723437,-0.217886834362329418,-1.41909350487662378,-0.286920954743412004,0.623236525435235889,2.83009664048349929,1.32438017084388315,0.366680348411350054,-0.577824313164235215,0.569171368593704763,-0.412625550737936664,-0.702605407382364988,-1.46895819126259752,-1.88036293810240362,-1.34842828120267755
-0.10174340479260921,-1.48043539062333762,0.99001641584042821,-1.4095848511484721,1.07945703348579758,0.386224791902077313,-1.07352983474353048,1.04514939484113634,0.57299239078767894,-2.2704320289481732,1.57131893943445999,-0.6999439366513871,-0.356843407510204325,1.08143529651547854,-0.562198876053360275,-0.786285811997296635,5.19151663146725095,1.40405011589097262,-1.27927029431606298,3.16144479716580706
-0.542217423893646799,1.21199381561358321,2.68680906273303544,-0.770946449047000604,0.367280221322655531,-1.09182510614594341,0.683780783688899829,0.87416911893594007,0.467101644781386383,0.531373040542044484,-0.290628729478389303,-1.6219024867422358,-0.257476267917603419,-1.22459114843363071,0.852063485373628637,-2.08573270096262098,2.10304415341023354,0.341600686248027974,-1.51923654335235492,2.9203708002403963
-0.857829688129918444,0.353308731452744718,-2.08702816225724641,-0.44072622277089285,0.632502014319693773,0.765359767253626866,-0.000696252072535885028,-3.12881222093119149,0.325717933024176676,2.94433773381856234,0.798964831984416923,-0.671724950943214272,-0.410224986801085933,-0.130438331995411966,2.43124385336477866,0.0203296992753705351,-2.24315894503249913,-2.36841708505509496,-0.170500611621513309,-0.388587888709802987
0.617253616087730328,2.43624481089509493,-1.96005787974363654,-0.114324594192242834,4.31461813243728276,0.257420984294897681,-0.181868516322897078,-0.800412058111411917,-3.1430267691495537,1.63064628688928348,-1.94312165322827135,-1.01121959820996521,-0.702784653324659225,-0.257863913134363298,0.0324699870619683667,-1.48370797018436051,-0.781725039932238186,-1.08945182656880157,1.67669355341037019,0.434335569912650876
0.408723817820854929,0.124413717222457129,0.845463951743993247,0.0265942388656386017,-1.50770243980535312,-0.481545478617611211,0.922256453780858076,-0.615676681812994731,-1.28762931089690102,-0.31927400448790666,-1.41650166518799892,1.0544486700306348,0.0826020482873682377,1.04713641465798402,3.21331467275191685,-0.592927952851496132,1.76981398066361795,-4.44836306082769628,5.21570047640266043,-0.437046288909398173
-0.696645524710020503,4.59718549999484782,-0.884764362423080097,3.80138106969956224,0.772486621386282657,0.367375088151893292,0.20055978514557643,-2.55088609637538344,0.522050055960285087,2.87990081032344269,0.758286390613027605,-3.52360447122631015,-0.995258763748069764,-1.0605140532977162,3.24613888827253438,-0.553180555878364899,1.41925343699086581,1.39878272395750702,2.88508979029022727,2.34620090167189366
1.44355895270969348,0.702984195552157298,-1.33984731329751749,-1.89155163203371823,-2.94056005637767859,1.50625084184513058,1.85158378577106797,-1.73772944121147566,-0.785998747187728775,2.02051667081763187,4.42413506319496985,-1.55544200640657659,0.000385251607199625895,0.684339407538333111,-0.703421770147547698,-1.15782155142545662,-2.69031341298933135,0.775248000489188072,-0.808777559536626223,0.2643665419177475
-0.251486416823340442,0.099803174555908522,-0.834006325815103811,-4.17957322313078539,0.04381836150602577,2.73743560477496928,-0.290757352898520172,-2.12153088941641021,1.45455430939378272,1.58952027633900506,-2.2343715012041061,3.27790299715881117,1.30440001942015171,-0.00586571525097464522,2.53630572804948962,-0.68188480220482095,-0.272937038783122976,0.367221626300161696,2.89731776879533864,1.51108635685648984
-0.1968695232823644,0.629745722647415462,-1.61376962866759044,-1.40595984402103569,1.92582266931619128,-0.492754335621061967,-0.21256384506281395,-2.02400726236962125,0.481593095656306203,1.91451389296094643,1.37224807784860015,-2.24492076504352411,1.26237011571772628,0.231652581952309367,0.0760733477670662434,0.327369469127092083,-3.4472585837980918,-4.90586418976499772,-3.07447589671063293,-1.86599139870967079
1.09503423867342042,1.32284561252775079,-0.876479669783938542,1.00415355522075633,1.06598287660876645,-2.17704453006578014,0.740854816942517869,-0.989045050124251812,-0.561936845443551269,-1.13960421228736131,0.425548196296471282,-2.02670460611884007,0.673063380264926625,0.158704610083019448,0.644359513959548158,3.67500132334084872,1.03846098307583046,0.953338142038311354,-0.602492628052548329,-1.58651200274548088
-0.499142241442227963,-1.96615065067619521,-0.353786394339706434,1.49542773456045097,3.07546966576178349,0.888178209534687402,0.229826248674992045,0.538617445908863957,-0.224837501010996754,1.55497971498846943,-1.88187158212315975,0.811917314097242104,2.55822876310060199,0.319718460536520366,0.612022770591398091,4.66734450614104723,-0.930478342442803141,1.03803169427694164,0.0397271324780555102,-0.98300641389805532
0.126046151068516271,1.70978528514499328,-3.17809483912007806,0.250690168075299646,0.16617304808191094,0.0330764393141549165,-1.79829206968245381,-2.27646453253005721,-0.37019330327261657,0.792768744507941214,0.203870038293390232,0.1082965730807149,0.771900685616859095,-1.22422085661458313,1.38273960242612115,1.04946412382628917,-3.20858287567811251,3.15699504892872085,1.60110989317157348,-0.56411938771493686
-1.50590101975102564,-0.337692198450097292,-0.633724381644347745,-1.59961778955060652,3.30200087494458971,-0.176098730829981343,-1.14144836550538975,-2.21014754362052024,0.407505307725322841,-0.447380548573225512,2.83805660417649941,-0.14019102299781766,1.77497256186700803,-0.63121912985120987,0.706913605375793952,2.37344683015624858,-0.391711169833973138,-2.63202979695720485,1.27422765114730141,-1.04578752318466717
0.613441591018313415,2.42578178334000372,-0.0275195650085240349,-1.16056237370944215,0.169912778579399459,1.13958769368101565,-0.24865291988444807,0.612478220598914547,2.13744471840658923,-1.30252976515099128,0.856140961731476913,2.72217027155453684,1.27142300630776028,-0.334128617945125606,-3.44414441903775126,0.372104793134074519,-0.59738241986556162,-0.513503734568074743,-0.367185367779329197,0.159445724166038444
-0.547844691173089982,-0.591242472926231333,0.128550447933335865,0.00367874894507583912,0.0884994215326629086,1.50650523204013154,-0.0230860384263088178,-0.514053192007409954,-1.27709265195454669,-0.302143651625353726,1.99339433284612211,3.35352801130443501,-0.54280709445979225,1.46344284496994437,0.701075597223811631,2.30760037216909408,-0.130794669452550166,0.149444372848656415,1.73959714385804065,1.37711181361215718
0.0781071298649076706,1.99391787849513435,-0.280760213137908832,0.89555304513638645,3.00854243322823622,2.82598321766390503,0.158284508816588398,-0.0509786034393889878,-1.42760577774132136,1.06307562822068591,-0.61184596330908203,1.35017122752627738,-1.29147215039492358,-0.242760123997985494,1.68816144055967476,-1.92458372762258167,-1.99128171250393238,0.658027259668089282,1.73357273266939704,-1.26041742223910092
1.62600032967963681,-2.42986375649298036,0.940681861293902077,1.25172850683965042,0.987502914886815852,-0.192802387804620057,0.849717973179216934,0.352165369248369109,-0.617866188102269787,-3.08676837122188674,-1.12370316830617711,1.42591921333384675,-0.237420283382956454,1.42382592907367633,-2.02282919265535455,1.64688034750335976,4.09285720374151385,-4.69687710852716123,-3.05784745455007334,0.938220604843250761
-0.883136112415133789,-0.836523214804232196,-0.213918729459294604,-1.78386286983125886,-0.725995434025347164,-0.603766440815794669,-0.73848241705445683,-1.45059177132408079,-0.0768144452564948343,-3.06332584491449822,1.10661309994049706,-1.19176837166256089,-1.17222418345622792,0.543016806701367427,0.519581448915589106,-2.14848459413279613,0.13509087489960428,3.28657864056516758,0.814206505646880352,-0.491711146787864983
0.544472938323325328,-1.7049058810958988,0.346456605499978976,-0.0266504974915760806,0.211854770713367613,-2.470095330699841,0.0932689149603489476,0.412598074272751025,-0.915021479545686689,-0.574743876425373501,-1.67480768525423085,-4.31803364549635216,1.1494101278873925,-1.24258137464078433,0.619672001270480055,-0.19959197796952477,4.44000175950449805,-1.96355808557216216,4.1046261918088689,-1.93710752348211135
0.187435761914729659,-4.15858251145224589,-0.522980457737250881,2.32661360610474643,-1.11837854428058603,-2.39042863937453642,-0.435438043109582618,-0.362272722524566937,0.908036663824152601,-1.63316574522670899,-2.07406048396077969,-0.722969951598580463,-0.157611644450315169,0.365415554022022138,0.901882389008273,5.49789016966920574,-3.16862209399322703,2.02930166631915787,-3.45399410695879006,-0.499477606206980895
0.186700458354558507,2.97444567031600737,-0.331126284190194131,-1.38160355874808438,-1.97668400369272712,1.2869613903432271,0.500880375629160213,-0.15547751990110309,0.206406620970907367,3.55015482281625294,3.83253121355008286,0.347605095438572598,-0.325494051222837866,-0.984133840287979345,-0.621143937305719707,2.14189445136855205,3.53241167773092313,-1.48291842580741706,-1.38877908103633119,-0.334772307641133193
-0.580380253922027189,-2.04996384635983775,0.750040136388803957,-2.13679722125587723,0.820569535562762353,0.988091904749387684,1.51106439339476717,-0.618406220068941748,-0.155147836329005195,-0.935389331737182861,2.73943966543750239,0.408115757917980104,-1.93648944345921414,-1.68521176214221002,2.08447188389139049,0.20914941312986074,-0.604263655255793397,-1.12139882248985856,0.0859060453018225395,-1.20234019930302805
-1.072506239655314,0.628285589332298167,1.88391732847618942,-0.784311010741514436,0.281927527390401722,-1.8038574927213844,-1.15051314708264041,1.40738067318710636,0.288748797628732623,2.94978594712225473,2.32922796700682166,-0.93167955028785554,0.869480027017772605,-0.125677058706843231,0.665167680595294741,4.41567800636130503,1.73632336948710453,2.47380223465568161,-0.58330888420941629,-0.48980301736666032
-1.41190613024654033,-1.65155068528151094,-0.912319702468790128,-1.02366909804771722,-0.291877960156432581,0.1477843520370897,0.64354211361505187,-2.25792440578993814,-0.668188043898627737,-1.5049367753318863,-0.0785167613660945896,-1.59055221345041353,0.280959865568791101,0.899002784975603153,-0.00532970548602302446,-0.591837238561515711,-0.501983124388533763,0.411308587783024204,-3.39041139594676011,0.718393158705262103
0.91130851304488858,-2.8886219144758889,2.71603701927725272,1.10659925722554231,4.76189136981622774,-1.13101847268877331,-0.609274635691112287,4.45769120993579016,0.411712455593288174,-2.16605241140598848,-1.03961376263550909,-1.66323306484838618,0.131083859086017301,0.125512900480123535,-1.96784659803813899,1.25501699602758121,3.39099825077462658,-0.833799135647220191,-0.296959513174421486,-1.80127790969592572
-1.15297630658398753,-3.42088063209542259,-1.83972552166570558,-0.0639514434513159813,3.27874787934590284,3.38665661746412328,0.861873874376431703,-0.386261260152949981,-0.149029721668671955,-4.56093957581193354,-3.13272532645353907,2.08991545221398667,0.581656030392279644,-1.37777329536159621,-0.734760095495092802,0.0668217641485031322,-1.73030365949322795,4.52550421742263609,3.00784772245539145,1.14396209803489901
1.06245216144495247,-2.13192171295536781,0.286194980436914881,0.623590473784171762,-0.760636012789170368,0.546046297432794092,-0.968869017470558647,0.4416724805488077,1.35817199643562758,-4.34008029186101396,0.239541145499289621,0.596618857352935184,-0.404895743203956049,0.142651367452542255,-1.49579652965314414,3.48941068996177606,-2.15472098711477278,2.84052688516001739,-1.93184282159516307,2.47272891664351802
1.0335995107224647,1.97433883831486345,0.300659202138526482,-1.18011153044994543,0.224979780651571093,-0.871437713547605908,1.66154226169377783,-0.820387197294263126,-1.04165453019346144,0.750611513109437078,2.17916156268854877,-0.841713336745621765,-0.124963092129849421,0.804784932709432743,-1.9446312109478272,4.46653657816567495,2.08579651046342596,-0.424116805087723037,-0.421557377452944693,-0.609871187954542426
-0.145276456258154718,0.4692983519921613,-1.17024443713200799,0.543282851687128421,-2.48089914838134895,0.18884223161587968,0.864319806623036091,-0.664412443828792387,-0.935570674287379611,3.09807726248601867,-2.41101742552598797,0.531935229527268572,0.535789822191008569,0.024031724830750497,0.54628870556589737,0.997742238264943238,0.969273495644180749,-0.741680753168303952,-1.62893156650766291,0.78282731672134398
-0.589721796926812147,-1.73133863522668108,0.49415963244234129,-1.34453809719147199,-1.90153988414025088,-0.434456544814292744,-0.222526655715322985,-0.487176152624192005,-1.28730871544769498,-0.0167791082347380077,-2.86360312014710106,1.70505842292813115,0.583178360175968802,-1.22751806141632236,0.687519286553504472,0.275220528881075788,-0.883090885075136001,-0.205601060687768372,3.51090026677926703,2.6206542318767605
1.09801615760558513,5.64218058531553712,2.20294542684713868,-0.859111402145956826,1.8823741810094039,-0.578209195600863479,0.500835394595614325,4.58209412001636363,-0.419960689396937592,2.16869495482210972,-2.09833414993055456,-1.58411649649236264,2.4192659737902602,-0.7605886260848852,-0.0198642794994198096,3.81789647569064838,2.86124530278013678,-1.97463335403112361,-2.09617393321310885,-0.695645261759078481
0.459220931929169407,0.21622287982920263,2.68287349756964755,-0.576128040968079791,0.35857699531275955,0.61183124642622011,-0.634801860285552189,0.635441921395102471,-2.66742089132988358,0.667082928277473064,0.830047975237433011,-1.56903984812806274,0.971429911298679949,-1.47101378177129916,-1.11622857758979088,2.24459026128737094,1.28520755996900449,1.66521949478160369,-2.31235663516934897,1.34014550836372415
-0.910826355514105623,-2.29936643913541339,-1.00164840774876573,-0.229390757865170547,-0.476394289453646369,0.87757500292589341,-2.46963633781541114,-0.8714953564454746,1.11439658184602797,-1.05748181913666706,-2.75273686509462179,0.0937301319876743255,-1.49051026408395515,-1.00623059612795451,-0.593494288181244389,3.20771607585404706,-1.80721255308624351,0.172317347132442678,-2.00091929571469462,0.373347705142597019
4.09291210466071664,-1.02245556879121624,-0.428602964657003704,0.802483568865824948,-0.623291725027766641,-0.785727728488287203,3.17429250476651026,-1.28963104047289945,0.952537647267351684,-0.335098992320859657,-0.309915924279319244,0.0184356010834528551,-1.01313233190358454,4.12446644358816084,-0.307236797810719664,-1.96548244820812701,-6.1062585055896168,-6.82321488470034598,1.88332578472551937,-2.22525223447382459
1.47054786928855763,0.395928410090312155,1.04167835305170153,0.202115552731640419,2.71415553819876942,-0.744604472563633046,0.593868659769823393,1.9982844841942895,1.8263064895691774,2.3243572748935204,-0.819845799011548304,-0.0621497852370480816,2.17762825318104891,0.61385243668302425,2.92604562818179836,2.96424189128023086,0.517446415090420442,-4.02602308109473217,2.2911647056561204,2.00274230386411123
0.923035430069388374,1.43654929852135349,-1.49079127121732502,0.628613912078045733,-1.46182536137497943,-0.664043281372904026,0.668634146718069755,-1.29669729217418173,-2.26899816179998837,-0.191924785258049763,0.386088676629193828,0.508477033367334741,1.93960603141933574,1.32069555778672165,0.301183419102883321,3.16546847015399146,-4.01260681590463086,-0.0664354395175535406,5.84624680167880229,-1.33888881356799927
0.421556757109600055,1.16626370578966521,-0.152768633351998862,1.12984904873982783,1.42835409138172653,-0.427516682695562311,0.0725072339761298063,-1.70738434482473855,0.418539498471602156,0.21493658947483249,-0.667331003069905893,-0.759033670868730859,-1.24326081853136339,1.07808615310831812,-0.58309792476141542,-2.75298801929469494,-1.21210026606855714,1.77591597549340663,-0.299026326304571433,0.0156193653880793443
-2.39382781159505953,-0.488764320048546586,2.61406212089491463,-1.53757114774547921,2.86393523392029392,0.615394455568934795,-2.300318744280057,1.14632160181388909,0.410831721533180649,-0.451460962138303668,1.88035813258095086,-0.161951774204785015,-1.62701598509251366,-3.28067775684904372,1.42170208164529321,-3.23477318767239019,2.14002410139480448,3.27359526134569556,-0.0745564194173397726,0.870579568618449318
0.040547474950984437,1.03805911094930448,2.05701329710745862,0.72020565407635917,-0.0504072296603284356,-1.51216562657604148,0.903914571838369763,1.29325812161271392,-0.145168539889848014,0.741426935272415988,-0.0294713547600737452,-3.82919505296360141,-1.48665773048406669,0.410526200333519387,-1.16126968775674722,0.979593793878442254,0.707955398594565466,0.564749355834092248,2.69325188301956686,1.40856706205959403
0.0319519800178054494,-1.12163977245769897,-1.45821603647975984,-3.83849892287010164,1.61703386388408732,-0.0228300341281493548,-0.404358459697421291,-1.54784801053360277,1.17671236740664509,-0.348279059471165109,-2.06230795480080031,-2.58368803143224657,0.785815740003574792,-0.0804747434513381904,0.444048410773275282,-3.4023993786533846,2.86876807672968104,2.41744240124863463,2.46430037590852358,1.59290317552056759
0.754926943842796905,-0.946068344572844055,-0.54593478107493254,-3.44692100257435596,-0.0251672301506619192,-0.929471966141645289,0.819356670072959092,-4.22191439585008332,-0.264365656985717845,-0.896365565941013576,0.865934802735336295,-1.00889207946298676,0.968662844821774338,0.488848789433089737,0.675200454507517422,1.22168916143692252,0.00414073440092593142,0.88264049487061369,0.974569217421542788,-2.04350380271269527
1.03612163836176863,2.59043705948068581,-0.0794283602094938979,0.908336699678449877,-0.466386247933521958,-0.0587755729932030319,1.07156842129720808,-0.895944979192174862,0.358550947330951053,1.83914242300482011,-0.303047353616738069,-0.637573439211256421,-0.0689747752545110115,1.86911746641337739,-0.848682934039282078,0.870662287768230514,1.5711410684526923,-1.56767943364335993,-4.07170234918990559,-1.32000954401492132
0.0594213169901427821,-1.84624186486986019,-0.64833540199431916,0.0478588377162301598,0.726891101195007217,-2.5429698563840053,1.52590944062228662,-0.189452678363940585,1.30097058570730395,1.25136797323264082,0.132740383275597618,-0.734427700627387159,-0.139454128994360577,-0.736461638238079086,1.19958666872651087,2.90114439689863746,-1.39537692192188545,-2.97564930125814486,-1.65419230700723241,-0.966936399306271177
0.331804755346404856,1.66078759210939553,-0.512267238773585598,-0.18860053033514973,2.56845854704925936,3.75093851167760617,-0.191932601404615016,0.13321055465929954,1.55009044805589546,0.508237465218519091,1.57814631566852936,1.63478197488130284,-0.930176690337435663,-0.109503892240198519,1.2668568299532601,-3.18676509607167624,-3.04747470417948252,0.596586854359081653,-1.98556104732527428,-0.573363746588058221
-0.876256182167392095,1.98624699341874389,-0.397112435475017178,0.991580329506048908,-0.976705540709457809,0.677596285109064111,1.06625663306371066,-0.229153339563569147,1.61528637798255059,2.33347104541320549,-1.74008507122465317,-0.15287244659167093,1.11932393696835009,-0.583161939367530469,1.72986652511452954,1.45252595412145924,-2.09416015415250945,-0.507651364251247239,1.82453810786075432,1.13185672501065571
1.36598754348941775,3.71426732787915581,-1.98350510685904569,0.253790315510885323,2.48912509464756182,1.29038790642223788,0.243291283473925035,-1.05827921109344092,0.815047362112826024,1.40370709672935678,-2.22552208772954385,0.197029713372161741,-0.402349093210959796,0.162161343817459169,-0.309538885121650842,3.77952150266267273,-1.1332055617944683,-0.702442520655227831,0.371040080696365349,-0.00305630966277363166
0.259470274413958091,-0.999174351897336055,2.03796117114849951,-0.520636181043248047,1.5599246508829343,0.0883130425938991326,-0.22591653952626492,3.57557213811055652,0.242901286002305178,-1.05355794989100549,0.331091033105857524,-1.95431856715540175,-0.160273552141094094,0.175501546847869921,0.0370893060680707737,3.38950090000401971,1.97317689188128509,0.1782342031717426,-3.56549632465132449,-1.29681580956119369
0.568041954298429408,-1.23453301460947884,0.818353567667177706,0.61690452624192893,-1.19319947030771667,0.10763278998810398,0.170182574989998253,2.63288836649064528,-0.870435164877259138,-2.04879203210484562,1.31000653934582423,1.69822406476853782,-1.5347546038280333,0.0829781872603921472,-0.128450617630659791,-1.37984586940770693,2.58196869482455416,-1.44354381704007229,0.0259158774863718147,0.22994421390909453
0.363171572211921645,1.73576917474143988,-2.09779039677573076,-2.27755717506730937,2.47479057042701145,1.79849839612025653,-1.04139436364678883,-2.64065058620885473,1.3674974075783024,1.86317894150832508,0.842476331154729419,1.60416832844869806,-0.369623227962977197,-0.520860056184972664,0.900900623422330571,0.198666311607966051,-0.880651785346845406,4.15548334223411242,-1.41188787708110608,-1.36300951579000862
0.464371446101196739,2.81887870221803816,1.13278480225191869,-0.897145041949215183,0.872968869567735561,-0.386622398212623453,-1.19748811609971462,0.0506300016776096984,-0.317322172979173811,3.25840356003384413,2.22141252896069252,-0.310249273557880456,0.155622377032950759,-1.24995176911065053,-0.450532268444727324,0.394377343540449676,6.13574589199496945,2.01972917146617137,-2.60177744016066637,1.22266094227069155
0.226294818486622612,-2.0101854273292421,-1.04667696812173361,0.91749343724157828,1.60501826990385688,4.23596354064220382,1.43282492411173124,-1.57743997508055789,0.961295450403304885,-1.50504206705552512,-2.12973112247644369,0.362282162653498385,0.137993232001202809,-0.721554329440651565,1.04632547915534535,0.0488027096812002417,-0.329425944478373922,0.915953009098876114,-0.714610516337389146,-0.927510653410261066
0.872221208266039882,1.95611868504751318,0.475282273571238145,0.906657162485868584,0.455630658769026642,0.83962201563027683,-0.967351214180064867,1.79504491627681406,0.708703055440800922,0.805690806405095605,-0.413572158849070781,2.72715572058353173,-0.82149850677217584,1.23425654779839111,-1.042611793688762,4.8155907268655378,-1.75651392914748938,-1.79111858392399581,1.09119338461082571,-3.02060346129282253
0.0382975654505962326,-3.2134479193064438,-0.128269604852119801,0.965035566852323834,-1.65721044154496711,-0.216905050171073949,-1.0226101482454375,0.929412428691210546,-0.854778838462194157,-2.16820117192265327,1.06281983441456473,1.18026021768960332,-1.74253722213768825,-0.71286766231849763,0.988129530287143121,1.011842723669931,4.87195620007935837,1.00014290750405932,0.6011102451204553,1.32464082331234767
1.45009492552925789,-2.23735921066397347,-2.61407120189487596,0.0571464135454040623,1.75639643378132715,-0.411888583644668516,1.49712974684270073,-2.08515979381656802,0.30919780615513015,-2.51906861519524305,-1.70365771533531141,2.04450004868884205,-0.121391218233411563,-0.331295289353619238,-2.0647968989922183,0.722857913829659027,-3.60863585801660403,-3.81632820244021653,-2.45197183371933969,-2.33061716962534593
0.0294126020456431519,-1.51884166423442091,0.680931898760060106,-1.88717629700657796,-1.65609191628749364,-0.297545876193166803,1.46238267900664631,0.264248704890425679,-0.438385601092766419,0.705362934345036496,-1.65301933217533992,0.480593885536100107,-0.387929865971513521,0.944490986004344668,0.288759366355543723,-1.45908409085024737,-0.452909818830690036,-2.91324821700246162,3.78422174415337764,-0.515355805193444927
-0.787056553781759538,0.0918378069221482823,3.44771437678331338,0.145556339465503226,2.8947602333263216,0.618144794199384284,-0.0398930138427802117,4.04179446231993822,-0.67896439215722737,1.31590783601727312,-2.41611024469209923,-0.540344681085392797,-2.5256958971402943,-0.313978130426214141,1.00507541717100835,-2.39626389268156226,0.441412037503253196,2.14720417461072932,-1.89494317741883678,1.99794273035125847
-1.59334706774730983,-0.810233899064009555,-2.46915254895307168,-1.21239741303501969,0.261770538604683078,0.101250118179846457,-0.981863267193617495,-3.03122340125366119,-0.582461442543084296,-1.24370967748818928,-2.79473318253282876,-0.286501451313834365,-0.351988902858576036,-1.20860951815450446,0.705377785785645028,0.255537850946274736,-1.12748932484127007,0.697222407113000098,-2.73431635375110638,0.0339374895891610684
-0.352886443068956612,1.53133707033954303,-0.274734770013584373,1.87994359479896667,1.13190252037092143,-1.56985499271509155,0.689559248430958727,1.57830601648873858,-0.964923509230139143,0.80569999688592786,0.513511665986872701,1.39630908671863674,0.642183633777931084,-1.14402022662712066,-0.165415650408081316,-0.438717178305941369,0.814070487665825127,-1.20863148793551489,3.08219910064224312,-1.86980675712654865
0.120493888259463319,0.425500104531274459,-0.904446406810744286,-0.699592225264503709,-0.42858335008871723,-0.827540719033308947,-0.920337523575098349,-2.73224359039960607,-0.242914208310772761,-1.1000347218261266,2.10278937180962,-0.464085722741180928,-0.620308312929689354,1.04736808927921832,-0.0582179079838340482,-1.86175483041485723,2.09257352726961043,2.12834110930710452,-1.18560291301048282,-0.746744726153530602
-1.51094780674551465,0.0972820172086163726,-1.38339266842101427,0.393852838074887412,3.88038834019891921,-1.48753616204887718,0.769025489780314708,-2.82885958839163454,-0.459200326367773914,0.459371040782607598,0.438329111842596375,2.24985152141761535,-0.306983676914600823,-1.19404005869969754,-0.808538322972927159,-0.893849807331753232,-0.571563139171655687,1.81299026638687466,-1.76106727325711332,2.12716924020755949
0.284699191929107087,-0.0681337104861789167,-0.138963128787948476,0.0781446076331632211,-2.2568080512658506,-2.31830447058696087,-0.876630581838567569,0.280190294310246002,0.365458803367475993,0.710187199968744021,1.78238578680344006,-2.75801075809938379,-0.892454539909106059,1.2056938026993036,-1.59139368002924342,-2.78844763827552589,-3.8459630114647827,-0.226674070396671756,1.90012319789825224,0.0934754505879101388
0.99171408406487116,2.30068991722775618,-0.561110166607850513,-0.994156267088676104,2.51413779632097967,-2.77756995353704728,0.257837183505245038,-1.8744511645953188,0.665845729221454907,-0.0159683888015122281,0.811749340103527173,0.2630366259233477,0.287243238476717344,0.855299618331810896,-0.836659249702231378,2.11248725600900666,-1.03748548340566238,-0.103163490125594198,-1.17673769835158981,0.119662583936984243
-0.309266247294397389,3.89461872695369138,2.29336147142124558,-0.268911050851185274,0.561850120707109713,0.527090997981720544,1.12817587848084822,-0.160025607735181818,-0.500169661384699205,3.27197384267430547,-0.411758684149749865,1.04851682245742439,-0.503444042795596181,-1.78037521657358577,0.767445369183897386,1.14513191984058738,0.713273856355021829,2.40702585589176143,2.23156299559617244,1.7000232368926107
0.0889621566063319713,-1.26678716254738344,-0.220272664158926407,0.274281002674491736,-1.8363735669635588,0.488961537495478771,0.882211466974169189,0.786152953438932545,0.0523606125543096962,-2.28235701899308641,-2.77451987603882921,-2.11558540130198125,-1.2646378804695666,-1.31707080397376042,-1.79972949927681758,-3.64599162074883454,-2.45836865175108565,-0.723728998908316878,1.21598906144660401,0.569912146420840537
0.73906952465190745,3.19286674632138956,-0.942987540865481977,1.3565736656577474,0.615912034934088859,2.47588406220088864,0.19191954050852339,-0.54525065003028983,-0.0288390410111308178,4.23060193119736194,-0.115153732714055629,-0.0723435368277623586,0.0881352277186667615,2.32068231695232807,2.01239478459070975,-0.786861078231345434,2.35120981150101072,-3.44823494734734259,0.557543603700788815,-0.150280812125511448
0.777977642931007463,0.230845533560977867,2.1662227938774441,0.729234455335652898,-2.16733755907388703,-0.717042124208051801,-0.420886129158035138,2.29099863068649068,-0.0279788001562902774,-0.454007653205392325,3.85142726846330641,0.725357769317886425,-1.13994463216681985,-0.594982019417901409,-0.341625767755871168,0.54129187244501753,4.64201268471798478,2.3481016681602016,-4.55518658212919014,-0.578317573026236431
-0.818623664472971524,0.684295992625280625,1.45963553490269748,1.63898875796150545,0.54921202289681692,-1.54138710116346256,0.700852603923533213,2.54920890116032206,1.18383071472348766,-0.264899012685547552,1.33479652930013026,-0.175657582072550333,-0.648162452606290351,-1.28752537083677265,0.574996146862315816,-0.440175120666703612,-1.84665839401337983,-0.266526414379820886,2.93173875447002619,-2.80364575771380853
-0.850368344603414483,-0.653238308187911176,-1.0597891906886705,-0.828897143049204921,2.44647056585149958,0.778387784573705388,0.435502440257831414,0.345605531912872077,1.51485710476970925,0.441983761391958219,3.72478429430441871,1.02056308118611549,-1.23522069344589469,0.0158166887075032736,2.69788244342587591,-2.53968786099406207,0.649533445422735833,1.6791074860548405,0.85380675514656712,1.34603477372481506
-1.44958638979406662,1.38335408578151942,1.08142072167564463,-0.203974728476035594,2.45335667045349259,0.334651880609128871,-0.267383408055341554,1.00553005219708713,0.250857664882384646,1.77411751215965285,-1.72853177558454774,-3.07257199591444241,-1.06786956318528925,-1.66931487252199839,-0.159483329132877466,-2.64798870596103653,4.48212403520985081,0.62888146350348606,-0.298698413332417201,-0.636353414946410623
-2.07372058447647722,0.288382083318634463,-0.640144727447902739,1.03518702158492171,0.986947854238979461,-1.30517201192392207,-2.28773442397024951,0.243709781100910294,0.836072117397867798,2.83299708493694213,0.515529972830554239,-3.24444857973209189,1.44220503100438679,-1.52418379788166325,3.81571731482996679,1.37990675608163471,-2.04322848385160638,3.45653986490660792,4.36342624342856045,0.596590565806554451
-1.42518156950423869,2.40551303559303964,-0.278904520020371582,2.37973606127949422,-0.488974028652212067,1.34757823596796045,-0.455753168511350781,-0.581801610132220204,-0.191133080967796659,3.63974534664380212,0.456492069054506899,2.38395736943008618,-0.40342067753566857,-0.740731621603477497,1.21395493438799806,2.0866773046399345,-0.245632196061699865,2.51325774386436196,1.6671335423395961,-0.784128467005194008
-1.02369154462827572,-1.03474179168439218,3.19523103854587731,0.624633258642827704,1.57512721758096275,0.39402615684743153,-0.347366102812422084,2.34603867954158307,1.40281865350736612,0.954684338115573516,1.41826884494676642,-0.816406590859300008,-0.00258203459812608163,-2.89387152957522176,-0.281700316238052861,-1.5306026857126398,2.61736893886408595,3.05015762599703022,-1.5629710077186838,0.914925794075884147
-0.0678342224964147561,-1.68835071249162838,-0.165785157110338421,-2.14411950309371901,1.03821123706452134,-0.425388864002728628,-0.69247351949329794,-0.723321146838920126,2.26713709632262495,0.536196490787131941,-1.01052139220251491,0.158533469474157807,-1.43317097982727359,0.0392367361184374069,1.63494539430285846,-0.931382144963479486,-5.32703810945169121,-0.032297771468305557,2.11734083225572212,2.16290950864252496
0.317389185397307538,0.610073309040192413,2.58907385620286501,0.0454944859571950605,0.599231035555961578,-0.458686796036742173,0.782423265183391892,2.47168191598903375,-0.240665631143650777,0.814181534593091727,-1.29105288636777193,2.24974458208396877,0.240157292811187251,-0.677630847817290438,-1.23092586230649137,0.973044570793598851,3.35809342734905591,0.546146451249257425,-3.59489184608914059,-1.25368795316838355
0.785790936168636045,0.504714326606786168,2.22933568410086691,-0.228026290367565193,-0.378099132616261102,2.06587436241070854,-0.0693566703639378473,0.802951597677762252,-0.0607934171774155707,0.635406790159848245,0.395468170707329258,-0.487060570599895382,-1.11791785185824422,0.159842090526004788,-0.406267733272451081,-1.55745696711950954,-1.46924711171728295,-3.66219831291969866,-0.20574920085149942,-1.20958119300628231
0.146025324413239121,0.633518737005002386,-0.660117001215172916,0.51546815719749095,2.18480914333922005,0.300561325475368124,0.344342899767900334,-1.46524100329995677,1.64553555632266169,-0.963541552238118104,0.233039722260913851,-1.76101485005645841,-0.626997060806131712,2.29763879801203963,1.34124271342674461,-0.651000196386073537,-1.72475663674815882,2.53588162203348988,1.21283957357479233,1.83985920186457297
0.665464005650224899,1.86167361134854303,-1.92046687485114242,-2.69593464364390867,-0.82125732613280622,1.96610185202985965,-0.712014080139089511,-0.901262003466034245,0.109594125076513171,3.04207901217356325,-3.44216301194234298,0.875324671242127761,1.38941451701188634,-0.45261416732452453,-0.622762574911480349,1.27603801485164281,-0.0596523074917850032,1.83313345764462499,0.587762897329627942,0.94486675760640515
-0.196267300273253203,-1.5268764448933887,1.90714374144906862,0.750349106496353779,-1.56117658739706333,-1.3353678581467463,-1.59217180287945137,3.84341461159358255,0.587813963990736377,0.881577457090404693,1.98104728103799022,-4.2253668346127915,-0.375854765884763631,-0.417230259744052978,-1.49592931636272275,-0.848225506568751286,1.57676262987418503,-0.544331688228149591,-1.9618382884697918,0.314608943093669657
0.494133921729252856,0.658118519375735178,0.385203935396562447,-1.58281238527403345,0.0367833912688517589,0.922937927993829899,0.715883169563610977,0.090190320642252686,-0.572155554960937729,-0.372729197131034251,2.9978333720583441,-2.75448898459938762,0.0222885763790358106,1.04013511620724808,-0.128955122152419777,-1.70190864752085824,0.621536030824856311,0.514489240977780371,1.34267350423264364,3.21697754414411996
-0.709809395557495115,0.256310292868025091,1.5752288869874751,1.74014776457329923,0.20496763077736288,-0.889338189977741611,0.225166823367711211,2.9273193762435592,-1.06857830355923888,-0.188153985438117788,-0.743822295800568134,-0.0199273637218573239,1.23320501765832602,1.4061969870505211,1.6014952567126961,4.11772858835217015,-0.380546751832284591,2.09257871299981568,-0.263779413805642127,-1.07690316005305853
0.869854565810370683,1.10894335655281129,0.310600410842276631,0.22837745824228764,-1.29836397062839359,1.83870634038925296,1.30688601473971655,1.4230551529529758,-0.348693008300748397,1.24763491154893802,0.286146541622710193,-1.80028940872951915,-0.948985442809699098,0.943439982434771562,-0.94773181112416971,-1.07354333298960847,-1.13547447100610932,-4.16382461243482282,-3.86942860608533223,-2.18559223007562675
-0.197660434259636864,-0.761980368550408627,-0.828550234827428178,1.57907782226833948,0.488944783988941867,-0.310211323738972922,-0.498626068730023075,-3.05612247143412619,-0.467637811668628001,0.110341931393633116,1.93775027586544035,1.50990004669449585,0.476499378288933684,-0.201295682913737062,-0.139771895594323958,1.9844588751457497,-2.28186071543407909,-0.346760472760480165,-2.10834810539799156,-1.34847138345332862
-1.18319421618190401,0.594248907099310886,0.103598155041568787,-1.5136232625747148,-3.40398118066100119,-2.83394891290803352,0.655541941027639075,-3.25175993896590754,1.38830091941524869,3.13800114668618368,-0.0201736253244093333,1.82370728068159926,-1.82215737634081143,-2.83035956965760915,3.60211794838338939,-4.44678132675216364,4.19976915857502764,-0.670814714414084468,-0.878262998471877387,-0.554143513689596579
0.74696629851982066,0.583123416485096913,-1.38523376619389826,-3.13593665461838622,0.175519197559824064,-0.0257802910985722757,0.456018600056126544,-0.073123614501752171,0.169382278618770643,1.08925577849218369,0.521794688715746413,-0.11692279903707993,-0.671867827155566921,-0.672400135683498323,-1.51036955858237532,-0.833698867828428947,-3.13265890131068048,-2.59606407930800342,-2.17472264833951989,0.115034978425620188
1.97625395095848622,3.37240892922921853,0.0161626367886868738,1.22719573130530235,-3.9602305421630879,0.323008836062229354,1.03847432137185569,0.725942118873627251,-0.987156816809874216,2.97048779950702446,2.81684125601241631,-0.351018942152212354,0.643781590141718874,2.15972307085079596,-2.43075114457155816,4.24418992349851365,3.48921166573142916,1.38589300536937499,-3.84116170664360856,-1.56525679865989753
-0.188585006602399574,1.32603912101909405,-0.961478451658175359,0.0321182940235653011,6.0182583546217483,0.0316087801010558125,-0.711007471352952947,-1.82764009607809874,0.382398879016172699,-0.191935984947797872,-0.0498763200582128322,2.32527773271236704,-1.8663284600881449,-0.818615046253464151,1.95494428182318325,-0.633418583614898556,-4.64217299551327667,6.56884436416945672,-1.8779822202473333,0.426585659149438134
1.61276379791606805,2.5592275213122373,0.461994587114155864,3.386574849864465,-0.562635581773588189,-1.1237945119124777,0.851845761537677881,0.215573069764923048,1.12283282554011854,1.78344088695813308,0.220116979457976841,1.85855621711064845,0.802212764614461338,0.0323671097593002111,-1.30156977739735202,-2.45617000163974941,0.781212052278515978,-0.848058668127121829,0.276033735800590485,1.14533665323505818
-0.967161610515620329,-0.580514960052596063,0.199300921784810098,0.265603764481114502,-0.00708396539493408132,1.03279789030358216,-0.568807381718881455,-0.533466512873805088,-0.00663213026883769166,0.273432573338472706,-0.76632136844450327,-1.05378526273400741,-0.0427981407206727213,-0.449226604595847123,1.1167970411576853,2.52301664837423445,-0.395037797189740081,2.11309174832565638,2.43512835598955668,2.86757708401714151
0.862084273742668494,1.25016454966626855,1.01293181859290482,0.0672666225587431055,0.724193960725193264,-0.838654419804791496,0.980808669372017605,2.87656544450653762,0.516304509229149056,-1.23874630547822218,0.37909467005143993,1.18175248510784092,0.627295983186508144,-0.668004202327081464,1.36301403836605228,-0.546688373106750114,-0.849043989314943959,-1.36104670464396049,0.322769142903964135,-0.962856457054931503
-0.433201258913555709,-1.2466216195268216,-1.65003926854014127,2.10254147620999055,1.30034653426159363,2.11699030516478759,-0.294399257611648979,-2.92686336384015888,-0.0671200720417300389,0.161260189456141678,-0.412959813153301991,2.12075523761060403,-0.0427680151372858627,-0.49558578817048532,-2.23623607523357348,-1.77644472077268478,-4.42454042239639644,-1.72346204498338929,-2.01859785694920735,0.212745964902423895
-1.88303761852643192,-0.688848199251855808,0.272800212997018676,-0.459423405630802806,0.292167830855497801,1.60343678528032596,-1.65719252608137668,-0.210028605820492514,1.01792046585656748,1.7526692474761969,-0.0205564075465061412,2.69686184670292883,0.156309161781902184,-1.09214494392285832,0.118391700497496824,-0.0521760104261011354,-3.64743425812232713,-0.395784805204110746,-0.859366264384794576,2.34543739105236204
1.22628567412812028,-3.27819442210256495,0.768388960213793326,-1.34007493074172301,1.68473114456129336,0.4171437198882465,0.239760028092714406,-0.861661687185672043,-0.35608467599025545,-3.51052360102539351,2.73114436554312556,0.475028043774074316,-0.769279356619698929,0.569312853572412347,0.134260385488945783,-1.58267548023337223,4.6234816954173743,-3.20805825001236,2.08991371641198409,-0.319199350298412954
-0.0806021694651694043,1.76287077017169169,-1.20975712011715797,-2.01635258013783147,0.320968096490850008,-0.433693718579195753,0.816202720732302822,-0.406236497234197913,0.274477144785214178,0.318627955630577164,-0.56162954026093137,-2.23839501519265882,-0.81490268651425346,2.26290318848063166,1.13111188343182478,0.830164199915391254,-4.07331549578818386,1.81318388709541156,4.88123363883024552,1.32342146309377062
0.187508544533540683,0.844370344455929067,-2.19011907798908023,-0.874327782176033019,1.72158634174284653,-0.978776031856158246,2.72218190045787978,-3.13929524109927138,0.187772643888310997,-0.540234774840851029,0.744252075286161552,3.27764696989482696,-0.286117494336095957,-0.186096844361336139,0.595406334138415927,-4.91408991834297471,-0.422692062426908322,0.550005465169716157,-2.44851855975683108,0.511361806304475586
-1.79892873943955167,0.644801967253610497,0.867327577386841631,0.688541578365075346,3.2195719907892828,0.781891182650869099,-1.5285459879125749,0.92825617959316209,0.0494336240015846098,1.45913102516826543,1.55616092135964901,3.67543757027842144,2.03145794271526414,-1.29721864315336477,2.97268896219882395,4.80633939400673249,1.10015448233119484,4.03651314961437002,3.0369671577426427,0.644408469539198836
-0.750105796333949915,0.103006690876985288,-2.44023597989118324,-0.187706177268790048,-1.21977695869717229,0.556047022546866332,-0.559388476146172042,-1.45845416825017749,-1.32316817961283895,-1.83998519912070391,-3.96146523653138516,-1.70170341241723055,-0.9490808471507719,0.691901970428897117,2.81749798529801909,2.3182757621878074,-2.4865886929304688,6.19337016912916027,5.13457560973482341,4.01401085202759855
1.65792508140282568,1.70363390559158079,-2.25762225932450455,-1.73847317688744174,0.366841451869469537,0.644050363383099844,1.1097258297842536,-4.66746145555388203,1.95444946671897801,1.73384839164375859,0.521594252396555325,2.15370251525335465,0.311226846333679752,1.26848637125919583,-1.19600211861916672,1.88579402019693498,0.599209165792458642,0.8598673986850216,1.04759866225883269,0.439222756217546029
1.06982923757026183,0.374609356372264557,-0.256673310960656764,-1.67686964601639499,-0.0449340418772707084,-0.0548527763014874659,2.32025385046824484,1.3029140592660835,-0.138385856988607475,1.31457195240906644,-0.501247779488116607,-1.01604826847886875,-0.0610035506992173265,2.18108891020452322,-2.32176441730751959,0.617085420880688851,0.0113029439441241723,1.21371821859103979,2.32899715425259402,0.0446377931880619291
2.42427810465246152,1.74949932046799361,-0.882334988759247318,-1.68637373402160917,3.21818379491901352,0.827783266488981595,-0.676856696079031539,-0.574599673018427071,-0.00305433791872563492,1.46911538638116435,-2.26804014223176109,1.31002101268454174,-0.995974934962641556,-0.252541461284313817,-1.3017648457439841,-0.466148886439621379,-2.57803563999888574,-2.72329956862432621,-0.976867147839286853,0.388628465034540738
0.992878815080379562,-0.210818130413448684,-1.3178874214794265,0.949272770959384893,-1.02138006774071388,0.839268934939690792,0.828800917125121939,0.553559730065002253,0.185870213109169652,0.347710549186428131,-0.617884672945923419,1.4543986624413705,-0.545277491195201081,-0.733692483200233947,-1.63196003343649143,0.802888570247812572,0.141238351627693492,-4.72648103660460173,2.15508930733826398,-1.91818510363634664
0.261769473519071538,-0.344285952088543512,2.43563460597254977,0.798659435190693046,0.950488141125244379,-0.0226102311051605484,2.04580056945163236,0.89343226311664814,-0.0659106440999964044,1.628825082032612,-0.617192401949089864,1.30714505401825964,-0.23327407555414631,0.249801362140947503,3.32459101200483031,-1.80194949200647647,1.56095125855886474,-0.567722687322471775,2.98866040900578644,0.265421475989212285
-0.491213149399224891,1.5122082666297505,-1.32561252166095245,-0.513227766583914002,0.841080677515234854,0.444648724712041477,-1.20054709004264981,-2.53082857488497748,0.264707659382006188,3.0484565869383653,-2.00599093600349265,0.557128082974457373,-0.474262456760792983,0.788624235609129309,1.60680888372228337,2.73981646681013524,-0.218554734005542706,1.55587889216938979,0.672964631791455825,0.106466090984001865
0.867679378026158243,-4.63654597338538288,-1.27377168421988696,-2.75673338038551519,-1.89100917716416639,0.789750427613995165,0.144729587791413761,-4.55588568471638933,-1.52462706048779539,-2.86411959258878168,-1.23032847295087988,-1.53950274059349801,-1.33472511354918688,-0.406195185220999344,1.67599939078162108,-0.886018398993816958,0.356288876843040614,-0.609971819446878394,0.915005618165750101,-1.99414555325119225
-0.4333645497321576,-2.85959780144097131,1.70757963361291343,-2.18692987785169191,-1.57637166684079233,0.419718152249727416,0.0596045735887271375,1.64635794398885182,-1.21897354775940725,-1.86981294456558822,1.07030313490707996,1.0151933931691246,-0.805002895855794653,-1.07700982578659343,-1.11319344041974988,-0.635320425221264196,-0.122650790967980011,0.186552841948135872,1.83292728139245109,0.679303594417167589
-1.10834317761270973,0.729030290789849156,0.74277378460656418,2.47883782056137214,1.84378911701343484,1.99421202326340818,-0.952455657571465886,-0.418700269261889635,0.564773609751485162,1.01547521069904056,2.35647016559942246,-3.84504909603585876,-0.277349041224738413,-2.00317297211416623,-0.00140608896124564775,0.860437609541785942,2.33180475175605695,3.82669459309449955,-0.939250574389052351,1.36143479945072166
-1.6045730412913326,-3.73258815041187031,1.2345791501451131,1.53190202046359891,-0.810233337083077987,-1.97865228842871654,-1.17742548393469981,0.275531221460372899,0.473829109144922933,-2.78274747567714309,1.41411275569980854,-1.73857393457204634,-0.453071361231295655,-1.40630844845650427,1.87371631311905462,-3.74976875157462253,2.67575712482023809,2.8842797534890563,1.14791900629066368,-0.653515498985593357
1.29228845423049044,-0.242586327941633456,-1.78643097292822373,1.0309132673854835,-1.23009838300981911,0.311297182496242275,1.2036890995707219,-2.36499490000447343,-1.20458321231459964,-0.102338498760587149,0.460193932467321765,-2.27867408905650137,-0.571568177575689784,2.00232767905721643,-2.97985337016924046,-1.91874480807724601,-2.91063205891554855,-3.06056843855426886,1.28336003737446913,3.54477761666130364
-1.43773892609051157,2.12890213841334441,0.871712547264788085,0.270038858672846938,-0.811008615165392577,2.49100676310706914,0.928756263969434781,4.62301603248486259,-0.455524529711146819,2.17067387774745812,3.1082266439352213,1.47791344554692583,0.177507707977039714,-0.0420346099673196416,2.01794967591030572,-1.57503386656534805,-1.04826069163289559,4.91054584364702951,3.04400316055503595,3.83227563799471183
1.04736819276155346,3.18801145394327889,-0.0461392699320334748,-3.51374939019823307,-1.03569561962166135,1.14213399209578381,-1.28265068906002666,0.253719775028734551,-0.248695995656434576,1.6708047276176774,2.05872371763584239,-0.728470551924126353,-0.662751125885278958,1.9623231555417,0.855196187936725027,-1.63247965984025645,-0.940948086271315542,1.26637247331998481,-2.03498362358819662,-2.39380653920960551
-1.18229251630968424,0.928562817227465254,1.74919137664180679,-0.288062411218812486,0.0622040103165165462,0.913219376360342894,-0.399151055370930374,2.07469985034374238,-0.959486845592041337,1.22931742945868772,0.468562394249580738,0.245166481030726385,0.23288816026680495,0.215758831335223972,-0.560349238095503299,0.907082008281169028,-1.52206321811636025,1.44978400520381245,-2.43108447699001307,-0.247161105851708751
1.18164172881653839,0.911890050919917927,-1.35943611164528932,1.39121085508433406,5.30689073387881116,0.677344830278790777,1.6109094414413585,-0.041857255360382567,-0.777123324199484489,2.00579841618333177,-1.64291593482293008,-1.43338988394478184,0.436865417176410253,0.24531252792237257,0.617267859761174154,2.55873661748788672,-1.10215666942594859,-2.63086849035941395,0.342504912684736207,-1.27667475416180998
0.556346333084662081,0.789837874692465358,-1.09898508265765682,-0.472255921256610034,-1.65504556109593204,1.57573159783978189,-0.835199235647197891,-0.670178430991742347,1.32094509942445426,0.414586726091222824,0.769994148845241644,-0.273701196973632432,0.43511316608167333,0.629159394595533827,3.66302043068967542,-1.35620556051172914,-1.26241439539116507,0.17761594120999899,3.04188479718980709,-1.91901567243951821
2.20633485813063279,1.20127507945460366,-1.28734637936289698,2.14521368650335109,1.22481892161722428,0.0278527337621754384,1.87008068342843914,-2.53015170436234493,0.517617757904689779,-0.418623812470921119,-0.304538044271127684,0.143971345771287368,0.663118697108462496,1.34290016223434616,-0.241429706996859922,-1.04171418327074439,-2.78969874962045195,-3.32769317197130832,-0.721499177601719999,0.540165641746864433
0.337025210334291281,2.36308876706419246,-1.37174221055099932,-0.761597495192544494,3.7994962797221854,-1.51040328675720259,0.348680709069969896,-1.3570966932467976,0.667967701020576121,1.35079837879334219,0.224195012216061418,3.23022269413516128,-0.569224930375507698,1.1484004258663072,-0.439374334629192453,-1.96446644846098528,-2.60026100797349624,2.22015489704245539,1.69121950308694302,0.299641116806447394
0.577208441334282285,-5.1136409971091954,0.543887979088785389,0.74479130329163612,0.512405157346299878,-1.10165190951756986,0.435180338615561602,-1.59063273394963534,0.114477805191271542,-1.96201836364181004,0.74432954901189885,-0.720535936072685956,-1.53864097505078901,1.52308534979301791,-1.70630128010236093,-5.02486648638807143,-0.938252069810016298,-1.438501676254345,-4.69397067906844967,0.588390283937015313
0.523135688771281138,-0.507965374744471121,0.314573074067417358,1.29945428258510209,1.12078026533845199,-0.0134496351336596594,2.33980395857943879,0.53225170082748452,0.231954336738347033,1.13643386594953988,-0.196343552703229812,1.02063419912427311,0.732734764298185848,0.01579615876627,-0.552098383535752357,0.192008881208812793,-0.684455955592406351,-1.96519747059188865,-1.46202429991753191,-1.3491801372310015
0.101119881128921479,0.394434953879927996,2.22632072649255841,1.52855673866946162,0.534899947622682115,-1.83100197939711618,-0.456182678531784236,3.72674682345817265,-0.548392355778657969,0.641040401829029216,1.09580803124559401,1.86646554768176798,-0.495922953335632077,0.398639070156053543,0.96611647485801333,-2.38863321685111352,4.69717841399780678,-1.18865025207003705,0.878301361101011646,0.225850303657410129
0.342974036847663588,-0.758321811559892645,-1.04144028998057792,0.603591693859937162,-2.39048130266708458,0.900597863436834345,-1.87029210127930479,-0.173232040413278804,0.367540343095773325,-2.05702023529663203,1.68741018528970033,3.22968545470190538,-0.149245335792953848,2.18970867893564902,-0.352622315480289383,-2.09328626117410543,-3.01454246852652563,0.193617434406477801,1.29808090193523196,-1.05010041472460336
-1.50888969659986794,1.08901091252152149,1.60159693229633859,0.850262361176853609,-3.38723872456422015,0.700602230625390954,-0.710707239828652582,1.70075456942989534,-0.673152671351507137,0.955521334600439864,1.15385771837490769,-2.72067203881697761,1.05380903427642725,-0.598613171024380053,0.426199131519708729,0.526925332865540441,1.06108446091342046,1.35782017742438987,-0.383094069286277761,-2.027536918629814
-0.239770972261779874,-3.47227831847712354,-0.0546022070707599672,-1.32769335095615837,-0.341622835323215024,0.242926861702414953,1.61204749197006514,1.60973442060855554,-1.15544646617212154,-3.34745903001685052,1.50892671168032577,-2.38828376417665122,-0.733373066135168172,-0.185085954218874749,0.42852998409016696,-3.60717713436371401,0.254451772521528674,0.0533832292299599789,0.0957113207611699074,-0.97463037876966796
-0.73088010459919206,-2.16423443162294005,0.42487212874410607,-0.686586227315926889,-0.757821637738358644,1.40559125446743005,0.988760220418492541,1.74391930351890445,0.905593361364472549,-0.367810761806816378,-0.874713122956094824,-3.49964766851726461,-0.349577549713117053,-2.12479711249431968,2.27305935049168717,-1.94267161132600874,-3.30337362041548577,-1.72336579923535549,-1.83126415109845841,2.31841697661780577
0.421155381424690278,1.46900646226331588,-1.55648293896762557,-0.463370912158578008,-0.882821762122391385,-1.84389320843021864,-1.08371040407437014,-2.84419404908093121,0.293787684834491969,0.592413127251868343,0.37885023453089528,-0.1509819428875743,-1.57221745933654122,0.616050880606411777,-3.4541653070335534,1.42679416162018291,-1.74044317610231314,-3.12713064089818582,-5.66586214118876352,-2.72147665413351003
1.15906731082719117,0.299001608949359454,0.377886233911952696,1.30185275128580313,-0.359454023806612788,-1.21013893695609132,-0.822840289874402497,-2.01931806671270619,-0.635125630374096417,-0.577574827872066598,-3.26187254731919696,-1.61666584950721304,1.12884732717626535,2.4067006561537112,-0.0837225175070371169,1.58059393357607925,6.51608639945480661,-1.06976901095344479,-0.590863815559822481,-1.83951945686984986
0.839256128097040976,2.16256490224581288,-0.55822332898204241,2.80104431616673333,-0.10276103279751822,1.19848051949155843,-0.856416597518240619,-1.56135622782124428,-0.506932370103543972,1.05621502511383714,-1.07478833168980104,-3.9906665561548289,0.593827113580400412,1.73313983128374405,-0.984678333533506978,-0.262091332657779674,0.0229765602193516758,-1.5080251555172699,2.84795442392108766,-0.817000097977982565
-0.136353572726874678,0.0807364322724657135,-0.217246862285800924,0.531042769596624442,1.20071575376693063,-0.765537069882990195,0.0289641237161911633,-3.81098387598161947,-0.447206222133053166,-0.542514009018027377,-3.02419948714090969,-1.91435460662014911,-0.0482599062423080399,-0.755487320579191879,0.909590558359939405,-0.209486823857832072,-0.616967652079529638,0.685607189642973291,2.48245694620762603,1.18282594063340474
1.24209098721970457,-0.146483909651501654,0.0515712839511468027,-2.07304954474730962,-1.74578574615037874,1.02422036147276097,1.90510762978466452,-0.0990247285420484957,0.349682751745856113,-2.01520808762178083,0.0418175296698916482,-1.22288804347165803,1.21294697114510708,1.82992192120422459,0.0954657004346441546,1.13249054942705385,-2.60308109857160463,-1.34817143401744755,-0.363743765786663176,1.05828896097518488
1.5033545021856578,0.141481057046354025,0.548478787192965278,-0.245943863315440853,-0.695382800710971694,-1.06539014599870985,0.646344590903663141,-0.624806235913938912,0.261812648787661528,2.11418216224720634,1.0600066470893692,-5.31337692479925394,-0.0140871999765224184,-0.468560349738473159,-0.0173331228236165147,0.0989390802229927063,0.349373469047556895,2.33459658683231419,3.02673329314837058,-1.6448468138345882
-2.22677066364105336,-0.130883134768277926,-1.37370507084402393,1.32900457445697961,-0.519626468767111604,-0.354404685308367329,-2.62987595791791007,0.157433922511358626,1.01297742060761919,-0.156932406482520825,0.0166894431915543713,-1.17780036398556165,-1.62736634888262066,-1.58726929224126456,0.109312306379649518,-0.53332272882369125,-2.14182222813620271,5.13070474916083175,1.4462623429754542,2.61617405143039816
1.1909016755172559,0.54406423659295744,-0.61207260610265779,-1.59278980723705321,1.50164977474061678,0.29416739376839468,0.632880210220168604,-2.75393232884822936,1.16410489190019262,-0.131982502854587902,2.5503584814574225,-0.34852654626001317,0.669606740679310031,-0.356024809950015009,-0.319670097272843068,-0.0670970876584888604,-1.30662623412159351,-4.45231694050804272,-0.357608717921803043,-0.894213328281253217
-0.0983451513689769935,3.71216065480034541,-1.42298384220046903,2.75710686290808882,-2.6558295819949187,0.923530240349913822,1.00555869296445866,-0.499884610410981867,-0.487908953617175456,2.17932922926769557,0.721223909389062445,-1.04124236856123176,0.276381654358064666,-1.3502924809017931,2.20475852692355145,0.0772093258003047206,4.16412767763471425,0.106905168550883778,1.85397024426377044,-0.91249676078774089
1.14849437053208869,0.601233819589779395,-0.397747747966165022,1.26347369279917454,-1.54672665925748154,-0.0567126441361755981,0.416743138119548828,0.995450083180733025,-0.650222838274871484,0.355843957391173138,1.53037616277141808,-5.5361417510478157,-0.867097280036981832,1.12204108745344544,0.98501139744488464,1.28359095947963842,-2.00116835013249883,2.54565939170400268,3.62763604908086457,-0.397330978339735297
0.564680088928679602,-1.93575963789865413,-0.723959165332847876,-3.45177606858268593,1.23917255799727566,-2.08334086626401005,1.55728607795656493,1.14354811332468764,0.743536816591925387,-0.797917424159574673,-0.320727975833588419,-0.240821476251186412,0.0429789012822238484,0.72211126272620163,-1.3119799905405054,-0.669622646760279494,2.14931357275369272,0.599662327981146825,0.564638841724003915,-1.98271750447746564
-0.628329398139905404,-1.17346620179303485,-0.566694600925895964,-0.381457597915259738,1.52619629972004867,1.53158630201989054,-0.219169975153658492,-2.42021981564999189,0.0924204597226198771,-0.611953935110791103,1.02954025721798437,0.793241149562576964,0.398859232557094379,-0.925648510797573931,-0.54146660990351192,0.315321513248331409,-0.261576347663290854,-1.69227406880193931,0.994708318263234137,1.33524391568723577
1.16982165221454815,0.0140026502843024724,-0.67055087125525048,0.538096602402366897,0.743203962212212188,-0.180489608437501309,-0.22305812553972082,-0.277966608841946072,1.00251931591252608,-2.83927000144557207,1.71325799317490124,-1.58714721583161866,-1.01367019017346927,-1.75782469793915852,-2.12786638085567148,-0.886639593837515783,-1.91355316943803277,2.71591810217579344,-2.0607069087978922,-2.12570507837154388
-0.0240260405911052986,-4.53337243177582394,-1.44223102309580176,2.41431780671677432,-1.03147302954672115,-2.71337105139023471,0.508928496147339482,1.17026483349780674,0.139255312601026665,-3.69407206504490615,-2.26792976242013999,-0.342591219892007137,0.0403301392493113781,1.5975450117512664,-1.16832071539408311,2.14166986800412307,-0.475294764114565449,0.960412619083408026,0.180995536241175731,0.549372925049887328
-0.0292653470625119025,-0.897486374354388605,0.522405140658319112,-0.985836969803270513,0.00113272716256754323,-0.0739326684067111162,0.604203285781364841,2.89821199245972227,0.157144007735147473,-0.607099584862291208,-0.468671768001987232,0.0983283998432378376,0.627816513174546009,-0.93251845795706545,-0.642679927135531015,-0.38393982111195285,0.115729672811469758,1.35146774592032481,0.965491974672678888,-0.840868562482424808
-1.55809508682571507,1.19959772343072779,-0.499506202829633872,-0.291456633971013013,3.40452290436859517,-1.59158541051468339,-1.0480140811123333,-0.447820521663148174,0.339167428460601939,-0.0652573180373595824,-3.29535144597475949,-2.41831522943548727,-0.435826565981788039,-1.10422809362653473,-0.00489825343390585047,1.74638980240657093,0.836550373803031211,1.04558093612624736,2.41814646633168406,0.661651731401983634
-0.285674405447158386,1.31749229832523285,-3.5332724502482451,0.273018965916321021,-1.28615671031318102,-1.27268400633623791,0.355006456055722397,-4.59302082743120543,0.244598070848926735,-0.403335205476776149,1.13580918039185064,0.287349959249890652,0.847583978007779071,1.51142040850274917,2.41413206328862584,-3.00541095108357359,-3.500347299582387,3.47947536559519977,4.18900783315828829,-0.169353912123269945
-0.226023793736941619,-1.66123717859402587,1.44196370962482323,-0.159756999108125186,1.83653515026573211,-0.0780584412649629189,-0.481841788243881408,-1.53367828957197494,-1.10237164028105772,-2.52697850546936964,-2.22490169225772272,0.313413158107567535,-1.1923601455010997,1.18025779253543339,0.949526790078934035,0.948356809298899539,0.758784833236822331,2.21568072411106876,1.43887504153092372,0.0071118834159243742
-0.672519189869334899,-1.76364246276111691,0.128775118559649043,0.606301517480838492,-0.14785255456475152,-1.54634808642233024,-1.76070707315249875,0.611546615509430569,0.458393842814133257,-0.406577011848301806,-0.520744714714109658,0.0575897264131513889,0.60947948215725023,-1.0270790689358249,-0.725443576650587341,-0.0661089568039555792,-0.306983225565664264,1.35831245188080163,-2.33164872202410089,-0.109728574616945421
-0.213075046589378314,-5.07031354323771044,0.737784721627185114,-0.501412385771152214,-1.6573526193724184,-0.0455168086052339313,-0.970238666537292072,2.69546218332515108,-0.656577092147748398,-1.54470254677612817,-0.535627235719221328,2.31635219266637726,0.344006916487652137,0.698863136380397765,3.95377679862209686,-1.52703614622865791,-1.40863655642612473,0.684942945524340319,1.46599433369990328,1.65650013524103024
0.68904806186821177,1.86901744110939871,0.276210315411307861,-0.849414904899005174,-0.69556768968067284,-2.95651090458003907,-1.30071637905573434,3.41979318376238783,-0.127831291897514604,1.38602538085810467,-1.33892011586636173,0.597306881864990813,2.85287414258365901,0.474016359296490608,0.359277460770242196,2.72182653795305329,0.871472507556155684,-0.200754154381112104,0.790234371468474528,-0.501848876188088711
0.76558295384606212,-1.77316092857835428,-0.392122148916591917,-0.935691370998514405,-0.679013426069227766,-1.21354483349330078,-0.112509194673402646,0.130459600477079246,-0.181244145218684538,-0.0662430579891615662,-2.26230327941740494,-1.94031871421857671,-0.84250846109334443,0.458985758716995984,-1.12488534495221182,-4.87538882835623433,-1.08438182116799764,-1.36223577065292933,0.908994941708356152,-1.2502781790065054
-0.178523789789572451,2.74632378364917429,0.130977239255376965,0.0269851717246268573,-2.31147067729671196,0.688712534540923738,-1.91336616764632694,-1.29111978408062811,0.127866684303272027,0.993437666150679521,0.993972352344116739,-1.14803234270613208,-0.114171534385070453,0.923513082780873185,-1.1328082958617296,-3.11847286278817615,0.644950933787902692,5.11896522510355911,0.792459901714977932,3.74925789099896267
-0.0376958598977100573,3.85849965560516406,-1.75737185276488894,0.149498810958281908,-1.44822721222996953,0.499609034266036034,0.361737503189827558,-3.10066453684458221,0.555951702593363239,1.72434974378505013,1.72184467999436519,-0.668815408135651102,-0.822272443544099785,-0.72482083800604602,1.6746603574517096,-0.682276611988964943,-1.40975073036737819,1.50004349490747968,-2.39923733861109678,-3.34246169378950864
-0.854977297787815615,-2.89405415950101652,0.880610769152892381,-0.752963662243430476,-1.40688393957517799,0.327181192184224645,0.46511489930821881,0.00888200740426990654,-2.01978663713203721,-1.17859041750914528,-0.594772054152661878,0.943189670509868572,-1.7395697362153979,0.182262773942395068,1.77651252457173814,-0.677257282971878483,-0.646838446031977266,2.02439265623294595,5.46290284961964012,0.746819799144217367
-0.860548235555918195,-1.68193117355235056,-0.610867764388488332,-0.963242138789824121,2.72347452504747656,1.04574590960585967,0.231961301882051857,2.32991154640980902,0.0338640792569820936,0.932096130548466517,-0.422411610187322484,-0.565160720981427667,0.0385869771300891423,-0.0748522603813720488,1.92914626659697963,-0.0561691332027476758,-1.04871049748554546,0.91246074554388279,1.06582110338042013,-0.0775405353715872409
0.884821056433295117,-2.10125336362193149,2.19680910602852686,-0.676293240641357873,1.32042889474530534,0.0475811924567859507,0.697239935725525339,2.94821815487913197,0.176407933834461489,-0.291331761048361282,-1.17623493831920833,1.79806904020869029,2.63373979647810774,-0.654879901452220192,-1.46756361480522712,0.131775477032182703,0.666811804768379202,-0.794363921810948947,0.791660001505965605,-1.46899926105978174
2.53522959297067452,-0.148904859255157285,0.750652180479787434,1.54783323622701241,-0.813441824392049928,0.960860978158420531,0.915170393955916373,-1.36178557118228838,-0.443019499334493194,0.0301885320795158597,0.856803269855711758,-1.88477188169388477,1.49158264859597489,2.02487460031606048,-2.48849729025612687,-0.268433610198098971,0.117507678887416228,-3.82877024534771326,-2.12813893445626734,1.84644014265550505
-0.296605551753368391,-0.878690243043113828,0.0955464046126001942,2.13163811635880895,-0.274343375201436979,0.916910868242855615,-1.11347095955571307,-4.05760591533895543,1.14021343475703363,0.376880248752773706,0.898183809132632849,-0.684905933495386643,-1.30003629579472091,0.604894952547017528,1.22733517548132287,-1.78806043988578289,-0.909636363087881095,-1.10259500448157866,-0.907958799794324589,2.40764332544980997
1.67713476389738236,2.46436425567954576,-2.29620071154845018,1.08029010083624266,4.05465560138786785,-3.41794941560991727,-0.247588005883981693,-0.83579269933419098,-0.654987044923693196,2.56955969998516087,1.61809975707115639,0.0857433188703213972,-0.601343797870403818,0.441248333965695627,-2.38038481473415731,-0.128484862328289984,-1.35908715610669417,-2.44660267278505916,-2.67367879503668426,-1.46454012249807342
0.484176016101294626,0.445715618596683572,-0.656678873896621274,-0.758169811998295695,3.16979026916865481,0.76248731650968915,0.702098192215062644,0.345156108177413878,-1.18885529392611211,-3.01760460929141239,-0.380578927079215701,3.85492433170856019,1.80665403362735666,-0.200254638634070836,-1.35233491734439237,2.48904398977282648,1.21044740148356533,0.298962865929003896,0.404034073408661043,-1.39231947386040122
2.21642080365867233,-0.0458747504197346001,1.70274977291942964,-1.56381149524703522,3.34610816985038984,0.620903506118191006,-0.153531674275148661,2.55903367916204072,-0.380699728304778495,-1.27691806375976524,0.199024068567538376,1.64416578904997057,0.125067369721339111,0.972633535466300048,-1.4309196648710274,1.2670532819967204,2.82350420796701052,-2.63648158115617726,0.60051410599040822,-0.689601059217162304
-1.0458016779564836,0.538314797653283272,-1.94281000797328973,1.51369071784158993,1.47704077885562945,-0.275285534573325441,-0.811649896208914257,-2.8534603312160054,0.441357680709156597,-0.639638459121907865,1.56931494123356918,-3.21784328012492482,0.237866185543492398,-0.615310711434158053,0.15978163020790126,0.0672616544088178586,1.69490978440881523,0.739923724279420325,1.55620243499038136,0.8049895349641214
-1.30789434969745111,-2.39464250512982568,1.15590710476040792,-1.82350863380042227,0.229566273722422609,1.84465046388667986,-0.702675371526433556,0.303878387061347233,-0.831193134673688605,-3.16992364055710496,-0.236323391463780647,2.09322092666790383,-0.267934696512493131,-1.18083230814871376,-2.63611846015968743,2.81781877329974018,1.16316797379870196,1.50765251691941393,-0.867307655250058041,0.521907268624482779
-0.916405635940523378,2.82154426479972598,0.0826946710147077879,2.29306570427000889,-0.37736939350464338,-1.38322107198646438,-1.36991840191005876,-0.112940256020311477,-0.980916514023604913,0.191172201418591287,1.30391865615240921,-1.25440748331492302,-0.624565089292165476,-1.64623467791922451,0.929330876371339154,-1.28139138734820923,1.81515230367909197,-1.04974443788950089,2.85245169509948138,-0.171827386013747224
-2.19590832229404942,-0.0649359980823504823,0.548507474079985236,1.31534725856603285,0.43634876649855675,1.18155362244750473,-1.22251016020293402,4.44154506689458195,-0.166488779973253259,-0.264135682903878455,0.300143299380394302,2.27089593553423841,0.729113402802636812,-2.39937980452890498,1.78398373149719536,0.892033632718116754,1.01112160124157446,2.21702910711257273,-1.16395292289823393,1.7557448093313015
1.05569976964115142,-0.117964875552808865,1.47698139039442333,-0.0213691345656746821,-3.15028293082231592,0.665785054047734803,0.676276327587007287,0.732589824406260637,0.929851546205252344,1.74441187263339192,-1.48842434878377294,-0.213491347968572082,-1.64347374604508967,1.06873482150250321,-1.69391419045214775,-2.77857684587846787,1.98452567232761923,-5.58709998411125675,-1.08981276505253422,-0.552251099768119258
-1.28467140059359841,1.81105918802573762,-0.111594238640035814,1.45013095230043576,0.861721544860165278,-0.303198587643372985,-0.595198215599956337,-0.420245366831639489,0.791561469554415531,-0.63237616896500437,0.503883014631493653,-2.76257910657483041,-1.17143444697794252,-0.547184119762726628,4.04149231415580257,-1.77369605934789876,0.938845407373120611,2.92929495684006369,-0.883620148361486168,0.185188052986833662
0.852033714061403824,2.4851307171618382,1.57632356523482242,0.374542372003924096,-3.06391204196693367,2.05101951136687832,1.13084172534420246,1.43398911312280575,0.65447716793017785,3.49578802124182175,0.477538394244889641,2.6335574713267067,0.598349106103090778,-0.0648702942218212786,-0.627361712233131419,-0.92146282254584988,2.32253454500726564,-2.48320808297002538,0.588932904971734006,-1.07045540191134747
0.044887716973943198,-0.0717610145594217569,-0.861880956680291854,1.48001429979744326,-2.85375372657529525,0.198580107436535036,0.0975910573888951888,-1.713973658079184,0.356895296483431268,0.933157471836212671,1.81714646381532074,0.791584932859730417,-0.977955802057750123,-1.58370512462783819,-3.07971816533970744,-2.91941423829258362,0.485701888908881108,-2.77656532914505227,-2.04206637769712795,0.172871321710485221
-1.08560931586491538,2.06748026941811203,-0.577411797250428238,2.62188400381702191,-2.4446406804243983,-1.16541438133390507,-1.52116829703240763,-0.114131833493181276,1.11615354973759118,0.193023485603998762,-1.0630648367858857,-1.16942741090271984,-0.474215714212450068,0.199116564843797972,0.905189327725023141,-2.03108201088632478,-0.599067524477456592,-0.1099487801660117,0.0277197120248299095,2.10775905885495662
-0.358245573551892738,1.07171755654874712,1.16740381072703991,-2.04009773111925918,1.49929843085800374,-0.541853330284668977,-0.904821508517789641,0.996094808176326341,1.44260530297603551,3.37732757277543749,2.15311968864974945,0.050381317606198843,-0.0394193438853288614,-0.851198822955021028,2.17033908624181127,-0.598448155535544313,0.874670384125729283,-6.2028158266609621,4.03921497642984217,-0.817058046305877972
0.0692206074758063838,-0.448480844765968278,0.195610827913800966,-0.0145974004932950471,0.0663612362781499793,-1.79479213371735735,-0.414245584639251874,1.68504364033490095,0.626627281633276079,-2.03122000258364643,-1.28674201571196756,-0.00827662087545693627,-0.0109210944907668552,-0.510540303616326185,-1.53620026593972536,-3.09660585114898268,2.15586349794471888,0.162853519928859575,-1.87396575156004053,1.20170308383647018
-0.256622270616973458,1.73440946134212859,-0.245030189447575542,1.88045858102680685,-3.24812693098650529,-1.47411130926389466,-2.44131970000723264,0.128617079366275366,-0.946911848794957489,-0.435283518154528593,0.101880753100289448,-2.84717088283342523,0.298882480501292347,-0.180680866393724215,1.67184225304194745,0.0399121401181305735,-0.669784681280751637,0.625978778591188112,4.44963972385141382,0.3517811915331579
-2.45239181820289076,-1.18833310727525587,-1.07583897457068844,0.0313554956204195601,0.335225531230131157,0.368361916361568342,-0.311852297182919791,-0.704529164529352547,1.8974260976468309,-2.16139006787479993,-0.865592168586885036,-1.04035756831831505,3.12048361432362631,-1.69826663473442729,3.87408341880946283,5.41736538401392753,-1.82704254380506748,-1.29239340085909205,5.99625903961672968,2.32231163611128411
-1.76229681516599124,0.995347000738270871,0.818328875845713677,0.370557443407019127,-1.42747739417568109,-0.0733915230105352118,-0.0829787768194541892,0.952743677648909326,0.182370423712304552,-0.31156172136812782,2.82215075771081869,1.42653532481225809,-0.752655249157237694,0.110149955697527141,0.120862191118404239,-1.26250084618075586,0.707267527425903153,1.72633024948051772,0.5924373366098864,1.52175116934828836
0.848149198092654433,-0.0943819995002014855,2.10137534556060945,0.573405385056813044,1.57811296919729038,-1.2962325563293482,-0.116671035400491882,1.37925173845712101,0.839133501880455213,0.576306315999306706,-1.93761797316152773,3.51429385101657976,-1.76408483082987644,0.701594546553733767,-0.025111015376929717,1.83398305128694328,2.86871638256167882,-5.42430811416365355,0.800922993425947083,0.489798667760252049
0.375409495141900251,2.28905502908531888,-0.25939808016992344,0.0188268890969487679,3.62452787645090302,-0.716228138308925621,-0.649062385608960013,-1.4393684803677349,-0.836541434801953088,2.90725296214425155,0.0390304148628230832,-2.10926928101829914,0.188334533677025823,-0.994518202056733802,-0.197311257201625678,1.48141482296719551,2.85982315337370352,-1.38944161637896157,0.638199072142340729,2.01291395447446542
0.622536509765663326,-0.768604164971109283,2.16002539386915338,-1.57280601258139208,-2.23041718342821316,-0.637809122539564233,0.789214107637849382,3.21900672403323274,0.659522772414828151,-0.856792492092041114,4.15069900361687871,-1.76496616328422617,-0.80507832902434473,0.117252519151585438,-0.0173642933194012306,2.8622150698031521,3.23798593001084578,0.0834365676882878743,1.90410821426223986,-1.49916472002494405
0.697768105013414242,4.58427354900882378,-2.97860019740621462,-0.861950039148714375,-1.86478922124206181,-1.57601821735670766,2.0340979968695736,-0.549604712072453205,0.307453857243477957,3.25874044619026471,-2.28024776961873066,0.821331145253308859,0.355530919328973682,-1.67265339576703087,-0.0570632138627203064,0.340435775400024898,0.595854428944324388,0.546311992724019202,-1.03321529196374318,-2.35953354419461681
0.86584871005851205,-1.55028291271609953,1.0762784452600016,-2.16965084466645397,-1.20203368443668235,1.44675482486602847,-1.84263088326047719,-0.498731143980102209,-0.495555655282163998,-3.16210486093474419,-1.14802454397411902,1.20204169201412392,-1.89283781261360451,0.714594180843011073,-0.764880582847797696,-0.767243379707848283,1.68168835156362872,1.12720131269349388,-1.43970798561968238,-2.76191033213166559
0.0826918346006944305,1.84841555242470057,-0.405582053483159399,-1.93060503277276752,0.203321271509544932,-0.647310573380512566,0.550788864712529302,-1.41341747040207366,-0.923079668009457732,0.556616365898107479,-0.431497167097187995,-2.78912602349627337,-0.0724269312929244902,0.248950061812404033,-0.99098294509729401,-1.53838079538511563,1.51703904390706312,-1.90541236535522462,1.9485172344696855,0.480462279560535832
-0.134920568488320708,1.49519744531858079,1.00891546847433777,0.16077603091606002,-2.92247167015893883,-4.21112591131274261,-0.160916357690153417,0.322269304512209365,-2.54082262506390233,0.232634125920478718,-3.93271629192283534,1.11097509402497541,-0.311363678269645727,-0.921399524851678975,-1.02427484523717593,-0.500790015708604708,2.95920221894740143,-1.87545147599546325,-3.30948816810818958,0.377596411387719322
-1.0888386613055554,1.16897160613407447,1.22856804123491448,-1.75440686700967485,1.61157485089751185,0.399116923067573848,-2.26733159969627263,1.76600221973871507,0.144619912598223405,1.91672152215821101,-1.21534126302895884,-0.397520824308707887,0.206636961047300172,0.0624264038200594562,2.34536660740960645,0.248233727922188896,3.76152562155783698,-0.654704645519516237,-0.356451010949997149,-1.74389808015325065
0.299093396136224432,2.52028743346767747,-1.95331487451695462,-0.797153065904536162,-1.40295875649010005,2.89383604028491215,0.862090461863890489,-0.891336081234401112,-0.824835352043558068,3.56031351537128238,0.407435964556681851,-0.901657754392680255,0.499409523589371684,-0.0816255398694391565,-1.22255119497602061,1.33870738218401875,0.440255348683568914,0.279001743953120163,-4.12295452102978466,-1.94085381189430684
-1.67412151876346282,0.247412406905502119,-1.08106232301247096,0.913806658519245252,-0.737225304700164341,0.353123888826296584,0.560323435387849345,0.939452158977771346,-0.40626061675414693,0.97419681745622333,1.06012928726930888,-0.0586095903844771823,1.4682003614890986,-0.040169350187439147,3.1906253097141235,4.82340914051168124,-1.6377164385983094,0.78319975309352563,2.17505333063111328,1.87050026758656807
-1.5008703614510277,-0.490309340285729089,0.147495516137842508,-1.36902743129785032,1.39911493626443861,0.986283967233327119,-0.408947997410842534,-0.281687402623734373,1.70127349498894564,0.199572218072910423,-1.15748864738717527,-1.72156006209273538,-0.097868658973758807,-0.965967590729753023,2.2022755971881125,-2.00081997879666185,0.120156354123341358,-1.44630221675865744,1.98054971264581359,1.517184490481158
-0.522843400117024015,2.13692427819856956,1.01375995343953917,2.71425852213075069,1.38737782155607725,-0.459999239251581871,-0.699111074336263072,0.247643099371976094,1.69705218397789337,-1.59351459417443375,-4.15567274294080757,-4.08061613306803306,1.25591726147528404,0.740109778945385877,-2.11292006787154207,6.74520919193959934,1.79774490678158472,0.999039844162394441,1.7356266843246122,1.30045725412800173
0.958317537986230872,-4.60661948728182402,0.752744457543711998,-0.774232818672406009,0.468101113901005617,0.492399364189395394,2.04711748460557574,0.629867371904356377,-1.35023391639390944,-1.42186987546995214,-2.95383670245584362,-0.955032480660764627,0.0506109103617346651,0.53442847323413456,1.07348646851456486,-2.18097047207394379,0.912400125319743349,2.46412321449617489,2.91235064063789562,-1.4889386206381483
-0.0920589275534913626,-3.49551233851787613,0.0821242909491803896,0.276768221230287048,0.843452053183322392,0.544590272161358357,-1.17581765070378941,-1.10278140005978198,-0.153896606496186694,-2.05466565228866571,-0.703100912260875233,-1.37348585415872582,0.355619114200213193,0.332523376175416219,0.505960956415042684,-0.641196762443050905,0.101479128332037788,5.0826726437054246,1.97404660063230364,0.442484563191499147
-1.67409115015158561,-0.973362426581447115,-0.233227887008246954,0.0506805429577842012,2.49210246956541281,3.24329834865686895,-1.43645307938571509,-1.28596422824403001,0.12455894393255236,-2.06339664331888306,1.20268433482257042,1.05505252165183605,-1.36196042241402027,0.405547057153386126,1.55608186004697568,-3.94731258074842861,-1.26251663976275341,0.98631550438965776,-2.53713332790944479,1.2084530571440002
2.29720681860534004,-1.86072249769317644,0.791561485582917945,1.72196597711889088,0.221557949373512836,-3.19955269387068242,2.08414874533622019,-0.531758337171178042,0.215390156763998503,-2.18734836922714981,-3.55027004423843007,-3.0332563552659435,1.15407446111327783,1.80708630948847682,-1.672238396578408,0.306948977714913307,2.42829387586600065,-0.907526360899235551,3.42361719847458934,-0.59066443420634962
0.564052228071036388,0.384801574823461834,0.356329055775610692,1.31900916460711448,-2.54587128908796512,0.42833199073855438,2.54516800015895406,-0.724769621288293586,0.528107210478346412,-2.0837261940923586,0.135243308203900736,-0.813333927223446107,0.0227885978126697065,-0.50790623597241813,-0.943743902007384006,2.5124541822688049,1.30456818294154497,-4.95989695920672613,2.05558697138165591,-1.10557407585115652
0.137357096830171027,0.346817787581321535,-0.956232144511744209,-1.82233675200990386,-4.37346113752023591,0.0998452274129760231,0.652250250792987041,-0.798664068478787015,-0.722318269264880963,0.113211802805401981,1.42463636850801123,2.1543067975160306,-1.64814961985346198,-1.38180836048020272,2.99331255886182301,-3.58911573513342796,1.22895189738500221,-1.57446446844452281,1.97784540013558408,-0.367601556747543134
-0.137159369667231579,-0.297087537436689475,1.38894059787991875,-0.311819275248943373,-4.58607587568120323,1.6931198275391306,-0.218218194946532107,1.18772917567712732,-0.574929897319594096,0.204082579822053301,0.897945649610858543,-1.75013343219010054,-0.714408807094374598,1.05541687500025927,1.56575669169382148,-1.77530023139356508,-2.47350824846119766,-0.556685009281054355,0.132376062858682947,2.55569018433339457
-0.552408455384685304,2.05257568380108157,1.64456405561659103,-2.02560735091624711,-5.84926919598476847,-0.148229147490906543,-0.884956565367761017,1.26459162932731295,0.227157674783335067,1.66738970076076742,-0.619751128531096707,-1.80646527888692088,0.187673361647811149,0.102888719763387079,0.316856322311275196,-1.10710721908201992,3.32465636223730554,1.85925535488467819,0.797886433826870523,0.56671078453248247
-0.388102006411480516,-1.39868808429336666,0.688466502374970535,0.930230014629999102,-2.13385473082025223,-1.37049103445191478,2.36416672000095218,-1.19956504113766349,0.83567112850569325,-0.939477107216152851,1.80358292647052787,1.22044459025047636,1.69093361685871124,0.382778746611155574,0.952757752148058024,-0.0852937965012976751,-0.174703419437669677,0.367767554131694929,0.45451866640232913,-0.348083237736915352
-0.602588918658491735,0.223941817727889125,2.03066998585157732,0.975383062090732222,1.7445222939541345,-1.76818897878580872,-1.44187994818597076,1.61850936002758661,-1.06882190851417125,1.87168425959288864,-2.06484203841433356,2.09045787433082841,0.422594838948561091,-0.957051962279293011,3.25581571414663307,-3.58404563265443965,1.30187592370004701,1.88854114750710123,1.77199490923879299,-0.65838544890133599
-0.392683623351195832,-0.452288356516404755,1.50375006615868978,-0.062878899554504028,-1.90055614338087997,-0.892819296510698246,-1.21925403212439343,-0.279953308026518632,-0.706178145286692094,2.25157261859988145,-2.18295007412779096,-1.72998109304809677,-0.0283734911196172855,0.226528126774760363,2.86335247498410084,1.63983876456321265,2.71382402927779998,1.21497965920134288,4.90395166662846105,-0.219877014910740853
0.320206144737748777,-0.692057477839904234,-0.339716375026155648,-0.545270757536884365,3.29643863877687293,1.47067539153045335,0.552715134242941608,0.330899366668931716,0.887572101544886305,0.191031616508369639,2.77859523256082852,-2.78036582030915635,-0.21826107422258359,-0.459005088524883365,-0.735424765262610025,-2.83673452856760289,1.20031411103531727,2.43742101404847089,-2.37068949409716145,0.6035612255338626
-0.957668207212195588,2.65855808848053199,2.12129032777592164,-0.384941179328415317,4.2739515389096665,0.366802900131281473,-2.33712256107576222,0.714259835381839681,0.56649271769818399,3.47328288283282438,1.82209871261690459,-2.00825915628334073,-0.133759968088231596,-0.086611154231246823,-2.17785339052252302,3.69744533079497462,0.688912117107057687,6.5778238176880075,-1.64515243642912434,1.2392441437967765
-1.2909809670072665,0.263153735657381593,-0.172353206832939032,-0.578755508471945346,4.04073065246434204,0.218320311730044514,1.32486113002675276,-3.31008740667618007,-0.484871086368880544,-2.02588760844022131,0.19709585188472728,2.0801856254998774,-0.0573124852954736419,0.865783360467588192,-0.258413465144914034,1.61773776160786276,-2.2948667651897785,0.545073267391196881,-4.49077805931007124,-1.46867279506034198
0.476902996433367143,2.67900286168828039,-0.11633169537269665,-0.842506745958374936,-2.85019491833099003,0.777642562434938567,-1.02150461676918991,-0.0416418077760824998,-1.0750364092758149,2.00481813585360635,1.96744437388936322,3.25886019261265236,-1.07863546274674338,0.180855682681764773,-0.352336957753351276,-5.37420584444407989,0.198126189742312026,1.38927492388367346,-0.60501431093187974,1.28999502987052805
0.122111090949148446,-1.54884776385977907,0.00353724281218115166,-0.439669548413645639,0.275390918214888702,-1.60163814848644837,1.48588381405911352,-0.598732411776044526,1.24902034777281479,1.08614148353107987,-0.285420261006050946,-0.67990161885850231,-1.544288186800435,-1.86501322244392287,2.26145718135783591,-1.97674318584219044,0.219756719228678177,-2.82472823167288922,0.0800402088848720522,0.640757446166241418
0.369855825811868211,-1.85277382893044518,2.46005308359548325,0.460749121049816857,-3.34128454657670027,-0.981860059194226364,2.30496339727520061,-1.41224160061412274,-0.513973218638916207,1.13903159510863095,-2.92379450433398125,-0.5338405399650068,0.778331272745779179,1.26876995402852599,-0.72480029151346681,2.33053196545370023,0.871148142523135105,-1.47337606075074756,-0.508026712445973527,1.31705883692418357
-0.0384593158552705219,0.184371132447225666,-0.687046131178727482,0.202531872099900534,2.40988580493968385,-0.921763068638692507,1.9693700988348537,-0.73964180621394171,1.12478663926909483,0.864527560078122925,3.59032211657811429,-1.44448650573426285,-0.352337677142430583,0.873063152930053321,-0.340638063080082709,0.236725487550609709,2.89551627918680321,-4.89795604237735116,0.463919665446829943,-0.279915805926709838
0.00628938973798388347,0.404392202195002215,-2.37944372082319955,-0.74216200123887599,0.226936638670929142,-0.827134716590355312,1.75667647150048833,-2.5763307125335162,0.453034987489299157,1.63892442339840039,-4.03059457589670522,1.07231593842636097,-2.13562338580586975,0.545717275101663901,0.0157555827862603665,-1.44413553132513939,-1.3840876585147659,-3.36959379721573216,-0.442510938121628838,2.70308029883923906
0.053888519452733645,-0.000986019081924371021,-0.545425228462498968,-1.83899734129745696,2.74667680951876703,-0.41360306438449923,0.581733780062388406,-1.119725506917439,1.08821109016460271,-0.330102511689492617,-0.699021962478611369,-0.66004326160416571,0.366918758562369662,1.1245153436085884,0.291395437323113737,1.90676933250318781,-3.36984446582684116,0.379808669069375548,1.08272203299960301,0.422954720182334098
0.377792743925520091,-2.57980767987712412,0.704434320797999836,-0.548373793112983621,-1.73002818234949851,1.47298537864956369,0.665748745328009983,1.14199970767832126,-0.0247827546630951037,-3.20751899756880254,2.71191560279437205,-2.67807583973792962,-2.02580564761569804,-0.0534345806524617259,-0.34910798436096957,-2.95512185318671206,-0.479114249945669479,1.0714712023596864,1.01314433248368796,0.09731747419049111
1.304912285201832,-1.07834176342655819,1.93480129453949989,-0.239390572584199574,-4.27424886011771843,2.10068301704902627,0.835521370858213097,4.00199864137816341,1.1019260949883718,1.5966928602495849,-1.42832417285309798,3.21198472130072776,1.28018203252526197,0.805725917422600246,-3.15636925791644352,3.0265289473553092,0.828726780762077508,-3.59623513615517165,-3.18135781077937763,-1.5059487557647544
-0.285499724257584186,-3.79642927352145287,1.65900135328761822,-0.977904061949328773,-0.391259109509930758,0.978030361701082818,0.625333451522296913,0.420096772176809796,-0.294882783661236714,-3.5657027650203017,-1.23890937162007631,0.851005617268079884,-0.514214182665052255,-1.44116903649743744,-0.814723228112120501,-4.71007499072868097,3.09859288141766021,-1.39110719824508688,0.709080221881166373,0.379201656645313689
0.875745633732661011,1.12065677710255684,-0.242508824750755525,-1.27583616607838501,-1.43230358306240246,-0.776459120081168575,-0.723126792085088455,1.72068305125888621,0.957419882139144862,-0.129647548765661008,1.53325447556405892,-2.15241351945583537,-1.10259862964430377,-0.00234182868437027335,0.395885835366818539,-2.38766574193390468,-0.728186835456125392,3.46529377301230168,-1.07234415387412274,-1.40975409132763385
-2.32775317993801067,-0.680469533045365949,-0.513130459621191193,1.28015662419100584,2.65271567769670513,1.86088810467326304,-1.57069351456430906,-2.3140133851572191,-0.437538227737380658,0.417925815065122719,-2.9827084250824023,-0.0227447811535081562,-0.96605923190713372,-2.96948700950169453,1.09738664347187509,-1.96815354632291184,0.423731527779451667,2.38169189685393601,-0.180445944141185033,-0.660231197774337031
0.534895084619622319,0.573888360146509902,-0.679700378207009348,-0.840774320655947482,1.31999201438717706,0.0193767278944789838,-0.225301298210025536,-0.492181171317370325,1.04092689314969888,0.538995967675035326,-1.54194914721117038,1.84240126410174354,-1.0308085604956696,0.849359999114498776,0.0159262408278076466,-2.59201586365632997,-1.72151121738859536,0.00547051807023106549,1.90340231855980102,-0.76490000531131197
-0.149671366115163601,2.07741232969548717,-2.28229087080551718,-0.63716941628008017,-1.6276361354539548,-1.64190571147150788,0.135238892385227794,-1.91558416935448905,-0.285536173201769661,0.935430229574399918,-0.0225482905676166571,-1.03832160796788942,-1.38402147692234601,1.78564128543061451,0.953271554747610383,-1.43880378525464603,-2.76599527743876061,2.81335906871002583,1.15482221324291734,-0.923004427039714415
0.767224014015979394,-0.511757478156047885,-1.31496733231629448,1.32645975949056671,1.71977898832661835,-2.67695802354990597,-0.648304358825959715,-1.10448063856519751,0.370003603530317582,1.45514333597322687,1.33819734499023402,-4.1624274654873652,0.442161567222393526,2.21189217599575105,-0.047073766515249256,-1.32899847142965721,-0.325385691095577245,-0.218670802354981736,-2.83605652028960975,1.46969951992525716
0.333269049210299761,0.173785962000586214,-0.329894039911190318,-1.12000239950921787,-1.95844728530319978,-0.361314727824827597,0.670437962076676941,1.16500550335344011,-0.485569768320449791,-1.35066110907224868,-0.637411302272546387,-3.03984376407144596,-0.824006797141530356,-0.486828432482943829,0.379723164702726712,-5.29025540024406205,-0.190749690756451262,-5.5055442510505932,-2.44532813880494437,0.406924045988242222
-0.147556374602094614,-1.26671391860320415,0.604911600479332345,-1.76533711126452242,2.06108516429877442,-0.0572571956387085967,-2.15412693703800429,0.931927953170730516,-1.24077180668259546,-2.26670835726537723,1.01097384196002249,-2.44140142311361874,1.40972312864205596,0.719349203044667207,-1.02633046833917341,0.463156578949097453,-1.39472766641694856,5.44261992391224148,-2.12317210281868229,-0.799487602050003465
-1.83103596786338918,2.2936713634016237,0.821944409039915724,-3.22791984432973855,2.25445533433393619,-1.33454245239919334,-3.29192934124544978,-0.812744662758182024,-0.273553605287507051,3.94713577289615181,0.0732939571762496606,3.56454031335874699,-1.06025088905783194,-0.0329978431337288533,4.6574520623823723,1.05116549027995987,-0.381378803350572892,3.28116588866940839,2.8126648055751291,1.38222924766460409
-0.218569950776262789,2.94543359984607767,1.60748735088358163,0.0587344190634864899,-1.47079086695850436,-1.75921801668004552,0.597971471356249507,0.335153326435997601,0.478767076530412561,2.80045418599657925,-1.85526437328815175,-1.70430540150454601,0.496726120515238123,-0.0970562767324066461,0.834507788979114817,2.87878229019109178,1.55656710681107424,-2.49029987581797307,1.7237368236199091,1.13968124802303561
-0.842917705549417695,1.28431388949849601,1.61898240268914551,0.822689091666412131,-3.19422904459168144,-0.373012773691513033,0.131609613017459409,1.67669374008757721,0.352664184351547949,-1.51002297059815205,-1.30593355442199588,-0.611886663964277822,1.44730318040640737,-0.0820190206285675572,2.18767298056166304,-0.131599940201342969,1.73377227607769346,2.49595757560463349,-0.492552188008352876,0.319546036290843827
-0.861178320684825915,-0.448228718131245152,-0.971081632072637535,-0.314822096642210392,-2.24733885513642706,0.432665094754528301,1.42254433054722473,-0.29594713383769905,-0.798369658411659189,-1.16187130699498464,-0.69481296209238208,-0.214285000231788647,0.614407565315711057,-1.73417222240122171,0.72081970459584066,2.81363623912805583,1.01452144263595967,0.552680249624586395,-0.0167789079647753803,1.45759390941067113
-1.00820930954637289,-1.28210169392483597,2.22387437035220925,1.28448583748307454,-0.927611163708119135,0.0077928799806443079,0.603674005797281032,-1.30914554857837184,-0.759385534654363314,1.3066307373720556,-0.431409699998359486,0.163596662464598447,-0.250096751847409149,0.384718453462641941,2.60802691917440344,-0.696642416682238252,-0.418511243479043504,4.15659562108187419,3.12017935082413356,2.08425473281945628
-1.71999412481054925,-0.455488531611057457,1.49205291393745454,-1.32690246901509989,-0.259771035757918822,0.721217781320593998,-2.10691523796380631,1.01134164933904747,0.00422337397921961413,1.13477616560064365,1.60077118983121713,1.1660530950889596,1.21658140233106771,2.30676749774435974,0.768265195019496083,-0.694586008053925674,5.50732383462648567,0.854503920514583903,-2.51261885691938724,-0.271032779565135329
-2.30561349997084708,1.67928506304954706,2.61152535100995964,-0.214032681638491207,0.123071730088482309,-0.210232808324171544,0.536506788384601974,-0.583386436435207378,-0.137435171080852764,0.138410084029130132,0.171233897803506979,1.066976160930869,-0.912022568737411166,-1.89517838338339839,-0.351775345897839209,-1.88784965904983482,2.3270622084286976,1.1977666473863573,1.36455264784791219,1.10280228740422315
-0.963718601057896418,1.90716513374314611,-0.709515965263682657,-1.62450682981371064,4.24775407840631658,0.569980594943308772,-0.823430523870614439,-0.86510379972648499,0.174734518761113539,-1.25454509316752305,0.708175741792761437,-0.154122113834964714,0.890979085872009469,-0.321788177040299272,0.00262101131626388262,5.05968983719214549,2.66338793708302868,0.987593858186622375,-0.849952264241561006,0.714111010813568092
-2.16342268298334073,-2.3743301571079054,2.33186616487548992,0.436560897581497576,0.00180515779407428934,0.873753414426941655,1.14669162753715503,0.0171779305270947334,0.161187347110368112,-3.50284895171881105,3.56210143484957076,0.998114647097595675,-1.10611946071814438,-2.79190217763695436,-2.20067559092774934,0.230773765494673322,6.89685598259640376,1.53945005696770276,-0.686644814106615597,0.998566050791590776
-0.489014109016663867,1.10106603692756133,-0.54393976611006678,-3.83352406922204825,0.0190400691346259525,0.0947335970216772599,0.22895392246825183,-1.40234322893540964,1.29543725629378326,1.37611706241028786,-1.29629825107067687,-1.72916084731426234,0.0201371657538559172,-0.359190601419885125,-0.574498665534505792,-0.763563896576616608,2.73487108160040782,1.52097497061489917,0.728405818015975592,0.842376350336742075
-0.534415519268573114,0.746009599215531449,-0.210369145113426831,0.292490614314344421,-0.528829218068221474,-0.656023541234737384,-0.709454456653729304,-1.40199131662089282,0.477691778078936868,0.595898873620128833,1.70290405235480979,-3.17474423007816986,0.241349536800816222,-0.414469505497444268,-0.463926357260138922,-0.499876016253112898,1.02509905203944029,0.0514677388582952186,-0.467559320716826377,0.0670962494113734598
-0.731498981534944637,0.0715830273743382484,1.56486944289224117,-1.90053600481538609,-3.10443330604813994,-2.55415996589268079,2.42608569476501135,-0.666160834696709836,-0.0357103909903935951,1.69480691959525376,1.06873398291901855,0.550336267433045423,1.53141984618522242,-0.880686812280320752,-2.1484391878697866,0.692289378320934179,1.79902101593675834,-3.45832536011164038,-1.521805910297652,-1.06248333712510989
0.534489256344701569,3.75141386569609736,0.731011003165841999,1.22578215892240472,2.00560973265074427,1.43243326290121309,-0.597318293664020228,-0.724392609058322368,1.55344678742971021,3.89191214141699726,2.5484684533007389,0.552591866803070375,2.48486402544161278,0.567402689718056741,1.25981043548292249,0.533754623238312131,0.838381452959539364,-3.17379884645257704,1.50792254286881255,-1.59641943033906086
1.98333132309904414,-3.85948184941803296,1.40690671156442781,-0.256470601070954596,-1.15481426076191984,-1.44552714493353474,1.63401021228715893,2.20396059890643503,-0.64540627378337434,-2.2472187354451445,2.59054837565902885,1.9158053065356746,2.55828935633067323,1.42485669176676821,-3.0566192535010992,0.895951331122003536,2.15277887211685748,-0.608850925031089618,-1.25494623219393153,0.941518919990319447
0.868702461811029392,2.63713886480518944,-1.36059270635716079,0.963488933222993782,-0.371852890646627299,1.28501480997181594,-0.00536690476149553376,-3.35454273468160125,0.00846134353736182135,3.56613378399922754,-1.41585844677585149,0.159487405132699128,0.297022000772165728,0.703464213104428526,-0.168883869726373231,2.5686293686160413,-0.613857721230854025,2.79297683682754538,3.95015333354364584,-2.19068031161875476
0.978099734652590924,0.209545609464455884,-1.16908269907972584,0.740672534322442178,1.22638879849717686,-0.148034974111707879,1.26952762990794099,-2.28160680514674796,-1.52682444420291974,-2.15277686752989972,-1.89806632491011285,0.0864500877513123128,0.430943595734167795,0.00507611547111110062,0.0855872302058506285,-0.953164541538227272,1.10276477139999418,-1.97078728989858853,3.62086891716804882,-0.58842811495296099
0.918878554158797267,-0.704335517072144368,0.66917210973577923,0.406938867377815983,-4.61044689250260298,2.07794995192843102,1.06821770900181168,0.763746380984454354,-1.29184757440839082,-0.109502942423567562,-0.278336718136778738,2.57544386818390159,-0.12000520443582248,2.17799741509990996,-2.70863516941048799,1.65776349743224705,-1.76084155345789517,0.281168827555762502,2.1654238158598127,-1.11673412452395771
-0.48170958492479854,-2.82380117241791417,-0.323497275091944037,0.169993259305825789,3.74024228085910204,-0.426503735954561092,-0.824621196458352967,0.538633997277911947,0.457953176980626708,0.487358704836459655,1.61083875698576251,1.07617214520092275,-0.629204872515971902,0.00485511058003119597,-0.740360997825349143,-1.64611837604781885,-1.23771463541337479,3.01796882180905657,3.7957614841627394,0.647188800412475063
-0.470251247646487791,0.778582282214191013,0.138775879750546144,-1.29688623234852751,-1.81041785714818038,-1.98968166402433178,1.68640146699688098,1.80763995774071895,0.85282158247334372,1.26860611239851284,3.90258224465558445,1.35367091953758356,1.94582587505061011,-0.734855608755307865,2.11160208647946224,2.58966258969958307,-2.68427134965478187,0.144721877969000323,2.7433605592336332,-0.601252083688428307
-0.953611702715523979,-1.43106929441916142,-1.57280750014747972,-0.263989742194847388,0.419907363924836019,0.908022665016803399,0.640964191225050439,0.456771260045752137,-0.242702145043155598,-1.22322990297507639,0.844700062232051296,-1.6191703648759519,1.52141360593718988,-0.67081423209970148,0.181915735816490121,0.946449894527630842,-4.78875173788947617,0.913030775491564084,2.62177572132568582,1.86889225574151219
0.633854316589893441,1.08881036581417212,-1.76959491342690267,0.601016892497025057,-0.699253492272489674,-1.09437647238410074,0.428463860402410412,-0.610096559889463097,0.37584852689639292,-1.32363606411376034,-0.0526197806504994231,-1.07995095348744186,1.54365561762648529,0.642106965824907117,-2.17824381542118584,-1.15911800140422527,-3.40837602429117847,-1.07341055234431892,2.88867066195552491,-1.4951718639926399
-1.0389386150212081,-2.79425805708509634,-1.39642355304308863,0.356252698981432026,-0.740829072980721426,0.166030890178856833,-0.598651064560821178,-2.02755329595145017,0.679335613848657038,-4.24153032820323439,2.21458308172377993,1.3393705988683704,1.1124838171047422,-1.28716392263368173,-0.518767942872974674,0.765147526059516081,-0.955086114232437944,-3.43483672357562719,-1.28847806367975348,-0.443712312840617185
2.12178364204738967,1.0944953881281132,0.160749369200493236,1.73874890130867232,0.846230668216289783,-2.28700178319023006,1.1636899752673393,-0.903625941570972757,1.32805413658418225,2.26924656386873203,-0.441768117923370118,0.878600353879628093,0.0264068461031201247,-0.138862450750853489,-1.72900363556171399,2.93371149156401856,0.569088613149157374,-3.36185386000555919,-3.8613048796781424,-1.05069335439531519
0.820771992052061972,3.53499650908837815,0.0600301126687967299,0.322972184734499124,-0.181971310579474771,1.47146296877407989,0.25671549423081047,1.75167214655914782,0.163383581299854364,2.85979826969604201,4.89062641829897071,-1.35588045576133687,0.0739645898411148972,0.778752757483794467,2.14939300013703027,-2.9327302315825734,-0.889556987551018308,0.405502650046298208,4.40038293797672875,0.400283546425003411
-0.473585489041621899,2.70099041488413594,0.404001558249781623,-1.09630197276940899,2.99713973988248839,0.788953931471914838,0.338894638526887004,-0.0650948940585584501,-0.121504838554217134,3.35129963133725717,-2.13647509168125671,1.05237735964046331,-0.195593983346284028,0.722160435128145317,1.19871431478443768,1.4291101210273145,3.04141922026160438,1.69798918221210604,2.79077625191822065,-2.41546905297789927
0.199199780956038408,0.0773238814228075222,1.72906718082435118,-1.76947955924265865,-0.410455108210735498,0.581101197997364816,1.78808850111066486,1.48426063351225968,1.49262872987749184,0.426881712371726507,1.01216282473536445,-0.905326817743623447,-0.705997509555106539,1.28526681201665283,-0.369212917566610122,3.95695467007693402,0.261297484896290566,-0.888187621466078103,-0.0951211003336029925,0.142192170716303218
-1.21199518551671415,-0.387630263423126786,-0.0343142925089932535,-0.0885006150225012833,-0.257992539128575782,1.93333060960579495,-0.45023397511378549,1.60482781959341425,0.281967576610272053,-0.474227187117402693,-2.14772566079953275,2.44905858839616464,-0.681429410456737217,1.25861098523704706,0.290065301736056047,2.0063855847904617,1.40193124736976338,3.42822447603372682,0.70573088033092668,-0.182960560405024453
-0.215684240015902057,0.618573694900790283,1.10870361214191049,0.79832711736955464,2.76775057149708914,-1.70238585962099709,1.19748779525587157,-1.77761750196152057,-0.837032034120986701,-0.141949334848672337,2.91154044675358303,0.578036937417846897,0.727111567174812068,-0.298102178884202818,0.0907495471619785277,-0.623024672901077214,-0.580342142484691292,3.54352653784165561,-1.84251812010036287,0.46095640017169992
-1.5541305112835333,3.87730451077237381,-1.61898793785779671,1.55473020936026241,0.617969150229463859,-0.000275819126509449682,-1.74130244953491609,-1.28780346163369908,0.699240568895694414,-0.217905656222045829,1.38965382001811455,3.56565581533276976,2.65626779997078266,-1.92200766752125007,-0.281829406070347621,-0.0902006222990764106,-3.77190041082987992,2.64698632884442242,0.805850550724152015,1.08856485739199282
-0.524145164173442812,-0.848661331990759993,-1.27837881053689784,-1.63106516043041139,1.28604960553071068,-0.740278753096238806,-0.0508236328398130252,0.65518122238637555,0.319229873667733532,-0.246565171041458253,-4.5513191941749076,-3.21458826175925916,1.17040864509701925,-0.36282919116962814,1.21391030361989283,0.810812115363939379,-0.494039720159425655,0.204477045533429352,-0.0682257352112370929,0.745152740275168313
-0.472027653981115736,-0.0984671277776029696,0.52987478513429398,0.86830663134919428,0.834184961441807649,0.467475823067110108,-0.785474796674753062,1.15260883504063472,2.36328075333050691,-0.420098567769817965,1.91393835921143141,1.25387750495567341,-0.342048055524949823,-1.17137822918164503,-1.78478065620822468,-2.66704913620085282,-0.549645978083932008,-1.30374864433712379,-1.16194802503222827,4.60241513640285582
0.194978915158612737,-0.902775818489048643,0.328168685492559509,-1.25821527202011518,-1.85840058852568646,2.19445085450762001,1.08645482540050731,0.195084274676040809,1.62494254834392038,2.16232792689439579,-3.34229511996575779,0.684479618654763589,1.13979898910791699,1.13867017478388544,-0.96454140108953812,0.752026147624654029,0.117769481363252826,0.534533466113684685,-0.222321344886614286,1.40428463340629484
0.422235290672772046,1.83379603738462738,1.32599329568772384,-1.89448141100591738,-0.414443200843737591,-1.30225554791426501,-0.276983588033615946,0.360286878276547151,-1.57567289085783613,0.162854520524932489,-0.343859004549958935,-3.6857036129401517,-0.165750960523034285,-1.14899280989969288,-1.26289556271100989,-0.555752626016917439,3.83080306868266929,-0.603002707428920259,1.61556522493680488,-1.89753595590093482
-1.77009644666631361,1.17210343502084546,-1.32589310998799181,0.101836473797926763,-2.20383017606606169,-1.51666870933474995,-3.84814728128421368,-1.61762601491769398,1.11898503042655717,0.982804394113737323,-1.24910871702636683,1.73960398961564167,1.71520993467941674,-2.57149502603707658,2.58924620521442783,0.884685993946648597,-3.66503982200180367,7.32291588210117705,3.0642869650624851,-2.00444105508682302
-0.5171656568691676,-0.895723906931447877,1.65046541454841211,1.76229056143266827,1.43083941616629895,-0.866073486323298392,-0.846468236448176148,3.63811540755597118,-1.01493743104262801,-0.40201152549677055,0.843726703730926952,-1.32360301518266876,-0.870239821399263369,1.14435373168379906,0.597744378877932081,-2.67823253555892737,2.9409988275701382,5.8125379722316195,4.52862239810309219,-0.792452193965076601
-0.680254235680539221,-0.34106151506840815,0.72854807323036741,-0.950244517117243448,-0.221783482115647579,-0.428775776308660039,0.553859365254203539,1.54413831860443862,0.614852815322698421,-0.62866356626907538,-1.52760237604294535,1.14102415733018758,0.737420510559988251,1.23807547008392249,-0.277380999225883051,2.14617135602351183,-3.10661682303489073,2.06530867926519068,0.456808830372381292,-0.887096895681943276
-0.718925338849887408,-0.861325172366693037,-0.203345979486258599,-3.58372220027147481,1.55296623261836908,-0.144901901799978305,-0.408870179345580731,0.190715639836616879,0.33152990742322308,0.182793861706294081,-1.76373452819910392,1.45807900625012499,0.119849779413467528,-0.000387949934815285682,0.101890089459166722,1.85710111083930429,1.5110851427915617,0.203968283010849322,1.71966006472126365,0.754461778146278905
0.282741102748009732,4.53884260689964325,0.593855513219170406,-0.639284995122789024,-0.422360150355025055,1.9461899794528903,0.788247374968977454,0.356827296914511649,0.0774729252961168652,1.7418706411763929,-0.0300596585463449514,-2.229090174313344,0.543270850664107408,-1.11127743862994954,1.16627220988438496,0.354397466461298383,4.48271402413340603,-0.293479103015760523,-0.459097613604282029,-1.11266430711923947
-0.00230280294358324675,1.3677379776202383,2.34824821594561772,-0.722124535344117913,-2.72713535780286076,2.2339470783414348,0.52650458512870546,4.56837832653438713,0.176764480062565482,1.39118514077120659,1.19133148298949387,0.931123354166896067,1.30424450676024484,-0.202307328663029196,-0.872928297123872321,0.327065835532440286,3.49776745291492208,1.24018321340157289,-0.652314970515788795,-0.445063210142869148
0.961046503165073784,-0.540519196442484251,1.80964799611912164,0.296419466972845769,-5.07776348884756068,0.858421414589183973,0.951655709420207274,0.706938846154701706,1.24806083232392417,0.358178315369620803,-1.90787169826520508,0.942473675582058745,-0.7827057645564931,0.774697342655836119,-3.69221878313764318,-2.65496726442289299,4.7389459409132737,1.80199273503915736,2.86406685278265805,-1.11378989335157863
-0.0776614632380152464,-3.70225448552425629,-2.04896530022585655,-2.10012085469190035,1.68941388050582475,-2.79664796539983751,0.0592400770703983351,-1.22336174402981412,-0.586426071184740327,-1.31388883805062928,2.75674355183102948,-1.10143610691088534,1.03222097441130001,0.388943936766865672,0.176441324366037461,1.22161399761892064,-0.903594593219152142,-1.78162093478251604,-1.3715702850303173,0.136093375729877453
-0.93319162605953121,0.0836395982211910471,-0.634740333140027091,-0.566475493955160503,-1.78001853312650637,-3.02314183115998825,0.522546359445460129,2.52930051268485734,-1.46773382480206815,-1.33553891378415934,-0.636797482878945442,-0.693284109263099912,0.323371123457276921,-1.54987252523154462,-1.73130901628331002,0.970382579461798178,2.19132364216731457,-2.4091204566890525,-1.9951152518114601,0.835815482165118917
0.662256579243017174,-1.56030199393135782,-0.349254799979714259,-2.68933250068530105,-3.11317272186440164,2.38184805757148643,-1.34593983392326266,-2.72464697497629915,1.36180662677213804,0.369340036403338234,-0.91838218755028167,-1.94702232879501635,-0.259676429221217142,-0.736859111780760134,-2.22234611206296906,-0.126557822474014425,0.579049095730295393,4.12895914451617418,0.159423782966262584,0.978121936039873408
0.493692204624788689,1.39517945670484766,-0.181493137448152486,0.65429011501247325,-0.825090894192208379,0.51468796444965037,1.05693828883910701,-0.201956792471507163,1.22191308723729231,-1.96732005224195294,-1.56178538930879762,0.118443223399209263,-1.08796462065245692,0.335215974167270725,-0.420791445868745007,0.335868860876713693,-1.07586226072792535,-1.33377863246540596,1.5863118551850508,-0.618915031102997948
-1.67442684341338577,3.22921356115403135,2.65880304330542483,-0.444657410980238144,-2.62635893549390165,1.82690227987951137,-0.44791396369357761,0.334730601796791538,-0.160581371599393397,0.995389829409836668,4.33900192848079413,-2.58686216109379696,0.175152359488251502,-1.86543235450246847,-0.335805022149080923,-3.8140846546935272,3.36329298705592006,2.737391578815763,1.3701354882354615,4.15536836018717537
-0.0228631332650398762,-4.64361672746210363,-0.110424400184103003,0.540349842719221707,0.234265201579406612,-1.46754726583269668,-0.0541366905446775265,1.0337538546919578,1.40539588976299323,-3.84419595826530403,1.44601487486457114,1.5308325473062252,0.178664735409289815,1.45037824008554717,0.0732327625812848187,1.91850514628267987,1.40057304514793013,0.235526631716906909,0.686949543762075843,1.92225787063833642
0.557751970822415455,-0.739563150968366667,0.3559529964352246,0.169109611365331897,1.77546258917544408,1.37714593378558958,-0.605487428460674382,1.8511434583845412,-0.308843394647292657,0.1315493052464555,-0.709911065341362502,2.2662706843354834,0.60417600772517599,0.444207712745301908,-3.46775698124903453,1.01855836084688423,1.04851969877384388,-1.34063839854603239,-0.241424079597391789,-3.34268608886739571
0.475676792561558981,0.74451233603026945,0.780812518029364466,-0.367922072980975068,2.23719808741275195,2.98298961052393707,0.450774346378090052,0.0810499935200874044,0.490068179484846933,-0.569673016889923223,1.95730093980605946,-1.54908336860659857,0.725088500471678721,-2.41897990858063183,-0.945722241910626371,0.662843003496628724,-3.41296877446668878,-0.384774488128918735,-2.78147865153368112,-1.26735873281100386
0.149797386367522017,-0.261203221536687624,-0.964371738504954723,-0.731218379354982018,2.15482229489407739,-0.594731322871086543,0.927176369786823606,0.0612414411221048269,-0.343267871346545239,1.82866512276611481,-1.66391799166989629,-0.509592499315400738,-1.8772111485089118,-0.0658697127563984824,-3.6692773637629581,2.3463849860713939,-1.95724461029823216,-1.94666040418805664,-0.756442813676866943,0.118159693918339234
-2.21457396783185256,0.426211853071225111,0.0620109682314888,1.05620514880830907,4.29666202325018354,0.233249776763165134,-1.75228842484801173,0.404088048699310032,1.32339449448983992,1.42637689429381442,0.637833429098294324,-1.92023113106055154,-1.40714071963674292,-1.50089246370094642,2.19063769071968784,1.23747851289935351,-1.01539097901638287,2.76646631647450603,1.70417337296209048,0.559226157072984509
-1.58178612581369671,1.39478081373619078,-1.68517199460858502,-1.39090546009444416,-0.97308350551443501,-1.86957912278793636,-2.5410374422592259,-2.41035932136287245,-0.0454569655149654681,0.834009555952260562,-1.74527081254435368,0.754782526459880865,-3.21693668197202642,-0.902720111811956216,3.24641128558578229,-1.01384929103398358,0.31446952721419319,5.30406341715819973,0.165413267511124451,0.702154918923331262
-0.337204550975187312,-4.14881047984196982,-0.203498693687456905,-2.34860017480708994,2.57145108541196832,2.33052195028062403,-2.11600817107207195,-1.61513518676395429,-0.186429195532515052,-2.80877466872534853,-1.95676492117409917,0.58374313413512724,2.32080592388046014,0.906421612709978342,1.30637313737070304,0.00237347421093416638,0.668395687242603231,1.13831800545973505,-1.31275553218581797,-0.0360673694343337653
1.38756412822517405,1.27405347678583136,0.348127497071969993,1.63104053356940404,0.278980841293814286,0.781375942298971671,2.82358963562977383,-2.43727139303659124,0.916350179775549889,1.21094545623305927,1.29693367784447222,-0.309612889787182655,0.698860124978528563,0.970050838500009061,-2.54897188889096915,0.978465253387262535,-1.08742817948196913,-9.064738841319393,-2.94469286625152726,-1.6144109794491377
0.0957542012558611488,1.25485620820366006,2.57210151537563103,1.26939783925295147,0.523787243905561639,-2.64321342950529381,2.13745317875129981,1.54958745089899352,1.74659529029303884,0.0695737109976598544,-2.54417577972317588,0.83070637379072465,-1.39879333556971819,1.11817636753331962,-0.164216668286373046,-4.26674441347579148,3.39198135819775803,0.43466683613348478,3.54738850962623875,-0.880742458446737597
-0.892612960171467629,-2.10044363457481698,-1.91929598537271007,1.1102222844365599,-0.911264661078065807,0.970086390765917961,-0.708327675080290264,-3.92634524085056658,-0.502233394761936736,1.37132754260437495,1.4541018445727516,2.44897261641829189,0.684924441793237637,-1.30860288853277762,2.74534592051609927,0.656879702971265744,-7.14504311824872129,3.48518311419464677,2.76813306373836232,-2.94664069798958339
0.0864049312265727648,-1.17362540504711466,-1.33842605690438066,0.22438706617237561,1.59757626454279356,0.734258605895629191,1.94842759943142796,-1.6428880724653796,-0.773397854850475186,0.602771544915955082,0.480428192448140168,-2.77815142369409696,0.437598786862532674,1.99609611904063033,-0.931593648197195145,0.568722365615204062,-1.63596742719892663,-1.43679924924780789,-0.332396109936316575,-1.53145192820396625
-0.761912213807255601,-4.23907314874439933,1.69139234113715409,0.485951630992814743,-3.94004776969415715,0.0361611746682491408,-1.9125937835014668,0.828078875052640329,-0.839148244501084828,-4.45309442909695008,-2.48304796856254306,-0.146232483277091263,2.73269473364709681,0.438973818484901968,2.87667207025756699,3.4901562433938671,3.7380557679796973,5.74198373757065017,-0.290456362173689309,1.12746564915202274
-1.13800146181931461,-0.896418821488543904,0.651860033048291765,-0.148221901110271365,1.46269406924055612,-0.688810468943117371,-1.58444625935441907,2.76033058446737023,-0.613499176620312059,-0.832074854966077471,-1.28330635859149744,-3.29243120529728328,-1.18610819569765846,-0.547214101117600826,1.98165647004819512,-2.06187418961138524,1.69661888931275873,4.6197033514694974,2.96586528273158789,-1.23081292803824005
-0.128224645096384177,1.53759284536365182,-1.2637046414069304,0.383403811894598823,-2.83308779835265589,0.137060961553763933,0.462946507344539127,-0.862955234064404664,1.04258073597095668,0.877117526615543874,0.128922299935826934,1.54396128394754606,-0.136013297273289258,0.546022586692733625,0.594538752136762993,0.768736842464560644,-0.296165374292974515,-1.13566145739737356,-2.44969098534442598,-2.00143728226923301
0.519912173268805344,4.28331374400602538,-1.89209046976746209,0.353753705757345938,-1.66162542647580613,1.27453072649299748,-0.470168550082125825,-1.13147635218991138,1.46109035988708147,2.29060520834756209,-0.240475724330223267,1.97400535034372515,-1.89085066461000273,0.134012552998961448,-3.06680282464452336,-1.0561980856970743,-1.9040912837762336,1.74314128488153997,-0.976709921786664381,-2.34027880202448335
-0.991816887317588991,0.424430597880985139,0.452953838936980491,1.65047707070877059,-1.32834039385601343,-0.241936344393820502,-4.02436994793754366,0.281865541451332524,-0.696336595789544988,-0.730272354969968895,1.12963561133559165,-0.812388256509672946,-3.29102840148834508,-0.378009198720052952,2.51096651491254885,-1.55547237603962007,1.92767414304162599,8.41963432133385581,4.28816292876031735,0.0530804682855514909
0.927590794983735534,0.146196100482252789,-2.30353154175772001,-0.702113013406297504,-1.8300984319815754,3.58200805427611568,1.77213227850768695,-3.24768597874436749,-0.908658233804256144,-0.0652712764945676538,0.615096634395943975,3.08959438314368962,1.90091654049960823,-2.18473878958076684,-0.993151890764573886,1.14365331873724974,0.0953331827336650062,-2.07249705004139351,-1.69994667011774125,-0.428381066192701998
-0.177877712120436904,0.326484803256282208,1.75706415659605497,2.11785949118489469,-1.60258038275264503,-2.44814626830052751,0.284263853832202595,2.06457074964938192,-1.64084219704134937,-1.06846520718602056,0.733036856883386934,-1.4261214793743453,2.21046102623832263,-0.719706099776462049,0.633511494003403008,3.73111246206081804,3.49685131819389872,-2.55126441901024981,1.06904063285944817,0.640769930249067809
2.30510707284644134,2.39155822633399184,-1.25496737047552154,-1.42351039481794395,1.10189995328234192,-0.501211643169370169,1.06472804154851008,0.391006909233296451,2.38417971704667142,0.694876287045368635,2.17874351426586577,1.00595617180569574,-0.637254623328989633,0.779274561288976098,0.419643832759629354,-3.53308848898856143,-3.36057892128095803,-6.45524610492295903,1.72657094604946071,-0.444231821797560877
0.764942331530824693,-0.470126812032087449,-0.630450906386675558,-1.93995050520404888,-0.993875045822967818,-0.473030128709773789,-0.472790539534774013,-1.53497415646925761,1.53055386964574747,-0.439409193058717951,1.7852769684406733,0.996449547144979131,1.52753694678997598,0.124298726544053259,-1.31182398417191859,-0.157131409497582253,2.19514020716907332,8.44025867316812395,-0.337557422662918105,-0.896825135908907112
0.408913223862831909,3.38153320947648073,-1.92945763097189738,-0.109297767460399278,3.33275870533575613,0.825871195241014822,2.46258603298170886,-1.64508562735268105,0.441628350410358972,3.45058251447927278,-0.647021061923347962,0.0731800699450067538,-0.0273392306340537392,1.29868866522722293,1.85048059488632921,-0.532710774827134803,-0.624965422074892252,-5.53948358043126987,2.53915604697651531,3.18023662777679128
0.0343687663845453489,1.92932309272855806,2.20283891892680517,0.658808285643926794,3.46548163180684377,0.0881020723148931151,-0.463870619304955989,0.0599879340468931835,0.614847315516839577,-0.057905028980110719,-1.24170525145691979,0.976266681228337374,1.27526760199669931,2.33332852794439294,-0.499510115978416269,4.44116065083401157,-0.258259500038551471,-3.259455854508023,1.14700388592523472,-0.0266785242860483711
0.839532437169296708,-1.47857695327029992,-1.23500705113499931,-0.79533802529862796,0.458179616195358741,1.73282035805505563,1.90428294695589351,0.0408367697193032925,-0.466968564864043423,-0.0506497944126470603,-0.00991199636228551166,-0.76107578601949688,1.39342984649749813,1.23043821141307474,-0.0582876050693754005,0.127672089053476934,2.26941004363278331,-0.336415696672103914,0.404215445303996335,-1.84321775792210074
0.688889793932221051,0.214017873827344801,-0.165630307331519427,0.753038000334345869,-0.188952169244534035,-2.0558642719226965,1.28849880453296683,0.196707788725159899,0.409282556631793581,-0.229016068368611714,-0.350510723791875534,1.26901367326372094,-0.472402102072451369,-1.10450804162029503,-0.761891746477422749,1.82307048017345918,-0.311172262808493139,-3.73794648656891759,-0.829959843243380457,-0.216218434812225191
0.0879897986555571721,-0.68389694115927302,-2.58010116090402519,-0.480804861729613786,-1.434312601251722,-3.48695825622054434,0.455980444138127217,-4.03708241441544136,-0.0929484914231521742,-0.211142869947853473,1.07396389115162738,0.0489135495054008676,-0.0329742718589384615,0.815160382414844009,-2.61530553434309221,1.36281259683328027,-3.13935670515800336,1.3894036286501581,-1.25657641924097296,1.79480030877174435
1.60388222094459953,-1.1196169320750522,-1.71287130471587523,1.8102089463422586,1.80597761028836201,-1.43357965009623967,1.49244807271669422,-1.50153931252251427,0.551789031700575472,0.106242558768115392,2.33029024543263663,-2.31191375481120431,-0.909755248903749369,0.579833296329452574,-2.01174877007573416,-2.51371325171900795,-0.995373311890823231,-3.46958940407739869,0.508295423279339076,-0.216998048259570392
1.57761821276919334,-0.169363562161827519,0.760808962921638576,-0.979280685255011552,-2.32780213478537013,0.524751679887169309,1.69510152419026783,-1.71307797429853825,0.958700160672105839,0.994688575594627644,-0.729461634282328131,3.92829638945191428,-2.16472028100707536,1.08460580413326513,-2.33386904729515043,-5.24221742891748921,7.50654650928144029,-2.26997848730677898,-3.49489411910779113,-1.31430486140627378
-0.187595417944395076,2.80071914013259127,-0.975169950227365856,0.154800595754409936,-2.07322301972249168,0.556494918827499241,0.0874182197563908303,-1.58353421983784415,0.483035074828956523,0.0720896330317319783,2.18334743325086889,2.89209534762438425,-0.0704591435506368158,-0.091558524920670778,-1.15930725014513469,-4.63590784268944489,-2.86638982094859385,-1.4804894211444326,-1.85915948552780352,-1.560876202358918
1.1651980916896143,-1.64236522649085503,-1.21703846710931773,0.251295945688765454,0.582976412717715387,2.46067323424043893,1.56157607260211173,0.0508052908336834863,-0.0750843390874735422,-2.54458915291013232,-0.204792787713044377,-0.797084188867722254,-1.42595260938834256,2.03765078807109612,-2.65550749383561113,-0.750345114336982033,0.185319705081592456,-3.01166033756858509,-0.273971829632261465,-2.48851619027061943
-1.31621701421049586,0.241138574212932166,-1.51772565314265395,-1.02901339462879138,0.869294090084269389,-0.775951693913248808,-0.881668720354860214,1.5773662606368779,0.965840513823985058,2.63265289850532058,-1.62801486717007027,2.92621965782322269,0.626631237248753248,-1.26582295213514695,0.25209801425910372,-1.24639099778683793,-4.62959800196747384,5.242736471081483,-1.28778446034202743,2.94149429378983251
-0.165094541010589152,-0.0457256383013638079,0.974096911667857501,0.277895060168536823,-0.000292315063727713017,1.54375025852965608,0.277230757226536673,-1.12118276813778261,0.00942167627885447286,0.714211225342712197,-0.251586006296526221,-1.19219712985798831,-1.09409284310344579,-0.617101531170305417,-0.211069023355543284,-4.04151062977914766,3.90173548467483755,-1.51270811146752715,0.531540199677424718,0.898231064469870666
-0.209789691067399559,1.25387743972987042,0.282623752145647555,-1.30712079107923129,-2.91387583736279865,-1.70754631211360075,-3.06694345651289701,-1.16548089652770037,0.0370399661433813421,0.151248804696050648,-0.043379409510434952,-0.232139060138752268,0.862835915620929539,1.16840178397525096,-1.67612922725836033,3.25167938668664336,-0.360025498987912085,4.26395649946510158,-4.6315008338657444,-0.696438481169219803
0.776122055015504353,1.97607015783756546,2.3305307439529046,-0.555685243187848732,0.744221335180199839,1.79206993907889256,0.0772842873915053491,1.71865022810136403,-1.96210681733537906,-0.421831364737594638,-0.801561742979762237,0.813199474617687712,-0.722933547138248644,1.74362695960820524,-2.4361846589236853,-0.435133184692942598,-0.732368902022708101,0.658716646709780473,-1.62569143585310583,-0.90276847093830237
0.267689975666311586,-0.393212937089432391,0.999494241124631699,-0.178472002641574701,-1.219461520183732,0.852281013881270422,-0.168692797488285751,0.160290195231193089,0.645375154075498836,3.18472415501046324,1.9559928067773662,-0.526917807668802585,2.47168951863415254,0.79666452976716895,-0.454479160425892814,2.65547185999083002,0.832855866342613771,0.25769836030168336,1.97736931104431402,2.10771712373757314
0.217086170286559604,0.888767193705373271,-0.32685205584931859,-0.335115218025824058,2.29097377805810032,-0.973489360644259727,0.657201507045035549,-1.17406681464475593,-0.819882484083570229,2.10568651367157678,1.86153978256481589,-0.380274682596366043,-2.35678098262891567,-0.955149926738209532,-2.45400128747229251,0.349709127812392218,1.87199704416065638,-1.7712400433994866,-0.0347539366019321214,-0.417538845665156977
0.17604474812248655,1.15040061763742241,-0.689609060455816714,0.568378706507402187,0.494816339301270502,1.35354128170848664,-0.574033166009897511,0.897946790977128262,0.0806628095144119456,-2.63139502220265697,0.979200765448686616,-2.69699260978635058,1.34916081290687329,-0.477684134291248619,2.3814489825729992,3.61266674465911164,-1.27159552482374472,3.06892320986535871,6.95927314742188852,-0.363295455826446512
-0.994323404543777989,1.9246182740225104,0.215814405116595914,-0.278934284281934397,-2.19583449307644685,-0.189800320204139006,-1.76334039253102692,0.495861303997342961,1.06456390939345669,-1.94257834235833227,0.872944910993269318,2.77607529402002262,0.741178463020448208,-1.69271518779172503,0.808420265131177485,0.766199818540439614,-0.23870780546439832,2.09375625869661652,-2.72780897101026554,0.305610818061375411
-1.38553609073634343,0.063637461952145688,-0.448134421312403941,1.91853851493657523,-2.21457577617596035,1.35338470085184248,0.716793607283964018,-0.340248049056161239,-0.493804925818006724,0.756164346767247864,1.20006733439985402,1.46455575952733974,0.0355629743601380832,-0.529063189185167704,-0.975136915817654826,2.38250856353527407,-0.430818005731105236,4.41026592346920143,-0.341128795468764734,2.21577845328838929
1.08050780400092172,0.584291001235414775,-0.936726219871008126,0.128810365342897415,1.34983456411003044,0.291679561491748118,1.04893711861909145,-2.19662843249251294,0.965479980453517461,3.1865897335539084,2.76826855888915535,-0.890648574692914474,-1.45769865972738311,1.28829697307235325,-1.93782609816505946,-5.7881081005924111,-1.35070687423223568,-1.44747604887693671,-1.93887432437729834,-1.65766254893493326
-0.410907839151988197,1.04086456906602343,-1.36925290811071787,1.29284728566722951,-1.99674933957233325,0.362875997400848749,-0.152778565542313616,-1.93987103096639757,-1.44213782860954742,-0.208869381766963652,0.151741547438652036,-2.08214428806576413,0.26957260573616143,-0.614219284830587631,-1.11700533325572327,2.16517962780527107,0.464426729639960179,-0.790401593471492192,3.25569733093027125,-0.549306056108624818
1.06857539888541386,-0.297608849395156749,1.22140331637536703,-0.48969705182800638,0.578715004916108833,-1.70509430017853991,0.663115954302652244,2.81496900846060072,-0.125784312400625514,0.190545242445622126,-1.10128218746065465,-0.427050882963421807,-0.325463981973667271,-0.687744015221591121,-0.162199244799906189,4.80969626973859121,2.13602831811902893,-1.72296967776549592,-1.19263419350612843,-0.327596393583598211
-1.22061971277473647,-2.12896183738640632,1.58823083540842469,0.612839195045551288,1.15196840511235155,2.93980924431161927,-3.44699143511410044,3.06578839269948578,1.42705618412110713,-1.2047511166735394,-0.906252197451880015,0.018340158524153341,0.563902153694234021,0.698817701377802081,-0.184347918847351522,2.21321485879832558,-1.22018318346547461,5.26365955686808906,-2.31730112482111572,1.17991404636305375
0.0944840224719352834,-0.845027836280953015,2.54049221355837851,3.0702741978492587,-2.75920540535215641,-0.618076291673586575,0.536187754083852219,3.9772700735048101,1.40273801116831187,0.596900176372952784,-0.0755839042871424421,-2.19172328175836961,-0.00913308945220810305,-0.51581294938582134,-1.43289815494856221,0.977159639859114693,-1.95313180965006739,-0.894767211132261431,1.37050865770837493,0.0567330513793248697
0.628070906040435362,-1.27440820990700421,-0.244229603881436746,-0.27356905021830169,2.70920880394331798,-0.0119388874241080512,0.804458664030065718,-0.496350169939699493,-1.93247903988081537,-0.573662564682823839,0.846266201696098563,-1.07042533632083536,0.165995097294328986,0.224557928261337691,-0.250728798605057146,-2.42729883578777406,4.714384760634176,-1.08629709221015336,0.138546420156382133,0.441621115363102501
0.662497744887120876,3.2723712469524151,-3.4281127846562871,0.654725744587349667,0.836094064834241424,-0.873078763889100218,-0.466289468982224342,-3.68349047560720155,-0.306019895545341591,3.8877244360423715,-0.63882138861203841,1.22693754758172124,0.213214357187559045,0.699687169858537517,-2.01150980359547216,0.215864553481864507,-2.51080444070476672,-1.57279333081537787,-4.21957901369246535,-0.951166585248681473
-0.146027044066208755,2.87372659391341756,-0.440613508228031636,-1.52942369934979028,-3.7714055526776975,1.20071664938398182,-1.36677434652190133,-1.3875583874625903,-0.387268929141325435,-0.266426946661849018,3.43971156162063663,-1.61986987215986855,1.1568660445178609,1.17353300947925443,-1.84369077488981592,4.21938295496235849,-2.93360622353172307,-0.565899424461384526,0.169534941694306412,0.651067961458812183
1.99491072015686743,0.809651948095382434,1.08650803598985424,-2.26602221366718659,0.093757301897109388,0.0219078860260647733,0.317056022699671314,1.67561650584554345,0.674035565090343014,0.677551037245346266,4.35120025858985215,3.29418101907917205,-0.880251245038921826,1.21581375671476777,0.51911760651483585,-2.8681679122164212,5.98862704374132981,-1.38395429672540748,1.39719926962859842,-1.09530593741566551
-0.151372492565816197,1.15082168889193537,0.791225923614910731,1.68670350139042835,2.08806173012064056,2.26104055703241791,0.289269753171327137,0.535255949284378252,-1.49944915476740093,0.582675938563463558,2.75585667381015398,1.6856474217801376,-0.738446910337500761,-0.60705277782627276,2.97962024348372356,-2.51510231711346011,1.25644693018029452,2.1981065326193594,1.32496574521396981,1.04940187858856637
-0.386618152346081267,1.90128535246768693,-2.18603730244296024,-0.663970842503085801,-0.533840316906595724,0.651585096300280608,0.351853734436546883,1.4642544216028397,-1.09855882551512773,1.55566925753953389,-1.08159159597244581,-0.773795432898375712,0.814053537337949273,-0.508633537143685199,0.336430132108685664,1.14465663424280439,-0.646958873470224405,2.43531234945905117,-0.176880488814455672,1.03286292191593621
-0.662586333666883243,-2.18156144021019971,-0.109988836687174657,-0.585137981790482264,-2.65348725243841344,-1.39960569598825679,0.113272334756376297,-1.79793992648779821,0.948914932162255864,-0.96569385538636987,-1.30453728969599458,0.775621919818192618,-0.706605299204309256,-1.02352305953157563,1.81446471859834224,2.62789680078370846,4.38898466337425663,2.09207945288350849,-2.32745952649231125,1.78068520774780503
0.545120248450231215,-0.232033916651661731,-3.67490010320850713,0.363151265271287271,4.4068066201734446,-1.94669460110411197,-0.478162208012595236,-3.67893271877318373,-0.776254784287730981,-1.11673827334420195,-3.57572459254923425,-0.868828633907762327,0.213930764474944635,0.54570014560865332,-0.00015308460502900449,0.178367306553036564,-1.72913166357724579,3.18220205887254437,1.31035637845639608,1.44688432341159934
2.05645425496819501,-1.18996610657488988,-1.54008327957242153,-2.25301081521976121,2.71523098197990942,0.355720680389825405,2.53167024155106191,-1.97772819298047486,-1.37038203819874616,0.374472718858941067,-1.19697070290015062,-2.41754273341347936,-0.692415651027770696,1.22374986949982612,1.44585458538848677,-2.64365354671945507,-1.80255743584120487,-4.02532491446851104,4.36372716524847792,-0.0452199571083204271
-2.1078957791108266,-0.192349501741898132,2.6350088007140795,1.28645051665541432,3.64391062731791937,0.779397974836387064,-1.88444199251312239,1.24844472009878515,0.00238631713754217881,-2.18912695260993484,1.64325956633554782,-2.57853305785466258,-0.86251513029191651,-0.68462541035611113,3.04847606478915667,1.0630681953204919,3.09540836378449491,7.20780008448888498,1.73830784049285092,2.50437460522198618
0.610724194422236244,-0.891343525258998737,-2.4426266202985758,0.564231633919851205,2.50061971288792328,-0.192384100292518595,2.50427274392663124,-2.75882327757526058,0.463638117042684927,-0.896720506835673503,-0.461229605579802526,2.19295485459530992,-0.294363576995295861,0.925149544601975293,-0.816019791468073685,1.11284541548560356,-1.84457242523929477,-5.99777614226555755,1.82820531843610046,-0.457894554197524728
0.361492887937123253,4.55688988710632614,0.42404166494478035,0.145099340178670377,0.345684467750948243,1.24867811576559462,0.931546389557000309,2.21507633102201984,0.600433990569227527,3.75516314787324035,-1.39594845424983394,1.13732684164711273,1.01728768478738107,1.7313938741190471,-2.10312602226034473,-1.81400204759886763,-2.58543224507284908,-0.445447603580796714,-2.39334276160602544,0.520487072847400145
-0.491616250028101942,0.95006796195970189,-1.17918520168312635,0.296212488533358576,0.00173397689987108425,-2.73859670239670239,-0.941849234761506504,0.000431059337843138035,-1.39930000722275882,1.295359441457403,0.656531057450682187,-1.5169180298814593,-0.585359704982384876,-2.56660621704791581,0.761214197673990123,3.22765959964694416,-1.7427603715978266,0.876996419677355421,0.338486782277906406,-0.740633134365555224
-0.0202993877555328363,1.69689227956157995,0.0221702052271032478,1.07233565345065252,4.16387362473858147,0.709316027225927348,-0.364928926372495743,1.22768720345429139,-1.63818302867492727,0.00735975684593050735,-0.852722238023127299,0.985497562906484825,1.61930863279915704,-0.628016250867032277,0.641409006536442172,1.63934150212917196,1.68150820588096761,-0.443233533101662525,-2.06844643235432546,1.22444556017831974
0.072427125189038738,0.760532122579089531,-1.14502718023456573,0.0420118990983652241,-0.559860498855960009,-1.86809900080104629,-0.615279153475601692,-0.00257086673669103521,0.228440936550416251,1.45126490580775558,-0.156008453293327687,-6.73865959052883401,2.72846032702594332,1.87395403533345206,-1.15585814230592732,4.98357068267087744,-1.50351743565631346,-1.67548951615763642,-1.02724981106386437,0.393537070452556426
0.030164895729349564,0.190294369880848219,0.705859272522055603,1.59567080886067569,0.692108750726501687,-0.45451656198894097,0.159482111641367774,0.752370518283270395,0.954610697549651332,0.424303169053407869,1.67125768675786812,-2.86436640130049236,4.02547533262247725,-1.34519634138259958,-1.98971294932542708,5.36690601224475738,-2.82974706774368112,3.05483846796731617,-1.80162074954248586,1.98593398076792926
-0.492957599134927649,3.31352331519313648,-0.440024884049242337,0.785598427973927316,2.03506876118524183,-2.10920050832632189,-0.352583550443364258,-0.226595063698870308,-0.923732819009594142,2.62313900036759318,-0.504773748410505263,2.1288146945357731,0.269974272581778196,-0.8140804098579415,-0.29513292053497775,0.981178146918427752,2.1209035859445371,2.66513584780321278,1.95918245982885275,1.95619567791301896
-1.44664874332114213,-0.172041277774908991,1.02154236296397416,1.09251802643207152,0.437313027971384272,-1.5358911265014763,-0.0704457182022449196,-3.03665896510526334,-1.6018958588265082,2.02259472993626233,1.33680979378343379,-0.311325519824525998,-2.65568341892749471,-1.09242204874597282,0.825466246475288101,0.260105694723023806,1.41651812459744852,0.425015859145607966,2.46933999003906379,2.39725054339032217
1.00368862661912761,1.06406123503585515,0.078790473041871173,-0.511633535422729713,-0.714012399673846554,-0.0587380465445453415,2.17615720942163859,-0.309387747918782263,-1.20977875648003463,0.969852516448495017,0.87881634642818518,1.85476318987009248,-1.1408221173037516,0.10016408585372856,-1.79175798139594167,1.9892093875838488,-1.76004840396854201,-5.4597520562155708,-0.427052909075351428,-2.48969760305487897
0.626427670642101697,-4.23887450387036413,-0.143496044207958778,1.25400308327772181,0.467073762288064409,-2.73797248672935112,-1.27454594316073488,0.0135912350097172584,-0.362408417029692675,-2.63279730539187362,0.454435507947562378,-2.49736909553330033,-0.739166482581174344,1.92566819861573313,-1.47657403116209784,-0.0286840061129861011,-2.90730857928933872,2.27725984447087004,-0.20877545313989368,-1.18501342312752311
-0.846945766592079208,-1.14008942331093488,1.81056636471802035,0.824120214111331184,1.21885992767826901,-1.4306510438124489,-0.91681189030300736,1.79127914520240816,0.435904368132558784,2.0946029014861014,-0.116643860914890665,1.47387926250023593,0.174323179457851973,-1.63979785982986326,0.0939578485683099096,1.25230650466204274,1.59750862280025863,-1.06541061105808477,-0.794052991012088483,1.87802160747772784
-0.408554305015009833,-3.43959543712180293,3.04942925401262022,0.201280811754146777,-0.570350701000136295,0.918882062671303346,-1.76160715018380776,2.74680263249740353,-0.543067310898942113,-5.50865258698069127,2.63168359596155899,-2.36534573244532531,-1.26664292251312283,-0.926123675061571672,0.171943643366932297,-1.18854682165057324,1.82607233067827424,1.9050508509245403,1.04196912154016941,1.7785309126389619
1.16639988058810506,-4.09755604312181454,0.620322735854071272,-0.817508515638981637,-0.260177381094401416,-2.39482391286984342,-1.38599415850205476,0.196128511548204765,0.434532333126655679,-3.51298890769567418,0.74682851393901839,-0.0312504624047313731,-1.5618115370632828,0.41385209652318089,0.591707689467294684,0.0992163911083186467,0.816447818842913731,1.38171614613775096,0.519881702066010143,-1.654082112493517
-1.32689936781033846,-0.0525418751648174809,1.03561082758404388,1.04217336943608418,-3.03201558038504393,-0.0753353343739793235,-0.0912832689106328338,2.1090049991124622,0.0926802515691275419,-1.54962561683525557,-3.6848233483577566,1.07832006598220387,-2.75208920430262616,-0.93003322487749307,2.03738425724977601,-0.231928332526332104,4.19031187959497675,-0.17793793520729434,6.28107013300140338,0.686940674584130884
0.0135151743170897239,-2.01219586173284259,0.214715270884751563,1.54948567095380918,-1.40938583609987278,2.17525639686315397,-1.94488922304512823,1.83788236058188104,0.121916100826237092,-2.44820922974665045,1.11489703775483173,5.03261356809317828,1.30458911973519398,0.984907420671014,-0.0591340754630780494,-0.443020478462348544,-0.451867018091372807,0.304423215249603474,-1.30969522703432628,0.956362183782518804
1.05079041364510783,-0.905787892994540211,-0.496884565118008437,-0.326655459450812813,1.95306281075074795,2.36727830784223636,0.540159029707525495,-1.27813121564444421,0.597533022124298929,-1.58726325608495222,1.87504594156941473,0.952682398517178619,-0.415680610961009223,1.35579465720865699,1.89291597353407703,2.74620823816242288,1.64369572392640495,1.85580033860221305,2.65797086126119986,1.75256165541218367
-1.33559257318111491,-2.52386745693991754,-1.12900130199497295,-2.06147610223649558,-0.0618359681454767676,1.61157149542853539,0.189701888730354179,-1.75950255077185536,1.28487636444049147,-3.80588135358210922,0.306735637366876257,1.37599440367279935,0.653142314793469514,0.07850856783598055,-0.421774667732227104,2.77184664899204147,-1.56231804637981297,2.58732112040720974,-0.357039543649865621,0.817888294104070379
-0.286212539090781481,-1.79606935886070818,2.72096645718180641,-1.5928391259778294,-0.144902169333372244,0.949216420203365163,-0.683444304479817299,3.22839595199589491,-1.14566619672007053,0.1284080181992244,0.45030795580105959,-0.559724860656346856,0.0683698039194373247,0.643851953114576991,-0.468434062586288003,-2.40009765926216723,1.55724861858797792,1.8893724564065264,-1.35534903500961335,-0.42364337099375915
0.473196419701138848,-2.28476140666323912,-2.35812141916050155,-0.822754768655054258,-3.3373789966028653,1.03837618107305651,3.14584384931346417,0.825541623516927947,0.695251967645504565,2.25007805190770549,-0.30773386066673375,2.8798604238697143,1.74595441928304407,-0.249495656118235071,0.689982018584699208,1.58112698766927462,-2.13121607198742247,-2.18481369481948384,2.80916883826948949,2.19515658104301004
-0.7507845171999592,-2.65458052954315038,0.114163354207320419,0.647279165461247863,-1.81118125425322485,1.57093242190036642,-0.0240324134692218722,0.624938359973660762,-0.36129026944618442,-1.43567202875316813,-1.37264426629150749,1.42177814368659439,1.55878933650425067,-0.826194345866598123,1.77785003776451123,1.51167480520704212,-0.637888458906109013,-0.0082880715957227985,0.0243320977284918645,-0.633245742521371113
0.282821929367072011,-0.554229342308648953,0.207083453439588311,1.13490707877567565,2.08382979313033845,1.17562693997357259,-1.34064878207280791,2.07763378307313173,-1.92084732989422613,0.613343619444341903,-0.695693926549406538,-2.63907621000031023,-0.385856729045347291,0.589042614719702318,-2.05503478232901227,3.59420385826712518,-0.932741115234648421,0.464168421598473657,-0.77029083912370655,1.45141532778345383
2.70729132282641549,-0.920095705364683769,-0.365717890577024696,-1.71964237406699727,0.461036269115732422,0.79390777602096263,0.923110386143771167,-1.59958158705439568,0.244588283236214232,-0.720694647111324915,-0.293524965474411148,-0.843369702750215944,0.75977542260612374,2.60020049796787278,-1.80029139941426641,2.95594841503903227,3.68301924908834222,-5.61330368897817955,-2.27816575849464753,-2.7201408677922827
0.222628606291527836,-0.862650989468984108,-0.00774069604433925192,-0.290283630543872517,-2.35468019024635211,0.059115081663950686,-0.87797480345619483,-0.763333475122907612,0.297872891909266246,-0.238047853328024694,0.16905102098207736,1.09428185349183993,-0.0483049653722521163,-0.246863164329470641,-2.34475759338924483,-0.526877941805613537,-1.74740709087782475,-1.1214959672040421,-0.760677051466354226,-0.16905159886991375
-1.03177285882445835,0.0340896022143543573,0.210773371723710023,-0.712462920646040887,4.9474877562577344,-3.48644471386413546,0.228390487114189827,-0.922254856324193684,1.55162882721965101,0.919643010995661037,-0.162094765790088663,-1.94427078312327861,-1.61847217917772923,-0.935443857612863305,0.790000418233371415,0.157128801182334604,1.81847799837621316,2.50036894011393995,0.263738712104039819,0.165959743888287908
-1.48888983656437301,3.44747808144358281,0.92472549496802825,0.747267273424235712,2.20266372555942747,0.967215925342124527,0.927969675308344066,1.5106700677591951,0.627001368262289471,1.66510599202103537,-1.36162029206794521,-0.232957207109450642,1.72602401162342356,-0.926916483075293951,0.874482997433358333,-0.651344484072494012,1.04164879620806383,-3.45682276436656499,0.787116008956315172,-0.155597134593221442
-0.215088707634582349,-2.11984397759391729,0.273485869273897952,1.69894124375086064,-0.558894719879953206,0.285448906406029379,-1.84146617462134432,0.651282597866842949,-0.835136077525898246,-0.860014752434077212,-0.684136957213436037,3.4617654865384071,1.12517736737033269,0.161133072692157542,-0.528861311541563572,-0.428879800801318489,0.211751357925161476,2.72018982757626437,5.91614746751187326,-0.223941256500266972
0.233553475137183442,3.10215432238585365,-1.30468099509541524,1.42113932657019637,1.7910531225321813,0.303491856101396229,-0.218936893886285927,-3.53279731808436326,-0.43253788960909495,1.20727277931590549,-2.13887891307797684,0.047284492472270255,2.05251370425792246,0.390037457301639523,-2.17857079806171505,1.38518553358330876,-2.5566291120657989,-2.77070298332306431,-3.27077392493871866,0.570544797803553383
0.713212026060954241,-0.327395098847860222,0.467799050160563612,-0.973548734886598766,-2.42816379005303196,2.65415057733224691,-1.14065296486465884,2.25880920146552588,3.35036611139825613,-1.64865206401651609,0.96472630915298685,0.759359904164248478,0.831421446475786752,-1.06557818293675322,-1.44154007262615491,2.06698375266010581,0.35033684548804328,-0.670405397466989572,-1.39836516339577965,0.315189309247998706
-0.56554263446455022,2.63851570487193632,-3.5317509395152622,1.88386114619687817,-1.68669753939907263,-1.87141120924947968,-1.83529584830999926,-4.18564202306656608,0.491210658410573986,0.804268102426020093,1.13683329970594915,2.80548721380511701,-0.169359588093014962,1.61028714852926358,0.751116089857873592,-1.45520610375988402,-4.03900423224683802,0.311599793319968565,0.0575331949081350977,0.124784075801654584
0.557118918578306865,-0.783096986338220002,-0.884749994458428057,-0.308508333939041646,-0.504856471866011347,0.356341427407935896,0.682404229996404821,-0.637521731468852937,0.305255917059910398,1.81041817295007057,-0.159946688601251108,1.47626162544330763,0.245822316852007339,0.0872840463903698377,4.16456423780677376,3.21998326250433564,1.95373094816312487,0.237686162893386177,-0.890643476302786841,-2.61354928496837591
-0.150632445624979933,-0.774308156798744651,2.42593548713018681,0.905157657681701644,-0.674032999740639127,1.49963012443841803,0.490861495598719888,0.726363310043453669,0.259873153458371864,-0.26903260167723797,-1.49979916077102837,-3.72900688183951479,1.83998250987574075,-0.0814148771029398755,0.992737839113832177,-0.0563537709433214254,0.699030994326164445,-1.41894555020916102,2.76957157009144606,-0.905407636715849007
1.78284412036472695,0.363422606997697406,0.847863656139467792,1.65630707507529351,2.38929031792224889,-0.456332981703309715,0.469816637933223646,-0.0691082431146459453,2.15958114094647469,2.11739201322924941,0.5001386970319186,0.995131928135499666,-0.0782762253904791538,0.667105623057999142,-1.97377183515401233,2.40470162419509004,0.696285520362881827,-2.13233915074721025,-4.08014237922741607,-0.960836082980546236
0.0800371302176918903,-0.779930052256198492,-0.242948990629680089,0.200019700863752925,-0.950907358004361769,1.49706792719963522,0.190661447007419022,-1.85212885450372045,0.296144235400356337,-1.59629660404406115,-0.568592709371620986,1.4315473897694313,-0.794090332253792663,2.65032175414226545,-0.249576069801313,-1.89670260410159575,-0.569411691924020635,-1.4622905174187153,-2.56148198238373581,-1.00099018776678461
1.17765938964436834,1.02417287723454087,-1.22811464801008841,-1.28290972389393554,-2.71793514033125838,1.40155813569282262,0.815775335590267159,-0.89380904103949721,1.27583860549301376,-3.62832902173842342,-0.619353641982262615,-1.0984582506958176,1.05464006330032078,1.77969195273748615,-0.35005196865807936,2.30454464305221629,-1.62682096495312689,-0.52894366645955182,-0.549457540592556137,-0.608135132801727041
-0.403594002324250689,0.681865879645665474,-2.16622746798249954,-2.89188114723674294,-0.826266877762710461,0.13448941634971065,1.57449245587800979,-2.24515728939775006,0.746332132507993795,1.42403124613793741,-1.08537543374847645,-0.673698788826322614,0.939584484123304642,-0.15878602736827277,-1.09762263676050131,1.58289918483615222,-1.16095740509967071,-0.987318058430237344,-0.270739904963333833,1.96263661609365658
-0.334878783438743277,-1.25770514014062185,-1.05108791516792954,1.53635512964995025,0.105864581281356757,-1.59240670643877724,0.277989248064121897,-0.0564630138065674997,0.496987017856787061,-2.70811724118767838,-0.337400902877374731,0.0816069396487187487,-0.815238002926499505,0.651077828404898584,-0.0619947147520698918,-4.65981189808727514,-0.410133466064511232,0.382564600965228596,-2.24260111009808716,-0.947841636629696338
-0.32160801290349722,-0.5232777950251295,0.0261063118794301711,0.962878311491534578,5.95060662424871989,2.43542569599299652,-0.827433562072370954,-0.0363727003564402809,-0.0944651245497171305,-0.294686719315930046,1.73303647035050856,-1.03914771293880359,1.36135699359492901,1.15947158677181617,-0.40556458215551261,-0.568815145296450053,1.68637953413942121,4.7380184097934217,3.12965411523107129,1.69070345632651176
-0.595216972243998277,-3.23642739954910441,-0.211142724131833603,0.370306113711167173,-0.592081296619480391,-0.718269448731221116,0.565062698084808579,0.970898007177683042,0.683675871493383713,-3.59724919036894075,-1.42914308104231957,1.00848454156238443,0.387540211974924831,-0.998511403087668614,-1.39613622452150632,0.460089763572851085,1.0581980395770374,-0.994381141077035013,-4.34508615551389266,-0.0442245806249364215
-1.44329512207383281,-0.089947475485187639,0.963209974912303313,1.85816067848482036,2.5978206580903187,0.308394544143960447,-1.95529539793560825,1.16420178713657574,-1.89231884121543126,-0.818349788253230348,1.23095438883685349,1.76461025777883407,-1.41697322583444674,0.974121461578798864,0.488941488012324177,-0.436978315175293008,2.24611500072560233,4.66507678403694825,1.53094115973984346,0.854874864221794262
2.62591769745451975,-0.892225621380058787,1.3091618845857147,0.26356879601510208,3.40494272904137185,-0.216564952625113855,2.23398267816203955,-2.96919753999648917,0.114716472776743517,-1.06408301734566813,0.805913569375518724,-1.44713879127794032,-0.596124485573945817,2.44451379763925258,1.11284013771950296,-0.111178124758075925,5.92498761881121361,-5.81961176829613436,-1.75624710147133878,-3.12871343368297961
-0.878278097198677665,-4.34814159051697491,0.604100926965185137,-0.370829068971503806,-3.71267163727119476,-0.736574038512271101,-1.41516304045385954,-1.47609286719596344,0.729649437156485781,-0.574544681700270399,0.899441657875031053,-1.17882212894925242,-0.305637429171973618,-0.614304062590924516,0.905954176863934424,0.195826785322421759,1.06864015632169052,1.18836994280041086,-0.139724488156119209,-2.22614019478067293
1.35558405395954762,-1.47534869985144201,2.4963420742057596,-0.00756395237607552021,0.819117081119738355,1.82249393406084681,-0.973412356651574995,-2.44936648665399703,-0.453248463732917217,-2.08664581461449083,-0.785261488129509799,-1.02517505662837771,0.00639608107588758665,1.22363220558862151,-1.36412337506269599,-0.424172456789637997,1.81288613948630006,-1.34877341657007532,2.92112739434588242,0.161205599396865129
-2.09642791715247734,3.74092266246588023,-1.075530331888229,-1.91574585924355101,-0.873963131526522607,1.34830498055737724,-1.62690376841843065,-1.79621939998320412,0.442754369751954591,2.14773750611843983,0.495157359815505405,-4.55760179354483697,1.35101129016737787,0.765590506582821351,2.8319713589033042,-0.381370966022036018,-1.11026385704222541,2.55558030754952226,1.40626290944791221,1.74313898560114211
0.545574932985673611,-4.55750959553077184,1.6473478017841745,-1.55385752242070252,-0.87954675887164846,-0.327850837937938233,0.907625324387473897,1.20525965107073585,0.994616208321720929,-3.45689775720732895,-0.442080457746853173,-2.55086628932167159,0.113596355202500832,2.37051376463126484,2.83703542661506436,0.115982110053767962,3.46870501435763945,0.62088429387432853,4.52737070279841181,-1.37000046368837802
0.234204542780124481,3.13341272833011297,-1.23313942794952558,4.09443894419269139,-1.41467931140763525,-0.278793286168144971,-0.638134009181615669,1.96601344116231314,-0.496409943904162598,1.93301760535528899,2.60862286465232662,-0.0916674853822122965,1.56901485526736795,0.878151785413383124,0.950354792170359675,2.1718080008520122,-1.48178171572028017,-1.72370540676323869,5.84468554922599104,0.738283812262991002
-1.03993417919655262,3.52269001255642022,-0.715910453992704476,0.395989476020949527,1.36933081013290492,0.747000482392344067,1.63947786708335719,-0.384209340058895954,-1.1963539274621533,1.83890419453846676,2.92904068555467356,-1.75055465656881104,1.77205051514292489,-1.17736266443908844,3.40459340971843449,-0.655317197299911891,-0.836730513282918587,-3.28940396774532084,5.51718084563559952,-0.599434573380888125
-0.0515489147083226448,1.69855021013728535,-0.393425878747586055,0.606665710335860808,-4.09421092427322009,-1.72742406590919217,0.326053589232748131,0.381694457533715337,-0.222797368320635181,-0.303333011452660839,1.9350260386144007,-1.50362143270728832,0.843478398704152754,0.348196022416543016,1.43411277581828456,4.44649215732624015,-0.255507470297151151,-0.0749582428041019738,-1.28837280829553746,0.110810353889923024
-0.123562250389304643,0.375593350568599715,2.09659228717375568,2.25217387108767797,-3.84554805775978492,-2.4407128875378632,-0.438505446492079343,0.234021455901498088,-0.106539274801151773,2.21765711944687594,2.45885142232132559,-0.612960239851456423,1.00208127946387981,-0.879667617129850421,0.659715677494638775,-3.43062628866396802,2.59691793568596241,0.894643693685749697,-2.41120390297303855,-0.79163466865232357
-1.13356057962835655,1.43425715565263778,0.77730724933471429,-2.62281281266138189,1.16906327120015563,-0.407244569424597191,-0.618949745640492321,-1.34283333768905355,0.741853000641237381,0.330581507461777835,-2.73323903240111221,0.905442301370537495,1.15210917932268764,-0.701495882022687423,-1.3985919752655509,-0.261875191995613821,2.37635328329247431,-1.90899098569619907,-0.51057205503648373,-0.746414716541662915
-0.523005059548142248,-0.610801017508448174,-1.13994811531433982,-0.0190934150073382713,-2.63825508572260103,0.918457263364216847,-1.4050656360508984,0.0731451215533276133,-0.696094959222872567,-1.16798721936698824,-1.17114062377050088,-0.706812263123108075,0.294688276440328634,-1.93355416402502711,-2.03339973251673589,0.901597728095836604,-1.8292191182542803,2.92810706822033673,-5.32751750038005589,1.20562791507994027
0.0568197626463157537,-1.33503406233466393,0.823535083884792352,1.23125153218326311,1.60955481312368076,-1.93958079737604727,-0.685864063588427886,-0.916133147176945162,0.235835490964660305,-0.856038172678437181,-2.2574742970049928,4.10819389665592638,-0.728459338589184879,0.0429583537704571333,1.46469355904162901,-1.75903643895283013,1.15752044842337143,-0.702759687473431427,-0.937581278666102857,-1.67159892743454552
-1.78654020365005106,-0.786002393119729192,1.820591526201639,-0.46284044899729454,2.07700053764931303,0.0192945283281520177,-1.07740107685492359,0.370267070178664115,0.95858668197406971,-1.23588740193026236,-1.46750465343542857,0.586363292442422135,0.785153192650877241,-0.693925653981317336,0.553720561811106071,2.08816924391591474,4.48323303481897462,2.3788790812889653,2.1853825028566658,1.78375748988044758
-0.152794987387735198,-2.1030015920648446,-0.014647028503438209,0.311210968993109238,-3.0842406909496467,0.116792999554032023,0.412602721183301768,-1.0590645889453647,-1.47048111015552108,-2.26454262559370267,0.133542263863015986,0.984163276936956155,-0.965835332536390978,-0.523561216802264195,0.654790814911179631,-0.793086794869153566,-0.023193002882712966,0.757454535605186052,0.288988179905078912,-0.686400363425847426
2.26192928105016966,0.750828259317440794,0.263055558342374707,-1.94716411187047544,-1.28839728579317137,-0.37596164455759673,1.25717915452956364,1.67859142209212675,-0.843503699899330939,0.923281486706763133,3.44454441154964464,0.379031620274457193,0.313170716775858948,1.10385047770976241,-1.04823515144463086,0.420941080010638013,-2.92904292522687948,-1.17943766554335916,-3.8971564043745901,-2.56206866591152238
-0.152612044004029307,2.17535193340804556,0.841546198577828863,-0.457839903352789679,0.788762456464774608,-1.79383517253775593,-2.0810656403230734,-0.210817868577525741,0.240518454515889851,2.86420651116419522,-1.3757220586449217,-0.686978654417642498,0.492817400531920191,1.4322056423781766,0.170550896586120299,0.902759952490407414,-0.555719792159068193,2.55330039997449898,-2.30378446732779274,-1.15382545388918323
-0.376740926340121463,0.538567081999110853,-0.101484648197194993,-2.03433876650640499,-0.647849776957366785,0.262831099197482876,-1.58456575059199989,0.0824330733691225337,0.720700636097656,0.78620210239627808,1.3659897318177503,0.264003004200948022,-0.552231863687542623,-0.908036900944194092,2.40573687429593441,0.345357265432956528,3.19800453282385844,4.2248931509273886,3.89671778199374641,-0.234447381713834557
1.79123283381808207,0.809674660200115803,1.2363816717876317,-2.98523793281763306,4.13688135292006454,-0.842735420450750339,0.733107371879370917,4.69637924953611385,-1.41315286037704491,-1.13991598146254502,-1.01349979135310431,1.15827146900311417,0.201511248721601616,1.17051437324986751,1.36280907732286871,3.31910348420544121,-0.433413932108516142,-3.27226195541813247,2.18916982818193873,-0.165393477563626545
-1.29717341396976216,0.88797293124499721,2.19761244902100472,0.135385945314947909,-0.378026612263180017,-1.5624739598949775,1.22243640975190582,1.78628487194753127,0.162667940352854978,1.21893055406129047,0.441397237351699556,-0.93334398307593236,-0.630473800255261563,-1.90561148932585933,0.400584233183749083,2.50315981828592538,3.71728912890218455,-0.792085937314865429,-1.06083599903968784,1.03482514977823437
-0.234398180275711215,-3.21243086226525509,0.244935406805930511,-2.47890664797390814,1.08422450062312548,-0.0854570190946111613,-1.88674230203802451,-1.05105798476496592,-2.17729366322746953,-0.67511408520041849,-1.81445383566624741,2.339427610681164,-1.37685029707690432,0.34029283165566937,2.97228153998693267,-3.6173702519668498,-2.61407738852314298,2.20660137055278005,-1.88192834237643769,-1.83066474996768114
0.251004524958397646,1.76340263235393424,-1.47292566639229738,-1.59380330117166236,0.614081987279067043,0.118666566735375872,0.649323645094509683,-1.75552605236167225,-1.05194040060374383,1.66336006270624881,1.70486595343309011,1.23357743532143971,-1.72470705707264971,1.86528267246286794,-0.659737711558499917,-1.55949241213680034,-4.15144718783024747,-1.38505612565934766,3.03325108842175517,-1.6013785859109857
-0.67160054313291051,-1.91391892320313883,0.0868613255437423459,-1.51108172347490499,1.45753029781125343,0.989529519881595543,-2.44644898489748774,1.67271079506655784,0.644171925342339913,-2.6939548601260217,1.14305525614409009,-0.46570508026609686,-0.436764046471468492,-0.832610265913309555,-0.477170439313102768,1.64935826026989507,-3.49923403390021415,1.81123317027866859,-0.000539704946249258428,2.69594298562880663
-1.20675843575020059,2.53001500133418311,0.955555395926273143,2.04621067128800682,0.322839903786344584,0.886778966727015394,-0.214013827279717711,2.11272445996653335,-0.567061614571725658,2.26580700355455766,-0.349041236735436855,-1.39655488190321786,0.617310860383323168,0.396042897432135665,1.01307410096341188,-1.14196987139869233,2.23844734012115509,1.19604673155860497,-0.594361822359720127,1.72890717225919666
2.37125855469938207,-0.78159040071438024,-0.756096661591243668,0.170969830884052459,2.52798357357596171,0.579712196590904338,0.828242425991765563,-2.20630697965574996,2.51917655132825002,-0.577155601937632934,-2.03300938874261794,1.42324792439646863,1.29654000175065209,0.993568035019616214,0.595574116860258296,0.047432644459694695,-1.9135343007949126,-3.69127272169480847,0.942882188201299543,-2.69862876349920144
-1.18662492028101418,3.38930875585887881,1.27194907691195414,0.100511162524624692,-1.73118631238190246,-0.830016209717251763,-0.531834573182779824,2.05839786900935628,0.923111445032980815,2.29455033164736655,-1.63606776593995473,-3.23664368461125518,1.29034234901302791,-0.337873623912520127,2.45390172505673521,-0.322332150904337922,1.133713520974722,5.84645783416173437,-0.653802155638893101,-1.02397545038217563
0.555600773756775634,0.307047704137712207,-0.691916349439431144,-1.10984368618294971,1.1584389012765588,-1.85990875252520871,1.20786397546161073,-0.320786108334941644,-0.325116710950127896,0.232193695922078086,-3.69627271123364265,1.74624732661647908,-0.0162205721624641107,1.0785722079118707,-0.175640308058820999,-2.15872189808055159,-0.837782722830080928,-4.705360130063859,1.10476799973408824,-1.54512745894178161
-0.473094607779168896,-1.12320624936543934,2.95338990150566838,0.971793913168908285,1.73110077153366437,0.349623853260442041,1.64673228995071108,2.26008965251193938,0.546925180395671617,-1.70341009989177161,-0.460944256385357742,0.611897145640443174,-1.21419612803917754,-0.278675612158922836,0.342058965539023263,0.97336435365054419,4.04886635971209241,-0.628254654957751124,-2.59579025291459109,0.868629317564590275
0.261631294741070997,1.58718199839110574,2.35678745725890071,-0.946994539274534364,2.38454818349894859,-1.79162432918554626,-0.0482570585293357751,3.66670930746808654,-1.77846541782801615,0.846497833510337916,0.790238880759462914,-1.22428562897879245,0.724987259244724624,0.910972341974302435,0.96507805524682555,1.60733394059337975,0.190025256094443179,-2.50519079440825454,0.184822018426296558,1.58575017727200973
-1.63865278901198996,-1.32724170628172256,1.76940919765520244,2.53692688809546718,2.84465637965882179,-2.90353115557841202,-1.15449751358429809,3.28451288216160187,-1.23334918849346264,-0.951336950374763402,-0.18409121398863057,2.97885023559466999,-0.0430837016982896573,0.000998158026013890335,2.72753387340583986,-0.266817485900465612,2.2724465146204933,2.04609533911819952,1.9869929020830952,0.403791670467067432
0.403726340171716991,0.779304853669395281,-1.164382906247861,0.304350413977067913,1.44837994709262574,1.01747052221045853,2.60844871179112303,-1.6428986871609339,-0.625530922666603373,-1.50387795251340428,0.76004962463888126,-0.264367653716011897,0.686348461952585254,-1.34126272568469518,0.371574667124857427,-1.81515707300834106,-2.73377035356444376,-3.20095888709648246,0.316266580737757874,0.956967384347689354
-0.389430632256047238,-1.63031701439856369,0.117436716185038065,1.39337222242681213,0.365677467239337139,-1.23609833757704735,0.35613536153017844,2.49421161753468068,-1.34973999071506467,-2.06150834920562609,2.24878942356676381,1.48025614379533699,1.11713481096097866,-0.868318278592500659,-0.927030717381557734,3.1801348204724631,0.974446464513209154,-1.02141327807024163,-2.30848488729212686,4.48373079367912464
0.469522751954907114,-0.971452169288672507,-0.0594476406560127887,-1.14105225476180738,1.91460023421888303,0.438027639008042369,1.17271130084498432,1.95937980386576593,0.212165205207139884,0.0926375093513205905,0.341874821312596611,-3.13494067409420962,-0.316816094383404578,-0.0349048786777326758,2.81970407169618609,0.443991054882370229,2.89207615514262573,-3.41080398602279367,2.30882554655319305,2.08688006591427877
0.218614908789602325,-0.367142190974395488,0.636372297393025366,-0.286663597483289401,-0.428087802968367237,-2.26089348806506418,0.854585226947644161,2.21543781379880267,-1.09775689087172457,2.08763735115797511,-1.82912156542087723,-2.01899550752016044,0.309053789345204166,0.428059575915807455,1.31800327470982448,0.456439269239713064,1.26723532075416334,-2.18351716351007763,-1.34199686076933822,-2.16142819641075068
0.4735511720287921,-0.999888028264730444,-0.284771747379248874,0.609048676311769399,1.8913093161751251,-2.1964966587007515,0.424369651826441263,0.203146766080074759,2.80846642392265577,0.631195903734847685,2.46977917149115234,-2.05845612442506809,0.655954901174284788,0.270333786026553224,0.635582134632917017,4.47836757997221024,-3.94416358322288918,1.67346044461742327,3.23127592494378746,1.10819669899043705
-0.675386230192107528,-2.39834923727442373,2.32121314428788139,-2.93675993146139547,-0.0330481448020997284,1.34166532884093148,0.82330458397056161,3.35794828230452946,0.23286599550896589,-2.05372168991813187,-0.772528469159640352,1.16523517004114563,-0.281863305698190847,-0.941012388362324481,1.00127924345101937,-3.47624111427354521,-2.69233987780518547,1.29923631413822638,1.96620285052013832,-0.334668783020975413
0.580820721881765589,1.17621722985326205,0.54119693289357651,0.674345709501783963,-0.514910890695486456,1.39514263758194557,-1.35271799108286861,-1.15645948203304094,-1.44078885621561925,0.957893905876937568,-1.45131471936147016,0.792779497176648973,0.190574719346070204,0.383145641181945551,-1.19600158428192316,-4.14879028829047503,3.38202287829250281,-3.24213432953002245,-1.38204554326495566,-3.23163909609189481
-0.39979671651845522,3.75697985979252724,-1.7204727534322457,-0.695488552182095154,-0.0655813642143886488,-1.87872108917410152,1.02888680822466649,-0.500555331473008125,-0.197159347746334035,2.32812471200879667,1.41917796973938959,-2.51572216062806131,0.21840284048670508,0.611139494271451977,-0.430932480419228603,0.219780243041688805,2.471860155200019,0.918294257872440456,-1.62043848403629354,-0.456709534393003658
-2.41333941659769513,-2.16933137649584129,-1.50422485632318081,-1.20260842426060921,-2.91378448381725796,-0.417432028195823035,-1.37474611368780875,0.31290995647894071,0.612302583962259006,0.944063078916541065,-0.380574598599773439,2.22682832772263684,1.70774027455238864,-1.96276241794131989,2.43476074098254891,0.417286921074571271,0.729907699808247323,2.2927727005878622,5.40438320497991498,1.44961811528827833
1.33838754172846031,1.34023131042871779,-2.31426325035981817,1.00989074659612488,1.46655130373292808,-0.0788378149850889887,-0.160862267777507062,-2.38748872848272331,0.00375595126119413879,0.0461625112378360666,-0.938187491784059802,-0.565191991942013305,0.34841879590387459,1.17731936687064809,0.78627214143044577,1.53707608661804307,0.378629906287990647,-0.495282522780914003,-0.165394977929752773,0.603537886002715074
-1.61356453203062133,0.480757806907812224,0.717833074974141172,0.364204865396816624,1.20214139520147256,0.866246999536307238,-0.151597258798192552,2.01805012841578257,-0.0652470008093113951,0.109939595343243116,-0.920174566926015847,4.18857213760332758,-0.432103078193364798,0.429970420108023277,2.40641233919869402,-3.02271980961711728,-0.00684740297523191589,4.32205572943864702,0.285450935213078238,2.91395883805486466
0.107099387290631759,2.81667423816563511,1.54801040308352289,-0.734374695539389277,4.90054380775851595,0.00324498987785189902,-0.576692381394817599,1.3935429754240265,-1.49893878305664385,2.52826617789679542,0.730580518624967645,-1.10886126073558944,-3.19089681939464764,0.1667512909502189,-2.12797706138052334,1.76772330803782696,1.74824706674926666,-1.8365783717821289,-1.26964434682621818,-0.659637631223117915
-0.213696045029180326,-0.117353680807146601,-0.786892625466267592,-0.916223460025859415,0.0451841250936324476,1.56079048581743862,-1.28190669630989462,-0.152681780032186243,-0.180321256756347081,-0.740453819439363725,-2.47323208590392207,3.39303961715308855,2.39171112835810362,1.64536262163804836,2.16572555866886596,0.791486599130600932,0.144860074681902762,2.87250042331217115,-2.27258647885168807,1.94049938310791159
-1.94814061953992712,-2.621877065012439,-1.56783512340540865,-0.574826420376890912,0.475546064709007621,0.795134925632791756,-0.299327762904240069,-0.609819850233688232,-0.835137264866169349,-1.56293531352794246,-2.13820452632583002,-1.96141758016932455,1.07000649322551444,-1.23400533083309272,2.08108898693231659,2.75982415247199198,-3.52600775603707772,1.16463724085422116,-1.55825344601791271,2.1180996971056163
0.319666904770166738,-2.54592285992631551,3.31940002820487035,-2.76811501735456167,0.749350046480030674,-0.197984317260727405,1.20329735970417873,0.84310832300910632,0.894687091851563587,-1.70935952414698433,0.98411312351619773,2.20072917676692148,-1.3999376159587924,-0.138127359920254211,1.63227038454056683,5.69579284105372796,1.86021418056185484,-2.39434969398317365,2.21592428998640667,1.42413453208900043
-1.43763087239105913,0.305632748054013637,-0.608050293491046334,0.728098590328491335,-0.404734797227173204,1.10436666155470276,-1.75938835808545169,1.34343500963452889,1.31777206832385319,1.69960382258846154,-1.40605979180607688,-0.834544366057227816,-0.268111769916703047,-0.991731628977500446,1.14648810123784273,-0.192295234820516331,-1.08054482017939413,4.14502014127683172,2.27091664842941654,-2.41470203013524864
-0.986413355546204795,-0.4712067760355233,-0.721487262661997808,0.103741448648458037,0.124892611705474874,0.813860701840185663,-3.41270860841667822,-3.0691067707861448,-0.067109737166778774,1.44298290296212395,-0.901008227169389331,-0.346886192411497707,1.36166830688632046,-1.27849466300319103,2.59798189692327108,-0.805982628906714127,-1.74005075893991679,3.40441043546581668,0.544718230728225672,3.17239318048350993
-0.619180905610286492,-0.631027329802593462,0.492862882057193641,-0.672387596239551688,0.175326070221081542,-1.37165307647257007,-1.10660655861746759,0.652492918573182368,1.08932475001857609,-0.85418040917632454,-0.656738673136488593,-3.31845004332331328,0.358159934127412038,1.11236029018451488,-2.84522070222575918,0.00386332626352528779,0.859931334220566002,4.00597271239886243,-3.0879670243713937,0.668123691846224332
2.08959066806288796,2.19442216092920184,1.78800630531124893,-1.71258955837991533,1.52046920306514743,2.13935401906669176,2.13335049481537364,-0.239670216254375817,-0.431644152754553478,-0.961658088550960355,1.29505931235086647,2.56351761454669758,-0.0906942351696345128,-1.47689570693634287,-1.42073520180997148,-2.1797061065914014,2.07962398284854411,-0.430662457130881582,-0.589106055097338599,-0.320383595226074958
-0.381551490807497506,0.0321532870187075936,0.159104613642763987,0.646527023383571819,2.04765910611319635,-0.321537083215674924,-1.10407498728652498,-0.378509844792880412,0.364086515967757096,0.815715874359157267,1.86121451201217836,2.2264460323683064,1.94697290281532553,0.744666585722485563,-2.73725950136235774,4.00027991085907519,-0.601492081172664395,1.90656694645299662,0.174168111895463884,-1.53984831149194101
-0.463403308975507466,0.44430748592660041,1.26924717491411365,-2.24284633272790179,1.61463532304700674,1.41073539841052642,0.180512705961578812,2.91959955512881963,0.148034319499000117,0.992375322928127468,0.127011228241317081,0.867720834799330598,0.29686150892273222,0.411845584911170237,-2.05302052696395299,0.112190308555722484,-1.1941749543025828,-1.26571978142470498,-1.92360283298934487,-0.633162382054353712
-0.628222925406019872,0.169039301319442697,1.13630639193132499,-2.55253438251721354,-3.16980492635614741,1.6740090666706664,-1.07011028998988311,-1.07275387830008717,-0.356981899084131027,0.649170295527804586,-1.12387125846150404,0.355065733366004221,1.11988111926171419,-0.21396251692087434,-0.555466300230584631,2.48878852501371739,0.687598422855446256,1.98235930817349648,-1.00930952453787603,-0.269529047874352945
-0.556179001890174107,-0.93386212637385424,2.14877084753771763,-2.35986184667272525,-0.836515083211297417,0.242522936167740816,1.19928101165431733,3.04998670576890785,-1.00536937879824828,-0.374847151805424272,-4.31300228831816135,-0.0109456938304819916,0.0763339781375043797,-0.882806765339193666,1.01327628175120932,1.71274390312373437,-0.131617485697418601,0.221222541270811174,1.0895296148734217,-1.26861779193647339
0.929060976044701836,-0.165429682308765896,3.11527465506612389,-3.42979707190943461,-1.08028921533706201,-0.889964453681536094,1.12983368910253223,0.940419889148270904,-1.25984188519448281,1.02298011743825179,2.25576928704042556,-0.622670477116152865,1.56229485173540583,1.88672682496369504,-1.83696258960988357,4.04646069857397883,2.20137770727793081,-0.510946266402526827,-0.677900396844691389,3.17912104212991409
1.73589297948246735,-0.0166854991868018061,-1.71016379314064593,0.92891737234994376,0.105940661100745695,-0.872269128019489526,1.82291324081046113,1.40552810921386251,0.964056570981175698,-1.06983480868899039,0.0976170270357640674,0.15697283540369486,-1.95359566204948076,0.762616725059972245,-1.89575008412007562,-2.87566256266528519,-2.40096162493582943,-4.51012396073377086,-1.32706399585062429,-0.280609729469401714
-0.41670235695556973,0.00669063722863270927,1.30035930051832005,-0.47930321820821431,-0.436541711244756159,-1.88875685078152045,-0.00560027751061463203,0.825574133655818887,-0.0623949514786134307,0.666382969056532271,-2.21224473857978543,-1.09766115780767581,-0.528543377763185496,0.111878314160705303,-0.690174366331818168,-3.54489122741517537,2.11361161095618355,-0.863020633942845672,-1.75872851758966631,0.707990948777078799
0.772214023036293495,-1.59210525732269836,0.087016336642327663,0.748879833452863575,-0.867980196829799322,-0.905476286582803769,0.536712796716153795,-0.77430185963488174,0.337449928618476946,-0.772277575445711406,-3.21049456624493468,0.269330694504863688,0.271417901557497232,1.70617163936643745,2.43321243395511555,-0.230367519585038205,2.62729036445067354,-0.868420665240649536,0.551838944761242289,-0.768235067075399014
-0.0558545105258211327,1.73089607413602398,0.400218780726261214,1.55406827054649366,0.673372091605005885,-1.46440411689028016,1.19607525844383233,0.150177531768277056,0.390762576123001137,-1.57152616080932628,1.06112441297028837,-1.61432074270199988,1.24309870042175818,0.0705619407756005596,-0.955668531491297712,1.24122637835439709,-0.518519605545885498,1.74578890747043691,1.16873313921989563,0.736844113982558002
0.719858413357430282,-2.17343479553541252,1.25333183153819827,1.98261300554368747,-1.73918947648845545,-0.728182853361326377,0.984585562727495534,-1.72368735561464836,-0.214264183830492921,-1.66438233746439979,-2.80342181238615806,2.59366168686249665,-1.67388386563811986,-0.592920224809995289,-1.31196656656804223,-3.96519764363145732,2.38611418132873565,-0.757912955227674545,-2.38451207661828857,-2.49210348288264072
-0.161320684525778857,1.82240151525650318,0.111195046785260238,-1.18229119938211591,1.22986052035610749,3.43454509065221636,-0.5429202197161902,-0.0805957914088052119,1.28865960178548877,0.772674225164623141,-2.79822156279553802,-0.592783943301035343,0.786037892338104283,1.26218510492732494,-0.29662021844439429,0.721975305267553602,2.4238889618950985,1.82953875253764608,-0.498948674499897382,0.386730667742908818
-0.685115811743119196,-3.57516297623303769,-0.254126876193712437,1.01117432107426986,0.887465499428880422,0.385038530420012848,-0.901259452563984653,-0.953707373781462753,1.78064301446729245,-4.3706189197357368,-0.741447278216489591,-2.7388610036934975,0.748075848328358939,-0.710392611094122883,0.622582485226960691,1.36135600438572801,-3.18076076019235332,1.10251971736761112,-0.116711214914800354,-0.58482170434357772
-1.0392228145033362,0.783745145026799261,-0.549723867630367513,-0.593984521370602314,1.96650835097016374,-2.18190598530398105,-0.104757640772519409,1.74781687248402728,1.23359568731785818,-1.20870401587968557,0.643730384782010501,0.500838949635354025,-0.62574936843997353,-0.137634535742311215,-2.01158094048318992,-0.181528537043290555,-2.35268175865504947,-0.655303404752442642,1.82321167770506465,0.609482981237875032
0.16700023554473592,3.59971992027572618,-1.17906519640310647,2.16995919366923351,-0.942810282381840725,1.40939587680229583,0.927042080230057963,-1.17655655068362663,0.175571801692205542,2.06025840389550785,0.752612150068332486,-1.01299400010668195,-0.854740922132477876,0.208451161722093686,1.54755237521219713,-2.12711217463690305,-2.16625691291167621,-2.80584380303335656,1.29687452028984085,4.47968465188304332
-1.20291787608176826,3.38554561990306002,0.977086275200953702,0.124806381415276724,-0.104208132344247958,0.666553997550449528,-0.657975695466724075,-2.65789642069730769,0.136533182523998681,1.49573487439256514,1.18151890450839048,3.49635451266450925,0.572535266623864669,-0.485064214706807328,0.242941047461253307,0.682045737790918594,-0.451098023328237563,0.483781944363093241,-0.729662565295581489,2.17643813637682237
0.709394318924166267,0.320029649815625428,0.27248638930797181,1.45034652543189657,3.11528583806205095,1.72528223900857069,0.591347899453829706,-0.667592342907867953,-0.851665814111955854,2.21644992453865486,-1.70118342973410641,0.786588829406318024,0.743346409737932645,-0.451212089594483001,-0.9033083969559208,-0.867907736688021125,-1.00601928100533988,0.710716952367414057,-0.73914336491560273,-0.669431829827426328
-0.493031885362522071,4.37893848542792252,-1.55811412610495714,-1.26444081344368775,-0.414053585185301443,-0.241251866232510659,-0.495071357163122505,-0.50025639422552215,-0.16372798646790479,1.35117825793955348,-2.81720688573528211,-0.0706039036730968378,-0.801095985039429581,0.229759996658745691,2.13135288059572403,-1.7810057884983499,-0.123485384788484448,-0.324229310431414119,1.0550814079037063,-0.197412762424621607
1.25058670072014699,0.275403363042515614,-1.0238080379566592,0.571435611909341445,-1.67623114728529687,0.728361678464639728,-0.613622379712293942,0.59894621381286306,0.234493308357067054,-0.221174409225131458,-2.2280744985173162,-2.88787508771538048,1.52499470394794678,2.02172122746331917,0.179159684265322167,3.11311598860510452,1.9148218328317097,-1.57207181777751059,0.395087344108323857,-1.94072369320992011
-1.01172646564835911,2.73695464476089567,-1.43460247796184315,1.62047822442461453,2.81481673908142094,-1.67010401507811457,-1.40668749280683802,-4.8659097582741877,-0.852840538389940783,2.44360859335353808,-3.09736290940310299,-3.03151593995726509,0.844625894401970556,0.115912785701537624,-1.95801684920017793,-1.41511212573832923,-0.356474034814798002,-2.83243648038686135,-1.0718547704798882,1.5655815910759443
-0.711429761909174618,0.182202248488571444,0.813427177565525739,-0.114505719213536583,0.8766879479248334,-0.430934759717892801,-2.12516531694806199,0.636669718749325542,0.723236926101642252,0.487743971448825808,2.08999734019554984,0.98535265043126341,-0.246849506564717991,-1.00179605064885235,2.04685892279914272,1.27088070481976545,-2.77685238291469139,2.26724002684327086,0.252067708508563582,2.86554652600024529
-0.437339871803941571,0.220897429784929239,-0.211626675810288822,-0.115936578584762667,-2.24011961891809719,-0.716037303146938364,1.06068784227095181,-0.797476929978479965,0.325630191646252842,0.319878455609127532,1.89213151428869741,-1.50292807662597183,1.01263073594604802,0.80532947104897723,-1.09604509922207116,0.178640808754680025,-2.43033234802605547,-2.29841826468202681,-1.52705751996611427,0.272945541695493843
0.405486604650700577,0.61851660137364306,0.290735318706547896,1.20302385410084223,5.1221961963618643,-0.515358373486036414,0.915717890544112234,1.32051511299707336,-2.06329583292970931,2.67898762292113846,1.91143328614609431,0.442957323674568804,-2.50066485406453953,-0.397984195583273803,-3.81985918274412928,-1.36030939043513777,-1.57562467662353844,-2.66967245487521643,-2.39691115442041802,2.15944305744774345
-1.40838848313173837,-0.748114941810609668,1.13369797608101286,0.284195427215437668,0.243341851176515078,0.899750938298033764,-1.70604711670665821,-0.851650922708492297,0.407524105608191411,-0.278551809253964999,-1.59107699352882803,-0.125506935377965645,-1.22270576407369114,-0.563572375342481502,0.239617089502601854,1.34476712427156975,-2.25300383887825673,0.00266484447232116003,3.03500195106071802,1.51122995373401992
0.0762868644727222461,0.699470230132482662,-2.16460175378666175,-1.20396195653329752,-2.42344616135823854,-0.526922917510350475,-2.10733308253535734,0.251398347134044742,1.409311019671871,1.23457648084280525,-2.30866808503896292,-0.759631235997397014,-0.196189740804633916,1.19846878979794225,0.578341190398946159,0.641586256943026845,0.116979535922524955,3.28010805465389499,0.226806694925262259,2.01228408982053431
-0.537073604059212117,-1.29428576973585963,0.389151988069725785,-0.757464989102558772,-3.01744978442601708,-0.0346230962719748098,-0.558535198142228295,3.35825957898459171,0.0443906499434078075,-0.728635419214492819,2.42594672689451496,2.68241994245939397,0.0380917865898772121,0.413341795350401386,0.423017638217669634,0.160971315421067213,-0.38549635602353538,3.10123412598645221,0.543537586269889572,1.62590966120206648
0.50984373581318132,3.59610563025860452,-0.485554560008539193,-0.714105105262968221,-0.633808392166247181,1.81487159383895702,1.04660105194555308,0.286286411002808661,0.741589220308007002,4.70390576704482921,3.9830265003077181,-0.117715513759664145,0.53525688490286738,0.495148635915267532,-3.04733704680495343,0.385135723578133193,-2.67265208746067362,-5.60936326094045867,-4.05936762120488126,0.123728780655896445
-0.984652668382368201,-2.43785118435624115,-0.795282189065528944,-1.63664861348309798,-0.982461559170371701,1.26642154185973799,-1.69249934555887616,-2.22826039752789828,-0.792432212124347446,-0.882346164442965875,2.57128574365406104,1.09472012294858967,0.127272986707922614,0.0454486706067666543,0.152695738809088544,-1.19772636920607933,0.19700086700266603,1.82292967719612897,-1.12282507422310029,-0.996096646618677251
0.11657616314795112,-2.05388529531728459,-0.0699695377287805342,-1.78615705618896037,3.30824541831304719,0.44472355405873798,-0.443272347159835767,-0.764207048145651102,-1.31313056203540768,-1.48692165576296165,0.746168954482111846,-1.75777071492081882,-0.18187292734183505,1.42157527668698336,-0.75009083121566722,-1.42690249567321614,-1.81401157750216457,0.742242227812837774,-2.18108845133343454,-1.03253542722272296
1.12694506206786427,-0.813363663384190416,-0.580822065752632399,1.84137169942251178,3.79892916051729301,-0.173624073769914788,2.08121239607390729,-1.05617745002261287,-0.852165484018609809,-1.12440275984504612,0.458374514193547689,-1.66595731535224534,0.29956644885955519,2.13343081634797027,-1.17683066079092358,-0.391157839388961037,-1.64143290432945554,-2.86063089105284618,-3.86952680199008503,0.33301934491476648
0.0203894090125059102,-0.371497485025888252,1.07726745091380494,-1.4995966814095083,3.29585249752892873,0.774188160562677474,1.7583768205112098,0.927262286991381579,0.634633152711202686,-0.90504630857016044,0.921656069867837324,1.64633068398526339,0.0765260595774476943,-0.703919805563704815,0.173634420000884138,1.0133725503995008,-1.01994799249093515,-3.60720828586529629,0.579691662145419118,-1.38422314722265494
2.93319121080861711,-1.41135216592295132,-2.55366146572205155,-0.24516258970483551,3.87864946313791981,1.15243642832526527,1.62786123804151095,-3.21221743035423968,-0.814062870570798958,1.67277110136845653,-2.59102474821928741,-3.79279511513093803,2.10557454547989442,1.108088839135003,-1.19938442127710965,-1.68515875349201294,-1.37798001580931428,-1.58604634169597092,0.0735730653388837891,-2.97547546581205058
1.19677142709111362,1.71886064858003218,-0.766640460591512363,1.22366705704352197,4.48458346800596352,2.70285724644396952,0.964567158178635142,-1.54674791882908091,-1.98064360273007356,2.49899664080482387,-0.700845551286401691,-0.648327478075986452,0.123005629224521684,2.50055245587321906,-1.93207702045273511,0.844844997948452026,0.604692457380407999,-3.04931270261352205,-1.73395964507359501,0.584052868607863651
-1.91670011294919984,2.08471690730836556,0.567869765635461099,0.48713138184795518,2.58250301681132122,-0.119921846533830326,-0.96472255219480918,0.247606747251336384,-0.440801255886525745,1.55706037430029998,2.22776596159981066,-0.189765979275212299,-1.87474823334572349,-1.46478671903374247,2.34811154859657023,-2.5706275599144659,-2.40602274863857613,3.95355893753715737,-2.62277385616999448,3.18016464037456226
-1.22118692208019275,1.39477333496117262,-1.71611142005853967,2.54257417875931191,-4.10408451225255622,0.660625763558151169,-1.51875873067411193,-2.90422684550904897,-0.544070050114411785,1.49078297740079724,0.0932102927135547016,-1.37146286850804833,0.843966927871144579,-2.24863918756156522,0.77228236948527762,0.0469306033564045808,-3.33986074161465352,1.82683418035240419,-1.14970967510510924,-0.970968227931234384
-0.122774226014699492,-4.35366811513445029,-0.986027513153032942,-3.46954033056181821,0.0476489497310912113,1.7455202459572503,1.51695994427192526,-3.38915198499656656,-1.53989476704774142,-1.29782368693895767,-1.32226373964917698,-0.174801974662228798,0.290114433281528972,-1.17276639508689473,-1.57198108818925331,3.06951140733934924,-4.68908877135252578,-4.95817716907355877,0.196749287422540414,-1.25983745886558229
1.35839490339584201,0.950839466618945139,3.40936978881760666,0.266644832976625779,-0.668055388896984237,-1.51647441131552774,1.12601271940171599,3.19277125953617791,0.962351009693266812,-0.182964424070919007,0.0369935432522953342,-2.65534313101633046,-0.804955033844319878,-1.74090516280598795,-0.243574342807598404,-1.67587341878714113,2.07761367195142421,-0.882990262750443677,-1.29303581092724795,-2.49415466312224865
0.673462022706233232,2.74976655435128281,-0.0719006368965300485,0.349959104026598966,0.12987735317370333,-0.981762616899709117,-0.133376997319380519,1.28348256553661511,0.222066576285727624,-0.376028195462720372,-1.10601728815911704,1.01444136917251804,0.210450332084598984,-0.844185008314489171,-1.76195109262609684,-2.19838648454751961,0.457909183902334038,1.39914350022480383,-0.437100910725598091,0.93307797949044724
0.16614876213277141,-0.225691230028123607,-1.19105916310612381,1.04048162038511594,0.398152665630643776,0.533481642527193545,0.284779772099936657,1.42210052225231953,-0.301234314086899269,0.897357972196309861,0.0661006567757190938,-2.83386294026530772,0.830428255631339152,-0.58785504230232688,1.66204225092260005,2.03755611791288072,-2.59136159617961237,-0.756614633761241495,3.73940845722636528,-1.66713714691959858
0.293355342992475121,2.57833614033061576,0.0900843991781846987,-0.165857396830034809,0.710231774002751726,1.57582752989754571,0.82350653624911585,-0.914268836375888738,0.625266806206331682,1.78033127685939618,-1.60425684274333458,1.38913208594961346,0.379058578842134564,0.910518352292401079,0.632663397908132752,-1.28296326824425644,0.0181580203181016323,-3.64418410240562007,3.38542884953520096,1.31420672326810917
-0.0573939803844088214,1.86880783131481709,0.140455152188632859,-0.507109089061451135,-0.346998279003378096,0.709615059254697367,-1.64596141736176427,1.04417091134566942,-0.00267036271848362147,-1.75622965700982614,-2.57081849052709677,2.24093966761754482,-0.315772336143720245,1.51408454549624794,-0.265392695064845641,1.98547831467833791,1.59650526286307293,0.276790266683340502,0.73652410163442672,-0.200282857955166815
2.21157391823784977,-0.331333088255740649,1.56030777538046972,1.26042713330875,1.94402328628929744,0.148796932672386223,0.488211564008318,1.16908040057698859,0.0751140439134903443,0.880471842103504265,-3.07933319015970275,-0.274366643347910222,-1.2072445994602452,1.10199378751380617,1.03675593179594738,-2.00954171145228955,2.04373033616707378,1.44551576992433617,-2.19563470036151909,-3.93955488362746209
1.67979180831905861,-2.050581912921146,0.599377797220764452,1.55944800441494369,0.99123785303610934,-0.819236011508418072,0.171360108288765328,0.541653061249956491,-0.544102462107237894,-1.7881527954090306,-1.230318026767939,1.75351908819393265,0.282198178702972036,0.973530689891313195,-1.30015186800009541,0.280232307637235722,1.0272222191655358,1.53960345367343665,-2.75881682718007637,0.0901785582343822417
0.649666327592895221,0.151808597267024586,-1.38338432838974645,0.825523780207056856,-0.737693927293536778,2.13644463603421464,0.185461099636497179,-2.01143053389572124,-1.29350932923606465,0.463167067813535782,-1.63535489933562528,-1.22079976188937356,0.57078732299523316,1.12878996906439588,-0.458606773912427157,-0.895552064313583585,-0.528393427529808557,3.497019203733295,0.526196816571638415,-0.0801126079639350036
0.0965460217734381981,-0.310256786751537839,0.00611970748674046851,0.387417272015316172,-0.553722132517719845,0.691143397921297087,0.644759770953830191,-0.681790148456571599,-1.83711797763019669,1.64190430461570314,0.147977575960681507,0.126616992542009477,-1.99325028296021278,-0.811523455359341894,-1.12483686308876751,-1.83855052576721878,-0.841204365755360173,1.12920319475490682,0.300025551834457893,1.13216122194885727
-0.676161753374133978,1.27126372599780746,0.38807814258594564,-0.312588959810344957,-0.598902000634240039,0.576834139582376726,-1.18609914113745707,0.424644894313613908,-1.22486084818688679,-2.31707001408984858,2.93488402094653145,-2.60539332845485605,0.307582708143277817,0.76802408361172092,3.03154408571521916,3.57315444630821188,-3.12200445476412547,-0.209625583428411283,3.49868646353382085,0.41015875335222185
2.65340092022685692,-4.5983126152343905,0.69437409481057033,-0.909735940616679395,3.90577096430895709,-0.614601019200519461,0.196975355385187956,0.679508077487789186,0.298387310945831097,-1.74020257489142782,0.367607319270975341,-0.405905010679955824,1.00549677985667629,1.31053960497061972,-2.28193073244900013,-0.621050933432499952,-1.8507687571069984,-5.78248307890761293,-3.6824327628048783,-0.358186298262405778
0.561433686386612507,0.560414007092033817,-2.18224235230922359,0.306811494540416785,0.0911827792900723744,1.62278241408849278,0.273386790254544709,-3.33286135979396647,1.39350869882967388,1.80918933082702593,2.33074134223096419,1.07522297145188728,1.30298579914759904,-1.42565395828421249,-0.248675347572194338,0.823156350128988135,-1.18378595461687897,-0.28229031076971961,0.420345523892431183,-1.26635803713176998
0.339863321929697704,1.91217366782993103,2.07094538234785475,0.766153326252107414,1.29247570223699015,-2.20770277826122552,-0.0864653954078854203,1.5302411232515778,0.385375059148946653,-0.831411269968866606,1.86196732952346244,2.28853618168543305,-1.82564244230345452,-0.170963933423874032,-0.00598858425197275248,-2.61865893705739872,0.0450434169265064646,1.83344316990629763,-0.126299344465322538,2.12464864279015586
-1.43795968851468325,1.20919541074713743,0.803551735478557849,-0.702789522304942849,-0.377013633638739465,1.51609241992103794,-0.695991458368894311,-0.769255314386342204,0.815387430973386063,0.567042434252236771,-1.98080648276934035,1.64805916626504945,0.0352098573228809275,-0.342445270629646914,2.06030622570400723,6.33545165819941847,-0.019041419204820411,1.52995412986700274,2.09793980873923536,-1.18174452675557307
-1.76549199819215064,-1.89992159735853794,1.79111355427043706,-0.294932475229792046,-0.332471499945300508,0.328840453779941866,0.486322963353339466,1.08355659046938602,0.523532039203461363,-0.353449329300445092,0.130553101954996725,-2.19621281785133649,-2.89461585493539353,-0.106265612953261659,-0.950770541291707016,0.317113109705444762,0.0718009456651767797,3.17874812590755784,0.923629580286677965,2.35954078221765151
1.61098215709769987,3.21720988879722425,0.938836121738214513,-1.146441889170702,1.88165674684822437,-1.75639405289776951,1.58187784991438773,0.713468126522744606,0.115424812155584089,2.21540339676658959,-0.0892120261365853123,-0.0930731617971896075,-1.09693001411207303,1.11368746960308074,0.327742892644587835,-1.58529583605028646,2.23166921814318053,-2.34567221562887385,0.338156239172755113,1.01780028563653269
-0.578837277187528532,-1.1823915426088214,0.687094571149426514,-2.0629856410222418,-0.300538974866055519,-0.658747751783902102,0.646667290940664108,0.923208138021647251,0.293987353458331047,-3.99047762569061382,-4.0365760143513052,-0.390157309172316391,2.09861143789839,0.266118124591073646,0.944979815998912898,2.10384200703708846,0.40928758404498472,-0.852618569675578142,-1.02103498707617435,0.395693225870595577
-0.849554528676368825,4.49419383725678223,0.00167755825044801042,-1.79879155109733357,0.631649926831632791,0.392876800676447813,-0.533865065701469077,3.22958989869607738,0.836602377953434617,2.68024245865776445,-2.92655784620737558,2.07742927012593448,-0.891656261833488117,-1.61712243214536366,1.60943474637441808,-0.375560614655196134,-1.35754360664262586,-1.47778287279571274,1.23034723924152978,2.09985979575344217
0.762150923320450757,-1.9922482025014463,0.154118154373960675,-0.464007317836411914,2.76503902204856367,-0.532867255934731276,0.0703686843233167214,-0.879640216356146309,-1.41990096853686909,-1.97549637748215656,-4.92761114663155997,-0.207361895751993014,-0.170084588317638619,0.980115802926701862,0.816974034673165095,-2.34035897602617249,1.3202004063091497,0.523707993861395438,0.137710399914279968,-2.23357701278087228
-0.93955267217496663,1.46702603979782498,2.54726311875908706,2.7908754853618567,3.1798508140641375,-0.623562216099717292,1.04533283823550871,1.09260459800108678,-0.618441828295649532,2.34446502813614543,-0.155295921007780724,-1.52558617998055057,0.269802925285342887,0.588276695996483023,-1.15754758543993597,0.610074593244283703,5.39521985776274704,2.32059084071976063,0.425565203400137926,2.45185823059735419
0.733600366963544026,2.36400898080588906,-1.13274583512375582,-0.946254584642814089,1.20621066906826746,1.68827277129316067,0.170552165103117576,-1.70165902935924906,0.218895282610524905,0.575383158303500508,2.15919320172307394,1.0436999403354621,1.65760324698554795,0.636826329177176409,-1.49712668020683504,2.28440543001255936,-1.86996586278573895,-2.06687525551204399,-2.34413181410177263,-0.665062793532233409
-0.682304133694140225,-0.238254652062451777,0.0138733092529297122,0.388322682256377949,-0.585495796826625892,-0.327711902989624604,-1.89957863142837802,1.35818962079130312,-0.911220874758969623,-0.547828819169231873,-0.582415832336149353,0.284183743573363679,-0.91893837946654322,-1.50958689754107245,-0.109243686764507658,-3.06527593037277946,1.17877501163448639,1.95755285813893876,0.0969855055078496925,0.56886668996566736
0.82633998593135416,-0.635536601597461837,-0.937154157091961482,-1.23041292844158368,-0.593400621113786553,-0.744345106223802122,0.168449372951719717,0.605672845095646672,-0.16368819131946602,1.33164458145370723,2.19618568079756749,1.95355780489454323,1.31916190605422345,1.05545757727861744,-1.0233681929886731,3.36430043965374947,-2.52251155792851289,-1.83321485339930712,-0.266444711800781275,0.130847547293721278
-2.63581839624259207,3.60544931152341386,-2.87825836038639071,-1.89228969424929439,0.693226803888894016,-1.19877155500969867,-1.13782651893403397,-1.97499060526507764,-1.04830720494909158,2.1741228730307065,-0.518676945419059177,-1.39326322323846008,0.955724098772554598,-2.38353052056269954,1.57313478845777821,1.16786990598207696,-2.14787634283284312,2.52444919248950139,1.89147418477922535,4.63825637939894975
-1.02762623800508868,2.03906709753104165,0.891813189917106119,-0.818566194622285415,1.41938720846828992,0.1842289399626649,-1.50202207564429435,2.86288747483493822,0.677003289068725644,-0.432629015004005579,1.44170485953944749,-2.22537288665564725,-1.62287537201153453,-0.0770829971145494397,-0.0622151614659045352,0.0378456552541289598,6.5273439761232126,1.81332475439917662,3.63736984109844652,1.36871159790921904
1.47423074114557484,0.982685810059716336,-0.438613510618515057,0.639264407672800239,-3.60723265090284873,0.127407368712816743,0.797688939577506084,2.06021527516479264,0.196129696380094642,2.73874640436542993,-0.346228638565400815,0.372767692880576706,1.79897396838427848,0.878622052937981457,0.235067206047987226,3.87760522428737575,-2.46035838826156095,1.9881794293872741,-0.331940583737097838,-0.201816697921291338
0.777474909441928208,-0.758433065159074049,-0.606007761144031543,0.0618857030901159427,-0.313940262484627475,-0.731209676076610582,1.2035813436949121,-0.48182547516967672,-0.323676924504535335,-0.259753949462222911,1.5485471915361837,-1.88691281168601188,-0.501799542043530944,0.761902551460214683,-0.57542133665143802,-1.59890604464427111,-1.51618414771771937,-3.59922332689538926,1.61997089223296387,-1.98677431862161935
0.122818514005954421,1.38693341335854203,1.16728294545957456,0.576412468329199901,-0.319207732129061061,-1.09135140882687431,0.0997842232547455493,2.89707396035754217,0.890645142629716169,1.18543617365168541,-0.0118148977242969935,-1.62881339599476926,-0.294568845059867246,-1.1751844361217223,0.674997558539918718,1.6706017681480958,-0.987364961445527101,-0.0870616148617255059,-0.687615467645805167,1.91687403948484514
0.467429891514079709,-0.439257595326668249,1.00795441605772584,0.955788946124587757,0.292064047458624965,-0.370650226426900598,0.455124824714049414,1.74564333095773883,1.25388751533449017,-1.63891388296892226,1.26753055815148929,-0.342834576219728793,-0.798346625575079627,0.547925578294535365,2.09079482483394674,-3.82767894515723039,1.7855323758517645,-3.75066542780992718,3.05249604291149623,0.202997480174383405
-0.829291470739336734,-3.70611461951634125,0.325462517476469926,2.05507315917192379,-1.98032935866677517,1.96980848993228763,1.57852211166017353,-1.12500277770731172,1.03398691261051123,-1.93194116575448405,-1.44285237203470307,1.94816346282568964,0.979978413098160805,0.458549287446759823,-0.197097978584479167,-1.2103348771227227,3.29481309360230545,-0.847432373721418886,2.26923031846714585,2.10496608901445814
-0.927967480447072002,0.697626000234625843,0.333955441459116986,-0.186883960229146884,-0.596491805377134421,-0.365440470763634673,-0.35321463165948469,-0.918958916551634197,-0.0754007614834701773,1.10408081750655862,2.71788763887737472,-0.820240862735032383,-0.220147987080463514,1.16091454803668426,1.33741774217013476,-3.32264375346425611,-0.548638218492004004,3.66144025945630291,0.683950152294119706,2.54814568228178873
-1.46355602171760646,1.20525392530701336,-0.625941732940231033,-2.62055575011703423,-1.62970600543976407,0.677377768509759948,1.2944530256839808,-4.60002173381168333,0.394566842680990459,2.24848483284711032,-0.68992468564229037,0.0363899858365163351,0.199109871351487805,-1.59214386398120267,0.0804511281027881636,1.91925995714738207,-1.23141147350893987,-0.82951561369576543,-0.45127062334387491,3.41637505131000108
0.0756521975317314133,-2.61570298852420979,-0.298527640021860774,1.92846518541452672,1.655703448894561,-1.67059161658879374,0.881214732625249519,0.87768809565671646,-2.62497603022689718,-1.53628652817060418,3.19510195882739989,-1.82935755080900475,1.8279717276843277,-0.795722114732715147,0.841022861345138373,2.17263271483222642,0.0556466508251192774,1.19528883837848632,-0.804644287063751795,-2.08155834619902125
-0.920337262403892131,-0.41542733794923925,-0.407851136014900195,0.422589722788184463,0.834237189614002062,-0.796016168135691982,-2.36464420031309119,0.664792829381266159,-0.850201570991529709,-0.115628984873689958,0.395055700526889153,1.14846115969847218,-0.837408827953340151,-1.812484724694442,2.49185660539533371,-1.04026787573368695,-1.44367482506577072,-0.765547570271943867,1.45051238262090543,-0.0974616430217533775
-1.2561504889643853,-0.635480025940256099,2.22342106324355715,1.05968276042972698,0.691747766176265544,-1.74883227052954981,0.267622170549951854,0.0389653857712642382,-0.202075204834309713,0.128452835869101334,0.86415988940219135,4.16332664034800359,1.29438171874138663,0.96962706754379191,1.38691262528748016,2.32129303869141124,6.69052904322760256,0.779213160999283505,-0.691911884835168189,2.44091548536531011
1.36760550104123424,1.24663410036891253,-1.22533817528624711,-0.205449908421885374,-0.919298813368083056,1.36448249896243889,0.308886984372568507,-0.220817031998280289,2.11321923625535302,0.417743131558878211,2.02671961975969683,3.16972426353074654,2.62860069744633718,0.25562619783699686,-2.85125097452693677,-0.940782187258909497,-1.16437598566457612,-0.70533488271962963,1.25556135134403957,-2.11220814601780216
0.0680981680522008692,-2.23189652866875043,0.399099737195221016,-1.16158443293141822,-0.327786304571776044,-0.981310646604250048,1.20384712683361883,0.0116780652138351454,1.05900546088977809,-3.8987307538544953,-1.31253830033306396,2.54805512770301545,0.645456506585896261,0.718497059785581982,-1.49613941306759091,-0.765666788182414515,-2.86768341402636606,-2.37173856783835868,0.528879583655093799,-0.702506259772118336
-0.998990410668879281,1.63793060478618302,-0.434508506651982651,-4.45094533914600365,1.82721903210265868,0.589531139430401252,-0.270779421515758845,-3.36230649771706203,0.645087166990986893,1.95400967922231028,2.30773331650152969,-1.42077469712692994,0.0651688404790450315,2.0429673305441618,-1.93135421460388401,2.55821036405563262,0.488921471113504813,-0.974872853147654705,0.217698963527623385,0.952462408081267808
1.38410733724947721,2.69052595260541283,0.163255803800535504,-0.886761044795716713,1.9428858129713229,0.712110318795844188,0.765001745685596979,-1.48814548359785426,-0.919496148279565495,-0.862867727768266701,2.98739259771343679,2.32108693491978624,-0.682367035700828128,-1.02886991197479372,0.324861927639708892,-2.22375112124708085,-2.88443381255463605,2.46759162241510355,0.189003215422192367,-1.21731794672186799
-0.777870067733501314,1.82853106372550456,0.445649038736677661,0.921279123661230992,2.15322782850512517,1.12045493427099818,0.451360331197987241,1.98141269849360091,0.54874993281911566,0.498739492554508668,1.34038135154423799,-1.37523636024868878,1.1449124901181047,1.0944241259625711,2.67155787866092043,1.90084106558343557,-2.39703155756023323,-1.60723312433383558,0.0535879833936376351,-1.61934620210491809
2.08818771332384401,0.562311530745291943,0.590267895223641204,0.733034368320865659,-1.70874966026904618,-0.92597397579394547,1.28449037678121791,1.52974013440184442,-0.141775966287700866,-1.16278845468191339,-0.435404615125330574,0.729957391501385722,-2.40543558631198318,1.39458588452784915,-1.83338489057698317,0.324980450770915974,1.35847639487643734,-3.96603609910391652,-2.78074785673512093,-0.972143219238813527
0.0114904558820262456,1.2560621213697174,-1.68380660052391185,-0.131067920356938206,0.658338432684884567,-0.296408620757018848,0.41846024812863436,-2.7941888815803142,0.104692218825393271,0.550170508824206261,1.26532530581498159,-1.98024456368224344,1.05256896936635136,-0.489775218988752203,2.0051426260190901,0.569800804604486788,-3.35352869434361933,-0.735805632431622669,2.71760149721781996,-1.15081760754939633
-0.261248709955053782,0.792335346527804352,0.607667162030155805,0.687245820569996391,0.539088652609183039,-0.419424522288180945,-1.04315551977720888,1.34113832906371,-0.860770393266836686,-1.36315609271442395,1.71694312237812041,-1.25860185504415401,-0.509904798806860571,0.407966421179927985,0.0492376052100376646,-0.51325274930859266,-0.111280029113114867,0.43923609932963259,2.30339045868930858,-1.86285015038624779
0.663538992712470188,3.15317340136075153,0.702300647706270875,-0.578476775494771722,-1.84260388146867671,-1.01892942210758086,0.843585423731505912,1.35350081028737601,-0.255306887595040555,0.642871860823217456,-2.3841078172250616,-0.826143692910944472,0.607844621937300933,1.52676680382027241,-2.17137667062026463,1.64827248006680294,0.352301609456031561,-2.14613200587884867,-2.21846040014121204,-0.207477775285645843
-0.0837292480009013407,-0.739851208444174402,-0.817582440669408217,-0.818175010757613119,0.302416903938288961,2.71702605411794673,-0.316955285064906167,-1.5697187341221206,1.22042879021454476,-0.911939620367156256,-1.00772411220171709,2.70827816923520537,1.00082246905955108,0.447060154976765933,0.0217543996561806278,0.00502603875144883028,-1.55847526798700953,0.503682492059151943,0.187919190634683403,-1.00921526494789959
0.821031684465095113,-0.854906859160778687,0.290690179057197962,0.792625052005490494,0.0559923759503187304,-0.0718866560358551315,-0.359947069280745657,1.18864260710086156,-0.0856998265795613778,-4.24987616042540051,-0.123069625145553044,0.574976627013436103,0.361014520963431618,1.62640013452915744,-2.05408436023987839,-0.148894659405926416,2.55247206715465502,0.264608115388316967,-1.9823296626767406,-1.60946282068332724
0.58118114740291571,-0.81693006081354913,-1.16858527283612634,0.0980902468885817835,-0.526004360572926544,2.83710901849236841,1.07491901103545162,0.523051064101205831,2.40435886326512849,-0.387799705365461045,-2.02916146760230376,-0.140657246111258349,0.310048855432312198,0.150770723841099269,2.0089754995558593,0.402434840243189429,-0.0476730612662327538,-5.76614317159788659,0.652046611936603404,-0.0197822991121828079
1.04133008479824696,-3.2358574221448122,-0.358708327253486559,-4.11688321560266424,-1.99081350746695751,-2.11831388167954149,0.767707681637162298,-1.72013616445411954,0.922056466677123043,-3.00916251343703367,0.0672088331947711254,-0.300108383353741737,-0.457441349415702636,0.54742279031979213,-0.647576729857570754,4.27599060002211129,-0.142796792385537441,1.36903282029229345,-2.09227869321103244,-2.17892250297645829
0.62963187658846087,-0.00764214016067034634,0.949044518728312636,1.75598858498805566,-1.35948570292985416,0.176704724852083217,1.76074646266537704,2.13027486576395519,-1.04093193240620185,-2.35907658122692609,-2.92866218441218207,1.20742583766141887,-0.771462439420065316,-0.388011714963148513,-1.66157574207218106,3.35472870877892548,-0.168409946729744742,-1.42111284068224974,-2.5307429466786906,-0.0964614192317815172
0.413964068598989321,1.20797229765150815,-2.51564215011231429,1.4044652614918538,1.39866864795930734,-1.38718483278290039,0.0735741240802251506,-2.16618337309918507,0.298382531644593052,-2.08484847315114408,0.900509586537819762,-0.103343297745568358,-0.82935594271640678,-0.489648441303018211,-0.0961198312056150278,0.99175253190057755,-1.72901856087951367,-2.97197747187669048,0.948381357520785784,0.225941561826308451
0.360710465040786687,-3.59860834751672432,1.97631250919369839,-1.52773020210271659,0.840513846764081807,-1.36600168386465759,-0.470051972833391618,3.08456846922210826,2.47771026656960913,-0.324759146520621822,-1.34765589929419849,-0.301755847235313901,-1.02336847071592718,0.980629835007084893,-1.92059796998147747,-3.55176999648626035,-1.27897970662037874,-0.604473297684498534,-3.31120663423914152,1.58892339751093647
0.700840705006902764,-0.962715176545954399,0.278760309132075612,-0.346831398581116446,0.0946535360485770694,1.29711231114080472,0.31824021144825998,-0.145938934613973031,1.4765603307476669,0.730355269503730975,0.641355513076105499,-0.747189530175383587,-0.729169393053344161,-0.312022454103716873,0.462115195548931712,-0.433938002126250666,0.966030050166074683,-0.813646477685055047,0.22696204501702566,0.566177801369482481
-1.04187574319373288,0.801422869435392204,-2.59504267440884107,0.983546037720445465,4.19368268369912656,0.470776465995428495,0.046712757450944796,-0.485651284509623193,0.0439291940136071896,2.62861027814970694,1.20493533290577948,-2.35433470661587796,2.11526149157852705,-1.3657574500466565,-0.438906609400029568,5.37689269313788198,4.00845647749912004,1.12147915255812713,-1.29021839116961012,1.10406848013371461
-0.114333393542115538,2.91857806874359405,-0.787681158606987286,1.29536100499090012,-3.10388740892030768,-0.197242978910365546,0.413315544631451093,0.0266644902094190714,0.351655469177657332,1.09197761052045594,-3.64052956928473792,-0.126301908199227764,-1.75315350562959837,-1.26870695251316157,-1.14425515749767914,-3.38581428157376241,0.710259151217523255,1.26246450153876544,-0.969230763686577568,1.75435150917431049
0.459731767822296744,-0.574172364938866142,1.67448737467665576,1.02762583485164183,-2.67801363465026077,0.308512053153937649,0.934257758685739792,2.60413481554264914,1.5372303495426618,1.06613619086398459,-2.33850952697350722,-0.196225262711236303,0.421823022677298654,0.278402956514814559,-1.44613815373531951,1.52746003584555479,-2.45906735452083769,-2.36888816805087199,-1.16311567150234207,-0.739063870169561876
1.7251352436917875,1.45526109565617046,0.680378183157841709,-2.69774889548981145,2.26868134696767942,1.33564551898438033,0.143063277757649154,-1.85700218084880864,-1.19258743829846914,2.39805436099554647,-2.53831218502773703,-2.30811993974235863,-0.849961657867096987,1.58857130090571252,-1.64026020496466884,1.93528594872192161,1.34074457568575744,-4.45662477845637373,-2.2861063044918204,-0.257916678631614216
-0.171729214384162499,1.77669251509981074,1.3612744510468795,-0.334829972565069023,-2.53492531710009672,2.90251487090375715,-0.190697054257399606,2.44112599185470014,0.569245512641158302,0.0840105095972518839,2.26898603886957906,-1.87407626308877662,-0.00984521753973031412,0.158360500116414754,-1.87264335975262752,1.45104244024774642,-4.88848708106817664,-2.50096767700259104,-1.2701196503218255,0.884246701341084962
-0.266216124060048465,2.10595289334924685,0.836703924455271641,-0.30489509947178639,3.34588626335365324,-2.38111854188547811,-0.368287739551651616,-0.479872847426830507,0.377181055261782638,1.38909303839993803,-0.113332467696277139,1.74358348729905521,1.03476055768492814,1.83642089619372406,0.676623450777020685,3.12611992621283186,2.37014162694856578,0.19145969389999129,1.99727792619409428,-0.403344480788747906
-1.42872104978041414,0.943602680451784637,-1.66901701659406143,3.04029899750497234,2.61316750923182628,0.245828448804314398,-0.464305646631907543,1.15306812534093162,1.18770885988432018,2.03217228058961119,1.72292194388897646,3.02960975956338618,1.49122044275243559,0.744273064967812426,5.20293421818000024,2.84950307373962186,0.730857679229349855,2.4546364612144278,3.69418411761143473,1.83509041107200499
-0.0231310897714434825,-0.898748654753226184,0.871067711595487126,-0.790035992658196018,0.662594648356868654,-2.30242084448259288,-0.46443071011833692,1.90276979536032154,0.15296770361502765,1.78606456912828748,0.920497004867209978,-0.062066639247948717,-0.935714065638010184,0.175949398546226127,-0.0882870919733468318,0.044589429639284181,2.05659744481955231,1.32390516636741462,-0.357664955838805587,-0.50803154538427997
-0.583299614993988969,0.644389066579879155,2.88007005505183766,-0.416622922162995901,-3.9388347443163414,1.15047237417774517,-0.871966408210955168,0.776996517913006612,-0.293956467514563169,0.754112015712690376,0.643713674250309453,-2.70240080275772421,-0.199304394994383877,-1.00541181623383546,1.00818752097895858,1.46178050885622257,4.13246671905877871,2.51190600645807693,-1.22930471965676924,0.385180847275659377
0.980034693796927092,2.02120640451756417,1.7184555215003825,-1.38471964342546672,1.53319003272408283,-1.16798811655971724,0.963460580770733377,0.171939375430188002,-1.03096819096164372,3.50952944972069192,-1.77361817686578727,2.63361678053136972,-0.233368431697390161,1.58796025913443262,-2.45442211154063017,2.14922019756383653,2.3192929433402325,-0.160778648576972966,-2.04293149761921011,-1.67227967790709342
-0.185861453615695837,-2.48822780493619788,-2.51047639843467563,0.168011510292345262,1.67789150810128906,3.86790299176939012,0.8739427384006897,-2.02430418272274171,0.626035431090216199,0.421643871417918648,0.509474122095925686,0.117955684453396506,0.821695175575512859,-0.668121312234421727,0.288770893653105876,0.385304007440926854,-3.09416465203552082,-0.783421304459315904,1.35275959360299192,0.456126197411885315
-0.0160791246948627509,0.553397989500270748,0.353373107529721509,-1.31714584633223875,0.664171068726969627,0.869392350047311635,-1.4431100375556094,3.03855304140073734,2.22872958168366742,-0.0175821211685389528,-0.299973024816239831,-3.04150551759285781,-0.513013148386733953,-0.167678628709310246,0.205994851853107092,1.93876672237698977,0.136685429518254103,-1.85437455852553934,1.73733947888018991,0.608179965522117505
1.34976867193784922,1.15621240525125413,-0.884543100719267006,0.52347808303837462,-0.808317619234995233,0.78199313780415125,0.590883746501114193,0.0845340437294480607,-0.271432755560996664,2.0510045623561064,-2.60031907982305333,5.54140401710566,0.268844019636812037,1.78261029209976374,-2.17711654750596351,-1.534599676530924,-0.228864508250071735,0.404282332169807024,-2.74837582699240723,-0.870937074782104914
2.14258487129212716,-3.28653331595712306,-0.709546112212210534,1.0467603819254705,-1.59793382281124163,0.0893941110851511761,0.381100123699718685,-1.30687214601829593,1.04497563661133341,-2.3647534128434633,-4.2473364461964902,1.93354241582990571,-2.15045933844785608,0.867572022611553417,0.199145529717696279,-2.01155428932033864,0.878449453608294961,-3.54970213029673776,-2.15968238037609517,0.283078844208628999
-1.58870928244789167,-0.430813740605951179,0.107335807952255502,0.646915171878309714,2.51879773193159373,-1.7756296277864303,0.938016943710698103,-0.182458253849676455,-0.529255745687000956,-1.26627346968576004,2.66213208769557808,-0.167151647464178016,-1.70269456447433609,-0.446471959367426285,1.37807206929797466,0.0420863665091298286,-4.14305012739578871,0.633357653316184877,1.44302157927592667,2.17740029714570493
-2.09746004751116599,-0.237620175891228691,-2.41602116648647947,-2.04281960422298647,0.89113128069645875,-1.50651105606607572,-0.810509886817666669,-2.34520022330616262,-0.459614092089928705,-0.588096569820715898,3.46418001364524031,-2.51161981792747202,1.7095154596506843,-0.658076173974763812,-0.0376294559237498397,4.24952488233613401,-7.13219386801715238,1.33519995271161807,-0.50941154846004999,0.0906084119955371664
-0.677704045330928762,2.48332663142005616,0.15687460629047878,1.51957522874174389,-1.4465186524208995,-0.0891300532572239373,0.541803953601077914,0.397473654416074462,0.305424263368658522,1.72734178423673934,1.6960989663260575,0.740434866334033659,-1.0175316279316684,-1.34009049985845574,1.60198717297807813,-1.79331851169701251,0.345258310097213472,3.19840135851400031,0.804481259047624908,0.976841121563141512
-0.20136596661504072,1.20859584490396998,-0.135673351544179643,-0.749481587057432508,0.640012576837635128,0.312356966048692064,-0.285934937864935235,-2.59685228220086506,-0.161073534178467426,2.25222133557510551,-0.0589612563476030749,-3.75274581475247748,0.928828662725608156,0.18303793524024492,0.274144398579330872,-0.552670315566526127,2.06292643446355539,0.297689513486081248,-0.890518003583089524,1.27875211918851295
0.0811573097329677529,-0.988627120375599855,-2.27839697847426592,0.275670094340553617,-0.142821468933220397,-2.3999096832787048,-0.78353402607613698,-3.71769097761075384,0.0442791059950688876,0.76584170416174524,0.965943829733146742,0.144416477088221196,0.234837179366970433,-0.155611639916412747,-2.69512787614351179,-0.721715386242711698,-4.01688587865544378,0.124455356105932141,-2.24930886110523831,1.45175431020769796
0.505490090311970675,-0.88663873586019526,-0.457183134980037598,0.608142939146156025,0.874724081609662196,1.7198308454207043,-1.4483400497400698,0.635641180217085711,-0.520827987645257506,-2.38456782318485239,-2.17689029531504952,-0.474979211354148834,-1.51098563820397991,-0.224954839354179287,-1.57660950984131043,1.02169219101332431,-1.45864397970945392,2.98071151492375508,-2.37871752109203483,2.17598120999897482
-1.02244600220755366,0.479861315039595282,1.62475139581145056,-0.742151552504940026,-0.423850596124929813,1.0123395509686377,0.483736316015113132,-1.62621272220744451,-0.640438004426362451,-0.401647860251835076,-0.381444517369086966,-0.798831702560226398,-0.0024055908961262795,-0.105185490042102037,0.390070442371140969,-0.687825625599780222,1.18507441015615678,2.49441977582702101,-1.85029619082379138,1.24526325191462783
0.710665965585422499,0.0977442303381545058,0.132307581257496559,1.28399275514223055,-3.31409837809786723,-0.957580189690619976,0.37568836374302661,-0.00343985251833859272,-0.528190864433357499,-0.128382687212501401,-0.578648969924580925,0.809839565539307804,-0.792031221155333864,-1.08657603025328009,-0.185119931139865634,-2.10143863562672673,-1.4114532776856441,1.50405428975998601,0.169731887471222614,3.62661904496737186
1.2247462532963127,-2.23982446808394453,-1.87497193267412032,0.530818772081212198,2.5711922932690543,-1.99916363053977553,-0.611703300573197883,-2.4895652089115381,0.685118346361388575,-1.60029904541316448,1.64268190571907691,0.579692399179552953,0.491319336637706883,1.69699981790795951,-0.734870594308630332,-1.66007659745393221,0.0700440291422130823,-4.31717342693694839,-0.0979392871714845903,-0.749203207557957218
-0.0510083777496278049,0.803177364975547703,-0.455761394024193356,0.659656215211706032,1.43091956642897311,0.265947055546111477,1.4896924656726227,-0.601807423642956696,1.04333152900297033,1.12355187590430594,0.330675318808077046,0.362809612608823051,0.421325808843864391,-0.343143753509973171,-2.28778206589054722,-1.02829398573906872,-1.51963866398072334,-2.02718201392045616,-1.16061277949511199,1.47329795660878649
-0.543681443398695841,-1.14942405617353072,-0.239355916774324717,0.392149167558596079,-0.841193734318682163,-0.239752037965883513,-2.03828040678804756,-0.329609545801487103,-0.18154136026240375,0.104354690411485193,-0.255270667807284357,0.0692913628983585772,-0.704145891601422713,1.28076640357051597,-1.61033023654271856,-1.19484152794055332,-5.25217222419767982,2.02946572488796395,0.17310979773026916,1.15481675141948004
0.738984935813415955,2.04851207851994443,0.666201472189585586,0.221268422748280624,0.641426531729947458,1.17880684257175461,0.740025177822213998,1.57371115485257129,0.592453690482859785,3.95343457962965461,-2.61576870361636304,-1.57166760849393627,-1.03364008609519997,1.20149214200496779,1.75253115865063447,-2.45101628387647308,-3.89822961338786289,-2.22261269783451931,1.40082559641956172,-0.740869645670298671
-1.05426649243871529,0.547712857571724054,-0.489680373351926268,0.197825843753253738,2.58969888698956163,1.32779689927847588,-0.821829577628673036,-3.28575920820153433,0.775106804000906036,1.85141569202059109,-0.870602770552032612,1.23670370694127985,-2.07409724775655979,-1.06655627220634353,0.0754396797822673715,-3.62526892203916784,-0.612567527122292566,2.1821545710927408,0.797291305357706426,-0.873548470165822266
1.81507455154314901,-1.04743087333929075,0.563291504355018624,-0.620818195812714135,-0.307613966571962771,0.201979571767217536,1.22639667795180629,-0.740780749707655173,-0.21171047633456383,-1.04971323049211462,-0.425263569484670811,-0.000325787605913494416,0.502076589473102075,-0.118358560254034587,-2.65157586444665183,0.517752406806482601,-1.19444877014372808,-4.01515331818608256,-0.540285560743951843,-1.53565193082944473
-0.656238953306526929,-1.18431543514574256,-2.31964238337395035,-1.04149159991267926,-2.28189067945924506,1.22356827855986872,-0.331384940888383384,-1.48859815792920114,0.877173652833417195,-0.06848434314881581,2.78054297828521069,-1.38822927171807309,-1.67387866615406877,-0.389648161880714883,-2.55369876742194846,0.521774187015530133,-0.254246830467884211,-1.62039203114718533,-2.58585965231838966,2.02512997887710045
-1.64908488007312859,-2.16642536042440081,2.5359430246231276,-0.427203001444937003,-1.8709298456749317,1.25150089084366622,-0.215977597725658443,1.20896526136157934,0.783671056495769291,-2.63895023077339008,3.35155425070473578,-2.85029845697299455,-0.0460115351434833564,-0.674991344307491081,0.0336407153803697373,3.43592053856296431,4.42247650312792917,-1.02368549501674777,-1.4996705157806125,2.04284192175151391
1.09420019504198973,3.28645278298615251,0.055907321860369022,1.12881033729097857,0.355805906472972888,-1.07653427198542384,0.316724890443850493,-0.572806537544538474,0.819140056764513069,2.02935222620035072,0.356312461151976068,1.92513314768234411,1.80915878767804728,0.252207250899614821,-0.54147675769333159,0.694090689940630279,0.672296091514482663,-2.69340777200108272,0.62804944285510067,5.47701944567795884
0.16354508410164123,-0.340242503742154478,0.611848024314736283,1.53190572882415199,0.620908302666872469,0.223761664191243909,-0.774067120755123739,1.69910965827902261,-1.57467161859336424,2.2873300197200499,-1.04541535275225406,-1.20290080730389159,-0.0324410199884475753,0.287087019244164854,2.4255641827746226,3.43365033965942246,-1.52983150335379658,2.14249574784022023,0.864502369159947492,0.467782128938432296
-0.472163194728722646,-1.14274810429083895,1.13627990356536679,0.698800422890298978,1.88594412100497122,-1.59620471273828035,-2.3140476349074679,0.859465979054829243,0.261467985061333508,1.72982308193337375,-3.28589861916174142,0.0742228053540244098,1.98257570502099334,-0.279706267903609918,-2.14312167407257315,1.67571100186760757,1.22531282674497577,3.4638950783421496,-1.2637963580632936,0.260362623655275405
0.128021913989683461,0.735170965800004295,-2.15088043718887789,-1.08540268791728778,-0.570626978804609553,-1.96796558014870127,2.112436002481068,-4.40567642035503138,-0.440670304763861154,-0.648976154848670106,1.60104628012843553,-1.8152015982937546,0.388129963151122526,-0.00982052081733325415,-1.83062678497483922,-2.3937020994231073,1.40730364081475923,-1.52094518361968323,-1.04315243218248699,-0.125656774989772207
-0.428564950907017073,-0.0802151846604334112,0.740521476420074043,0.0348358712982429902,-0.891466697972381872,-1.531901078428904,-1.58363484520561615,1.17296144821083526,0.269430700210754825,1.35202281883266173,1.74158231759377835,1.36847898535329882,-0.82967201499326626,-0.122411247580610075,-1.06652465904417082,0.268312099090224243,-1.42485269828472649,5.75621979495646041,-0.756874890800044886,-1.11713995475123951
-0.963360386340998631,-2.39792148857478749,0.113504840063145665,2.06637221749155531,6.15266846513079813,1.69382276425244593,-0.595997912122377516,-2.99802439878295912,-0.817210943966523384,-2.48365363333785139,0.574459490448897658,-0.582244315655489064,-0.903945431897989149,-2.57304730679433646,0.321191845236367735,-1.98032530419209607,4.09987631438380618,-3.37851596758248851,2.37804083495131913,0.633136697854618791
1.41113173615578602,2.91653867567875524,-2.15813004917017093,-1.78159528825346092,-0.967642160797529738,0.644402067200508633,1.52273873740662835,-2.18021073241780172,-0.633385979838154922,-0.605197038392094488,-0.0569139827013577376,-2.20794519985407467,-0.593751249162827732,-0.893914756279651335,-1.2134775367451045,1.47880121676300447,-4.91489808409968365,-4.24095647387080188,4.48331263398929991,0.443004748785970515
-0.221037563829366013,-0.0959466065682558766,0.375496232490239223,0.401213853774910922,-3.10450925943474765,-0.653653351699344909,0.902239895525419833,1.88677848684161265,-2.13444020004119128,-0.589149027826043059,0.625997711841413063,0.407189688483727774,-0.193262693824139326,-0.201456760545258962,-1.10817368555786122,-3.70042953640263184,1.21210025183548864,-1.08728525437140044,-1.98387961525458723,2.73451370205336719
0.160000779667069548,3.32149751985999409,-1.30627539921894575,0.533169336066224853,0.934662354982016108,1.38445015113547032,-0.273749137193765091,-1.08801337824101907,-0.20042668223235699,-0.0597927727524656255,0.379152432865409394,-5.2194771671789022,0.809967591631648887,-1.50146677461439881,1.69436493889266648,-2.24840317819410185,0.265409064565982122,2.71678074625708943,0.737423788951432679,-0.289153396889545
-0.612238258006035818,2.17560090547119422,0.495123351149725055,1.13605380910312626,0.385954869059284333,1.80503913420482842,-1.51777746685589099,1.78452548447741544,0.517026624378834287,1.60187327552005176,-1.11513353082963618,2.66550289580696864,0.355374530165394942,-0.911022294023847712,-0.751020802275927601,2.54091598582055989,2.63691662970511143,2.33821751228178076,-0.156813134601933191,0.922748693152159905
-0.278041412634646046,2.63549359355435087,-0.437763330897303848,0.074715082546929934,3.9822573868422273,0.654586121211389815,0.336843067441625454,-1.45275878044283302,0.810699989973754809,2.10911498564867195,-1.86763362602739913,1.33955853106708811,0.157934242191407365,-2.60602738827218117,0.779304444117462136,0.627145719421183578,-3.131324214250784,-2.8121508359637386,0.565781958506435312,-1.18021020699381407
0.703195366945875699,0.985064865893672814,1.42627442527432979,-0.596579137572536111,-1.38954063154818996,0.751230306903503342,0.340671910966046099,2.60040778986839838,0.548260524574488484,-1.16374048296565058,0.357798117813315941,-1.73855083366559793,0.480142151763482683,0.61132015755918756,0.63117931761838153,2.92717008015274471,0.109981077654068657,4.06997203167259336,-3.3464235675502203,-2.38853872149230373
0.264462394617836327,0.711250055595460173,0.648767019267060818,2.37589293503152899,-1.46144754901480112,-2.3790332996217054,0.378145194042492583,0.0707566799086278564,0.567621785268224488,0.260085365677100611,2.41987305745222736,1.58604993382154258,-0.240693408940988923,-0.0913538832350515445,2.03427327633368149,-1.10844637273033908,0.167558461042395745,-0.0586030022002636888,-1.07066432124053135,0.562898071113742571
-0.872597139442932601,-2.17637901081201068,3.63985219088257717,-0.872931513068627485,-1.10644509470585373,-4.05510023558748944,0.223571607323453991,2.96119012832490469,0.14070505799134414,0.0868782730852767221,-2.33136057139393671,-1.00698509165207972,-0.956081216256549737,-2.20184778300090489,1.68451351050153941,-2.4109979535396544,2.29239136680877076,1.05706949287196528,4.59228583057109141,0.987827257034903483
-0.280540535442964811,-0.4216558596137715,-0.988234389457749107,-0.415043715939824587,5.09538363536775485,-1.87530161490558056,-0.709441413033917945,-1.08738268717631992,0.867950169067329691,-1.99092489397095918,0.765483745735816123,-0.0759259701366031409,1.02467197537295696,-0.178985290480699083,-0.317270713243736624,0.648536741332811029,-0.0188673511823444773,-2.36548743181592247,0.425547162441628324,-2.79930985972882018
-0.0473221581934695767,-2.60731812761606596,0.261101309744106114,-1.0546381569582981,0.601883300690503109,0.697852178162383097,-0.627906550954966836,2.6631711295998528,-0.490004832336055851,-1.12279695017237979,-1.30178169612190997,-1.27660464904128079,-0.33647683078960583,0.312673680426053424,0.935149469463939398,0.189753396526404966,-1.82307504727767045,3.34867182288354304,2.79730039861762991,-1.32160068793650032
-0.727095374909378145,0.862926318607207588,2.0711245217951344,0.0166975368945596891,-0.606474321368678515,-1.22203540110889497,1.50342142882565266,1.36980696135556013,-0.971982805764005975,3.34844492031955143,1.9740463846323395,1.0761212893106411,0.673511833614004241,-0.889127425917112468,0.398452611281293501,-1.26230371899885419,2.48731610542944015,2.67237613573702326,-1.21434488582274702,-0.191475876859088512
-0.624469916033209116,3.7796036628235834,0.212412122391922142,0.510908418490190086,0.680673358358139358,-1.0386726978776768,-0.545073688058837491,-1.31788229384104838,0.248067406636613613,1.89921162048005931,-2.89371376452356222,0.976270817571791794,-0.270305103738533281,0.542380314370660366,1.53742367339836261,-1.48649966872520123,2.57813488075703834,2.24503088921434557,-1.7616036731612863,-2.24839979205052298
0.876888921672548616,1.75037696907402274,-1.98377538599414227,-0.360144583940806895,-2.36068557072800767,-1.43656965594253827,0.563113397290607276,-1.33947785662006957,0.390138551620494878,2.18836213580132366,0.215534851515983422,-1.403831634464344,-0.69011496783304227,-1.61660435884729692,0.116025031199916737,0.875941576213971951,0.301118734757841122,-3.05733453384982212,2.37121278887254361,-2.29969534319917068
0.560244861762721813,1.40931466602936295,1.43905327403699435,1.66048566771280659,2.27051035715892002,-0.115616375388443118,1.23735728599542338,1.20800214151173324,1.48460353464863259,1.4609412322238351,2.29043336110981377,-0.299198811626478989,0.367545507701538765,-1.39521024375721248,-0.911264066258599015,2.31573494868780072,-1.51434351607673401,-0.77223724883045719,2.02064889727269748,1.85965518368896898
0.861057050803103352,0.830499276384686458,-0.861124801637222159,-0.749332200379083102,0.339959435058037551,-0.642858355673090465,0.934641474566344055,-0.169650175555543126,-0.378110651055811764,2.29227875742325038,2.74059251981286378,-0.250469900161251702,-0.460692110696257984,-0.94971455756921197,-1.28471296010521141,0.715651404584500161,1.26811104684918918,2.03732089578122721,-3.10696632871056355,-0.237465147010325089
0.202204750718660536,0.595463903880570689,-0.0516549660768170563,1.96071647484430711,-0.69678976892450506,0.567647734155754091,1.13213287027498444,0.209180890902653238,0.496607434082162902,1.30596509245049197,2.86550393228716471,0.852420545347961633,0.948897993805398299,0.958424985828134179,-1.65684177609167849,-1.9305476531129524,-1.243169964813162,-1.39488107931718019,0.0419929133323811779,1.05968284898512444
-1.89502898817795806,1.53117691917165444,1.87624254998748641,-1.19484971453448585,1.08329454829562577,-0.69735037887755702,-0.219718775062708677,0.734984749279636973,-0.0371026328656201138,-0.175005270747105646,-1.3737357145101281,-3.30293677026300481,0.00574111522628635226,-1.20327788579968065,0.347709350984415799,0.554352815436606083,-2.69977430127796314,4.57166705560939057,3.9001783583165941,2.24541571213886471
-0.829942757229320649,-2.93660720782440787,1.17551232539994266,-0.59271747801068364,0.61224342471034543,-1.04380974864346832,0.658761712935424071,1.04126692651993591,1.16117064747831633,-0.0738787183150538956,1.29811953440999095,-2.40276588769974175,0.0947530515316415134,-0.102853421213627019,-1.06272711842741829,-2.52806665270892594,6.95980663893585216,3.88430837848353638,3.44851245651913985,-0.0707373214703156811
0.958461242559050741,1.90409550388403637,0.935423496254083275,-1.41114232319688448,-3.3722103933606693,-0.341409080321226077,0.993365063796967429,1.31806842342602448,1.82434923543415795,1.27979789720172654,0.308322490478078026,-2.43133282766858239,1.83187545976320476,2.17884104890208796,1.49699475325985221,1.3636684091876754,0.0213532462508730127,0.676342036542970759,1.76513769167548618,3.15829390506040175
-0.0697074551165570572,-1.91077090085014456,0.46183363272360789,-0.358341254257236674,0.73979422558987129,-0.121813412428973297,-1.26387506826711182,-2.69807406374882053,-0.116022981545994219,-0.990363529037461054,0.17966916256224269,4.6213264377738037,-1.35824425104414326,0.451421530051845099,-2.89065414527003028,-2.28728685929431652,-1.81905642339124385,1.41815244255011841,0.682086940002225806,1.00319801463689839
-0.489368347461779207,-0.368957145183653801,1.60733424488486198,-0.544575766063971511,-0.747675044709917858,-0.312537714216865326,0.563150307453980092,3.91545441607009925,1.19985438897441021,0.16511735058269339,-0.0377647463111547427,1.68062183823916733,-0.748310649454939303,-0.135627264632806249,-0.669685681668028887,3.17554175413572581,2.59433027312917552,-3.01633482440846068,-0.972713355618302633,2.89062859211164458
2.18089819655711947,-1.15273661436093922,0.0727654155183530271,-1.69534187721391061,-3.6639674613402593,-2.09337012537826173,0.143254957398818272,0.863119386421066559,-0.357445023185808897,1.27636847034270628,1.36738730288689192,-0.217397612235361443,0.132897789158323537,2.84430247656035462,-2.94505840756930271,-0.172969216403371456,3.63003599084903428,-3.33258116783288472,-1.24431570896202115,-1.30187161487213565
0.196690864861702563,1.28561295856800206,1.24770426179375327,-0.084568187671773154,-0.444194139180822567,-0.205924569261072221,-0.384514749073961437,0.0617865158823361418,1.4116915149210032,1.99126566837547325,0.297922797283291851,2.16986630353498766,0.166511488376371947,-0.421726795834595158,2.43926570495485651,3.371606772461051,-0.74877443262378296,1.22497347238808296,-1.85361825306040107,0.327732719981578102
1.25124661880502686,3.46259607046309803,-0.127066767653635143,-1.59777333926721887,-1.75043716986111186,-2.11643878778375205,1.98273184204851893,0.421190629174271747,0.280426047877646245,2.5240447339612877,0.52913132185294165,0.934671597707547153,0.977694516096128119,0.232822033099701564,0.756955618865201463,-1.56723043413975516,0.771369494721108384,-4.73293329297004295,2.11174102344771608,1.04537814802069096
-0.425851956282974176,0.165626386126431824,0.652345955240767772,-1.60513468711542551,5.27939716061090092,0.0659880229774082033,0.820080687531282049,-0.316281639745362164,-0.559404517158697656,-1.85097382180460568,-3.06843309785894647,3.79394576345462298,-1.41045646640013533,0.052182706658632512,-1.99676227158878383,-3.18988685746527567,0.970464100613048442,-1.94785385705326197,-1.11799185484043395,0.895383402169139586
0.883095777355042189,3.65464364578787482,-1.36955828483400088,0.625492324495427021,-0.621573988296797997,-0.900071801900801938,0.539604500390559072,-1.63659280699809417,0.0672565445600699086,1.74779197973058675,0.124919514034850271,-1.41260957223263905,0.400931761147917398,-0.170516757901030325,-2.44446812358739596,0.132414606231581911,-1.41774822276613799,-2.11302725798962765,-1.94560632807340284,1.49832652950665612
0.166499717797740032,1.30745589273662843,1.86678416225118804,-0.717213378790987011,-0.466286331850050695,0.807400598188877217,0.704775495967862375,5.63405676574644421,1.33441494169681385,-0.895020241967720787,-0.613333639444489376,0.461935222356286868,-0.445767169022068865,1.62835121099684899,1.14030141213489689,-3.14207662919477571,1.80358727987823086,-0.00540306370023548813,0.379458311252714842,1.64780290306800348
-0.20903449080462147,2.28640544057074235,0.0412815244991510677,-0.0190153490002002816,2.55033347888768791,1.83912480797470734,-0.251278294700589877,-0.854225679361200085,0.237625372373516552,3.76706102183155656,1.44034858726914639,0.46344522283477585,0.142156269190416296,0.525169493438048529,0.448024136925248562,-0.114955140935704248,2.18185149274881329,-0.402634765640929648,-2.48955030941069611,0.648374379261068112
-1.71502580782103964,3.37642163829476027,0.745791947108636055,0.608488270009686638,-2.50467131349590266,-0.574682161866640451,-0.0570229689241657164,1.72625549030565417,-0.545140340842093951,2.01759992602779414,-4.21522379163067917,2.8632346855175439,-0.548579137388442439,-0.527771107667849293,2.13051310008272621,0.483835697482405958,-0.198186538173620558,-1.34882551651093796,-1.23859503787303527,0.456038441611991308
1.15232508790549271,2.40924010585664794,-3.02250108434059239,-1.0004496330041921,1.21204960985265098,0.0899564552918114962,2.84655013392059297,-2.17605309251747636,-2.3997945031270036,2.34973179300238266,-0.050233914294370352,3.86690752718713693,0.00571306647836786804,-0.0682169954178056814,-0.496485289209755987,2.50399753167188921,-3.1631101079826931,1.6505335091844977,1.26562796809674727,-1.51020301214049613
-0.201781931542521414,-1.92231564472956284,-0.435274333573751782,0.121932171670855558,-1.10204033322163597,-0.212521667060404928,1.12322276431160151,-2.51719937523135862,2.70791978834209424,1.28769470783409035,0.473742388293699412,-1.92668993036693026,0.348106511354799086,-0.391721283451764879,-0.859406669665419898,-2.29775836323308225,-0.781057154506804796,-2.05406226870257891,-1.16141330966928491,-2.11498050726987152
1.59196374931694495,3.61184537636428971,0.139318335606745253,0.121649332940691829,0.569155658858198854,1.35822606197095164,-0.765787971114513577,0.0299329857805530619,-0.495928365689718653,3.03108784365073891,-1.71775076961302964,0.293069081771587081,-1.50051121917498076,0.622140809804719641,0.0722189044911308725,-1.01956837038655501,0.168080554194265097,0.784527034792994127,-2.73146595996420327,-0.604036676576332088
-1.73200039866206068,-1.12080753217074425,0.299790739504269488,-2.59833297876987368,0.00896238117989423856,1.77833114476639453,-2.07990836757588449,-0.463800456549481932,-0.626450901572737306,-1.1047279926969773,2.54775752613110873,-0.949887656744404452,-0.735677620590648895,-0.609637545360865452,1.73687019155947198,1.0488585917430242,0.727941423602860516,6.47656589169489827,4.91652717242631887,2.33061239775422191
1.1794799320523639,0.397574424698113105,-0.164840708022188642,0.650614463706427393,2.96980160859356035,1.89825022130114784,-0.113334634444147486,1.11828200733156291,1.93941840614581973,-0.123158688493217094,1.76341140836560983,2.85986916479195852,0.825669713419283524,-0.291394007607765848,0.414392763047107371,0.164353180238668878,-1.09293289938785199,-5.92932744868433748,-1.19332629418041525,0.597928226829819165
-0.142953297963765852,-0.339528380399362117,-0.974047155939668285,-1.70361628342802107,1.07006000222437736,-1.98680584188293641,0.515825105048934973,-1.2277115528874345,0.937956119819365886,-0.558617497077176228,-1.5056385203587821,-0.00300948047367242087,-0.271760017650579166,1.54423968426054614,0.605851566115026108,1.0413136576642017,4.12991177448601743,-0.976895661545892802,-0.224141466719215338,1.09892617617384336
-0.820584897165107852,2.83972496800672003,-0.820384153248161718,-0.742935421943077046,2.57457413673929203,0.569338219625107445,0.52208612371952412,-0.977563300664103574,2.12859068578554744,2.61722790927327553,-1.10090321888958509,-2.49837091250012566,0.0243805861102978222,-0.537242444152051468,0.693368762879486011,-0.14239331489805282,-0.166143313779872487,0.198561133109949994,-1.36299213524453933,1.17033721015331671
0.571513178080194861,0.222394590318521046,-0.565373995505883742,-2.02115392378275338,0.0175665478614915188,1.89262667917303551,0.065927675197953714,-1.51882101410265458,-0.294516334452164796,-0.614632042937147682,0.584946691194167645,-1.31838505179431875,-1.95520998979516669,-0.612987695057341742,0.724303581596593138,0.203352444334054278,-1.47861915212452111,-1.77194595857120518,-0.384958674228251196,1.48453001736692736
-1.63339439165561062,1.68852913239368463,-1.24651362762266316,0.263206200507296706,-1.30995235663777421,0.0879145377130179373,-1.7326491623560587,-3.116963877041659,0.217656940212181071,0.347448401967087706,0.09803269280938956,1.3023713064244582,0.11943171072625329,0.157549795210770088,-0.252077795402516736,0.302158104256203486,-0.64441070790974242,3.35868555775778654,-2.88728687590597533,1.55523480836084005
0.511330711892164613,1.98724497205974915,-0.452517427690531382,-0.0919166711369601708,-0.61865690370482096,-1.78712705854202092,-0.506558678684541519,-0.860752407857087398,0.615051350485959603,-0.991232001729247303,-0.0534560218536727014,2.88188609784893623,0.862350744972772865,2.36322796444909855,-0.611813981173214616,5.43532340953072524,-0.349627560955459937,2.2555881481057285,0.986559970622132854,-2.11798610318266523
-0.687090912175079671,1.9247550721216502,-0.39058803885543425,2.46472596258793919,-1.38239566465966845,-2.07910411212448887,0.653316542552416446,-1.68562587843245515,1.69962748181678291,-0.640983163501413378,1.46340835396950464,-0.067698824472544869,0.133867924066177285,-0.392435651459107915,1.18173930282502981,-1.8299312347421266,1.11817155344689678,-1.27535641542650025,2.76846713229490637,1.36923229655889167
0.398482914827991475,1.19140875260801815,1.85641304958732789,-0.426927147713706934,0.602535505832663909,1.16793496006969777,0.973616318355730592,3.20460083544731011,0.30321470618435642,0.951728787461368353,-1.42948438951007928,-2.04155542802275036,-0.0829381563775414832,0.667956204081444516,0.992611268001053704,-0.0421837942106435895,4.60739682819291296,-5.90646401527104192,0.362049068022800513,1.65584244771109601
1.17099529275828362,0.821609312639568046,-0.620636047823640347,2.78419939390203997,-0.542666301535997708,-3.0372323620049948,0.321665699237530356,0.672346322017406406,-0.398200841205157308,-0.5813737827251243,-0.0211392448017761261,1.29367317562817385,0.653379368459345633,1.14331284502970942,1.92898281356781798,0.93929087520827359,-0.581281159925174595,-2.21746898877511089,-0.0385162465916515026,-0.618058935688235667
-2.33354323579199052,-0.569970446516273044,-0.219344494879368579,2.59249986982214553,3.85523571425717515,0.106927097439149743,-1.26724740586685924,1.40170233653856524,-0.252262398370569352,0.815477585569723384,2.2210592473787889,-0.397713719787238573,0.175963401266838265,-1.51031461095136721,2.6539971652146721,-2.18996408565330958,-3.81377144657610367,5.79818161231326101,1.18423383217824862,0.105256918576652259
0.337728875986379407,-1.0813544251838676,-2.58894742279992007,0.067277117276141718,1.05048277972960569,-1.58844569898494781,0.367625695409005693,-1.58718518393424857,0.382218387221417377,-0.834931082583532658,-0.53555295053959473,0.781218255275881068,0.0225613045327439504,-0.398663691072116799,0.625876239175981786,-0.268811370066765032,-1.12239012984553188,-2.72810085078234454,2.98217292627682884,1.82289698431014258
0.814204194171409767,-2.15237949120551653,0.829192717540659596,1.68105255425814626,-2.34408836537060905,-0.913129670336344512,-1.05616693499051428,2.47387075829489644,0.932010932276020387,-1.79060248229664443,1.20450696463246798,-1.40214600138475887,0.213229450723756125,0.63288258114008511,1.23721687645685563,1.27700331965864811,2.76758339552925792,1.49585586519098057,0.98048156581421464,0.663685903589520509
1.17120707580181604,1.6521642572582409,2.02981463779118743,-1.60024812484372303,0.456814442079017446,-0.971058956050717126,0.0102942320855299706,-0.260811754219755387,-1.11274693260881397,0.0635302348658074584,-0.0545728334044779106,1.26207898334575663,0.245184911092278163,-0.0787859014942869224,-1.88257021915271361,3.92696984907979996,2.11176364934325456,-2.29064315726254319,-4.22002144622084963,0.775631627106167731
-0.21342442011423815,0.00497749176352433459,-0.352062456193080242,1.73195662439765652,2.37746511357067281,0.802912845516397522,0.25306171046182202,0.870839403590547123,1.45519720279713494,1.4875107260435203,-0.797579305253924065,4.73159762521127103,0.343146233644336773,-1.85000927742932308,0.398812854573922682,-0.188308824993395574,2.23432798653350462,2.25389363715243585,1.14820246897952738,2.23088722441998888
-0.212064841110553681,-0.743182839463656708,0.775625393419339226,-1.06126731988572298,2.853194701123142,0.596782372426905794,1.11762373079513466,-0.146975584341036025,-1.95604957178002725,-1.0569963196059402,-0.0516161171180724784,-3.52654036676365168,-3.65179922793094924,1.24476840980439341,-0.293974785155304341,-4.85871893513280995,2.7256031872454054,-2.43520377988223347,0.534054836901774022,1.66767315147754958
-2.23305022337235703,0.0971795096451911478,0.29134211296171364,1.61537506286117583,0.130111364531846518,0.512571042255877019,0.178595532641826316,2.1738707399392907,-0.141586677760141305,-1.64291289129626517,-2.13613400175482182,-1.52248604608158034,0.115802421068439673,-0.110718104548989893,0.827043671712140771,2.56096934589813952,1.90084815889931713,1.64726545569908267,1.94701040615971488,0.468176506705769491
1.09022822002343633,-2.60339781113771496,-0.35574153793221136,-0.0183023656634560897,2.66967496982252328,-2.10278843346993227,2.70574951884299386,3.20030132416838287,0.97166849582502457,0.285439665268865772,0.580266433907991375,1.95460244752722812,-0.33082907979788212,-0.801695374567151564,0.536911970348850409,0.346424885436741103,2.33114374722421092,-2.14196377823745454,-3.08318491028179453,-0.224488106202702126
1.75358641119056191,2.42672175321829453,-0.0210941364917540189,0.0582382732131259892,-1.79877545754397983,1.72293576582606356,2.01475015276060088,-0.491171191725913558,1.96604066542901124,1.96179734252396876,-2.75372192549801609,0.867179530613166327,-0.005231659847131114,0.746820984081699168,-2.87555598930896261,1.42402848296935369,4.04551657930008357,-5.58705286569620263,0.24813057524231491,0.37028749428568225
1.0720748718855273,1.71341263934144417,-0.125947108016531778,1.20077157849123139,-0.178210692347342076,0.347017666071815389,1.50841371451592043,-0.589726731323761522,0.785655203940809566,-0.233026193067724902,-1.39373143044282943,-0.532126222504425761,-1.18691720800105793,4.25913654309543155,-0.0222279598923638792,1.43085073593120482,-1.25665772289496203,-3.67742571418633268,3.58156096132493973,0.203854312741301058
0.693317562411735477,-0.497239774803679146,-0.958249854025431613,-0.0226737985424120339,-3.2251369203783713,-0.605323787791118506,-0.415386172155023603,-1.4859074213300334,-1.18570651672129657,1.4167221545481381,-0.878191675956928708,0.141517234391428215,-0.605346963712737884,1.021398674154814,0.371214077397950037,-1.34715580494134946,1.12076082714626724,0.801019255585538881,-1.25957049027959433,2.19742014307538458
-1.45854058251732677,-3.10388095613303916,0.455405340695180127,-0.293741069288910583,0.663784325170230227,-0.755893033854167617,-1.48977739738243153,-1.51293743618820709,-0.342781390824438703,-3.17517353607537389,2.53416826629024738,1.77396383426024284,0.358431717835218877,-0.708070713410542396,0.918900875737346801,-4.47236505164206921,-0.378963810859326955,0.750744944185481655,1.36164079561144424,1.29740067695345052
2.90238096998199158,1.3000310661177088,-1.11424526818664815,0.807224686880170572,0.630706727126374433,-0.344925066554949089,-0.0401845438862528312,-1.43935579743996755,0.953054714696415117,-2.03334485129581299,-1.91884102289578062,-0.418311851709567972,-0.686320393426759989,1.27548949956449365,-0.990374956032099574,1.12181484349836014,1.93622128198728261,-0.601350460283711308,3.24764421616615184,-3.30889858183904551
0.0848533488594877539,-0.846393739305356663,1.01487511405304387,-0.512343978811327094,2.12198805168171978,0.229095767450245652,-0.118718514425257479,0.173598729757249187,-0.0324821653379542274,-1.10841857001661293,0.1492678074111983,2.77432509258691473,-1.32166750479473905,0.102672060788661243,0.0154009807100416781,2.88185297419938991,1.69126207232955883,-0.706359091758970603,-0.561148273248786356,0.102706483581826782
-1.89273469742937683,-0.943325479329100269,-1.63982249342554809,1.437156890305886,0.474920570927809038,0.385943562355728409,0.571477966383941549,-0.746068361171939531,-0.299529678759122509,-0.910993656945789154,-0.0482566939782953577,-0.30975494733522313,3.2757277858926428,-3.67405681572077514,-2.0805163269370488,4.49525658659830629,0.00963740364079969901,-0.360137307970193832,-3.15512438204239487,0.890356841503855079
1.15848900460537863,-2.06938169131597105,0.709567013530503887,0.19737682228746764,2.74715706006922611,-0.330115988394950377,-0.676063411441602868,1.63209117154578776,1.49531552760023123,0.299656297732860899,1.73282031560607441,1.66931392746111751,-0.445001658344249984,-0.221834007559761459,-2.13565370830438539,-2.73764427174080138,-2.53384662199853983,-3.27200946445238205,4.10956879371382389,-1.84749774473271455
-1.21919271397475204,-2.81833127689635354,1.46378428802148131,0.885202398643866073,-0.771355783983983079,0.49879089346085681,-0.956916390564966024,0.998402296199067951,-1.13338686058167837,-3.71806672443558384,1.03987022346478142,0.0888438373468087572,2.06529032675246027,-0.517896418576701989,-0.905489991071729228,0.360707816188586161,-0.779923105425031737,-2.15415982450587107,2.10997035315469628,-0.203139708138111469
-0.69114010965549455,1.65514200866482653,1.73034146583623927,-0.961083263180263714,-0.969097438386728238,0.0472529919874566662,-0.229853450208772236,3.67082444169187339,0.560326891268102978,0.508177322535292131,-2.14509798809491858,-1.41898218035133938,-1.78574578756459723,0.119134430121919058,-0.867002018898597182,-3.57179175685050287,4.68220819607837502,-2.39301266439490723,-0.952283934694852841,1.02975895391504202
0.160799685609889942,3.90929710016433152,-2.3917910479994946,-1.08113064289209504,-1.48349342420853603,-2.19925294915964376,-1.07107562481669971,-2.33311796537204508,0.710852051568409915,2.62670889596975066,-1.91472446911778205,-0.123221844311804538,1.45259444436267304,-2.05349060325178678,1.43621227999050038,1.6009701002193546,-3.71897348414199591,2.20605416814517641,-2.22161697852489048,-0.470410693577807848
-1.89915075842563286,0.754409144492454331,-2.29876725559194739,0.0889553195852077067,-3.83891999501853887,0.107407707640949091,-0.889725362403682607,-1.2329160941518249,-0.375436196165424285,0.468975022458201551,0.671080590775632313,2.25461442331903417,-0.112311419681495689,-1.54409897382488914,-0.590734317073087212,-1.90348668946866595,-6.65786724659631624,3.53204303525172358,0.379579525997301048,0.97377847700838005
-0.0605349452316901113,-1.52737413037489134,-0.804801448681451537,1.0894791971579274,1.65295597262927108,0.425156678096909046,1.43155784112570572,0.568422146494826031,2.46951847761263954,-1.68473248241311735,-1.36543141599688123,-1.90207274602747334,0.0720295022023274834,0.403934098133255315,0.603828447892606701,2.56592430203060839,-2.86741516281103248,-2.39076591772933389,-0.682151451000268971,-1.81655147969739827
0.403048572705724195,1.65968092778257703,-2.76450637777107566,0.348462745681488661,2.01573957830842998,-1.02285157870188703,-1.50664804014834774,-1.27829137188501551,0.118803289907980086,0.604961676597824072,4.08543601203097051,0.982971061563197135,0.82763777987223841,-0.888079055283415131,1.0964162169445868,-0.888331763570147981,-2.39351216761724217,2.32219525350696143,2.41892993871314887,0.244198108813408366
-1.28660534646006175,-0.0810568917164775499,-1.33650143193935422,0.743513506085157316,-2.84076293259123025,-0.570982435882065431,-0.370466702018676597,1.15854093938184999,0.0959821352276425122,-0.0939135595717827676,0.791280734420895304,1.57354807407865871,0.31692069290207453,-1.94817418104020379,2.58509483680406804,0.257712428880801481,1.72629533125189738,1.97087514054209123,-0.46839679365181075,0.686537226054785621
1.1579682849158921,-0.861678259918946421,-0.511347551452872251,1.86167379767057062,3.46978621421840883,-1.29598044604678253,0.495848438787448886,1.8096081041175347,0.578702297859526982,-1.39000998377426987,-3.64429051737039833,1.71808981439073638,-1.64072419486528798,0.609996928803377747,-0.447439309713636657,2.24496946379896611,2.51756826103217524,2.51769439988866628,-1.17741583752295109,-1.48753059904524543
0.402686813121380993,2.67705486274940441,-1.87076219317752224,-1.87150472565463333,-2.99829571250295013,0.969635177844025087,1.00862697741378726,-1.63537358519210341,1.08305874113613543,1.39721773880382494,1.27860658151913986,0.962599834195447701,1.25173902716984253,-0.273734346899943248,-2.27445073985471069,3.08387067147306393,0.314727049637882061,-2.51778994661474398,-5.1009220173743044,-1.19213185001645772
-0.730438763746034669,1.37722865209689904,0.282353642586329723,1.87880071374309821,0.106816864555223837,1.5601542137165807,0.558416503146316967,-0.168738339716675484,0.786632786972628173,1.73505025539274582,3.17284042883993678,1.86391174232544854,0.274585957363974731,-1.51520762372201312,0.272690588354028596,-3.20132818108411588,-4.31089156146495345,-2.99815411347245142,2.45923111365724933,0.068742481020094573
0.598987122944881767,1.70062374450417542,-1.25407839934022602,1.36081018637500484,-3.28766206605351519,-0.504489756213893914,0.370996917511633995,-2.64771469932931769,-0.979128745945987644,0.474550926206272261,-0.285450675817535027,-1.58254185903091238,-0.890685204865104607,-0.447712141871911162,1.01245043918544986,-1.90426705010393138,-4.67891498063683997,0.851662121107941261,-0.0372463994151662411,-1.78920960406804164
-1.35060768008426457,-3.093811578125929,2.68230649473454452,2.0095174316153388,4.87930566351602035,0.727659298554459655,0.341445792906860002,1.85943122328389077,0.143370458420288338,-1.56381903985651238,-0.958622136189562934,-0.879718826999662418,1.33910281597390957,-2.27590437113736632,2.10232992345165348,3.21442146254547323,-3.08226290150142379,1.71323510237101306,-0.292953706584244633,-0.925123010419510727
0.423720902917997078,3.5694998487500853,-0.710070393093489627,0.122726640571675316,0.143456676223877505,0.279321708231413224,-0.0518785323514249774,-1.64713029293332092,-0.2332059687403302,2.60055374504840842,-0.880869851778015689,0.788490103623079031,0.663107283383708945,1.70004607021769738,-0.345752161354133225,-1.47977481637637953,-0.672298645574832654,0.916090711858548734,-2.18328393300045986,1.32275162365743637
1.5288132930126439,0.776440337373573763,-0.771785298215660664,0.0310786312788808652,1.07851082125626174,-1.33492397973680776,0.648746939845780024,2.18304686205217413,0.91516005600541328,0.267764579798920876,-0.761678237541348668,-1.52129667138569147,-1.51527584087790634,1.45665411493837871,-0.373710171434660399,0.200906918982380001,-1.35377577150113804,-3.88120029276139888,0.375482818988133682,0.643587933831887837
1.12394128859574249,0.142409968088459182,2.31116934436257848,-0.877710005485381917,-3.70782544026683425,1.19885318432733623,1.39227142267988291,2.68487286226567567,-0.0715989804738772495,-0.523399737007366861,-0.588484082720619806,-2.53782627552365714,2.02510687539081369,-0.435046817532011243,-0.572370703025583016,2.56340021852025712,-3.06937360071846976,-1.33850013988742833,-3.35207534135472551,1.23078773172038103
-1.66874676858466486,-3.48263104182054484,0.450696267094979841,-2.74525939979487843,1.70956177108178453,2.28272040577173163,-0.503314212693203533,1.03125680386508134,-1.14072771399710771,-1.91121737349548093,0.29379894590128558,0.774863871004690563,1.96750477360573761,0.123907798153796753,0.392752174835574563,2.98167794881459081,2.27773226243167715,-0.0343760405144798234,0.908636165974249344,0.796781146457907874
-0.810639865538757776,-1.73433652061503962,-0.328681217542445114,-2.9858543479635804,-0.311122311810551333,-0.986993381191683783,-0.974630075055839873,-0.633572773847669524,-0.553484912485280978,-1.11224788130210483,0.487154434716384588,-0.13836274891105807,1.40907897154922979,-0.174840512306638052,1.50317834280442209,2.50094466146760386,-3.97447622300421877,2.8875184999503154,0.95561043358870279,0.44660534789984413
-1.82362867689345731,2.5124672492531186,-1.04426578131841818,0.424173802805687228,-0.664646048304280312,0.311118333216286347,-2.91307887301152979,0.0410990836751630589,0.840020806793297603,-0.648990052135130946,0.603504685853365808,-1.03239546978036434,-0.816505184675388018,-1.07172576195132141,0.0907110975212667009,1.36156869980813222,-1.55584310461222453,4.12827402238857744,-0.543662238746482451,0.424680207473063343
0.0691183013389919387,-0.606906893906864808,-0.261016550629439126,1.55174369184296368,-2.46882674985633832,-0.13299343826112342,-2.33051605966803876,0.00335429162332257381,0.165700028511322234,-0.881376823848058155,-0.62564107370756894,-3.65029988759683421,-0.00685673366302709704,-0.998793493631465301,1.25950320340391686,0.901413669455459199,-4.31673525751556308,-0.304373166140895157,-0.297749469367450448,-1.3994565034638986
0.759540663517612513,0.822697978213213332,0.0743271315609874,3.95619494499348212,-0.462701965161586015,2.37948220630552365,1.43376560658021956,1.62412489378959557,-0.227784738950371768,0.559522126428135591,0.796730149470497695,-0.543064424721062311,1.59339795613778668,-1.25833200102326837,-1.40154141113335196,3.02377617216972716,-1.19517502493649252,-1.31602170247443251,1.29325270702006789,-1.16263195268323449
1.62591462714400836,0.283000498182581106,2.2242679822696898,0.347554283084735127,-0.00707508504668122751,-1.57932011751383161,0.576755270205103532,2.40463801284872147,-1.1801273315400207,-0.772811186960725149,-0.468036705676867892,-0.599108178213328735,1.10633557942912519,2.08494088937656796,0.878099991986222017,-2.5201223931953427,2.44710338605033639,-1.58908350946693488,0.554285457782530355,1.42147287324837368
0.336415255256045598,-2.86118473092376568,-0.157705971458071692,-1.10779917042724452,-0.4624110801164662,0.218641596704685442,1.57656474879240904,-0.439855222070224205,1.80919016360202289,-4.25843352619128712,0.852346923989775296,-0.867581915854371943,-1.65330546119114885,3.03057215366498944,-1.3866230479497923,-1.04092241583679024,0.18742679297175957,-2.22078621326373815,-1.54159742804032396,1.59474328063187354
0.552312657573577614,-1.10654636030799836,0.0537731393751730916,-2.2124337752372889,3.50341457526528277,-0.400289322564375827,-0.17447481554517999,1.63208872867697363,1.34877222742465275,-0.877743888103066361,2.67071506358369204,2.22697475609201145,-0.117830480686714228,0.433669923353137976,0.514517186105647117,-1.73438119655418199,-1.13929306800916419,0.726012131651432635,-1.09732281440921331,-0.746687232427285075
0.433143443023098429,-0.928325473192900597,0.204261401440617746,-2.52506225201909285,0.735266506092837502,0.70014008115612969,-0.468916289033964151,1.6493565409555786,-0.223381956488529015,0.854809010556341065,-0.667650263020269197,0.331864487582115897,-2.64660237918426944,0.64017623580128602,-0.310599567366504292,-1.59679576214493024,-0.618154939398571468,1.96503716559885122,0.578186482794622147,0.977241840540631013
-0.0376837749902640962,0.857686320440380068,-0.861675568954964555,1.10913247514670887,3.65006919532339058,1.46931923877708992,1.12924026902088048,-0.699180596567901991,0.277451656371504596,3.3701083368370508,-3.68612440244242867,-3.36514957302200868,0.021491509504148857,-0.629267922274857505,-2.65006101272405292,0.306154856995594304,-0.0584636344472859101,-4.63699305029517017,0.399808638148737572,-0.0705050009343287792
-0.190210672602672104,2.02329406442088144,1.4679326913055557,-0.127032710924344233,0.138807427474471529,1.63373352185648946,1.54866684791084541,-0.318908966474514499,0.976332835312261782,1.33318454516822427,0.86191361185860893,-2.56418342714565251,0.0627758202277809568,0.55655366447120147,0.490586775315666579,-3.33239031744196668,2.48204849333294497,-0.0925409182218007026,-0.703202197520830685,-0.357735411117309943
0.99051499589008829,-2.60276237142177758,-1.96412118207786013,0.863230308356092935,-1.56510539076293886,0.557788851673700292,-0.120348856423098671,-2.11806399856603411,0.703834121312891137,-0.184205615913260456,-0.134110108735402356,0.304937376579907604,-0.3841106636903307,0.346624630584671023,0.612571095503202434,1.9738702026685655,-1.09560802769499643,-0.699128298051957753,-0.127386469380784267,-0.706589284885488667
-1.89687050034388949,-0.0424610050327983712,0.902667779484246147,1.31224959175250144,0.367364470722235159,0.618258500411818179,-0.648697092685045273,0.021014955060357686,-1.42003787473218379,0.89257146706005519,3.50986990064207216,-0.674283268698364413,0.487639004090222983,-3.13816690573570245,3.80837181338772801,0.108498361829299395,5.35714233573099463,1.96633871713462249,3.37620580433217832,-0.200881457238231254
1.01252806308001464,-2.0034096646822821,-0.272713808650582368,0.911733854039360359,-0.633530827470692892,1.88270501268929835,0.322665876106718374,-0.817914883243889057,-0.0315184603265483282,-1.30010414310919775,1.65211128344557534,-0.258662033021517357,1.65872286350152631,0.34602940465026899,-0.43990526436669164,-3.26679489509912457,-3.77771052472620594,-0.756590311923506675,4.33253187401054962,-0.250102508647392086
-0.349967727634836245,3.04775210299566535,1.13414932965229576,-1.42140385241823664,0.257409482719992699,-2.06169715398954656,1.67465713201135902,0.903342603437268021,1.78366900356621216,0.575989701056998871,0.139167517122695039,-1.05870370344170772,-0.168844457836708234,-0.622035900367019945,3.10639960541338445,-1.093203788518055,0.173080394868284221,-1.42190660431306437,-3.03184324280516293,-1.86497066159864477
-0.0964669224633891015,0.496631718159267543,-2.64249938492716829,0.150080621384176854,-1.9382036572108392,-0.263961183984041059,-0.359127721456784343,-1.98168615626358835,1.14999888716250886,1.35963787420415017,0.485725892917467483,0.368126812888855626,0.207186257944431407,0.0634131913485883048,0.463657302175378427,1.39650431146634846,-0.314048662660653566,3.44363425511183685,-0.911917812037920772,-1.19380404319026279
-1.21650726485719618,2.38302201825735827,-0.942590821668472856,-0.0594292606802744802,-0.341304273793176072,-1.96010985430436824,-1.91146846432559547,-1.77924423758939287,0.415304152459923248,0.126969217468811957,1.14044368934023232,-2.55804717116516578,0.615893436478317957,-0.78308330445238894,2.5877360081665568,4.48044746169889407,1.23070488819819701,2.50344591651017945,1.20006224497874103,-0.639811925456070574
-0.174424380838954229,-1.04961212932316172,-0.891237676192299544,2.20697509394767488,1.02688706345348235,-1.68062206922454216,-1.10786339697807157,-2.20487775886718884,0.588782974994196406,-1.81589621073570107,1.30225341099008807,3.54123897032798229,-0.641121026188317678,1.85430760474761969,0.207221020210324597,1.65403389832577918,-0.860091898172307356,1.98974792516124421,1.42365058033430181,1.35023764145285541
1.34440782573265372,1.44532569260029908,-2.22408228638881234,0.840261067701874476,-2.83465181657637721,1.30762583512482289,1.03678968141686068,-1.30681286160263954,-0.653114740659337278,3.25780868703957616,1.22574601857807086,-0.368640673718250711,-0.648989614987276808,-1.12899260921772782,-0.196310346841742062,-0.999444292716004323,-1.80807703235863459,-4.16185832714666049,-1.0023977715997181,-2.08910053949116614
0.591293583435385295,-0.983848241410961721,-3.02944214876119489,2.51004387445042232,1.09210375285918726,-3.30220651591646197,0.250032157581901393,-2.08210446666486337,0.284644072796472858,-0.0769464384223534081,1.27133077839220454,0.59505172715262078,-3.33907004391158102,-0.234232806258186849,-1.52683508277090896,-3.21903916802806345,-0.360368555641806809,-5.28232200922869133,-3.17359152865280958,0.951781684767972092
-0.325932668902286116,0.467404517716234091,1.2828360403644834,-0.279296317699999075,-0.720659747438207599,0.668846608369320417,-0.494046188678493259,2.73032958565233619,0.220849097909907616,1.70959302171462246,0.293279398349953757,-1.44502786498479563,-0.988696208469229232,-0.748961490182804224,0.911940151813967481,2.70123715069974235,1.93122011121570369,-1.08753819073062452,1.61350151118426322,-0.901622919951532875
-1.50733246665335074,-2.52998549961385377,-0.551868555727176524,2.01119770169001244,0.0797128947957639888,0.588918836552870584,-1.2815705342367063,0.398233677053171475,-1.03643605658526039,0.0296542442764115184,-2.40046725302789365,-3.37818495133441843,0.634820937419125153,-0.230832293626183488,0.867671334472686295,2.41099302810988325,2.1389478145874099,-0.849338918603581905,-1.59619554158541233,3.00245803654239651
0.828129937963323681,-0.442485578933769219,-1.60447949668162471,-1.60464188743443992,-0.0941249370190748308,1.06448001404935955,0.925063487369990112,-4.00910580616354917,0.782779151689892427,-2.90443998330444186,0.516544593880864378,2.88793366544382302,1.43439041083907481,-0.824507263234190768,-1.00048577869051036,1.67041522352371219,0.22871314197990511,-3.73399732470258172,-0.227731590645613186,2.55497741216889063
0.140685416101266059,-0.723295760663003828,-1.40776746600592029,1.88445492803269832,-0.937257872401220826,-0.114390940980872977,0.673930459425800987,1.14482954970369621,0.461375291586918534,2.62889756294978172,4.26029666290143716,1.180573105010577,0.607638076135985639,-0.720317212732101364,1.31669148173499972,-0.690724300967066163,-0.560810923886272072,-3.25996920590967054,-0.184144478100735393,-2.45736633501014712
0.957105756801266749,0.855319178152425641,1.46175358687598678,0.721707636133072983,-0.263908866427614575,-0.539814370746113936,0.816948962201139439,2.28024503318204497,0.133229598691038204,-1.15900730496393756,-1.05421947566143936,1.42712121770353195,2.43087989895041368,1.21785225446576151,-0.896654927283921488,2.28511308414156611,1.89919239496833536,-1.08663544150874891,0.423823218511673816,-0.978635663916090803
0.236663092302842132,1.40410609122098795,-1.66269555566876814,0.532979172328031048,-3.91599014196862072,1.84752520817908983,-1.18086528414376257,-2.4231526364467908,0.136778368867443656,1.35481078778004371,0.358313369931265446,0.800103012930608481,-0.188881507336342208,1.50422974325317393,-0.500295648462082743,-1.11364084045128342,1.87469036158223057,1.32436704961109442,1.93479936241148609,-1.55813257926906168
0.814702480819368247,-3.79379084136670475,1.21070051165942827,-0.721276216460910446,0.0846401085942727893,-0.152435700158783355,-0.272867740377917223,0.293255597446298422,0.716576590864106078,-3.27207379035312274,-1.99242982168042526,-2.64507600530217513,-1.42763635309020054,-1.15368369431632467,-1.96922256360314973,-3.06692327103897311,1.68580037382198711,-2.44843849630396848,1.10920119164150499,0.342969616214941486
1.02336102365697745,2.29768566187749768,1.97615408676949489,-0.96657515623533441,-0.815824356085842473,-1.11771090780957283,0.647919845382029069,0.986279138165829794,-1.72315323670106069,0.411386587950423377,-2.24094855937334003,-1.71798266166099034,-0.437366869982852569,0.652029445398856877,-1.75535998753310785,-3.80204352078001184,-3.88322917421332114,-2.62039823046405873,-0.625614424427915039,-1.8711542272346402
0.823481761464224138,-2.07537973354494509,-1.88009049182202781,-1.01132085174493658,4.79664216151444123,0.204844813261481212,-1.49374829547800325,-0.35299943186771765,-0.0719078727259334777,1.03912297219273286,0.187333663051184623,-0.603555984047146499,-0.593189111940965907,1.12260102561454445,0.137084807068742237,-3.08617338494662308,-0.205889311760204946,5.02511518716700589,1.63909483452057603,-0.692621765992727068
-0.000777525847212408023,2.07137680206408703,-2.56797603612080128,-2.52956061928089815,-1.4209035244897299,0.148990896926409544,1.41130101238605032,-0.870939086401079421,-0.886481717286147775,0.526161143963147615,2.22141301398511226,1.78762907712921848,-2.29911337605527333,0.511126407294038243,-0.543511482425445336,-0.499299385545047991,-0.199896886326137391,-2.16886123682817811,0.120094257139489652,0.301895764052498239
-0.126664962731333652,-0.808018332577339349,-0.48860125731976517,-2.22639667003285169,-4.08006903720816361,1.78959900935540461,-0.887848265394037162,-0.125219114766071449,-0.75698756108660803,-0.0751259364045301636,0.735606780747115718,2.6991585779341114,0.558276384829870631,-0.402989821669347548,1.78469656101342578,-0.749196621475651914,-2.35445074924644171,4.85422686723344476,4.3631686913395642,1.51696682393603588
2.12892398260333815,0.439010933469750786,0.653604654688506814,1.54356525067760098,-1.34359530899771462,-0.671571221749160507,-0.0686728018515334743,2.98651032665947014,-0.484577447005530626,0.169577114276517893,-2.33729372319456719,-4.04885859742080889,1.24482376455958432,1.39252575033373183,-1.82521533711889705,3.41865407810969746,-0.849519418612278421,1.74256731244768881,-3.77075224898647754,-1.87683883573699628
-0.0294967745943011637,1.11008035654317183,-0.516197521739141685,-1.29964472744700066,-2.67640718129876642,2.01807607335811223,-0.368582154653927907,-1.34968622461733823,1.03595905840417979,-0.866568960786703313,-1.83874054481071258,-1.51906524943616228,-0.799620901983295163,0.630090471130662411,-1.78748114949613868,1.65106252065302295,0.664635858722654849,-0.664455519359615998,2.72980321535215342,0.521892792545123552
-0.042483048388671403,0.184155502704034468,-0.114382231153320621,-2.73013291930735846,-4.43402180846150262,-0.254921690117610567,-0.119671498587006375,-3.28833753126532491,0.726289761656308541,0.0355554441718227282,0.682028825909893444,-2.85755847555460596,0.59710296183404632,-0.882223391695547865,0.0185308301687542865,0.0982146418838101276,4.98337712099198527,-0.26704640081633052,4.81053118719040906,-0.778860328262004464
1.20200541698808316,2.2929704119851948,1.46104901783647168,0.718468645880020906,-0.202715061619636261,0.849864395653761595,0.341372431633854778,4.58149506917314486,-0.25814586078300894,0.0224999448457701944,-3.11118335947028335,2.72491406353887422,1.31081883403771537,0.324282528219084987,-2.65495925019397783,2.80275490537207528,2.29662327310533199,-2.22407448892410464,-1.36557664990297223,-1.28953633143174895
-0.0874900134120085576,2.02200453700955052,1.61805301404563395,-0.286668984904820845,-2.02855054080114972,-0.185317432156612311,-1.39962356329369553,2.56317746499880394,0.882335921123837186,1.85079206410656605,0.0131863253239979192,-3.54355979423429401,-0.302070321209583881,0.20529367958389505,-0.879864351058408656,2.27685250031295094,5.13556950212749452,4.02676979459952022,-1.55797343673047961,2.16372451188888704
-1.23355022138934811,-0.679822216384714628,-0.670914154184924505,-1.14690880840386078,-0.00317160104408166846,0.337494734053908729,-0.522349310075327478,-2.02174068997342848,-0.822132703171181922,-0.16609911197095284,-4.4936313030663646,-1.03806095280486854,-1.50187438269161322,-2.32904572185469538,3.3755858195568158,-4.81331813230534777,2.43388170117270297,2.30839685177839504,1.77524574789257894,2.75941803569184918
-1.36528012155465306,-0.921309322248943019,-5.00392494502354435,-1.48141166484162667,-1.41335653618021739,0.36555492896400732,-0.134674122073977165,-4.78536561024674789,-0.736065327101821931,-0.0947880790624292952,0.94324338333429758,-0.361573714316202166,1.27059908952798373,-1.27271433349538676,1.10502800591485273,-0.367086647418609691,-3.91368908866504439,0.200130549355437698,-0.277343356577971378,-0.365169608431428316
1.61950666785035646,0.180912109808673144,3.41635999296219595,2.13021285448863962,-0.801572000356900793,1.22886660193890096,2.02285856367287442,-0.842771912212148089,-0.0408915979958028308,0.504406429213247631,1.90137109440216268,0.110541216031467229,0.393910417699457394,1.01742190008122035,-0.0714607065867443464,-0.411042220113791323,4.06561083569301118,-3.16367630080060902,0.911267906759366642,-2.30367072860785926
-0.686728434344793692,-1.82717312186017899,0.340530005773266475,0.597222615172629978,-1.00185626948666462,0.0226083720443626228,0.0876661270480321442,0.463448722247531475,-0.358143849633847711,-1.61309827029154573,-0.837196192962275321,-1.71189069251349357,-1.07336413554494747,-1.04378022490687927,-0.621414041762446856,0.665145288447109073,2.58268953152903435,-2.65572022744384473,1.64841359475032667,-1.06643893108691357
1.6706194471448399,0.914832627438442292,1.25694336004066076,0.807000061251866074,-3.60902910308778102,0.737075064805818525,1.37982366651879951,-0.145832861284421522,0.20789397994437675,-0.126695816050044624,0.18109977326275134,2.96923277223938031,1.14099859901428791,2.28466122786750825,0.77607345667000982,3.27925587037105082,1.65789952436832655,-2.48385290633513067,0.432854765419604604,-0.875791601036046252
-1.37243294747232691,3.13261789475641717,-0.149577357958136509,-1.65465475946950824,-1.26568674908148049,-0.162241948455903534,-1.44320919493410793,0.375125311231338299,-1.50882206038334643,0.856667776165506267,-1.52513269610468938,-0.840176509154296758,-0.509694094699087108,-0.946181665071730515,1.97104405077634248,-1.85133926130853932,3.064308516709354,4.64327406616863314,2.93900892265473646,2.05744734178378419
-0.925280920069387558,-2.16147513251551171,-1.8164108040284479,-3.74280240918206841,0.975693565131773854,-2.39490133828077978,-1.16113783874708676,-1.01169961324535929,-1.5460026145198924,0.558225053165545271,-2.73312400193429328,-1.7759001845864677,0.824821181497649825,-1.83530719429729472,0.0830751943542958199,-1.8167580687013265,2.11410287241449968,2.80876831044671293,2.41883588019031004,-0.076161304526709564
-0.376465299566846268,-1.81037751177877726,-0.595272671229572059,-1.21860550085419739,-1.0446653530871246,1.40216643489427351,0.366345834399186165,-4.07479119840307291,-0.728193059987556901,-2.84739671444721454,-2.13407680385382603,-0.0131963346631713656,-0.36814088668370315,0.68821634716525848,0.876561460285335881,2.95773994589111311,-2.28305596276790546,0.813243020826397323,-1.78555957622584516,-1.07093972553282657
2.104167094890808,3.91586435988397419,-0.316828835396127828,0.905678199756032254,0.655502942411034573,1.30306911502115086,1.38847993356743538,-1.04631653961975002,-1.45738976212873883,2.28390640416282942,-1.45657057061572348,1.31322175769716365,0.231671457575834072,3.54511429397801336,-1.97792964996436904,-1.69037945576504334,-4.09998109312956238,-3.05070747338369008,-1.24232976030379416,-1.36989703460260559
-1.42185353479211751,-0.538244756524299484,-0.91598928918096012,0.560981944421892198,1.40405939867801388,-1.75559068241604632,0.523321654475213949,-0.0274526467709631239,-0.861326156316954861,-0.559616746034755197,-2.60979426015452987,-0.681492214852708056,-0.491419973434225554,0.31184317252374022,0.487856979834969007,-0.914950620232749423,-0.61769678428687147,0.753183332795611449,-2.12576106526745656,0.758954336108946137
1.8423112286898824,-0.128152927828844881,1.60424855813943923,0.438323864887658621,2.87494300460201835,-1.82285746132301174,1.98306447177124956,-0.0699055292279599921,1.26489852744982278,0.475131415851611949,-1.7674159759666459,-1.59210934120119174,-1.60038764849866477,0.374495662586172839,-0.366152466781653307,-2.00205331388997099,1.48116209679337141,-2.71370821526200201,-0.830150747852305249,0.130980357952708432
0.714166721484273515,1.79941760440923049,-2.46881009164967358,-0.356241254316727596,-2.94722799185729301,0.897779411796683524,-1.79950320906964034,-3.18924573829808589,1.17490754539487696,-1.59374599215278034,-1.01111162682887623,-0.340765172520999637,0.523625705983274847,0.260417809710548009,0.00684241657101835894,1.81260968630527652,0.109321970852429215,1.32725163715586802,-1.89553723596026313,-1.28843514517685231
0.71718658943462521,3.23860743724378075,-1.03668930085226441,-1.87125656456883549,-0.168556106023083491,3.40694768533085357,-0.188488411601909489,-0.141124842587181415,-1.16276007789809377,1.63687922855401125,-0.0129638225672853834,-2.22565482261975989,-1.82621795228589767,-0.131413916149356075,-0.679892092380870228,-2.9292009172837683,0.467581626981447784,2.18892853818625888,-3.36621880104695004,-0.541246086714118002
-0.7781923185810663,-1.13422933933468784,-1.53981015287143008,0.409070420319430028,-0.408720693649430145,0.743238296884987992,-0.211576524385308495,-1.9857141689515434,1.30177621678234035,0.42649531719305106,2.63548607793828937,-2.76703323923239175,-1.71353703686820813,0.874972012484484862,-1.38975803019259758,-0.446954093993773061,-1.60549139113768446,2.40738407869055537,1.5890112521724038,0.0169432003647412809
-0.35874606987475316,-1.83127472003790093,-1.00198159934660569,-2.13754607771319183,-0.324209748917198282,1.16154499002857858,-1.24790129904608937,-1.05906365903171173,-1.75330719068044871,-2.62610479708447153,-0.514974867974595685,-1.44693723003638031,1.35026698634157505,1.11658894119876528,-1.36287251639900986,0.36494579061885013,-0.0123129808031121838,4.11465571150081644,0.386933455610233845,2.56993617133687424
-1.28362976778761739,1.25999009570595977,0.702754299696728646,-0.475787543070238517,-0.574569416952642187,1.67802270139012855,-1.65491582360292577,1.05285716884279323,1.16105279513301851,-0.0628994370777537642,-1.98664171507758502,1.99911087526884645,1.04204684035820683,-0.994199099491212879,0.818043445596464913,0.15943036920641962,0.535431079382069908,0.201361907883807562,1.44063554716394582,0.643996621527912705
0.515651546865307897,-1.15897112976599947,1.27428664923941892,0.353462683177541814,-2.07712450583054453,-2.33285451980248704,1.17295929540270261,4.47616288105518478,-1.55208315016569109,-2.38530012541258296,1.2056094809282687,-2.37277614448824536,-1.85806047887502701,0.558997659314876438,1.03507900596296465,-3.25864538721210062,0.417828778096446862,1.86049972929676977,2.23881714590460668,-3.26298407963237835
0.438298677595206798,0.801156544659847092,1.33254382611458033,-1.58760655811406592,-5.27761625531292289,-1.61409216438758674,0.0574893317856019631,1.81518054386334793,-1.1519003412474671,-0.793136766121973591,-0.541818650105075017,1.58682708695850971,-1.03400583496532161,1.62015042975516166,0.427696024061829549,-1.57342691647479627,0.378322290691773699,-1.06191580221949611,1.46727116647205169,0.978047489846200047
-2.50264438763884911,2.57680100209669405,2.84825315932197354,-0.111028902680486485,0.304013156943899243,0.145408131675695967,-1.44702504290915623,1.33493065488538809,-0.208551737545596499,2.29728811143125355,3.30517467989089386,-0.552940212508701845,-0.345892702764905469,-1.70144178452591488,1.979518803211471,-1.59299315736027802,3.64116496976733872,3.19937429011844987,0.459133176469165294,2.45905248561044099
0.5606033850346539,0.797601161060159547,0.782229306231335131,0.214842878865609183,-4.74737472800630833,-1.07447675000196119,-0.114629118045983303,0.945319004870510904,-0.970584007743693356,1.5315006536506135,0.336485863967789844,1.02602721854206003,0.799908260260872472,1.92058323001395537,-1.7721867679596417,0.192607542757326028,0.755602608574557633,3.00493763680852766,-2.01036236334880458,-0.898739680766365012
-1.33638422094096887,0.833605037355854339,-1.99143813604894415,1.03898726568570643,1.17648915997458325,0.461934486872887018,-0.737632752128632219,-2.7337788057523893,-0.0427906725113091427,0.766024138608040417,-2.13095522295199347,1.76370561176907126,0.319829862619446459,-1.00313320710528076,3.95448505013535589,0.728823989533385008,-1.23490482707060667,0.244234222041204208,0.277491165235405846,-1.27360399118366541
