1.47373762143475329,-3.46290115662258513,1.19521881841271327,1.08536664265455096,0.377794392169214788,-0.0713731684974842212,2.68590385737985438,3.15258360410598915,0.614885943512232136,-0.952533962609911522,-1.5271233494875065,-1.77085476819785015,-1.32767553562221563,0.633812372202776642,-1.01462480050717474,-5.01437082791463151,1.93762166457825291,-4.54083640985808934,-0.998502997159056216,1.48875241849699069
-0.14603268622946905,-3.89417648129967553,-3.06521785516441403,-1.2182624975580667,0.479495698403126336,-3.01667345322135549,-1.2652223067060655,-1.63296084929142182,1.56280131580760062,-1.43804703659156119,-0.374212997424836047,-0.287304942842940503,1.41955286849081985,-0.327451596683948243,0.954729113492679415,-0.637940957845437029,1.63523870689945494,0.238380118709226957,-1.00409478883462899,2.3495634122921496
-1.31878673327440876,-1.60957585460614427,0.99981738888559768,-1.6036257560169187,0.0522169674584047339,0.096758183245407664,0.827324599961094087,-0.562375323098776803,0.0326295319586004939,-3.40279758959299006,-1.6902428280363988,1.61326550665577262,0.613764772140737769,-3.59738949083223902,2.05877765656751377,-0.156781364469232271,2.47477719796633755,1.61197461769064554,3.4493782133937807,-0.702175724706340043
1.21038927936981633,0.334656386982676135,0.580069230275640835,1.93949831039174136,0.68951708288525404,-0.744757318986575156,0.208719342128388857,1.94470241137865107,0.536570009944247861,3.33789914020649991,0.716697501820772631,-0.654195292789715999,2.48072611387506781,-0.425060841029215319,0.373309010645304418,3.44599106508183306,1.0140651202971287,0.0105692595388235944,0.7082298066449767,0.686946883940475317
-1.06705842409040841,1.99786304266916126,-0.747205957646276508,-0.315043194744886623,-1.03907872038610249,-2.18374921926037269,-1.81126945835895548,0.222714819499770261,0.0744455471536400182,2.15177486473282631,1.54116585125164884,0.0921242659010092918,1.64484832285797933,-0.130705765637530447,3.10358488214304229,3.78912584314342782,-1.15103128224891638,5.51818874618188548,2.78076810751893611,0.88645835480388091
-0.155762524511101175,0.538392708521744146,2.99163604062970911,-1.26067727471204605,0.139140173960922986,0.131340200268787594,0.0340170546026197507,1.3382090793055863,-1.38349539259017762,-1.57821955059485819,-3.48642305971114519,-2.04886405544321271,-0.677801164592155225,-0.718961413558059981,-0.351315399785704197,0.507001971077340685,2.71861325155933198,2.7092010154030266,2.41746602692532697,-0.926072919245782278
0.58567730352812386,-1.51876653949206419,-0.252211793461790179,1.15127792992957478,-2.01864352042141704,-0.905360251552914441,0.760842903287676786,-1.10242182482411888,0.715865434237169418,-2.0191840322996315,0.455256181780644087,0.552364087841121454,-0.0731096763473707001,0.00302135164339628571,0.0887690478543712858,0.558768246821831349,-3.36218933490360294,0.141500846058576824,-0.828525118949164363,-2.12774419610495835
0.984946879091066263,0.738085987197003468,-2.80447923120245735,0.341557757879207002,-0.286323380456479037,0.237048739755315985,1.99062564802089681,-2.75179133962437872,2.03493094361382099,0.153603713824131821,1.16451700426136573,-2.53799753518185733,-1.7911553220743901,0.884154602491444952,-0.364919594177034456,-1.82947254721173524,-0.00477159309742826877,-3.89395519058163941,3.7330372393831488,0.808956076163659166
-1.58602148297690171,-1.98936613307274857,0.593602915683131171,1.07305690595357506,0.412392999673726113,0.444635331101847164,-3.13241789465228315,0.942767246427327343,-0.125697282488223955,-0.513143838422335463,2.29438477736871516,0.563082173354057636,-0.0582658718492655298,1.55557188820106029,2.04056317766389528,-1.24420932781434335,-1.71995788291814633,6.23534208922154676,-3.82484787274531701,4.11097805889797918
-0.349774013707314868,-0.193506495562234898,-0.493154434860229307,1.84490999291082147,0.233923954079668817,2.04806690801535662,0.782886180094410689,-0.828193894774391537,-0.61894158065373428,2.14211855794365924,-0.0656622547222167341,-0.336878229105657456,-0.956682224585704288,0.596216306866221624,-1.72033551793216177,-2.15679759069304344,0.392539469162867305,0.260126014094198277,-0.489323475017983789,2.454505553910729
-0.203382191216172653,1.37929984226405988,-0.155085093454812889,-1.64764663363928165,2.53768706627777041,-0.44995579083687437,-1.33751081778693126,1.59626999660407853,-0.263477136112784505,1.85455677584433709,3.2454798469106918,-0.590383412770915883,0.26710433217295626,-1.77685081532133737,0.677159503954170683,-3.00078609255618645,0.561485397496266025,3.01371688814358318,2.36022781614985089,3.98249390575375495
1.51124428686477419,-1.26494999916228568,-0.174446024902146141,2.46212767828316892,2.5440739905473877,-2.35048182309482323,2.18506799718001021,-2.43655403841540963,-1.1509793528441421,0.431179909025194097,-2.03683896145497512,0.53721367024887734,-1.1046535301114595,1.07614243150607325,-2.31920371806785441,1.46373748179703211,-0.653677257868891748,-4.83402222049153885,-5.41180274959024743,-2.96554810283071779
-0.150994555959994475,0.177496274156057371,-1.21932895739967995,-0.391341349484512879,2.468108205181343,-2.39626206559050781,-0.968777283397064481,0.279770046647294768,-0.933619298777572992,0.862567666375920306,0.124868824355275965,-0.248893545647696529,1.35626513198311827,-0.0726764204461844421,-0.0446833289979138987,4.35712914900417125,-4.40832935882102195,0.415317354569757602,2.46758225450046176,-0.75432746625764191
-0.982237151527323826,0.535838606962077413,-0.384172604914962357,-1.35613979372755344,1.41037668777036895,0.440121813445104149,-0.000286251918845054955,-0.756391766509102004,1.09513799629029918,0.0238675422091914821,-1.30200329468876475,-0.301635855358711125,-0.0905572727414811623,-1.15730305454972493,2.65813228483721309,-1.30415582575473343,2.05703373125456501,2.07261810343754149,2.23372088200640073,1.47983605660616369
-1.35418725395069428,-2.14246228536532834,1.79405362682660074,2.32803712025682774,1.26679904086437101,-0.778991286937709138,-2.61654520183536077,1.52798457480052186,1.28163634916935898,-0.789458090557484171,-2.66310343102754477,1.42437554492635732,1.49042101035546759,0.0255308763517568815,2.51478250824946992,3.78061378656029623,3.65276617964963179,3.19006792013394325,1.31506135197916918,0.116955303415609405
1.92126062344290993,-3.22034517762837513,-2.73025934963967698,-0.593775013792928408,-1.53242827531991788,-1.5958569412659418,0.132983585069417515,-1.56805561786137004,-0.921075616714261525,-2.67951107793208188,1.13838207574015549,-2.90350663518902641,-1.27559972546088174,1.72349886609909375,0.837254875591078029,-0.885203086130073591,-1.23643786900179631,-1.89092367804549011,2.08565458952717231,-2.39132738225879038
-0.335932383605271168,6.22566785230347808,1.29985143277361881,-0.294542980621380901,3.1043007362885624,-1.68265285302536771,0.941066722906536257,0.718194560610435406,1.58474203778047462,4.36525309335736367,1.01043686983139969,-0.578244778939270176,1.11910606672386614,-0.731439189964024239,1.17699166153045143,0.676608688242201772,1.94008456184136868,-1.02446085816522747,1.32847450409909396,1.79043907454165585
0.0248397299474038581,-0.83365556611050029,-0.0575396141336059763,0.278762106873717164,-0.957050474617313962,0.861757408099138589,-0.0748517477007421134,3.06225369296941574,0.0104834092890522916,-0.947455392885003356,-3.16236515085582681,-1.47921527632165439,0.74838500627550153,1.40502039694199876,-2.30989234857586778,2.11095602160831941,-0.150665264019684636,-3.36567615976945156,-2.46058068349860415,-1.46527424617068869
-0.084658155140765759,0.0859348843435875642,-0.579280778099638738,-0.847052361075753879,-2.03155540210488761,-1.69357957280021432,2.31650112486637783,-2.71026697331935207,0.125133128969735635,0.989839393824377023,0.584738296397503188,0.649376470969780795,-0.613417696463013362,0.35054026676594896,-2.30709496421975002,-1.44882260628430304,0.260241379357723235,-3.14659536523235683,-1.3971353511959923,-1.33125676536373305
-0.319110247530927482,2.61993179501517748,1.54915921602028228,0.48339303197546879,0.312200823740660049,-1.86508897000570228,-1.25641195892280688,0.525351800721258089,0.546635676872633813,0.581389509621282996,-3.32105729238651293,-1.05210945126634114,1.09614798688701298,-0.213445332474277105,-1.02971319149058216,0.412414490011578094,1.90414102627992499,3.40991728335351141,-4.15214113959112296,0.0683822143343663924
2.09612682298717568,1.62534392886491763,-0.332174546149547834,3.14482061522337508,-0.547089606409041918,1.08090282759439149,2.58023406685218992,0.811685076044145415,1.59622753897674441,-2.22454743736586869,-0.532234187415545179,0.575513639429628188,-0.97517418833739189,2.40326524958083398,-1.09899544555933937,-5.69875281919272592,-2.33234680302300124,-2.75416642446460136,-1.59543758023644999,-0.387515610739542604
-0.0683048388954944768,2.68010597122567074,0.675607232936178748,0.36012434052250869,0.31381487608237435,1.31919026150957497,-0.497385979287082169,-0.70422961514394633,1.48918347772725301,2.00410502943187963,-2.34341549629054891,0.87549203989904667,1.10326396868947629,-1.47466491804273581,1.15508061584167132,0.485647832731382401,2.31415372280502929,0.400756670266045334,2.48307744588536661,1.12978716226926235
-1.13698495711189018,-0.604915768578753288,-0.896653873347344366,0.430732704398173183,-1.10271053891075543,-0.995666262135967539,1.16350691790375493,-0.523918567843108085,-0.471053560468269461,-0.669704719721381014,0.94207878660037081,3.86749792840264828,-0.682921723152053128,0.883052828307949067,-1.27401916101756485,0.412761485834840014,1.08347625966176708,-1.74481387561252843,1.06817759391464917,2.0680324580987457
-0.992292253054536832,-0.722293455030355913,-0.402450858321858729,1.12220100706458381,-0.727355584337285865,0.426725191218345901,0.131382512500336418,-2.05383964552752518,1.07795411079144055,-1.40276598527660545,0.195028646937925099,-1.89213617439548032,0.685979523934036162,-0.871759998634205058,0.260064121216986632,2.42066166199141053,1.74386991333959362,0.772136599812315527,-0.692683330201195657,2.51129245776581023
-0.0901925155443435989,-1.27224139265174396,-0.993598465561848054,-1.27188472521027629,0.933707291584374821,0.682154897363263513,-1.33816539705555293,-1.74331126713504569,0.584450763096403536,0.729002197921560402,-1.65674035878118042,-1.11176915453018066,-0.914440112366234015,-0.678278904794582638,1.62520577415319178,-1.33306647788155996,-2.24235323059076519,0.788481969272895711,-2.1394302687120299,1.61648590791335089
1.34860186847153773,-1.50892454589943315,-1.46216475546265445,1.37852507298786864,3.0351090873815747,-0.861834705910025978,0.808602998566086195,-1.89715304288321707,1.04634958411606482,-0.768028341479157772,-1.68682445804911652,-0.538588846296006563,0.768189028356734194,1.63764767079431639,-1.92840227786737173,-1.90391160873615028,-3.48996452863972362,-1.27975828991905893,-2.45509815104855766,-0.0575459495918187042
0.508405646319454507,-2.62212765579909579,0.144036020089625738,0.346361987295154772,1.85691121519089775,0.284356433037187883,0.652227391547157476,1.38051450182603452,0.783915521165608808,-0.296496684073595418,-0.564068359570045197,1.31501673641003025,-1.10726934597372706,-1.19345714019537841,-1.76599390934082123,-0.715495224665380847,-3.77602065631001071,-2.02579972108993767,-1.97577791527676783,-1.03559202925886562
1.32075257982640548,2.89309659223220139,-2.20006179459157813,0.364164363083487208,-3.72548656372742393,1.06289344139139974,0.989394635462470196,-4.78842783337764732,-0.19815201252530637,1.35790445385864178,-0.559355743771802305,3.77389828343546885,0.506477054180367925,-0.680972097201221538,-0.856754113565943887,1.1671887339527216,0.637657093358175553,-3.48533527306239099,-2.43715113119661542,-0.111078222240523508
-0.510808922466191029,1.00619307045295558,0.277738125905584554,-0.3143548659888869,0.367014094646550826,0.84345847835613208,-1.35731382961540747,1.16888407684109974,0.234382873168414496,-1.46357864973069973,0.823480136290900777,-3.23151918394256077,0.00784764178459835746,-1.4035688373652031,-0.0135488127674703134,-3.16602730422886847,0.476501255852351646,1.71447574049671037,-0.410705591024481786,-0.150782473546270362
2.45196384969968229,-0.760464579395107809,-0.548382348417963295,1.12762581198555356,-0.00600463384026802757,-2.30068644022743207,1.14708827935154578,0.803004376870009362,-1.94833915684413839,-1.26759728980662056,0.202468562128498897,-0.394869697453858193,-2.88661238319979763,1.83155683379934642,-2.67365520930580036,-3.71077986140984262,1.35635896753631258,-2.87106312311022505,-4.57598823399639265,-0.0375475472384120615
0.0514617008934725936,-1.96726473024975168,0.996866637670655531,-0.566089768519479897,0.535789035805373959,-0.561616422889901656,0.773605713614092694,1.43317292287362097,2.12014493624853984,0.155642508005616104,-1.39126750845427805,-2.10862067300036626,-2.40281862992780848,-0.000537429874226985908,2.09813058502465077,-1.05128890247886697,-1.07059185708877846,-3.12711588594129397,1.00091862616297256,0.682417213047533222
0.877962282901275537,-1.01106537700282084,-0.862681141497880666,0.392192081640106383,2.58822871945449018,0.765048101551533244,-0.0210624219352989195,-2.45201208784969715,-0.97014245125710441,0.747640712933921869,-1.35841921845426183,-2.03170920039647251,-1.31272217371210775,1.53400371867466334,-0.367831329657597239,-0.807067742579013037,-4.45561818338810323,3.09725303485513548,-0.570721715270947394,-0.788012860836836193
-1.05082649648829385,0.101023472915875018,-1.68785311766845347,-1.20253591439232976,-3.52580430998375283,1.57927997733818071,-1.33615213505371622,-1.39960448231915824,0.463497856316599177,-1.66569046396054521,0.75104256842316286,2.5892163075921486,-1.02453206323821178,-2.6536176943329739,-0.0468318693861077343,-0.0108655833954789602,-1.14329131621456725,0.0339234506166808808,-1.8331768375421158,1.92379508422411516
-1.56458218177900177,-2.41231660318986929,-1.7304897212011181,1.17833995621548437,0.0929751112534590585,-0.188561181452474025,-1.12843476121904085,-2.05607569783777233,0.342465202985350659,-2.12652818139724742,2.2483839079651422,-2.62653282191345072,-0.923816412561386913,-2.5798428278041019,-1.17799928293203426,-3.06068749173664889,-1.5896877144464292,-0.979425958966767651,-1.1848035428579331,0.200039199113422272
0.362190498884750356,3.00500146787303501,3.05236253567221283,1.24008873255114471,-5.33748621912767174,1.64089612867633194,-1.79613156363514781,4.22941325915680011,-1.69451597686290256,3.88906659823430667,2.15093428339650039,-2.87438561006139981,0.0660155827306349169,1.21952291304733285,-1.38563796811760032,-0.25715290677065844,3.82355020377858779,1.79004201467869972,0.349541784879678463,1.62516512104817124
-1.02569336194904537,-2.24089203290002947,-0.725765258252356049,-2.74348191463627433,1.46579598428697278,-1.24517713443942357,-1.15904714939413167,2.79728861473588619,-0.609306680883788698,2.18867520840491325,0.797616831153670214,0.55976770792291497,0.0742451630829689541,-0.508623234471568098,0.198695812049594717,0.305209043171826733,-3.47649051984214141,-0.54568222641110542,3.44327128488339662,-0.997561192669659036
0.248245349126363479,-0.883840240323473192,0.891915229014904609,-0.287865274477165645,1.63921031247982629,0.269707349795285267,-1.5043137989256461,-0.309808719408954492,-1.29733858296525661,-1.54270885636637667,-1.52270921605845899,-3.20755856159218178,0.808195804924687677,1.10701777375501442,-1.80402453607461744,1.34285825820350069,2.22631142011985128,2.11133440780533421,0.598869184316580871,-1.65304468206173616
1.85749977669313249,2.36167443058923965,0.939730881718782385,-0.349719684193040448,0.60657558188177918,1.02897842087027325,2.74016746904828645,0.368744754072655279,-0.376556576963091527,3.10417211141534777,-1.38546328107160877,0.285183279531949496,-1.02566989082103976,2.2164220071271612,0.513655068704750972,-3.60629551051244368,1.41402686744449069,-3.73506636317911722,0.61348515309138707,-1.17195312747308633
0.111881988116065437,5.05522535092452419,0.82488191277799594,0.171237742479181249,-3.6993667786600124,0.245578410658421176,-2.68334738039434173,0.855033844495567408,-0.017609966285694164,5.3398253798834725,-0.536494739069079962,1.45047845987997115,0.330779721384751979,-1.43170898906007937,-1.53886782050997817,0.190601184407885232,-1.43430255390664629,1.61356448720351975,3.99798412205124709,0.727064261533621026
-0.801340383497635478,0.556246056618115103,-1.32082584162593131,1.85521037607246875,5.33424761634163858,0.46576030641785654,-2.20100645378646886,-1.01598915093805031,-0.19500522685827637,0.812939777337666869,-0.405966563777217571,-1.33640745610534339,-2.05367202388249614,1.91593280943280453,1.44566815611198685,-0.123207216767776573,-1.99555858315104251,0.497279269454336759,2.65018380926897557,-0.000574444087287642952
0.794264043480144344,-3.95313112026312874,-0.682209360165321743,3.20520636668469505,0.0723620858980354859,-0.508357547433213264,0.977108521587112033,0.774721485356306139,-0.940651411266265836,-1.88287869315329393,-0.899438759228244455,-2.74197801617816195,1.03704453379420936,1.85543187868673853,-0.219389331521648023,-0.292879915260959411,-1.28111890765865066,-2.77665125729032747,-1.13460776109917338,0.396735461724327942
1.61359675218261667,-1.95911384079701079,-1.07757853045726626,2.09170532672047527,-0.413863552413476887,1.18350381615489852,2.24298250643314523,-0.713384520231339914,0.549514088650699395,-1.48494129469428637,0.317477562273169867,0.447332506280476827,-2.25871016432442184,-0.0729764275972260151,0.493662914130231834,-5.62802798566859064,0.50057397360879774,-3.61974152408722682,-0.320047265478692222,-0.787957247473381139
-0.397646277711405538,-2.66925608996996822,-2.32271891321610324,1.38320351623209969,-5.45535887893756932,0.0984491464485593853,-0.866916112738086775,-2.74563476512340587,0.196080300291245846,-2.85843568665374193,-1.96696220195069182,-2.76354975844362327,-0.530729152645828317,0.109251774521795686,1.57924279039265647,1.63453800266564264,-2.65946286070913596,0.773003900778209685,-0.350343731975101214,-0.930971494099323116
-0.511248508418140735,1.2160899251486148,-0.334559112323293661,-0.157862255113370931,3.12654493237657105,-1.34239771633733196,-0.369862446362301145,-1.00376618073333779,-1.13587023845062696,0.891739085972971246,1.19458779198994369,-1.66723120841446315,-2.00308628163570734,-0.213504360188597225,1.41406057239697969,-1.02829553805866047,-0.665017169731130564,-0.859452992171503838,-1.69761812851432281,0.263251699624931945
2.44572930948056211,-0.149501970773719489,1.07608679594703793,0.46203796906721728,1.44039298857557529,0.286852280243564461,0.640556250645987757,2.70797711119246332,-0.268004587366510172,-0.752306796544955247,1.25043603711314577,1.56812109274438982,1.36064598556198146,0.0688840957844149837,-1.4154030289422419,-0.727758155306426735,-0.429003445237393199,-4.79787978249115454,1.0401580811268587,1.16018343446287053
0.337231942028408116,0.49239363362804156,0.687589625341362032,0.0657493880442843182,-2.58554029577950795,1.61183515738954997,1.10560088418793856,1.6737515725400427,-1.14723045919719069,1.34605277368417831,-0.308987334073293984,-1.45220825064808445,-0.458933843654878715,-0.625914034507694117,2.05495080125387464,-1.93767808448149337,-0.0860063476954609218,-0.525936385859588573,2.7964497556460457,0.0197343754259445454
0.450742368020152828,0.237807677249941035,2.11378621646363474,0.853714709694689766,-0.822639247665385209,-0.304377722813675311,-0.378763576591059192,1.18127324988105054,1.80465480851819748,1.45905890351989243,0.786105311090490533,2.26488722917831131,0.934004668510683644,-1.17934113434202237,0.680211808974942933,1.83952272906796965,-0.148312840872181523,-1.28183432427961641,1.82297738022893441,-2.44538813908489017
0.272333486286963633,1.03778017702664704,2.10004774164461772,-3.62928600488715336,-2.09972000966568428,-0.558531697230510327,0.279565859137854311,2.27860288455942062,-1.51203807707398008,-0.601959409809681323,-0.815590014050963541,-0.234551507642000084,0.366464561805787292,-0.34865021076579511,-0.226815095801201017,-1.03283044283085346,2.45174164000151951,0.782788530722135945,-0.275830235527310119,0.0920738658633768331
-0.85457839093053567,0.294818732801646832,0.165514510781196084,-1.02788853508042455,0.533373432948483939,-2.26521655431865154,-1.67476265657823409,1.03169679408345738,1.27537923326336933,-2.99557022817926288,-1.78807740396153059,-0.0724746675725903705,-0.410926376781763136,1.98862080920380158,-0.294282180967353479,-1.50010611438888053,3.46478676741181513,0.999547554321581266,-0.38011895740908952,-0.449790770063682233
0.71182257487428291,-0.802098991514442528,-1.48354754641949915,-1.5834831750176781,0.567334269240373668,1.08173277306833793,-0.858907938449121833,-4.08239441280719895,-0.756279681980957519,-1.18499191067041054,1.88602347002209592,0.430031595880737749,-0.22694583379672531,0.502425220304106857,-0.21210648388297268,0.564964857697088263,-2.8074997094231926,-2.87097137583188999,5.38405708573781094,-0.728915440560027328
-0.210389691035290261,1.01507366779981978,-1.28345032040541351,-1.61402543839897517,-1.67798698489222131,1.25835119711238796,-0.433004878696820805,-0.877143112958648108,0.324855314437097586,0.566574817525610341,-1.86683324880735446,1.1049107047968707,-0.391950051881289119,0.30490965683356902,-1.23933378772841873,-2.36037320204281675,-2.77508945536658302,4.00528244527947752,1.75022501599053215,0.193435509194374716
0.246564422125460619,0.766752407270784087,-0.625287837148927217,0.871666843459638518,-0.546193012222386809,-0.531514436783773303,0.999975453426814043,-1.1195512152141831,-1.61443913258411298,1.41862198062900546,1.16046533463799695,-2.08035396093164149,0.534765008379862516,-0.589040309712653198,0.48083484494353057,-1.6363391610913498,1.35007505507875103,-1.46155066317290094,-1.03101386062371247,-0.597144516354897847
1.40959882527569147,1.53158623163497443,0.403367143333428324,-0.842917688388127195,-0.170967397440911578,-0.389546614932909319,-0.254593745866524002,-1.35661698826376331,-1.84948059714172119,-0.307235778980359142,0.99065187812107125,-3.2357126543922039,0.567462068244528606,-0.193473876362031894,0.294987619188291528,-0.977125554499839843,2.27448467868110127,-0.707688739769033237,1.59810716908158046,-0.667171692538360839
-0.469225678527493195,0.505269308095384284,0.645874288950102127,1.72663218843387534,1.21834166674066391,1.11145444086642153,-1.61000850000821294,3.08882153345913446,-0.74687323283512852,0.109381780519779037,-1.89024780371174228,-3.96670600421961339,-0.524300975859239959,-0.638133309772786594,0.248800939793106357,-0.357002893912998831,-0.677695483622464678,3.08530306676609634,1.5433401812598031,-0.151758979388365939
1.09596617192226886,-1.84706928883538701,-0.683753455663142606,-1.19137108342116904,3.6323202396590446,0.948432811322085567,-0.0313865019916155508,0.99615057945798513,2.02666735006553944,-1.05425170016109249,1.99706998724350449,1.94004920426099603,-0.129609291009715771,0.562225124699022305,-0.593020302338339689,-0.593245923926972618,-2.14563434912923334,2.57327612440627718,1.67271234718721828,-2.38734162499779412
-1.6171532684074188,-4.48545054325413162,0.105152081460708507,0.0845651840858756693,-0.14013282778626901,-0.885249953322565397,-0.615250524375146046,-2.11287494742815829,-0.0699889561769603957,-1.49521777752982366,3.11933459266378765,1.77982097551558227,0.391200860381141546,0.670361813324792388,1.85050149876514114,2.75514855423398641,-3.22874389064052636,2.69328557430591964,2.14492213257775077,0.926969978258807448
0.532880341759385368,-0.854136264191182493,-1.42008438790826808,3.02695383288239217,-2.99193649693066366,-1.31480654859924484,1.74038696471058607,-2.96824194487391146,0.634849657898290176,-1.86943818845427701,1.80542374100645531,0.861185290458534092,-0.93105650573828036,0.101735119160794696,0.785491495147491503,-0.618443487206333908,0.66316409880822913,0.242147434865296607,-1.27553488322838127,-2.31681192308691841
-2.87221891150236441,-0.991300985162644643,-0.682083985581499852,0.870881501806915814,1.05712213650032916,0.482668456151472691,-1.74204625261452906,-0.84726400316380257,-0.310441295850797883,2.1838798739139289,1.32588118775267949,1.29645091301304283,-0.564758300082379372,-0.629991663082838049,1.94069457628935371,-1.52824081249849675,0.197685164045751455,3.0024917734716392,-0.846832590685123621,1.25823137674832686
1.92725787381961533,-1.68866259361417059,-3.0769559114126892,-1.10605596478983381,-3.86156740031026402,0.141792379831103599,0.592863026319177422,-3.50874663344810234,-0.0498799073418356581,-1.45944731331556876,-1.41830557502857491,-0.753152413468202053,0.780136896821651549,1.10303616168322405,0.327027920126623906,2.98683054739135212,-3.80186529951373853,-4.28503740585848369,0.350028422615103973,-1.67156181487655897
0.458978012445839023,-1.41353714077549197,-2.41885215459026481,1.11013656290873186,1.10475503108264594,-1.08435008029558233,-0.3610098801452295,-2.28998368956736265,2.14380389361944612,-0.0353415397081406069,3.07139110067956933,0.0950024770441185301,-0.57520947246646903,-0.250853576742353368,-0.00200438555473327236,-1.34415113539747288,0.356916083322423638,0.858521595342259136,1.40627743733743693,0.716723100619777842
-0.0301017448997468219,-0.471324871794548628,-0.956508009902596545,0.904661528396134451,-1.26143156588109218,-2.09483619699027956,-1.08813413166233541,-1.82293190470900157,1.6294237789466961,-0.603129542261032436,-1.12604559151988481,-3.39329433292356475,-1.38802410261304976,1.40416340285016972,-0.474894336833568242,0.316951150684010918,0.00172468511404683068,-0.413899466449851705,0.554502248130749775,1.11670046895541075
1.4090296850448838,-3.45870956109531358,-0.751704065762810014,-0.0662383230220872643,2.52328879945547868,-0.157255999187884327,0.17398856582878916,0.0855349249147156626,-0.0234192940001415884,-4.96572100818633277,-0.503665563520563464,-2.54913823568211884,-0.0711860670078117291,-0.460413292598772339,-2.36757994349716228,0.00527445297547038741,-0.935960018393172,0.342499000632220885,-1.17099324905406643,-0.782771194082663269
1.19957819834746959,-1.98448147901566374,0.177484492753344325,-0.686459176717836073,-2.0035006099642545,0.490550697523654378,0.591162308353682442,-1.52670679690768818,-1.14336387041401966,-4.1411192982629208,-0.35876851028047102,-1.89513806475292013,0.410966159038194889,0.312666480468353769,-3.68054089907378623,-1.98684391243425429,-2.18086348183933509,-3.63558826827613579,-2.80175050916448631,0.513857625687247133
-0.610697068230261708,-0.889816574099458801,-1.12646078016680451,1.21522932302586484,-2.785480959965974,1.42171310727555134,-0.807888350550487133,-0.621935924469934731,-0.118370558750360816,-0.064350334450260116,3.30517811349587687,1.53577227224764656,-0.0922186114061725598,-0.687013301196262138,-2.27448962719091208,2.13749850504362282,-2.29955202075124543,-2.16190725871892298,0.636401610217158242,-0.0471617480118626323
-0.0223928529384847738,-0.133718712668108947,-2.28434943255840128,-1.34785257714118645,0.238938273803337237,0.447073302423406038,1.72145835025343263,-3.21801185108197307,-0.786899825447335721,0.354210970572881867,3.68592037230763614,2.27305898319103017,0.343361827886019988,0.534764384384780023,0.461969338322100687,3.61354604933032331,-1.79033347739198923,0.513706771633138715,1.08710682564295968,-0.209639884970225093
0.852414916921055976,0.0721733074315936696,1.82263069514722176,0.209556203182771988,1.05360419672005112,0.222642689570548141,0.336024584697381112,0.931268483085032739,1.40950251418556882,0.469133476375005354,0.459188998197834264,1.16215490635923624,-3.8798402834456045,0.149678381282717154,-0.177284655371988287,-2.82503295967767976,3.02177760915806148,-1.28278118468941904,-3.14046629570622127,0.443377507208169264
0.384427570896674842,1.31862392805001827,-0.477793978151815901,0.279201721575405959,-4.41124359110829456,-0.0625088974318835922,0.113620255858223967,0.846856952266760832,0.290857128022248557,0.906285144600991965,4.17190476658708498,-0.0795003888282568433,-0.308283124208221626,-2.44063371804775464,-1.40214386166562632,-0.510356805262539237,2.12921142210500802,2.93818461080414517,-2.44294306303345676,0.629321568666474707
-0.519492022564657097,0.931328929136397199,1.44221184722414852,-0.885119086169210756,1.95732604963677526,-0.849158146051044116,1.20000251965568761,4.62684541624884726,1.08956255565000126,0.574467290474040326,-1.08543530290742241,-2.28781999500183142,0.836103365150898448,-0.0202063242625038601,-0.937059278100450088,4.56302796543797395,5.06058974994159971,-2.29449437340087892,0.133901646906879279,0.394398891673682417
-0.156726083117810833,-0.393659781293351718,0.984292178912472449,-0.67530507882061519,0.107216571466685159,-1.06212078869987869,0.192142844863087692,1.14641185438124804,-0.411619784937412414,-0.376505764799195231,-0.539226097698622509,-1.15698067724713605,0.96107590421467648,1.26196662234061163,2.51906000270945851,0.351933318329829548,-1.62996423032963822,5.02453952668584858,0.870986773099866274,-1.55221477677653619
-1.50096389905982108,0.765956949557163536,0.233796221413166111,-0.688594635133872757,-2.1515262825754351,-1.32825524081603685,-0.814539321003344585,0.0770265595828489025,-1.06943071497326803,0.919220829748597534,2.46026695537369777,1.73256779769867952,0.161602929919630378,0.410472199060383403,-0.549801902538754828,3.49156523987505985,-0.721506837157705694,2.48336156345947501,-0.557648759987376286,1.15060133076134563
-1.44146612242330407,0.00800474096255671293,2.46457759173393587,-0.235363555909694738,2.65990165896897812,-0.0351979264723559851,-1.92390990871023004,2.71342946928834561,0.506317440416434894,1.45309608399366263,-1.24578332913242096,-0.00707478688592689392,-2.7817491121579816,-0.354795153446262446,1.05240710939397886,-1.64674720501246608,3.64125033214171623,-0.529579877293314349,-1.57721232358861374,1.36042948090811611
0.307119763082665476,-1.09107380864841819,-0.776977051739624169,-3.65138324950612292,2.08576691594096042,0.304494949811709548,1.43549081474857898,-1.75880674951452853,0.141053699585087927,3.30700019170020498,-1.24876663042981462,-1.2595623377525067,0.918656255217985662,1.09342919478913325,0.0262120528560005721,-0.400834357921651951,2.65220236264219889,-1.27156559166928473,1.58737090277311022,-1.26549993391092874
1.4864387199729816,-1.75305035345391391,-0.285760498805314345,-0.000806464506688679196,-0.49459559049307239,-0.950004777830058988,1.88489736753566217,1.98651165722962642,-0.787356945789588814,-0.936176402483719472,-0.0965732650851112429,-2.07837717411169853,-0.688764021678936689,0.661208794385054199,-1.00700455470984784,-2.44580434194083063,-2.30057691108915874,-7.30277489702594806,-0.919368382023765252,-3.99742933578613613
2.65327426416051892,-0.988877314859959888,-1.15002143885968811,1.06072161022388145,0.411516402951720373,-1.92100168578503983,1.49994722526666835,-0.921970381673958506,-1.04361797597734318,-1.19978118509164777,2.48221943587473204,-3.35074486616486,-0.34352660651909489,1.08543252999980844,-4.01840133379502795,0.959999562089988601,-3.35733896167639845,-2.8021363994872277,-4.32603839653219424,-1.71526392524213067
-0.517819798831180123,3.69622950781857984,0.90183332677739847,2.14803592350665262,0.942334195527150031,-3.0710454935616065,-1.08197069844160421,-2.1577636225784298,-1.35891297791274979,2.37883607004891973,0.143338309842372502,-2.20889685979779005,0.401581193834628591,1.040844297180612,-0.295456742107613468,-1.64700406077421024,6.13083193693784878,0.301678504908439338,-0.712945723194457259,-0.250362193334443539
0.0355913182037593742,-4.23664019210619003,-1.10342740831691755,-2.90215039812450426,-0.959469560551691747,-0.665132437826387424,1.13739529245491533,-0.072004069635156695,0.535702083447690214,-2.6818537158888418,2.82238176547616337,1.8681710735195467,0.269764404041256178,0.0599206083154424432,0.668167598023821085,-6.20883863353742527,-0.824120826651519756,-0.127289289178239978,1.69776357207841655,-0.434711261533393345
-2.37181263483930627,0.371172277671397544,-3.2312964239429296,-2.18228126517174692,-4.12757716782463646,-1.20000453011946884,-2.48345125357432206,-4.3572734494810943,0.499969773793421224,2.11639131631508137,-1.87570408890804474,1.75092349928116064,2.60023657623307036,-0.845693137730427535,-0.722866545340754896,1.39788576713055446,-4.65200952922343891,4.51443612644841963,-0.452680835066439635,0.334694285624579091
-1.05641974803397987,1.56440778612880016,0.190182718985842159,0.617876383903384174,0.687056953167983542,-0.309598317705984727,-1.22854248292905033,-1.35230940247953035,1.00030882400202659,1.7925473173968216,2.15500833973405737,3.53075738413338458,-1.16567243300899914,-1.58349019234838018,3.50103282071736555,-1.26321259194739421,0.012701543323102674,-1.34855573569613374,0.156316347035157593,2.09311079806132971
-0.831874220279718801,-0.722669318699649121,0.591351616820982251,1.15041844216323197,1.12611421584590321,2.18511118091700984,-1.57583559817288066,0.627232248899998179,-0.709243094213057645,2.26884118084522113,0.840063582630680705,2.52556991149305521,1.26519284453317149,-0.728331707215007285,1.77849325956643556,3.68968762974115227,-0.147402828964386251,3.58402546188922155,2.61706819422401793,-0.419743030905865899
1.89712361797514673,-0.242688889809335395,-0.448204227507735087,1.29132648058104338,2.69841461086948131,-2.32254331758401422,2.74000487985003716,0.219036397001869665,-1.15889725827304479,1.19904433758592566,-1.27536530960744265,-0.373435333785990753,1.93699373227068716,-1.70595061917937851,-1.29082382843502552,1.01587666240544872,-4.13070747064397459,-3.6779676297894488,-0.652791656335866999,-0.777982137587378775
0.208547395878113884,-0.46136625399215464,-0.377537035277065003,-1.12742013275180231,1.96215217733420788,-0.391729568024777985,-1.34568563991128154,0.882622079102882928,-0.94211589434787002,-0.863273353017518286,-0.490256418457574283,-1.90500648178532184,1.70287846416058963,-1.32962212070329877,-0.424743749766260115,3.87475966533307092,-2.63579196776644364,3.37033237716063239,-2.0303473106865253,-1.76367304494958832
-0.669527519414378491,-1.96062856130395691,-0.631302909344834684,-0.133934143678004797,-0.271154870376172641,-0.301281718425725875,0.202261297653259703,0.911547465642638,-1.111486375541753,-0.806559594764842291,0.213819526499027551,-1.69383850932634661,0.444118906307608918,-1.45358388184449372,-1.37490557784525436,2.17917410273256618,-1.85891434680993362,0.84593600534240887,-1.43607082698767274,1.51790243527702895
0.966639410872382809,3.25706170681169072,-0.931912150969612996,-0.142540117157240964,-1.76943154357875976,-1.11152480427192057,0.560376415627286684,-1.87871307336099669,-1.41795836120696306,1.18340736179112249,-0.985424986024771909,-0.496264043418376044,1.89449919431413494,1.97414734576160766,1.49689808685247727,5.14300248346618982,-1.7104484927714827,-2.4304788933779915,-0.383674407794278416,1.45019114840496255
-0.896804717284758857,-0.0314356431097974343,-1.75517790613311897,-0.345361061941204972,-0.106050312876737246,-0.831803559335518194,2.30180986994651393,0.12130256404956645,-1.4548963169839928,2.93130235475108281,-0.479118191913970759,2.95724998067013578,-2.21768436972663041,-0.0555161028375854154,-0.514086239265440614,-1.42555727027511159,-0.170636436356846721,-0.48647919043987764,2.35454907254766965,0.0855502799769203015
-0.193136403158624653,0.846213759544080957,0.415899429262077736,-1.84091762790983315,0.942494992891506178,-2.19119060289756273,-1.4757747657268141,0.834502412059907828,-0.702830859943335495,2.06663712786870502,0.885847907880521035,0.625265885700082791,-0.152636097901145934,-0.567130256780291608,-0.576962318197556501,3.98711612972392881,-0.297157827009214781,0.629679762245053731,0.557879226476909462,1.89306662008668969
2.27999590366801819,3.91876124615270438,-0.0122081515283812003,-0.698175427782302682,-2.39090613737126167,0.384236377239612958,2.55294390223161871,-0.7313199015408689,-1.14165538935636857,1.67531482244602659,-0.710322434310700968,0.979130857368132657,0.843355663628318597,0.420927264573266402,-3.36781019354090549,0.434750200844560675,-0.83889627572935821,0.655793446890653664,-3.97596857397811254,0.0183962590096702593
-0.565524436993813051,-1.78684137420579581,-3.60670075491983955,-1.87855760827889684,-0.959884042125789261,1.16939301367036141,-0.832649729050003229,-5.40651526722031228,-0.835585264458714394,-0.71565855496128572,-2.69454321181954581,-3.56668566164252843,-1.03076298869765837,-0.310100038046761728,1.19663201588260382,-4.39647973429079553,-1.76198913340535679,-0.959323824641928113,5.24255068261439394,-0.0253396105745869356
0.4516569436463444,-2.69707424633372161,2.67171433740963415,0.724930106095893589,2.40645563190633327,-0.687143687370403322,-0.36996307223285696,1.52680886951927541,2.30750029618813857,-1.78248288405452082,-1.41326801656664935,2.54658770782074573,-0.777890513610761447,2.57248128113689756,0.818419674536263297,-2.45609291879801939,2.48465251007208643,-2.60398534507881552,1.78075757110597821,2.67735281146708282
-0.237486603084184261,1.80990737651039546,1.34494022793471601,-0.165092295228839198,-0.198430650217103932,1.02970469414059562,-1.40436193296097911,-1.51142486945089272,-0.238112981312801786,1.05882191307581719,2.40674860315803141,-0.338858150811912562,-0.954990379898513986,-0.628024665966592788,0.233256143213301931,0.766541358357910152,-4.51403929956504513,0.174733242341965439,-0.73294286184918489,-0.518379203067042771
-1.91275511348441141,-0.138893647890686867,0.156781171178248913,-1.51425381009382254,0.709376932910566471,-1.17107531424544531,-2.3460315225861863,-0.431121300109277072,-2.50889344104879664,1.35893442194944702,1.39299748319409455,3.91069977570140992,-0.055011809511843035,-2.38642212916837293,3.4305175189728736,-2.8108923640961998,2.63243122940881724,4.19491420918406099,2.19629003521742527,0.762429824849390592
-0.245731696752218759,-0.296532664687111536,1.07798312533902663,-0.0618875992172621264,1.768669387933542,1.31345513964704597,-0.463721892696462745,-0.362995088058117976,-0.291281853235671073,-2.66403575170677698,0.294133505396295181,-1.1403186284046618,-0.63548860721716105,0.919354566496194958,-1.62335449064967863,-0.0852747958837876824,-2.25943354357365278,0.757877571934557515,1.14079462793256048,-0.163032316286828849
-0.629485278339618537,0.062372488964807779,0.909222199608050952,-0.85058603193401916,1.02112804509871813,0.551415118340164323,-0.311585602327763223,-0.230488312295354297,-0.133826716131355439,-0.469531600761023238,2.53087743900768736,1.30460595771779198,0.254829901104267509,-0.508817094380149104,-0.982181481855834093,1.7785648887145169,-0.530279144579757222,-1.21525268532227471,0.481777209754740032,-0.76609734291828524
1.40765368231714039,0.0268774184485469116,1.55190304658991041,0.220133039546409309,0.184952005831165167,-1.22813431019601049,1.17251191349407047,0.962253110951283297,0.873263045152033235,1.1800249534427214,0.861027421375135771,2.75613475290369836,0.786565840425540563,0.301064092728936583,-2.76346671659746868,1.00306588584704826,1.66958365813814447,-4.98435497865953536,-3.90809423328967132,-1.80018854038682963
-0.225022036658782343,-0.307263382713108824,-0.249706905902181503,0.913276840904902576,3.15150240367890433,1.04616494987848752,-0.0348620946475432375,1.81049500492463578,1.32705628064870962,-2.31252213531912476,0.563115505604813715,-0.51286164813212165,1.51634098398645989,-1.8314620531988588,0.0426811240177660325,2.31866537295871433,-2.51754846366939589,0.731503748301682633,-1.27237591648760051,-0.365774486774655072
0.706132277273218034,-1.40329333560262892,-1.97045943648451383,1.6126490257704813,-3.23994270701496445,-1.35658674504486743,-0.0794570175369955084,-2.42838001774903267,-0.985936012398839989,0.435397451382536493,0.358563298302599642,-2.88937134327113876,0.653766183242383114,0.130700928743773481,-1.09676027668774667,1.01189381114049404,0.157514230159421925,0.752418574219045011,1.4253148978281347,-2.21052748493674933
1.65045962226309584,1.69927349733823996,-2.95979254550664717,1.60788608039480962,-0.819456817411490235,-0.92279538901212288,0.674014196059930071,-1.36104630454159303,-0.865660367335840397,-1.82256871479186211,-1.72044182721423855,1.12963522724561827,0.0253472236848901293,0.252940534080604074,-0.845684336054340124,0.941097431638102,-1.07293175909602923,-1.0176346926585087,0.811734693253494455,-0.438938977675938813
-0.466722012552489851,-0.182575971835887835,0.594895404088343294,-2.02240167792501824,-1.82524294026261624,-2.80304281709925807,-0.104427830366923574,0.831939867980930003,0.571624862695302105,0.925730908941376773,-0.722759507587084182,1.30770059101724767,-1.14046591565122979,0.772042464521930261,0.115792203670749771,-2.1583301036459277,3.09469662800679535,0.125734795577716968,-0.160155653786979019,-1.00509132285906966
1.1439134256117196,0.224235683282041409,-0.559046952439966049,2.49984864575818122,-5.23749542970752557,1.43293838435012488,1.63808629746316758,0.625844778131085966,1.86070121147689727,2.28495751552909798,-0.0255444569289655678,-0.237461231456057492,-0.0147540221217210121,1.15306216215127577,-0.897300074140552573,1.40654920422324214,2.21423143385399523,-1.40813205824127818,-3.05526193956787306,-0.99115957460481785
1.16661001635625583,-0.877086258925116491,-0.262494415785043733,0.237534774468297322,-2.79080439248686352,-0.603919123135240321,0.344371700359123567,1.20812497494398241,0.419251004242454095,0.605174529086600965,3.81019426260772942,-2.1554895216576071,-2.77066128404333156,0.484907436779668854,0.40462821567374363,-3.09350494439711055,0.140921278058637661,-2.23809912734883909,3.19359431890470669,0.261689676476191513
-1.14528029870543357,-1.24173086596998572,2.28339843686023736,-0.247055174190372956,-0.262088752985242757,-1.52960767023979649,0.166527369415545662,0.253265160555222468,-0.468144898157053568,2.114644425669852,0.462281287100800964,1.67015944992225163,1.26368636776275034,-1.464769547141755,1.54132960615375736,2.23238259286310825,5.70665050403370078,0.0430359484805357892,3.21545755116029186,4.30501335631607596
-0.533560649857952152,3.28444168931423519,-3.65857572112512619,-0.702251111854852894,-0.96837971698738412,0.398150200680793709,-1.36412206443029316,-3.40165587422981774,1.16579060006577673,3.43900216361291333,0.950537494323172027,1.664423326279592,-0.669101738811876956,0.579115911813698592,-1.46714786994061108,-1.08004151272503757,2.17580289641475,0.838588440195458862,-2.43566717807516619,0.393402342987377363
0.953510070536311205,0.547839947769583113,-1.65986368743743551,-1.03711186130129351,-0.280132095591211161,-0.089581433878273678,0.982236757521095849,-2.15478215974922405,-1.39024942756418568,-0.124728217025417282,-3.02268960451579449,0.263811981288259279,0.591473475305867913,2.74920722317482413,-3.10992419821190547,2.07756027472327442,2.37538057826744797,-1.80952862873820397,-2.14870730885101535,0.422398379332220408
-1.99200408992362576,-0.986023309834054729,0.464778703686433037,1.55741910484643409,-1.88244641080457908,1.79035578851322663,-2.77357958828358742,0.875968531080047241,0.39394236729743437,-1.67438471987941018,-0.999490472997723867,2.255429530248652,1.10897760471650031,-1.47482923170868263,1.79849505711649105,-0.936768634148446022,0.632582113793984324,5.67230632446070082,0.314785237642667914,-0.658635278871074425
0.0913250068499541073,0.110875165692474409,-2.81700855915398041,0.469098079242068755,0.794168050165987127,1.49055629220150743,-0.501762446068848122,-2.20410652266335871,0.136511984793416558,3.08487894677228081,-0.947031648957202155,1.80373639631551574,1.29813290736242215,-0.725169937576010448,-0.853550438388454902,-0.153841925648113415,-1.33795335081689259,2.05266048380372368,-2.99507661740144293,-1.89618276597818358
-0.766928033928711006,0.836149889543961189,-2.40323888519827911,1.14128561930560024,3.76241738098368472,-0.249909772539561453,-1.41382585619920476,0.87883909762711987,2.33546685726622805,-2.14629139718912443,1.04530114210095593,-1.29928011341086336,-1.49925520711945226,-1.26305774379174585,-0.271241533480482078,0.422429782398548004,-2.5002001181670308,2.46041324313727472,1.52907902830714026,-1.63003577401113331
0.0951260328966900687,-2.25402934647132325,0.114587012478488015,-1.5968657586723094,3.41323052869233035,-0.784727798035638857,0.310687785658637694,-0.518275333565158425,0.340739004888792052,-2.61219594237023811,0.542161801627696005,-1.51571020720675365,2.30356313731436657,-1.59928723847071086,-0.249822111903215793,1.58815851925595042,-0.353848193172597525,1.41395649445836313,-4.74475557117273805,2.35003313277435222
2.72021537534286306,-0.158214626618464776,1.38634349996261474,-0.030764426078594035,-1.68478324005854385,-0.817064696092301146,1.50880224532690033,3.30807299971269275,0.52621036067230631,-0.372299478497486735,0.315493219187546581,2.42896447482093825,-0.542349821301223667,1.18735831052936547,-1.66334590998999632,-1.38253195055181632,0.5646205252999007,-1.42611054342957866,2.78296971729420317,-3.76789148438125654
1.59504572034994463,-3.25787748694909096,-1.84180692675114654,-0.320943380850140014,1.89089577308803047,0.97612562922384416,-0.00760514620239371043,1.8749135492808362,0.581570956185288312,1.70671495915893501,-0.676924075482122301,1.16698778909253509,0.587730155215597461,1.06785881360226309,1.60608279212452021,-4.24488441958481477,-0.731046033584387245,-2.0640628320538128,0.411464758456995816,-1.28434161705314387
3.08319468850308187,3.34551397010848151,0.820077100685413174,1.54443739178097039,1.96916228848348274,0.44342254256855379,3.40942071743017694,3.1943985720267527,0.457216187530473495,2.8461629868898366,0.861969039503011736,0.0656834484402404745,0.546740396548175522,1.91647059727160696,-1.70352973886772974,1.81434893884915227,5.48571767614075867,-3.59736363720426366,-3.89633046067387001,-0.979085545385205425
0.740335241000156907,-0.178998088605750172,-1.3937290706101948,-2.51633832144712466,-0.193509467667727308,-1.61098499231816716,1.12184165554255078,-2.02189034887011898,0.743734710955754053,1.94384637145744721,-1.68670052817449134,3.46385193273286651,-1.52037742744461424,0.647989598035242698,-0.61625886742279401,-1.03066781841869148,0.413949648154978145,0.820994461010771559,0.685622763789551781,0.15889757795650078
1.42386210269927549,2.61531259744588107,-0.252500000868274843,-1.48155318660238566,0.675148037235526077,0.94935569616692228,0.539934427377852688,-0.293057462040384853,1.70700264448448413,3.83012685330990621,0.595656241580895363,-0.556620451219106194,-0.461051196194252055,1.3902102230473854,-1.59533298595371731,1.67464278549857615,2.20094113875146924,-1.50364919815650633,-1.31043451962180391,1.73346314239864419
0.168715093741743677,-0.618803314414773653,0.93862608514262369,0.755274116214048941,-3.1777567108913285,0.405290615664831377,1.05867455825879264,0.546700321781534271,0.0161622991652283776,0.550193359508137525,-0.255124526992814737,0.495085074443127271,-1.12126455698029526,-0.087006008645936217,0.152496067685248177,-3.1466888355440763,0.747187778906811872,-2.85655054537436337,-1.86575236869315986,-0.0901151863132537423
-2.06007145189506202,0.370147165283756741,-0.594307578808254355,1.03083000836357397,-1.85040125033691738,-0.875789487919242604,-1.59444624347551889,-0.258647399852636184,-0.56843984259935787,0.0747532360056369638,1.28532135163214445,-0.802046669712021432,-0.280067581757077411,-1.45149418236792438,1.47101483265729471,-3.75041778808618043,-2.54254945795524812,4.63103650483330487,0.321659676549805595,-1.4227090378186682
-0.661261684510899173,0.174990813592611594,-4.08322096407739732,-0.436500098753452415,2.49866517687786738,-1.33916389023223292,-0.269341813108914363,-5.14118273131229042,-0.339060536532513557,-1.18179061836135446,3.1425155927186994,-0.110032838565581798,-1.37310401803223359,-0.283901101096744213,2.67571064681900594,-4.28005141803323497,-4.39312258825726332,-1.17566361151905507,0.858684711043772642,-0.508033800636983557
-0.358729681087083196,-0.751703742403832309,-1.00209110491789355,-0.562422651614045144,-0.968140583508556474,-1.44925173179690669,-0.732197054622488852,-2.30345055484310945,0.531624007649687313,-1.19650709195490923,-1.09383318988832912,1.21398053837474929,0.0211695542708912367,1.38857955090401575,-2.53942767839672445,1.12428113761156601,-0.223992971999209228,3.40968611439280833,0.343665988658002353,2.53928594689089371
-0.00828607563155011641,-1.4851703627906252,-2.38535551431750292,1.15835231507817826,2.15048620163145365,-3.1757931507560051,1.43296380462096518,-2.28512232960540551,0.472803182729296778,-1.28464391812515055,0.71415451705452293,1.0468859390727574,-1.33982793082088847,0.651388374708453788,3.11320139449535249,3.6468047268602235,-0.0862327260579041355,0.354318782030074608,1.34923740968748995,1.07025162747482994
1.31685781140761438,-0.446356381931394541,-2.17426852465407716,0.21196464037886445,0.66954237007841122,-0.423430996310276642,0.674028241073545531,-0.799940387384057927,-0.641480186575839051,-1.31489561532864041,1.13870491288493625,-5.51094020791432992,-0.0502419703049406113,0.238609274499082119,-2.25459273006060412,0.192634498959966982,-2.62321413407344917,-3.98296922548703991,1.49582971807202969,-2.14024332580988075
0.126222766272826664,-0.987088319000686942,-1.15771264956081676,2.53174207299990783,0.869811742285241496,-0.911633600142816691,0.374156722652782825,0.768865136942511462,-1.63528035830141683,0.686077366679383127,-4.66804688588191929,-0.306792259873659878,-0.205826444264529229,0.0582716648500825052,0.628703689795087839,2.13764903355551494,-2.52225319696114259,-1.1417592248891768,-3.20337270561642873,-0.852240090276185636
-0.611218449547875631,1.96224074926465453,0.818284667540710831,1.98826434141616915,4.3182505626580161,1.40857848404200281,0.35600905575426206,-0.396784358752903354,-0.261181692245054498,1.85042112817137494,2.093656358543726,-1.4078133806178641,2.40412476528097896,-0.787471629717876764,0.660357449539287655,4.7870367907988145,-1.93222660920229417,0.446745415910230093,3.81295756547320863,1.11566296367605267
-0.430330077311835701,-0.592489790615524203,-0.593014987800172255,-0.261610096126073832,-1.21245943685859858,-1.18041690589559223,1.3105805629309395,2.39838672621719073,-0.899305904347553309,-0.733208482526793492,1.05396643240697263,0.554006174127437134,-0.251548155667417395,0.945403638297929949,1.81243498931474023,-1.9042193359764219,-3.27482662337111297,-0.389245334848631552,-0.502715651202576996,0.628358952908606994
-1.70629921210998692,-1.21561747761065764,0.54844878155952359,-0.700914651318190862,0.49485760116174754,-1.8866968875799095,-0.682599924498235699,1.50976289333197644,0.258586593319661162,-3.64630891102180676,-5.46093701922883223,1.40057020493385731,0.802362568055962844,-2.4002395751102843,1.2393445358244235,1.29755859448250876,2.3078878296613361,1.36365501207089235,-1.23566362493384374,1.43524802003562857
0.544070051859914861,-1.58038551065985078,1.18584471739340769,-0.307888550932167326,1.63676719750587307,-0.1315482003512079,-0.0625268936533407288,0.247999886304085621,1.44706792173086041,-2.04983021969849766,-1.66763839164810634,-1.34710692769195184,-1.22667967908060249,-0.932453613780866886,-1.02185838884905134,0.306343325767495178,0.453240880704087246,-2.64157648724155436,3.381044568746157,-0.16146151085472718
2.46413916801429789,2.762662966734037,-1.92170565375707825,-0.618992460334628625,2.72902296038661962,-2.58038778302313432,2.11613253294717651,-0.0815052382150969618,-1.23546215584801522,1.84390373643815875,-0.682900020426907672,-1.66790960796348076,1.0422362025066596,2.30818243223413955,-1.04838226308375027,2.17808716161674321,0.0877837371610887401,-4.38456141448023295,2.4871758099654846,-0.568246423817745261
0.574523279647882301,0.21265750788942886,-0.947912693011721985,-0.615950673363028223,-2.06853993503440536,-0.687204861112761356,1.69189877103369124,0.118392655430445137,-0.155706175815503278,-2.70674688351395254,0.922417258188061862,-0.835798441390561808,0.621409774268444237,-0.863436602545918475,-2.81579538892927816,1.18331230616196814,-0.614843033820214324,-3.52092128733940024,-2.07311015727663994,0.429346235495909945
0.305588489154659249,0.995713463483200778,-1.01678440411728066,0.474167961225303303,-0.417211837686785103,1.98572877457529295,-0.631455880661337621,0.697804606937928895,0.787493986948159974,1.5320442936325962,2.24248123919206988,-0.748044747490834272,-1.57842555677237129,0.446882928787916245,1.97748098644318104,2.13524690521706928,-0.872900362375096717,2.93534485226223074,2.40937349706919868,-0.483078404807522843
0.593414621836752865,-1.85809511217886558,-2.08253517844340941,-2.43494710039890272,1.41064556046672518,0.376273263054497487,-0.238375997625330377,-1.88611149366674025,1.80115817532982603,-1.17513601846419435,0.323091435758815659,-0.13287739104764576,0.285367806211344832,1.01763739501426986,-1.01515510641741247,-0.320318193172493659,-3.0930938723306336,-1.68112434015109535,-4.06926213383664592,0.890817297154681831
1.20165625192450554,-3.25632752968292927,-2.06781354683771479,1.04742011303423244,0.359020294383328054,-0.506693656983326246,0.187480101370402386,-3.83777413160347969,-0.855134208554268582,-0.347356283413301437,-0.990289019447483487,-0.337291663795047325,-0.297888394934033407,1.01294794315018333,-2.0283994966479475,-1.02569849895817433,0.211712940054530979,1.39311378618456949,-5.33030395023401571,0.352965152660926595
-0.593194081393988326,-0.0748677272526324933,1.20171616910875256,-0.112269502870659607,3.08080909468730768,0.171678481828971136,-0.895065285279929679,1.49614878585570321,1.49388282085112745,1.55718339776708059,0.691122956545258793,3.15731258395600767,-0.0578082044163584774,2.75071389097879893,0.852249495229621901,0.23161377788431789,0.237333362682104698,-0.0836348473527719488,-6.96707665214820526,-0.630139605618922904
0.333238174513909413,-0.529036257796781539,0.235207760077819572,-1.55514820330818671,0.351320993429025563,1.97692318238342124,-0.473851622503439707,-0.377209345238911808,-1.85338702494403251,2.71566216229337209,1.97927501276226603,1.42476936971767421,-0.437460888479058119,-0.134443349096125542,0.9669544201195579,2.33412442959493394,-1.79701660407502861,5.51227521347820471,1.27826003243224195,0.0400770168611388755
-0.306423256983064218,-0.544478408819771276,-1.02161131542073136,0.852431531293840195,-4.34631044090528373,1.5825738683773285,0.212458370297880894,-2.49102898028165498,0.17694193583384521,-0.920145336982921225,1.76931860200960123,1.6021813085493779,1.24210460948749435,1.3789549657528295,0.0717349024615053371,5.89381394964769711,1.44083113713710254,-3.58040109544187102,4.05630705652360923,1.36669897567881371
-1.30568771585583532,2.1950273287866886,0.209897004230945483,3.31217623045802201,0.451529712701137065,-1.44023031718938888,-0.423821016710488385,-2.31553566907731456,0.896090803719460371,4.40230038320745543,-0.682928514564418609,-0.0336521210434151466,-0.930273808807053681,-1.38248288278059817,-1.0436909131401908,0.294769632428332484,0.0649769502472786337,-0.699911469660471242,1.70053194209602454,-0.645014208163783187
0.579239658408838176,0.982592192959881983,-0.732879085256201934,2.7004106792040985,3.78546303680485607,-1.08379016857824584,0.20132589226221112,1.23175559252507494,1.27471771326379235,3.96830626110000573,-1.05500497803555349,-2.03560707171972854,-0.224037147756448701,0.584952093970408149,-0.798805557697493951,3.73721105478885507,-0.277033942962491397,-1.70009348292620688,2.15792479664272641,-1.67298615662636463
-0.98854439695286167,1.79722892799128631,1.50109150029222294,-1.43630793248602506,-1.03412007294474662,1.51406696468786084,-0.0520525656348374069,0.822240474980897584,-1.0249251708350986,0.428787699396825539,-1.37554552749085546,-0.949888112546234842,0.499921232330275467,-1.5627749700510154,0.498024386903488048,2.88505737117148398,1.11376571739800267,-1.53558774177527013,0.415524023897602013,1.69346292369847151
0.384412057763880433,-2.69794111700372374,0.0391949249339532818,-0.215315434459322719,-1.26278204576917874,2.49447401548980929,1.59129226166614113,-1.10105992241931649,-2.13058964905647219,-2.55806550365675722,-0.531203410409634147,-1.57578236099872537,0.632091570199727171,1.38520788857018351,-0.741937890805243749,-2.69313461745870697,-0.906915102150341546,-2.91934933347778935,3.12205381070877408,-0.733563791394236775
0.500265845039615908,-1.63079674744108494,-1.0932279595477703,0.566349736169115325,1.52169691654813288,-2.25672027494201544,-0.18546422411072877,-1.24443125336017757,-1.16200591121860852,-3.92836003273067069,-1.249204863266143,2.54852174404015752,-0.0733645584481632113,1.76558452400161214,-0.674875427610811651,-1.99052324184580809,-4.66514445909705611,-1.01971172123316345,1.00176111075671437,-0.575767412036378601
1.15296331827413367,0.406826943122387374,-1.36244869592472706,-0.682748149916931557,0.344108694732153053,-0.336756972341302474,0.831947520395708073,-2.90868286093756145,1.22731562557074003,1.69791642383394903,-0.305770737878756638,0.511617397745057656,-1.00750892560383454,-0.592074753559355904,-0.021014325743998568,-1.03972457452873912,-2.16183108222875919,-4.84897195553304527,-0.577054046959209921,-0.632744806360560297
1.21895233034321349,-4.44602288353515895,-0.234084215048796229,-0.729920563824683399,-2.64547142357934106,2.97867661328131161,1.39321021726631855,0.850958018400686966,0.825620655877207454,1.40210612703248216,-0.502039266614273338,1.30334465300685287,-2.15304476652295662,0.66180074980561332,0.198205896498937384,-1.58827258009968775,-1.948308798388803,-3.02087408525495871,-0.877183989859698254,-0.71145259580053799
0.699622647120180963,0.638839249691712574,-0.0600369146745547352,-0.850111091335139624,3.68690754298598167,1.42121785908857645,0.272501611819320699,-0.784567794001186036,0.127371917650816041,1.36537510449967603,0.301164930544743525,-1.44273050905517009,-1.03678638086266428,-0.122520799731761609,-1.24460290825984865,-1.13695551671766748,1.71394683375349977,1.27285197876443634,-3.93671204307723599,0.763919141104803301
-1.08352885964717172,1.41285086972111751,0.902464051936406442,0.786851103689453657,0.542254605272456947,-0.454983048887271313,-1.55035011140279377,-1.46274389331019905,0.386975449468784094,0.802796123648290672,-0.479769245296951308,-0.361414632456981744,1.69143862581955884,-1.12698030362586032,0.807232790781053478,2.86826915539978433,1.67397971982926252,2.87598546754555162,0.99846320221373086,0.491779601232713748
-0.850121227579510363,-1.80252526819443171,1.3257920844827995,-1.41385030132586342,-2.6215211606222506,-1.20885126770439832,-1.98467383037282485,-1.26065127312753056,1.66794935508904318,-3.5172909916387507,2.37565105660429454,-2.791999237922834,-1.67266974110675859,0.461530957177655521,-0.918261292736152979,-2.31648818897109532,3.21983631202656762,1.08749435587237797,-0.605163905449176309,0.637015094602180088
2.30238541147862286,-4.08832532436434715,-0.117030712696930592,-0.708587086581869197,2.49355739463099235,0.984517532762623659,0.599077794421532972,1.17997832628790245,-2.19782803285126827,-2.90725866925764231,-0.533700062508185469,1.89213129779919798,3.28054849226508338,1.24291609237464384,-1.19977287145052203,1.50529478712150588,-0.925933094244745236,-4.01560769943507179,-3.40694614213719227,0.449488265387993857
-2.22865918560601006,-2.23483319263903191,2.02717676540613656,-0.0858855398467512077,0.0900100151442817797,0.340439924701528174,-0.672257818688193565,3.70135527773870399,0.100108152725960339,-3.41554950671567159,-2.1005851045870001,-3.93818057675188626,-0.313742603598235248,-0.368185159947899521,-0.869205145975571636,0.680058074352056119,1.28360925342583854,2.61054519662713025,3.57628928105509392,2.82318050632036366
0.311395694464204453,-3.44314927123348102,1.11650976700344762,0.658038232892016794,-0.582415172097759837,1.81931056218222009,-0.484028824583927153,0.614667548993892865,0.25352775150275747,-0.00139460588037630521,-2.22055115583196239,1.42828835467146442,0.0305731348224667285,-1.31846214589139032,0.98355617213915969,2.78142268727196962,2.11329162182213359,1.67952227808429844,1.07611277793625937,2.2715351956064378
2.09377884466285469,-1.31793091522299211,2.73422262175870889,-0.935408961547097295,0.208071788664736967,0.647874188929339567,0.552103705053861193,2.46189316316172491,0.259286013930199066,-1.05476927639720519,-0.549864943662800587,0.84467741018895337,-0.286261844771638685,1.98238478434024112,-3.36276005192478644,-0.138495982480012131,1.11066087540635139,-2.43862335462158786,-4.44666280709855055,-0.32720502394983092
1.02676332162354922,-0.643251782377736836,1.44785052667334635,0.489104114542390278,-0.790378052663642028,-2.18201176019204635,0.404596131030717066,5.17276255668645835,1.23214498359599323,-0.145520766553142167,1.3910564788235662,-0.357852533676303652,-0.704317061685687973,0.539960027840841628,-3.49894773381541802,-2.48730640465010922,-0.210099652616739324,-0.199356928425907493,-0.838718275939634661,1.46551382471137903
-0.189752052608285232,1.75384824293346031,0.300864791026430656,2.85200684868719589,-1.49692459629988872,-1.80750067323277497,1.22771835803663176,-1.29076789287142946,0.280523909571123109,3.53966652046856156,0.0119779476806860779,0.259022173227103358,1.76972312137261456,-0.170173391434554427,-0.237665485510281022,1.84399837335931682,-2.508932051136056,-2.11387689681241309,2.00526426365298072,-0.647081570550131047
1.03909672599250835,2.46050523259145226,0.404106216496778137,-1.44406681973911533,-1.85911256487409826,0.240859858476022509,0.774487077262017265,-0.671035945987953575,-0.219853352005387415,-0.490344840099327328,-0.500263107542643359,-0.471316548940050761,-0.0152870944478798905,1.66963030227228426,1.4890865235926396,-0.268514608623251716,-1.04740797670130559,0.0484268056352113105,2.6624160527222176,1.81182885568454566
-1.25889105331743001,1.06173548684467844,-0.481916363061285435,1.98048735112370755,0.209816626160108821,2.87657682792236358,-1.24332359657913161,-2.70222341660939458,-1.29385521626160327,0.870488620996818008,-0.0690287028558631138,0.779288712619567225,-1.28003967935936647,-0.714921528455439437,1.30958346113832325,-1.22720078395433241,-0.650249034040386142,-0.913029035873308414,1.52630189474852784,1.11884944394742636
0.54679456950686478,-0.569274721721753196,0.534142563058221054,0.113896755564249122,-2.18814844422988442,-0.927996979268132072,-0.392237726431065248,1.42616064451329239,1.39485574248541999,-0.939909541409921445,-2.57323157051976414,-0.0416407144305633581,0.400649906738745232,1.28523943104384353,-0.791962535963287917,0.0277383515616065682,3.50678782787833265,-0.377289367633195094,-2.96409894803884688,-0.524760997916426719
-0.156046643320614936,1.5176063364034762,-0.764833566183449665,1.01986802715290237,1.47390140575963402,-0.866904613228842269,1.14318799654197689,-4.92299272383709585,1.7795356915045315,1.75782377385243382,-0.213902564880864177,-0.0645021387337503943,1.55560028926664495,1.60449899222918257,-1.73965124506139501,1.9593415318047458,-1.12407864086265286,-2.46270168637731413,0.270355349290622438,1.01676703452945127
0.641761482142104711,3.84489964559896213,-1.16638570827905563,1.12280359686381881,1.0710508282390423,-2.08014343340178209,0.556695379289708248,-1.87205079978026045,-0.143700730860166964,3.19590120101535025,-2.77186009203371286,-2.54210762741035534,-0.214635783340878322,0.796896338413125238,0.689161118648642379,3.86356781720991771,-1.08682857367863384,-1.72428630352636314,5.76205011756502206,-2.56073905420906422
-0.774832118566915473,-0.286104100858538213,2.13296418375411312,2.37035850529471004,-5.9849497882333571,-0.473691133116286522,-0.911120838305509606,1.52831996092784217,-0.405190621063409973,-1.91357837215182247,-0.892832244859603441,1.34869024713252594,-2.19476792754233552,-0.1737659424577985,-0.0396868606383751835,0.225982138434935781,0.0986165840495839274,0.131618467241319287,0.34750463571518414,0.783899585328305948
-1.26880150564036365,3.08943964064146437,0.755901918292581021,-2.11065811985804341,1.2526820597777204,-0.605160265125183838,-0.114885984902452429,1.99647556255575331,1.002908320215536,3.00910717737398015,1.28038635246537535,2.17976781324843927,0.507231688618521082,-1.13931471758254643,0.376463258517672261,-2.70850967620275496,-0.347265819959391209,1.12085146197438235,-1.17484924425959636,2.56034680555046101
-0.255145758690839886,0.373726356335224885,2.15902274685712348,-0.0573573962703654641,-0.293273091264124042,1.48631463491729487,-0.335644840069233341,1.32101922312402098,-0.826089963759845336,-2.3522839201747936,0.458823087640564342,-1.05969612692202086,0.62321490899999421,-0.246212342234097242,0.204039050607406347,1.53511210829796596,-1.69025980041972756,0.712689311112007062,2.333209194385367,-0.981164073601132669
-0.727094898465100004,1.10617635613888088,-0.101292732352854742,1.62094248571708888,-1.51167843510294153,1.22738583235237764,0.284901759231206919,-1.42866052482059191,1.07339136074638453,-1.15241866037467955,2.75291858737743089,0.351795173190841748,1.44594213700946628,-0.0442570254347010097,-0.438287039996211492,3.65905368485050531,0.328379577236179943,-3.22478011765942485,-0.72243032566251808,2.56374731109619036
1.52814677771681096,-0.947941760950809398,-0.13395884627658422,0.892876533740951217,2.38260531595059266,-0.196751269673433815,0.728381991289579256,-0.400793997359247312,0.030675315988760065,-1.52768745259125094,1.20149659244254403,-2.81864976072026918,0.57407034061604012,1.40823142690512482,0.308082407931498159,-3.10984480290223297,3.92137822380425582,-3.41212957268998673,2.73146363778907286,-2.24901120505055996
-0.820055218878730341,1.50018487832052538,1.26565913713631439,-1.88780682503389485,-1.74081144101848362,-1.21464891714315981,1.47190746920835935,1.30724099615895639,1.64334709710878579,2.69095456851970605,1.79613102837458527,1.99524957898150723,-0.188060013340971999,-2.74611299633463979,1.13917488468463768,0.00208288092557066705,-0.900918431108264306,2.13156168430720516,-1.16804684505743794,0.25568636795035371
0.264348164268850883,-3.08731371161278378,0.2819988898926859,1.93965617828297332,-0.395698233898282958,-0.4741980089699534,-0.640011717577365857,0.893517677980243175,0.795016745441619932,0.123506481039736243,-1.04362169434553476,2.55922355779232813,-0.333116671963662958,2.66246314784756111,-0.18340101411534579,-0.959236283449930061,-0.323637366660978198,0.452105759258622897,-1.78336858110537011,-0.302363914074223694
0.169992328109525997,-1.87091541722929811,-1.63387575884796532,2.88778486980732474,4.85024402663952525,0.670010134677425206,-1.34432486434186504,-0.697348337696760856,1.35706289303532879,0.740503728336455058,4.12662404690430318,-0.47201883145640211,-0.464387064752690037,0.187121540588668811,0.366287559319397937,-1.40087838636545081,-2.21840670345404156,-1.0317590251869182,-2.01459055729476821,0.390061941608355611
-0.623017305413115396,-3.02869607736612778,0.0870216529472923744,-0.315968736349616808,-0.0114837992541489218,1.60262003893122862,1.26992061285339974,-0.125574894271850312,0.188029152324042326,0.661421205250235067,3.21442861854863615,-0.616010269928029319,-0.0181620367835321032,-0.788368684768115835,-1.33461467371283904,-3.37147651038060081,-1.76884726460038322,0.339289964818257073,1.86254562738526586,2.36575338493352483
0.929058822736184342,1.5559633999292577,-0.598738817046987393,-0.346228338924158718,0.516180865447588566,0.700406519010830508,0.883340793173495675,-0.478143200319704309,-0.700880530450594397,0.690282592983837651,0.174325744933729737,0.800903103902879332,-0.387757813583893829,-0.00204995620174282809,0.345222506716487632,-0.28483505917821389,-2.09089935625195489,-2.65179834951517046,-1.3612176811367378,0.250571968521105304
-1.34726372593543275,1.63529136556075239,-0.322448776806238291,-1.53959324825706134,1.27013316339854065,2.58397624569458095,-0.568647554903402019,0.739289233027867754,-1.80123964476030052,1.34790344058777478,-1.14239989247110985,-1.32620666320791125,0.919739027454078428,-1.05942252839781026,-0.0295419866935743396,0.293257374793222669,-0.817159851167220452,0.293879058317294606,0.901011427746024052,-0.0152455618904132773
-0.509895007507758957,1.8007402287936789,0.669532749512339764,0.0521958865535218711,1.70493188627508196,-0.178644458031405745,1.24641528616267383,0.611514415988258397,-0.592031047627133766,2.57244724758857224,0.728245125381253522,-0.388788511031700312,0.324271747226624552,-0.29785429064504193,1.88432177346144636,-1.02863461270746592,2.67770135818817989,-6.29879588203725138,3.08106208566300621,-1.40525794673781634
-0.541315292783075996,-0.564955295981760863,0.07446711643222656,0.766324639384644901,0.989135210300787659,-0.621565745789683821,-0.0105493331587820129,0.95152202074548986,0.732306324769905648,-0.75785368283677379,1.50720172848213818,0.0792172370201641302,-0.162500050303149568,0.136122600421658801,-0.398218946946544028,-3.09675311362611216,-2.91443685352312354,2.01979767398187038,1.98787557350613486,2.760641296696424
-0.141177754406986489,2.34730910395770298,-1.1962991530787368,1.58978930101413596,-2.53001599402199773,1.29831995009786838,-0.257345838731248167,-0.312747569080612353,-1.20033010090194825,1.9602192565154597,-1.21740571079811177,-0.158121231083924535,-1.18665041928292636,-0.456889182899018031,-1.47959418721210456,0.890249515661206248,1.09588623885577974,-2.00736314045963526,-0.361462402447398523,1.60365588679442062
-1.44742801249596154,-0.581079929605660239,1.560939478932859,2.13505301503384537,-1.61392236921661891,1.79147072706294486,-1.43592623416330456,1.19069713451404624,0.245474679139711827,-0.733911103095494566,0.125276079077888097,1.0124708415188739,-0.184995118237017059,0.245812764529582728,2.72688733346741996,1.76663807433432907,1.16331093016518783,1.90497957960760766,2.8914486639737067,3.12998444516001451
0.50099152132809921,-1.25982746579727078,-0.605099853822579692,0.929207285370678981,-1.69593627684027171,0.234452305233297992,-0.63999923694863381,-3.27540760972941625,-0.487169991956195647,0.224960019402447808,-1.7004399306534268,-3.21667329485744746,0.916064268780193758,1.64042501216787651,-0.322328936551740386,1.00922578559774001,-0.674680428364135443,-1.02722230662310121,4.4432928421408473,0.407908408406430445
-0.171558546986118998,0.121520032844829665,-0.625859700667343533,1.56990439350169653,-3.00606976207980647,1.53197992236842717,-0.620360648908310219,0.192394361471940306,0.0578467298132026853,-2.28117132163902214,-4.32085260881992017,2.59642586191064684,-1.44978514898352984,-1.96722609867566334,-0.760028767710302477,0.543947517228122845,0.579923523309191502,2.1315682333888244,-1.55334790966061287,1.48001717663745236
0.0104407267663142473,-0.514287170193496457,-0.195524710875993296,0.0655239164294522114,0.155677991653940834,-1.02321189310760197,-0.745231877884283467,1.14135670176659754,1.41005530357535647,-0.1288719088655082,-0.719710604178316671,0.648349520315618211,-0.294535339302461063,0.569179196474128846,-0.957932108916685232,-0.180834540647059477,-2.21565006493728145,0.852683134226677297,0.862023529461694693,-3.0032231961828102
-0.317957077046162218,-0.356601941337692518,-3.67484056226675326,0.00510514227890670677,-2.32770702201283131,-0.373515312889380058,0.449174634571355869,-2.29101553089154297,0.383777431300313221,0.616347114556624054,1.33096063067325132,-0.890778010171410672,1.00751151854415744,0.945964907456783743,0.141448343198784826,2.04253748433097782,-0.334913918770656738,3.58382590175971139,-0.00387488507294492203,-0.549304547394878329
0.112133474945219067,-1.58926351665467402,2.82144166534445739,-0.116288239128686785,-0.407850623713948979,1.62296838948836686,1.20046054286936199,2.28645453768306028,0.233361776811110727,-1.93571598816973078,-2.30860633487583256,1.60998617767935137,-1.5628455071824352,1.53685083048495907,-0.355362196108762962,0.973841283947122882,4.7828326562142971,1.37845104422415554,-2.20865809456528694,-2.69834526181689194
-1.1546440861445384,1.48097614732640581,1.00864098377605171,0.260942346120544733,-4.19180628032458102,1.32953361278566096,-1.9154004692579103,0.454036625807530403,-1.10146893790844569,-1.90679879413445486,0.800322423557165874,3.67629735955843628,1.24172747518108872,0.451105768304163879,-0.726989571032103044,-0.0414943300432924211,0.767780089441333247,1.30030626240673164,-0.208518558267217546,-2.38564671886463442
-0.89453107569884438,-0.186596246936180488,1.04033526129971521,-2.15261498679612417,-1.81704374059574758,1.62753231663009523,-0.459265955222672329,-1.36730810263277069,0.448684701890085469,0.565847751017952372,1.73463185621717342,2.04918142981257301,-1.77831074780423881,-0.123353038262278294,1.58093045860447612,-1.48226613806860863,1.26785557119523418,-1.32144656334000166,3.50795135225824328,1.39667098580361992
0.967895959726436939,0.136790992948243734,-2.11985762916726861,-0.0775812639738167054,-0.238497913262895406,-1.67654459672103284,1.24654425071499175,-1.40426657275239219,0.627834774650552152,0.706564396974838194,-2.05828811510357923,-2.93561688272081245,1.18822978719350236,1.07896489026269049,-2.61764083548566884,-0.190950906614104493,-1.39095465451423639,-1.32216275152530538,-4.45252245091555032,-1.80346608063627967
-1.6018944449352357,-0.807495068959194318,0.379370759500439747,-0.976159141261043084,0.132699072985336647,-2.80611095641102937,-0.915203891272503567,-2.28246829634152393,-0.495521987447853252,-0.0790801027434965137,2.06783123411099279,-0.466759293124409058,2.34190421995299936,-0.264411336903881578,2.75933453723454569,3.53178569488019489,-2.34730534832609727,2.93622947657048261,-0.871537677007607647,2.15483972195323403
-0.523858205533336174,1.06638692026590132,-0.114865174434044356,-0.0226814998395623267,-3.60041452418096197,-1.1852819316182055,-1.347639727389359,3.04423595743709585,-0.886291678588137732,-0.747943834589426371,2.10597568223005149,-1.35322793741972491,-0.268598977469896028,0.894360215240497358,-0.0579879087415092198,-3.82856450145619132,2.12942228012435342,1.1840637519118189,3.89630725327850369,-0.752502719127757902
0.596613009657367077,-0.361856939650715803,-0.964298459427493926,1.89802256487186294,1.23150442148627715,0.522058372118282654,1.13930385797464728,-0.386210029636136598,-0.619086959427280759,-1.2412754508616981,0.0871065589813949243,-0.0442769469971472096,1.17685705819929809,-0.540654704788853357,-2.22519419276239905,3.5607211424647538,-1.95796107718799406,-4.58707707095139217,0.199925612368628935,-1.76605064490508479
0.578110646709058651,1.83588843857088246,-1.21977465649338068,1.60824634050521698,1.08163368474895449,0.134826431441303241,0.720958526363260521,-0.266964096818251062,-0.438491049577677927,-0.493175321714633408,0.295059376593777456,2.085414056894761,-1.33456973507220189,1.29333722433374176,-0.830929525589659157,0.335391773352069822,-2.08326545529283003,0.773714768997051494,1.93436149032609905,-0.0578594964237841847
0.769173806255332604,0.692304164196123062,0.750438104846966492,-0.533447919685633987,-1.23981645438220389,0.496217968567375767,-0.119155391120916804,-0.881820231188807147,0.526426712447386702,-2.24180113712807927,3.84088320036587305,-2.79809276837328325,0.157368330982159355,0.1946750335300583,2.46941598520188066,-0.885266167795432657,2.44681202160935163,-3.14660531372814889,2.48288119673481722,-0.895496472864242499
0.408125773316779739,-0.0546450358183969143,-1.15179644712340012,0.565014415277183879,2.93915026333670015,0.898437552285865415,0.0198857879159976894,-3.64620382825999467,-1.09973357412201089,-2.26191995001335266,1.65411756008734123,3.16311228049556403,3.29285069593420809,-0.457189018238867539,1.4542735312191406,5.75631466477487663,-0.815379753693738607,-0.645786779366808728,1.05102162793607334,-1.32501763961428565
-0.816907989176889338,4.98990878369349566,0.502836434315670266,0.0564483443703335877,-0.819011694812019853,2.58378698761677628,-0.607600122653320751,-0.0937815585681700675,1.18660294259290078,3.78935156849976629,1.98181364522810677,-1.2098122846640047,0.513312365464860476,0.0123351904284567417,-0.398298771923797923,1.40133665807746999,-4.37566325333196282,0.347366206589841575,-3.46783578520790714,1.26474429278417633
1.48428478584810897,0.919053083971669404,0.753475494945262003,1.8719096799847148,-0.801929332784284021,-0.570924301033708614,-1.50589645599324351,2.80139053033567986,1.91075815709806363,-0.766905464891352251,-1.75942281921012333,-2.21902705146873158,-0.111417426822474921,-0.417308142717325248,-2.04315967535653975,-1.10499744484596918,2.97347828732297836,1.19713297077453129,3.53175546811347507,-3.80815353621377195
-0.98630796513265051,-0.569182174929566242,0.47072943100621284,-0.239710228681462301,-4.27515014793370263,-0.381714153499146613,-0.0351219912103671178,0.740305396521771852,-1.51822795702660662,-0.42839366866797185,1.72771399520813929,-1.58879598044992587,-0.429985849184338409,-0.517107439844288197,-0.855475480025212121,0.456834633390295952,0.150293932445908551,-3.03691291194165913,-2.49343403608487968,2.66064374673522286
1.43522413514319114,0.735664750582235794,-1.05010947177794378,0.596660665340313479,0.783382588154321269,-0.813949177569350146,2.03169005213364562,0.243699121661722418,-2.31811866244153109,1.23319700672542343,0.366957506648051657,-3.60391092982517236,2.39598896991636678,1.13864824753852512,-1.76232544312816275,-0.162615801424036782,0.536731089562686892,-4.61529570746953333,-0.705129329764759616,0.0427440434363390021
0.6418962364102625,-1.32143705277713241,1.14392400081793011,1.32763427267353551,-0.491400814688140786,-1.13992171796048702,-0.745874964991591227,2.5397213646833352,-0.867793804898486898,1.46571932859831655,-1.13982820190556744,-0.355013253760646297,-0.435867957513865922,0.650310524014017677,-2.82777925099411576,1.86393651532767235,-1.19815395287089488,-0.208836152605881675,-2.82353163882303004,-0.199041415969985952
-0.543199579746397765,0.230667274486760332,0.104930836493732541,-0.766075832681101021,-1.17504227938219952,1.48151026779924866,0.635011366616452966,1.22959072733247887,0.377475877009000205,2.02074003493644483,-1.63600358575320937,-0.493575961756990256,-0.590302419228471265,-1.34078588032897583,-0.148808453379870281,-3.71861918123081381,2.65886795435421197,1.11302250865496832,1.5239886881628264,1.32237829329977008
1.31556003419005663,-3.99287562791577733,-0.251738746381315104,1.43812371282307216,2.03231911343069482,0.767308633063632617,0.618355639932813395,-1.73915262833637985,0.267261181937115788,-1.31349433688975314,-0.745266621415796915,-0.375956493156455296,2.04888853092104162,3.27839030402496023,2.65758051737548895,2.51693081971788013,2.64993679157120576,-1.11045637158132648,0.317144759313531754,-0.922335417705911209
-2.3907100409181794,-1.48952665436180998,-0.596137773337232613,-1.23395001055716813,0.298438494319346437,-0.929011281283812718,-2.64968336058951914,-0.216313660508598765,0.469442859092354559,-0.900652559331332037,1.30444834424214529,-2.36737167626468459,-1.00467553869696524,-4.457960121010899,0.788007666410294183,0.166543219823070549,-2.28263438232610971,2.11635505683374703,-2.82026552965804589,1.64615475093911945
-0.622404811935193369,0.294057406409042932,-1.57010175276275565,0.807334032173171345,-2.07049897999376986,-1.50196422297724741,-1.00453764210990859,1.37806839049652519,0.224750457263689363,-0.13872035704477409,0.638854194212541526,-4.81186920643151606,0.197090722077829267,1.38264613826228322,-1.17890622701522974,0.239079077036692372,2.99356372795510595,-1.015710755168862,-1.45209199274633893,1.00415449021295822
0.855203612862355356,0.950446913432566265,-0.298067479785956213,1.46850018892315393,0.18814973097965787,-0.235660703371991909,0.359510782751725211,0.429185699646572438,1.34333173154919128,-0.0890638588207948861,-1.02432714120073487,1.94411223339574457,-1.17875824249022432,1.07176847085946081,-2.06481483055996673,-5.03131313468580466,2.15128143907499902,1.29163305839522535,-4.00699342873056974,2.12777748924873711
2.08763773726429447,4.26483932382802156,-2.17962435799356324,1.24955556465724626,-0.406379020082995979,2.70993778137219898,-0.838249986932798175,0.146772824020533432,0.991008482970578086,1.98728094879808248,0.542969271207767279,0.0253923100849072145,1.16839245991966822,0.457938620140438679,-3.14396023073456465,3.37809898196552671,-0.732786396256612016,1.54459739990146705,-2.51335124861527603,0.211766084777691987
0.589695148474557063,-0.441326281601633952,0.614512408980569025,3.76048133038910493,-1.50616175726549617,0.353648349263305906,-0.460181797325998787,1.98541253907967175,-0.679782875278856613,0.922545157408542149,2.364452965611473,-1.83127788623838916,0.622247053757917334,0.241833434735493125,-1.17638364462207545,-1.06301993258477934,1.54555162218912168,2.68795228064846281,-0.985151089466484442,-1.39150265719353494
0.0577405105305046629,-1.40101982548377557,0.31867595362858897,-1.82596255749682812,1.95100516602043306,-0.610964484233855964,-0.529816710390660583,1.60398187391211766,0.456192523011899387,-0.688835209601770249,-1.61099181621040399,0.275526095194665865,1.18825599402138238,-0.733189069243640024,1.64535357228130374,2.26595972806749302,-2.46607057277490638,2.68081106290245685,-1.47391731279721894,1.1842509707605049
-3.68724414733361616,1.20532172400668425,-0.924719455242990596,-1.07097701573417914,0.533377504365818766,1.67182557252251507,-1.39685272371249747,-0.193153525835223688,0.243011956078281771,-0.90807997076850866,-1.20702426866697055,-2.9094914438437125,1.11731673139508203,-1.13987594958968552,1.65833910476003621,-0.0776993307083099355,-3.89450969966029792,8.42622344735334572,1.91301376425448666,1.76557216806349815
0.775522628889436239,-1.37589615777431606,2.15089452178903739,2.51375673634676966,-2.71237629763517729,-0.0695247330580981149,1.40053908902841395,-0.110356743244274941,-0.179081784114080766,-2.38225730339246855,-1.78327875940880798,1.03003558732967404,2.83206292531714654,0.315738537637906658,-0.453286353993751168,3.84685660859269785,1.73875148114641487,-0.58064722978290273,-4.30026807829935365,-0.960005291685441797
1.12711425591013215,1.33157332092980196,-1.97045573486921066,1.97732882924364173,-0.653529867329606051,-1.24191245354064383,1.30516387828317759,-2.13840106262145024,0.759031625369954055,2.18400937160097186,0.794021429078875851,1.61163964571015583,-1.81864963616746667,0.347621800719208895,-0.736665676337522002,-3.37379615583815085,0.653547627356469651,-2.60536580457444789,-0.278996549540686756,0.462825202997732499
-1.07965750107842018,-3.52740875258680875,-0.455881101677839073,1.50824500701210029,3.63371014988252616,-0.714534951173235067,-1.89323759721976548,0.175981872959073776,-1.17457970851635962,-1.2584871754637843,-0.788432182995863595,2.38103409921749787,0.383673726253360381,0.928887270655722963,0.669313939350310805,0.849669184045106052,-0.538724120787665517,5.18843850622899794,-1.45732542322696079,1.524769807949794
1.08750529905621218,1.15096440902525643,-1.00818773550391394,0.464202577954776763,0.474598595090519104,1.02909239710576661,-0.463400519832712465,0.510798015178603237,-0.146415071192487839,-1.31128007444335148,2.57645245961552982,-2.37970722799203038,0.975572140574348379,-1.37179248006374466,-1.94267230525014445,-3.5585255571467429,0.350471313462339396,-2.74561370825487749,-2.714880010663558,-0.149706451234540794
-1.5054386613152082,2.44666655509926079,-0.190749846232183218,-1.03399128946469876,-2.45467328052935896,-1.13774859034219822,-1.04395112627083297,1.8582108519192424,0.0787377840628615128,0.474425561692193076,-1.71029834713203233,-1.31645477490266427,1.5550253261861271,-1.3230230923737154,2.65920362151143808,0.762889630287187037,1.45162021829534083,3.21647322883405407,1.89523678390968242,0.113793847838543974
1.72223397067079387,-0.119386328914370107,-1.30102018732860159,-0.421342052104982046,-3.07424814993892292,-2.85812620549811669,0.0932150320632472024,-0.33446583324339435,0.220757709886048703,-1.06622451776972271,-0.6369912365876087,-2.75726753322295348,0.0581808118414393408,1.61243448845097714,-1.77949041185052326,-1.24657623571623177,-2.35456161484920212,0.37646953451836096,-0.113153735236326047,-2.13443722553877002
0.387805170511627162,-1.33870557496800457,1.46702887782125768,1.7430975603086174,-1.43666392586068814,0.512106764636690914,0.630245462830356873,1.76224509554481101,-0.389723723447119252,-0.184038019430551758,-0.118461157079055371,-3.64205914400957598,0.0691667036214110575,0.44460440795332179,1.15524552268363445,-1.34669950935125482,-0.95149933458801228,0.927844228567619611,-1.91761845572668599,-0.701192339162566403
1.72630260728186347,-1.6109460467207295,1.26753086581952212,1.20088674797684591,-1.62890185212943561,-0.203337242586913658,-0.0618629375228576944,4.22395362389945905,0.353160567000244396,-3.17496575293329553,-1.13403005808181279,-0.747872439294766433,0.40201870041151333,-0.0168923206940575672,-1.21713459783935907,1.84999843015455556,-3.68143946181985182,-3.02019787733207012,-0.66180037763343913,-0.37553334998996718
-0.665909318840944398,0.48764724495028855,-2.39969448667263352,-0.480994155048313277,-0.887631053181792029,-1.62771587717970867,-0.853777669660886973,-1.83761130543459328,-0.11765109612610386,0.137021402257127778,-0.23172735334325914,1.52773449601314804,-0.482054273191085847,0.218966412941015653,3.85453903789198238,1.49446073780653932,-1.51042499575830336,0.347833625283583192,4.58008353881440922,2.36149613691720184
1.16896079352718285,1.67325314814101267,-0.516703548068558449,2.228005898356471,-3.66241084770273417,-1.47578095205982551,0.661210921767673154,-0.791185839106790745,0.282280910591839629,1.8554787223597593,0.644996058085849922,1.95895070281525951,0.467881597328894283,1.27694035779566351,-2.17854179759336253,4.56743664410930439,-0.22549630323278258,0.342475853043088252,-0.142023382363846512,-0.481479421240113947
-1.24285923776452178,-2.41832997877309319,-1.1434965437884661,2.18784211035712683,1.73495973651122481,0.538716629785082612,-1.9772306969187099,-2.00828264574119464,1.77903774395664649,-0.375978044368364461,-1.23975132484065109,-3.12886991862001196,0.203893090249849057,0.825289000750485502,0.878074568003481937,0.220035888478232605,-2.19815368356206964,2.72411712646420812,-0.618286219443170082,0.383248220688679253
0.377436149058885451,0.913159291633285353,0.400504713120922118,1.79342029501490674,-0.153907060426988707,0.912858625960343173,-1.0522819538982251,1.506149436305255,0.51226587734918605,0.322772929481048243,1.50243839985012095,1.85449524200654392,-0.191843047975740921,1.3742690928941057,-1.19798534234584775,1.73275609672315767,0.270211501700299894,2.12877353116593548,-1.20854469813182641,0.802767638017453655
-0.874776462507953267,0.319230391388244716,-2.044004470921994,0.616126342541585936,-0.351055764180320584,-2.97194519069134788,-0.578169584898700961,-2.34172482374949675,1.45755095372479171,1.87424960096103832,0.255264983648462174,0.362399652011966111,-0.549773506756933261,0.434077328692826503,0.455008936671974396,0.397489285413454685,-1.99244622901537127,1.98624332838501849,-1.98383270982871451,0.221074217594522171
-1.19062095815950464,-1.96035916175039038,0.328185130456120411,0.0820469352692942966,0.349856831908148425,-0.901547312406591583,0.126355415699922702,0.040290352919413977,0.539137990066052675,-2.66938790494155898,2.38070561014088078,-1.32218497821051373,-0.347643658569646963,-0.931055845867361231,-0.267687031829392186,0.881915887172409874,-1.7635840088429231,0.0269568663516526162,-2.91955355170272801,1.76159307424408351
-0.663318966397565046,0.453756196902481479,-0.575655458691904709,-0.27406890141838286,-1.13383857200716021,0.441531954425373407,0.310090388124569238,-1.72336549311515319,0.14355292159236871,1.23266871745912332,1.17557218772255911,-0.900993769476101547,-0.571975907197458833,-0.0351384173557343707,1.29816315589837461,-0.770480393528178431,0.715002503660977173,-2.26774954001067641,1.42684736988235339,-0.549315095837050849
0.330183456392321328,3.56090852717381168,1.20128726550900811,1.28361425960812436,-1.57638045809379057,-2.1093256381822032,0.265955045073553109,0.534904728345955927,-1.43095295951448565,0.971930441798457778,2.52139898666868012,3.28976142664847648,0.648984273984596904,0.67836152271952721,-0.218612493289733978,3.73352294072713198,1.2958821095965849,-0.941914278473014233,-0.392563762291998908,-1.77038384430881468
0.564475066895170907,-1.44296638529732868,-0.607303678232575472,1.10221120734504319,-1.0333903370530011,1.20414897463296211,-0.287750808128739488,2.65986601284089641,-0.316824122730888169,-1.00597246885734193,-0.970856268760588059,-1.88324126113275936,1.790946884047389,-0.998950285587325459,-3.51653336459690724,1.27385204121187745,-1.08878894319004771,0.682471069185117463,-2.76514966085710867,2.5860284834931293
-0.202539898575785776,-3.31000540372162799,0.71787848011804023,-0.547179669283824777,-0.418257344445022772,1.51389051213216419,0.631054073324848308,0.591943072803185921,0.240692590187919137,-3.44050975893287436,-1.51578941884469853,-1.86004939842740691,-0.134596078893547855,0.974397007155028416,0.664842159391892285,-3.48093741212305963,-0.920663140378031208,0.198094747270354615,-1.84301207773615672,1.14873298256255696
0.553393708040386456,1.03700888971926797,-1.49435176508264989,-1.06881923250451938,-0.861074484571036747,-1.85190215995739793,-0.199751423197705114,-3.78554131963749141,0.157641981080260341,2.9688817721853229,1.96901930849992102,-2.4716647107755656,-0.388404810943896728,0.317059183095896646,-2.24353036960806129,0.586440970786502591,-3.48295578356194824,-0.568351303940407115,-1.02556242550610088,-1.4860499235082818
-0.495401059371724461,1.35375406486014938,-1.22362475191677178,-4.22000968013023936,3.92275860106734298,2.51887662868600781,1.63697960721079627,-1.37765894663497956,-0.214030005675732715,0.717977064394123454,3.20591090638699283,1.7143449314500061,0.493033150859323199,-0.1385994356674842,1.01583550103698728,1.77742023799139504,-0.000935323123065451441,-0.227357746109289549,-1.19273409968624788,-1.10100659892211827
1.69120840165195152,1.27023106763577931,1.81511318296680746,-0.398509184695933272,0.846061322163773055,-2.02333960380396327,1.1659831904368525,-1.10612767316181326,-0.220614696415647377,2.023387601893611,-0.959827854494937904,1.50257164809220667,1.07715212285344508,0.210408792352866192,1.57119628409225887,0.441676307917897082,1.00394656999936083,-4.88908778000456223,0.057133657078492342,-0.980804179666390663
-0.643373147586921212,-1.55315665286274984,0.550670667815256532,1.89068414613447411,0.634927250085890793,-1.55715695801958609,-0.568277809060593442,0.220474261969363344,-1.39431305088060342,-3.22717578861688814,-0.177457494596067272,-0.353986758947467062,-2.00083684705395148,-2.47388951606103724,1.04552868973523361,-1.3231510504436661,3.72644642038826079,3.45357192528292867,-2.3739369128510277,-0.0196612306116217377
1.7422970622102496,0.00568059270005438419,0.126731867687121469,-2.46625526447501597,-1.22050483740992832,2.47048104821627712,0.800112584863754361,-0.134203228093471266,1.21539710283723212,0.847276981869225732,-2.54273278285039428,0.19997451054009921,0.199495936253824058,1.40392543947661141,0.302321130984885167,0.698201389677690409,3.49943724690594982,-2.14911937327929659,4.5451687705797168,-0.775702892809219891
0.402551068176127957,0.688755112094429522,1.13512530247597332,1.34479305566270435,1.69883945585588103,0.222377613053908657,0.441829273268947054,0.178429353938087287,0.593784094274498186,0.778734288786083306,-1.17333284803828786,1.0343488237809535,-0.0320972956457717604,0.517470568271501064,-0.473063367201498941,-0.203673649343301427,2.50167418527968621,-1.81379777703683231,-1.55848889382264844,-2.0717322572574508
0.284967137274559523,-1.35152144874050739,1.03184892130497929,-1.98472444208954668,0.366988643835327588,-0.92635670535399639,1.04228404295453059,-0.0571819956193171941,0.466959257101365321,-1.03407355033059867,-2.51789177385713758,3.81786741180207878,-0.0369314660630237837,2.02146016375855586,0.261238398987564902,-1.20709176004273533,0.801394222712459969,-1.50592775710657523,1.64937751837478741,-0.0693296241554595682
-0.335268345969540027,-1.15551156209267503,-0.0434039250332228163,1.61546618248410145,-0.906842875139565519,0.431127073074792089,1.79373335622199348,1.28446208575657561,-0.750268498599264255,-1.28369183836885692,-0.343106069538352931,-0.390425119892967132,-0.609011791682257164,0.498702393644893049,-1.0375901118322417,-0.659370439360666971,0.0670965704125438545,-0.827389249405422689,-0.14558697773566065,-1.30734360764420932
0.375594728176790238,1.56266987609661467,-1.33279435666298895,0.475780668838077569,1.31301606327872578,2.24156760184748016,-1.24476637811085022,-1.73425049952779986,0.462783955209041198,1.29338654024026489,-1.75957346570774931,0.415056742798794287,-0.215823009620566497,-0.638745674127000562,-1.1018279119581782,-3.8194509534421357,0.236045000239112734,1.59153143060658331,2.40321714000374076,-0.107464521865479015
-0.903861566528611493,-0.0601344768190186646,-1.53788122606979227,1.90132526191785489,0.979039856956815502,-0.192646195508101414,0.383688471939675868,-1.82002318221566828,-0.241016374784472992,1.11153858026715846,-0.319017586176608303,-0.626299466715818043,1.43542642639667495,0.809397050201027368,2.02577881867845644,4.97075351858854564,1.36378968885051366,-0.554289797924473193,1.24828688268778065,-3.92039374418882458
-1.74129956197647395,-0.641052206718901063,0.234994128634405552,0.756937545361325514,0.654283439790416255,-1.02655614026962705,-0.516716427105479381,-0.425970486229798495,0.508599189614268199,-0.618243421525648484,2.88553551444352863,1.64887701813223564,-0.573471352955856717,-0.0947305442988852914,-0.192911032518405162,-0.775033261327464085,0.859369705073275147,-0.0601075482698000887,-0.788478323341839649,1.15300666691278697
1.27430506291311896,-2.38590823839647603,-1.79687783803721235,0.489640397544287898,0.166614333363127809,0.589484161291222941,1.15051471805726657,-1.26206967759448929,1.00190707420273006,-2.96481275845648451,1.25770876117880204,0.301996566262764832,-1.10925322424526085,-0.0125922810240694863,-1.54729704274001612,-1.48149324336935639,-2.60905752161171156,-0.934033394376593162,-1.6013676597500337,0.230307007687082899
-0.0386074422911300771,1.29369261137013036,-1.07499137478444551,1.26718543349085921,3.08406353719015325,-1.4236204741057441,-1.05803259933779148,-1.41594274709351997,-0.657840088831434411,0.352172579129680197,1.00591282947603888,2.0893218058873968,-1.03736214339561328,0.682076058405006069,-1.52787641499441418,0.349120895792225938,0.714574866354280025,1.51073502203489984,-1.97534918480097721,-0.389233607867583375
0.642420802521483814,2.0600862274766123,-1.32591723924221494,-2.88524195720250098,-1.12668969463314417,1.30389878014422633,1.89919639460862122,1.56906831418300841,0.437095983141812638,1.4408075958801887,-1.05287019579122276,-1.04599644716077922,0.0958490462585172703,-0.112086839723500906,0.795138874694241715,1.4642530554342692,-4.02882334815997467,0.0611961919659205558,-0.52225094801108074,0.582743638804428143
-1.99420822210750059,1.81075878309472693,1.44066112066029706,0.919376850467841455,-1.2496545136756545,-0.727167713262788062,-1.21104834073948275,1.41244531887668368,-0.30588913594747047,-0.713808497798357422,0.254023979772165565,1.82700617605621618,-0.483325931684725374,-2.34177474522643392,3.40334696921669888,1.7560080123536026,-0.0843241178516874607,3.45468256632333226,0.619984467998725752,-0.348133128934807468
2.67009863468837905,-1.62859328572155015,-2.33938255710985388,-2.19606099660697041,-0.072224785898826499,-0.136136087802115863,2.27292944459812585,-2.32529600070593512,0.41704858941082229,-0.47737095159809001,0.28607731048255336,-2.82541129822610682,-0.334131535181795281,1.43103843271393716,-0.312574677507690302,-0.825227100143194003,-0.194697416513738342,-3.69761424024755181,-0.32324313741090771,-2.32734768584805218
-1.18487512098881598,-0.143483970221480961,-1.0074232049703562,0.894749966381153561,-1.33481857329862286,0.158782723152120442,-0.662113956965365236,1.86715275705888684,0.0248957862010235655,2.12532769522597409,0.108821876307257773,4.03329646065419745,0.236706066227420187,-1.00205268513880941,-1.74204187919299436,1.51025641852172177,-1.94961064187452915,0.94750214914643327,-2.09001500936029627,-0.710261967586038101
-0.565674462921297083,1.87417209841199628,-2.95253081502246051,-0.447233503815982814,1.46591370297593571,-1.23008366866026142,0.57409881783065897,-0.604229329715021191,0.0518204698985364892,2.04332859787291055,1.13317361806510197,-2.85331280242988727,0.215670708075594658,1.03470200823084735,1.68861385761181482,1.44573994707070286,-1.32362141598498795,0.0703633689494652242,0.049877770588297933,-0.145474253526262143
2.23848687815804936,-1.08079044791257473,0.47944122121095728,0.555947132130004906,0.355294128262272912,-0.531155888672851018,1.1621613641203643,0.95868025569006543,1.79057736725507688,-0.706300995476570215,-2.11727951719427487,-1.15031784805253867,1.67453444300543008,3.13140313811388804,-2.8208811841296999,-1.47733365600228117,-1.65140532586591959,-5.5326543065113194,-0.947536269950447596,2.09447606454453972
-1.8401720205179497,0.751627257020474615,1.72435643142946327,-3.17512016367995376,2.02399543119207648,0.618476265445312867,-2.33300194415117845,3.18747622336584913,-0.118282049629346672,-1.79081916318009426,2.17400516045907599,1.99016503780333021,-0.243522391152976914,-1.29462941339500004,0.639828067264417988,0.826472460261311492,3.18359608888408152,1.29062866400771004,0.588257972015428843,4.82339731586232912
1.49819668352266944,-2.20994353762110185,2.92954700563187931,-0.635818184149973931,0.0308658835316235648,0.945365969216988122,0.614757842598361526,3.1404218602852958,-1.39681391412022582,-1.67552772135984185,0.948729513984299722,0.656857167023054633,-0.763201777648525148,-0.795584652424279559,-1.25827385576237227,-0.867141895871688217,3.46841866683208355,-5.47260619630759138,0.671535387024225106,-1.01437258367207872
0.620655451444270923,-3.63258430116294306,0.554680841709462524,1.98701474267205258,0.41630954615174226,0.468642093326759712,1.55840287918584397,0.558140177921193414,1.38692934050773253,-4.32661105338434915,-0.234181497405180516,1.63630170186472745,-1.66040455843301693,-1.0341071120468448,-0.274565658281160418,-3.15609806130866666,4.88043327402667781,-3.78789480142022539,1.17331053941845109,0.667767516367911651
-1.58371130193282772,3.79707957885396796,-1.93604626111410649,-1.35780034300383234,-4.68002271348171917,1.40809583334235056,-2.00079210096241944,-1.03354082698367544,-1.16984856826158179,2.09443396322797559,-1.26628748823805171,-0.673556043234571633,0.710220475691137332,-1.35320129595947791,3.15765166988514112,3.27090862524468662,-1.42399460817984669,4.84310474753524733,5.12976044531157704,1.70797268272725566
-2.55149068928009237,-0.232892872315819399,0.433269371295942229,0.387965277511398143,4.2789369902826957,0.103456330611878214,-1.99753278158756364,1.22251872958550134,-0.374375809435940954,0.022933406487097293,-0.248736489679978273,2.47813026334894237,2.15520119390278131,0.409165850085195015,5.66529244859816483,-0.95060743608069298,-4.09361931535097145,4.35705178765144296,5.54574071219969955,2.42856631584231275
0.0355198793689660633,-0.266718910645389773,-1.70497821844088748,-0.185142711348359357,3.09161862853137492,-1.81184962536225824,0.14261563322954815,-2.45055767609343489,-0.0362680792149580947,-1.99826896184055958,1.08626635992598408,-0.578482078940982136,-0.617368632145348983,-0.726566211228334091,0.292842057908375974,-3.94458808418508555,-1.2351669123664557,-4.0947558888184119,-1.8177474033200085,-0.243239850583669398
-0.738686870231157866,-0.0718336602501938176,-0.405479838522820712,0.786436245217707719,-1.77496748663043125,-0.887184922260678799,0.363994179330343282,-1.30279630216827069,-0.620885223362242722,0.226090854833224081,-1.06449590841789865,-0.306088566733787981,-0.993046313606338327,0.0143927400670846705,0.252894992212958747,-0.113768018885842689,0.598911702190159878,3.00367744658137115,-1.45642915057563171,1.03418746211586976
0.600891246378712274,-1.03031282992752526,0.653900943770805099,1.97092141721334779,1.97263888269512977,-0.0112974730994427446,-0.671297319248098989,0.292591062386668765,0.213005036073953075,0.83792880623171051,1.44496093447917118,1.76678398323744812,-1.39670468950369076,1.02462346469571375,-0.168775918597884766,-2.31311961536927635,0.853931807904537599,-1.19913946992762277,-2.38203384679426788,-1.40333800951028342
-1.37764315309294849,-1.14902853562759244,0.489995638959579871,0.0193967218567125087,1.12044233663539505,-0.0547957269078847425,-0.458652312105707671,2.3606649808555682,0.427831875025749597,-1.39145556758984457,0.597554073869662972,1.57570913333452722,-1.89286162211581521,-0.801767950110359506,1.10422883793890625,1.13769238066253142,-0.954312392287687827,3.92539285687932571,-2.14885146150702067,2.24520851448705816
0.191375861597657376,4.66805888408253455,0.153208420817879887,-0.522727148029489164,0.32407618988381437,-0.126721739476729656,1.02991826223439742,1.94120598856516779,-0.205123322272397685,4.91684640599908196,2.22240343677847374,1.26676792115224446,0.0220347611821587186,-0.807675180202747978,0.869980776730802541,-2.6790278742030611,-1.9155688895608447,-0.578597668128625231,4.42297740204479872,-2.31032918178897129
1.46590323578224635,1.09630071529627071,-0.792982364806498197,1.28463320106971945,-0.344601527197635316,-0.660357891071248093,1.88424587956923117,-0.372638566452313413,0.160047856670105626,-0.403426021630211407,2.17910832328372628,-0.843051076442236758,-0.777011916328887442,1.55195178614645757,-2.9946407400511954,-5.0474530846029797,1.89464921663773467,-2.36682236442770044,-4.23943748514433505,-0.338414185727414829
0.440086982504748758,-0.663564732605188001,-0.226959549828874368,0.0604038434299772539,-0.275212588758507459,-0.871622207136056537,0.0523644896565472542,-2.69576936935534706,0.199294358074558475,-0.130575795504426051,3.26257536520497826,-3.12723079774561041,2.10882811745060339,0.808139879260580507,1.6099348140041394,1.14539663430179828,-1.89215707513398912,0.441413695790716043,-2.23284768039026371,-0.709497417258349472
-0.681941625686855346,0.700342050699673035,-1.75272998998084106,-0.468288111798898177,0.919955831467465179,-0.223253809702019274,1.12279220204220875,0.0738627290818763688,-0.142621256781355676,-0.549105158355993606,1.10083368088308409,0.378849961033443428,-0.308894563458383786,-1.22216364373335296,-0.982033385351441912,-2.34115579024256437,-2.33360981030693049,-0.767632315175427848,-1.72164180874829387,2.86167240734259387
0.0641267269680848989,0.336195847311832663,-0.905149330544380737,1.03128909520217937,-1.37758024803431556,-0.89831484665400485,0.662423369667093032,-0.0232016654857780946,0.605181516631133842,0.25227655143479627,1.17568452864453921,0.232114382166756922,1.33774664092754803,1.28821115970311251,-1.21927777628312439,3.69375831638866448,-0.0434348093244374608,2.94895367235408878,-2.77786795290656441,0.493207955723859393
0.0636746253972479831,2.80653300362499358,0.326840763611671359,0.0775764210426093531,-4.75911236093248746,2.45737362915687463,-0.222634416720908612,0.252634236179070659,-0.073974362067609073,0.744172801914841253,0.392226984857977523,1.99775143852474768,-2.50079958676124203,1.0978400270251687,0.212708286662805557,-2.59093733112592917,3.05899378537769584,0.327134828859280913,-1.30459550170252192,-0.824796819586638197
0.699234296499280483,-0.323839181797575815,1.06374775010705647,1.16350840965361302,-1.78161491548961881,-1.05049437742677787,1.70558211998900733,0.271993510222972745,-0.807541084077136206,-0.161421448522353489,0.00858792310853479998,0.323640907170833381,0.25898706054295012,0.242781887357106874,-0.719803752414628462,1.77148314351021963,3.20314297916054747,-2.05106101130718121,-0.621295982268409097,2.75538769131504324
-1.26753765730594692,-0.693396488557899038,0.00987081359584157485,-1.35625267179864584,-4.57406099280520806,-0.845432303822111875,-0.671011626123403593,0.13163090901408836,-0.626565250862580192,0.297031166835873162,1.06452103948251131,-0.210976574533806499,-0.206050326096212461,-1.67288701715723498,-1.59876229009458748,0.276785494295007151,4.60331009048048312,-2.1647795111364263,-1.42832685097025136,0.382046584429921177
-0.644031668366803367,0.336695546977463289,-0.625070147166172818,-0.624573216905939033,-5.38344157508640997,-0.904276500709509601,0.074754370231140177,0.326066670435205541,1.47320972243729909,-0.594317467118956944,2.85776654643215222,-1.04732661132749327,-0.635544811691858946,1.22604946763615996,-0.504500076916049922,0.504313502658560564,2.07596209927773456,3.16684710991685003,-3.42009911435983271,0.236610172309738853
-0.547058392724397935,-1.79010811289409455,2.71601390717907298,-0.608519122979410132,1.26398795350117576,-2.36213133684840448,-0.34749562449597865,2.20832544704997158,2.15291374331547924,-1.89494824536384954,-1.10887726927124763,-0.59808068344885823,-0.420993796914120311,-0.396841068098367389,0.371146246095117871,-1.8272086435210293,2.57804385610547504,1.17070438145603561,0.640486278328594616,0.882234263202174684
0.453176956241824191,1.89214319452407631,-1.93513063184793865,0.276161333237487538,-0.0126841262713897444,2.00052345651573349,-0.444950404307313974,-3.67668669142012172,-0.00431080581680655297,1.64397555569859044,2.28455908031016897,-1.00704802572309449,-1.37429855609928087,0.0361011148014627747,0.12135389590462016,0.5214120216508773,-0.687275021913186235,-0.660114166925713342,1.8390000784494398,0.255878997783909823
0.628459947917847539,-0.916754864295831307,1.18615687296862804,-0.128729307180196317,1.63345479674023775,-0.594796423059633983,2.10752571557239188,2.19326092799550931,-0.402899391542952068,-0.551105143832557709,0.459610556043640928,0.733694056826775132,1.19922933164955969,0.622201510253209578,0.109702554618229892,1.18918137540348545,1.05727082087420077,-2.10188343591485172,-1.45566589159735194,1.06535688017967223
-0.560708097441710129,0.167331362033005832,2.03580963624335531,-0.714877301256168107,-1.11733798684940022,0.366743095936588159,-0.616921201993544055,-0.521569421867009608,0.443132690350570402,1.09391250502019299,1.51526104095916514,0.783747173795975249,-0.173043595848278414,0.334349437612001976,0.298591752973631219,-0.951914221472647593,-0.470768115819109323,0.386213386195436659,-1.25656069894074496,3.99265368456669023
1.20427720077135625,-1.37375412613591008,-0.672419470327428326,0.471032827144005017,0.362269432780914946,-1.27017834281301312,1.2607483860656008,1.43095348874325934,1.57659570826612483,-0.783808758887604262,-2.37978898204063105,-0.643111143855074063,1.60093574003329486,1.3576324710881873,0.617295487837440926,-1.89185254067383979,-1.57261324721045881,3.08631522866104913,3.92766029844237075,0.198712539597786675
1.04815954613954077,-0.440819878158059009,0.345859405556796451,-0.688706447620196727,0.455803942421710295,0.879861853176658215,1.03232878042028453,-1.07754827314489421,1.21361779604968412,0.681009900970244386,1.69512502422573608,-0.556696020255698087,1.04706925176810595,2.11622185728277357,-1.56715829900785608,5.20870103408633689,-1.18186749323588058,-1.12786173465901562,1.48944987518952265,-3.34468708966599948
-0.749213706409554869,-0.880941394334928574,1.35510020392854824,1.20836574513120643,-2.57695077505417958,-1.02398206977089212,-0.917869330979530607,-0.24397748108058126,0.974598982038080375,-1.08493694486090275,-2.41066122016110862,-1.5863955408824677,0.67420243880290931,0.476181855528596376,-1.17585788199277896,1.87094148345069855,1.776502321323844,3.22610714910979723,2.17843541298971699,1.25836630385178583
0.974579052866020867,0.344670360234906048,0.250616573281977451,-0.247711990385878766,-3.16007078981897882,-0.538542697580181695,-0.104465578611481896,1.80226072474281906,-0.282238328626617685,2.87993178649926351,-0.11269464907528394,-2.23972677622047156,0.85874096546043166,0.972500021792928271,-0.974537644407697634,-1.38503621868925997,1.72806332503736404,-0.656983445356971729,-5.62451037768512574,-0.655967410457158118
-0.794936003921911882,1.14119673816070466,0.260581185365572787,-2.14397204030966559,-0.288386645135375042,-2.05868766650858648,-0.956794118375036806,0.305422334082656621,-1.39694058937094456,-0.809796682089019004,-0.290991570834986835,0.166403125295345622,0.130605904145511875,-0.0697442463940643326,-3.5507320665772748,0.0275229380051012912,0.0606353583527233439,1.67699924044763882,-2.02207945974424286,0.259872170685681636
0.994193894023588376,-4.13701685306041433,-1.7034610666787291,0.771368223206939541,2.59950570145231374,0.13079024569755196,0.385410190034555122,-4.26028547378308708,-0.737646041298397392,-2.23050891957347419,-0.889916384156662077,1.20281033250902092,0.418326276428329091,0.847266963487474656,-0.645964122958403997,0.29306760518779823,-4.68468430519008106,-0.760878425396738223,2.86058650341106224,-0.399673812034638809
-0.340323997157888303,-0.513108054950446757,1.7331914745946031,2.00744547335534573,1.01057635022013215,-0.770764619053407873,-1.16445859297195464,1.49789416933217923,1.12745885595887074,-0.245272174060645803,-3.92783391846524088,-2.35880849657756242,1.019783893685966,0.287215277284886938,-1.3712349242700872,-2.4805281807172026,-0.868953962756172094,4.79354939709070926,-2.07832895752444324,2.15602571182465708
-0.353053399348051133,1.97534718179219859,-1.60898025230024277,-1.2739507095424849,-1.8593017546686248,-1.71772412443358014,0.019868754132508111,-0.997053186722933193,-1.24028965962689863,0.77278785809074646,3.51458898568972389,3.90533751485530223,-0.31226972425197802,1.19440626319479093,2.5697507294952735,-1.1578500095624058,-5.04825443835126642,2.38549337663100669,0.120546469033303322,3.70322724674111736
-0.438923155534022058,3.1421541871490426,1.87900824395896149,0.543753629696403618,2.24012852585875022,0.174147885515007372,0.378294587818857608,0.867127205428348202,0.823680865679150664,3.13735514009533212,3.58680047165547666,-1.7184448209447265,-1.5126128273134658,0.811182072782718588,0.2606780090199593,-2.07103785215081482,0.692859543239877973,1.89170270061912937,0.823032238521187232,1.63424576906499652
0.296153547558291264,0.154979646859388892,0.712597213086552217,0.302096132952448027,0.698396340255294068,-2.01375212351547006,2.43653265432811184,2.1026723867536119,1.74568579152637349,0.572316647883598151,-0.596715172772155245,-1.81047464777553846,-1.14832762302595981,0.997697319459802445,-0.519425655949115384,-4.61636500850680775,-0.287796076908590659,-7.30386076452337996,-2.92071975847181831,-0.578360577783594287
0.0990726826295247748,1.20603971069393068,0.0793457745561344657,-2.0112299745596971,-1.00749758379745957,-0.737814380547637705,0.255555890045765011,0.0900415793213162341,0.979506458150023795,0.202735869648410644,2.01887971405380906,-2.3676035852038968,-0.997972845772387318,-0.164948738715292864,1.62949513760048514,-3.76292787792075067,-1.81305980544262502,-0.900989555127734598,3.450170867790741,-1.16341639047993328
1.26331951204165471,0.062446525596486599,-1.80851925285729709,-1.97209879567112156,-0.624231961801270496,0.756162540652604798,-1.75014826064457085,0.606710749024281792,-0.120734952208646107,-0.81884178510740202,-0.496443296787130006,-0.717475228688984612,-2.05536313819187821,-1.5887206872021955,-1.93747990820958194,-2.73949519378633655,-3.6986202547809337,-4.17840992861775717,-2.47646865740358191,0.621614078903606315
-0.53060444143564145,0.759603663018411313,-2.43878645507871017,0.224254643816350185,-2.43392573890706965,1.15143213568339897,0.983471451778494044,-1.91414146341186719,-0.915932845452568478,-0.0535275810314673264,-3.28628294785464536,-5.25449258512749751,-0.693497337157899296,0.259676638865927123,0.0484920882408079595,-3.15126811157143605,-1.40054277059377807,-0.784778958399560467,2.29276111190071497,0.150098637439601862
1.72710623215113768,1.92076119372477327,-3.4934205080040539,-0.960518812301788594,-1.86526947473614202,-3.19049857054276975,0.612567768705335691,-2.62024632594833573,1.24366154587869171,1.34668730642294343,-0.115825263417413532,1.88152135309599822,0.49497842601919001,0.0589686080361152415,-2.4285178436355821,0.967141587070551423,-3.36978754899273314,-3.69770155073493934,2.17171767841918451,0.32121528707423308
1.64867782042155731,-2.5912627642105539,1.2039952416454609,-0.891400665644765722,0.546372125216605609,0.303263942235028061,1.85090395469452984,2.61342752138005086,-0.620226218971047794,-0.580372116041597441,2.39459427263128299,-2.30208789163909167,1.50526304246128073,1.63806174826482653,-1.38614793848480944,-0.558718618346825457,-1.52259822864828398,-3.77159308881480193,1.19298075396886416,-3.05781178755389238
0.827230756944059786,-1.33530651378405363,-1.83622848454675625,-1.90942506830212855,2.87130339949469304,-0.313321597557077003,-1.17065200684453563,-2.90728594721548106,-0.902592945928292201,-3.04763369570401199,-0.205516425951049464,-0.891717835925900815,1.01066226600568698,-0.0234856949320655373,0.258483857455849453,3.5408770143592605,-4.24701482690659393,0.472335644548124212,-0.474399824301467987,-0.476285311575287418
1.89582166469966995,-1.50231395193847606,-0.393053042849486167,-1.25455411628646174,-2.9184958002099477,0.460114540410092754,1.56004384412763564,0.339726473143734609,-0.703636741775503283,-0.732794363030598084,0.221139220179037199,0.147514295253467542,-0.320831108370469076,-1.02520740124311427,-2.25892664063590676,1.1854205392607422,-1.33778575764638208,1.715119162648715,2.62432841447943677,-1.11702785312837904
1.21099442710527727,-1.62812445479147838,-0.252445353110433923,-0.292532913034393105,-3.62892206339179246,1.89712079798069122,-0.83399982905835246,1.20047715997603333,1.52129314230195178,-0.615977483253905556,-2.2206877167358221,4.55155546448741699,-0.361601220758125119,-0.169955304288271519,-0.942878435944455084,1.79212646124014308,-1.90463050851011939,-1.33164388536345024,-0.752809327087013869,0.128512429024830843
0.0696763574981571904,0.768932814342727755,-0.30211730939947018,1.20547857309269557,-0.76924291014130497,-0.203591374106547152,-0.571668239659518962,-0.378126991390436484,-0.55738888462332048,1.57519755996419675,0.540933150595673151,-1.97872091102686642,0.311683864475561123,-0.395532300931253633,-0.91806403567092143,-1.94583511645753138,2.03652100835556782,2.32473585945660233,-0.588136564915358262,-2.13872765640557638
-0.499081496058472518,1.6999856042755348,-2.88230054942443958,-0.477414785712937217,3.87886074406848724,1.06589408829310428,1.01115499716006352,-2.62485123773294404,-2.15501285769729112,-1.37186112529207804,-0.732326922818343551,0.00561046074384171246,0.770024968648936659,0.689222984093645019,-1.50569224785546885,1.73471588507547136,-3.27519826601806319,1.74663424174023141,-2.49268045703415764,-0.317351954370406364
1.82711033124844224,0.252900642342505644,-0.247123508417119803,1.68910530412807836,-0.616395079833170545,0.496525749367673075,0.12174969088030238,-0.201343299338031356,-0.723620124468091208,2.03386185791459795,1.67065307969876042,2.68731603199399993,-1.05986450201309634,0.827736906943370432,-0.593269695991134993,0.299349567737564493,-1.22648900932638427,-4.12154693243026138,0.598152132257678937,-2.05993233758965077
1.2793278839982094,1.67869017510556584,0.50467443293087566,1.52634521891078623,-1.39530282108387693,-0.216558311757952204,-0.43113947277789838,2.08027792656795718,0.522599318595671991,-0.297792987518374241,-0.229877826645035671,-2.77569085530174808,-0.705474727449316164,1.05888195133765017,0.0463505044050572315,1.61136988594359432,1.99853252580028196,-3.71153175806649349,0.760513819123103563,-1.86038872256713161
-1.85007335627871217,-2.840560584735905,-1.54219628797197461,-1.23388275962527838,0.227744677119047362,-2.79154293717953506,0.142540415076472221,-1.07266017678021841,1.49809110075681695,-2.43740176864092017,-0.50434596099841722,0.0778510771648273231,1.45447943338305774,-1.70159263318012033,1.02709084274377282,-1.34647014646432384,1.49698869281190583,-1.98116351813103786,2.26711003094106456,0.372414882409911163
-0.896145126990329111,0.600578787950479143,0.516430811328713268,1.26336340655687596,0.985262019921453014,1.30633384976312872,-0.104143522721124565,-1.03985866481385059,0.770671591598808381,3.15217205709325743,1.02450094130569713,-0.213256837893075896,-0.775837226200422503,-0.095164170506317966,1.01029546586386543,-4.28475473506779192,-0.50943676390485082,2.88539009928648627,2.26258821931104892,-0.184052370586075681
0.129108436362477402,2.00108021117750301,1.60815164006185429,-0.93349683969398034,-1.98986499396605954,1.96928241661532155,-1.02124564259650574,2.220516611119141,-0.355778996337384579,0.895397298772462324,-0.596854895948065289,-1.98572682962619562,0.061434365856036427,-0.272461482355728424,-0.516820655706597298,1.65651418186290345,2.13329720284502367,2.5515805913261298,-0.527791069587479789,-1.06524640816383021
-0.909374397182103333,-1.03436407032269129,-1.01112320029530856,1.54177453368354733,-2.56871672133273066,0.103283945075950595,0.129037027131146231,-1.73662196980424111,-0.919561043329963246,0.574838066915076995,-0.242980540282915658,0.0958412227416394202,-1.16738229174829167,-0.980768801014412106,0.850020113528590637,-4.24096378442647826,-0.740672017848033715,-0.145879133065101946,0.533056813780251382,2.77897400838975273
-1.50034024323485293,-1.54036210034631305,1.59994334887224987,-0.484628960180084167,4.19027290969770405,0.168411815801916331,-0.541077751076741609,0.971403482649313088,-0.639634881152938983,-2.72855326990595382,3.7759273131128972,1.53640067933326541,1.24400317001218941,-0.509932695308281447,0.517584901992755642,2.03466265521692513,-2.6017082991516749,2.74135636237863967,1.05517381713819325,1.01103691826165543
-1.43033819801087647,2.24886135417182587,2.91048150319431187,0.613842281514815902,-0.892356449307087685,-1.73148751023391667,-0.945915745675491859,1.06480919177699218,-1.2183373825100301,2.83580821475029721,-0.0152675419925407587,-1.71329417378858873,-1.53349304922478602,-0.44167487812631151,1.22586178217016295,-0.112581589103822405,3.30545288211528954,4.6249481847056142,3.49453813200660068,-0.522976788520487124
-0.320217657520787402,1.07110112306999783,-1.82509492574373544,-4.37335710092125751,-1.1561004734059408,-3.96001744253203913,-0.259572396479553269,1.62197503137687704,-0.762474339104513898,3.31127979464579481,-0.645267973191651079,-1.96842390801036093,2.91493028331531034,0.947895925332715716,-2.79443105424416016,1.46607482662886657,-1.83344598377587698,-1.11406486477213806,-0.811615254688875742,0.93125292181824415
-1.27440337950732685,-0.356307162450508086,-0.681156196544521642,0.372996046256871827,4.0313610125303212,-1.63229113217380162,-1.1340411967541606,-1.80938772156318661,-0.537357655163945291,0.0586121514817176115,1.02240430966920948,-0.388768549622708792,0.248291031001997703,-1.55737504341700195,0.650276549642198387,-2.38050668721858782,-2.01753196695201664,-0.777174545060733024,2.56484904435103811,0.789833225459281918
-1.0481773724906942,0.450929089002589323,0.835207428765511573,2.44694478266947346,0.446619735526935568,-0.728128746663400439,-0.493432572545082104,0.440673218130128219,-0.203950197450206733,-1.92783240217846186,-1.61515681607360939,-1.41636825955794587,-1.03885344473031482,-1.4299593454820807,-0.572581578146925119,-0.252265296218944612,3.59374593811196252,-2.07913421615491423,-0.228061373184072436,-1.43779932724568016
-1.035521047224778,0.870293976586584694,1.08782631062752833,-1.17090748422897928,1.55083163061556739,0.981803517506053991,0.559531600168593379,2.96344148639621929,-0.468161046159410732,-0.728644436402019036,-2.72647110110355895,-0.654379355509393634,-2.62086077345942581,-2.32359649243879707,2.15591143767726434,-2.69747523921286092,3.99276490731500422,-1.83276632072542012,5.11061665017936484,-0.592565839359068924
-1.13398280564883813,0.0791314506625407088,-0.270590369944283593,-1.29005214457395923,0.554796497061409322,-0.888359282336350087,-2.04898020767655842,-0.384361659534495637,-0.835353979953840864,-0.335417122117836641,1.92454595345762414,2.55527436419531195,0.27144863853575435,-1.91151463644474462,2.91611057904149584,-1.29365078138706591,-0.623695346958085817,3.74097893895040778,0.114059956889838832,-0.448626216224204233
1.98262482853174782,-0.443047205681988798,0.993430770757342096,1.43381276413199266,-1.6111985050984865,1.79951115576994281,1.83046305731574721,0.799576984873547891,0.663820440464484074,-0.433524019449538445,0.925513963925944427,-1.10164694496955429,-0.00959008035792124035,0.133023908509641686,-0.873549462655613174,2.45013883271160182,1.368565178693258,-2.95910220060196316,0.873363971791773164,0.0824699478757772858
-1.14511391116686889,2.59672782260849333,-2.08045216418489209,-1.23061712845950244,3.26905362007855071,-0.0883333891312626102,-1.26445610569340894,-1.98271628143764378,-0.634994084819479054,1.5206221276134162,-1.15936575790053764,4.09804784268870215,0.0583491854900308887,0.256221868884412396,1.28304924712195789,-2.27022274467968099,-0.120836223172294394,3.26802980197703885,1.95967225519481891,-0.302181119422830102
0.38486618765445807,-0.179685301931252484,-1.38868102221207357,0.896577948870560304,0.715774549585738606,1.94013946414658212,-1.28980215188985037,-0.945026171424551364,-0.420473917893350979,-1.61805833895334894,-0.56037317582334023,1.42661100414393394,-0.740043602227495545,0.115676263729189099,0.151865341831180639,-3.19432895557331165,1.21511629382514008,-0.11838578214543341,-1.70773165137300564,-0.361894412551181766
-0.624519062344489728,-0.170592638329837093,-0.674689865088058838,-1.69377869405091208,2.3073269980869382,1.65203568256337752,-2.08674580709369195,-0.17868853655155742,-0.800543546121536997,-0.374947518619944298,1.54528849882386954,1.98905628361834386,1.45387257374804335,-1.35820918711845495,-1.07727684232817511,3.29932960035623957,-0.459469305777775616,1.69754685554284013,-0.487081508349289594,1.59923343606256219
1.41281378706724836,-2.9255195772637852,-1.83774348903752549,-0.511135751552005968,-1.47475580716534527,0.893308358746729758,0.906866398419175712,-0.111054994549434141,0.839715128225780316,-2.82861479195419241,-0.0811314183599494421,-0.649815948929202469,-0.639875532424721172,-0.305397579655520279,-2.68786376135544414,2.9263838199666079,-2.04386769208704555,-1.27285630126397931,1.54892094466090957,-0.992139109960590071
-0.253518023730702757,0.206056907865940081,-3.00203306427361216,0.172159873387731116,1.90653088600166143,-0.0573383753559110684,-0.856075905197033138,-0.676346994268528623,0.878868384071734288,0.914850244581002503,0.577839974456412109,0.0744827789960715581,-0.525133673763859998,0.988936319218629567,0.675608337005941029,-0.588157921279728102,1.46978121611481671,1.83738809086595434,-1.89055972109673331,1.39535393268605135
-1.38461493365071586,-1.43671389970649166,1.26056096626667347,0.140792374429622613,-5.42258936408886161,0.241210913983715775,0.724851228342888954,0.694224051732601044,-1.3940535422709035,-1.14179053694770127,-0.358255709983868409,0.13831176448434887,-0.917455509608550268,-1.96060842962456383,1.7744266208732713,-1.25555559109628301,3.98552092437608829,2.09053879200174286,1.25184822863290468,-2.57624033633593497
1.34877633757810145,-0.412907226886164991,-0.765646713775299581,0.339712548447787976,-2.67306745871653595,-0.0264189214878649999,0.659843903801237142,0.52256284830921762,-1.14585152819565605,-1.78743208530704956,-2.86799671413716206,-1.42371769660077896,0.52120093786275179,1.36846202103914139,0.782784808622404404,3.09982721364787617,-0.960759508557244679,-1.45571114438533078,-0.583689106759904375,0.206097397755707512
-0.0202294451654386233,-0.865299853369275729,1.4530253780642397,-2.39436859110327482,-1.23518780777663784,-0.352336086874479815,1.95124353191403554,0.492553931308587545,1.52571070041715973,3.18595470516979828,1.13768984923525496,0.0369522902680554585,1.49826404572764127,1.10832209490857414,-2.26325221717959923,1.72899532809273571,1.57542809048105914,-0.382228935320700403,-4.85805290515720678,0.286654852465072274
1.46297999590595218,2.52992805905649609,0.402000125915545403,1.46534940084846643,2.57931320297005406,1.4666270266538417,0.434616672419926187,1.41317637031744869,-0.262873972766090924,-1.00005850315461542,-1.4215436696846655,-0.328091088822720145,1.31772506009777879,0.954004122067483529,2.07880645303375333,-1.50164447361767817,-0.306786688466926638,-1.68867311976995293,-2.25578482289105287,-4.19120905236993657
-1.62915744718791444,-0.461612538945422923,-1.36743680979124527,0.901279548258270613,1.25222528063239014,-2.23087931713844423,-1.7680350615100815,-3.23698793537538165,-0.342441426094807988,0.658525806853069939,-0.409618775276164138,-1.11540029784567984,-0.147836533177217566,-1.46953138820258089,-0.334280114387331684,0.38621955530173635,-3.68286799079833971,2.18861533975838007,0.706437444227490441,1.74166123066435774
-0.260732188222754901,0.682767327762433096,-0.542353705823644616,-1.1923373577798948,-2.31398559017763716,1.27726051575303234,0.0877787416216078836,0.247310689782362036,1.39390439232476004,2.06686169725537372,-0.530604810449244124,-1.98542232608177782,-0.151933334856310637,0.521847029886428282,-0.0781627522918743045,2.92908358388615397,0.181849255175413171,3.0324946844575229,-0.519751993717358474,-0.340718660834973985
0.797177880844262221,-1.45068303713537361,1.14761055287710856,-1.5421352791729086,0.623454533214411355,0.329665201797347374,-2.13003112559056751,1.71177517686810665,0.0489128993881313284,0.705993098880868697,-2.58396804441000372,-0.620462910243810173,-0.470462168777342427,0.725511272899174275,-1.43802335745142251,-8.29804085146175652,-1.72446430130212103,-1.1129636122247788,0.472531773134602928,-0.201918095561136435
0.408942357016582936,0.0116145792063343575,2.43925637937479944,-1.1910013903592287,-4.75500779372095295,1.15483528006768799,0.557552844743092968,2.31845453210562358,0.589550029201664993,0.134757213849694302,2.21697066030463619,-0.137655207059720924,-0.355292646191228634,0.914954197847995254,-2.67260527460129493,-4.69154371143741145,0.431128006541455,-0.0879033712718205601,1.36588175822279223,0.566301093967553903
1.45603165228594156,1.90307728750113081,-2.0471311956791749,0.452012583929740308,1.95793332363168826,-1.59091319699076594,2.26041676931211466,0.443041522503473839,-0.156096032155943643,2.23301384288449123,0.358877104257925961,2.00757813940512575,-1.17101814578901298,1.85031077309156222,0.0522836238357831107,0.82541073507825824,-0.409986489417329347,-3.64949344043556145,-2.19105270522228901,1.00812056440777709
-1.54778263325803689,4.38629610818037907,-0.320299842402350765,-0.0611232717539906545,0.821801053999281272,-0.983582495177189542,-0.430650457571856271,-0.094986895984088035,-0.764067423243648181,3.91964003423463581,2.49208726782605439,2.46369338699929141,0.112363364284961978,-0.529028389619870087,0.923979421091368325,0.311944374641978162,-0.485359266210853013,0.279030150497219354,-1.07712888267260554,0.153719390345166601
-0.401123180117096079,-3.223787628161491,-0.0562484583195695803,1.26389045554281787,-0.634134057624735736,0.713706289606113931,-0.875189189686078728,3.20850374372698788,-0.409495919951712362,0.0639592862360925662,-0.158375041730263538,-1.03907115039580322,-0.655165262785687541,-0.0634716851041235153,-0.650735191390372725,2.26153524477424428,-0.752035085202701681,-0.837056286563735763,-1.47709739692977715,1.00927824232628938
-0.8687793833802403,1.10445802956861705,-1.1176593179338703,-0.218857995557077217,-0.425085131785855441,1.35829676220713313,-1.51999660140146586,-1.77052191534036196,-1.56408288933596262,0.825868465785713157,-0.0710715436778721343,0.596525647739397868,0.436892533707543218,0.464686436976705419,1.54279586375073907,4.12167420386529759,-2.50446092511896934,-0.193233721756068177,2.04795480580645473,-0.616910372175013433
0.31649344916924832,0.669520510394276291,-4.59396160746357207,-0.850424645501761667,-3.04879601619298768,-0.171123887165812644,2.68900161122538339,-1.94712397964036166,0.728988084443379036,0.97319069384344814,0.438650584827170842,-0.15379848148222669,-1.14685913942816087,-0.719500341636125418,0.126803147166445751,-1.44632578511325871,-2.35636925990918078,-2.30253277103207621,-0.703414094458035488,-0.811930155976217316
-0.837932328111440472,-1.0582627853968205,-1.89308011202690651,-1.70172073398571078,-2.87063510557522861,-1.90735896779701708,-0.217301659173244011,-4.70949406723253006,-0.0412773925139282433,-2.03086218987515066,2.8803592001206888,-0.867554415997445427,-1.73550935155494845,-0.407388981872985723,0.0612330338469193672,-3.74900661525532675,0.947043450935846187,0.408101233343720504,1.56261772818796918,-0.418127456249391738
-1.42126083439605089,-1.0209346036902085,-0.875750723524709618,-0.536991983738918877,0.309893824585032618,-0.142002612387538502,0.291900009606476829,-1.5762950268501128,-1.08079415031272763,-1.38656405435470065,1.64790825835002397,0.41384224116980961,-1.81854368997236926,0.561010305231604667,1.47631805006406513,-3.18240794147451789,0.692694478016094739,-0.0676576943075667125,-1.34678260873598488,1.66202813307265984
0.729448623037701527,1.04152140326858977,1.63804051512215909,0.550615943043093248,-0.724195206113286916,0.831096939895166198,0.938164602561569416,3.31009622303678386,-2.17500376157462272,1.40368172385810275,-0.752639305264404701,1.3865328264190655,-0.968394368431774288,-0.839789735936389281,1.88000712900499689,3.47377444892915621,2.17267790855942033,0.447004079240103713,-0.611293894090339296,-1.308182802084078
-1.04743166202668148,0.648367338832422146,-0.245104164614252329,-0.466943840323311266,0.766587647064878253,2.6057659061529268,-1.21738099559302593,-0.550306648845562352,0.53237434559950092,-2.37106933928768893,-2.17322795827222315,-2.14560108573991615,-1.32299068931735886,-1.30987167517917102,2.61236552462609328,-2.25166707069613103,-2.34600073937358022,0.0121547721850521831,1.67686178061522462,1.56040472155891696
0.70184296583888528,-1.08890942125985157,-0.192648241850869539,-0.56942194847080807,-0.424886429908649166,0.348023483382804089,-0.39296931621259007,-1.11912306521303107,-0.814231997222324644,-3.08026965885074411,2.77614843915908915,2.52772542614327467,1.04194882489528307,0.197407752809797526,-0.259461306811375803,-0.486828150549054761,-0.918457332052536657,-2.93534253969429448,1.43904252359744,-0.998922322412042374
0.292011393874040293,2.2620750111714254,-1.1536221765841943,0.274935275557182668,1.30903462866210796,-0.585269226820784305,1.55782275069135578,-1.45351780587562329,-0.266361521886186725,-1.21086877026485462,-0.916032366964286027,-0.211123861910057581,0.287909386839116432,-1.97218631868316829,-0.592594839017466679,2.78444642961116662,-2.45976489107842555,-1.56066064250005443,0.369745613251453498,-1.52853908745112599
-1.79447578195622737,-1.45403324418845226,-0.874809654562894945,0.419189438479077248,-1.91915796742509848,-0.666463590157293284,-1.22726945555460709,-2.58795452375433133,-0.0369836307074341286,-1.39819619771821713,3.2024058460466156,1.23699171772687677,1.23305994187486045,-3.63264493919657205,0.118405772715786159,2.24157747492709447,-1.50161416107986723,3.00138405911881234,0.355342183509288201,-0.7638145921699242
-1.8071634531676124,-1.03004749574579524,0.88336990799699977,0.0565297041955967819,-1.93155234281401156,0.926370270801048723,-2.40534172259345969,1.5338373450141114,-0.895940827407416096,-2.2451306751124509,1.60006889865955038,0.826506229667102743,1.29375413766576886,-0.864408587714294296,2.22280855466389049,0.775739615620131051,3.61147413230572223,4.49529148921116306,0.976561305851703865,0.258033460702686457
0.683403347484194956,-1.94905214012285199,-1.94305306948318313,-1.34693471443907598,2.43188720927984559,0.12726485510948557,1.48387700140758927,-1.41471109351560753,-0.666048639804813991,-2.44292815725107415,0.852777847520243548,-2.67481900366651626,0.739313621281243449,0.44028830197771085,1.75882865671707123,-1.57078243517054594,-5.92515819285360212,-5.60326461162025158,-2.75080084128825719,-1.17954264271754083
0.0933916401095114118,-0.154235274059985855,-0.677077446649604564,-0.0701589174851716263,0.358855600588044887,-0.966592646168302871,1.75752427207857354,2.32656370608452878,-0.911854432760315969,-0.120774958086309628,1.3473038455109545,0.0688946648205082113,-0.610374608861409151,-0.23741772725716731,-0.139646799431696889,-1.67673474087232677,-3.06643452778842907,0.46879641936205857,-0.358997916775399883,1.47741247201877801
-0.388779186948705002,0.993344821196094241,0.167163532155636174,-1.97596332350777559,0.368188084225503254,0.723654196462471422,-1.25859115511977615,0.127236673885247842,0.442717061732768702,1.33887192383814213,-2.73700425963477922,0.208987200776965587,0.516903996734702553,-0.553147805428276573,-0.167248614652738103,0.402320486781155118,-1.64092040665201444,3.47724384252944763,-1.92418126197000849,1.02505834197511825
-1.13888697596089283,-0.784602988504945142,-1.18083198067625172,-0.894463345334487903,-0.895312736660606068,-1.72230903631179033,-1.89165847871436199,-0.829948043932192236,1.32398242705832891,0.429855363079671204,1.09127957011848653,0.982359815554460614,1.12040822014741304,-1.68485077460399757,0.272408901022947403,3.09651067456687157,0.889176404997950476,-4.36354528410293163,-0.815545192555700793,2.38288997651277068
0.78910472191472103,3.23391489869176407,-0.762728633734131689,0.41332862078790028,-1.50656916188695789,0.439015260462572943,0.237554600947780997,-0.783721798969722827,0.286893560484075105,1.96478944410237566,2.1126609565031762,0.682988377313829331,0.960208149733910332,0.556156888889142054,-0.983499950335145479,0.854226398531448661,2.29708254404332379,0.328795032027980494,-1.39498674402627665,1.81886625818376357
-1.10924872982391154,-1.2732381136478077,-0.398795264596024324,1.8562890422041094,0.954627113814301098,-2.94501441597198577,-2.29965049931140708,-0.30254596156945035,-0.45557062978732793,0.592778453905884795,0.600992780518533776,-1.09999540095007786,1.97076555255274033,-2.07217756474109871,2.5187053559294319,-4.09000373198302203,-3.09214316460724703,3.68826514679124173,-0.536422808317883693,-1.05271705307944297
0.338671358543277567,0.739556691697205282,0.310174180487983342,-0.267066890093111076,-0.603979469323268736,-1.75752956483853096,0.372156370059017638,1.49779532717589681,-0.897192811559293424,-1.95995242823794324,-2.46468354416014712,0.213897374143073526,-0.587244234685385669,0.439848518691912216,-2.19989070111017071,-0.142775394636249026,-1.21937021366857401,-2.150376897131697,-3.28565839662632087,1.96690021068737275
-0.632891342303898874,0.0405205918112363853,-1.91103530156626289,-0.634173789133962718,0.886744635457494712,-0.0127804162853941191,-0.781435101127221921,-1.87746205595544224,-1.36831791478545406,-0.185845917778631103,-1.66049598333755144,2.49242657103280907,-0.571051345338163929,0.357705207868821873,0.862646339761828918,-2.56609567368414693,1.12734838376349433,2.42570123749301958,0.784606553991055611,-1.47438572440684812
1.00919410788973907,0.114756942086120195,-0.701823249535415528,0.459427818118216535,1.10817950140088439,0.153472193132708101,-0.431222551728442316,-0.46222811866566943,-1.1295761491584615,-2.07339534648080859,0.969300459644890866,0.360235821745500784,-2.1993579108058201,0.967049006135175859,-1.23883135409285217,-0.799119647579477177,0.733967365503426894,0.320931909319265407,-1.36894838429893562,1.29642393584608451
-1.10940372284707545,0.0484948770936100282,1.7015723227727042,0.142761156667335409,-0.45118658604076417,1.62619687432371252,-1.25429453722261064,1.17863597285145505,-0.003351157781681519,1.54072850053781174,-2.30424556504613598,1.08872655362916881,0.510932296430057775,-0.566322662450836178,1.36361834346160715,-1.87002849751232691,1.00536352219445191,2.41447249855108748,2.66532297306892252,-1.07250094992709499
0.432290851389005693,0.360437550516833238,-1.31267681467554986,0.31493464304510671,-3.1546763427674902,0.466898638562986301,0.218786610200619069,-0.157199589545025831,-0.716672256324845769,-0.505734229248235745,1.85071899588285205,-1.73922890135282771,0.658452665432050277,-0.187497535211594124,-0.592011709312510792,5.84709633808256424,-1.39861341616363566,2.91963876672396072,-2.64087172723855845,-0.824894829661369955
0.804535822118124022,1.90037347638521426,0.416995715577469117,0.813241408178601688,-1.21910815683831308,-0.346358720062086733,-1.15269863055281774,0.493044319957811894,-0.253753797062800712,0.803960404638073167,-0.0735412868699293204,1.45357971668304553,-0.290695281145224582,-1.0891138877829023,-1.39498881683732234,-0.911047331998549037,-3.58889919464713847,1.58131440323775019,-2.28160548905907623,-1.47325262629939369
0.307773897682834863,-0.0190794257718675218,-0.715228214177710653,0.577102698049971941,-1.51275681346687518,0.219283491449311113,-0.0948410182134634266,-2.73981762385023098,0.0667591031672027657,-0.20713166926124732,0.301726109983804724,-2.75959254881755767,-0.16756396648206584,-0.20496227264083261,0.927551593267527674,-2.05457680812924082,0.341890999540293505,-1.14044600827064824,0.856953608107994369,-1.47021960819605746
2.44794394340059807,-0.492309008217408806,0.0246933484733414255,0.160247897030214331,0.34193106247151922,0.353023921236883476,2.41071637299835961,-1.60621285313685114,-0.0551329249136232116,2.60011929101485517,-1.22439240952594286,0.772921802692900117,1.42859150870015372,4.01962387049647418,1.49943717103147867,-2.55436292319686142,2.44815315776718823,-1.37128626147127042,1.46195042833112776,-2.26313282568411811
-0.450572698149652728,-0.146474247984137274,-0.358952670201729274,-0.981069739221952619,0.11482789729206952,1.11842739832078042,-0.360568392434975626,-1.39849873648123091,0.440330505880798473,0.207966959782573957,-2.11742330732654294,0.415613154522465722,1.02444676156340875,-0.697921551132379081,1.21845217080310819,0.349142755450654152,-0.441355679380304566,-0.489506519107260674,2.18518049318459173,-2.77967058853269355
2.41399692513804442,-1.25979993825583159,2.76192653233445995,2.25471274251580311,-0.713091507187005202,-0.399137067846787263,1.84716850088154771,0.82468568434059919,0.808211696940405955,-0.324298327113426044,0.287708461961836359,1.18532664169618762,0.161893977200525813,1.48005981740845094,-1.9506697804179165,-0.375427788966831488,0.321156274028518263,-1.45614661238770648,1.32861688217575602,-1.83666304827102977
0.287745293458712359,1.70999206551117156,1.13739497324546446,-1.71423802809816817,0.661907248648289537,0.0751173537448420053,1.28805492764862017,4.3685946348045821,-0.945820751636399559,0.542033425549508618,-0.517602959729602685,-3.52711833830110777,-0.556060183604868863,-0.95671990870969581,3.43456374067347525,-0.672831021147676456,0.627372098456823069,-3.02348520980506397,1.13244639549916304,0.520079590904838795
1.15468931367777294,2.28939414512897699,-0.717714627324105736,-0.0703116869552122825,-1.66963547343109986,-0.806583901550758542,1.55134749330927857,0.0518778997216567048,1.5598390242225515,1.44891109195768042,5.50804608242056748,2.10392047485879541,-0.0969654818275718089,1.05346129605343752,0.544249874833128588,1.50283528620423201,2.03863286038062519,-2.50870649163912107,2.29340200295257146,-1.18752608310636543
-0.583856777333567445,1.26360846869185028,0.782632059744657771,0.401112990405695979,2.10607196818475373,1.73778106436243407,-0.454573473192742494,3.37508389804367548,0.378528518462131203,0.800024935304362472,1.34741406941569064,-3.78531656206729439,0.300088199018636426,0.690556248886871726,1.31349653816438705,0.313125743801143941,-0.831611987641475592,1.04899240671904215,1.90041145979622073,0.375365447126836282
0.201097641612936584,1.45114724796915961,0.35282379654461915,2.38085986286332441,-0.988649014917793001,2.29107502150927189,-0.553238632859766821,2.6966948354153284,-0.661483713248402827,1.30594951531492653,-0.46285847222361981,-2.50237630631518559,-3.0132015969952648,1.24605054052105513,0.627527458618651113,-0.308325952655396196,5.28728426934818962,-4.14664274524427157,3.71500366165005147,1.40312195741845902
-0.668076358894147959,2.10602516529183958,1.59598476180364823,-1.1174417873980893,-0.360831974417989199,1.48447692082516913,0.547646086714856817,2.25433904191035994,-0.283848822796145983,-0.583710773875448452,-1.66977787413855472,0.13175368643742924,1.32334862806332199,-1.77001159994050927,0.700551518978197119,-1.38168965474208627,1.60183382671972896,3.10933496712084034,1.10724445584963593,1.21134813705911837
-0.68813751835442416,-0.21228749197017216,-0.221300713743856514,0.777650263548496423,0.553602140979175261,0.68963904966484002,0.365573169785638696,0.595790811801766851,0.565001257524327172,-2.18443034509315126,1.22840941657761671,0.758049529408990286,0.168522107652972264,-1.05205345318677712,-0.534555491067266408,0.245428606056567522,-1.49582626473363067,0.954227097362610133,0.697686429512541895,3.31957357563505351
-1.0795174668527816,-3.31834327487988023,-1.1436311134202104,0.444590716002680242,1.22424954556501508,1.16530321318674712,-1.84056181040262024,-2.84344114354896549,0.131906698570682657,-1.93844025351886629,0.746769376926903927,0.0412477970071929087,0.496896081592526906,-0.48127965039279158,0.452269594086808946,1.10386524478389614,-5.43547187522426523,-0.0888390131471495231,1.17640409218401487,1.24655737093955721
1.70340496487912119,1.72532769169523537,1.20776006420283388,-0.205094097368522604,-0.535042739550511293,1.4364123820529604,-0.351716739329769323,-0.401088458086743982,0.608869162402940534,3.18115277453992373,-3.98015122723762227,0.664550479218219636,1.78652289995079627,0.571229061157340179,-0.0836374574553919586,3.70031688004040493,-3.68143785143670899,-2.47757558662738653,0.73913566704180278,-1.42710627540223012
-1.85469083655767419,2.2447783898950906,-0.907823076631197878,-0.679096828700574529,1.05511591079006251,0.800465720849549811,-1.63407816085652136,-3.00475212380632239,-0.405926696859140623,3.40206018116593079,-0.617980675079442876,1.94214790544994065,1.34545719130731078,0.41421684222907279,0.889414540098143802,-0.471597670846365002,0.0630703107165411919,2.21568737586762987,0.343633477930516684,2.20853856556135009
1.12529000576709315,-2.28488958852564128,-1.48855608646848792,0.33919790693989188,1.15038094805405566,-0.144811668334462962,-0.841156598180684223,-2.05651107607860739,1.46007629151350771,-2.91569360683257228,3.30664160031685883,1.92804163227157321,0.0720112532066028432,2.79159620776778006,-0.0528651230326965538,-1.17730780820067471,-1.55245485645637493,-3.18650209490568814,-0.968681000550459914,-0.509734257625821807
-1.42185862898074289,0.112473240935063459,-0.708630963304905825,-2.9899129800558657,-4.170100354182952,-0.695194574056637649,-0.00364451525387745603,0.139753044150126932,1.58025635627898953,0.170310475397809996,0.986861751285694089,-1.44069939539587444,0.527303257634296418,-0.0979468828797200597,-1.32501632438176742,-0.165633105223850913,0.208348358838923831,0.572214095602991635,-2.32983473944173225,0.044434946424117043
-0.00286259645802987685,-0.779276265173577176,0.207183581361569502,0.266263766339932595,1.97878402883344839,-1.59978762657454632,-0.325115745688103086,1.23106633666997922,-1.63883022734323025,-2.83854217968485534,-0.757861534735986053,1.38184120109479269,-0.844216660768726701,1.30233786421458508,1.84479593886882931,-1.38591498037380467,-0.795093194258389646,-2.07343599542785695,-2.54568822479176582,-2.95445412693758103
-1.69058866685010067,2.12493397019668073,-0.769100615195827397,-0.5805473221918932,-0.253412241531088989,0.568665608524004718,-1.92471977677600914,2.33882838877766597,0.991590387056593081,0.9058487582786795,-2.38560945787129342,0.775668931790425176,-0.831450463163640352,-0.853988578385687536,0.587896233613182329,-2.17683200357504392,-3.3409859607989798,3.16060800424006327,-1.80228909932204373,-1.27849578603220015
-1.1939843634788958,0.359812876981610186,0.754060870561694352,0.531432083840769676,-0.115536042306907533,2.43764736443989305,-1.07065140419475835,0.0141049889846981916,0.401381183162141442,0.233033114112006667,-0.641190042587317821,-0.165328836477148272,-0.42604131456887584,0.214661290637165103,-0.266824329582746489,0.639819264117514663,1.8832411181455877,3.99492955508178582,2.07515160324932957,2.51359040131822908
-0.082783087990414353,-0.770466710435964597,-1.13340456368109677,0.202359966071713998,-0.940386682423258513,-1.35507536209081203,0.216992499860567567,-2.93392667843897081,0.675216769895698454,-1.74504965485249364,0.684482599775975808,2.12189125878793305,-0.702537652526529777,-2.15099540491774999,0.946094511910539504,0.217084413386231523,-1.92284811338368056,1.05566496760693052,3.50539110097600748,-1.43669462002884396
-0.362633809442571065,0.736584634583543063,2.02264692545338942,0.99888284805388039,0.0231957133560293412,2.73512223765821361,-0.836743492233473551,1.23994501131443857,-0.905957127910380744,-1.37130271704054274,0.802582168070280932,-0.835004320975573755,-0.578023433185572144,0.185235743493193022,-1.8778660221875374,0.320990450697937413,2.17454353645825504,4.53823499340051928,0.367321008697542251,-2.06725598217693518
-0.303805862298252682,0.179858198031055905,-0.518374286763840009,-2.54815845194137625,0.00855666131874389078,-3.13845279308991065,-1.1644665412592381,1.30968490365328094,-1.39408262073649603,1.27862814405237435,-0.00560523192013482382,0.942624366306783923,1.67244598694922475,0.011776428903012566,-2.68487709755902859,1.27536055450246288,1.63573872681560561,2.14411226558513546,-1.43506147296553799,-0.507563733583296539
1.3607310491439939,-1.38650274009468677,-0.761610695511828584,-0.319217876623136332,0.158366906949404473,1.43312686078293217,-0.184363156285952734,0.702296549498994449,-3.43580498807209267,-0.203479455470093024,2.44844492681587145,0.32443273821760249,0.150984395233755953,-0.410968334830735249,-0.503244217621511503,2.26024766537405331,-2.16532457833460157,-0.301819646766255889,-0.46765049040937362,-3.88045429919847429
0.32124910819094149,0.737241929171292276,2.96435353669901946,0.0808995193747204522,2.42823705399143552,-1.3073186226603899,0.915742092039602329,3.38439887148112017,-2.12925468662918416,1.21372635171613075,-1.34632766274426641,-3.71960734133640081,0.521630354981883149,0.0690565338040395743,0.528866338391596136,-1.08836965919452178,-0.00971130627928734787,-3.77280029487013202,2.2499156798642197,0.437327446010991716
-1.01870364631527233,0.568409815227342463,1.79942824152130632,-0.142375080127861181,-0.3210320351432282,-1.60462293702784176,-2.04461057716672778,1.98296283078524338,-1.73625744629435497,-0.89447675245777658,0.550506517222811298,-4.03079715285242735,0.296291683904447878,-0.714703284222497737,-2.29913581334970463,1.41126019902937316,3.9738872082951664,3.38028550057094268,0.401649107171117403,-0.78671120164946573
-0.861827833048381509,-1.97793413996649736,-1.31946570966676413,-1.02226008943023761,-0.885938945023201807,1.08884557166963303,-0.762068336464169938,1.9066225785052846,-0.346109500174257678,-0.3458043349942031,-2.29744295467030168,0.931775118804007874,-1.64189007874568893,-0.822017694089246742,1.06473556798169833,0.0688324914563175766,-3.78692122894864713,4.06146986375841834,2.11855419124611322,0.682099482705324611
-0.874200224805928072,0.449538505050134207,-1.11542201315714795,1.10003292512232109,2.22773590367889351,2.30634661124527751,-0.723046332162348149,-2.75079339329912997,-1.09356204783169142,0.73915640777492575,0.828417624811137343,1.00244587514265771,-0.0178270241516932867,0.621944214786618876,-0.0477362844880885803,1.34777540487497216,1.87458460907121705,1.50630714573575486,0.270296011845306161,0.904060273815613935
0.0674616083468200234,1.48821475699911088,-0.0417224591117438467,-3.17939815095328582,-1.95808967311277327,-0.21361770482806744,0.560712280570292876,1.57779717771987027,-1.15676570233864173,2.71812785749529873,-0.484533646591764677,-1.81632777071347595,-1.0399219759071483,-1.21882306554722586,-0.34227870106347108,-0.185007113969932219,-2.91216100689487467,-1.53218530333250014,-0.197694520161509152,-0.438228219293052446
0.786795024480891225,1.44912096716777228,-0.57514586240361476,-0.679344587063383409,-7.70634562210693463,-0.176691480457640354,0.220931743715659823,-1.49561688693072714,-1.99801379039423765,1.21661923321625198,2.13040191853222849,4.27468852743459404,-0.843243849725492711,0.331362362787876841,-0.648534096503989521,-1.08525415320719731,0.534063648307774974,0.423286330939230571,-2.03202519169569573,-1.62582994633934819
1.58902553690972659,-0.451969585640009497,1.54002265056219456,0.537139302386939965,4.41048105669180401,1.45386644122753794,1.22898957488386418,2.46036436276762904,0.304587595343945194,-1.60527659443382897,-2.72374478565593625,0.618166752693839028,0.786529993824737095,-1.01689275192255035,-1.86992321698443287,2.97349496533712632,1.00799365217179426,-1.75424713133095755,1.90574149251472025,0.397806353730143725
0.922012402583512358,0.533005863891005904,0.826886366435403364,-0.395366397126004465,1.1208197684047676,2.36635722880724098,0.0884321287187876809,1.14564968019611757,-0.570848350590324904,-2.75575946795884219,0.455123269355211801,-1.3722138243530253,-1.23030507838124015,-0.238643557327357175,1.83669773362859345,-2.86760952089235843,0.866745223025102041,1.17726542485477403,-0.00426672442445230268,-0.725889115177861921
-0.697004666782065851,0.305986287954878255,-1.706225244425839,-0.968983651675887292,2.42968884680575758,1.78344277488667324,-0.736157126650313964,-1.09825112836448735,-0.189509996884137916,0.412166421554497564,-2.05368258702254414,-1.20177108206166317,-0.0767772372764090882,-1.04436864941704122,1.16243768590458396,-1.56525826019957415,-1.65144921939032341,2.6152228046352759,-2.4726731172715124,0.701484773843804255
0.254610245840476757,0.245238310175850516,0.256445436132438864,-2.80569975575526165,1.60124558715081156,1.71637244069338513,-1.40620210310634852,-0.278204396619459338,-0.969828263914145894,0.515320103899477466,-1.50816201299899033,-0.773852126943855634,0.479172234012065879,-1.67730112083279548,1.86295857926829656,-1.61423515475273582,-0.892138418396333233,1.18163611405772517,0.805379323713070305,0.185656725859311283
-1.84680768562492736,2.14230141356524006,0.919617279573289093,2.84600087738823371,3.0824487893151411,-0.433905872978726515,-2.16560914750525901,-1.92113906192417416,-0.0336319728430471768,-0.906349554410056379,-0.483138003529843374,-2.60986075493165126,-1.51197290614159607,-0.443564104352608679,3.48740691587225404,0.505370153968429325,1.32349653280218149,5.58198945739039409,1.43721977808981816,1.93311803603984167
0.33924477464313374,1.44847139691444182,0.369144599007635243,-0.129058524529881202,-0.742177815608757729,-0.622351159942028498,0.580201745876223862,0.226364071125312677,-0.625603437821759423,-0.729243095895738103,1.6945929700467306,0.424010369771949058,0.424407900775530811,1.73456829511790467,-0.36364325104291878,2.19410225972152517,2.23864238094064349,-0.0373633398959550209,-0.582993776699369914,0.20580028465556896
-0.132986473754433149,1.54558217739709436,-0.0866879824978100122,-3.21650720167943938,1.42156849498018367,-0.400021137461175624,2.81601615504978353,1.66984104562447033,-1.1602891827143087,-0.794782538958326956,0.504572183370354033,1.96438729814527679,-0.605898328183723134,1.77630755538806095,1.12124389704346594,-2.95048131952124493,1.79807947770998688,-1.78305504624432687,0.05314728733476555,0.892629799131217316
-1.31799413414738065,1.40898722445227698,0.929692706987896744,-0.140106532951923907,1.3481691177645172,-0.375606065326029914,-1.2095375707049556,0.481770331955332753,0.448850914273086488,0.771253325732791262,-0.816952168052379468,-2.77711241376277718,2.03171814832083797,0.348250201007601123,-1.97045745420809326,3.28683590484965027,1.49931021854537261,4.25616621520132998,0.230467103749241842,0.557353746095976099
1.09318304456663018,-0.953350098830565984,0.337736662634382512,1.66681125053155954,3.17319524672572406,3.10485453267243816,0.0307228100499706003,0.794967169564778753,0.734494868747639806,-2.44351125826381343,-0.716809354956018274,-1.34629649033507293,-0.724751435846344161,0.340677607427366747,-0.965707743537617014,-1.78122972391097867,0.0285977678065818079,-2.00048141478727537,-0.85723367922312832,-1.17981434753630743
0.585584158167639202,0.81290149625967667,-0.726225717920319536,1.64800731572395387,2.44954442968206942,-1.25414335285372269,1.25164642711887786,-2.81094724305852139,-1.49379784636443569,2.08991064748207434,-2.72452381239043584,-1.16354702715259783,0.0083837004225653395,-0.819633228958694282,0.0395757033145544904,-0.443676157774297641,-1.28017873925003189,-1.86859429731494342,1.4715103899560289,1.10682875833355765
0.156228815966604928,-2.91209192975868758,-0.906195893762091198,4.13148548838806384,-0.152504634793446114,-1.38457657856940664,-0.235537188807889347,1.17971691624268904,-1.915352323635378,-0.364763607784981236,-1.24144644704488472,0.835686845596349426,0.21374307998277467,-1.44249900387630459,-0.683938845599321388,-0.21429116786697705,-2.22128766104809694,0.561632519194888546,2.55481439755931428,1.00043488425759586
-0.969057254866985018,-1.41787835546611318,-0.62601237399521803,0.517982382354421178,1.15658193224570249,3.22258818902406663,-0.30420842994476982,-2.71039854991376439,-0.764183070145241339,-0.961733994780000101,-1.71449642097068389,-0.370074601792539482,-0.531102196038712782,-0.684710583202742917,-1.09090599738679628,-1.16212784143704662,0.978178601400549019,1.32716878229323787,-0.651125982156333549,-0.613710632377027054
1.30721062695323931,-1.15173287198071495,2.69872428783011831,-0.0207225909502435704,-0.325689527983139882,-2.82375062082908324,-0.00751580310636657586,3.13171394101874379,-0.495899058911344448,0.842775875180727052,0.52419521998076013,0.143490032512780807,-0.634319931441389762,0.227152415697635363,-1.06947974844764437,-1.52660515888454862,2.22055462402755044,-1.78437585310019808,-2.10622855393447672,-1.64698597453726703
0.188764175747577895,-0.303576478975801534,-1.68117698485836908,1.14383323552997007,-0.700318268983133541,1.96704570908466136,-1.47796686609418781,-1.10149332251331544,-0.745698604874029503,-0.328137119358349161,-1.14119864474778443,-1.62296812384086042,0.766133632741789583,1.35146657255959601,2.05247664502171734,-0.825496708485487729,0.945035620433779533,3.36831717650150164,-3.97399579056400487,1.12352796922417753
-2.09279290272905483,-0.414271822184373473,0.985285319065475118,0.321636001142487027,0.621710767891867855,-0.501056114296007604,-0.160528341581877121,2.63929480876731759,0.511651833993203908,2.66141647980906537,-0.988493046305275347,-0.459027484026299171,-1.3990770848914913,-1.22440353294996851,3.47349768047048624,-4.26372819831267691,-0.3399354394728486,-0.0365841055239013724,2.39569895678924816,-0.291938860974887748
-0.95859757829860659,-2.77725374863806973,0.405443835841010458,-1.64599954592529008,1.34682390915985795,-1.82821651709866839,1.17407133774447869,1.02591706670193306,-1.0633238719821303,-4.14576920505986912,-0.384905044045144917,-1.18280210507811301,0.425968783142948781,-0.451043712001932384,-1.71410164281462563,1.87573419469860614,1.08272251131539554,-0.735153474391231687,-1.88897149627849714,-1.11304919778866163
-0.975457355943543658,-0.725895664501371329,0.942684290408939196,-1.2986518732203518,0.720732778532416574,2.02476391962188718,1.38625795019416964,1.12122681597597218,0.730862602195722078,-2.94799231090295732,-0.301435607093334945,-1.79397898416093327,2.29361263038530039,0.81128321662693248,2.70537631187725403,-1.85333514712739866,5.00172683824600472,2.48941127963179154,2.76728257335153893,-1.87806864508874671
1.47278492014998719,1.2958172717783949,-1.50874497241081951,0.919608347987267982,1.28919160838884284,0.410176444885398728,0.0816573881058371975,-1.06326843522854197,1.89632245563770607,2.43330085369409321,0.67658075604919421,-1.97143118897922265,-0.0127616631311866079,2.72517973199351182,-1.05615110140280333,1.11668363200648102,-4.06432359152586287,1.05790636504509616,-2.61253667693762637,-0.808224684832926865
0.775719220013758926,0.269356244376979304,1.58676737950245417,-1.71435546088287083,1.48269777187265328,0.9726166772474929,-0.0159721565491885847,0.440192285630681468,-0.987479750866201322,-0.0400453707696645997,-0.162842982375785733,-2.28941643660413519,-0.380219584619107875,-1.67314055138551665,0.0523301300406814815,0.236755091143597218,2.098107467317746,1.42468875560875152,-1.99253968218361432,0.879336756093840766
-3.8425482111878293,2.40619586244637018,1.05789695074391021,-1.63500364950564347,-0.415218337268101312,2.77243737291689873,-3.51402111140495688,0.293051390375923482,-0.976129832391451902,1.12977742324724528,-0.445177276403606326,1.14390670372489689,-0.320629734212035833,-2.45794534593762615,1.89266703076985343,0.970779052551368649,-1.96040304434937851,7.90555824475737623,2.00722417284894616,2.34066028508400459
-0.429623870137052555,-0.468750527805049055,-0.618806704103254446,0.482791782165586103,-2.56437758138423,-0.835376526789691098,-2.38238078543329657,-2.25254325918309917,0.146179874191582237,-1.60513743673813369,-0.443372303486458064,0.341511660969508801,-2.12282573285423126,-1.18145067496805423,-1.14820755144819464,-5.29110351761074593,-1.09174991959422196,3.1248450616120711,-3.56396173185873222,-0.4745797424910842
0.149383263909784347,-3.06139636211393418,0.808171103745757735,-2.69974881248480925,0.922769851108339756,-1.78776150561531755,-0.411952801265354829,-0.364290188303607487,0.214948415967641998,-1.46278387120173803,-1.37720301505830278,-0.198815842277642651,-1.39515108742316896,1.25560352684951937,-1.01447912033912679,-0.888945233622354003,-0.759551707721687897,0.447969377458168061,0.857332283999213574,-4.67644424115181145
0.813341506425186656,0.557979064493454358,3.19170578684747142,-0.255556127678015776,0.776458956615940332,1.6597573024087684,1.7350174689973763,4.45339318117408745,-1.13506569419701653,1.99857591378665389,0.260919430315962542,2.44101473704256478,-0.00715100874100174557,2.41453750630702002,0.788336363359759096,-2.05817428497225574,4.16925587418644206,-4.41713422698348257,-0.312467998403614611,0.90256514131093446
1.05700454451219539,-2.0520436218296001,0.796400721938527845,-0.460286178438459426,-0.788986055632026062,-2.7306119904100159,-0.690685534984841198,1.0552276973004997,0.724522986258904322,-0.403661253425197375,-1.70679165561093149,0.925727120891986721,0.252589660278174144,0.823516591756379923,1.76433648366129647,1.35993032321349028,1.23095643269057198,-1.19652229888073913,-0.866947898804715122,0.864488051044365213
-0.112771457836593564,-0.904504024541245677,0.529801595028311811,-1.99853785629961078,-1.23670568527216895,1.67255387172290315,0.629944686669139275,0.346226130170373569,-0.718075601939146324,0.228380936182752126,-0.92537196151252632,1.80657379669648455,-0.864285498514713035,0.623815908363607896,0.620494241613225195,-1.50633816917934382,-1.13642923868447321,-1.83512724426404139,-2.29480275131210387,1.49225982787089007
0.610873921903873351,-1.55234209377990284,1.41924845452409443,-0.494184304457367163,-1.59607488825493693,1.34771094564319283,0.0205967656181714406,3.4883401205397111,0.303385390587837589,-1.5602448223095553,3.16942840296830974,2.51057485070373421,-0.50859857428748878,-0.0124083840328365631,1.04608219571781236,1.07790989749126709,0.31688659496804622,-0.739105773207282324,0.144223483894091703,-0.049161010380350742
-1.08302182478245057,-0.605167639128482371,0.242937172908585186,0.846121337512744653,1.4028266233526514,-1.94509186948410129,-0.010454112033902261,0.221271698877906653,1.92077402933235786,-0.198004737705126999,-1.15954766096529238,-1.11736738637308419,-1.09295925248442716,-0.0296836758809366566,2.09652057873144182,-0.156889833724770694,-0.952028779652496104,3.25029668305460673,-0.773218574028784245,-0.409278725360298079
-0.0134242370523326559,2.91182291503942947,-1.76356257322300314,0.923417350420520311,0.0387573535468957731,-0.384657803869719428,-0.265908540025734608,-1.57550615254636273,0.689201482960498435,1.27633414629543274,0.473364362761493018,1.24270769820292437,0.315543565768924505,-0.0122686069955996908,-0.483405238761330458,1.38769773806812813,-0.911375932273220557,3.49299378614844391,0.468261222494062324,-2.20766919602785805
1.21762957666030425,0.332850262190375723,-0.532540600189106095,0.868302053896656822,-1.48945179692010043,-0.115628259511706979,0.0999379318753216006,-2.26901892316660847,1.13984487720461214,1.38405919764700003,-0.23614461353877253,-0.2291526519065544,-1.04729212859923826,2.30454291365546515,-1.76337433334510219,-2.43606729105253139,1.75840715043840978,-1.82343517235041008,0.785208270929850016,-2.04504818820984857
1.09551230736457827,2.88747474336381504,0.773350537831164697,-0.132338657940571536,1.25700661744591358,1.09516957243453761,2.0611692666722119,3.45761912167881746,0.213088962462421982,2.73617869941837499,-1.56302638403513061,2.51694864997681433,0.0377679350915279613,2.37072795521154056,-2.44532885194822835,-0.283500791886152681,-1.74246186011687221,-1.16975511459039039,-3.0191420711705903,-3.10998001702048832
-1.24294733862573747,0.330203202971298071,-3.02880335040941606,-1.45858268054989337,-0.758175554398397011,-1.27528290180900061,-3.28867475259824715,-5.42426643285410481,-0.859404804417889134,0.129348055031069081,0.404402064828560226,0.264460871516257467,1.2583531548653546,-0.470668450065134636,1.81514461049613551,1.20907282474882005,-5.33689150743024587,1.8375943921585689,-0.594668522034917713,0.420023435126977596
-0.394271365864785839,2.2076592117869378,-2.34738490917472031,2.67615744993057048,1.89586112261099049,1.87908661429587576,-0.752240978177846853,-1.66403432282819996,1.16059537494591303,2.41156637311466415,-3.05557630438585504,-0.474012269531546238,1.00230649531937321,-0.42431212722485917,-1.49457405417113298,2.11452908127031503,-1.09714406860381319,1.23981596724908494,-1.77634457052493144,-0.418581759281284105
-1.29394385975407289,-0.915129836260865304,2.09226870796784459,-0.3253982535086552,-0.599807533782753088,-0.943424692898203854,-0.342256926988965482,2.62912671307440604,-0.611294862629806701,-2.52607374199572021,-0.560304545997904691,1.0327227593949595,-0.631517670915482388,-1.05957930311981552,0.669628484515670364,-2.00424727941057901,3.42654304055799352,4.05680143901549251,-1.28581581379514098,0.597945299949062647
0.641185843730861627,-0.280504288762286114,-0.319728264912948035,-2.61318621853637589,-2.69533032809460638,0.580967212815000633,-0.157930295607557197,-1.90442347257644506,-0.539500629691292866,0.3591315356156356,1.20177493790487877,-2.27511855289374543,-0.276503421936519667,1.0449346335918579,-1.17131437807580219,3.63475158420034239,2.30873652186986922,-1.92680649556658046,-1.97915459083000234,-0.630358818908785534
0.364767147256986335,-0.985106723764796133,0.484901373290478499,0.776942803687824868,-0.712680667053981365,-1.04657935457304552,0.679762735247071537,-0.360962271715000504,0.332260336750220486,-1.94565442821296863,-0.701567514582006169,-0.755899309817444576,1.6374184654982713,0.40994807750646145,-0.307073838647901498,0.834803712661456365,0.847455208160183826,-2.85201758521040061,-0.948871182696525595,-2.78856542190560086
-2.24010943416039554,2.20023480847741215,0.707960461890474013,-0.883177205044570313,-1.94325766189242688,-1.00836379696586698,-1.18740641054929696,2.86882986013977304,0.452349446304977476,3.04630775700009249,-1.10882874531747899,-0.372961849574224236,-2.16210842946445458,-0.851511419972702965,2.0983621722164667,-1.54383384093146714,3.33891199077982259,-0.387380277347220692,2.31819095406990083,2.10781568115086237
0.290344628436440877,0.443235843265920026,1.47789017105943365,-3.29627952057536566,3.88073452255949025,0.365971899094287512,0.0505829280494042646,-0.174062146442993781,1.29540572376399377,0.913669114854822717,3.21512947843131869,-2.04474415215193117,-1.43250475685739609,0.953181519450021386,-2.09044798340897664,0.58254192415635242,-0.630039221629341673,3.99142847687291225,0.322832283289834876,0.39986867342151583
0.729919866270118511,-1.46845621926750836,0.111570675406346603,1.93516367388595367,-0.308315122456772561,-0.795035756608873823,0.427770270112118933,-2.14527584248929948,-0.318502378057431923,-1.42542379252551066,1.01441079478135965,-0.0680607034018614748,0.97858843437031362,0.46444827717419046,-0.286290659745074061,0.210310208223970396,-3.68509481403195682,-0.327006215147775503,-1.44805410376955912,-3.62108852451668373
0.591182085479783348,-0.143406522897239874,-0.365944943548402846,-0.309142527891848762,3.12867194069049193,-0.98320708857335648,1.77134517071463282,-0.00251731434713888978,0.667990962197071769,0.247923156915352633,1.96022916910713207,2.32118632753956522,-0.00642754468976430154,2.21728045427946707,-0.451503841535226658,1.37523440705453548,-0.614681064417648138,-0.860481148638352344,-0.728958070654682322,-0.377148134353128717
-0.540504266355451901,-1.30961468389961544,-1.16361391840538997,1.59346203218631888,0.492902122696414313,-0.665915384818049794,-0.0227859088447520189,0.799681764044282484,-0.632397456437950867,-2.2643711113885634,-0.663628089430394974,-2.69034752812372835,-0.456003889231801351,-0.546291216237161703,0.936009207065469973,-0.238954614586306291,-0.915777759494779131,-1.65044713320954739,-3.15293644909703774,-1.63627242267192319
-0.852349850394002351,2.5167508141958721,2.34209391845985948,2.84681004244624836,-0.536070403603986501,-0.384713981045387565,-0.538706562575678394,2.20448681766776833,-1.21874339938962639,0.503514504006070673,0.783653221696881896,-1.74952598221856603,-1.17827554799030554,-0.246060168557734882,-1.51500231176610001,0.288139278231177409,3.20586625967148642,0.17313083277791505,-2.89363062572551799,-2.33458309466121028
-1.90697768508429788,2.59579962674777409,-1.62004819258924782,-0.767506998535400053,-0.86426247665578082,0.237583341145432753,-0.224101192301440655,-3.3314466126150486,0.635493229804760085,3.5666904529640413,-0.0248011241267265502,0.92295381178647995,-0.496939934819931983,-0.670167233606819623,-0.598170374102209412,-0.736543649110185217,-3.21289751050787586,0.718295028122129975,-3.15534916628500062,0.270058948629519679
-0.21753629405785449,-1.70152972734867647,-0.302841500975448485,0.799710807098983456,-2.57339586214541294,-1.497706055892146,0.696296101311184468,0.781783764540440185,0.714036437647093014,-2.49692992899663713,2.11566629401064388,-4.07864922327309376,-0.0294323678997729515,-0.530194563612158443,-0.957720217954920239,3.15074404206974323,-1.96826415023469958,1.89952806633981708,2.36174672542983499,2.44265488607090475
0.79748227541372807,1.48305418045709558,1.69100496609465334,0.956389581997540317,0.621323977080735501,-2.23081454402985901,0.108273897051232179,2.45839457818413809,0.314793953014424033,0.648821833509858448,-1.04150033457841595,-0.696865283234206934,-1.43113501333017057,-0.393950596455735658,0.0490457658908541178,0.440953534455981566,3.44970228021599823,-1.59056502849203607,0.945201696499440414,0.744083424705765495
2.10070759331781698,2.36771529628463195,0.552969363899140864,-0.319893393425027095,-0.88915657368955614,0.0277451609731660179,1.82959166787772176,-0.406849434422965894,-1.24590243358297825,2.67761904161407749,2.01169195986781313,-1.78065603143067785,0.974912641390694334,2.50716844684669882,-0.894592624981326967,0.534191692378238492,1.48581900225898944,-4.32147138840856648,-0.0382804435807036977,-0.936533084590113418
0.486938135257671934,1.42281453125322011,-1.19918522204642475,-0.395750607366892937,0.656015687834971217,0.77213576952153784,-1.08995708046692141,1.50376354733786211,-1.26474990302261481,3.45380085340110288,-1.07491971975761591,-1.00726152238607769,-1.39809148401721917,-0.1925242169134809,0.439780542238892957,-1.68210296516303925,-2.52879691672597762,-2.85006853355178436,2.39225498239741308,-0.220896764606670126
-1.35418627683286519,0.895476528185833121,-1.06425303298022178,0.105936098277645996,-0.00978976054835800635,1.06221782769919249,-0.528814192980411435,1.51382403459146042,1.08994723365391333,-0.587695329071264427,0.0772872745885445911,-0.984833559253191049,0.333073588630566408,0.0583407121857592026,-0.100692731681403719,-0.0348585176470910529,2.1404714834385894,-1.03762879040620581,-1.5223236402389837,1.85954615752967789
-0.284773397386949845,-0.580891042174968453,-0.988594685145972263,1.0499429566548133,-0.161460903189243388,1.03372214081558034,-0.633174022563264605,1.10436529812751405,-0.464238650626407179,-1.0675503894144307,-0.398022041579072949,0.25932114040372467,2.75657797945377725,-0.808770778211759023,-2.59453549917934989,1.63742804275780673,-1.35506516092630935,-2.86859435744157931,-1.34339309725749101,1.84160834064710843
-0.261729499187147163,1.04981569693928622,0.524545851709270261,-0.688817828511083863,0.887915989427615515,2.73400065452264007,-0.0625813631876811077,0.133849464452629019,-1.11871363866591356,1.13887355799282619,1.33661458101249186,0.40489002817450781,0.0665173733075159201,0.256972845928859717,-0.17785833338846313,-2.38642452855440323,3.45755660407595977,0.881791298873570772,2.55844988889730773,1.51380869333123935
0.102761063261727639,1.13017112617271431,0.455092527408930969,0.266986971889553504,0.259163258627424453,-1.18065278493537029,-0.0796897669643211182,-2.1117575413773908,-0.638086904914475617,3.03434298875564945,-0.64385783362057869,1.78728111193786288,-2.01831775482872855,0.529576424799272583,0.193514715605385329,-2.71063632862785031,2.61516172014890147,-1.21076925896139631,-2.54584239030781179,2.35558264737404688
1.38490303943440529,-2.0431442345808537,-1.2583638963978081,1.30625146415970428,-1.86263947657538886,0.224424913999472259,0.847446146638312414,-2.02565741850724246,-0.0697512660975947163,-2.32255308629025281,-0.0920889616462947369,-0.131758958967889805,0.521858608883619901,2.22096059276457058,-1.59428062397562176,-0.296778919574919586,3.1505247073529774,-4.45832967695961724,-2.26989954674098593,-0.961169357750804698
0.940813119547477705,1.55177532207911395,1.73465450137836719,-0.228023392719881424,0.125965130328725278,-2.89886100058887175,0.549589883516303557,1.69509007802967382,0.817170737976153916,0.275076825389325597,-1.8798055789454482,-1.0080535158046755,0.425336029316570774,0.166491595198430153,-1.67735574242120089,1.91354925942282095,-0.113779594084481364,0.604069763060577469,0.676527082785331579,-0.672612909865339281
-0.234576816155818796,-0.125747547277444693,2.05185901856745234,-0.652574123627542191,1.86012357651776816,-2.0162446516147905,-0.633953997988622842,2.59956263973430968,-0.145838549427038,2.80093620665541376,-1.52517562107110893,0.567724062530530538,0.496297263979028902,0.470647336912418002,-0.263387291306016902,-1.25395921104868835,6.27832191335393475,-2.22723468329741303,-3.41799197559719126,-0.0696402525985134468
1.47670410480302894,2.27685310835417454,1.01331956495999598,-1.46421555104778522,-0.128188167329563563,-1.0689454437132766,1.302195987872377,0.658839407583538317,-2.22710850019212003,3.07224119971412879,4.56424358066891234,-0.284149951065925999,0.215318794488443793,1.89443246170101753,-0.660875512644117813,-2.7148610434928746,-1.43926008593423371,-4.0996886978904028,3.19019865393114799,-0.96213401746462246
0.254337350931590822,-0.673576755439282415,3.21269812130192145,0.67626973880678698,-2.53678490780743493,-0.0595898528247611747,0.414099624919134657,3.23411555009779539,-0.250149679787730062,0.595906388295497247,-2.27245689370307691,-0.77138085076560392,-1.19571899586209329,-2.04716022612646587,1.04675939662191197,-1.24019477148679047,1.60566297990376672,1.53394148104764794,-1.39364812768992419,-2.34978496724485186
-0.507694997776663826,2.88357022322116086,-0.738810325410419799,0.90675135759134462,3.49816252593340726,0.291238036952606694,-1.71956945383248105,0.630750843022903851,0.569851329429267528,1.03527365489152245,-2.03227303719776531,2.26470314334359646,1.1182240600258111,-0.119855636324428153,0.784100233631437438,2.48764161829848973,-0.742861002975016893,1.25193310435240601,0.12520900426396217,0.700746633648245298
-1.0624812988615655,0.335236635052469034,-0.819089322552957966,0.390540213537951597,-0.191741912948322518,-0.971420960697851887,-0.265061100810696726,-0.624045560635133389,-0.02750764840450904,1.42189191332960507,0.0654567296190360637,-1.51375050696071756,1.19463683702631696,-0.112429148966791709,1.4978160266990983,-2.20184546437732021,0.127614782081133277,1.3048158099975975,1.23187877917591093,1.49998511945969093
0.015536466989250557,-0.519263046546677653,1.45154276605807175,-1.09295331627080827,-5.79786608561072914,-0.0102951821443957262,0.409024010297304952,0.567557200122584815,0.765477806222379487,-1.98114449550843053,-0.968126494251643654,1.00383454398879368,0.535847727365853288,0.832042876155203004,0.0549142686030402727,0.780258199075955949,-0.891403500270714355,-0.167640687731269444,-0.218039926580330889,1.14739044748608987
-0.153823275743855264,-0.631106499047755398,-0.519518592326284945,0.425529016009777328,3.68505134377317578,1.06169094693931387,-1.12883057550009691,1.63051810580578249,-0.248947068854748654,-0.381686546502380486,-2.69861356763293836,-4.13456770074741176,-0.962504560652971297,0.132808020822476086,1.7325923017718432,-0.5002446141734741,0.581912998740350962,1.44026037603430135,0.84605506172773659,2.44763807107132481
-0.316553708137656764,0.511487302596121962,-0.937327220768913283,1.55949446323945251,-1.1685161767670964,-2.02455871742987181,0.35137666501398479,-1.13264994837820332,-0.487897862399711946,0.188859376361546788,2.43510306007974453,-1.02128145234870504,-0.745681368931553568,-0.721369790609276973,1.37265488558642512,0.408906928727725105,0.709619205222406957,-1.53277181012202868,-1.68880567997695397,-1.84014799997429312
0.0844659077010832537,0.76610225021470324,1.03822547091574457,0.0135566376908864798,0.250459447216334952,3.38613910060514911,-0.630681676946624914,2.3231425316033687,1.7078993743302946,1.14049132333411518,1.57238816788134783,1.08492187119345673,-1.94502754905811304,-0.00551349124704517048,2.60653775597142001,-0.402766341770862235,1.19347542594714962,-1.67845068568970412,1.52747281225757803,-2.21033425616564072
0.343317394967272482,0.908395747912747353,-1.03746607449563788,0.44159553681039615,0.781828968478990083,2.05837592733066321,-0.193387155546729889,0.940818274381645892,0.496034017763816615,0.760098552003761418,-3.45860174665252051,0.615634829428379549,-0.64262454431410676,-0.852184962829322101,-0.647401031767318336,1.52080230529294869,-1.52269854181395803,-0.557201793262224299,-2.93715328497099515,0.220210430965958187
1.37379817491418521,4.08585737828745987,1.68363859077687805,1.04972433338395432,0.943221542707814886,-0.0408526534529131818,0.346545626381492777,0.486430472818847492,-0.258215177799422824,1.35515917647370898,-1.73295678295676425,-5.17768350936405231,2.16073753745303243,1.05156419362723841,1.33376791966201669,0.940155129183263383,2.60019071212633568,-3.08156910594618161,1.32329820992738845,-0.168919029001502602
1.35271829195002224,3.08941549774533719,2.30937533055089395,0.889377325834660004,-0.81129043124533784,-2.86980873617444399,-0.377915865884561997,4.2913896973496497,0.468358782196148071,3.78490415900956378,1.67306851224256792,1.5905216339997148,0.738269308380621325,-1.3725040982154606,-0.0772302042745373341,0.978263977972036236,3.92579187805036911,-0.854446945366907573,-3.79528034643096746,1.19572234420381474
-0.0552531963295431819,0.17614360813129748,2.98169858847602898,2.2723032790518034,1.53108428413946274,1.1106356105947528,0.0331336217724862159,5.33680894883688239,-0.341926297077828567,0.992397467428084878,-0.0245299522612112374,-3.16880505788810085,-1.23876948551725063,0.557590206218134599,-1.56170608653678955,1.67026872678771832,3.00413788830701112,0.157686411964931855,-2.86941143780169483,-0.259523549954846167
0.346773334094822694,-0.575584855187984301,-0.501392603836852468,2.30003564990659459,1.21453085399611393,2.54782219350277339,0.329372182550958847,-0.617375367596260216,1.3516016062607954,-0.853667016719564908,-0.921294852360066252,0.462747773118174388,-0.973534654289571644,-0.000533130136816642149,0.427836309585447716,-1.04496955039583761,1.37765632417406936,-0.29915082137719734,-1.83539824668323903,-2.30764054639776273
-0.567148030056140007,2.14207080819001172,0.690270271479077491,0.800330479993744626,-2.27661211689811038,0.751964634059182901,-0.686366586610077212,0.000980617326964668481,-0.266747934506873952,1.82630447750235647,0.236027606442854115,1.78962213777086632,0.0265763207999107839,-1.31547548221633614,1.93434555670365316,0.544747075925020141,-4.13257185968326901,1.81633600619673019,2.72381508135991535,-0.454026895222073235
-1.97275222487471047,1.8839801644217411,0.0571620062548821514,-1.57390866182141553,-2.46759411386709759,-0.457367991121435835,1.33320792355269813,0.176888272279472264,-0.566948380155499976,3.22008368930315569,0.44213942924192362,4.10104568443220163,-0.57865879795155728,-1.07742370851969871,1.12661686594381294,0.548773457029193779,3.45304448491118343,1.63350219091494564,0.49460809023553487,0.750373492997531533
0.250320920451503504,1.18127120117431694,-0.546133325256241475,1.84790594998736424,2.35437980750400389,-2.31830113927499237,0.466731820955126553,0.214914887089181411,-0.210095103143484868,0.983835181935496572,-0.746852427903546667,-0.907178136983352701,-0.452672201292749043,0.878447687053676041,1.20704893562021076,-0.289438313637639166,-2.7338799717638782,-1.89461976922132003,1.75043978700874958,1.55319350305184067
-1.6684829584257681,-2.67865179881587467,1.27302648665004403,1.3101352037748788,1.5917517457400856,0.962410920297811945,-1.37536404954466818,-1.56384321091464318,-0.209205695036234873,-2.21656063757889932,2.7043704354670357,-0.97214964556260075,-1.80647802288692727,-1.21395268688971525,-1.13111619390733265,-1.69759755289887471,0.520986790263339605,3.94999635708287844,0.143920044539516928,2.15413129905540757
1.42235368806500428,0.94696451874520271,0.212333365014006903,-1.07342259347282476,1.68963841425027828,-0.484733911760828584,-0.634846004818767407,1.50526868389261725,0.376402255316827639,-2.0468838070663864,1.91791035807640653,-2.43899129129711456,-2.48809711125944055,0.656561491440512346,-2.33574994328263097,-2.01368491191387644,0.816797378145548314,0.913592905101250241,-2.5097050023912888,-1.30132331928412648
-0.116946492504030455,0.622615875726746149,-1.22156348147619109,2.14830172713685164,-0.895489760281636404,-1.27691765637273225,-0.323627850032067177,-3.35045783232268191,-0.722253135656061196,0.971393720525927096,-1.47399236592437499,0.0180813648030747065,0.848522864012087652,0.336222364114995231,-1.42637382405798641,-0.872038638818759093,-1.52641007862522793,2.07651637518335441,-4.97351291057186096,2.4932254434333232
0.00826239251356646574,0.703098848929215037,-1.33404201886514362,-0.73315635181126193,-0.86903065432293447,-2.13354530896385164,0.0533623911594678021,-1.74435253360817555,-0.263391787212133688,0.454639534031043346,-0.444631810415540674,1.42871729767828537,-0.669939477344304701,1.27439173098156933,-1.23830677415841284,-3.31320388358288787,0.510541188358856535,-1.54628608281463475,0.915458784304315931,2.57561168309522337
0.240999231123844693,-0.785298294012556131,1.04054922592729859,-1.72381346073691755,-0.370964565646309585,0.385555110084186914,0.458098199210092705,0.361411015297138316,-0.453463592555399253,0.453890182621901728,-1.76917314033140705,-2.29450891003373059,-1.1801806565620061,-0.0867993509244444211,0.617915949525673525,1.22620394508796937,4.88577981214332535,-3.56058673041415874,0.036961650785228381,-0.0282584648363430613
-0.425610792877606836,-0.835655332840791853,-0.400760659861659319,-0.527068309996254092,-0.77240459865048483,0.65731929097768238,1.19713938308709111,-2.27477724927591618,0.771811644434261868,0.763472366396905411,3.22195263945638111,-0.14831815092906428,-0.817209536960424199,-1.86278853925396959,1.26467328370998611,-1.20436015846495903,0.68772594864752834,-2.04279462404327772,0.346312470797432714,0.713677524596648905
0.95302962786432599,-0.181962064265068696,0.202974926367617603,0.512026928668418591,2.49802761524967654,0.0357868755799189558,1.42497106072960378,-1.25672466023834528,-0.279588167285810707,-2.12811701490414329,-0.148034570593929271,1.6641178543026971,0.568531028764654778,-0.741581865423668107,-1.66183876721530233,-0.494047180771117977,2.30149293522065879,1.48795622934777838,-1.39172026659640591,-2.93295388906005305
-1.12841752301232878,-2.79748082594209535,-0.96826555532588332,0.698106345731041467,-2.17069735054238366,0.951237938640735581,0.7171359971024166,-0.943402647504273384,0.0869370050942586126,-3.33116832924990725,2.02240446850568478,0.0559956980312036542,-0.997756888829780531,-0.0579994735758086605,1.08405759669688484,-1.25886330508361399,0.592862607907744144,-2.3031108129265756,-1.85663958589276223,0.868599878680494153
-0.529256313990210447,1.51966118004219131,2.80925894773432994,1.41395896096861495,-0.539408423523674685,2.07156612733080614,-1.29447161096634789,1.18272674481024254,0.933137017231922772,0.447505502714384384,-0.689033446015583473,-0.997236819369888061,0.586235080849385581,-1.40147845581413355,-0.592152504848920347,0.652994708482036557,2.01481553713658323,3.53838578436495199,-1.00601829534400955,1.98483430848927322
-0.863012012942204088,2.14119416113161476,-0.01645394882739026,2.84637038580794366,0.370786843344671102,0.554060420422903377,-1.24347817783916481,-0.874127820416524592,0.634116206295448626,1.57974887046435275,-0.016660667706708425,-1.98316184222624736,-0.801229099708529513,-2.40393595588688802,1.23729323986132456,-2.96036515245399157,0.487150952789272729,1.37508864268286013,-1.87917682182977885,0.97476329665058381
-2.2965798342492838,-2.87719437219683405,0.310294059595702054,-0.159638246253412441,2.05270780305997613,0.289437939979823589,-0.981699112596384538,0.957924447831205339,-1.32358909800759905,-2.32048640822500518,-0.819908729486667598,2.97486456570324931,0.25817354740453996,-1.18731610400881094,0.372350783523650142,1.45609944855588958,-1.8808142508704524,3.33986404848273821,-0.218919239812105454,2.09992856744128664
0.037233543409367055,0.194707935966641793,-1.66925455807373191,0.167204738661084845,2.38008137286257426,0.359654372127525601,2.35442248872599347,-0.909143707669400447,0.287838076399096476,2.22448261143877168,-0.0424271226908408267,-3.19673655908487664,1.05845770521453919,0.796624920800131808,-0.190839896258730574,0.967981846567935067,-5.87546998148721933,1.02608183698631628,-1.08939593735645834,-0.72439623545060905
-0.350106957430391552,1.2359986299845358,-1.64081766316060751,-0.71128175188678433,-0.925407366345914473,-0.738972988691984689,0.279973606120527185,0.245480385302665916,-0.354204032423287019,0.169022488473155985,-0.655310340946986591,-0.835939607762894443,0.652427588142605708,-1.54954715408484889,0.832549159934837024,2.43329533969855349,-2.48426280380481179,-3.10812821473787571,-0.884383530904368276,2.78253990907461812
-0.44469478434440407,1.48256068947123354,-1.34270653712541588,-3.42461645606196585,0.67119477379347936,0.0689763152534370455,-0.109323973786121048,-0.097461368186652339,-1.52097656138472548,2.056119714913347,-0.762289355387290035,0.6119672024557824,-0.380735735680720999,-0.34718263965101448,0.423741699947925432,-3.23233885029274637,-0.926477842718872568,0.791264250610916431,0.274990275790911121,2.86294342966447246
-0.311313179778266558,1.09611394633704773,-0.981360439429424192,-0.83415288878827587,0.87712719267835626,-0.580741268251451115,0.931082894185396026,-0.59242075523461224,-0.881452317355643555,-2.04710706913978413,-0.640135790318043352,-1.05421375138299944,0.162261910111084956,1.22210027325606529,0.0347279211657068043,-2.03126868892857537,0.707422187513901513,2.24839669147628118,0.136531974646443593,-0.743247343321000731
-0.334443965961985501,0.269224921039916021,-1.04690792344561734,-0.838125725761982299,3.38731463694446688,-1.12838376742669477,-0.0943670209861728893,-3.01853027756876768,0.240372027825478451,-0.243327417043966904,-0.79930133610990961,-0.709756229706498321,-0.0546454035816510073,0.0675201424539878109,2.17589872260549511,-0.355384340816324806,0.672819109800887216,-1.85895944746015784,2.10338792528299656,3.72155978158570244
-0.874864780726212765,0.734611587733294047,-0.0327339859776598144,-0.0212063605619329035,4.17674546214335063,-2.3705168625714701,-0.503757592090566697,-0.703656836616978532,0.873219549444858245,-0.898047916433322824,-3.72461535366596497,0.334238722847679415,0.459638252653994717,-2.09335066042213302,1.39448403546050681,0.206179109411630479,0.118695840120716101,-0.194001338517202471,-0.494032895075755818,1.66784144126170242
-1.01177886757518443,-1.10225440609251368,1.25212110870142457,2.05554658182219896,-0.769944932481139599,-0.755927461243110499,0.107947785603083102,2.4397154916859547,-0.387318378497271909,-0.409899297853450362,-1.5434552427109558,1.34715096549988367,-1.25801453428709253,-0.976227588667969659,-0.296182826201012439,-1.04025845394702587,2.45429827029260039,-0.436500043689744266,-1.12722123586319678,-0.327372191558145786
0.650016692503798899,-0.888752098066152851,-1.0759169355357967,0.106746769336085068,-5.60604493837947082,-0.136226686543769737,-1.85440874035500469,-0.79599729594609514,0.911707092782195971,-0.214365846434798696,-0.0441178754490054587,-1.00992884741477829,-1.25656372706284336,-0.527356005304504771,0.718416920938108161,-0.265945774164162874,-1.82638594892951689,-0.295487138813974315,1.18907374880169603,-1.1023037277090757
-1.11118626399458686,0.187754034239283191,-3.75179286422004221,-0.127756042399631176,-2.2003740145418611,-2.20634057383470372,-1.23188678390054673,-4.13394328512085529,-0.950486946233628838,0.319755015261007969,2.30686041826869914,2.09483464360828187,-0.959125502818712339,-0.576390487058194956,-2.11959836161295589,-0.755168416696915923,-5.5321142052753709,1.28945244428762984,-2.23489542360147242,1.02776620471607649
0.360468658477238857,-0.77351886180787599,-1.87016086751117161,2.53635662268908346,0.369855927876713841,1.61349012252860957,0.816583450568198366,-2.46793335587034957,0.434439190241544981,-0.624733497658034542,0.977708115040154757,3.61300874834327423,-0.138899015045113761,-0.854965213144681546,-2.15878282874770777,2.58349296005734619,-4.49144514464495792,2.65380014258313457,0.687797563817782565,0.203607364001951063
0.196258677197201609,-0.258188316315247024,1.72405134386521319,-1.29314170523435168,-1.84842010850147509,1.63732336522177424,0.872929077922010133,2.40294198814445403,1.11187369163210326,-1.46456468184217559,0.885106633274092114,3.37153027619329171,0.713829886783729939,1.07545978372667217,-0.943079347788041922,0.54328326812479566,2.3322174167710239,-0.386205514593987442,1.62491073348852444,1.19559482157725228
0.996651030007873695,0.378979549725730669,1.00479869492939633,0.724044137394459608,-3.54689887711070906,0.462206202855814097,1.63017266034253061,-0.200438902564566451,-0.0449625391721070605,1.95010031410436757,1.41250443552901483,3.20693368233471965,0.170229491786900361,0.562228689345406707,-2.61366474402932614,2.9902638086896598,4.81144955086229942,-0.808250519925788335,-1.84475377312167099,-1.69564729251341229
0.592112055343767651,-3.33620023179097602,-0.771873494965075513,2.04035043801145033,0.030543369840808493,1.67179702433778066,1.44195771479648793,-1.39598255009062266,-1.68855184058874919,-3.09223344670167322,1.27342978256767148,0.144281614694024812,-0.435016050217264527,2.07357814339744539,-2.68821508085449201,2.45925073298855557,-2.61457731971553153,0.495285982776741796,-3.19131509533352675,-1.20843498968481278
-0.518070234474799829,0.625942554168332221,-0.110650822042836827,-1.54467297404776782,-1.8863845002165105,1.09307357327214749,-1.29155987339137823,2.03518555743751328,0.250596129282861235,-1.0948973586912143,-0.2641265822551499,-1.75808810692927198,0.159177574320944232,1.07580675002972193,1.02697379870332051,0.589012724328878745,1.1245663057172024,0.150760978302902526,0.731828237741913856,-0.083497923083183212
-0.578715944653223735,1.51852017059600497,0.885370064241669641,1.58375494845793141,0.768648336736040272,2.81211997071969133,0.460260312604746369,3.63460749618208689,-0.323787935534760984,1.59304562537743943,-1.46055527111272299,-2.2229979974522478,-1.33777667283395085,-2.03575847462171033,-0.909571808989348529,-4.78823043645977275,0.519659007760055136,-4.07726225615567461,0.103974630049811292,0.141718428389245671
-0.175378206748949078,-0.293350647219684069,-0.836073354060525964,0.42040052351383711,0.319755036133995307,2.28632512049817915,-1.30766058852857481,-1.81626790948010619,0.0837609367243509345,1.45690092789880365,2.52426646490712425,-0.443298428080173612,1.53136097431167362,-0.390225519227783813,1.07561113401490727,1.32670541328851921,-1.55572783376284307,1.20624788214050116,2.97257810949781431,-0.822899519691965953
-0.891609181364391712,0.962143878399383201,-1.61100072015724849,0.204351832587251203,0.510510239929530818,-0.082909226844332079,0.36586282709902096,-2.22573844255113551,1.35492228818844929,-1.33868987661733252,1.22413945352195874,-2.45218206806054972,2.10343851863814324,0.816558562390680809,0.808171263091693515,0.306417397821926119,0.487303705099519924,2.91671580105028871,-1.79022574592121941,-2.23004985999515704
-0.0736045229231768877,-2.14484004847157506,-0.407391172891882036,-1.14950588655337338,0.613444643238121978,2.15266600549937692,0.696208194423874493,-1.40169331793855845,-0.582205104966751708,-1.80819126401900809,-0.0224528122374825188,1.026566633287052,0.430460866345199811,-0.342225585643671615,0.581107492684635019,0.459937064483687097,-0.444157395701108848,0.900767852972707117,-0.510507221198935213,-0.197480550275102557
-0.835673871201028318,-2.82247546492492418,-1.13993829448161588,2.13953365006886509,0.718717290126915098,1.77033426568468433,-1.68774032901776794,-0.15731238913935866,1.81533751926518394,-0.320647144642022319,-0.366830621102881227,0.0794130298797336848,-0.133208039078180324,0.704362532597975655,0.172428060487280599,-1.60563094069484968,-1.03563866664710802,4.66905744379166165,-3.90627948930553037,0.368738691706961053
0.573090069928297918,-0.0112478311301194792,0.45631817727832541,-1.28380509676287469,0.596887713967682587,-1.04232458224346503,0.396634992688113697,1.92688335327378191,-1.33022504280390308,-3.69327591968453106,-0.458472921019591528,-1.17996038621922161,-0.385481415752541634,0.190001389411103477,0.536981123522244808,-1.05362142584545682,1.24991362528656191,0.366071156940872111,-1.67676387446675368,-1.70797151369246203
-0.551906380210207881,0.252963429200420253,0.174958814530441764,0.26657848365146003,-0.815826118699722547,-2.06407407689287004,-1.35225328863054539,1.26118360466331003,0.25225038396425542,0.822245162767057058,-0.83535203747208242,-0.481531981328290337,0.305431952564695186,-0.104314035198976876,2.06580671795210646,1.25923461991296892,1.77040459785866355,-0.175051980194654538,-0.619266253505384556,-1.53722828248369736
1.06242413963533755,1.9544955513283,2.53235575662831414,0.00320928813035127342,1.98442043696330939,0.617228319793244107,0.146192145285331893,2.04931485126546287,-0.0086721194212781294,2.24868725633622146,-0.893382135176117198,0.0722350481170001002,-0.522511968603484811,0.675995114871112079,-1.60273926708774028,-0.835918064576892883,0.698823029591413403,-1.61932129560611204,-3.29498365394301063,-0.894046341256608645
0.51522122255857461,0.308825882120923989,0.105764530015880973,2.59631118617102574,-2.00888299764029998,1.10398751438015119,-0.0708173434721029726,-1.25809379578018543,-0.575342282231687818,-1.155931862688379,-0.26642568989219706,1.70283575232147588,0.919758009787205122,1.22238150280065305,-2.2138523350572421,-0.719768721476551687,-1.10976012013486369,2.46189850014671574,-2.14116203773507996,-0.306676264430833012
-0.0334543562576029227,-0.232857918665457769,0.930810245689881355,2.4844959476816606,2.05723426578163826,0.646333224927915118,-1.09062577512296044,-0.00751193214924113402,-1.77193104614457098,-1.58068115245436669,-2.60111418731656441,3.89312023382113903,-0.168724949665816359,-2.06503893542193984,-1.59279581309466223,0.979966057041314231,0.835378016322833927,2.02434752775122284,-1.56989075060661487,1.42167868513142981
-1.20516558356690573,-0.0619488245798952286,0.0758219530452736573,2.96814750069978261,0.483462313516717757,-0.062938408042004873,-1.46244087166601466,1.14458995781295503,0.680124900807540844,-2.33552006578677274,-1.02396984068322472,-6.01485897246453671,-0.578748764660927839,0.959045959746525289,2.0162607406242814,-0.780823030379843686,1.48669269098447021,2.34761559469338854,-1.65338928905210225,0.412056760334892469
-0.576870671117989731,1.31704351084358207,-0.13140394266196942,-0.529831668944785394,1.72046542869428776,-0.362836226699737141,-1.60941065573076525,-1.66523663270253608,-0.751527430671453667,-0.79600148481174593,1.07380815425607001,-2.04770069412201705,-1.00396455001883367,-1.51816277480195461,0.0380864113825110651,-2.31839590432284171,0.687961185836199252,2.00301206100986162,0.941706269176859956,0.848612398597190176
1.16761777502547148,-0.502565779044845895,0.960350023769593886,-2.98204060272789961,0.138802322508973175,-0.227667212472427744,2.1917353128392052,0.988465707994383047,0.00984970262962378551,-0.741747617457296671,2.73591803757614604,-0.456726922606711161,0.620350266123455008,0.835960103594423742,-2.86407280360883298,0.895106768245562012,-0.315533755246019343,-6.96499586412971361,2.09152178277329481,-2.09101980227880091
0.340536651846121197,-0.476847816763830257,-0.0579471306863196395,2.70148335711769416,1.44425795155702397,0.887694103528920531,0.900970060885935675,-2.17568866129308214,1.56107004244209047,0.399265238489530605,-1.32039179085481795,2.62152435132114503,0.16446516167929856,-0.472138000458889595,0.816361403539863528,0.718980199363665196,1.98988082399525346,-1.20363881608984791,1.59412338929459585,-0.589858330461866975
-0.609938146790323654,-1.29167486143466115,-1.84736937993950923,-0.0456417266226651283,-1.76824764225557352,-1.05119717372700006,-0.979295937244767045,-0.412505219425094161,0.239826110813419757,-0.983833831019192639,2.13571827791671165,1.00217099831316947,-1.66743549633701171,0.777286779482807666,-1.11436672476628762,-2.84719941048642378,-2.73047730954591872,-0.746753654875087713,0.023296934115691819,-0.720749746147492654
0.657467070955535471,-1.3506249655887852,-0.993217884841150589,0.894269312049989384,3.99330348860029183,-0.0483442580753893209,0.95608351306224304,-0.968460128439906254,1.12456601733129746,0.54928707909566088,-1.08338655076655876,2.17795350533148779,0.733734546390502729,0.711669548199076352,-0.644910398586269529,2.74582309124467727,0.0918212913821222776,0.247756532725063011,-0.277072223793992045,0.783530473604881816
0.488196947507931189,0.30225017700092599,-1.12568575964741724,-0.0658979641318844372,2.76431212978443064,-1.48624338957144819,0.460913882956697718,0.73976004786390448,-0.274131589399691455,-0.203604873614189497,0.0519050990779097582,-1.83854877913353709,0.958970487582673337,-0.225362441442686495,1.6313927106203352,2.08131802569615632,-3.27565367944023222,-1.90077609706826034,3.63359051644655917,1.61086707701147125
-0.461265606952259544,-2.57562030885926863,0.654971765874112988,2.67427627233912979,0.898646630542060842,-0.214770475715335751,0.901572875875629509,-2.16972948256173614,-0.200790597451294267,-3.91418398438818249,1.97218924525831363,-0.564333374903071339,0.61595318785524622,1.81467776427454974,0.513787291930909107,-2.82376461845352322,-0.702342805503029743,-3.15274542479022157,2.33675806021838506,3.32708780917164226
1.41916395694201181,-1.82380389716008051,-1.13613900594879436,-3.46327039657295277,-0.951277874968722181,-0.971267949852516632,1.19729251776412959,1.53252542281072834,-0.534188074882335884,-2.00953172477688025,0.781161352955157873,1.23780713553064103,0.951892508460670306,0.264310364228906025,-1.034525285006624,0.45172912609866267,-3.02815809086832699,-4.19094327130575373,-1.4473390948275271,-0.290627210098826694
1.51296711019583952,-0.19700236558068171,0.369404678363439654,-2.26689478910799869,3.42747531420402662,0.00362146736183088661,2.01024467027272635,3.23853762335653395,-0.100460444919706349,0.907377400363804432,1.0007516281928277,-0.433955035047549342,-0.641256515191103049,1.1853137842447925,0.809807300964794918,-0.0872369797178618456,0.143847076115460659,-2.40436890618499843,-1.25609422969315077,-1.94307627738439437
-1.35309774360017365,-0.638208051497250239,-1.36437516045718943,1.64832805468986576,-0.398769709772245018,-1.96981233619948237,-0.523138837294479964,-0.591412415071545405,1.12646255192933253,-0.0656535283765352501,1.11197543318161718,0.00661458566718411186,-1.93065240557468587,-0.441208684803752971,-0.65545028611597933,3.57589816327803023,1.77986302083384307,2.06686990031576112,0.575106636286015549,-0.788473634099880138
-0.278408395106265194,2.5930321573545454,-1.07879900981672372,-2.11044800078546091,-1.74899731735956432,0.621783216314884535,-0.86917926359298725,1.51055969157162329,-0.357105802911207193,3.39605708833154818,-1.43255711756395931,0.646804085421254671,-1.16218057795903884,-0.513055904373674099,-0.812530093606276704,-1.89233081954573801,2.936792968652989,2.41565089980678716,0.141184084514092534,-0.214422146697994975
1.97765098980870024,0.258509871340710073,-0.029276102009134667,1.13122131657657476,-2.06373625102294111,-0.860994665304506857,1.81370205546901753,-0.204455534094268532,0.945726030160106701,-1.15263967665255396,-0.42708678394166194,2.77749285025553228,-0.726547898238531609,1.54555823053744845,-0.83249779330091922,1.82279363815095818,1.45465468027796985,-0.936162652545645679,0.223896888824757667,-0.820680552252128104
1.53976000161809035,1.23703368429505911,-0.353740107216125199,-0.835635180405207789,1.14792964560307231,1.83329820425200252,1.78768041804295907,-1.7424859824573411,-1.09148168293057624,0.65177353097603552,2.57696091496979474,0.235257227416234227,1.94418418366291523,1.82980006744764045,-0.753159238992590296,0.739033774813846578,-1.12941416575635323,-1.0749602242748193,-3.27183155162701489,-0.302022732161675356
0.799366605786165807,0.99022897998264825,1.1718447704619066,3.16725108269330136,-0.90752954195776514,0.346366689709330877,-0.882523766179952984,2.7620150210977954,-0.696194117483721842,1.23780502558097405,-0.431249549336537807,-0.548582812674530018,0.841231624166565717,-0.532372701932188441,2.69733684551914177,2.72969975761425543,2.92541891012730693,0.937651137513663913,1.38207732426700303,0.947182588982548812
-0.645006902544190686,-2.01726834004834155,1.25489940273597478,0.44800297079894158,-0.879954446323881645,-0.432199846278997657,0.256333142565160876,1.19272823521990246,-0.561723292032312083,-1.31701304546320519,-2.09420498841195668,0.509290656337140546,-2.50371974215322979,-0.742220452115463281,-0.486789733813089265,-2.12159294617833893,1.31871394482165605,-0.81802317842721417,1.15447537819524459,1.9070977372649538
-0.394237151370832761,-0.82076972191567954,-0.148870606303024594,1.33889479224859942,0.842168684092404862,0.85810157110208729,0.878548680437173379,-0.765480193587384283,0.33114613724703057,1.01095104093273713,1.29460884890043659,-1.9492481087122342,-0.0808726784856932113,0.689883657472346479,1.28057938315067044,0.5433365127114681,0.193215675384523083,1.2488815899123844,0.0108916564639066609,2.13514068799413037
0.0630461611136929889,-1.37042617661788269,-1.14993292398129587,-0.910583888360096849,0.347834606306176242,-0.587595310064099374,-0.990104449857890145,-1.79315640491925343,1.62564375978064435,-1.04564709411185697,0.518618356240060474,-1.9318884098120479,1.32895901473305278,-0.451624931766709925,-0.524393469528635414,0.817851978326777473,0.108047872486282823,3.2746941743645519,2.62196467327886307,0.68309466790956852
-1.62644336163006598,-0.160249518599211271,-2.28476394115140069,0.317395479192919383,2.55067536142357953,0.892853526989587198,-1.73491933609233895,-1.60324463531865291,-1.13143841868092876,-0.0101162375189884669,-3.35411829942251183,-0.273480822777198151,-0.26826574250279317,-1.29081202655773475,1.22383426439729548,2.45819914630773351,-1.90987518063474448,-0.70948256375920693,-2.05150816477908426,-1.52650664423760452
0.266744243554366933,-2.19562456859194244,1.82734580975074223,-1.09512184480241537,-0.898886141320062393,1.21807052480334677,0.170558381991261138,1.47860761851048594,1.35854412151222692,-1.49049032392157899,1.69567456918998172,1.44196586477073674,1.03550082559077761,-1.42037132430163626,-1.27367977082069617,-2.0084478195146418,3.62780588092009459,1.17916890232086136,0.960376212373466376,-0.251211807930324382
-2.21568595265742907,0.203414913789056351,-0.132310568496020298,0.686109960911234329,-0.294343535961688607,1.685810055178947,-2.04435023611146693,-1.08000589669728209,0.766010918673595054,-1.34115328961599789,-1.21983636138308316,0.543985163635032798,-1.75630339536463209,-2.0707370449844138,0.174317835068992288,-0.151651030620353372,-0.595100678028161467,3.98423264528522436,-1.85209678257768373,0.721953938371552639
1.35670302898728545,0.396043762209471406,0.841998013493555963,0.040790625780179092,-2.78497138736358485,0.609181993363811292,1.98957864179041111,1.20938564200578091,-0.317493875172259798,1.3502208619200724,-0.115596343603254131,3.34246867099032618,-1.57798894166096737,0.333241977655291066,-0.416671611299220868,-3.20815321665678432,0.947905065153435755,-2.55991964463078991,1.13288672884543673,-0.151856171669227019
0.778137161345253126,-2.97828098956597342,-0.26668415245970617,-1.40874989695892716,3.74088894052691234,2.43647318331005724,0.871109353434793565,-0.960974970878940793,-0.95681712229013216,-0.872971254488569492,-1.17687370252672707,-0.936473439179535627,-1.06338450953431574,1.7279937235582894,-1.474227663659891,-1.94192154477901768,0.49259012344251385,-0.793653183240357385,-0.955692262338819321,-1.85847202903921471
-0.00409673341318193048,0.0533269061500943609,-1.25867403417846857,0.736902428140840615,-2.63655862957906573,-1.79558517618536184,0.216283041854038627,-2.62353940727548096,0.386110620296029328,2.08416214776952957,-0.417492193151315694,0.59017238311218545,0.802273094804189291,0.229798918339097186,2.00997860249871874,-0.551590788673032129,1.22945937650724435,2.84811761232120775,3.44042965349637475,0.13822110629525286
-0.0888499911627832206,1.23959771522292317,0.97441419427920628,-0.628327891495404911,-1.84848811579855443,1.72964108986460863,-0.195640885806507736,-0.266951368821533308,0.0276765203929186868,0.20903751404984261,-0.581448747646729491,-1.20013731395780665,-0.27225556144773716,-1.75158427638083514,-2.12346419563602273,1.57481352843945488,3.3846789848491734,1.70246991009991389,-3.67587273552255667,0.838565370679232314
-0.116616745324268231,1.39202493238593661,0.402951909735545621,-0.652048597791341611,-0.373439529262452219,-0.426394736572214772,-0.03590157436234339,-0.331032356219002066,-2.84253514633737892,3.50603449949083723,2.08562420546902638,0.318946254188806566,-0.475915457204071468,-1.27517637823833963,1.075023071543735,2.52764368939655171,-2.73411924067043666,1.7554326315953801,2.56004921214842707,1.91605767640403291
0.824921970906969282,0.565112753532292844,-2.78138953359080388,-0.601894076507481612,-2.01576850840224031,-2.40618942637840671,0.213651969124727892,-1.63034908475141016,0.27524029933672095,-2.02738547035989614,0.770823072264611553,-0.496422945528635806,-0.571641736602101269,0.479795602137512434,0.74159517993885693,1.88808276284707999,-2.59737127956882263,-4.40226543317027463,4.2802588131974959,0.968708922331876665
-0.0605011256020124982,-0.0926851154546803752,-0.279067455104687778,-3.52947201733485683,0.982804453098926389,1.94145605220084772,-0.109902627090989885,-2.04794025454569972,0.698903196506128532,-1.26712949497876903,1.51209909649325924,0.196818677414675069,0.222180090958770948,1.14831950197403732,-2.59011679857318766,1.53642887217577373,0.486002950383252474,-3.17503161077984153,0.139270337370874242,-0.423211963854287276
-1.29436614519633775,0.461083132530102913,-2.09472676154483839,2.73850504588961297,0.580862644259433347,-1.43652150289023806,-1.03228379778528234,-0.725374200633064015,-0.633516243061565398,-0.582833689943255462,1.12437708138685832,-1.40931279542527044,-0.76479511535943423,-0.604573975784733486,1.67139983952915938,1.09928870162412928,-2.69784942091266711,1.37923597208904614,5.03039248391709659,0.350520765681834212
0.354520721993530852,2.29663107205762929,-0.631233660555366116,2.21187720328968584,0.361988916137022387,0.347470340104697739,0.421714140907019863,-0.335934445737659459,-0.0881683285769454261,4.2021173551013824,-0.0534553626456391526,1.09600436424242131,0.414798788693080456,0.302897602069380933,-2.36636938884465575,5.33696055664815816,-1.04593838616025447,-0.716954101668926702,2.74998845973701078,2.01483161265147137
0.569615135564533026,0.170131374990349193,0.251347020522717957,0.534850837345985375,-3.23161266678191872,-1.39011293819533077,0.942806867275732929,-0.412798845176082452,0.86534256206370741,-0.153706945415005625,0.0667447585119132769,2.76786118809590009,-0.69426274137362487,-0.0224852502964238421,-0.564158781493939609,-1.45383834291611858,-2.38532225675599463,-2.70322944306410307,-3.36218372497628604,1.14306203041213994
-0.64817386895670126,2.42777698256345742,-1.94169827508922355,-1.42764893952862493,-1.18489429560075421,2.33550816701949859,-2.56848031991456605,-2.56252434170918164,-0.0783867857351078084,0.139297158638306301,0.617990705949726604,-2.13476772352938848,-0.0687586153890546031,0.131690362237966291,-0.926594050678637982,0.658987857868266191,-4.52503896912469905,2.95530017417178792,-1.58880682296192055,1.32605141116179182
-0.0191436074803678878,-0.297820922189481585,0.534595583110097805,0.128113153870506896,-0.0870611616971825458,0.692120980298223554,0.23530898553728874,-0.908861535156138101,-0.803744351752312292,-3.32286281924232751,1.46214251968754039,2.72341184405635772,1.86746702774618711,-0.0894924572412257729,0.62662721174402003,0.254024871939732777,0.99423127701630265,2.35643242415715726,-1.15645561518627149,0.145435215454007227
1.00832336263130973,1.31563986111761677,-0.498344207330614242,-1.53280014188636948,-1.72975261282448001,-0.694269326267364595,-0.70184558892747384,0.0505969650542514165,0.418121755676706452,2.80904398795498844,1.67221079877183243,1.29018561115680663,0.401570008447642124,0.610024119770487649,-1.1417232383884317,3.83078446232866821,0.126139833385303352,-0.282840198931210318,-2.92506340936776166,-0.852022636370012076
-0.771331924341517206,1.67503581318865047,0.986438495432778395,0.797008088633016198,0.914348162494848737,0.145076324716489624,-0.932875139604264936,-0.781134804862366749,-1.61319245089092922,-1.1344464265340477,-1.87705180724069853,0.0268497013811461807,-1.85376906921812612,0.323099278029856274,2.71921762877546502,-1.11624453957673198,1.8083903278578739,1.73698015215292711,0.441030367221329656,-0.251476232198225569
0.483025066030442429,0.67850666657025227,-1.68136255180430227,0.214987962062447746,-0.440444731914164278,-0.366917664445607805,0.183548791880089324,-0.720278041418558779,0.982487273055711818,1.43421774788396217,0.856866410065565631,-5.3930526903495446,-0.563065277071008063,0.461901721533675536,-1.09852997522927187,1.80970980043589091,-1.43109267130265905,-1.32517271663438607,-1.13493323303601423,0.268148871593311744
-1.07666217819819665,-2.12766341504232015,-0.544558173253471112,-1.6754693929201292,3.67386293595618696,0.389917087115121463,-0.358834301901726827,0.0560454006335376342,-1.72220646448108727,-0.362942206252884203,-1.57162872434670553,5.2680438552830573,0.909086250690376629,-2.10204159596048745,1.33366824645014814,0.647455318772752308,-1.26583141233674268,2.08462860200324762,3.29959355126702558,0.223296319112474356
-0.710516425070067847,-2.12925444002929609,-1.0816414887194592,0.359996543642973454,-0.586725297902730647,0.48823643616835305,1.13049560520792713,1.90872429555436907,-0.472359141733637522,-1.37862462729418445,0.496205391881926805,0.284079047041051636,0.255428037551823861,-0.97009559186714478,2.68453730339099739,2.18496295035231824,-0.922692755617650628,1.50267733604103548,4.60962946582903133,-2.4014864727308245
-0.801190182684888286,-1.64267621824656662,0.307511352588957287,-1.29349014807056251,5.48510058159644842,-0.261398966219195728,-0.172121084247593814,-1.01932894635494353,-0.96110597388596597,-0.464186888456215752,-2.53743555775181839,-1.50354487819882343,-0.495978799683043536,0.473558961816778312,0.640082832398733426,2.01029684074825932,1.27193609757727888,1.34435479717155015,0.137072071750400259,0.953684057482613423
0.115806588691268461,-0.490184604473066887,0.967023373830941946,-1.06887511391806456,1.96676808562104322,0.153250201366237987,-0.764272908394104,0.491433603582243583,-1.28452039886744118,-1.98472163618632824,-1.50945827767499674,-3.147522273881175,-0.0620620011871505645,-0.0433349326497523626,0.955496229616019765,3.24156932879597859,-0.310926026631708208,0.116248864144204253,4.88275464734628084,0.677308621174046888
-0.365489755863109111,0.274854495988028802,-0.217982863638977065,-1.17013785077298982,-3.19677931455884812,0.513075364730691597,0.975280335261181297,-0.47362722316334338,-1.02703136241446491,0.368863888297883136,0.567439086591416952,-1.39463304525020138,0.227473875591400504,1.09039496795157387,-3.0485477049920422,0.639285331781285104,2.28814286255502974,4.38600365568445749,-0.555621890956580433,-1.67460032108179702
-1.29758624896878549,-1.71199780195295781,1.35208443937692757,-1.08038345478405606,1.20381312791680584,-1.24553291633358976,-0.011547255054660208,-0.244933924918632084,0.0853301998994623334,0.410543103983823487,0.114125694439534575,-3.73870127389954687,0.311237420837999323,-1.0053768940267922,0.700789215327821458,-0.110539461045664977,2.87167321178193058,1.91411705984337921,2.27752752626235067,-1.32330255094729954
-0.437277729030388029,0.287393081510806059,-1.52661276918023647,-0.318511238912098538,-2.12385051972245842,1.34102096574999585,-1.52904969330555773,-0.950308538165435035,0.518249371305435802,-2.2102138327472729,3.76359629410990459,-1.87626140962610166,0.308870416518227331,-0.46092669046317597,0.655537680801935863,-1.15824502631297155,0.242582310011788566,4.09213613040504676,-1.70896236087921594,-0.220239119381185067
0.419490095696019194,-3.98915351593640954,1.76028893742217885,-0.112850042589649049,-1.0211640918077316,-0.296179122531485262,-0.0794224326469590153,4.9811134603101177,0.531814149511211198,-6.61295846345314153,-0.0323890392496392204,2.02088783297240226,0.328830662083851921,0.126457832563793199,1.55958961430086562,-0.690939319251435369,2.04366220292105938,0.930953431672120857,3.14888045617619339,-0.171813494582550241
-1.21321568195359908,-0.404403699679588224,-3.03871740386072053,0.283419941410792187,-1.47150337441506629,0.524965820221190316,-0.402794097123415851,-1.44438761231685242,-0.530508181154143443,2.02968544646825855,-2.14797662876830664,-1.79759739291526155,-1.17456213648248697,0.55555766071774404,2.20573570559638688,3.98230369684668606,-2.25911234987068621,2.01087772435429857,-0.776338249839498284,-0.304137667739955375
1.37887055476455056,0.295207004114098892,-2.83974999810404816,-0.332333436253112235,-1.63640561737456269,-2.2378426704470451,-0.950760926565156983,-2.38003260437052511,1.76710604505437918,-0.74442861225030077,-0.53962137472932048,1.28972643414517685,0.653422529484545156,0.998406626891909843,-0.679184060630043329,0.101460012433727306,-1.45029906429204303,0.672128292695738927,0.429699448553210461,-0.603068437552872094
0.244040979916340162,-0.11629476714781091,1.11878100814213077,-1.66895054225456607,2.42534726594732319,-0.843399883435987596,0.507222482968802013,-1.53204475186636779,-1.52435362186384427,-0.589101384431532704,0.766991707398350764,-1.72573868970735145,0.40707708092439715,-0.000540917541375268642,-0.130295670559038707,-2.30311320387937979,6.81707782996086387,-5.22501915779126591,1.21610399181854101,-0.0465376352600769122
-0.671515550189892729,-1.11805122423636116,0.858319309770586791,3.21685509139313819,-5.13649663087160935,1.38809335730126837,-1.95477400137284052,0.772206301280770946,-0.548711923005813507,-1.01284824406150986,-0.0211735549497443151,2.01695274011503134,-0.937504853525810478,-1.51938483859916196,1.99612837370045448,-1.73946552675077504,3.40112909080364112,2.26964229099359383,4.35014105300905474,0.0296434335629384357
-1.92979459791667329,0.492829792205396577,-0.430327025967390198,-0.989339546633274614,-0.239396241296860879,1.10107893547417346,-0.541004453479682734,0.658355276377705523,-0.321252255397667941,-1.16291522561869343,1.72004272737687058,-2.12016509077676751,-0.0512008008482784036,-1.39287854043235915,2.38179761391331057,1.48150644424686995,1.32929887246956735,5.16358121004885717,4.08327140949893419,-1.26057853560010003
0.514179681742860106,-0.220648008847424998,-0.141799828165422331,1.96968907407191662,2.37160388481971651,-0.584709081639911976,1.84774944674948971,-0.357697560369167056,-0.759272217902998703,-0.576710299663903192,2.24421720391224211,0.136540069724099933,0.693071985493528442,0.45002832219353045,-1.94969832710571134,-0.650660389436734876,-0.941029172958470106,1.14632714115260592,1.03716246427887593,-0.196640157894835466
-0.513853102727172772,-1.92153974540956995,-0.555519854048984296,-2.13239962541555039,-1.53009863352994602,2.07471329286656569,0.640513544624352837,-3.95469846927855206,0.263442927595866516,-0.681853523741466461,-0.887089401265345412,1.57656381175707683,0.709668389343342199,-0.461899919858027252,-1.08430106158534145,-2.65943270983247482,-1.12781229345567202,1.21628645964993143,-3.40411689532182615,1.9377586303162011
-0.275690055871843587,1.23028328058571379,2.07500007761572069,0.404654841908220375,1.64523253332904251,1.03965980246903444,0.822043460769274814,-0.0841457046868507447,-0.402959211531958961,0.294437708921244212,1.88302944965923325,0.429948669927088967,1.2065943547003315,0.417091233563192665,0.902809974028165541,-0.37561197615136066,1.32681081125412881,-0.0533397140812105902,0.591173716897436585,1.83484991355555538
0.616023877880537363,-0.07178046841783918,-3.88665274551631112,-2.02075365712995003,0.404793417203608008,0.998817504111971344,0.201109097466414199,-3.52365940950233458,0.344891833368317358,0.635642215921251141,-1.33899471529011582,1.86939668959859229,0.381218187514052731,-0.979400997922325489,1.67270106053818601,0.739338562704554891,-5.82090677913308774,1.66279076892131239,-2.47182952704047532,2.03188874037630507
-0.175273152090673595,-2.18449979441809905,0.933062564375228831,0.810156807298408221,1.96194381945610852,0.295875708425787531,0.459813246530921038,-0.856612385955077937,1.35428052335572158,-0.632745985380907205,-0.976590640338373062,-3.24182657281679454,-1.1173764027397548,-0.315995057679849756,2.77322094373419725,-1.41671973528387274,-0.6058725608641089,-2.60424984693871275,3.84726586275036908,0.239674420737027521
-2.08915488501061297,3.52128874390470559,-0.825322926088919551,0.0256999440075788774,0.515045326676692672,0.367728645071791205,-2.59278912384884697,-0.510815534183776565,-1.77055319938737465,0.892077726236128132,2.38309087536891884,2.8885273693642981,-2.41741969093841735,-0.683551897024707311,1.86179745350613346,-3.10727406597863087,2.91366685348614274,3.00147134786836034,0.672068670569407445,0.358096604952154784
-0.430903009258806646,-0.901667517949004682,-0.676328698076113177,-0.312481160669147384,1.28291654322404503,1.13625088310181788,-0.0215769845255860855,-0.912576410232329494,-2.43178243593246268,1.8592685967458249,-1.09564305915556681,0.125743466139801474,1.13199855152881401,-2.11609375694562729,0.648800160248213298,-1.54452706884407376,-1.4522554411821742,-0.329898273614202486,-0.411536923103309082,-2.57331921534310037
1.44347138718144263,-2.20966317756643615,1.21775792221362633,-1.11076173047965954,2.80845621469935702,1.4125814797932581,0.159383058788064302,-0.936185987441057077,-0.304943995618029151,-2.33879220878512362,0.900343959721718989,-1.26417843903184046,-0.615865166062961156,-0.211801942732628506,-2.05454093205338717,-0.478963354619434734,4.78007285722503727,-6.11270250423371841,-4.72827390779758172,-1.37967726958293646
0.437444121665228725,-3.04930177753434961,-1.17270442764408922,-1.5369976593273813,-3.15724331107877232,-0.191367800126581694,2.03598164991199493,0.589493693257034379,-1.16754022946292335,1.21981422235967285,0.680018546093096532,0.248734052291228414,-1.02886701634314215,0.800515871848388461,-0.114760734373567236,-1.74638672164481168,-1.90400423399595442,-3.76001338877763436,-2.35571428115015724,-1.49547199550215781
1.42722494134096167,0.227943777820658555,-0.791035337341932654,-2.89188000132496148,-1.71926052434420629,1.1803391886186585,0.263951391114977618,-1.46969760184815801,0.0207520336749014225,-0.377166126271138269,3.31574131045537834,0.897947889553350476,0.3843379390966426,1.03306499523122763,0.776699941263939597,-1.12664114091990397,1.79096970570735881,0.446194380835211457,1.43753088031818366,0.882322028468289998
-0.308809280859287771,0.487454202657380209,2.5362078674013997,-0.785220068858160536,1.85762645840135487,-0.563734610372144007,0.480656811905632586,1.45833889917633153,-0.0240054096647981316,3.41830460084490273,-1.79191097479285988,2.49441301937687765,-0.772756467909961664,0.548002811042327065,1.05300260353844211,0.156153622778999357,4.28414276511524772,1.74684791890226143,-1.00502912989281157,-0.206197349507736744
-1.6751877972828666,0.672217147980863849,0.550172095107465564,-0.741104675383603251,3.97657504779584237,0.807235553907133419,-1.2392147881959803,-1.43316046827072174,1.30575043826240234,-0.826687820247159255,-0.806652177235009704,-1.36338410126734955,-0.2144983571914299,0.29071511408888423,1.40171791817430891,0.854233131063367179,-0.227491624657876201,0.648327705693204082,3.31826084575099545,-1.22141624667364934
-0.19149840580954644,0.0821797386540961267,0.513445919733911404,-1.02836056470970894,-0.25535156584897778,-0.501890721577470611,0.303885504628269354,-1.58336663492429897,0.224035628001110293,0.588066764828632738,0.742703540500776582,-0.403679403185487784,1.60955932740689023,-0.0344728821063943411,0.836829848766724949,1.12955140562508349,-0.097366655155446874,-0.601311338468789924,-0.901379457724726829,1.13943093939617635
-0.0395985509293358129,-0.164560966159775252,-0.671827993388681932,-1.32259821838652702,-0.431649107812519028,-0.856352756035599794,-0.0904435600070461476,2.98735744169801976,0.683695876529859525,1.32524858222598052,-0.921528852182262992,1.31911110083662297,-0.457137741159950373,-0.374578143521295592,-0.691050303746815087,-0.163845494879133968,-5.35936190206665231,0.809681105917690602,0.691358136331662432,-2.43861765164634425
-0.824799354345848057,2.48417433760969297,-1.00753560654389474,0.195152009203717863,4.32336055783986239,1.18399009197450167,-0.994331547424377571,-0.626859674413476675,-0.953986393801037336,1.51953984325294189,2.80735538531315543,-1.2193132595989824,1.55815199489331468,1.29711429817783985,-1.72005379251622981,3.85753092301203537,-1.78775197687878395,0.564678719458918676,-1.57225505776868557,0.487065026524674538
0.595151564307221492,-0.00455991258511991449,-0.366420213143975548,1.95123547882449655,-0.375209296883950272,-1.11131616067370276,-0.115886634583339102,-0.216515751546136059,1.47283759030650652,2.46764403637168295,1.05530471745188281,2.54551713550523306,0.535706695901757124,-1.88174961897459947,0.964066385816455984,1.44704004424373811,-1.36711165507512167,-1.81885920545567359,0.628121356037157796,-0.207768911814839252
-0.0869281489407999486,-0.548291129371659691,-1.76174618887244261,2.8297519367962396,-0.667364953156095897,-1.7610355975778913,-0.519648906370880903,-0.650057618178342955,-0.655919751696656617,2.81236433948033016,-2.89055133960094635,3.86901860068376902,-0.092703807267655286,0.664987673656602274,-1.7487169436265817,-2.88611418639953499,0.267022201822618765,3.377583368979721,-0.264879696810291498,-1.91452271371760663
-0.0781546964058516536,-0.629249138165599353,-0.717082824418267761,-0.194611511673427828,-2.94739107665088973,2.32969788724121774,0.348218601371168113,-0.0137227462752229443,0.302005933594206466,0.574211409934273442,0.765647718891836249,0.360439922155004588,1.4587607143430581,0.71270341027209505,-1.05333768791981996,2.53983322815543966,-0.864972631113906876,-1.32632554944727965,-1.50351567652582951,-0.656932989093499731
-2.04154131217647272,0.181549959552162909,1.91570227370292656,0.856094829930064471,0.197028968592443648,1.75693657976527096,-0.939392282459566519,-0.397740123970443449,-0.0416972853159691473,-0.333116873394717738,0.194530963079979774,0.594076605240154265,-0.227105967546438692,0.798677205900679588,1.9650077560492063,1.38729672073550536,-0.0692322682961186431,-1.75030858586517168,0.354847846755621366,0.427349961215255758
0.286636653035703515,-0.128686896291088176,-0.301993125167769882,1.86585112067331949,0.811658270146351835,-3.06849862132935058,0.390845769718861369,-0.40158519200453735,1.95778813841671351,2.53033063609802955,-0.490492690915245777,1.96177158041407385,1.11059152716656251,-0.24222965665371865,0.376800085321222056,1.01664023839823847,-0.486199231738183413,-4.00095446789251152,-1.43593493278111639,1.06074986503246826
-0.0466978770792551082,1.07290356410196375,0.32547178028878565,-1.21784802311626938,0.153087897731961436,1.43949937730181765,-1.01194574435355555,0.376651047860194099,-1.51474690260341593,-0.191623158814419881,2.97985411834370906,0.255391251552432808,-0.520753680581153566,0.314002357933827858,-0.304270739345783359,2.20333008281414466,-0.905635366919834151,2.22549933147992984,-0.79658336604117419,1.11267194018842996
0.459906391350267452,0.867278696508375857,-3.89358347370653268,0.655956530362016843,-3.11425568342742887,2.68731729178976675,0.443589234127552468,-2.60124040600389872,0.177216260266421788,0.153738640205850041,0.474334609910449623,-2.92985499506827729,-1.00176067773303923,0.27559571225502949,-1.88828789713643586,-1.54843685197325676,-2.16510175416103667,-0.421235399485788198,0.592872602118593273,-0.684053014456836195
0.191423112764394276,0.823061025001280311,-2.8169592062099178,0.62508698759432324,1.04341605546641625,-0.870312094882608522,0.21794149750299846,-1.79706932747042747,0.732382613335804677,-0.906957175137906302,1.3432004422248307,1.10282699873509582,-1.99230098575705528,1.49221773315852158,-1.68649845750565408,-1.70758304816547279,-1.09299147676887398,1.53841900231271511,-1.35919940247206461,0.446929284039817076
-0.476763537270609938,-3.46842565300079286,1.10752157701847698,-1.23578226832510851,-1.09709250638960198,0.52301741492429743,-1.57316686526166682,0.0463476129767937117,-0.18962264035666801,-4.67904726755747191,1.68347726858976499,-1.12403835607958635,1.04104097265558826,1.18389533897099608,-0.191625343747461041,1.48076787701091894,2.01794108428702756,4.74082502813781659,2.10589936390290866,1.48525585959160855
0.839229366624808515,2.18548802308930279,-0.887695532707749591,-1.02826076816996381,-0.375401980538480007,-0.0976666718842837817,1.52817794111739524,-1.70748275636428848,-0.958701753750495711,2.1169097912630277,-0.805471781524636832,2.22558811257771438,0.76947374271950153,1.71931817083569527,-0.783305485051907113,1.64284389770085038,-3.87189846720780428,-1.12286341373162313,-0.477946986719048283,-2.33213899204493025
-1.18086262185350699,-0.976605409965639049,-0.697670990658989409,-0.223208190379288074,1.77824584895606796,-1.18134600559949776,-1.44175263557847133,0.161034697929456155,-2.23072009068104826,1.02449333390551667,2.7073772108085441,-3.11726189297521383,0.518579499735223548,0.810948483897949823,1.40733320252914917,0.115940888975715986,-0.584734488777270967,2.20514514975465081,1.75978092784963769,0.549020479827920127
-0.892049980218713734,-0.467449256113020961,-3.20025777369683073,2.72384785682358954,-1.50065231191991244,0.538667298030572672,-0.12128049818470929,-1.23952520913260256,-0.367709122052789272,1.59804315826366827,0.61004892240055264,-0.640355839651427505,-1.6055391038398179,1.01602075524588287,2.6927769053454309,-5.91608264723497346,0.26169070264960409,-0.911648715804248666,1.35203574389143988,1.01547628046856842
0.823765560652260587,1.03091510717342261,0.383736628270012037,-2.15840395156827647,-0.582597747988486403,-1.95502363026425385,0.641048748577973337,2.14659275365947533,0.17598446663189507,0.75454615379691059,0.650261082803509805,-0.50401536370387312,0.276536851745542323,0.151357951134144159,-0.408720324798304002,0.36782261004411676,2.02658838961757182,-1.14990392842486733,0.645647818760958558,-2.47440980574062097
1.73966589280578954,2.72778870887803837,-0.120819491524214964,-0.22246763369006442,-0.399623114136221924,-0.687872969181102412,0.453338846808637119,1.74839489402401638,1.86836334216866673,0.777953263608021195,-1.17842530830343439,0.798705574516800021,-0.618352276894992725,1.10150245838617611,0.906821252182181015,1.19955239683526327,-2.36508612028035126,-1.06414630392533338,-3.18046269988710595,-1.09686817838686212
-0.817044555051651078,1.00631581464779241,1.6861962463391833,-2.95793067222471961,0.939991700146687204,-1.48436940422778174,2.17558458595076365,1.35883873691367407,-1.52142336226504993,-1.5352994745761197,1.24545408739943086,1.14548145335685758,-0.737354245730291402,0.91360078947999257,1.58245739895358084,1.11973316119373201,0.623545009484033241,3.09365182063168476,1.18515670315882371,0.855883994415524985
-1.20273857544226481,0.165864677753586792,0.00925507609196906528,2.48628178680208833,-0.0243303819401390481,1.08923116771850537,0.267155867017116022,-0.012576636346898637,0.445666242843127947,-1.84436278314413293,-3.79290722123452406,-1.17560727188794001,0.0232914393151244757,-1.0771743104858178,2.00790423526759954,1.44194882065870966,0.123421985944067905,1.9335113951355416,-0.280708346723863245,-0.410999984502663729
1.53573091287012264,1.18471432115472219,1.59289650961146934,-1.69937346909608489,1.13087134258308541,0.018248744903667579,0.607840665559932214,2.639151719961359,0.133415891376797519,2.49674310954818202,-2.4960510939631515,0.602560452192229312,0.598368969926991401,-0.460653580231206727,-2.37616438565296217,1.22464762115546888,0.0238168840057601111,0.153551482139362733,-2.67663602878784523,-2.21728400997628583
1.0668814180220636,2.12970957321680343,-0.592318488023837797,-1.72466422135275188,0.598482348382887386,-0.260979520340867577,0.0161749690830908718,-0.343474649202585858,0.39801144886100015,4.57505916974944249,0.0619780204820252478,-4.27102612455623021,0.775164277035054528,0.798444696950178057,-2.57423267840530823,2.32309284663370574,-0.211447713668782483,-2.4246230369003885,-2.25566453716287407,-0.368597872401189519
0.997797155973376593,-1.25098364259251205,4.93289765610533593,-1.20368160281615744,-1.10459815033198927,0.247667652030690688,-1.28882304625217903,4.15340020588814074,0.182144728085564589,-0.751684642948930337,-2.40718165502771475,1.44767108487731866,-1.06702128035092159,0.156771614973076262,0.786991633914294719,-2.18356731385132274,7.88274100828160584,4.16667382207830972,3.76260736145580932,-0.387200897425197421
-0.00455272433558249427,0.868996798659322445,1.77006152281534712,-2.25918883911430157,2.02666507887448377,0.964417271150632915,0.405445733687657572,0.860137369578523492,-0.241671960185517593,0.793995821504155153,1.63974949767722111,0.300790760442626315,1.31489589357147185,0.0651488430286015496,-1.32636683534128252,-5.78739862795638693,1.11212572589092029,0.0712142606733903866,-5.04410952313966465,0.659395406004765317
-0.243256310668846981,-0.168639613925415349,-1.41064856725756216,0.573511451590205446,-1.33128335593509295,-2.07686868933026814,-0.675179950545419905,-1.16646435492431033,2.25884502167984635,-2.05776165659619226,1.47713275537957478,-3.01929201232654787,0.459463325369519726,-0.85557262611560847,1.54205426922077415,1.63744518551761176,-2.75850747353810766,-0.318267149706896846,2.79615999183390507,0.686576772052892803
0.437279592634074954,-2.6235848025640216,-0.862694373319934149,-1.46819898628510503,-2.40890710335329716,-0.877670135790259986,-0.562244992022452483,-1.77961903826036627,-0.997150673570047275,-0.0810419126596568506,3.28856841355750662,-2.14501915534102228,-1.34631454806968365,0.531620533054641409,-1.86815312130137889,-0.299410484189672699,-2.95238039939030239,2.21840881232786913,-4.39471006671341868,0.551183223381246479
1.32882336739225426,-1.10488940004307534,0.0741011026741596329,-0.358249706426646164,-1.50791865149010218,-0.576478615276802886,-0.472478791097649731,-0.934175449638912081,0.234668530889329485,1.4973880714688943,1.11980289838609548,0.441255540617323416,1.12433785339084724,0.527233013404760698,-0.48496828596960101,1.71510672349796445,-2.15264418162741933,-0.611784638334933462,-1.01581045500429079,-0.915831140300006785
-1.11455930054920072,2.7546805947994919,0.00889323154569491084,-3.13581218951187379,-3.19954222677106159,-0.0921670318989958742,0.267415794469238022,-1.99971067864905949,-0.409985269055135271,3.54736540056578287,-3.05209420890572769,1.94910968666644879,0.76656937045281115,-1.34020330654247299,2.00783848997280101,-1.14065119181984742,0.679349482960994733,-4.5948157490741881,1.34321384795267895,1.68360493796980104
-0.638119657803085105,-0.602259998068090163,-1.46492698897605345,1.18740006239222717,0.809373443039417717,0.212726482536205658,0.996059814756312334,-2.22643378472526354,-1.01267075510338023,2.88932457701243406,-2.37892838115545979,1.10220479709166397,-0.446054113000394215,0.441911258052130496,1.12186831253062569,0.025194696226775868,0.458961765981655057,-2.58740578915108621,-0.726555034546095269,-1.21560335000851016
-0.147002162744559906,-2.14451185183512205,1.02212539517017587,0.690344484521940305,-0.265417215401488993,1.00940458612914052,0.154977951628279986,1.84048794074926714,-1.76958480809054031,-0.841830666932560812,-0.500898418495266062,-1.52459675823798357,-0.575929732381271653,2.30862771962180346,-0.582585644604014519,-1.31906097695204005,0.6607879616200657,1.18984644270715934,-0.573297678076789774,0.0852198419392736495
0.279199666949259628,-3.0920606048587298,-3.39560181734585687,-0.595243899512751473,3.54144436410845742,-0.981515712197556844,0.303034019457564807,-3.38906863378684431,-0.279672632165040735,-2.02537325904487009,2.26494977021027832,-8.00789888480259648,-1.04694956775524783,1.21411760233321475,0.140639530046267142,-1.62186654342240977,0.9998660537507299,-1.16455369247733809,-0.56497134063669896,-0.444712205144153661
0.166962793546976546,-0.809381059998879548,-1.60865064637967459,-0.799984939037275078,-1.36573859046973056,-1.46852799222074326,-0.474948445053271495,-2.76757912430717123,-0.13451254275085886,0.497209238622949523,0.0561395065866197238,2.28283483224282957,-0.32116718426917662,0.45409548660557586,0.0970092686264422271,0.04225996966470532,0.158727485254284068,-1.51778232964610327,-1.3655182016150722,-0.301890098131331552
-0.480423749146915657,-1.84279215366393445,-0.603008415301431788,1.82555078948018012,-3.61257335788690126,1.23518805222750605,-0.918889447172574148,2.20416706021323039,1.56824767479379301,-2.94410431128671446,3.86529393306489677,-0.372678897936895515,-1.55541952097447744,0.293964755155121327,1.19696871711192032,-2.97040941268372283,0.327726549076451601,-3.87628831318253919,1.2740484026767418,0.2791047847721152
-1.57335529931047069,0.61999740901060707,-1.28598695861598444,0.0877321182883867706,-1.8968085591453141,3.22180878695730266,0.744432530304230622,-0.115339236992296451,-1.34901764508339439,0.339517193244522564,-4.20258896226044065,3.00048278185460848,1.09728053500017997,-1.85985523888587845,0.845595589350007337,-2.44582668058903652,-2.97116957322679998,4.53480876849792658,-0.300216404685563321,2.42463861096717181
1.46772856605185931,0.705570103134883997,1.98239595167176019,0.710883336888589512,-1.34417623890483728,1.24036422656181577,1.74905924646686461,1.82799470028414923,0.544884067033519659,0.676062704000445103,-0.420993378727978151,-2.26456916424170496,0.280862681584385043,2.24281095036407185,-2.04770487219042252,2.20693407303811462,0.626540925066773835,1.2799713724379933,2.65427411455534612,-1.48582691379245735
0.174887914770551572,1.31350734825899962,-1.11723715768435139,-1.93379333534914011,1.23254849309945169,3.48871526444818336,0.493644041200930417,0.304312592669199411,0.414401344219084589,-0.8263393641128981,-0.357324474138568993,-0.804579022452401871,0.447482159941939683,2.63305144197873497,2.22842276798374916,5.36810096272570636,-0.419814069706373694,2.30112576326528107,-0.784945872881171014,1.06431380335187242
-2.4085400489524913,1.98069596356496946,-2.48384982461003512,0.889262992129702612,0.156356870378702689,4.06272918000978933,-1.84256974351990777,-3.00494927887030583,-1.22463994093832906,-0.509861257294609072,-4.17433735271525119,-0.644061023223040596,0.266179711403318253,-3.00942032824017724,-0.486346030462275869,-5.69536444283099641,-2.59501531053898438,6.29094552114727001,3.11718593578889225,2.75829158372237959
-1.00382024509545031,2.49756643109614584,0.896318276208192266,-0.00981301838733394244,0.873550973853082779,-0.0220544115472444992,-1.20389238416753019,0.321733176654405872,0.310557840412087505,0.996083472912470791,1.21928995665242335,-0.789098877208985416,2.00867901246916603,-1.56655520801342396,0.881852238354526641,2.95984872601610771,-3.00411107732685378,2.13289088480609923,3.18805133828636089,1.19774921109288224
-0.357703326433474744,-1.12373633593319933,-1.47706576226483621,2.07772278855751757,-3.20784860747901757,-0.930532953869889323,-0.99620498249451328,-0.687928833752523339,-0.35369279176686641,-0.36368728894265151,-2.16058955199856406,0.698025472637596733,-0.546660252407328295,-0.724949780476096373,0.59134779153986583,0.0907453228425559727,-1.27885963328901564,1.80562519512776953,-0.758068047195144867,1.28956432721504033
1.45274755759112639,-0.347362801184431802,0.743025832004783338,0.90189307599788493,-2.64773549174795253,0.80218811235586085,0.306356155337036973,4.08995544027719315,-0.432414491132478485,-0.0891327127600948649,-0.236533082490748864,1.033328233058735,1.76808772556154326,0.914170719478386684,-3.30418259170090112,-0.178993962769102816,-1.8539221357554625,0.234082498289040292,-0.615086408258650241,-1.40144808703930268
1.29685850621034771,1.3720538664203048,0.226959985281447785,3.21472949241701933,3.3936422302647693,1.12726266809169906,-0.503833218162643148,-2.1861004954852139,1.58541292722964977,1.62721605073140663,0.31926939525537279,-2.50035935639247064,2.1439489614678422,1.0357045430015992,1.16024525946516954,0.411413195181369429,-1.2561131864573063,-2.13361083977025734,1.97316431950590698,-0.65841127227375762
-1.33610806551973105,3.35180205114273777,0.756073961619395551,-0.525800557557991044,-4.47560585559140467,-1.18593454533412612,-0.522277248792519577,1.51444301444331098,-0.710398259910372754,4.32058523716689002,-2.92358707494356729,-3.00645083018645964,-0.0986579476345395279,-1.23002871387780877,-0.913167130265314042,1.28841949553248813,1.12510659272313807,1.69087187632039848,2.62720010864931286,1.52695935427876006
1.27258317240239571,2.57771304482615404,-0.915496087396899694,2.39657704035631891,0.226322085243623544,-1.2275057429174181,1.06915631028715397,-1.13164406031036924,1.34915807132528687,1.35131211354203118,1.25771956736150314,-1.69555500284063387,0.166556742946121883,0.855254381935204644,-0.234559218308319412,3.82170015746177549,0.767990296924641935,0.299993853614175021,4.96643726594630408,-2.5788845983311619
0.680791905003624964,-0.351989689481847112,0.441884566437151793,-3.58053637205481223,1.13416119853505548,0.455146744917840296,-0.0627517733239182085,-0.780583402591409348,1.28067498187830475,-0.726338057815123839,-0.0334139548393118171,-0.186635009052688983,-1.11967007137391605,0.956501188408061309,-0.38811384748831862,-0.30740579397373069,0.698731540343953461,-0.302203791024747759,2.93335323815118443,1.25430695913528711
1.28656169668271381,2.02005182924688986,-2.01155691763881128,-0.120042729243313107,1.34080397307124555,2.20078414215084939,1.99807172662667587,-2.53064228220893694,-0.152789473917623736,-0.761121672948385952,2.89241139746465947,-6.20442294067136757,-0.515642653626498193,0.662348522795767725,-2.71605749040758671,1.41127334407843907,2.18229927304650051,-2.68635584252544524,-3.62422596230974658,1.76753448622500575
-0.107791361777012235,0.291015028636852302,-0.0122127097914520762,0.691264022811975187,0.490509408150206494,0.14649687618879656,-1.79107952622668076,-1.8477664372793865,0.619844859640727663,-0.960053280494331807,1.65471560538889007,-0.152852597659774936,-1.59273138244105383,-0.896659519441862951,2.66614712151542488,-2.3499931482058809,0.641133851332176374,-1.53753767704229727,2.0740970611781826,-1.8983664024986131
-1.84708481167106009,-0.055501832735468673,3.79088951641888938,2.85503602876399087,-2.18626013622335513,-2.96435355533872036,-0.234445045543424629,2.25486030522853964,0.658602033932742303,0.620479331571581083,0.325858520021856668,-4.09634216744688207,-1.7770486313241467,-0.29842624754515279,1.99845874635355147,0.462194580467621796,1.49706442755807156,-0.269105160506442509,0.0778117283083818861,-0.384239102866030247
-0.147567036960160408,1.44516298356598871,0.75763883339978122,-0.711637105003740444,-0.44329394325399829,0.349070384236128295,-0.545807825118921564,-1.02403325930911526,-0.662291651232502443,2.56130252161182526,-0.898992987243064423,-1.57372839614403293,-0.000967827551220229606,0.521331167460213241,1.64402007536387829,-0.66697678611009048,-0.647769165165637761,0.159700010084117161,3.6772440873983645,-0.426792880982436729
1.20209617323927542,-0.0874400798049278782,-1.22909894297373135,-0.481253251353071954,-1.95260040902199816,2.01641684347163919,-1.44441706867226816,-2.64977335647522816,1.46087820047171024,0.455889999801472545,1.7864539812062985,-0.225076295684436323,0.62566193809670867,2.329672238932885,-0.447553005550500926,3.22104379183998368,-1.80414372428520142,-1.04375226283264677,0.921725846175035612,0.552664314154062253
-1.39440173717198568,-3.41879991782568782,-1.45657468842943882,1.35503708699712822,0.387794456336311599,-0.212441837219537716,-1.51106901890271272,0.199490393913964253,0.765471383069422973,-3.21547398390004791,-0.987080534789107178,-0.96021868550512135,0.118215951178969006,-1.34566217738250082,-0.166191974129723641,0.915652103745186685,-2.97873630626828634,2.50124891090993051,1.44954429805418261,2.32850489170756747
-0.22414763370972432,-4.00870407950101004,1.63187407820566488,-0.087727383038560397,0.815816709826642006,1.32849592390061289,1.56228502628655064,1.52644061999373637,0.483747941274376425,-2.05792983887762615,1.20664735784070842,-0.0560653856813601859,-2.01769803467180475,1.01739794127156613,-0.167106187782959353,-1.96572562750128288,-1.32503008856648652,-1.2063495367714141,-2.28062865931081271,0.617804192450279177
-0.638157352487144114,-0.124916139075153282,-1.06309270586493265,-0.513920032809204952,0.0840043532334273368,0.401520078791776536,-0.2380042339758357,-0.753712717265991983,-0.428840060337692119,-0.545153520490764709,-0.709804890932760113,-2.40963394650478113,-1.9532325228363463,-1.27708530429366474,0.090121116016632738,-3.76524462513333669,0.960109698947598456,2.208319782124327,2.45170257510180312,-0.558520400294588382
1.86421260968906766,0.300002691978961622,2.75138517401794536,-2.49269189782536538,1.84797767065891261,-0.326873350045174205,2.17277554460900379,1.74712579831534054,0.416096584023155913,2.53687056411863932,2.24371410466273158,3.63766401132258865,-0.296620356537115659,0.307167744068834236,-0.849915913989383154,2.66774688407816996,1.37225645713691358,-1.26056552853261072,0.662926738148686745,-2.17445227812820985
-0.174584307019160806,-3.72566840504719554,-2.07395234557048003,-3.10408453683733887,-0.123503093798236346,1.57735397881843964,-1.49724334263884584,-3.39510496550701335,0.839505170512628407,-3.58617607861335008,2.09436861819450471,3.37543778641242964,0.670830503113771459,-1.36516944857874356,-1.95144834203682938,1.1971992170711292,-2.06171797044312211,1.52285021083068606,-1.20141344142905959,-0.038274272481197788
-0.624162608233459593,-0.528305417905195251,0.210311623959327287,-3.8207642087421525,5.97847995602691906,-1.31257648333002397,-0.838970837573112083,0.446091740709735896,-1.09317725012382394,-0.141134885875924543,3.0204218192889245,6.55284045380148239,0.201145805211063178,-0.746567342378636423,1.56860808596731038,-2.63421620242699905,-1.69364813172669626,2.70161163059117237,0.470466812313213467,-1.69774848223642061
-0.495119631338246824,-2.03156062829243922,-0.755662303709108807,-2.32233716478898655,0.915666249330672088,1.98123094942357558,0.126588463405453544,0.476909902860248758,0.296144239144068566,0.460191418103396088,1.46127285235794613,0.202106518789257977,0.63143152464803054,-1.70839201918278083,0.275789177659086115,-0.37474936562023714,1.58037063644790221,3.23562825626208905,2.12694579610343704,0.472968789154749658
0.142501556104452282,-1.90953151105447971,0.293278259180435374,-1.40210681935688419,-1.49549463122619852,-0.142603540007786411,1.04363799027850002,-2.30341086897006919,0.992001434295481821,0.86499604104634753,-2.36825288042033888,-1.01690324118357367,1.53427970315703366,0.292773838402114683,-0.70116132186524438,-3.56195416410862586,0.471626853967720527,-1.84907611207171563,-2.586029422360272,-2.24660469922098516
-0.146060620151497011,-0.707617221712560474,0.917719732654251108,0.439225628550551583,-2.58679882428368613,0.523636133447543006,0.429136927836716475,1.1049917079400049,0.904612326953064927,3.16089990849643288,1.82650975161194928,0.742077054248622248,2.25725936039327424,0.307248227351993197,0.834902218275977215,-0.904310863788591046,3.8778110689635108,0.790355374611932171,2.19285399157142757,2.43397254658791473
1.19065171020123461,2.1423147577137498,2.22739952598690127,-1.25603902226843411,2.56762704534419228,-0.995270845776114466,1.88295731244787667,1.22217223404778386,-0.4405114356814539,0.809187431987720807,-0.871932285286345476,-1.65777051283524512,-0.412507284964283127,1.78654764201859462,-0.152746910792042001,-2.71267330635687687,4.89528274918710515,-5.19683458329294545,-0.651178765192893638,1.83991051017385221
-0.823509881406986888,0.937392857095926679,-1.24321756141661921,0.24657905401808286,-1.26531744985867656,-0.212250089211074355,-0.853248517066697798,0.149199291514972687,-0.153802331715491458,0.604269368455926936,-1.63669214881859637,-0.603509699695465085,0.109754825713209367,-1.50239322486836446,-1.27014880085746373,2.5569937866899326,-1.78254265804192924,3.1410878758766585,0.74241829302100959,2.08545081789541786
1.32637077943268,-0.850312490955890565,1.38594189736085704,0.501025354191051653,4.30427204217164849,1.95913690032973586,2.10158256676338029,1.26591756972919844,-1.96337450871570995,1.21468642169841101,-0.678390015380992528,0.534823391615999344,-0.632393791491229984,0.726565646445816782,-2.15333989495997224,0.00170903915335454725,-1.14807810096068996,-1.91315503600513259,1.36054322466405142,-2.2583090494776159
-0.895704206135202297,2.50963444197911345,-1.34592118682060624,-0.229862492154145448,0.716891620957685327,-0.351047431413079536,-0.540541410587259796,-0.341392926692191345,0.117904028343278997,0.0620197757603071914,-2.18755102718366112,4.17281029511577906,-0.245230131398921219,-0.117269333366123885,-0.389082995072581705,2.66052885257123517,2.16136953225919459,0.599549689700458077,-0.449961104394559386,1.4994328482703918
0.0987241495978161826,1.00795697619402747,-1.05424680589960063,-0.885174387383718342,1.86276228802417476,-0.286878259316927342,-0.179912405986206309,-0.176590784993349015,0.0616931807979369667,1.39507957599729249,3.79288235622284553,-1.33733854403374819,0.816374212041187097,-1.20098075424800466,-0.189790440960323242,1.77239317890286374,-1.61854010231381196,-2.75739487972108721,3.56659546031842201,-1.54309186434952261
0.957268362114688465,1.63368383415917839,0.0740798999877952669,-2.46257373086170794,-0.63882563476366816,-3.40006160580506878,2.11046010289878971,2.37617874594251877,1.46476857324484633,-0.233731572015981742,3.0668387525922447,-0.980906180800379168,-0.181881843104418128,2.16641427470022796,-0.194247799292023349,-1.8406428906679988,-0.670912103325750908,-6.96920288727949977,0.509354235440741543,-2.50917852484977111
1.65097859513920264,0.917063688500860841,-0.0663768905560814942,-0.70780837660527951,2.77410851901761468,1.5030095308368796,-0.758388854660799416,-1.15602120618091408,-0.96993590009159103,3.54219557181217715,1.29365098194543737,-0.570798899089001832,-1.85250835333709674,1.88979413036425115,-1.58521180627886893,-0.750981652483476481,-1.79953831388784979,-1.08098958177330218,0.81481328003029363,0.0277553612810418592
-0.0749475984874416884,0.856105619296737008,-0.217879076952691486,0.423824526370187415,0.123152614937380306,1.4748218402315687,0.326354805568111583,-1.94853751232227212,-0.330287012943180303,0.72846548210751616,2.51296006003938999,2.1355449677792131,0.235558796640514795,0.594084470075051052,2.50344336086059549,-1.58991751700943684,1.08886902324322543,0.554270190249139927,1.14111379077823005,-1.33143106656064214
-1.06859716895097456,-5.37006430800445056,-1.66053781900242381,-2.31567766867553004,-0.99394933771645777,2.48252792341887663,0.066956804858160468,1.09545252222543854,0.933219950834737522,-4.10250910188751572,-0.875362501241783386,-0.241046928611460876,-1.9281959641380324,-2.61344502207664542,-0.484548485949536478,0.0622698137523816364,-1.66758151893364648,-0.286708127167957016,-1.61851592246197984,0.847196281292872388
0.715787323818687482,1.64159341327100305,-1.82498310837485644,0.516214321325078274,2.98897102412373705,-0.484611420840522278,1.49237155591661375,-0.643884601976746573,0.516238572104298798,0.415736397514582356,-2.55173063269276712,0.986242339022981307,-0.235479633760540374,-0.264489991289139748,0.962115341131320467,-0.519909748425344098,3.53560726265469727,-1.0534647862861457,-1.21973047267645374,0.809368144941032486
-0.477702526941976457,0.413733443915177135,0.693703195658757044,2.22109655133561645,0.388508367506635754,2.38205146862172867,0.648509725520727831,3.17645246329670616,0.37602696644021244,2.89581587267856966,-2.45679521796086453,2.05880496805554536,-0.621499582233119963,-0.413630804542922226,-0.527280151664325514,-0.743531298059936563,2.49976385846094784,1.91452536330323397,-3.6475016584725064,2.33320078797028074
0.183377068317358893,-0.704636634202982948,-0.262393076178589812,-2.89305833681796676,-2.3496034847833962,-2.26549184920099522,-1.51099011807598149,-0.979913250106968836,-1.23927464356047223,0.124912717281420338,-1.98165878721471445,2.75250024485448597,-0.70086700229170007,0.942380486198059031,0.13468596732355223,-0.0975238432942845679,1.19565028770878756,1.11412316178627613,-0.88193340266791509,0.309301917108693258
2.28463786300807081,-2.53988419992817205,0.0753352075757364181,2.53024324262623379,0.13878015317902645,0.357777599781629707,-0.100637048078260766,0.872035223335093534,1.93307914949790272,0.0528073366103397612,-0.840701761668773306,1.48650085639646412,-2.04056139466484199,1.17857537685376745,-1.74589826784522906,-1.29824353855265406,2.48198675650291678,-5.44134451875165759,0.396591241695926744,-2.00439864815172486
-1.08881514484337272,-3.78197323906451199,0.591648931565710412,-0.0958793216907205675,1.42900281163415821,-0.774897318826729964,-1.62884156780070466,-1.05233968867426375,0.444607522075521011,-3.69858447707915561,2.44647658617602426,0.521498986846552381,1.62227278707361267,-2.25629772411711604,2.34089398730684861,0.431707927107829625,2.54755696240453355,4.24496562710432279,3.59819241743411977,1.84355884183067253
1.66383743854159305,2.45422710615774875,0.554904511888137386,-2.47553813003322443,1.84746571289959127,-0.876906206178550196,1.01566711032382906,-0.518604678886045667,0.501363503390374388,-0.50339939592688876,-1.9218505480461896,0.0484198399744592139,-0.855396843548297148,0.135634290063791185,-1.60529465434937135,0.162652432041328565,1.61194620589335846,-3.49698393034678023,-1.42100604956758758,-2.44248078148663872
0.399072123488442065,1.5936457408988689,-1.55774920649805027,0.121125823121681825,-4.17320566560541106,0.0993408595928308574,-0.652101906384116026,-0.0834856720287258242,0.383636262753682067,0.0923808216314247477,-1.7775626960588593,-0.622164135442073052,2.40899939101893068,0.414042199536987621,0.692841058030899015,1.35738103341226868,0.454701090677059772,0.375972031361190118,-1.43764155981256603,-2.40502544353019809
1.37282928796258141,0.0576410036406130033,-3.07549048756062771,1.83578669560363572,-3.32379856605304536,0.808522487164419879,-0.243267260660588042,-2.08956767525868248,-0.362196916097137223,1.35307298156558264,0.727198044616437889,3.16600573233868854,0.458434990118258945,0.00477055220603402833,2.17806073747524209,2.69908455489848009,-4.35131293855437473,1.1712822131590821,5.87054339062776709,-1.8065718047862096
-0.422235421191891835,2.48990916669119322,-0.520366550762688118,-0.841453648717115588,-3.21243313249735696,0.421743355345791382,0.144314557660482373,-0.0538833006253326766,-1.09442045585155423,2.59260351885564422,-1.43679348541954566,0.806099607956393682,1.54180974896669976,-1.22395413994883184,-0.51775938354570139,2.21050258815915379,-4.11911364984561246,0.791629771235746404,-0.906247773811716173,0.719207181091656267
-1.796110904769465,-0.735702030691399056,-2.63722464105192822,0.401294698781025361,0.662957677141428281,4.13457168795340113,-1.4847081853471531,-2.96603712872533931,-0.756623064418459834,-0.478967176087470803,-1.49796121863518406,-0.710801361826658984,-1.52014097632612066,-1.29236687812166284,1.68364262415363042,-2.25725561850065448,-3.52126057484341537,1.28615022094617903,4.18417834424588975,0.538287513572337395
-1.11712920099548518,2.17066575430721809,-2.33974001826615563,-1.57517157017292431,2.61793071726643367,-2.492470591094611,0.53492217379502105,-0.533584355338284189,0.535326919575391025,2.02894756905079321,0.0588702452578103441,-0.55661542482378068,-2.42563004024580398,-0.286898049885079776,-0.482401340378455168,-3.22606416504255078,-3.96863461408671281,2.23796941093762713,1.99853261902590651,1.46594674403840464
-0.583170706191706745,-1.57113358742416409,0.246630331849870876,-0.797109884607668517,-3.03249156353880833,-0.552478584845888521,-3.89737825708873942,-0.593348514543694416,0.0243260409834103429,-0.0810270694493777227,0.176869421663619658,2.22786790363160758,-0.550963031155834448,0.196209145830946952,-3.08595303724421965,-1.18171391436889595,-1.02235789013636591,5.58026103212690305,-0.9243297948507333,-1.64226685287720109
1.24084534403568547,1.99210417784959204,0.938653393141303583,-4.03017068417154878,-0.442194335556214235,-1.19983055844853759,1.403700619856739,-0.411900826478066973,-0.408902896883003797,-2.36185336763714648,0.46482139132039374,-4.42315333286317625,-1.09666114210885079,-0.202539287267394535,-1.50108425780299304,-1.58737177111286853,1.02545245727013423,-0.513854945861614953,-2.94606074047117117,-3.00341066392806511
-0.832216394831570727,-0.933798618250985202,0.985032848499609259,0.551082179122982518,1.40884006253806615,0.940189591767836119,0.631292227664381311,-1.49218055973200303,2.05114904208024473,-2.54662598203848756,0.187787867525814167,-2.29755728431986794,-1.75411403631952068,-1.50578451115944034,-2.11094408450394599,-4.95147487149366849,-0.539672027481547523,-1.80552361505428172,-2.41891802194070493,0.308177374483792954
0.471523250013299866,0.255536629381584279,1.31918673006817722,0.103125189303112208,-1.31500878800784027,-2.33136844291586209,1.35247671517394452,0.886395319213005406,0.533072663953852,1.35188955265836719,-3.49256980140461071,0.164599449507267098,0.991638296953131881,2.06767100050425157,-1.48347390343611418,0.910015585120461878,-2.72753208465300601,-4.138867866143352,-3.97360420838818129,-3.51957633588233421
0.357005116371809927,-2.06484046676648969,1.2701965139382545,0.188899554610297032,-0.338070369855248243,1.16478933871297019,0.474360978770766994,-0.315382242008486191,1.36419143518660091,-1.85608498330976746,-0.463848461325077399,0.173158762890760376,0.932070672303481396,-1.05583584550204268,-0.798607219741309327,1.11228869684476139,0.820406535657917102,1.62762400115855299,0.800250960018682456,-0.107581381282670377
-0.0662571441840032888,-0.468858534182669318,-3.81773962747902784,0.316476749336595864,1.41047210218257546,-1.34428978270524313,-0.296949795360048563,-0.648102684505498239,0.526889638972836916,0.901516701846820978,-0.928886005457547403,0.749132458207169116,0.604798085878892944,0.0819763102404844346,0.605140160179305719,0.736645309291544037,-2.65789226093999575,3.41238224638588816,1.36175962523768224,0.701839717684821895
-1.63099699743120619,-2.24642372794915079,-0.761176426542057971,1.88716990975799548,1.84490120159791982,-1.68625176710012847,-1.95764039090745956,-1.97334488566889954,-0.800713405659472577,-1.84163736323117977,-1.29905321311795485,0.672418018716397836,-1.84628251372168917,-3.05158409288860799,2.17651014203626181,-1.37451712922711056,-0.730249175340613399,1.01842517862647375,-0.918625594742968676,1.87134262836124043
-2.00573268715526432,0.00742113822881394249,0.674563187519431784,0.904614461706021888,-0.449274129717903814,0.416001207140654139,0.174630805222994817,0.890520297255708804,-1.70346243271308917,-2.58053806715487122,1.37569175565111812,2.61361611641902281,-0.368243810425835927,-1.28037392904258795,3.27994281232493456,1.72926393703945824,-0.678662090323936318,-1.58352060895872349,1.60283423321915253,-0.564633733271422411
-2.86324751987266168,3.5830426671087432,1.15913893163287995,-1.24245359470007144,2.51911956779643864,0.0649650738682247819,-1.83967490949936363,-0.316711845790776103,-0.638641294157048622,3.4717291015170888,-2.09198693867976759,-0.232148369938141863,-0.318019492180611429,-1.99159706652292878,5.2084633113844383,1.58639639851961478,-0.154650677507378986,2.1724907346484108,6.11568763464947018,2.37139022416637513
1.85032007549508859,1.49030587143946991,1.49101072863346928,0.92037036242080239,1.22228792194093128,-0.103842565908780465,2.8335041972786521,2.60464399265357383,-0.299193230159871926,1.42129954170148598,0.654095215030775723,-3.44826308457524044,-1.11965859816252422,-0.395106835112440602,-0.689352347706368329,-0.774376703110546405,0.541101758442474323,-3.21786390469324557,-1.42457272082896491,0.675019686887890713
-0.655407467602304505,1.04798996873402039,0.473737727287754429,0.548785965793930242,0.0047207924142409867,0.898898906723815005,-1.36927862475857975,0.0218287476014546178,-0.582864109994832846,2.75975758175950325,0.185791881820272065,-0.498961224294082628,-0.679944854141423916,-2.67779820114771239,-1.80785253995321482,-0.243117792564783886,1.78998640125053865,6.59431214975914948,1.4441431648280656,1.41822377754872253
-0.405816454718794684,-1.47985978786078398,-1.37728722424109584,-2.50999449821893705,-2.85073179334870863,-0.0602462825480644185,0.0402972026447811771,-1.76611541281334117,-0.461774365070724113,-1.01953832496421115,-1.26570862471015588,2.61077031791408842,0.416238837922750182,0.639779283311966096,0.884339425082805608,-2.21833669775746634,0.67685469915655172,0.874612803552942908,0.508332610763753356,1.78682059707264873
2.14710644551913354,-3.78847171501458702,1.21390333215301283,-0.938852084897237704,0.312480137407486924,-0.22359968334817093,3.76219368492304662,0.502414286426035472,0.5100119595962469,-2.47530569217801544,3.83751596512455384,-2.49272319116151442,-1.7882063287265233,3.11414004419445378,-0.481952540264351526,-2.24192103052780567,3.05168447401183984,-5.56613062360845579,-4.7787182346993422,-2.63625273075271016
-0.23748505885668042,0.0752333481319028413,-0.913107989709335821,0.0856164007300425495,-1.63528640906792422,1.27483690232007585,-0.273786508712161258,-0.135385906362775282,0.201673104839451223,-0.740842814786318526,0.388129121599100069,3.03126316811373275,-0.357052650798591387,-2.42694279451098627,-0.679689946024965463,-3.15011536055925045,-4.79470531028703384,0.524032099854037203,-0.127114708673697258,-0.46089142474821565
-0.640138142172565261,2.35221624363528248,-0.419469129033493371,-0.495770455767510498,0.720066543569756967,-0.714213916781819336,-0.928125256791656694,-3.11342847336582951,0.790455160560843972,2.92411569318269748,-0.992987253820809213,-2.69564543051484318,-0.168065230455154813,-0.570190703547316713,3.08763203107393203,0.120495841394495665,-1.72186713960387849,-1.49753572416581804,0.275146681229596568,0.432475839490728431
0.271010621864522849,-1.16168304279561529,0.846909915426197646,3.12528074367149866,0.644328584223448741,0.733870938424292296,-0.681367692444061812,0.473502423083772606,-1.63214447515181393,0.501021063221617435,-1.42546287432390995,0.356670181225905103,0.164008187853432408,-0.1154864135037275,0.915974525801489414,0.556691646915115301,2.72270529537042938,3.23664276760606118,-0.952010411836029524,-2.96951697773947743
-1.54280625952503336,-3.03977653269329284,-1.08675506040722181,0.0253220924843242309,-1.18571025177612421,0.0994889442545995456,-0.285841632621420649,-1.71626915572158389,0.640320570851549697,1.90763412796030973,-2.55737499785079869,0.1220529843279934,-0.751327458308048257,-2.04095932305998629,1.47582097338310247,-0.423521094802371434,0.518364885506655271,-1.77852659505611199,-0.74743050742777295,2.43658659756919294
-0.968002766464574504,-0.344494757781644401,-0.716569157067598272,-0.91521224187034389,1.9840358943079992,-0.569930950718279483,-0.57793105556395008,-1.25745029665623287,0.540848442174756139,2.14176440637780141,-0.0105876591218467455,0.456103611986084456,0.376927829044246043,-1.11860808023926928,1.63690411972522698,-0.702780744506387389,-0.0823822000240521796,-2.7045426550294196,-1.26207469940155259,0.150266002244700297
1.04701850606026392,-0.816415173903707991,0.925077578409395418,-1.32093033275871341,0.81416178742434242,-0.122139057701753831,0.340420897165001568,0.463107917551780157,0.689348845133469723,1.37547917680747611,0.275509273107899577,-0.376178134052055635,-2.34619376515961786,-0.75810871761068277,-0.601162324961536654,3.56934962431275116,1.06546943699851915,-3.02289855028956422,-1.33611775760449891,-2.13560886701599939
-0.548044686016820992,2.33931712223984078,-2.56287255389144786,0.38996256338014057,2.26237385524878576,-1.32558508208548287,-1.496329296213321,-6.14479947740594401,1.2675643215603174,0.735955326249452924,0.754336085411466351,-2.03981360200605488,-0.0334294110883927645,-1.69446274660708274,3.15557243420543543,-0.579322696430987771,-3.37502699674045781,6.19599341038755647,1.59379030933556565,0.621823922190103517
-1.35854812767856048,1.37840361461083005,0.00923616418744874212,0.827151458268913009,-0.107700280749081431,0.679375304427303095,0.472992080191555475,-1.41256266636287187,1.01531683307630205,-1.87823640822567639,2.58799056144202666,-0.710461325220601014,1.61004554204904315,-0.18729737799013696,1.36834880586028218,0.210943074790910456,0.240620169593706162,0.825200221717477089,-1.93251473205639401,4.35484680019300097
-0.993053098763810871,1.20283319700337166,0.111759408969234392,-0.0639607233318229135,0.581620597614665336,-1.37386657866927742,1.14867818907200814,-0.401641535233493663,-0.753520715008001329,-0.334997992949886136,-0.804960280356100899,-3.52172175660194586,-0.916778090248852595,1.23961456910140622,0.239186346322442123,-1.66253602687898172,0.563741307442598427,-0.941576513946232652,-2.57250029024236193,1.96474438175578525
0.573369169758519037,-1.13379360207555901,-4.44481884918588399,0.365423431960091527,1.07565991474546108,-0.247014411040720416,3.05073216562572513,-3.54686428806480869,0.235684861146412628,-1.94041100674361378,-3.21984430012020884,1.0341124646181441,-1.34414623892169915,-0.927646112870840089,0.516989319379297374,-0.300852746102635293,-7.48337928431476573,-1.501718285801801,0.190127384363198787,-1.21360847561238416
-0.809912751235859152,1.8011163258959475,2.42741721757993556,0.102616018509417817,-0.254196102928151701,-1.45159324778143484,0.231272220806736845,-0.258104599586332806,3.66068887526582953,-0.140902489794999142,-1.46526029660931201,1.32056336963469878,1.04562016632044297,-1.25119328525766504,-1.61401122828159727,0.00826983942210366731,1.766007820858291,0.386022753439396182,1.13674456186340112,-0.195948373179060858
-1.24508076403237622,1.35047360168918962,0.111234440867605686,3.58842516402764167,-0.588724776664488747,-0.981705635884468686,-2.1948669285564999,-0.268251927147501568,-0.0545394616178070529,1.93268003055596482,0.468411762558538225,-0.414050593515582266,1.64048486429476159,-0.98563346086166248,1.13231550880883369,0.621936005049040785,-2.84388150718522947,0.728566545537127075,-0.249357896805092655,1.31908509211121738
1.21516487995452116,-1.32555709757897167,-0.181423316057558792,-1.51935066420795994,0.74199750131144715,0.234323878323570517,0.378753156794612911,0.402425573314732998,0.193987572095890459,1.93969492539152788,0.849608470209392341,0.773535421883164265,0.912419282416764732,1.58803363529741981,-1.37850698674836347,3.1513425415094467,1.41141736645395199,-4.52564824497471996,2.36590642429779674,-0.192101407992123802
1.10078578495608292,-1.87415137079422212,0.141794436401395219,-0.0442789615081336657,2.32150438633828893,-0.825540454996280704,-0.131858276671169783,-0.937554929492468325,0.730101894449214806,0.627727462914528855,-0.958823023271030195,-0.181807609433681683,-0.305550680959469023,1.0650224537813604,0.7650172741994129,2.41195934949851498,-2.61575330489910218,-0.578177441841806972,-3.46273482687747824,-0.854463645862741372
-0.0872443887207518948,-3.0660907680250431,-0.118789708543941747,1.4105428899060275,-0.939928984060522721,0.417884192077233207,0.0894833188078903718,1.53924611937346878,-0.49850150146636546,-0.592230036550683514,0.0842872753436141875,0.313627521619312843,1.15270697463706018,0.695031927938338012,0.339424545545952694,2.26036747902106017,-1.76304535946303487,-1.91644154405836042,0.382316691123037511,3.48113404122356451
-1.98445627910910183,-0.995549039496066213,0.313452530522065898,1.63184474242978861,-1.47716682746441408,-0.368034943138654702,-1.86534708682893813,-0.939592877285117423,1.04616987533300132,-1.35816074594561753,-0.37438159875246102,-0.76603788376467008,-1.38134402539082624,-2.74936720536217782,-0.0615405045108360221,-1.36279006972331285,-1.15274096294436323,3.02330862884606377,-3.28927755797504595,1.20924357809303618
-0.151918803405773628,-1.92350311568755394,-1.13472730991784054,1.89919217839596799,-1.4124308383002766,1.75459799318203213,-1.06462602028489051,-1.27761063664259344,0.947072422528346336,1.2086103875412022,-1.77446580573763257,-1.51835169067786335,0.949140449295206245,-0.117178940617719163,-2.34183096266459412,0.805991302865725512,-3.42468026103788281,0.312877948552355956,-1.13315393769608352,0.712247152071039391
-0.952077599666231067,-1.26405738900965003,0.638128266503813046,1.26705480492188527,-3.3023444041285086,-0.231960102943484764,-0.0390425860527343141,2.40249661658684488,-0.333048167096545666,-0.0783177757426475191,-1.36012693519386474,-2.21722548847166356,0.55295077627717748,-0.497942215428609614,-0.822157274934175675,0.339870271899971099,0.728053019878227681,0.922372290973459963,-3.05015439528927867,0.154450906333770843
-0.605370500715289084,0.0933679524952245876,1.11043458661942629,-1.05546573267783117,-0.966613462036049365,0.817211862641227582,-0.652532821439214983,1.03680589715873661,0.313177434913251951,1.29587760674450303,-0.115849807944146607,0.467359492812206789,-0.99313260908395562,-1.12043059451931915,4.69265433398414356,1.56836127203071807,1.37075914960120682,1.03762952811886433,0.371939391720922496,-0.446571468302561281
-2.34612645290475674,0.541440318117679009,-1.05204312623611762,-1.23911850438705473,3.38395755240146778,-2.23117747235421815,0.845342104609487666,-3.15174428695033049,-0.612327988532035294,0.0477724053603073573,3.16621010528902902,-3.38012137554306857,-0.295512218107790658,-1.1331626951988405,2.04462894708098286,-2.08295467788362565,-1.58049293060217644,-0.39664276073656235,-0.629422935197671896,1.70009789977176839
-0.633953102807669588,-1.41510388204894699,1.26710824769201902,-0.0899557461661118357,-0.394481734122293703,-0.587454885203921084,-0.313100238928154528,1.84503720717757425,0.93134041664540923,-2.55948018252366039,1.52981706923306615,-3.16075944421722665,-0.515594807302316105,-0.351751987915759345,1.36063503054598089,-1.72004486578468474,-2.62383191132843807,3.31693894498377961,-2.20253939769946516,-0.260221264460938739
1.46373574590919331,-1.74615709573242817,0.243230165869655096,1.06571799355954111,-1.43716631323253963,-1.49628065466509197,0.818769343999865451,0.0150807323878597525,0.609628887806880293,-2.30719067902171293,1.88643833086732604,-1.11004599520771441,1.32800051524704443,2.16402885740374051,1.47881509562333169,2.67340622763712021,1.75348590239638402,-2.9755575871384794,-0.183573551867571932,-0.354563125790129996
-0.169474452383541668,0.360108016494217364,-0.68177597532489953,2.3646380299928027,-0.888868939446945561,-0.152896685232697588,-0.135456262361847241,-0.525949659638255351,1.96919947024258368,2.96175099797618602,-1.43552195906507563,-1.12383450337480406,0.252803970185661642,-0.956101942350344958,-2.16675153850947533,0.920942440278715302,-0.330547354567724716,0.626006584484934847,0.223842656457564099,2.78826287755914892
0.30667153734935898,-0.838037387468394068,-2.34383622284440563,0.980373848988542185,-0.552154540325454191,-0.376108986927977285,-0.859814187215477088,-1.25265396865646306,-0.238694603335975336,1.03772576224495383,1.07119212682624876,0.339308732431597204,-0.527460789480991399,0.473767726090701502,0.0729488905048315955,-0.239861665710802446,-3.87533806014323812,1.86709831773689139,4.02838542192680471,1.3241435011408158
-1.57202762697906362,-0.174357801156747677,-2.00417729229399244,2.51998317482130663,-2.72817484528931997,1.46093145074010788,-1.60519796533966463,-0.738209181229456446,0.0147034973366156167,-1.78990248936303176,-1.66914045228020069,1.68120280119698484,-0.655250903024040432,-1.24795401893269298,1.84628419130005561,1.28457822059704729,-3.40706722764964542,3.19695964663229892,1.50987936858966232,-0.887871201938896126
-1.14598035242243435,-0.356467689149916334,-0.862800634754972595,-1.06251685026114351,1.62954066132440967,-1.58763587676577411,-1.42097590580334732,0.00583867280565140891,2.17784765878817232,1.40992479551793748,0.370024116059137931,1.93154307490737986,2.50448345159067642,0.0214732672923461272,1.17887109379724908,2.44330170261326085,-1.58203850022273862,1.3545853873667113,-0.677503340783663033,1.22674778658579853
1.85979707604312261,1.36413415062148058,0.822282381253850003,-0.273350289311149075,0.46287748326912842,-1.62901822489790571,3.22603683052802692,0.577083706363286764,-0.918814101453872878,0.896138679239197655,1.84633628689703522,0.95697811674830402,-1.23214887674832552,2.30704895622272055,-2.59334392823704185,-2.20933849357919243,-2.16391764367922379,-6.18917401708486192,-0.796964572649402569,-1.75546679157561969
1.11502951818043639,0.0438860131027078576,2.21730931567694434,-1.43700886920185633,1.89597102778273485,1.71249626265102828,0.638895771498021237,0.502753591247810938,2.25919786765781438,2.07343709996259351,1.13047358154227084,1.35277028790619247,-0.44017481816963705,2.02271045437518193,0.857673374902118701,-1.90749122423891615,1.6834384675397096,2.19475011806017051,2.81913560089730453,-0.948241086512304654
1.14952210153212131,-0.621837444167569697,0.0528488822328990054,1.42516322356426239,0.779530133725644392,0.403081059535134012,2.33087203189503889,-1.97061553692415115,-0.0726897161262869407,0.618068279269604393,1.60358675323605571,-0.562240777347205123,0.43138368569905966,-0.431292649177027698,-2.36546629491563376,0.790565441880806574,-0.246674765591730988,-2.61109353930908616,0.318605216084532961,1.63388050118765404
-0.129138667895967757,0.696390976882819257,0.394554087495784578,-1.02195992978932848,-0.241241679000172127,0.791824674065991996,-0.686140151641489671,-1.31372937458776806,-0.203232606272488514,1.42971917036608231,-2.39342173562452842,-1.68179055456335225,-0.297511601727836417,-1.31321280079987179,2.04840926390370237,-0.757518817782545595,-1.5726389110669472,-0.127959586459853253,-0.630407231422737357,-1.24857926060129509
0.151504161435787127,-0.650354137154377843,-1.40479543335775059,1.33575541613849968,-1.06568861604244636,0.671968630488939622,-0.0940699780561845139,0.476280759206691162,-0.363788281964690596,-1.50233663390612193,0.925863766250403453,0.179074025255321234,1.23269366391432511,0.358900282518133662,2.2659176775815868,1.34364766685966863,-1.25354033451302582,0.971946273072929134,3.36337107102290034,2.08394241879369435
-0.239271743287936017,1.11282358250987023,-2.18725452993655889,2.25795888736719652,-3.71642324848676076,-0.71973531182469852,-0.611137356005631904,-1.53234772437603106,1.15973221069124754,0.372883401898094768,1.24961238577250944,-2.26227494945764152,-0.536275984646447434,0.71973498513098233,-0.0680569478812589473,2.64063203945167668,-1.38666759764772052,2.94513447638206305,3.21250114786813645,-2.6035831396332636
0.804745732501819577,-2.25696566956522116,-0.037070027372821307,-1.80942643230513456,2.16924307291970742,0.798563216901800765,-0.508744804244597448,-1.31878884454775935,0.0488163628752658688,0.00731948380067921987,-0.575441766127939958,2.45955380274050084,-1.80320984979357402,-0.484042020280125163,0.459021577780050871,0.531080224673251666,4.73961301521356848,0.312360813114702818,1.11268533992312491,2.98365611987967272
-0.30562869827429312,-4.0025882839849416,-1.70543344822115128,-0.00583422066076245537,0.405869910105831844,-0.84285685802364374,0.283691700362417032,-1.26070720897495381,1.03270342141716265,-1.65689673044372476,0.193333080264470492,-0.0896951509506185574,-0.181195960046289128,-0.183445474780993212,0.496481750294139712,-1.67422579363260149,-1.95084910158331626,-2.1475475510812716,1.34381263547922458,0.908983234096984449
0.10802483392981807,1.52925465016075068,1.15073217112627746,-1.26111921958238393,-5.18972628478348774,1.63205951542610483,0.214279255538680713,1.263736229906127,-1.29966556962826241,3.61205607151114227,-0.5537519247034417,2.40796138299192153,2.18974017944065347,-1.11557904857801371,0.808878361145958236,2.05921011051974245,3.14414147981535708,-4.41352558760427982,0.154280121342565357,3.01262089948979161
2.80990144441184286,1.34481625836947138,-1.01179530562491626,0.449249855767872852,-0.774703709447176148,0.232752340477893255,1.3987211987113819,-1.76147434364212785,0.0619648202749579699,2.24174970810140284,-0.69757058730954824,-2.21463946413554735,2.09377131612821188,2.85554580090196763,-2.24082167232575502,4.09185324614285051,-1.42306124164221126,0.340117269070514427,0.304538247741965806,-0.865439789113561786
-1.48165286601234047,0.683106740299459503,1.96220433332256539,1.54745917036734815,1.02143619377829786,-2.01273108104405241,-0.810465358114931256,0.751654440286880221,0.551975262661692945,0.317795287728197984,-3.10194055372896038,1.01966300009811328,-0.0107643722555829865,-0.751180627253776101,-0.72595443349700195,0.706045533398805936,-0.448909983803524038,3.55097572020292374,1.57016649588479384,2.00832590738888062
0.757414163079008218,-0.244918444157609383,0.307861599873050729,0.248478349965408768,-1.29367145032311237,-1.11949213154487204,0.61030396236159612,1.11163197392260704,-0.772905397747250977,-0.195619713428219322,-1.58961578140763282,-0.919118256164268232,2.11150142880557823,0.279368459959568272,-0.305793407806083717,1.71196811034057528,-1.86242775662209947,-3.30459788395912746,0.584613314920154448,-1.98282617523066773
-0.478370512461914477,-1.68616781512892788,0.289555744165968354,0.447816782733120755,-3.3314885024011951,0.359338781141594843,-1.91175819418284254,0.222055951559834569,0.848997400475839825,1.92335106566556102,-1.39669574813072184,2.0746179536928202,1.79900676988156816,0.517613781489440927,0.630114649914343627,2.3864848636325644,-0.115790732478228589,3.6389407239728131,-0.903489071049781711,0.446333430886725724
1.24555387958084607,1.9124966682212805,0.385574328859986826,3.39950201006740826,1.48916486402472259,-1.27274606060553142,0.963600716154461967,-0.490262717981934715,-0.120217844532025858,-0.191958312513809626,-0.677447007981477056,-1.11887094095207673,0.658119039359483904,0.402523878677782609,-1.55941684101481459,2.54654333548620482,-0.581286590695509364,0.450981993216874766,-0.036068828546859312,-0.552193337825189312
1.23026221613147957,-1.03908859124913167,0.690044222641079341,-0.519758950758208993,-1.94550527997146627,0.592824111059915393,1.01877875220128611,2.06600894293796467,-2.16923822635556585,-2.31500518172092296,-3.29422818028199815,1.98274210389841965,0.14983588047499799,-0.287916978070671736,-2.05719415224060365,-0.946973470065831879,0.721458035553005139,-3.54532980324783065,1.25677692563750099,-1.06878104182448408
-0.45057621046687496,1.62773688418272067,-1.86250932772294808,-1.02986421222478208,-2.39681628730926954,0.534606713537969291,-0.973796006552592797,-1.32444911270897858,1.11194074636264073,1.08599658468324578,0.853753481264385883,0.1568964198185758,-1.31704932176269307,2.15891198571517284,-1.92605582243694062,-0.406452637464164046,-4.46015845583286552,-1.7679323037027348,-3.90925583692920942,-0.190653360791148307
-2.23913276818753593,0.289723792627618326,2.33200623269766982,0.594434874684676595,-0.675420290727850259,-1.82725395983748062,-0.487971575111009137,1.1197586831312083,0.898595529144278093,-0.867677511523779144,-1.87553045228434945,0.031007175969812846,0.44145339086968105,-1.6266013457382138,1.92903800921687996,4.92932486284208604,4.51797384948854397,4.28023436280129754,-0.701158174645890253,1.97953537800124213
1.41896946822874437,1.17917595718908452,3.3659179517858373,-0.483626947409446728,5.81761392909186625,1.64105616066955706,2.29675415517481607,0.702479195362370912,-0.0107681308010976161,1.66762577931652589,0.674953361329524548,0.264827885554914544,-0.0941594112870241112,-1.03077445783700106,-0.675696206665909571,-0.658276141182570051,0.108100057937518201,-2.9560401202909028,-0.0627785687495180794,-0.379010129520487904
0.440544955716333619,-0.742950759457772558,-1.48655831094814217,-0.872180796832011218,-0.0156378773421747795,0.188414603231090966,-0.440153861498372323,-0.122152713287084741,-0.267695962204961502,-1.69155783407555482,-0.58339254991041245,-3.50535772243270394,-0.392904182109078848,-1.0647694772023828,-0.812548765222758318,-1.96723954380218946,0.342104766709880048,-0.488799838496671746,0.181196231916025047,0.298692799252388452
0.160261784359566228,4.01882810826191239,-0.204376376568782464,-1.64671125433924392,3.79091346070762203,-1.95584052505719397,2.06433898407051952,-3.35932340730366796,-0.62407683745152176,4.63654421382135506,4.03488160344392099,-0.26586974730728391,0.454778671765817488,-0.979730295829862596,-1.72662865096204876,2.7754834486031319,-0.218952696806092972,-1.82142954082270014,-3.15254718276494428,-1.33850513165561069
-0.235796516512747911,-5.28814686356092345,-1.08268243391666008,-0.771000193260975353,0.64434767675031035,-0.21293129725675386,0.570914059359540649,-1.3827720041008682,-0.998297342304394486,-5.07914851602833828,2.0363077808407275,-2.39482000927146688,-0.00612331033326447144,-0.0453770586812735285,-0.97801086377275237,-0.0140443302041913833,0.00322260512920346034,-2.43086377365295947,1.31592491837300596,-0.859446010347292066
2.0485161733594679,-0.881290723865977066,0.122867617533002751,1.89097329459388552,1.20860513781964274,-0.239189357211637171,-0.843514296758113291,-1.56195734038820722,-3.15528585386989135,0.897584798272792694,0.103524495715380749,1.11299250264969407,0.955030522464418663,1.18515258657865075,0.77986181854349601,-1.2694376362210924,-1.68828819496081528,-3.7475478987627926,2.88430021210410237,1.12285969865421409
0.601130090210196921,-1.54171896972560973,1.57490570073657676,1.49872952892427014,-2.75299916508833364,1.82257047176588771,1.4146580898867438,0.140529708299809569,0.933849031578984135,-1.16727562874767465,-0.188170181994279928,-0.549586650722202585,-0.393903704210403549,-0.792366565463788808,-2.69246457416136264,-2.13419974204720786,4.53497809131065743,-0.873349326328254016,-2.3132227902240845,-1.49853375929050681
0.0548503405095586427,1.43880814468704221,0.759569884574387233,0.931192943964377684,-0.843190038669891839,-1.58732427832625178,0.908444255771185594,0.897272052777576823,1.10114416290241657,-1.23618955622960791,-2.17280624556515445,1.9730738953431215,0.566765763873032125,-0.210137994836072289,0.620529224217181374,0.33673348426638422,-1.95753567988133215,-0.784906337530913767,2.99363890139753508,-1.04331256508342296
-0.679243368580962126,-2.61773061709167454,-0.56317346740507146,0.151024791632621003,-0.136435119789025699,2.00390500852438391,-0.652542236085783545,0.575245585842979801,0.586957166590095447,-2.62259646137998903,0.848339152469851254,-2.14408294328911753,1.05330036271243466,-0.493292015124302097,0.23409154613344757,3.53722495934931658,-1.21047617890246806,-0.313411279226528561,1.64018192641296889,-0.937194095021074314
0.0684731104419082498,-0.475984165706413442,-1.15141453420716333,0.32253477516635054,-2.87240131664183629,1.71980959010094137,1.72237507551861468,-3.99048062784723845,-0.0927048030777479076,-0.737884930684453932,-3.11721113255158011,0.621661179954269727,-0.106914129464067156,0.42854307260214336,-1.97950395756934761,-0.168163956624653943,-1.71641343853230244,-2.80472564537322455,-4.30588914640342324,-0.371576169794839761
-1.08222978038218454,0.749567941785642566,0.20627581090968608,0.5799360706952571,-2.9269650678031045,0.581637224092444005,-0.864644214092124885,-0.717594494456237797,0.122441299864969738,-0.686465089811042706,1.9842608060260416,-0.909375897245446652,0.745956154052033305,-1.73670430405418408,-0.0431780654600936384,-1.65777671218169975,1.83696178051166048,0.457731024026746647,-1.35267610008199091,-0.18044220920340906
0.624379229028116822,-1.02209790838453896,-1.04641477686616668,-0.415068429190635912,0.564411334302108547,1.89540483608618104,2.58738502065892417,1.46207661000218203,0.0880936068385047844,-2.08271378676906505,-0.446064035129695113,1.78334373374340549,1.88357754320078508,1.49696846611554779,-3.42843204564639725,1.58099425489883094,0.795088003706187818,-3.14560032639394915,-1.75125182726043782,1.3644928962227092
0.0475335014435959088,-1.134417237318607,-0.425908089110500765,1.71204014848494546,1.00707343206130773,-2.97261447325936601,2.58475720913629559,1.17145361887188959,0.627228118902088738,-1.04075276559585639,3.17053502889756933,-0.865507955177188704,1.47034814162074401,0.909838440160602779,2.93950714704530291,2.22143330828267604,-1.41912968182867094,-1.23840357149760294,2.04333624632936806,2.14527199626977882
-0.335550188897334234,0.811367384136876812,0.463325980045796337,2.81843140248912238,1.37141748044096712,-1.30894305770900998,-0.779620147271588348,2.792600938867555,-0.388957220967484751,1.33791536867873995,-1.6346738246052448,-2.24044880566622417,-0.046104694291846042,-0.269378557422529585,1.98826931567484411,0.0290106378754382485,3.58639682971842033,3.42751544671584663,2.82248502510591504,2.01447815636867977
-0.795174529374417571,2.11032753710470589,-0.184741166402255047,-3.12822144135151126,-2.47299994074753604,0.450989211477971552,0.462405348126731786,0.566082823335057106,0.663659788806111206,3.05893647201015195,-2.49250501077743447,-0.693758061410302385,-1.38542185710244548,0.700993185438671396,0.428185471128506578,-0.286756242253085436,-0.516775191753304441,-1.698642157290712,1.27091898144803239,-2.14046272140117999
-0.808587210800994605,-2.32646695773345469,0.161781613208769187,-2.59102511281254255,0.132284052522649326,-0.548721333644947018,0.258153219846998183,-0.675986463092657419,-0.786020148723947654,-0.402296112594480171,-0.533746293393628779,0.635522441846723241,0.0980933224478004323,-0.678445337971579687,1.90100938520969742,3.89894468430026286,0.402975747059786227,2.78086599002274149,0.308820044941834626,2.43514634230731142
0.168269317846906769,-1.45689140381211391,0.637872719468786986,0.126702482487236562,-3.50261965325548896,2.08220052311392889,0.853323163695169029,0.639874870744615243,2.21378554782555304,-0.148512067574919332,1.97052536700432501,0.666257801994197929,0.441372171047987927,0.297985030352532543,-0.514722409825416172,3.21308240283560664,4.12397800786044844,0.150668142468574323,-0.873015142595083948,-0.153946373295989369
0.0291713507826747154,-1.0052052196061434,-1.16902423237829622,-0.0180021212728017632,-0.275140325296472643,0.398788566021698487,0.122829762646013724,-0.971786427427385413,0.462827470620214343,-0.391898764360498753,0.513965718867267274,1.68421958355410739,1.28993084258710233,-0.581651358582867983,1.21472114367499406,0.409861172687147612,-1.67869488584452453,0.305942816316568944,-0.878506769406890653,0.272053918810421791
-0.345515515454196454,-3.68001158259491667,2.04504022591015655,-1.30816810718668353,-0.888740258082077239,1.45992978573372478,0.160057160999333453,1.44604320859444058,-0.0311345413701229652,-1.42915427866153144,-1.88487881504580956,2.01459452612038925,1.01770497769995005,0.144985856475301655,-0.687312163532172504,3.55635991032014021,3.03399461112098079,-1.40489826097976134,0.00060689283044667306,-1.38871426121823327
0.446871344986748187,-0.795345683103401702,-0.337881074667928383,0.156051685450750016,-0.0113373588274405801,1.40058592996082343,0.83121338822024371,-1.37697677382027006,1.38383502804503178,1.47610891980901449,0.65210675997242229,1.24953217561491514,-2.06900150298015628,-0.370298545882923658,1.06879141045339443,-2.17771851999833821,0.201153686494350947,0.698190042343459383,-1.33564278357211608,-0.972917333753146041
-1.07308882523532945,-0.863709598706984605,0.777417374834174613,-1.23530685292289588,0.15090391754562546,2.32092017102845327,-0.798874687945751116,-0.15464443668816652,0.0300559406093452268,-0.613853169626999429,-0.84471734760378181,0.317458205282350248,2.13996999836944424,1.24378240615370217,-0.0647570392560175428,2.24717538714610354,1.8575615306512745,-0.0108381148066670988,-2.05162626156069061,-0.0173073045519583843
1.55372153965313298,-0.0147525923712949012,0.578557432963253571,1.86799361306209666,1.65014836172271195,-0.441451220558383206,0.847206565103014064,1.14808470288833919,-0.438981256860474012,1.73036915270242786,-0.0557854325199368187,-1.32234985966378193,0.289470170178167896,1.89267914507351454,-4.33873852913249447,1.43817945320133389,-1.19108079526895216,1.94473771249201555,-1.04573818957517783,-1.20248664456401855
-1.30107301757483573,-1.36448366608629956,1.14082862705555854,-0.455431021040898998,-1.04931215161487357,1.36576085410212755,-0.883838981009899327,2.32167660522163333,-0.399099413692644456,1.26719599381053638,-3.26822090708093294,-2.28698524910008061,1.02283522328448417,-0.409009175161519245,-0.0131119316675360632,-0.07065307359364148,2.94315620073776918,-0.711424816598383747,-0.713868314020616124,1.40862937496218654
1.03935532750953308,3.18903317027550681,-0.99117305737349537,1.08521259595925867,1.68353229048076258,-1.10668084529895738,0.328046534043203997,-0.281597412810107639,0.522106517531850223,1.36331549413388053,0.911624360192270555,0.579984542883205778,1.13838703179322742,0.609600645398686414,0.242914067094511632,1.85538780579444529,-2.64051385582406439,-1.49064771077706526,2.02796196081607594,-3.91285932478587162
0.158181701312632067,1.78119984183389835,-0.532891888643973966,-0.905312471023689613,1.7634539896358985,-0.117230355326310792,-0.168474397850982893,-0.284512281169738479,0.12768945036287907,-0.511348791532692859,2.00474208997743952,0.620618012331322855,-1.2601552416926407,0.133170971572183661,-0.229958928959035497,-0.593656871208005921,4.21462240128168197,1.37962203667740479,0.759523531820154418,0.725998938548806705
-0.337993690998795449,2.78864206100230438,-0.76791016091679587,-1.37196284032598803,0.821161453782709216,-0.0952362325552286865,0.346646330300236061,-3.91980508961654062,1.51739857830074643,1.13656587540610343,-3.21891258770644706,2.01101480801491439,1.10362507108260344,-0.626542216300330912,-2.37720667347776704,1.94468116077152131,-2.31232900153391796,0.882666150525508009,-2.33949351502105785,-1.17256882900650838
1.06897065866090224,-0.19261957965698201,1.63010837377232876,-1.1961991997546213,-2.39137526852907456,1.21352223227605394,-0.336591495957998421,2.19640582503354054,2.12348443760694838,2.16613562985350683,2.74000918985074149,-1.23762142235865968,-1.14686636805311237,0.280679905094475102,-2.50480746030804013,-0.0885065946196686576,0.629974814926476445,-0.322711800951335948,-1.65709235818970435,0.162261025299841627
-0.662068121062721726,-0.251630722522854233,1.14037786137531194,0.0184955438590736904,0.522380213334619037,0.579298629637770013,-0.939560212262480876,2.56302789654410113,1.42659701232524094,-0.81305162876775583,0.219617773021676121,0.875350186309529876,-0.738947930735473379,0.456999744511518202,1.17857142423479133,-3.13194666237374264,-0.271586578042988969,2.11209635061131085,1.00432060474606688,0.590986920083963696
0.679564107534529782,1.31063824595327527,2.1157391524582847,1.47858727439909066,-1.53975296510050041,-0.486798120009521662,-0.898873349623610984,-1.52342641174357984,-1.38517749428563075,2.40891905471125645,3.71646471505008247,0.769044341737637915,1.73824579754426289,-1.010792085243434,-2.95424852652045233,2.17332031349542953,1.91826393521906935,2.51527893319758533,0.151108261798234111,0.952494978146192106
0.801913624386810575,3.22368475162819257,-1.02680727941066863,0.000874405598926584408,0.818017114206624374,-0.414930999131325917,1.12213747688202026,0.0461375127434278526,-0.428596780522655374,0.468759820641566682,-2.96607647588327072,0.553778886384749258,-0.276193299792013625,2.13208663097575135,0.750330323060621418,1.18832113757933477,0.672621671026167545,0.510681691722930764,-0.702856442738981846,0.377638138655803146
0.105248852657503764,0.774032134433137675,2.42111006975914078,2.34266715108961687,3.31508862520001646,-0.0480069685766030887,-1.05745794875142507,1.06645319929383753,0.913149002657184461,1.35382323879212674,1.10686993291283176,3.02058076650268648,0.165880423982326192,1.06146302665399173,-0.106676730895414199,1.11089352055258983,3.4953660227200043,-2.2192656465910563,2.46638757611356008,-1.37257234921324378
-0.331308889044149901,-1.18014475277097941,-1.11811379552223378,0.134395536515859199,0.529316537200805071,0.799726425775014182,-1.15359982717984999,-2.2578850384055138,-0.125485902488928963,-1.39066166873539987,0.255283889428354505,1.62210618877088608,1.43297161359269265,1.34100523821649587,0.223297330355448242,-1.50282297899398731,1.26079258152959928,1.54944341207596814,0.131607703066258463,1.78813204143751903
1.25338814260527709,-2.15471049599701425,1.22254284538125413,0.319670989839773878,-2.04159401965916842,-0.231876305908208041,-0.477588442645675515,-1.27251893994884546,1.93276694461068788,0.886250917712424813,-1.41126902687527789,0.348679358344379242,-2.6301167819851794,1.26588663418004699,0.100796852534014367,3.08724354236549248,-0.397173036094061849,-0.587084658725603337,-0.26817774118294363,-0.608349332067872117
0.31475611179360502,-1.77288994068481309,0.553286245335871119,-0.864615926176039329,2.19205354857873314,0.593190389363067783,0.212591527169803063,-1.33748813081009921,0.337619954138080103,-2.13774978870648846,1.05379450454475765,3.44131669886652247,-0.675377831074846169,0.659595176784479209,-2.69727211155578805,0.686955856232149387,0.217690604140049981,2.17524536111894884,-0.536548017093954055,-0.84885122501538024
-0.926224904927506754,1.87206149471657701,0.417381660311895719,-0.252959606840702622,-2.32750409854898699,2.14932877885311591,-0.919709680262247087,2.66135304625281144,-0.0684350093852265501,1.41807882170376631,-0.0521707461982174117,0.0181404178268590004,-0.303663434546169897,-1.72180988446138272,0.187856933452792058,-2.87631157347240407,0.405921330442980843,-0.115793313815643312,-1.15222682505690655,0.202372216350244188
-0.886706646612255955,0.760757188176586996,0.880061268316329359,-1.25658566010796324,0.424865919694398186,-0.897609336537598002,-1.82666646330253912,0.246291755971564524,-2.26683421363775661,2.02018450379278347,2.99811887786194609,0.664071370643762759,0.0281898305570427547,0.341625666962491581,-0.307380678404345076,4.70834250565697854,0.247029130303871997,2.60542852778783596,0.306513210851049878,3.12032650524823296
-1.76440270282903877,2.13196541177088061,1.14817553319464105,0.519137493577680575,-1.56627971723442339,0.236932338474822979,-1.58926056623452228,1.3944599381673195,1.29565790504125355,1.40457806628740278,-0.232084802273865159,-0.647808795701806717,-1.48448742690571356,-1.24162288790018205,0.814575851806690676,-0.101423576060303514,1.0140913408619634,-1.96935451787493121,-1.19555128382296427,2.09339159798830332
-1.22361933833618708,-0.287151855362003994,2.26742792726443865,-2.1488878091324275,-0.615365184187211645,1.66011376778810305,-0.13334335058505889,4.83097911925404055,0.0714548857034627144,0.587743263158349682,-1.2446407793380545,-1.05219931311231107,0.115092374468033429,-0.275206520104362584,-0.220289755765466472,-3.89171257963070261,2.40344041099625594,-1.27291057394059948,-3.31413191923730865,-1.20540438262009308
-1.58870539743714834,1.38424143290238533,0.113607527517983725,1.72762621609810707,-0.900898443396388582,-0.359373524634957253,-1.85505418694893809,0.714968566055095844,0.333161319647119869,1.70039591173494209,-0.0793711452926073452,1.80355319904564904,1.11369780029630361,-3.18076849465706957,2.62156737914195537,2.37098620914648617,1.0465362460817984,0.870066972105890568,3.26476265118402376,0.231429427406617344
1.77223050221419332,0.803115334953856341,0.520723479493241825,1.67693791694651173,0.768604161213973791,-2.2798069259581939,0.566904298625043435,0.567184582936686943,2.28274016614600406,0.819099113860315087,1.21324895373830266,-2.30649852610171813,-1.04635445500136015,0.781976186010160945,-2.13523410366889843,-0.573262572569897322,-0.918066518256252073,-1.99306302939973401,-4.46200193806850098,-2.06357996007055977
-0.456059081351137319,0.0884735504458779715,-0.350375736013641137,-1.21065648629319211,2.33199703655113222,-1.22428026132121737,-0.535249122984509107,0.432990725678246813,0.582825654156984396,0.11632136557838918,0.0182965412608084993,-2.8567658256618218,0.229685607380331613,-0.681596914099887097,-1.89847583331545811,3.32368068247373571,0.778599950201631086,2.71315624795911337,-4.85841357585282463,0.975543608096316905
-1.51792643114986903,0.255331676637636507,-0.335826916194659819,0.718184396291263738,-1.61071029115158915,-0.628504658502839764,-0.354715147370878947,-2.05176663928429504,0.12512357933315546,1.225005298172126,0.305542801253399443,1.20380521965767118,-0.43239867063979287,-1.30156230315549837,-0.60636184529049908,-1.84667387904542646,0.573282317113200768,0.966153659402956833,1.40649419167474687,0.544582592524376796
1.28757845028769791,0.117705388544811052,0.67662851139450686,-1.43444651986804494,2.13607517572497008,2.16664156873057179,1.74430189805566616,-2.84578845715022677,1.17126025272196665,-1.29656449359379944,1.61949406947389729,2.02509307272420358,-1.04818785660383185,1.31040523555891486,-1.00237116660955294,0.927986632819997714,-1.4745597313818144,-3.95862048928739307,-4.74552110945469163,-0.164677636531231436
1.38229912371983255,3.09299156433669253,0.511804063933298026,1.80627498681942966,-2.60370131456694631,-0.556341711110426962,-0.403836014863365567,2.02799349231691028,-0.242753166478831411,3.07599970325846472,-0.136124598079564202,-0.649899415232241262,-0.288077967168386462,1.61318905486897757,0.161383492446379062,-3.61345951475803639,-1.77027358159817738,-0.609084662862162451,-0.200663771564423776,-1.39793973086956558
0.830924503568637451,-2.69432036315753942,1.60521897597091034,0.277910061589435098,1.12999231940877043,0.194835231784449947,0.929073354664875506,2.32674533961217733,-0.0478308597689027157,-3.73161735423857133,-0.0704232454278083259,1.2384253659447293,0.658641545596801437,2.40946520201822123,-1.2601221041628814,-0.24439456152649669,2.55476719733771729,1.09610583980333298,0.012031178088628431,0.881836818202785477
-0.367262318138162847,0.908298691859390495,-0.970679818366613434,-0.878320416332230902,0.85053970714837468,-1.00352787139294297,-0.379767440199861417,-4.59079849523533046,1.62858323753970535,-1.34206469966102926,0.520681787779616601,1.83871841332581609,-0.500997092078561246,1.10574253636004771,-1.75313933421415591,-4.41558049900302318,0.476473782067286356,2.95423217252923509,0.573793037114922244,-0.665768693058534144
0.976611241604327329,-0.448202321600869869,-0.0913262133150074817,-1.08164015779525169,-0.751645205442907249,1.21670878084260603,1.00516324636419974,1.38448141160265248,-0.175554170971853191,0.935379870766698152,4.12905701943172776,1.20604540636538538,1.18588254017585282,1.43383245108744983,1.2399541163514749,0.36191324846334666,0.320591182902941696,-1.23425077840478914,1.39988122913946933,-1.86955529094943884
-0.120714329264052178,0.714282638100642964,-0.485927014538707014,-0.6232049882451276,0.664881028611593705,0.43026477529199314,0.25144250353466302,0.0847043340122069499,1.09908096873541572,0.940832178612501346,-4.68614492651197967,-4.76218903042284225,0.304081260889207172,-1.2204269798949523,0.135341296136041761,4.23055489243149818,-1.08943191842925002,-3.13926793252388325,-0.225806998039892931,-0.273553982347770064
-0.833503862244709959,0.907070785570913141,-1.02915865285864094,1.22385791836681501,-3.29181636019760315,-2.88339534703983169,-0.697177796600860211,2.48678273507964454,0.430538010982829733,1.78796370079469069,-2.39817786536992505,3.29982246338632423,-0.814755704777957335,-0.968815789263219762,-0.2296902902167752,-3.49684724735650621,-1.39130890383945349,-2.35396120487385474,-0.489678908081559949,1.78739008242051489
0.71709857690477985,-2.3061490667982989,0.529504953311951687,-0.131869361724539225,0.637116660519740585,0.651680370328746705,-0.429892618324669573,1.23708494594429985,0.844986264407202148,-4.66916027425213809,4.42760610993151893,1.28308958596453637,-0.762753397353831186,1.3118607489026608,-0.808665967207647607,-0.206665007509573978,-5.55900417264972901,-0.871292763781894353,0.20812124795754447,1.10653137754259645
0.0308820030785152515,2.94789160356917046,-0.401788599537711344,2.8807779710312631,2.44136163439212117,-1.34541290255742596,-0.553146726949540479,0.984597882725586238,-0.891069656418322364,1.31666552764880307,1.35425421043852423,-0.916475580316057026,-0.908963784833334176,0.798650154351830177,1.07707929346534681,-0.0783720775879311604,2.72413342727389285,0.353948960392519274,-0.00619635658034035138,0.853887547528622171
2.32233347342824148,-2.58468350312489559,-1.05797791837130895,1.43969136566643119,-1.54176856363381831,-0.5112469453371421,2.20499041737606793,0.393639254568739883,0.464883601703011795,-0.814885506040152863,-0.0813810767463187951,-0.845328428949715605,-1.62295407496330801,1.24143947550538924,-2.41656842409887673,0.720803445804038767,0.447506679050062528,-3.02975795391277547,0.433153453819567269,-2.26290707296292881
1.05254252442742335,1.58721497032882541,-1.01535571918566436,-0.354743364869214262,1.80329952378499359,2.66539523457332672,1.10349637560309222,-2.29966093907340907,-1.05609416615263219,-0.509191470602011198,1.05820533587725607,-3.32283547866238305,0.0383674811882185537,0.733780715828931007,-0.302375746867313167,1.24405376274093027,0.767251811432443809,-2.48663398741921826,-2.17772592253487307,-2.6203676245443499
1.20696346094298712,-0.460845834494630402,0.485872012570120526,-0.264402386986648641,-2.87822336871734485,-1.75612358768606147,2.28221432607402752,-0.0553429600063454416,1.49246751715627068,-0.558494268299981167,-0.969718641575554874,-2.17049092990780146,1.0996933741586401,-1.15036350557535805,0.603288917803188496,1.85930305763206905,1.81755129753642986,-1.81643193607813558,-2.62053878707614896,0.435683979311530523
-1.98873371884753336,0.0123797794716985904,-1.16605969837025114,0.222539635045274936,1.30435948508585953,-1.67672382108895612,0.0538941158703003104,-3.56685272761679251,2.68007152851079233,-0.500678185006430465,0.909920832247431144,-0.741962976638665506,-1.86502967947602061,-1.38729729719500705,0.231867447683225925,-1.07270720448877599,1.95097580492584677,1.19978726261036472,0.148788524297322894,1.89247890944686992
0.291753664887490494,0.0795312149226241882,3.29643803316635298,-0.195002312025962299,1.41006649081276647,0.949272753543766612,3.47855280580963067,2.18917038230986183,2.03201031227471773,-0.751326520273499887,-1.16130422096802111,-2.77831933207016446,-0.242712425591402853,0.0211946179554400142,-0.137102285673704943,0.320924995711143635,4.34668898871804377,-4.609110810471158,0.963298407546606561,0.254366518445471423
0.674030184781159392,-2.78847413008126388,0.572896020403625639,0.299823554356419275,-0.0620998364264698718,-0.262731795152769287,1.65021028401248526,-0.148687315215027122,-2.05581324218813277,-2.50548036951355479,0.267293812512272577,0.385910052268086057,0.0649305282492111252,-1.2323418451009871,0.458655406287926226,-1.16023843742083899,2.28699066386566274,-0.884172571817646191,2.13344702008790499,-0.373713108975158692
0.0604563896429104256,0.624183861251880301,-1.4036597324848239,1.45572873050863993,-2.43266368741039773,2.06975287020373377,1.72270395001168097,-2.81066690648531203,-0.509156857379236771,-1.12704997076046332,0.801957815969999821,-1.38674445159354631,0.896069789413740714,-1.86191446945269146,-1.83134224167688497,-0.236705123770660775,2.0095096911509005,-1.99889997558168919,-1.08814773337802762,-1.89970239504552785
1.0199246071670498,-3.08421583581901926,-0.198922109016329091,0.314526955223611959,2.73474091105654793,-0.25520654267955506,0.834150609415666322,2.38978153592517106,0.569033628011080928,-3.16810882038691499,-0.029138210851657402,1.47626304033361477,0.79480867376219011,1.53797282512026001,-0.241611781005835607,0.460389223655704727,-2.5219626999510214,-2.54888836086037074,1.38091890115079785,-0.126976851341009528
0.419293725176298482,1.2735538801883568,-1.36070342414117884,0.330660675897452738,-3.11184997048108913,-0.196552599069294343,1.22253776692860927,-2.52544625699233194,-0.649838582758257344,0.867043518743419339,1.76136219610304989,-1.06900371487066304,-0.927538500404354704,0.151392369856192505,-0.698499470893340968,-0.213486813796434499,-3.59718792379133756,-1.93463561771692949,0.343921553715745454,-0.407651366200277032
1.55704404605147162,1.91305970396245772,-0.183268821447095054,-0.119806841703370831,0.646541305581883941,1.45559336134310469,-1.02268634734395314,-1.08073253987092355,0.306489310098263357,2.05631554683847373,-1.21101801652748531,2.62501877563969765,-1.86869082649180962,-0.314135897078508253,-1.58640115715868713,-2.39453842635104275,-3.69433561680933442,0.344097445061801566,0.562441706404458897,0.923100805340419273
0.299436020362768618,1.12452090464873611,1.58807737656553516,0.0585710663337358217,-1.23034027500187304,-2.26779653207144483,1.05205414861989133,-1.44356363533958509,0.273024398201787699,0.536715894273650629,0.222064528916909087,-0.514993960609854806,-0.611622847226488742,1.25934889343383905,-1.11056241477102979,-4.31710306356647244,0.0368465238325365319,-2.60961471639640896,0.519516965343266079,-3.95733713460245795
0.581595828974619256,-2.04074578472480228,-1.82774340306701033,-0.0524751247305786511,-0.473488712535007794,-0.982960115936022838,1.86294153586627442,-3.22894553039550081,1.20523286257995066,-1.32797088022341603,3.33393577188578982,-0.09609576170769632,-0.486817048547872555,-2.34949828380679104,-0.304214404958772389,2.09999607938610611,0.15442002565197685,-1.80137055607703012,-2.2282567414286496,-0.299050199466237843
-0.0656385829816916178,-0.279545178038746511,-0.555393097050763784,-1.74865958658306053,3.92903408073807503,1.81337689366779875,2.48518408360286314,0.796590656312596068,-1.15900358409400783,0.389394592606129519,0.669772843310263988,2.56495388732635199,-0.420086201392121272,0.238738029916116951,-0.0356038757885451806,0.208347131601964358,2.78206679847833893,-6.02674097102300887,0.913965069677564634,1.09604373132671506
-0.963684801017501758,-0.0824422861703025672,0.917709931241108001,1.98014032849457999,3.13366943126275732,0.198401671083656722,-1.71533349458067197,-0.765191204614626752,0.844336050788694115,2.02786091623409304,0.457506465565437448,0.039542388247388198,-0.239810895863935697,-0.168021971525911168,3.64882231598014117,2.45464777292933523,-0.477277279760173589,0.498942774842910719,-3.21386507487869411,-0.449655576361819076
-0.301443093927697192,1.24060068169141258,0.591675178775862398,-2.26456839439615454,1.61025284345725894,-0.15104093460902876,-0.590654336153008219,1.88528467915071563,2.17445342026685084,2.76886096380887192,1.00407585547274825,-1.20145246226894375,-0.157960160345700484,-1.51294976600685849,3.03402840513157779,1.78519265752321421,1.62965926135584005,0.44228939730723088,1.97190937085546247,-2.00378623662053013
-0.23617617528120563,2.40121911645184083,0.149325896390972268,-0.294756808331299469,-1.23782762114959932,-0.460579752440835655,0.0669076629087518859,-0.782668566991101211,-0.135107506043034814,2.44094046194257341,1.51730534755062196,1.80559999997970722,-1.14554985316983582,-2.47625483600565799,0.52606867641679167,-0.475741971119122975,-0.858910183976418939,1.58589415963777758,0.944205208352793868,0.0513824508004454977
-0.435096959114009696,-1.84916553168551556,0.34425379969328268,-0.642507719336144145,2.89190191493216098,-0.0315044304573402906,0.652155876524967981,0.874119662483065718,-0.143349055457202057,-2.33716788463377112,-0.133529588332771232,-0.185405256584770861,-0.298810444112936058,-0.416628367612083106,-1.06336108407163699,0.196727701051323339,-0.13408885916813984,2.66727163376064924,-3.17559078514126103,-3.40861327447603646
-0.0299802912694505062,-4.20768560434362193,-0.369219222335733066,2.46264675942616051,0.641789419956408147,0.875860612107769887,0.470796051825316031,-0.520970142285297588,-0.517219211700390868,-2.21915236010559802,-1.52590309210569219,1.6150230617631991,-0.0432682348538763265,-0.236978650673268953,2.76714526632100011,-2.57298811683219064,-0.0257255067884981821,-1.04167883258629668,1.63937700944026643,0.455433925643826454
-2.00927078723147812,-1.08027191578882542,0.672253666186991339,-0.730323196229901717,-1.02610169878311441,-0.647571660765043022,-1.0284212809158515,-1.61764063731813601,-0.329596105028069353,-0.732085857295551423,-1.33066717772335985,-0.082096906219496682,-0.925489018296453803,-0.858698708423885515,1.22929671661811546,-3.59604129754803159,-0.159530760887906742,2.02773105356916528,-1.05868067472852534,0.627527860787792879
-1.0892921755463314,-1.08368026177287602,0.735306140697337574,-1.1707444999696468,0.172355026545732953,1.82756911830833091,0.0602967076994777793,1.77759705093587161,-0.467253565955796202,-1.93570420875195448,-2.58616366795805241,-2.73885966609161269,-1.59103452881701402,0.0494664333750488086,0.395244841068027652,-3.1265125558110558,-0.770813391787779745,3.16499166191238634,-0.914361456158592101,-0.975382662757291241
0.945655338060734207,-1.0767573852643586,0.129487446214177043,0.405190439699264882,1.49970636212898101,0.591526146574819944,-1.04839126797061377,0.53265263053485945,0.608654481546614945,-0.876008365741825723,-0.547431915887130582,-0.886756375204393876,-0.850041348216336257,0.789669834858279573,-0.795451667228234682,2.45517978624221911,-3.77496137836424639,-0.558335020969615514,-2.34118593743667924,-1.87283533095287957
-0.908546619159625979,-0.624802012988829092,-3.09379283289177209,-1.20761345584597257,-1.48581048556981754,0.552825683976710502,-2.12135918601684015,-2.89899416735529902,0.424868495948040326,1.30139569283057854,-1.45507331151971631,0.866841262115243594,-1.01503112460800637,-1.87736636471634566,1.70201412970023003,-0.547863436074669696,-1.46844966038792646,3.28499330025678837,-1.61033229134251266,0.912966929384419812
-0.444517632811583185,-0.0138923512785095859,0.720777699363083668,-2.43040386181843759,0.131769960960834265,0.759801504929628946,1.29174205112313389,-0.861047095279070085,0.852971371982686355,-1.7898157234249561,-1.42907094320861283,3.55395411618546486,-0.0806916537544267176,0.108202035970764332,-0.356895552955551365,-0.402328027993403725,-1.24495597099990274,2.06597543871079425,-3.84416822900930644,1.6816591843209503
0.44194944009678544,0.245542827774076877,1.45415714549668129,1.39065350132951138,-0.148633018545438506,-2.40658141148928628,0.209098366854014839,1.46010752188416104,1.21545281167004493,-0.450633748783002497,0.582362581479488162,-0.595275516869886112,-0.851285039414238831,-0.795369153466996992,-2.41608621311215188,-0.471268646250900647,-0.597410290797175003,0.279379144967811077,-0.97365210566056537,-0.300476491247690491
-1.01889648250192999,-0.0418630826185611982,-1.413187168978284,0.219129040395457386,3.57174989361437234,0.739230606869406559,0.228919432418608793,-1.5233803700726869,0.853584891337937357,-1.23599804079075759,1.04902114512913025,-1.00555405051298985,1.60404646671185924,-0.824174802719179089,-0.168091977133113746,2.19419094844333395,-1.69325761542187636,-0.235424460236204725,-4.14127176598634428,0.394975637943451419
0.38246686949255343,-0.34958288468023474,1.21333128951097979,-0.916816800380916397,3.44871431543892282,-2.23399581576908846,1.42961269435265703,-0.698817632802359978,-0.160414326413801905,0.422613101404401614,2.50527229918228977,-0.227966208393045044,1.26314398212828172,-0.454192022610110768,-0.963077203716048991,2.10293642272606318,2.79377475487346993,-3.68292252207889081,-1.62354203317527146,-0.530591161333095362
-1.00742601010739019,-0.97368568533478117,0.392166337898729123,0.518415481609607376,-0.750368668494402868,0.813025180908124478,0.460215900116961951,2.26734130122050992,-1.36873923189424884,-1.78023334460791327,-0.0898423597929262907,-0.793614847779637089,-0.181609821905811791,-0.0483692172540584261,-0.82518883946569177,1.14678008108700213,-2.15402963271863923,-1.56094984958482641,1.47328116750993332,2.03074353436356603
0.603193419626890881,1.07934577015120481,0.155796021977928023,1.12686538021444682,-2.45141730559682758,1.32227857665041437,-0.599294618873626228,0.293823057704223123,-0.084329621870619223,0.32614214758090132,0.120170826351605725,-0.375560983156879524,0.564021635038963076,-1.50658810844710089,-1.93961830509540989,-3.71776745039244672,1.75432815660519736,-1.28710635040529575,-1.8970188115898845,-0.269959778549307694
-2.34567288641609695,1.17442432939972319,-0.300947062994940562,-0.594445352783129599,-0.910598541748165236,0.453172669520692128,-1.85377650541827355,-0.172382913387817222,-0.837759614110749951,0.0185289949026328851,-3.25889212255859828,0.138841909728924184,-0.522203338286286955,-1.47582725003022031,1.87903672009316214,-1.64102782738781006,-0.932427085677752898,5.11591510109873582,4.05123419111371685,1.68448113257309107
0.21355010406972863,-1.55528442033372483,-1.31265542600162166,0.155419764189844212,-0.702283088692939317,-0.697439843358976908,-0.505337333916533016,-2.08363047682186098,-0.161700717971532737,1.63957203591929623,-2.19594941297283608,2.76731686011741962,-0.622524873179624016,1.78371619321522745,-1.17224131295517586,3.68211369607877081,-1.21717378500103579,-1.09032294002413299,2.18531051542188859,0.668894937941602263
-0.0444262363267607513,-2.11923986771668948,-0.613641351511101107,1.1994251719059128,-1.29558587847905238,-3.15628807419950785,-0.591645762427238209,0.0578149205252727547,0.851745031898864302,-1.23272488032489713,-0.659391821566014169,1.8037560258242491,-1.83809736738698115,0.120739444479313493,0.482638163879436755,-4.0687589237563051,-1.9496305038445616,0.919444745972453625,2.66359219792158841,1.94077892594090962
1.09383548172770628,1.46246099354011405,0.903461086790163015,1.38892295950431111,0.622321900250981441,-3.16279630271176027,1.34625250458867196,1.73294601709533258,-2.25636585288873315,1.00494523546222414,-0.435674663044524402,1.19324282333967702,-0.528038701595428206,0.0269494703226158851,-4.11330615955055912,-2.33121709591608228,4.52520772961409268,-3.10387093737603914,-0.810599142520801896,-0.0450221592314128879
0.454779306256620941,0.786725028241141655,1.03589628022475,-0.350719418268009453,1.31352825701138598,-0.0148810501530731061,-0.947961753363697923,-0.459529896445202701,2.17286974860352622,0.641003845760296564,-0.802343696926558048,-2.96524151579519302,-0.726445180920779809,0.426351367146519944,-1.39899138205495088,1.04054113617472077,2.98168563747201087,3.70346432394267255,-0.100570094943873062,-1.19271570852166064
0.196303301948974884,1.03085969650513976,-1.32128368459975487,-3.12333519573527996,0.752901646658658108,-0.829142277993024979,2.96141084615469818,-2.0509039341788573,0.360173814532588288,-0.58844718167660659,1.25361761246213943,-1.25114393075142338,0.0788230629605193994,-0.706736772966144233,-1.38287760350671429,-1.07975804140143694,-1.98314218747433357,-4.91565857026846853,-2.62730056159358893,0.525948307925111158
0.45462850972383273,-0.490343971106272092,-1.50241495328317254,-2.06626863603520095,1.40058633831070822,-0.942025040188824825,1.35528739352734773,-0.790788429346010902,-0.690064579146536405,-0.878641824252415105,-0.379536700203174149,-3.2535815395214982,0.107982383194355783,0.301600940935247586,-0.446067681481115419,2.4280633063568029,-5.72585328950808758,-1.46506892245590836,-5.68614086213029779,-1.28228226224174846
-0.357993426139557147,-1.62274288120016963,4.0471320811400382,-0.494215963604884734,-3.5686479389087653,0.651645975742151662,-2.29595204309621304,3.27422231156607557,-0.111934621340608109,-0.735627684652022218,-0.111111535207885831,-1.1327348769558705,-0.280727894932663147,-0.0299917325092356989,-0.365780285905438929,-2.00831502493624603,5.78737242094719129,-1.29013357188482769,2.36573608355012643,1.61465630395387838
-0.58061863886678633,0.631048379294808059,-1.50387336851486575,-1.65278144577270658,-0.592400859034134308,1.6852347821560858,-1.15837489180437903,-0.391403812609379231,-0.657944412522966982,0.735852514280607273,0.634779717922122511,-3.79353378843493605,-1.25480396673853511,-0.388370665048203667,-0.58501237700107156,-2.12747232381472617,-0.938116214885037825,-0.766163016663147456,0.640670042741886325,-0.108150439792644409
0.252144327791911815,2.49269427293989265,-2.09046347545231015,-0.723465935788789261,-0.166849985035277482,1.17431894214462651,-0.773520080412489319,-2.97787879625037188,0.45689890298675423,6.50618560593523654,-0.34654208345659343,-0.427602616322556806,-1.26605419251613993,-0.889040302862141973,-1.461483325974261,-2.27635253805912718,0.536700759275219319,0.367173456358154515,-0.1530437442155686,-0.967276416561048902
0.866480118396165122,-1.5482920801839084,-0.477260203834944607,-0.627497551737767334,-0.616404588577286527,-2.11916337771155039,-0.6032099227391301,2.57588876287143353,1.57187158821595463,-2.74519327311054395,-0.639232163029230249,1.0733479872621865,0.707004057569439404,0.99638637581121503,-5.03898256746182227,0.560280337479214796,-2.0145720479469551,-0.0784641860169636024,-3.22838342781449361,-0.402482248876869009
-0.3768916266076352,-1.02362787299733826,-0.225621722420035142,-0.657205392625091811,1.6658785939180174,-3.29489934121061712,0.229374926832397269,-0.690187924849728462,-0.338959868895672867,-0.282470191919983626,2.7619625485881345,-0.460700217501255116,0.161608420960882126,-0.473613952254063275,1.98779884577107602,-0.592585729082690582,2.45778208164674528,1.73202469869959819,-0.676701304990845909,1.16551381756887151
2.29141585271265136,1.22624960406041406,-2.24187114543794541,-0.980349930529400559,0.980554134493303309,1.02502098051225943,1.03750851601395033,-3.1292382747423626,-0.224851770033571874,-0.435692208024843597,1.80806511209372545,-0.440816350484997399,0.52696946812715284,0.866063981827446705,-1.13507553920244075,0.944342175558432806,-0.361817599707542903,-1.44557044317617267,-1.07095883932335978,0.4725736875197174
0.477492014417761346,1.62797950194077812,1.27531642415478075,0.102021510035016624,1.65202788359604091,-0.756209334070020112,0.203232126668086738,0.315812891286383235,-1.87577731000944969,0.880715626760411929,-0.218962091385570795,-2.00780169621631766,0.17750154321624409,-0.243500340180004743,-0.983419148375065388,-2.22263832150152707,3.35082386387056896,2.34792388318575629,-0.0695078983544934609,2.81813907196534741
1.19541792586117968,1.29215863777574702,-0.112802567755573249,3.9255523027367607,-1.08612787546206269,-0.406931171687748616,1.74629635226653024,1.77175295098372998,0.631603650569599773,0.285219445898761692,1.55461819009448554,0.49630026506847158,0.574127241102355135,0.727791169483970712,-1.38434837123150034,-0.147751887117579722,-4.8702898704291675,-1.45080261489532636,-1.91544663343819122,-0.770437936921902766
-0.0236146192035407987,2.46911209162548229,0.0068564552611310994,-1.18801589370507288,2.84924838704040928,0.951685028517078258,0.0773466510971396876,1.08624160346630827,0.18387690982538743,1.34187070780561402,0.593922146469895718,-1.65641379844703707,-0.840585058744413582,-0.473518834475584516,0.31552041417937976,-2.18133788813755602,-0.915929732866694102,-3.42094447136991953,-1.72183361874139207,0.108112350726608658
1.20553038846811789,-1.97738576920585785,-0.0503975812776641871,-1.21297951778677038,-2.00161087267336457,-1.31248510334482082,0.409533270998016508,-1.41547609722939627,-1.58391841487499385,0.756655200909578052,-0.261869510778358849,1.17406219935751688,0.829045421294495988,0.361265351300549042,-1.62410434668887071,-1.48920089352794882,-0.345831489084919952,-3.20598274707039366,-2.41439451713381414,-0.46400200611366188
1.06080785874067307,0.810695936592377486,-0.229843922711541609,1.5342422301344445,1.49051889208045507,1.86584919590929088,0.645594466212595308,-1.2548693024421449,-2.3786915800120183,-1.76702048387582833,-3.4442840847229208,-0.276284388816619542,-1.46239002018334752,0.781821187102012982,0.246044201886805231,-1.92763869661569842,-2.0838070351076583,-1.82759453566061691,-0.721185587645133963,-1.16194300425561536
-1.6247564189945547,-0.776510001036320729,-0.0688806623325335099,-2.39706572646230809,-1.00359975234716603,1.8042356214120594,-0.76213799927036574,1.91752484367584786,0.0921724692817143115,-1.6294241284940707,-0.803360333403938975,-0.898541024048538417,-1.33684545363492169,-0.619691436940928764,0.0128093453939842963,-1.8815454590044951,-2.64319557460404475,1.45870250282471514,-1.87069172544423878,1.63313338350407755
1.38800910723033044,-0.251191767798434051,-0.22148553579236685,-0.59166774617375939,-0.669405608137430774,1.53708004817944088,0.495339774724221915,-2.19147782908440147,-0.0538249312095344032,0.43064764538309952,2.05613120761993518,0.0954634778010473584,-0.95111879570893898,1.79722246595893109,-1.86428524485386071,0.0691521421718372942,-1.50094808207911212,-2.81393904576999221,-0.406065583401435393,3.76910800997692519
0.140522609470530718,2.23698009987892732,-1.45257885811296772,1.13352994154899989,-0.568592039855587261,0.828512863257281573,0.189534202703578653,-3.35856520236548084,-0.144501872445306739,1.42501849057908436,2.37042676744435399,2.51079862421783595,1.66653155691285115,1.24555212702481155,-0.728233171265745605,1.82359276077479748,-4.07000860937655418,-0.486780396005371707,0.788431486226759626,2.40072988574620494
-2.36777492947862855,-1.61496705767317694,-0.96809136188927214,0.204583040123384713,-0.041481435434732386,0.0158150539733221789,-0.795147638069361062,0.534577371981215133,-0.610725273289511428,0.101654943305927836,-0.965282451394560148,0.708007456755142872,-0.76558084917421998,-0.974445963128658277,0.880099441793887438,1.41807773141987492,1.66375683458259904,4.04886671720399161,-1.67005893554007523,2.20483660278860727
0.485097924900542765,0.578003479573665602,0.326629486054347662,-2.99046322636200301,0.630680298520974958,2.07587913740880792,-0.243711060088965537,-1.08996777367771069,-0.1492648684552903,2.89636721520797602,2.35185006118166395,-1.44778059478840015,0.891058448399468905,-0.932735214853970818,0.312347624911511024,1.3987895561474406,-1.69128182931020876,0.870554086503989133,0.54293136723351576,-0.715763275857533965
1.03363738859398446,2.73049197561692791,0.375177165884319708,0.797106589771831686,1.86921956546777901,-0.565050528587149548,1.29966642484066153,-0.879551489406069531,-0.669676546474963219,1.89920257545296578,-1.94920108157806227,4.21668937018963508,0.160557616597265695,-0.604179734620951869,-1.17313999978571659,0.446286812940743294,0.585673552446910328,0.299872853188859423,0.357637985832547356,-1.10558532288423117
1.53912191787732522,-1.78352636839157541,0.613795283173436013,3.71888416208783168,1.57301131946025996,0.222708939281983792,0.804225349941966372,0.68347672706093765,-0.0264178771891949264,-1.24864838673209277,2.35008945066401687,-0.525778016833682971,-0.0321252695305074901,2.29965551099312115,-1.48578357237982983,2.0327555323836628,2.71438937408182168,0.935529873651265165,-1.51133838264308351,-3.12308136631869004
0.802870994008490824,-1.00213788827400951,0.874418996755138123,-0.382623149168078935,-1.61599336637891167,-0.768275631071116627,-0.485814991697303133,1.5766661028487805,0.849725277305719562,-2.43769843924133855,-0.250149385346587039,-2.5691465745077644,0.117370965863517196,0.406550998968542576,-0.663473436059038302,0.678572774803112733,3.05911352874210296,-0.0226032771810857451,-0.191373056495930088,-2.01961736926413682
0.63578963527660548,1.80890611829563097,1.25975230911332159,-0.120534243370185118,4.25654373061943669,0.468080381954842528,-1.75805647720368263,-0.384432307147157815,-0.520005923134016057,-0.576838862334203895,-1.16338134745105792,-3.61709356626688816,2.17418571203740196,0.248666201051907676,-0.721895999532668697,3.1821015128243566,4.00852311680582041,1.31844447779032237,2.54524054340439188,-2.58452957907065484
-0.342198248687110018,0.910840100056048207,-0.505286928678320924,-1.04359180373552451,-1.80495498427737289,1.97779895575883646,-0.625529869407601802,-2.14200106421004755,-0.24707110091045148,0.906613918749522463,-1.1320099757872395,1.66934038600955681,0.483696852402486055,-0.310499919694203652,0.472546309688162136,3.47590661165131465,-0.0326317146646027054,0.0637539740187852977,0.413381272621919371,1.78279835460721192
0.651075538471840964,1.50776443076032796,-1.67927248747935209,-0.697482495011652048,-0.991291672695385095,-0.540197808312927741,-1.05668897658228844,-1.86598453543809106,-1.32778131287542545,0.682474936135904819,-3.95870288232571577,-5.41037920826416663,0.701469097208841319,1.07169416032982245,0.628567750539475778,2.3044544618599212,-2.72743174256647025,0.55673551160058099,0.116303819553098153,-3.18945853743304308
-0.0561824978763037289,0.612608142608657813,1.71950991049167978,1.65470789517778094,1.38597393790970735,-1.43818282659914565,0.00138083900374933073,1.80253649823397,1.15368312232882908,0.691706015202802393,2.30686207843055513,-2.24054461835016472,0.637597779469656567,-0.852703259516815582,-1.0479451618799227,-3.16542024425486002,0.584638736108395674,-0.922498206442046276,-4.24193096067300601,0.684218813096004963
-0.124681331754336877,0.106641837418435428,-1.18808769721380658,-0.231066866558825884,-3.01654093474098373,-0.283758502775827315,0.364114250573243758,-2.40019775481522579,1.2551750088421052,0.491834152087797183,1.83061816259631671,-2.06648859184480571,0.445449362800792448,-0.586419102386054658,2.71044099137962791,0.871350921781054111,-2.04492754585368619,1.13257559528785712,2.97529318482502569,1.83017503634147372
-0.796435258762899112,0.75917513817670268,-0.000278273572125617441,-1.50786004781296623,-0.180244686344334715,-1.25261482803288193,-1.163325740792164,-2.44115874367404428,-0.736925439136554838,0.614030168408224108,2.36966998581524191,0.455724570145881747,0.459423263687090744,0.347805332899346842,-1.06073060953724108,2.10188170522036843,0.424617481106280559,2.35281630650491058,-2.27691546449675686,-1.04315764636442854
1.44587950164963197,-1.33954398856856494,-1.64998252538009926,-0.262982693125244804,2.46163647418624176,-2.38189250693326304,2.83756781507050038,-2.30423281851018924,0.797007508998593073,-2.34783946748034866,-0.805604331039721955,0.502791547713860254,-0.873645932237057332,0.645682179394595934,-1.0985956589785888,-1.52508958857745736,-0.990425904767069043,-3.85994478450064937,0.553417623820329552,2.68631628168773018
0.105783909666819276,3.95158944354705399,0.131566549971487312,-0.698415570679313036,-3.49472774272932529,-0.0974375715058360126,-0.675798372299205252,-0.34382560137812701,-0.684268349114014018,0.815268018018561635,2.13709385339305102,1.91174314854001981,-0.426957318784084994,-0.789991293378738413,-0.881196089430564378,-0.142715197494374502,-2.9191565727217319,-0.797612588598414662,-3.47971816032106807,2.0112561554804973
-2.15041529102571705,-2.12017650869390506,0.190274124728759264,-0.43213841122305835,-0.400233617183673895,-2.39985792222728689,-0.236657192906344543,2.04317675339867222,0.831534694628967452,-1.08643864502520882,1.66283489402004503,-0.421982318864404238,-0.115132700911647429,-4.4830753143965838,0.44330002235358168,-2.17946015696990658,2.09602870631588178,2.26946979602722854,-0.503037836395178628,0.157059779667087118
-0.442694007141519685,1.52748852814001257,1.67668474439949944,-0.771432634349304647,1.75319307706666883,-2.11579669216140953,-1.55790240574611927,1.26394606734241655,2.06480878977929594,0.870206118160610331,-3.77710550207593165,2.50569519470478008,-0.0176194544598261699,-1.67591348089700731,-0.576422341940756255,-0.0414911871883292677,5.49765477501498356,1.80413940091831626,-3.90023631423279049,1.33872237127855853
-0.268665200027619011,5.77912708107775952,0.0988067245841717234,-0.0956216711701441124,-2.05675840448805358,1.3045736927892706,2.06727197911507998,-2.10081808511692847,-0.390107909680298126,5.29630827764082568,1.42111268693988224,1.60601886524678195,-0.389081690868448793,0.768317479682515847,-1.42716665031399503,-2.88876785065061492,-0.425480050601283355,-2.72681421944428637,-2.93054088724772388,1.18058238840035212
0.637329763356803691,0.81433883351307379,-1.58845824162680938,-2.84258095604061056,-3.22888799102856083,2.252618334658822,-0.732696007724418785,-1.69704280357262394,-0.0137006083938865739,-0.91762517707296043,-0.82857377866094517,0.138183728706123027,2.02518158743564802,1.30743708763164435,-2.81554927349832163,3.81048428644038006,-0.128505842510453328,1.77639692322155307,-3.12752744765989377,-0.0969336741767982263
-1.08340451673663685,1.13409523616371111,0.0727714217218007192,-1.10531730363151803,1.05131688554394009,2.48799656417314141,0.0536936862741905566,1.86233229719940852,0.148987638813477985,1.39860006018970773,-0.574417143203364899,-2.09891529880139949,0.74611890257966107,-0.813643470162040638,4.01797873672978412,-1.42130836758258083,1.94964651028769809,1.89865758406490115,1.65642568216946717,-1.74196328962012981
0.854167805795553403,-1.18372370615363498,-1.61832795926115591,-0.831506970073291329,1.8010741257389915,-1.24692309092893594,0.336102068766670037,-3.39201562401545509,-0.331181255537646935,0.0483984241730682566,0.811845854538553846,1.47511858677577989,-0.207378710405664635,1.41982541952642549,-1.02578172451986838,1.85730992908932735,5.31308644777237404,0.820715099651806224,2.23863023796124505,-2.24477902557745246
0.535795596633825477,-1.96314232497931762,-1.99217605651068275,-1.36789900437913969,-3.04747904901537314,-3.55389039918863725,-0.0504431654971627674,-0.811491172021721829,-0.0770684742366412878,-1.71958602846080688,0.012661563843351379,-0.719818175409309369,0.142172048761019298,-0.0205100782534264128,-1.77424909898212668,-1.6571052201079155,-3.58324867870545249,5.51456888265929823,-3.26700302397892228,-0.348279956730664864
0.876712005880888268,-1.70080824861252977,1.4742753716354835,-0.457897180904287271,2.75668853697025318,3.174776245727708,0.351591819105079084,3.42530099953088163,-0.297022449579370351,-2.09843541054985083,-0.96708078703852518,0.206901589707758155,0.307612703416531741,0.713792304045617443,0.194128745436217498,-1.9342127592060343,1.31679976785165231,-2.28463811207764689,2.51811281621153205,-1.92071929429734434
-0.892482217889942642,-0.483126369767393704,1.8186536137515017,0.762390421000095908,1.01627273549818264,2.06847302674266365,-0.23279218193517498,2.46950491099005109,1.22069555762426196,0.77027759936976381,0.296012839192639376,4.55393678518986444,0.990263360298242579,-0.304442025070572941,2.46758895293352909,-4.17896768845112021,3.92691122549663207,-0.672695793313188406,2.20615365018715526,0.594518959927135104
0.784423697652676832,-2.16161715980065949,0.858825602045017789,-0.208053311024618243,1.08228470866048698,0.472825103944064518,1.36610217555530644,2.85596846690783579,-0.901764357351738211,-3.20455555038617579,0.945648732191907371,3.89272168670897001,0.141560688877339663,-0.671485002932301622,0.252162046665808715,-2.15160219422900445,0.0214876966674509007,-1.23536494603851343,4.17811319658318592,-1.5716243967792316
1.89801579594823489,-0.0683027978892265103,-1.98532716193218128,1.52017809717240748,0.593414473444012991,0.481752855254726442,0.539866342276693612,-0.230987630317519149,0.0639207909413243708,3.17717620293077596,0.948089739504577977,0.0756684117706345055,-1.59954655997569306,2.34390469501374765,0.868096237953726702,-2.88625139214346538,0.522663280676639697,-0.795673345506619056,-5.46141449523248657,-0.701716047920467823
-1.76912375933600008,-0.231282591631611689,0.00543497567340234591,-1.14076798495402465,2.29999056534817647,0.728323270016933977,-1.90635066060778824,-0.245853945268533464,-0.426599570680303131,1.64063883693042167,0.0594801517251691905,-1.31657210487735732,2.66340571146822702,0.712931866823055649,-3.12190717681864749,0.0627266985011759315,-1.3511673103859525,0.571427762039967369,-2.45820995239841134,-0.0589570569995451557
1.04603598795440433,-1.2275829403943781,1.72384400140526406,1.06950018770240551,2.34846827365406696,0.0528551919294654032,0.64148440947644747,0.313915743827962057,0.769969364180288385,-0.0907981419912059634,-0.590472765433610269,-1.9894555259230069,0.186096411245176452,1.42630912834601697,-0.795882559636741704,-0.727096615126620827,-2.37513667578814314,-3.23024661817394598,-4.52655782061925027,-2.1009830520527415
1.16248955278761956,2.21344492217667987,-1.24231251958563149,-1.68936079755220958,-2.83564176321393813,-1.59460739612788815,2.09050891656702387,-0.735544554138854889,-0.409510627123052473,1.38662853629986493,-1.26253843311310687,-0.300317299553829575,0.0178427036215499588,0.36654333201871242,0.869066375411919334,1.66593174104660546,-1.86277229319969351,-2.39572223333068157,3.93432695130159038,0.127787825307320579
-2.49943181210871446,1.24701045272790534,-1.36392791547353087,-1.2698624516619561,-0.391399376545912892,0.375141326044432899,0.364431801083767271,-1.74376938339153953,-1.21881630801119556,1.08627379338605135,0.807351678542114426,-2.35988044735413949,0.771039629879902488,-1.89007965715997894,2.29205586879561229,-1.09693125781185197,-1.47958630257282198,2.20625311293791482,-0.661447389121240792,3.70509117702194901
-1.53841657463447889,-0.325319564880596324,-0.939769925081167856,0.973192987371997109,0.866679186689312653,1.58894594903961983,-1.37030419284096716,-2.04844603465276576,-0.363768896871691894,0.541485973277737953,2.54703862393348812,0.517351699300273804,0.424572455500657975,0.0444365843952139739,2.48899040429442664,2.4963707830761952,-3.73400364563915099,4.99171488957359788,-0.501498421333136379,-1.24560585815148528
-0.592609980330913833,0.442757970606125095,-0.762857409438802425,-1.33176948427794706,-1.21941153451713347,0.0105618532555398058,-0.591293848412508871,-1.12721621993512433,1.13183884419292746,-0.497289219226071444,-1.45221549599568678,-1.83752891508837291,-0.851767889947553369,-1.48141620370497473,-0.850369586692997448,1.09013039228352859,-1.33189833872146801,0.645085507430918637,-3.27808480273192782,-0.652558816932783059
-0.471204585745801596,0.0758488851484062782,0.0333290103690753528,1.28609588240736383,1.67291873146310488,0.955479886025455971,1.02688051407195102,0.0402188354472813731,-0.597182402967757486,0.640501478012206804,-0.265252510175104372,1.7774889902506501,-0.570755045993503796,-0.353651458967653154,0.758356025253533295,-5.41264776916514112,0.390927047510710945,0.680742577039406771,2.95699575707374862,-0.0975398691096683867
1.48788742325321977,1.22490254803021514,0.0959704040389262603,0.408503507357122764,1.65388995498350289,-0.0149599046689785596,0.622737195392761622,-1.35577219654073611,0.0670888269078838279,1.20615582306898816,-1.49435581268644224,1.95800469391160292,0.26445090002349253,1.73040286080903449,0.234401546369166408,4.72279226151780307,-1.34392551573041064,-1.57197076219007914,1.67880184144532341,-2.21090634628635918
-0.504117067920148654,-0.0519454205462323015,-0.880947325835748085,-2.48804121913767684,-0.486914907681666731,0.950232745664306711,-0.257596816373732662,-1.48545354712998812,1.40581314459359308,1.41753811027387289,-0.885605201900850902,0.70618316030919337,0.533341854456899522,0.796206204541082929,-1.44894089661529746,0.530774825260675875,-0.195927515613066566,2.98686823202772844,-1.56085466155872088,-0.842833381375230672
0.540508676931990339,-0.418053052636619182,0.524156899415577859,-2.17037728618149428,0.377849415536536837,-0.0529796626027321388,-0.854503979539150804,1.59511993563903154,2.03887277142038581,-2.00247786995436794,1.91957567627444581,2.05183561226354616,-0.403732156013682009,0.970700426956568219,-0.218070651649846597,1.14738135380140815,1.39278969946689801,3.98211421289087131,0.411385869764957723,0.485966144812925327
-1.45552819784616205,0.0616876709471544868,-1.12675840543502104,-0.192529755552212939,-1.35482551768430182,-0.316291495727779481,-1.91859756969987316,0.385782577191666198,0.291124023607132076,0.41390336558111851,-1.28557576161467124,1.79702652223865056,0.8714387683238497,-0.513129837187270343,1.21315872989250595,-0.510248879311087311,-1.97017852724986353,1.56038003953209703,1.87911872904878474,1.64769965919240247
-0.56415214795221702,-2.59634004576768262,1.3309598985911435,2.39809840906920346,1.05073191972972957,1.42308034156467689,2.6292248179004849,0.0697365715556656773,1.04630861426476707,-1.17876754166565156,-0.846535333985158567,-0.687799873504941317,1.26370596841713034,0.248437728147078624,0.953970007205515169,-1.01599245703675756,-1.88526941999625741,-0.0721865325780306211,-0.455076884468058329,-1.52014131512886386
0.286537628516927489,3.70977900379611025,1.1624970248727422,-0.880044964350059078,2.28930785780252766,-2.02299520747343253,1.52518209896925971,0.733197432074881306,-0.018390461537734222,2.00901759171666594,-1.39885706518159258,-2.840557633493487,-1.23079120293911903,0.104291575924538804,0.53794202663070112,-1.35548738687443993,-2.52096565797587235,0.679554433484946929,1.35605392705690986,-0.1656515988193204
0.0658286797578851446,2.011956238029593,-2.15352691086438242,0.0778561854717919888,-2.47309977100098388,1.2161902648692926,0.561337875584707158,-2.52041433870194664,-1.19451685749946757,-0.842470142106531927,1.4022587842283174,2.93193328393356989,-1.30553382332404766,-0.26680639398854078,1.05653889701927373,1.03742013511132458,1.33203847822267285,1.51527584993486464,2.12044306679678618,-1.89167691429943541
0.554153234099710623,-0.0737513716118405882,1.5321358876988298,-0.137803156998223764,0.159167359396503588,-0.845609146984499849,1.13083971602464128,-0.891946097557755335,1.04872985232538518,0.836219060453433638,0.287051678491008877,-0.620419286566615158,-0.392859976659453047,0.400813934870863031,0.591487022710441845,-0.783961330446457105,4.61379879089025913,-2.72156003024832716,-1.29729809332569723,0.699592507326048829
-0.536325175192603254,-0.382067954682290101,1.60626461269088505,-1.17141579591949663,-0.851508299170194882,1.91352412698228491,-0.854802161728567378,0.125476436943694869,-0.163035167369447287,1.82621545371419036,-3.73825111121778164,-0.0225745586523585194,0.460840426445432716,-1.52905290030781793,-0.45653131929311791,-4.05576905125615905,1.27912213053654789,1.44290324701832806,0.976532659603971953,0.341869251198137269
-0.837341248904212465,-2.20132236676549953,1.95323356746428756,0.521722649141039274,-1.22149319489613895,-2.51231758830618324,-0.514502100556942676,-0.664592700596343233,1.25464155666791122,-0.428489029059297311,-3.24874533162123713,0.131507871681738858,-1.58099244749663481,-1.71987233981415311,2.30742549669500896,-4.0663041827043731,3.47647667711533348,2.85598488815045792,3.37417645571698799,3.26889681547856181
0.815422306465549696,3.35387485161387877,0.945949653238195798,1.92864606296108709,-0.180014018415114496,-3.11487165420946299,0.0119185532344119605,-0.866543884400772346,0.67722784075902942,2.47358333054685264,-1.3434687420423217,-0.330305204987374701,-0.311992925420157663,1.11929140291761953,-0.483915168451386379,2.55189975719022444,0.579378935693958153,-1.08953946179699623,-2.96671770361399423,1.2622311596751945
-1.52954072867940072,0.0108240059765617683,1.31885039815078375,-0.494753183438750133,-2.06913324444165303,-1.18091570121207656,-0.388608846998738711,2.42815552672555945,0.554671066996118123,0.573810384083615621,-0.289597248059084544,-0.312442226155185798,0.966195863333806026,-1.81210455202115805,1.70055722669882292,-0.651670367809060291,0.056523385780276221,1.52514887034502489,2.58026750354512124,-0.877073783397049778
0.989271259561506966,1.09707987667843465,1.47723961657270397,1.66798499889809904,-2.08761564334435956,1.26540220199583953,1.02769033197777127,2.25521533513642947,-1.47668358601617644,0.649712148841734227,1.8918337964540306,1.99613385156135337,-1.1535630953795466,1.12472954802279301,-2.97541706326289557,-2.40297212176271691,0.608631373425075894,-1.91118264517328251,-5.18059227910898024,-3.80776093431652907
0.833443006774806538,0.0992497481950487953,1.51911059151759975,-4.69482744418048892,-4.01620426155688826,0.0888008380115782314,1.28077696772000804,1.45784795985357496,-1.72771710588089333,-1.45839145686586269,-3.11028646961386723,2.1860180094103514,0.331264188062633635,-0.608313076205191816,0.582197794177394257,-1.14336264171794588,0.806555591503873459,0.742128169916844049,-2.18290921015293815,0.0437967368227468179
-2.31356718438540199,-0.520575187680654805,1.19593098410567977,-0.392962838136017512,2.31789217992009355,-1.36347579047684686,-1.39462853157071143,3.47937903823298855,0.304459053911381339,0.263063652924349523,-0.315529360409923243,-1.36816483652767795,-0.176207046368388576,-2.10281288873985073,2.97230082119313188,1.52386809525194677,0.405273862135592744,3.123122558662347,3.34717517894106198,1.24723217592206703
2.04212093698953856,-0.938896907559701899,-1.78393545921360253,-0.63504331146673243,-2.6812774224851621,-1.64763261707872499,1.13359875501803309,-3.97754595347508433,0.67516936275649897,-0.94455026565026956,0.441434185321519845,2.29125768459718371,0.233458732686738113,2.07611926324978535,-0.883841471268837942,-4.18913853043034834,-2.78469610594405026,-4.3672032879339957,1.23409614843148763,1.67654382114038181
0.25981988153077995,2.21227039152560279,0.137968367289656363,-0.842726669651295612,-0.424737049091590879,-2.28192306511409759,-0.512633951929814091,-1.8897504764162536,0.426794748663247958,1.74792265648391787,-0.239767637865596184,0.206589620705888849,-1.30814812351448895,0.173470113127532632,-0.197552689476716614,-1.74688348161476048,-1.37360164912838645,-5.92439742837002026,-0.433786023511269547,-1.96218027115477422
0.637143398182254184,-2.81164086504225619,-1.5896294168896703,2.80877318114041818,3.61905025781133904,0.366275800537044061,1.30268531525888709,-2.22420781302553516,0.180513228466646941,-3.43100839845281413,0.433691176790095223,-2.03514383257569298,-0.232389280208548182,-0.00311925360021305656,0.521446701790411193,1.49864192364127402,-1.17899105611297683,2.21098115513866578,-1.17620383681440011,-0.838988632844707705
0.334353083800778661,-1.58608719045192759,0.157158343070177148,0.508665861525511964,0.477563305900139901,-0.7581727960451079,1.2739874088355414,0.733634477937548324,0.127509313638166838,-1.84556645804269781,1.27723692500896169,2.3001759166258533,-0.113786250456607965,0.389226530392780046,-1.50260431786076087,3.47532450918648372,-3.71643766841659451,1.80433517320085435,-0.34226766891692223,-0.809136262355672375
2.0685601929509696,-1.09679124758202984,0.804747234004557943,1.29543713662562276,1.9387745506370373,0.877174514148210016,2.51022626407261651,2.44026765273866442,-0.616672850961504371,1.27101275885605691,-1.37024134987939794,0.698023704611726137,1.02305058515643532,1.25981042829659251,-0.22878426375999486,0.355348267916858973,0.763993167938349482,-6.1326498738902453,3.766771029029921,-0.580624290435484247
-1.16559470164671675,-0.751473190690008952,0.752997057226161504,0.0795777827523971859,1.70187270838427152,0.863999865663869882,0.00492109918821466777,-0.682739955108045526,-0.0267618825410270642,-0.891967215955658088,1.63678102862743735,0.220136157013203021,0.194314231537404764,-0.216889153245393679,-1.59013686947448529,-4.46617575016536961,2.11632132909432968,0.313701771672996843,-0.72710228638658847,3.47354115298028843
0.801025596672448548,2.06940812518883499,-0.719416819726540147,-1.12956358679546387,-2.5960583887349431,1.35034510535589858,2.01418035169784515,-1.32393574682800264,-0.861665180764764171,-0.256225561865773777,-0.0143498462858100539,0.709473479776128402,-0.92773128165855312,-0.383391323473454226,-2.22259379699447202,-1.11815273952871319,1.43474838013997452,-6.24616415425124583,1.94150859903709772,-0.67625194202406036
0.067908474262842633,-0.23663744970108358,2.14134513674661697,-1.11585377712838962,1.09836926809203628,1.06877707299778724,0.238072041017447139,0.426986103395942229,-0.578702605938938186,-0.835939765420955161,0.49104500920984151,-0.265257240928269911,0.549515611816471461,-0.475329838092308943,0.498629909661937376,1.90296452812281425,2.3392187509265927,-2.17896709541299849,2.43101737311856514,0.207049350022531858
0.232884658043669784,2.68348796922066413,-0.645841318696577349,-1.23840277032966184,-2.3629018890622504,-1.11627477131790576,-0.440514210726803634,-2.6755134282610662,-0.218051943030658113,0.147978972035806261,0.704622475915749669,0.841382574626010626,1.82028769341929642,-0.489533377836544048,-1.64733750268655266,0.180104131715373234,3.24188561040010281,0.65238838585680925,-1.63116651546373492,-1.25852885207375453
-0.104008641904607027,-0.754678569850956382,1.74026266922970696,-2.11266230908003161,0.833901222898333905,-0.927870766930727453,1.40769645588711056,2.76907472334100202,0.207585501577064901,-0.308681085931947041,1.03676846031029912,4.07308498687793907,-0.690468345463257527,-0.0971423150739612051,1.11346993528200722,0.810112059978670418,3.55288159795192149,-0.21695913727654989,-4.14544023171222342,2.1108119154320133
0.0686294295930109238,1.31523082146158488,-0.191121283723158591,-1.36756445755097178,-2.75417726199940205,1.84890384820284281,-0.132995082671480663,-1.36918802246150562,0.777581964111948798,1.90942406396670905,2.2196411282313302,-0.97808673002658264,0.293178479935584213,-0.126055201408319467,1.30338167381045666,-0.543265006084332813,-0.503462502522754707,2.78362976175452737,-0.973921748569265611,1.12616275989042158
0.976891991797668946,-1.85096263505429115,0.849596948585712886,-1.13862029198825354,-2.59417114128858239,-2.14031691141594971,1.20668674039109303,0.860444839127226024,-1.67066484261186043,-0.559683713074877853,-1.82134078060226634,0.723066504447472669,1.37410765059325168,1.92540162721855768,0.411790941242734243,1.9197933795821327,4.91195940527285213,-1.35808143064270159,2.38804702469665209,-1.44353254178285884
0.816147869607787069,-3.67283573979390487,-0.722002596912120986,0.972430352727306602,-3.14249585372484841,1.86515522822533919,1.84214032980436349,-1.6139824066872106,-0.127853158599686101,-3.25212231892837167,-0.197479014200218905,-1.84200104280756083,-0.887967113735277591,0.315412037799409462,-2.0896133746232306,-3.32747760226597755,1.85273359880505795,-3.62769743961194457,0.680906307630087859,1.0305472882301856
-1.46445342963863623,3.44934683996810509,-0.983020651448187288,-0.0103447442596029254,-3.69857239519605896,2.58376558597486383,-2.73520917063161306,-1.81026111896169883,1.0886288921315217,2.41889628367351062,2.43645383975081575,-0.622460078591735133,-2.29058201970209607,-0.579288396973196562,1.54774672084346543,0.270335952228910659,-0.842056631417731682,7.11684380653745929,4.84994397503331687,-0.373656985287537935
0.215235872622381447,-5.5914108964335778,0.207797736213293782,2.28058843207248518,-1.55845073255524391,1.04097721343515692,-0.493929599099985295,0.78118051112907072,-1.19098712805164131,-2.62266822985260539,-0.131871573474370812,0.0530623459353747051,0.687439568617186025,-0.571803806915190505,0.277186748738252609,-1.32164947304783076,-2.36918718957457219,-0.949330545957146388,3.29153602793374622,0.535033497973644079
-0.772646379819747486,0.598069656628523294,-1.33474021090101225,1.03606977087544938,3.3711641799387162,-1.57090391973806343,-0.41732188055335645,0.11703436539035468,1.13287375435823789,0.139407950627899901,0.323830478495381435,2.59037307268836736,-0.456071550843594242,-0.576252268252743671,-1.36006909168561951,-0.768867626414938443,0.335167697314108948,3.57819975057076967,-1.56046285574657539,1.54860906614833849
1.37631500019971664,-0.0220341193036660554,1.04005911044780586,3.98461817353685532,0.640907711171152861,0.150774653336487291,1.49859852495292034,0.538835460274846634,-0.549578414072076527,0.877598581667269451,-1.4790222784435465,-0.938899599205754498,0.033778553241109753,1.01750957139138931,-1.49519483371099837,-0.229358544707311041,-2.94713438099429448,-1.59082094835713472,0.704244404011605818,1.56008094462367408
-0.894206886975855153,-0.127999779996617713,-0.863492942958450027,-0.416574828393116103,0.0743029083579901523,0.0392038212702220321,2.13676221026420921,-1.65293316792887213,0.526470369879126654,-0.35569534094910199,2.79296544923930234,-1.25822278799336007,1.57733919814682055,-1.54075896563450998,0.267346366318606088,3.24515002068305192,1.25129986818090289,-2.28663062231659442,-0.943155297420507743,1.53549544680175343
0.107332464970383554,0.84784036636008997,1.28126443852581562,-1.92698077409693758,-1.64927491794965886,2.54312278497096766,-0.665093055891673002,0.4578711390329403,-1.2825204388187279,1.62172681052600542,-1.10225387599944891,-0.241421902897568291,-2.30300878151508526,-0.499490859082321326,0.102931572167938107,1.02325844725252035,2.59468900629267019,-0.381834625346721745,2.00544616629057115,0.744812022357825843
-2.66093705546853743,-0.534552411489921164,-1.07708875049526642,0.770176672830102604,-1.8514101406981005,-0.519595003099110997,-2.62147413685138408,-0.864421956216898213,-0.0509834755208730603,1.0596028153545578,-4.55884746576212674,1.25038607463734186,-0.264811527661272861,-2.89937668232624324,-0.60706785893469517,-0.0328315302326491615,-3.88410716207023121,2.75338905288362135,0.151675015894403714,2.68443446702331601
-1.00073858373587465,0.556111933170272299,-1.13646780686404347,-1.97770874669311225,0.110863353226612019,-1.24383297264482517,-1.83228325849392948,-1.26050732033832036,0.279551556601597584,-0.540002252557232554,1.26773218926228748,2.45142981129630488,2.31052409694835692,-0.839260562529897891,1.75689240562697124,2.06579081319174307,0.334538773332849704,2.52711860298958868,0.502337929194392685,0.213634076236531356
-0.590382125080161413,1.15252494550336859,0.567280724469094499,-1.02172391821311814,0.904428912241622696,2.82451194341503253,-0.348445664472531613,-0.223153022972511633,0.880795065356165141,-0.877992612420141705,-0.777162035085486869,-0.713182438917874695,2.28169635520635383,-0.0207014845547176321,0.169595406765922219,3.77338743668611887,2.81579071253777169,2.28007256136187531,0.96621904183190277,-0.95129468269175621
1.09745679832913723,0.156238745866855877,1.66232195984328568,-1.58291791426056783,-0.0402190709450737718,-0.371891352402187181,0.917547418276155047,1.04321095460782809,-0.49472763661903435,-0.603937433964783832,-2.07445328753069713,-2.37408559674986419,0.0813388350268859223,0.905832788093636543,0.849074161675137495,-2.19446624632047982,5.23405762130405261,2.38005666714699293,-0.91937671065146287,-0.830342894809591225
0.762488574614339498,1.25031969462423631,0.147111061572895385,0.564948205147865146,-1.17471223343573206,1.88681361334448572,-0.661545170614610045,-1.01211396275966847,0.419454949658224663,1.74296924887052085,-1.10801844475367983,-1.09997923475379,0.20178202968819911,0.731841179316840784,-0.90455607578829178,-1.25460053832413987,1.8967433868084429,1.36794894965821712,-3.10480602414344897,0.85358429299173999
1.80393703876813283,1.76593071032367832,-1.09849392422690073,-0.878119913462142798,0.329864898507403193,0.532498568804147254,-0.153853375981742369,0.713817838257616133,-1.08975569043521969,2.66468985859424956,2.26776488116441355,-1.0834899649955092,0.171100056595858391,1.06672664655835847,-0.596529137007911547,1.73198769678520836,-0.800246741676534645,-1.82574955640116188,0.214319444607080134,-1.80911842917963628
1.84449213382816346,1.44400056533176491,1.95409836542666948,-1.37380293758512151,-2.1493814017492574,1.01084783585013338,0.430313167190624624,3.5377924537146952,1.04215600102696282,1.34129553272337354,-0.675577983733720133,-2.57982737554269725,-0.915803198751321657,0.640148807387196261,-0.268211716103985809,1.71321783644008385,5.29284671447837241,-2.01278073077056563,1.46224537321965431,-0.650819837397219048
1.47451542149506176,2.73015633996456275,-0.529276484868869912,-1.89041648061085099,1.93508265847743588,2.7186669047760299,0.273813144091422767,0.130574155360972916,1.8248519864043411,1.67410729977853134,-1.77691229841562759,0.426840506544618636,0.219792614551637094,2.63244758307613846,0.471794833823728499,1.65865162113668241,-2.44947221424590866,-0.479378230890381896,0.159047180824084089,-2.4573833852985727
1.43217448426052996,2.14399631727245721,0.333851864964650136,-0.192110109185200939,-0.295761709547241847,-1.3831196876423173,1.34210461773913092,-0.909186184943638009,-0.435378170904089257,3.73444368570704111,-1.01410072928664663,-1.34834515867974725,-1.31361600825175229,2.22561943482743985,0.362754404989906742,0.382041892157204688,4.4040240848830754,-2.34763946231214904,0.713452259334871997,-0.276248118949352972
1.53682017278317895,-0.819091447223389668,0.876907049338986222,-0.174541220216628018,0.854392238810577132,-0.723339240916906157,0.124219574247199094,0.326032859456046042,0.530565298690316101,-1.81610116515852305,0.597285994176486423,-0.777189553112692555,1.09164036726384461,-0.316062050590270427,-0.143159012053597018,1.45536101277504759,-2.14244102074988607,-1.46748346065616064,2.64204870446456441,-0.866529908419016781
-0.251312490121828103,-4.87375491973787778,0.782030326750084992,0.0836623488544817606,-2.22058304465926071,0.0534111041065371273,0.169972432794502804,0.99290465252570459,-0.179639445289326072,-2.67115716205094911,-0.0949412747479262131,2.3001204627577998,0.169436679466548529,0.99823288772713259,1.30768316124842121,0.289473035106664944,-1.34430461946393898,-1.73111733823117886,1.37822725579109306,0.537311201048462972
0.373321620161264411,0.754659364157603707,0.169376703513510724,-1.74989960574488523,0.946679040909682912,0.418109561696607734,0.00538249186720250999,0.396030826993835461,0.528775167947562519,-2.0198231228131589,0.814960581210404156,-1.90695124280182116,-0.299052378572103594,0.499439612443157543,1.64650114418659488,0.186168243493536389,-0.0130599715312642219,-1.12853063672192411,1.01798459883232817,-0.79670370910421251
-0.618650014066775666,0.174006826566684175,1.68217908519198511,0.936356123888805292,-1.49850919514573455,-1.18071593188143775,0.808447909619899541,1.72070440895685195,-0.20487643366231531,-2.17439879362938848,-0.991433641489808282,-0.38548248822703951,1.24514408649206398,1.22985325348819585,2.12552079315111486,-2.67403564584006492,1.01118956345340893,-0.603448730760201557,3.70966567556432025,2.47654303268653875
0.873853820038840379,-0.724269338747118185,-0.014422491478195399,1.86745205028722938,1.65970841298748795,-0.332367780349903719,-0.0780755461248006377,0.765182788294456295,1.30207413265264682,-0.164424226203896628,-0.866973520504498607,-2.97153000853480753,-0.223797628757266415,-1.66982383386251798,0.797496369660395388,-1.49172860200836466,-0.440533000448550593,-0.0599637278699467619,-1.72073984519985967,0.0899575666534107588
0.372597792779192305,-0.879779329086222139,1.99683594539400655,1.19742614115801271,1.91173142625284043,-0.324172261179750565,2.08940858854644107,0.571809885633632664,0.902896593690128313,-0.167345564655358575,1.69805236126490233,-2.06355249288343101,2.63419782895121113,0.398421689128563405,0.19998714391604977,5.29666701060584089,2.75241328550233577,-1.38286767176001435,0.401377073613077839,-3.25393080564909498
-0.0900026329349524201,1.15883319942384166,-2.47766443535880354,-0.222941246063019322,2.49657845493769726,1.83406839107000952,-0.430034333802341073,-1.81414771405844699,0.610439824981722223,0.94785998541327765,0.897802621206601703,-1.17440621279101465,-1.59739166004995559,0.248554419973113921,-0.333281195080664783,-0.0866684781054509884,-3.20263354056644323,-0.940911736487137662,2.67255116022914141,-0.0662877447181998425
-0.585276630484874549,-1.6187005367430658,-1.33359143399612035,1.80447066752999041,0.776596694855451686,0.133248537720738719,0.911415576955181495,-2.24791056221631624,0.736785578362703641,0.106443991837038232,-0.366427587921786202,-0.0753953924460109975,-0.339110222751547674,0.607193178657554844,1.54805060587974097,-2.42976171737507363,1.06357448835830937,-2.16997155102502237,1.27552362726603752,2.41824302988891837
0.33938915788256091,-2.15999631203354703,1.70138721782845703,-1.18071650964454489,-3.09360021174324951,-1.88471650785108524,0.2366330973266281,-0.602087850294148796,0.102400856188650982,-3.13098464883553396,0.497648075497536979,1.90352139505489948,-0.982229312632002416,1.47075430030445764,-0.121030245128355224,-3.41028964329744655,4.29687671298470963,-1.40050789656191998,-0.982387848406381603,-0.266767246334056962
2.05612674252889871,-0.593404649538946893,1.40160839500629653,-2.96446815599837832,1.96546114029287233,-0.0225132549473392729,0.20324537630048306,0.265449304286925869,-1.64225514294143649,2.01604602211509398,-0.56137060376215997,-2.71066199196467217,-0.826712949774804251,1.00912814182404054,-2.11835106943411144,1.22431570141877888,2.39516640535229763,-5.26203558071919542,-2.662972466954872,-0.767066428915116671
-0.387269207835669316,-2.01665392950732647,-0.052625838524759494,-3.23608544142486654,1.04215126448355533,0.31048711005791968,-1.05625285244729294,2.69863224756214448,0.676263289683774804,-1.03892612117928529,-1.61039702627702797,-0.991033694665132803,-0.762461649446268486,-1.06245867981382935,-0.461979579551875352,0.401689219149391763,-1.95342232135013338,3.00496606447449865,-2.24369141606924494,-0.368386202683454178
-0.636762327537087836,0.383897792677933281,0.0537501639010396215,-0.828266236327609207,-0.863941495633801737,-0.434538351980164883,1.07136783477545738,0.655171984885659309,-0.533631235282547856,-0.515774370002843763,-0.444537590915525471,1.2611072595822399,-1.48896064455627486,-0.36472551098785877,1.30466279520902617,-2.62445325643673666,-2.36904853677789928,-3.20577356644084377,1.23343659506331083,0.627448905235593712
0.511745054577144254,5.0154204293087723,1.20863004251235373,-0.489868307686855742,0.00908780397687164627,-1.70725553634891125,-0.0953241764276159809,-1.61851091484807275,0.308321499832240109,2.48856772077537336,-2.92522276361055633,-2.09125138567468127,-2.15345533117989607,-0.270090193706676363,-2.51066356470399477,-2.69038083822721985,1.10195690779399014,-0.614255096467445139,-3.07838451986121076,-2.48077651271980315
-1.35678619420494706,-2.70167133839920126,2.36498595408169754,0.148544275211490384,0.74630528847351052,-2.74854145045837317,-1.62064490216047763,0.0621374576218652885,-0.966236499452302167,-0.534398933543657639,0.700718591694405424,-0.050922096986124453,-0.426583003906535418,-0.607814953303913885,2.23978279581815976,1.06210774681173215,0.728714177413266606,-0.986281335843533502,0.661546996963808476,2.0685868298314114
-1.00066193081791255,-1.83265386865280888,-0.235913952683901473,0.872697277999714971,-3.74122537252733123,0.730143065809564562,-0.414755630039589707,-1.63343624603527648,0.801026643746971412,-1.62637888738464786,5.20020587070423979,-0.0431247943820439669,-0.504856574855303775,0.113555454068903189,0.140988202386091471,-1.86624139107765563,-2.21832082324400393,2.0630064223909268,2.82494411706576098,-0.689401384401388428
1.29821549899103306,-0.49776428395623884,1.07138686423656249,-0.456927144432069776,-1.00395876101913117,-1.52314371871035825,-2.12307970489867426,0.700506609453175555,-0.525843803040618618,0.0508847635808929999,-0.97705423437207839,-1.29583604942735731,1.25743116603088212,1.74634869535329584,-0.138714870136366186,3.10107415900386929,2.35715775993645948,-1.29248002150506136,0.28755941088914394,-3.002791086299895
-2.11399888484447329,4.45114137874328719,1.52545991731818931,-2.30744472109831467,3.71721954952214295,-1.24559500220728947,-0.682367478162094199,-1.70134569205240882,0.454206674002529898,1.76877645903996017,-0.552953976369210287,2.72149478034068526,-0.0510051361629268729,0.00511850627323851524,0.640250733659525562,1.59550319363893922,-2.37209894884841654,2.13120364955168329,1.43384443987417431,3.06107478622412099
0.383230760035050078,3.54741606818745892,0.375847767156921753,2.25462996134432991,-0.472648835815813628,1.44314682113407433,1.26257490108537596,-0.560430503552881598,-2.20826019888813985,3.43254161856275797,1.92536176470995168,-1.01722790171460598,-0.854343808868884169,-0.0966538918042128686,-1.51471751176566527,-2.21999269890495166,3.1852758045013263,-0.675661437374410867,1.63335440034862489,-1.39079785118109589
0.836183504300983427,-1.39120210574468395,2.24542943475759671,1.80017278229347855,2.23441202596611754,-0.864164465766989576,-0.250884077676245598,4.39140118625166576,-0.843153113682598043,0.00742738089984909446,-2.15792799985188344,-1.73378440475782658,1.25436296547457404,1.73148742909646569,-0.196198021430316616,2.90474596060783741,2.27158714491332114,2.32685459944353035,-2.23573601670182276,-0.889421156075324015
-2.00681762717567125,2.88941537782085911,2.46196206091948167,1.83128732339041211,0.00214344891409596868,4.19291982421094289,0.118900396167316763,1.92118395218194338,0.870428688094590064,0.549416879979420347,2.45865677065932164,-1.1912492772373946,0.403154181437143322,-1.39458214773064126,0.774290968216277964,-2.4006782284401651,1.18224228340068827,0.84564481181688389,4.38839543507255403,-1.80929866944945239
-0.379818760134613576,1.69187211817314398,-0.733428926978979434,-2.86046165226501614,1.55761975129506558,-0.208710124978553957,-1.75139078982068419,0.120516808158277131,-1.1578560018599795,2.0726062034682049,-1.22663559483414319,-1.68397599683317667,-0.879012244319717584,-1.5201104587047829,-1.21861278599254463,-0.503399123873111587,0.128796739370149765,1.8183921867648023,-2.94053029383970932,2.3809779611468378
-0.915868993559307065,1.7459945771537897,-1.00028019220266007,0.881171359648395436,1.30744618303997973,2.40137328265139427,-1.00028423505610409,-0.610775063918241212,0.229821951070511593,1.93858010840184747,2.53284921492981718,-2.3822321684230392,0.313995987982324365,-0.347887444981649085,-0.638458564731697265,-1.37454987644992443,-0.183372512966245904,3.14828434376707644,-2.61526414056191125,0.398828154713672278
0.230835360203187068,-0.728089729960326615,-0.206458980192016861,-1.16570495394462847,-2.03638565966063867,-0.365995943962440062,0.363181449983015936,-3.02340835747740488,0.709590659332225204,0.0688974368365723178,-2.46903838923237018,-1.84715307252126348,0.310919528566091063,0.373326913790619164,-0.0799652740749903918,0.625249399279021012,-0.101972469375831945,0.529660423026088178,0.342876150752517928,0.498951656843538205
1.56190073187758505,-3.58447554714799077,-1.71366227286159045,0.926176796322491835,0.774213679377941721,-1.54369846107387687,1.32449783641616836,-1.6450756302528291,-0.142035185791880125,-3.32517518888730956,-0.487922035770548768,0.362958927646715779,-2.09876892326712428,1.59740093957040097,-2.89660347577070398,-4.60542717379244948,-0.476632106746514461,-0.369767637957385931,-4.78880696104187908,-0.482562628285326145
0.266815403953578945,-2.65346348137463384,-0.193414145728872638,-1.04228398477322726,2.91563023430880763,-0.595985230895613061,0.418912092557820748,3.11407846132592958,0.379819581272507811,1.597266459291387,-0.421754044638419645,2.72312296892410366,-0.658201896176754064,-0.246849152695711005,0.574254746173256114,-1.25332477833926847,-0.605963654430989318,0.495040589508441375,1.52709861517895495,3.39215557698630388
-0.610817017997643874,1.41329742369888334,-0.659358074528243909,0.126175208924853371,0.957271266971709056,0.82365215513689094,-0.640114615716486979,-0.990074289345411196,0.921350357591672386,1.31243320825390231,-2.1539398848014133,0.780940774345082578,0.897416696648280277,-1.81230173006115147,-1.53701295488195977,-1.87543066003031988,-1.56892383691628634,-2.10039981526711461,-0.637203328182348705,0.19660820580824484
0.45079570440763167,-1.20182630740525798,-0.569947016061892575,-1.09726057318629278,-1.75714693546949574,0.710440977748806879,0.847548761095510694,1.02594885702217931,-0.999300226156759952,-1.51959181316955716,2.85696846446293407,1.38525156882638445,-2.247181639869134,-0.170294935548984505,-0.200451013350903762,-2.16747073551992209,2.74351831305948091,1.47108762823287376,1.04892994352072377,-1.81054565542850265
0.198600591808952232,-3.84232719647223364,1.25462249952024552,-0.76664144482686214,-0.171540578486859052,-3.35843496607078418,0.796239630008306332,1.07886160350455373,-0.0646585177372630965,-3.29819517989825739,0.484091351671965098,1.19434018004990317,0.395026315411564799,0.318567474895845804,-0.582008381368003147,-0.531967833678209545,0.667757898788389759,-2.52831468226396083,0.217714957843846729,-1.43213330871436595
0.328883198591194748,4.77470936442367577,1.16302407946858022,-1.60635001330862215,-2.77015288019723371,-2.38156425179312325,1.08875719246074931,-0.691443471804698007,-1.20694627344056316,5.83839046222667868,-1.83965665941718592,1.87312844832439929,1.16277347624761962,1.87480450289591705,-1.44840043631084914,1.58811459093193608,3.81208425530524364,-1.76519330536330532,3.05042111435826291,1.38827883286105669
0.984255482921078229,-3.02377905831616056,0.929968424849153541,1.18539600815277146,0.585758182375117786,-0.74839071472500307,0.532037134740835693,-0.0983064247329425711,-0.263614412996243885,-0.967800257688004484,-1.63123926433971511,1.26425078948667879,2.09181314160474496,1.77715428524966423,1.02333428242051871,3.36891080842169144,1.70525841678900858,-3.24592394284306129,-0.935028810004863931,-0.86742999659778508
0.677038007773885675,-3.05750887756861633,0.592096159381432341,-1.8408224005915208,0.310158714303066796,0.430329164465283964,0.444649248333546687,-1.10093850537251337,0.309413684693028046,-0.357399172765547501,-0.247556647988235928,1.30806187366231841,0.014346654036452914,0.117168247495638519,1.51302798888986922,1.48350392310493451,0.606097393432987186,0.618923805666337201,0.553022766927328546,0.344248370921898139
0.976888843875904467,-1.43678859987565533,0.0332183585066905054,2.06431919048242385,-2.19836335104394998,-1.08355902937489268,-0.737752641426121292,-1.02080439716318194,-1.08192751155311995,-0.692036306634499998,2.09862320625702425,-0.326635112225685864,-0.937938770019676182,2.21012624868970775,-0.106277976106611924,0.145098277062471748,-0.732572122941006376,-3.17973778687807096,-1.82185899258312367,-2.27131880182193324
-0.335550851779255976,-1.16350439017419327,0.950627576677406272,-1.08973518108977752,0.362420298396176899,-1.12954322015053199,0.119899627693619656,-1.15482735620940402,-0.156450195852982116,-0.198557250760175608,-1.90637286277594731,0.917471342361497855,-1.01426198081788477,-0.830060727177255764,1.00909089907623395,-2.59513352750586135,-1.11573400924791422,0.150801371624001368,1.68799650877943153,1.65959158002856655
-0.402644996586893456,4.32491180859016922,0.564324052290709699,0.673457930403341787,-1.82993293268976065,-2.1031782010009219,-1.83253658362912297,-0.943069002593959094,0.964008482715008164,2.13185229149840305,1.6770352151420993,-3.72097018916583844,-0.978676399909563899,-0.0139253540380767232,-0.0750241604148437075,3.3562415709822413,-0.706735462033605599,-1.53438208409126764,0.26319387273474254,-0.853301486800048137
-1.46604680914676644,2.08884732581050914,-1.86795281700977611,0.909152031870042787,-4.31466180259968279,-2.16488806537432055,-2.51235015927815919,-3.53598545136670417,0.610392105235018079,-0.16849824791216253,-2.74353233269579855,-0.40726898631058378,1.868111408473625,-0.801811080911429053,-0.302840038014444424,2.77188515843761474,-1.4878816374388808,3.41793124447294794,-1.16974672936785962,0.859071901035628693
-1.94369754488977264,-1.25113887157428394,1.80820090362786523,0.877424478578806899,2.87906130318219011,2.63651883572715695,-1.63799210407618667,-2.02374333988242983,1.73037858564550984,-0.231294990203110284,-1.22671642533337044,-1.4099601326257889,2.79270672950297216,0.815851610643531955,3.72091270245142169,0.531995350468133732,1.32149159235807057,1.73740019573625748,0.918738348803351923,2.35833643602668008
-1.49232924166877301,-1.9050319643701803,0.609059810722951345,2.42000954590789252,1.66905139760348287,1.10142327945493079,-1.57754962974323298,1.88407054136440144,0.0848620891808777172,-0.311539267633715367,-0.945670718223273199,0.587834900611798994,-0.277038259801646203,-0.336867688974322232,0.99167574870034858,-3.33511905410265852,1.35531745134701276,1.57756373145920481,1.34854044778009774,2.94580816476341889
-1.574691880126321,-0.984693484887263493,-1.95948345961382064,2.16388151457565936,-3.356576657781563,2.75271020093840679,-1.04731224368278619,-2.22918402158172535,-1.78977413928191975,0.606791605060977957,3.64266806724856851,-1.87209332227271585,0.9382304562117596,-1.35424296320143056,0.35796864425321645,-1.63517962737360079,-1.19148681497906894,1.71595633187302421,-2.28285881701095006,0.816960722041644605
-1.82151982837751958,-1.91602982849496728,0.508683016214430239,3.49892438193776556,-2.08567380877149988,1.89018234903570082,-0.849151553136524906,2.42894711520116813,0.147159646618545248,-3.06673153096356632,-0.456053321269247802,0.809106063126118547,1.23323562262263176,-1.37042116900675426,1.04574870335256032,0.122358474068870557,0.309184370927226448,2.79813138893329461,2.1383316453341159,-0.484159599196023083
-0.384782761536091422,1.81982643516386777,-1.0673438012466625,1.47005378219765115,1.43198099758017272,-1.95976771782774084,-2.28502313576602178,1.43432445503373485,-0.981353600348525812,3.48511345914441684,0.266574235402346926,2.55666338617281275,0.680753377040266727,-0.328328816340603791,1.25200016488787624,-0.132064498629846261,0.348747970260724682,2.16493738787611623,1.41411625804569185,-0.121044989648252665
1.36199523193153005,-0.0261570591984978673,-0.378576469097739621,1.57426795817513532,-0.849977974005433623,-1.08121629888480997,-0.305544175504844251,-0.275464486920852791,1.67361821035261715,-2.37771929270271754,-1.19555790485383695,-0.773916345662519767,-2.03182480130073762,0.508136495889632833,0.492276681950539308,-3.34023192265099755,-2.10120056578316738,1.82895765280565747,-0.558897934471534574,-0.858834504202952487
-0.274420786141784279,1.37704280165082249,1.00215289474157454,0.671468209460898691,-1.42786259814197991,-0.255547166940559733,1.38267517844311127,1.56321064031735291,-0.3232360486013372,1.61520463446237672,-2.05821819801858608,-0.398960605111858269,0.36466322255087763,-0.353358998320345952,0.639044678559252621,1.62324275371890381,4.72424016153434856,-0.189329013859269868,-2.00117219913577804,-1.82903895186702448
2.21805257803960032,-0.235542567400157804,-1.04371878558152198,-0.912450808532830226,-0.609305670149760781,0.0584489837724812694,1.07767322100492491,-1.70143771918089204,-0.298484049326905476,-1.08547338076157551,-0.322408446083879752,1.60417018012269263,-0.250547600308641538,1.90933181498847904,-3.65474500244184819,-1.44426526496984442,-2.11594978306281645,-3.72982027381815096,1.02460259215434535,-1.86331367565925543
0.00291283005980682522,-0.0461650907249070985,0.557830872599853311,1.23592490795312071,3.6288588441088403,-0.154818638850995394,-0.864746951683200815,1.50496983105751703,-1.36771986198776418,1.66164183254790299,-0.750314274815594318,-2.33129718615814685,-1.40552396784636802,0.72108824256045656,0.462990877136367385,0.045658129110996773,-1.01116542236769513,1.39169686665623749,-1.50961812537099704,5.10320809312390811
-0.352125670739624308,0.488878173319273801,-2.31858235486490338,0.759503326811087009,1.69530086053214513,1.12751103058014501,1.73378918751909472,-1.62978767168493688,-1.25458225584718264,-0.745637379595120775,-2.5448311768694003,-4.90062896327627673,1.01358503969832725,0.242556147714243858,0.481257587199851844,0.962342427441213677,-2.14819217871007107,3.08577106095924014,-0.215719358898099345,1.18118138352233659
-1.73413278631696754,-3.18032577239874525,0.504572146710029368,-0.705349369754706634,0.445410225693957385,-0.47915376720599151,-1.39967261079558258,0.525913650742398153,-0.333142339631336826,-3.40164820565601955,0.315408124291985781,-0.166151851887068491,1.05107953776995822,-0.346531185839561051,0.8521427996762867,-0.719000059959672755,0.0825123744836189638,3.17121974643939364,0.796520877190037058,-0.233395755731739402
-2.00786988120600318,-1.38710614096392959,0.176582929808074468,-1.07193974948375237,-0.0311400901932862746,0.504065562122388511,-3.92567852651345239,-1.74331611144501064,-0.346411483849743129,-1.06311462995342909,-0.925663953557049335,-1.7535406753941376,-1.07375954253519557,0.0181542881010642969,1.38115849089374554,-1.02930154144761876,-1.8833152564265101,3.33952608283912111,-1.31076254385314095,-0.604046805381177387
0.76789614117197047,1.01621150949872763,1.04189885365971824,1.54652521647955576,0.00696840370151044063,-1.56568747124131269,0.711133819190177374,1.53170560901722874,-0.327212264897817129,-0.562966003361683898,2.44437516414924927,0.640717388970904578,0.166919418945819326,-1.25205297651079173,0.96415053088720104,-0.253793023136032081,-0.995283137878144708,2.25908171330257979,-3.89477739226497155,-0.330787562782606959
1.07462625352664309,0.33447241856226273,-1.11993399787609804,1.8191024571328176,1.53881692910051782,0.353365904738358716,2.11910344904646974,-3.2181018220039217,0.864045108624156177,1.26414258293015558,-0.254475577218510995,1.69520626732835877,-0.300638211331346605,2.66791566882796971,-0.889624830682430368,-0.900170499379033373,-3.16129968375600523,-7.35373567981329312,-2.30495629622090448,-0.535090315321408605
0.879627506486449273,1.96599871841010443,1.35161365445566806,-1.03076973147931072,-0.89064027075821639,-1.44618937423675975,0.89951533029263997,-0.22907996937477304,-1.78079618652544602,0.284548844509642629,2.79997935920438223,0.722656965288849928,-0.574224922051346232,0.270600819896576528,0.258630796733820278,-2.94195528310045429,1.96256377380083813,-3.38372969378281452,0.492487640735589483,0.231227251876021667
0.464003490847007816,-3.1185111961811276,3.27663330425456145,-1.16210436573156128,0.492780201683991725,-1.07654005787133267,0.793541182023780767,1.845105320021178,-0.725272263804474959,-1.07614993358084043,0.637853816371346083,3.01211766240115697,-0.899382906771678092,-0.79121552420999397,-2.87339288576501017,-2.45581529898921946,4.19663975305472903,3.34766716028233935,-1.79550520307599548,-2.89904907604624418
0.461846705625720388,1.24592908935755586,1.8242368963916713,-0.0182135545972840276,-3.16664328789166527,0.241557760560457246,1.6119954937528449,1.48454247153156094,-1.40851000894391687,-0.4528498067757315,2.32028033510228981,-3.59994979954250649,0.107937183014790342,1.26872957478778425,-0.739149828802528552,3.64583499233153985,2.72782526301483363,-0.876447608410873658,0.343295316141175311,-1.69203994586412132
1.07370604393978186,4.54147033053523952,-1.35275395046164615,0.734380002648436281,2.4885413639517493,0.0381912175159623349,0.416614386462437758,1.2305725669668981,0.800672563094059653,1.91672891539457257,0.118513611138351321,-0.650741584271951723,0.156218583654327642,0.273557093925984818,-1.87881340482998449,-3.94654663019821017,0.00288363407936619975,-3.37334751954723755,-0.0573228214379224235,-1.17987761235291666
-0.794820867389319008,1.58699593175003795,-0.0338850867741923925,-1.49838903249785393,1.37904658721919371,2.52422381036577681,-0.519043015787840734,0.689472304845317741,0.883558507418993,1.96798887042465109,-0.792225002954879298,0.647048907135296059,-0.986263330538873828,-1.21267083570859602,0.757807312487439599,-3.43767597876881181,-0.275866828770536421,-1.77662286731536745,-2.75966127599164501,0.661940863257443279
1.56308797477601558,1.20322272234220384,0.754812109097379391,0.36368208898503035,0.0291414500885449519,1.05620587480680039,1.21586252974711728,-0.465254228892311272,-0.375709585667306945,-0.53683057804711487,-1.99904468002493685,-2.7374036675774529,0.531287558407155691,1.43707323793381558,-0.358630576927923106,1.81492217412431445,-1.34473774729310125,-1.08486599567550646,1.72443558217534609,0.115214029153149544
0.242472100984311878,-0.516066890559893632,0.0448043716820985399,0.67063113734005142,-0.82011517550598545,-0.474669404033752462,-1.21253057254098628,-3.90009036949726218,1.36828618351590348,1.99095830931461548,2.28199990997758118,-0.748639329708182921,1.7094462239650059,0.0203937103141993217,0.253310385951055261,1.84291879497787758,0.426287128195380449,2.61861993459986531,3.46084002019247094,0.411271481777345016
-0.778723225920571638,-0.694100704295027793,1.29703781094979775,1.7047770547361718,-1.43023732991432007,1.00579729807584761,-1.3933881076421184,-0.168193905479118111,1.98876392409638125,-2.49297648565842511,2.46509423468360156,-0.249918050218336685,0.534667140202998548,-0.394061488736800691,3.58634156009146787,-1.19893546330956835,2.16441948274774942,-2.32019539744984726,1.0076748982003163,-0.75491479646693993
-0.230486104580340634,-1.77325783485358213,0.827959794007623207,1.94371089049578916,-1.60410126206619763,0.86280719203035261,-0.902342052017621188,0.253755733980697062,0.21122120259737881,-2.31090098534713739,-0.257763580491788769,1.03226459591242459,-1.40296980502317448,0.666593668230972325,-0.397688632077554227,-1.59859945343319931,-2.17156646859752467,2.35257611909205266,-3.56491533307909458,-1.47247382489339351
1.24053315822583676,-1.31332968455895216,-0.00937121558993620103,1.47466924156549428,4.32116088443074187,0.195699231898281312,0.719517483268654279,0.686704915495146895,-0.784887694227082044,0.905854148868775688,-1.71869746995456896,-2.20420465501462637,-1.9250361461958545,-0.302785461825054669,1.01515046718303514,-2.65585316806760785,-0.0992177710197234136,0.496459997579727641,-1.94759780135289895,-3.32712446414199414
-1.19633803176797171,1.65778909028198873,-1.08443317201719269,1.30234480113801432,0.915975514857993445,-0.305361368148206636,-1.50925284022436013,0.0721161872346621491,0.777037515231493114,2.14346101439614278,-0.580475596471082489,-0.212961666934696314,0.371771335677271941,-0.223170740518912447,1.11228144892141834,-1.70578076123143219,-5.50185050305824852,-1.19589145903424288,0.843329954398709947,0.391064580048302302
0.717712900993607072,1.74361572615137383,2.30088844499593881,-0.953124799413244461,-1.29331548614714431,-0.432861474943963931,0.439121297478892114,0.462809588381513148,-0.306878255888577867,0.842271268071940971,-1.51262117416915243,2.36123692707161492,-0.179643190621610299,1.37964046302098198,-1.13414654845748153,-1.95135240607196359,3.27776952675399391,-2.39766297454316524,-0.927923354142484946,-1.42938267936893237
0.0262991957329811211,1.25163578533857622,-0.0977899834333666451,-0.517908803145555652,-0.386762454332255645,-0.744268043203078267,0.1119877743918435,-1.71282175928408131,-0.992066458707234644,0.475270839983929827,-2.38306208900111027,1.20089897088493069,-1.04685026380937685,1.48159381361796916,-2.94490390720955153,-3.86511104955242724,-1.05711285001790078,1.87788264797964377,-3.28528301760181041,-1.33178466855884858
0.743795842531358442,-0.639761664696014032,-2.85277409237464363,3.16643135255615782,0.804562150235661799,-0.570988297502007858,1.4447329642135287,-3.11291301911260021,-0.788157004647708104,1.19133279783277857,-3.58703100850441459,2.98980049484602128,0.358522478235754394,0.827427491570846829,1.30240251156448861,3.00631209965306834,-2.33715356286798315,-1.78766614331933327,2.72531403078742152,-0.780025416308051001
-0.27862956352380186,-0.377290426887011476,1.47317927773634794,-0.492722890435065952,1.71360157040490169,1.32985308238000877,-0.00657388501125942548,-0.0885207880515919976,0.918181403654369954,0.0850519843482410581,-1.59581303306057598,1.82190410972482231,-0.508075304281276341,-0.84124048454953515,0.391407628486554637,-1.96845731931628709,0.183579990284410882,-2.09535132887422204,0.00544269650974032147,-0.00625618463901889826
-0.388517783624787505,1.3536114841096234,1.59432998372339951,-0.243411826634709366,-0.811839927742203704,-0.798376616383261628,2.15200756256862391,2.3675153172121628,-0.46758023020895173,-0.217309983242777782,0.117345584914247833,-3.06203879645814814,-0.453029108203095443,-0.162601126473903873,-0.129018188379070781,-2.31438818506046262,0.29549381465894603,0.839982942024029122,-1.50654563271040098,-0.560879150198205889
-1.07676779499793307,1.14535810952490458,0.285286473824627795,1.34861908990956869,3.46757364220068176,1.17439360475724985,-1.50192634624878152,-0.558005444313087184,1.61427243844542412,1.40951839598964601,-0.0417550293955751273,-1.6427031278102,-0.769443792824482609,1.07797829445830184,1.64046963720544592,0.464065890312488849,2.6293279282515396,1.51525048113674354,-0.00585655970979911695,0.705201521784207586
-0.632032758965517139,-0.264039501464191084,2.90142191938866345,0.32039513839556244,0.754821764782824478,1.21293531786668063,-0.809298391444716714,1.58503694924063199,-0.596524949360798584,0.962627328563568696,-2.83377371695986779,0.882613337284987587,1.80111839086437953,0.478043718028030362,0.480853633670813962,1.52590220223917039,2.42645005447517725,1.16492956245388379,-0.332234773621205681,-1.23495860551828129
-0.146423128764582189,-3.65337753871025717,-0.69889364898940598,-2.05086681620388722,1.28348759267144596,-0.0247730798909294031,-0.146074566067583456,-1.6012397711033548,1.09504970028140081,-3.34919358080209451,-2.50769321247919486,-1.02398819049293799,0.795414224782418966,-1.43741253760831311,0.786756331301337375,0.943876528675695825,-2.69013126384777435,4.26095374037005659,0.750013097390575312,-1.59329450099325509
0.407729542041595061,1.48189424732512798,-2.34558501095647243,1.89518606115832622,-0.291224992047670439,-0.234592945722271601,-0.144981152932342316,-2.8974641235959977,0.438926433001655236,-0.432255762522176623,-1.18506370191616184,-0.135663357754244346,1.65082834163334646,0.750579782350039082,0.45467070406897081,-0.32032605441895845,-1.42969575409880534,0.858696342281634384,-2.88620417265053808,-1.96511546081039201
-0.850730526532309184,-0.806977573081009147,-0.0734300853367538253,1.74347236081225554,1.04562830508154359,-0.911581040747993732,-1.4542378872710171,1.37509286748898285,1.34104426884199768,-0.346947353289951299,-3.27338546796797258,-0.528733915439354774,-0.0144378531136978641,0.111388160908956479,2.85027191025716764,-2.63056919248197074,2.06468924665420284,0.401951780685611826,0.127751366329428934,-3.17011388429040508
0.175256059268394465,1.26528488610657974,0.853175584613641624,0.606016519460373271,-3.55567742906469997,-1.51099766073178077,1.31191516928931207,1.72461655683563553,-0.0154224926064485349,1.87574959811754827,1.17320049261365145,0.920465598371745908,1.66937632072779585,1.70159297367980988,-0.505186638634092966,3.41865815891175506,-0.552315529503176417,-2.6111152337210366,0.263240575921042108,-0.109361348177663589
-2.00769357501346857,0.761803013641342508,0.111116836152234874,-1.10822312216277563,0.147600177112502395,0.882711160237604431,-0.670275548825810086,-1.1371885975291669,-1.6875721233513481,-0.201004908678517641,-1.87685663869511687,0.214469573494953547,0.905371047070778534,-2.8303444198711003,-0.962564424662240903,-2.61850654787396442,0.175648857392490781,0.104332923553132603,-3.51556959017584347,0.847658358906313136
0.594465360995625414,1.42727346350901985,1.28861302091607199,-0.357282607023371335,0.393033129221611599,-0.582620422776790825,2.29915522546353834,-0.0786680364410156791,1.27102264555407807,1.71202309353607407,-0.333891469150398801,0.222925887662270256,0.179577654574477025,0.686978496289502694,-0.533162490208213602,-0.690234693356352791,-0.67955184766386989,-5.24107134949961395,-4.60727589996981379,-1.52000834262852247
-1.39018009089197836,1.22271457953381701,-0.00284253068037282645,-1.36280590901222376,-2.00115039020826391,-0.271968920924916369,-1.59299607378754926,-1.50067216309467466,1.33859878685365308,1.99636745323396192,-1.92147563714635439,-1.06326788341358824,0.468350508200572113,-0.602873647852659622,-0.995071224380694175,1.78081865254092109,-1.50558438800713335,2.59018419700917857,-3.41352123763490356,2.67602237631325579
0.533754493470481761,1.76591379492598355,-1.1523595276685934,-1.38667742636702429,2.06052506348551123,1.6515064580790022,1.02870429506131011,1.47409067243787972,0.75233966104910277,2.78487839854033892,-1.57665001455530795,1.14993610627800202,-0.504115816827570007,0.497082400128880664,-3.72974386935357449,1.66720616140986833,1.90086561672326626,-2.54310927569051071,1.04642822602302243,2.87115048660620653
-1.07648204331325248,-2.22271129329708694,-0.313283417962070154,-1.43904277682306359,-0.897016477686575553,-1.26760483031064486,0.958278615032722159,2.4542068331965039,-1.01487908353543554,-1.56500091538343855,0.883065399245079541,1.70571785309426049,1.33653473973850345,-0.0200438913289560615,0.701691612931450881,0.765964222995927702,3.49227909940248615,3.95698453879618128,-0.981032200485875805,2.56509718083028471
1.30253583429536035,4.37887095794856318,0.59063042345920358,-0.507175398073172135,-2.66400086702200589,1.03454426820536249,2.43120280279741685,0.532147267011126579,0.0247628738421418193,3.08940433359362521,3.05667947767187753,-1.75193461937755957,0.978277817658033233,0.9096835286917343,-0.568979311334743665,0.152658625941306081,0.843409069159584024,-3.16414525660556878,-0.660389613030492151,-1.12051974381135566
-0.220350724546604315,-1.22443189070160674,-0.742024198118776401,-0.898965864211196397,-1.59428554061083894,0.19642174812106733,0.178671243977149896,-1.63495716113148659,-0.718008361438496667,-0.913654382847813085,-0.0760806093719741117,-1.42440897898263841,0.920448025303705619,0.778964156454157508,0.832505627348881005,-1.55705485469925042,-4.2391770960376407,-1.60275585715278535,1.73905730596789176,-0.0786207444076797435
-0.152449154780082113,0.620874241209817712,-0.150569729950671555,-0.00301226089012605761,-2.14207560493712945,2.52539507857156886,2.47504881937837018,-0.809290904283707868,0.249221447988248718,-0.415102191496084461,-1.80102233259132838,-0.488186604807432256,-0.640717775829127367,1.60667301007402541,-0.697969565902172295,-4.19408994935034851,-4.95945943051100002,-0.591109349298426956,-2.09423098067467661,-1.27660163925889591
-0.780785707587979938,0.37450770524248167,1.87688628780517131,0.407242785060312806,0.703079071852029225,0.444396362274934065,0.570009281112760058,1.04324504848067634,1.94576266980041579,0.0269399097156509879,-2.07035075954291603,-2.3195937140771985,2.05994083206089984,-0.669473436101047481,0.94596948489078192,2.14044167924877193,3.15334191952834875,2.49774824453130195,1.63601400832896804,0.67052398942986402
0.459525954235920908,1.53951554270024515,0.0785102440957858305,0.657733886510428523,-1.00464209307909424,1.90695691303508386,0.593521820420181645,1.30576337033851875,0.708731916472728374,0.291106740300861644,-0.268515731455943041,-1.27214408788429667,2.15460305790106021,0.673491763855832759,-0.380737768882039918,-1.5107645433008261,-0.0404825207377782909,-2.14324252590293662,-1.51446384893012875,1.03364830730452328
0.88865507094823748,-2.85153029759540111,-3.72344582823261794,4.14259880382408685,-1.70088107103118902,-1.19735753698493674,0.413675454073616833,-0.743403917966134031,0.0833005165699832462,-1.87137813468921377,-3.81352425558167552,0.474332040231986884,-0.49911022143717676,1.22838127379268469,-2.65219609731975892,2.38078743718548891,-5.63549479500776052,-1.39091837508374705,-4.4013587736841675,-0.665678131433555365
-0.158608329297561745,1.09471919806584816,1.10477923316026549,-0.115584887023370442,-0.79010135544788529,2.06505227954169523,-1.16616236339265145,1.30388852684530598,0.711380650353968469,2.63830678772851668,-1.64364844866175819,-2.79754090316097637,0.986729433279842749,-0.474837985131146445,1.43268152483471156,1.35828740161529304,1.14640732830499936,-0.28629299896575211,1.11135847934746423,0.527763777834527659
-0.688696567238979651,0.301160736896060266,-0.15335651507277992,0.912679596541964955,0.229354756436820462,-0.168693302517497867,1.24352581129713302,2.04554644917066897,1.47849625734692292,0.951879721423229519,-1.44111279549486615,-0.984478932413411001,1.56943362037674961,-0.068130875802821067,0.893395024256623871,1.2631842086871512,0.897418439515058952,-2.22913636966603734,1.21601474739144311,-0.179253235676451739
-0.263424372127708362,-2.40993221653942813,-0.494801353565517521,-0.580301582040756214,-0.480134068501279099,-0.547198916006118918,-0.722736486233555131,-1.2770607226870041,1.30764753024467262,-3.04888974107242561,1.62426803185957014,-0.163286487789696649,1.73075103022981236,0.845016936405216024,-0.568580403926791433,2.04009088107220071,0.407401190032159577,-0.603682810418165183,-2.58629670513858034,-2.60226089156479068
1.01672508168489717,-1.84224943342504988,-0.3707236111205508,0.861079257806368181,-4.33311596618397399,-1.42878087905016948,2.37358847591880817,0.309678532918698401,0.744036129120136613,-0.454117018945178474,1.72499013421546321,-1.07256761459695293,0.931549836389306218,-0.125578781065080775,-1.7156241348072041,1.08400387755944783,2.84007429229590258,-0.0165567801664822309,-4.50434263438829596,-0.299690116396013118
-1.15366183653695153,0.949101387747442904,-1.0159804605837659,1.06413087909586035,-0.753775007710004608,0.671610147593006968,-1.64358932288259441,-2.71979833125372616,1.38266789266847856,-0.433005297956788437,1.2370000528955043,-0.828027434508803006,-0.225353979306970709,-0.967406971022485962,1.46089590058424701,-0.918822823318945936,1.55052070673145614,-1.29175241525439444,3.09567836473825508,0.937984354726457692
1.05403261678689386,-0.662503228178289216,-1.19355489556821381,-0.319983702005218251,-2.29783619218351776,0.273418526335971579,0.310266089665780176,-0.946918814749937443,0.77535006503364734,1.80924205062761123,0.544468891969117852,0.0427768276309793763,-0.341988807265400874,-0.341331504503832595,-2.65077635583418036,0.832578386176934582,-1.27600261816879734,2.64923035328631507,-0.0770133002727759058,-0.355145551184000208
1.14325586492661979,-1.59726616937643473,-0.0146542187147922706,-1.20888971298028469,-4.93082353490697489,2.11837992475095804,0.200433738339533651,2.96339606191167393,0.150827960489877039,-1.04643324301678464,-1.49433446842346829,0.518448395250366012,0.00398193408210734123,1.34188338668547003,-3.6293225620392886,0.360112114082160095,-1.61688258692491638,-1.34575456822612116,-8.05546021631811193,1.78619226395904063
-0.123454170452101844,-0.153979228129735218,-0.949337093420655309,3.20224385592856198,-0.847255803922530082,0.950379378442545275,1.06080386828000695,0.723635711115611979,1.35432066210278856,-2.14880467819536136,-0.0763199488642808815,-1.61639240093374692,-0.736923842699588216,-0.282367734025513684,1.39083491654884628,2.55337721906976922,0.362704148684711958,2.96726013683077294,3.06379364598112414,0.972081763057866421
0.88846041396964659,-2.50989481947138549,-0.0386743432494033659,-0.321580368355555091,1.29845159252112263,1.82356825227277275,0.271064916024247704,-1.09288404893722535,0.413097851143901795,0.290454338722323069,1.17602253186237471,-0.647548485428515175,-1.21864029464452983,-1.28269837306699963,0.0586062327978174175,0.23999655078859794,-1.98192131201724675,-1.11853560381554229,-4.27892924224812354,2.12188203693242805
-0.229594086108569156,0.492497092621194676,0.301905909906061809,-1.77257424159650223,-3.14438758996838708,2.24378519753707195,0.739354256507894547,-0.997540876633319029,-1.32911388365758287,-1.25978983832136371,-0.628970263887309144,-1.86042293921900681,0.210436356505409733,-0.582495030087130106,-0.72836481961104782,-2.04497613509582843,-3.87963214697046554,-2.00502888602126328,-2.92845734905262889,-0.995155174340675019
-1.55548593964299897,1.59795779638627033,-1.45705749936218543,-0.121581630037722391,-0.80189849728516549,1.20083630929624596,-0.901051599634332234,-2.71296791290976413,-1.14625061026284292,1.00869289983552601,-0.884645626460820456,-2.51865428047357964,-0.646931108168505742,-2.05891830119773811,-2.17352655935164663,-2.30515027283998331,-0.246276117719957582,0.31835235324878175,-2.4365109715980271,1.62936234481240327
1.00547351263085538,-0.384855303870049736,-0.666504745124484099,-0.358789335611338134,-1.7907410973639204,-1.42786734156222384,0.840963461957204284,-1.30694074946911587,0.452906833707710677,-1.01374606766571862,0.0516117826649439282,2.95067959982152228,-0.271999076038655585,1.16866152481186747,0.434476051148465214,5.21661172451570554,1.66153731529838278,-0.711668753101885709,2.9441888569691268,1.3256699636067113
-1.30247242897760795,-2.8226989647287235,0.56746033130237461,3.18044107554023592,0.0949131734100726182,0.184693817348667022,-1.59183402179831979,-0.001736010897813435,0.465163926532461247,-2.98748946434889806,-4.14221693055764195,3.29147155897881394,-1.86833177904060332,-1.03941970580934062,2.62350475825190266,-0.479032504618992883,0.773141606844237272,-2.41170091313981683,4.14461056173967801,0.904774850057132762
-0.0683389182959853458,0.16018614355381669,-0.0175439704073578374,1.02166202003443263,-0.622593312301024771,1.7732227412046897,0.915064875859445515,-0.708124547922630576,-0.168325756082580269,0.838104183015641935,-2.00433452817184499,-0.427056689754418961,1.87144312718183614,0.0917568298905192953,2.10475791138926516,1.68149710719440382,-4.32347770942797105,0.111971952710532119,-1.70141909829268889,0.620598690128872699
1.40035283841479119,0.441553820837237154,-0.616851658301383332,-2.76674565855607257,-2.2022026820297973,-0.0155972081920339577,-0.376272188520393236,-2.77672387862685133,1.54450760949469057,-0.354939934872020024,-2.20222988892808091,0.0927061851886874094,0.891408433137292455,0.300832785949546155,0.034859348631904874,-1.14652877227390815,-2.35928046662300384,-2.65596986811932867,-0.676359152740459546,2.55119320419243945
0.662605069856365803,1.02508070669133811,0.741028616252660588,2.77792628617681148,0.528738159545255937,-0.787200189330037547,1.64292512727748141,0.382707127203306019,0.851268226157748442,1.40547332074867981,3.2463290163520373,0.76906587504027657,1.46857794323528035,1.22101183134865043,-0.601309875264461446,1.45394907226734205,1.71730049621714387,-0.136132316768064698,-2.26769089159490944,-0.170844441695560428
-0.425905728626566671,0.145116978444957939,-1.01308631375230718,-0.0136088108251212082,-3.10581518727535233,0.3278758192122746,-0.78673213987138868,-0.761372276767406708,-0.362790797647723373,0.954694304154683371,-1.77744306920425399,-2.06909842671183375,-0.00744751593720618769,-2.22376596566008455,-0.257215773706842732,-1.25045333599164055,-4.43979470608561844,-0.796181742390347891,-0.0446220156540119359,0.351222268381153557
-0.584461786538626793,-2.42728431042387971,2.28190079826410752,-0.793477884427170377,-0.888676208090056208,0.0724239612483344314,0.337136251652718433,2.70461241102990479,-0.910192974366626717,-1.82283239400678965,0.890369287675224497,2.00648896726984827,-1.05272149842293539,-0.0809672802550682469,-1.12713369514914108,-2.11962356705399912,3.55203010002984554,-2.22177614156711378,-0.157049094816266971,-0.010624158476645669
1.95045006381125763,-0.920578406651264336,-1.26426756931802053,0.479193101927148146,-0.791692123466629538,0.665491578133065365,0.588822505516949701,-1.97756388601350963,0.55398875362164457,-1.18276629078442141,-0.66389312666213951,0.388881862207375695,0.493006310359940969,1.49318465657801491,-0.236728243944030609,4.16019013428416429,3.44860628807073155,-5.30340323975371675,0.332180527524107871,0.785074384078217724
-1.8649170711229115,-0.445938113017856963,0.439078897593911943,0.929256385700664156,2.32012809923446861,2.30891395208819583,-0.416050915389134524,-0.202274500941547225,0.148942357609093912,0.0419263934488622037,0.801172952911419878,2.02434087465339863,2.32941342052356148,-2.14556244213842362,0.341241297873752014,5.00750940137370115,-2.03845452552629602,1.36021886147532367,1.61707016107093549,2.28042679011542315
-0.143930165630316131,-1.94554220416054569,0.106263039166157605,0.047458757635267787,2.035593049113122,0.774321294782265523,-0.618123876488192114,0.761107274720417948,-0.773691759254746869,-2.07650870941804166,3.43346246870696747,-1.56352458410602657,0.596667045406238716,-1.22504382067153128,-0.645012605476438461,-2.3809411860260794,-3.58468184036216719,0.293876358569841178,-1.75850011637168469,0.371062526997627429
-1.49274890402023686,-1.53151707519568681,-2.12217462987446837,-0.881720515256209425,0.910324479698873645,-1.35948100174723518,-0.702328414904581422,-1.84349453599486068,1.79218938903783531,-0.26271693354068415,-0.48927624348135057,0.72406958787807596,-1.31950739062966127,-0.757770250723729277,0.518531186065670946,0.0461193964232489081,0.182840119323405687,2.67804479540151252,-1.38647897034344925,-0.312319773487207686
-2.6630660125446588,1.4802322009268607,-0.987754394368009492,-2.15528191656857615,1.4770362843286553,-0.100658058060300745,0.800815165403411244,-3.8846390518133207,0.801760651418949255,2.97639682408648953,0.311388893546193923,2.71443366369082062,-0.458603401198177385,-2.99704824092754807,2.60061712021275726,1.23491043681248858,-0.701649046784298736,-2.1429999246548026,3.78041821636404141,0.316769145886217629
0.737235548884989766,2.24363859900047213,0.824881175085232066,-0.281682309422223276,1.89493894487304293,0.249917746191456069,0.827719996515680956,0.707917440581217972,-0.305921514151027529,3.0902140642373026,-1.01929533577833209,0.708244114304960259,0.315566192246714006,1.08587817331746139,0.173133415411624692,-1.33891823226816742,1.27466236785831488,-1.51404881806725866,-2.33241017761574998,0.71042705218805946
-1.45109363170991212,0.849032146552123446,-2.05858488390067107,0.491837219743945953,-1.097559422429494,1.6998278375268383,-0.194093837323938145,-0.630418979705674842,-0.919393718988864572,-1.29007194016432192,-2.80463349016628039,0.163516992656233873,-0.50998192875908821,-2.63145036271827593,1.79466549429504219,-1.22218417698215776,-2.50659944293449932,-1.30136114215012011,3.00550272259176765,2.94908444802476755
0.348312422490155149,1.06130605225011987,-0.446097586613258157,-1.45526211595066646,0.633782912586561387,0.117679949743504167,0.635157151273053389,-2.16934917052404153,1.40156976978413716,-0.236427026183468225,-2.32108250521921011,-1.45107757754148037,-0.36345315301928599,1.99393342358631664,-0.337356456254170767,-0.753710688036116627,1.25249764018531495,-2.92871649024492253,0.0797818230464077821,0.391234754613033919
-0.926931507195497661,-0.272974293974294624,-1.21740884235648994,-2.09474530114648116,-2.91465858710646009,-0.456364130896563969,0.227616879885204904,-0.313744827267394388,-0.935563174130451536,0.368193790772155083,0.542247320482172501,1.40630269097151395,1.33985021572444252,0.020823258851364896,0.334442329058298793,0.959854699176583503,0.435605756899024255,0.756717883377414857,-0.950332819779564852,3.33154214115337943
0.649204105215335003,0.809388019348156851,0.98214665779481658,1.5886601205355777,0.663583456295276375,-1.35620756089377004,-0.310757924325961221,3.53866008991674352,1.15594273914051038,-0.194275312121596405,-2.18315998556206381,-2.15749671691562916,0.887876265924733232,1.57044909332349891,-2.27222704265856601,1.59163634131478804,1.37678720266259869,1.08304818637056721,-1.86802802563412462,-1.21689127915894191
-0.920109257986953644,1.44770545090419867,0.676565133296041621,-1.15661034283025987,1.61400001356847422,-0.146195775191590577,-1.18066560364096884,0.826389201378604943,0.742130014117408754,-0.431520547826190703,0.169565289800588131,-0.0644440985410617145,-0.542962969338587786,-0.174983953629861411,1.89386542477541742,0.318151093707960742,1.62328429493686266,1.03264365570699801,3.75157633367225829,3.44758745979030046
-0.640003985193259184,-1.72592911032575413,-0.44152675600525304,-1.47492278826950507,-2.14244918178714672,2.06821319681697169,-0.246782063570534782,1.63429437701220626,0.0684957224427509698,-1.45307683243190344,1.07631926886102214,-3.57883579041236022,1.4381547538949897,-0.333963964803234814,-0.965402555833495213,4.37154678614946413,2.89096053615424875,-0.763054842428656732,1.00041090909217556,1.30278818686579978
-0.262782150448645724,3.12816592750204681,0.322714507205802414,-0.545007003665047063,-2.43856917238844861,-0.423488965002664808,-0.0773747287028209024,1.5147711425518009,1.88745789397916508,2.75579681706145951,-1.88386449557233449,-1.10530905987934891,-1.63701562812968393,0.883966956246630797,2.64099528395825356,-2.24695140019048489,0.448720369441185873,1.7582635108053335,2.48597175344939103,-1.51496370121674895
0.580400792173626501,-1.87042359487249676,-0.601395283307802009,0.775464777777638004,-1.80498380880658793,2.67428654500141416,1.81833147002143836,0.67786331541049194,-0.534070138805162631,-1.29038710394977962,-3.35365987233213625,-1.89531369942152672,0.71269913917234784,0.0532083412525371571,-0.814177699809338185,1.33520472217549147,0.270811702834500623,0.124902752297969238,-0.0509295254926877966,0.421612578985093078
-1.62906962078329309,0.604821046609365531,-1.64444456026084329,1.32736346990930154,-0.133887516137650237,0.910552565043763473,-0.706624593856976291,-2.54156912753611808,0.0502735203806005046,1.14352110307281207,3.14474556640977898,-1.51089268667597043,1.06857574664805033,-2.16778484711604458,0.547363152241770679,-0.550286239279328182,-4.01427060698718829,1.43453866576423539,3.48086274182221667,2.50961474806436691
0.369885956699638141,-1.21864237428292221,-0.535485190360913021,0.0147707926095365354,-2.00819823628115257,-0.958280105757034706,1.03414304589196648,-1.55847810091989314,-0.767879068866575976,-2.02358157656145732,0.43584600360246889,-1.7522182595835909,-1.16525578265160479,0.962394823935282084,0.983697601973594682,0.391740775247699402,3.23276503143485217,0.327958383427538469,-0.512457663931456864,1.05696159880342511
-0.756620582085974491,-1.19873468373567693,-1.9780980201783489,0.418899851944237789,0.131805983678802086,-1.4328637308014176,-0.568115206514307025,-0.823555604454062395,-0.711881682394557957,-1.46510108398533756,3.82938676264032241,0.307206671348577764,0.927653328122886256,-0.981079334713472417,-0.552053326621113949,1.62387250370897629,-1.77659591098426239,3.50049904057403172,-0.950665843483489814,2.32056510860650311
2.02057035641677274,-1.72279774566309318,-0.817854653299137535,1.05167415250420926,-0.151430234236263922,-1.79785118196960148,1.03487570208652846,-1.65985712053049617,0.275569620000466142,-0.972656549574396734,0.344375104392662279,-0.835270870823915934,-0.135281982267431822,2.12944654997599292,1.31772184298230677,-5.14717175097996726,-2.44400560098412534,-0.805221541349367187,0.933169429492147984,-1.7811960936998501
-0.114148103330647344,-1.88125609828036389,-0.587730489014657853,0.532417154673403004,0.625583024440220958,-0.369406526157703474,-0.0090542583074788921,-0.721481208304433186,-0.265033314492310379,-2.38321998237156985,-0.410188761015095937,2.80715944387412097,2.36985020741737884,-0.217104415686582536,0.618353777518855674,1.22511622588183955,-0.625631573856018197,-3.6039898918680171,1.00773273594287271,-1.30375571853742889
1.36398894557279338,2.28405721810577766,0.0291459021873872494,0.287056715418946951,-0.165841722729360069,-0.881037865517476759,-0.395224836229526255,-0.0079739456756706649,0.429075660928655511,1.91609471275986287,-1.0988078141941362,0.828530463907986348,0.247978580802420245,2.27552626830118765,-0.74759441652603853,4.35195105405046512,0.475637994277711806,-1.28008589418765228,0.956491068425680657,-0.22561703481849768
-0.803582519316883515,2.86463684611989056,-0.700090660499126938,-1.73336740687441981,0.233535220734586185,0.322616124419863926,-0.37864106385637597,-1.51672614504570213,-0.0794823255590225708,0.29036069553260041,-2.04052593414981542,3.86537813815418341,-0.169743253191170701,-2.09370220416000485,0.0273062862592285648,-2.30658414410785539,0.543109981047054657,-0.384748560868966416,-0.371908277960363076,-0.0256614981436749448
1.01701051526137576,-1.9287351729494735,-1.18693647086004761,3.14024114699635515,0.23888877438564321,-2.385792221737983,-0.354264804087287555,-1.79044578049942826,-1.65304072320539897,-0.505125120644472347,0.209178022031263011,-1.31461271844738414,-2.11100051168453495,-0.217350956853719773,0.305272699421422489,-3.04219431877231949,-0.235732909488558018,-0.570043818902920774,-3.71503710955220301,-0.931302598249197144
1.03407233940582777,-1.44016867417523398,0.0280982901161627788,1.08000464437819699,-0.492122873525471294,0.334905635195997642,2.72122619107224439,-0.567573874734857431,0.909224853276803024,-1.94396976290057455,0.218476453754461203,0.805600280093795029,0.98436717550740982,0.716808672828427085,-2.50603894823368911,0.808054207148175219,0.300077373530133529,-2.80741530988663035,-2.80981839131846289,-0.0303415198213693657
-1.85556598442991305,3.46964158722439775,-0.606805312762741411,-0.458764263694698471,-1.85785114987683531,0.189233888536163242,-0.68111077114823404,-1.35905056986719086,-1.55461095666741778,3.89546229933966082,-0.973686984440625514,-1.23208064486443791,-0.129868221910127896,-3.34650923134992562,-2.04711696932782639,1.58858306982012465,2.55010247263085432,1.83880926219825414,-0.503098180055857824,0.494320474609707516
-0.153640745346240337,0.632241519846855615,-0.969080021074377074,0.577236523116063327,2.65387210460837109,-0.329911341788457269,-1.62353206579793574,-0.509545355669079658,0.207573913210976541,-1.8099317783729707,-1.73045994236312817,0.770496105717930035,-2.50217786276495469,-0.384513561496179712,0.637052647493029256,0.598538247346072194,0.24106075441411115,3.41647497135489342,2.23751381092689616,1.14205545009366927
1.35030494275582758,-0.506106393559212386,0.780205480257764261,1.23731552298650027,-1.95677096918547511,-0.726320933514892686,-0.0917989128889558081,1.9333029660601615,1.29080045521440945,1.17368774240801166,-2.37923003566762814,2.07784748722676849,-0.112938522755342538,1.10802582520454873,-0.666861970926755809,-2.12378691731019398,5.40740791086722794,-2.85539692633817355,1.17702037763288492,-1.76851883331992932
-0.212162774603811027,-1.00625843827692685,-0.877055861486035648,1.9163050437982645,-1.63355362308564578,0.104130629867021957,0.770601453064043707,-1.38516910082608269,-0.347925641365684046,1.51926565246723499,1.20934557044915447,-2.58673930540920249,-0.872079856749047755,-0.929226171409510582,1.41621735874468402,-5.19963949344173226,3.54136196738298548,-1.02022609689584742,-2.65830402455038595,-1.04146602647458142
0.781314271820295003,1.64003984979645923,-1.67386763099852653,-0.576932061265860274,1.73479685942612027,0.674004096992567026,1.55250582707506735,-1.75602837840573578,-0.23497256541039574,-0.0123578968954902221,0.546926615357907098,3.26924864394796089,-0.40830832897337388,-0.853791813855461434,-0.531340813767376519,-0.294679140564879871,0.693843975222561471,-3.41172964438652881,0.478621612790519846,-1.08457447024059639
-0.580714905019019567,3.98733102818014595,0.370576530091715484,0.7797797859226967,0.177347011469682431,-1.0285802576380807,-0.681839914176080364,1.78359469925165048,-1.18522666249327657,-0.555138599541936784,-0.323083612139665965,-1.68681320857278405,0.765675840293628673,0.313004097909648948,0.737482542751023651,-1.53414755933281421,3.37746289330593941,-2.86222609344661194,-1.39662310045542304,1.44967439607234994
0.710838390689719324,1.16340763475128939,0.762800256830010626,-0.274698772493257914,-0.0923366101272775491,-0.111350650126220183,0.358938246566629537,0.810514803337221146,-0.0357419683368997224,0.651571666718966158,0.0701316439144612919,4.92337839120026111,1.4570309224527116,-0.925947633154084904,0.69486674363728862,-1.82908398517056026,-2.99868830208505655,-3.01937978354866177,1.0778964083255449,-1.94735528588498474
0.313129653422582976,2.99071393679174058,-0.412521068115036194,-1.14085622465369219,-2.5885193699527913,-0.278013255188417352,-0.706759612945834337,2.1192731478316662,-3.15673366161328506,3.79537538182989254,0.817450773432399802,0.622064905310158234,0.552686059893651382,-0.843464744975681802,1.09467514038240865,1.03571612591043571,-3.06432104907983316,1.23006774926291884,1.45369307406624571,1.88691808001898753
-0.458199636013880474,-1.25046675584896794,-0.582949100501442219,0.0541353017024512259,0.144051121038268726,1.74538364897215459,0.857518012485828263,-0.68200581484256606,0.92784634599794602,-0.491889290443640992,2.51364928829129175,-1.06912185659651904,1.27141993743237625,0.508649749307562904,1.38947891617330543,0.835382852145542976,-0.261317535183202165,-2.77951921696463922,6.01556687747150054,0.623526034943747254
-1.32130909813366193,-1.26565922880471615,-1.62418850744436272,0.0205734096892353988,2.50743045368938722,-0.304814599952688503,-0.378474021740412281,-0.955238168652481234,-1.18889385745370912,-1.5109882403910595,-3.42702833800256057,0.447875697294839947,-0.424319137142396885,-1.88613800074197613,1.19013914527977605,-3.26781141716565893,-2.98304980987851653,3.27429381645936557,-2.55924832924395185,-1.17185967092261389
1.29647992778838073,-1.73094318228164812,0.72904271579247315,-0.582931576967333109,-2.36762907545399504,0.565602606652960915,-0.566237315694964383,1.19312551761431451,0.152749315140381592,0.747935034189742165,-0.147188811369025285,0.492391591741822399,1.77429163285397351,-0.0721123206310758796,-1.45034942892780383,1.79792333852256547,0.314852732958260273,0.51844929662465411,-0.40581616461037312,-1.22144998918401915
0.909628364452377158,0.353105640216456018,2.68723480071382825,-0.490467247924925409,-0.10493570986953743,1.57802126254525055,-0.734996061391324895,2.2693176780408022,-0.799261491249083078,-1.25270277364992566,2.06410593233327422,-0.399422298318117319,0.920552212345161158,0.263142086238312423,-2.0421232339176707,1.6117131223779364,9.29521367929611841,-1.03618693766248549,2.18619195865632632,0.879932489409545604
1.78301731375002182,-1.4479404584262483,-0.0697907275179653619,0.86530017095147238,1.74865932472955699,-1.23175064155185776,2.73699242914191743,-0.0025838873823081426,-1.06950041398969264,-1.17657892723103363,0.998207964603303521,-0.623247673229334498,-0.915993084506040667,0.854545086671657073,-2.71537751706945185,-3.19443906971071723,1.36428797776597865,-1.12590472533841557,-1.19964521538397162,-1.6180157641082531
0.00522716641982332465,-0.500873456978352949,2.34659809858856461,-1.28272344003101568,2.02652764519618556,0.593132809206092126,0.462034831426112957,2.66325095513100063,-0.120808904165287112,-0.434344818972058622,0.538208584207615526,5.89486028915349181,-2.79955081537137129,0.142354628154226365,-0.597046382216816496,-3.51974804818647335,0.719109064130872611,1.19367881853232216,-0.118570715866594067,-0.493545320138820243
-0.0224080086692344041,-0.00244024186822676013,0.0504498573607390366,-1.87603291809911243,-2.45030538970909451,0.208770480719828566,0.398048316333958763,1.00559481886885504,0.914968828447970228,0.263634583562987801,-0.86457524318693435,0.0139778058007432801,0.464841311454763484,-1.72537333513043944,-1.05021965405700368,-0.0383880286636668483,-0.764739916155609101,-3.52838140517706922,-0.628394065917057598,-0.114881146713369256
0.48733717841444113,0.0307254359028779275,1.96083279578938385,-1.74420902121445054,-0.94547201590532326,-1.37422353326668589,0.650231032891599225,2.11645630468018542,1.14938840437487122,0.327199825363330477,1.76675643726920129,-1.91210877662707679,1.61756871272849101,-0.305017835586744057,-0.256335172182032445,5.49006861527091772,3.38974441450544672,-2.10295842326259397,-1.27316263894363413,-1.44442217882427038
0.275772218671543057,0.463711373922720993,-2.08168228507333808,0.37514771121639362,-0.591299316557240107,-2.34144769074167769,0.83449311640483681,-2.86231030038122514,-0.462168561416681611,-0.751937350375148639,0.965672359743177555,1.62113651560968375,0.042583746596172832,-1.95645932823640623,0.315828393094248538,0.743263274772922866,1.33497244361943301,1.06296718103153909,-1.46539096842779326,-1.56769943471157869
0.283544026263368276,4.21271301706429391,-0.183823665811753023,0.146549975241046349,-1.30129626980911373,-3.01911989073545284,1.65622516419421806,-2.41320303810230685,1.62937878127575386,3.76710119357960238,1.73997185798054965,-1.26049799685967656,-1.48661673640257952,1.28532069319658482,-0.36396163942612958,-2.65509696266422379,1.15167410811984028,0.52414454203823746,2.15224864788289638,1.24311321804316077
-1.06246492088201183,-0.330933373799975894,2.01900383806024841,-0.489839389888456933,-2.02132169036295872,0.956683049088378201,-0.00808420685344771704,3.35377137835803829,1.04906372270984516,-2.38282006031438387,-0.00854071545769689335,-1.71498189440758741,-3.05544849852414258,0.0926475598216985052,-0.0626595468655917198,-1.20752800804106242,2.83028173729864596,-0.712648451987509146,1.82975942996266228,0.6889737904638219
-1.15107527333997917,-0.0433296802521955862,2.2042841685577681,-0.777721147520679557,-2.5935531250866326,0.702452413934760878,0.414884589011106863,1.18986558409117582,-0.433968888344478387,-0.563197881497510822,0.308902974966889343,1.00052705200896885,2.01002524381069092,-1.85838929505230377,-2.32252333686076007,-0.957022123266967228,-0.680585779569320315,4.06829488360077285,-0.185593049089013862,1.4640669658072516
-0.531650371541450339,1.38684826901320002,1.14110020876685025,-0.24204452370835719,1.38511217394950936,0.473613924061108749,-1.05232361217007453,0.98209644211804803,1.84449937208433656,-0.144061484505955573,-1.87756596417951238,-0.846590504852813064,-2.73016120111018434,-0.0147458675106399029,2.19001795879518468,-5.32167929447794119,4.40668034943613396,3.39072015960230866,1.7662384295693816,-0.910588984718275873
2.3108733073622747,-1.8301096009921658,-0.0392593388529064377,0.931256039275014991,-0.43637636839485644,0.97609229120852703,2.46517755074057865,0.176563675409626308,0.44261555750482795,-0.946577358023919402,1.7456634141053835,-1.66191879416510746,-2.22594553852970956,1.56400027498981475,-2.03349768361934169,-0.019947024395052141,0.95494037443567914,-1.19848413447923074,-3.56889207161594468,0.27499826193175364
1.73523707703965968,0.0298589030250747713,1.39233632224450243,0.870234799162088679,-2.60388541828654985,2.81247551767815507,1.15968790646099396,0.596622988157393452,-0.402575119626307154,0.652038416072323046,1.20390734189601889,-1.32257195070869749,-1.26668185375906028,1.65109561082390166,-1.85460868714475602,-2.41282596906756019,-1.76532951646515746,-3.8359124426937572,-0.647845692387370886,-0.639511434999397665
0.864037508542489063,-0.0523162903448655472,0.0147070654512124165,-0.934145209132620669,0.0282660042514023754,0.700056758598873063,0.669848807554851433,0.82822213018556734,-1.38818325805841059,-2.07530667091255516,-0.862782432869245608,0.479880535286140386,-0.26283177038952521,0.401810395063408321,0.706027018008134721,1.75486987923038584,1.11276581635027139,1.211002602290286,-0.0817807936361388127,0.516970475091972137
0.527594562744996276,-1.6805133387785669,-1.93782747349419404,0.756723352918345804,0.0453677510226384931,-3.02837397941610975,1.53160639698494871,-1.25951613622769587,0.996981865578113302,-1.93995116289732716,-2.09343072160894028,3.74978408936708973,0.832460333963900068,1.71233637726991383,0.844076575413461483,1.44039700113079228,-1.39332570361932784,2.86913774208874273,0.73797527469084323,-1.05784145971050458
2.24236317420367781,0.861443847463728041,-0.0337532095474676747,0.346693840585975632,-3.90343180606376317,0.147340427374335947,1.83165060952548919,-0.791895971405133903,-0.271729888644154205,0.219209629453333055,-1.24919160302953114,-1.34622589447882413,-1.0007302809093821,1.97496781430368085,-2.30478882237891236,-1.94921054256189286,-0.845751660464105992,-5.45449485052921546,-3.45254060589515666,-2.42231009497283489
1.40175173059892999,-4.87728667346530464,0.95103310357233839,1.88163975566013786,2.54718667235278273,-0.202149789363812643,-0.0768026157135884985,0.985810228185750814,0.202693784841379149,-2.10275785417197936,1.15104343431264122,-1.35693155072450988,0.324537159461820546,1.03094900114260435,-2.19953468468722546,2.83135036394096229,-4.10064072614019093,-1.62975177774757118,0.334790801362365165,-0.795729481908317382
-0.414903958368729842,-0.468614399057175113,-0.289882761946054612,-1.22441962916441582,1.18789596072934422,-0.831125081684915612,-0.748482728629569549,0.373154763653005428,1.26977544818668431,-0.0611703583280040694,0.39570990645431825,0.807329800052858926,2.80188234798969305,-1.72770835445989035,1.31929506261016871,1.67163867465575966,1.29190718406843175,0.93838311955640985,0.0273548733331869867,0.0623707192859010856
0.738115011472820548,0.0633022641212830361,1.44870405045790784,-0.902059396083221499,-0.214554058214076193,0.325821252620090984,0.165689040470006793,1.52959373775009433,-0.609767439552306612,-1.95532072537936585,2.45822131835209001,1.65932747560236704,0.185471502249579617,1.43972155158351245,-0.562841459341237749,-2.63396584841619763,2.46259437760435196,-2.21548103011656572,-1.8527287004949502,0.369817098542480072
0.880385656056345112,3.86624593241681769,0.0268615984664834981,2.02638754969245971,0.049166045048257119,-0.345383373422196993,-1.40376816229559354,0.00955209370814662923,1.80609659163883562,2.13811995240473607,1.62632694552403589,-0.271002535362037056,0.519681677670379205,0.306305773893400524,-0.656265614678313569,-1.08942146583538002,-0.212463854615320941,-5.29103000660691336,0.712799880319773482,-0.735310973216155128
0.580346523727980568,-1.53565882644901031,0.458601943393248335,0.42982745752174728,-1.85339190220409189,1.0363948239970795,-0.602650735328759901,0.558011615491172508,-0.628115395525649101,-0.11525213673440457,2.42905815116223645,1.75840550047670052,0.0471605780984079848,0.764935424383375251,-2.91110983525046274,-0.169829584394000005,0.588378364424034905,2.22883651526155102,2.08995617082168339,-0.517108152799996335
-1.25763586107439895,-0.0575508559053363594,-0.0173861600129258317,0.852543949691340841,-3.12854752403476555,0.441468717873370109,0.684332275642966392,-0.152853950155019624,-1.15874486878053351,0.0997869690616121352,-1.20132761173824143,3.42694749911664642,0.317735764837079993,-0.463704738947385342,1.13183011485922469,-0.725118249465000142,0.455321916788134773,0.435065837705804093,0.777857986884269881,-0.885312499466977321
-0.949499390288522704,1.08508165839574278,-0.477291923792116601,-1.12295439477506132,-2.47112346736463007,-1.62051630392284007,-1.42875151522511157,-1.02304883165182225,1.20974312947817086,1.65992651074681463,1.1671562731682108,-0.523908035522942406,-0.454987240381664382,-1.12917118068669464,2.20078112426331218,5.2290996420724607,-0.948669101358110667,0.289145511820707302,2.51047669872481771,0.309713828061236762
2.03825368128486195,-2.2075602384889037,-0.352489128784401362,-0.668993206859741951,-0.40471982004263668,1.26105296516700993,0.42511065477076454,2.50920731713250511,1.54373259540553298,-1.73581185769318957,0.792830300350869988,1.42372332126085066,-0.828569044822472511,1.68949121973323213,0.574815081131518579,-0.16007835569985987,0.185919596339062188,0.233530476202584297,1.13998045914603163,-3.68098318315202766
0.669098553704305155,0.0321362389267839665,1.82379365661867121,-0.0506313535237600115,-3.27159360344751216,-0.862406695763997422,0.136179090034184547,1.29266045571633481,0.078911058248972113,-0.969901430896154326,-1.49532376683817492,-0.116956850935854062,-1.26828533780205022,0.582016151797490555,-0.554149477099496579,0.41086583587118114,-0.156926212794718384,-4.82693743959681143,-0.356722563031439621,-1.69121609353308777
-0.0548316201548098153,-0.874414496805966057,0.729285414634068707,-3.19674837388484612,-1.34725179826515329,-1.16404507614598907,1.1284878521603674,0.00266393615654913606,0.279972328160915329,0.961260950813482618,-1.28971599896157452,4.19037921167283489,0.340960775313528641,0.88302436052149158,2.41273949781285202,-2.25115898139356219,2.37330508664382434,-0.490003289607101711,1.653893152169299,0.920279954681346046
-1.56805103577265115,4.03763235817447619,1.74986375438545405,-0.273171061649142122,-2.4200856900755312,0.763499427199646807,-0.936736632377562106,0.768337861217182505,-0.911079481485736253,2.13141012915066508,-0.437074770718202776,-0.963410551577015162,-2.32252997173987819,-1.09191508252108904,-0.427789478496923059,-1.43662448502884543,1.03105864021026439,4.34876268476198913,-1.46916526707986006,0.193254768420473455
-1.23471054195549357,-3.88603938312912645,0.350700073188011607,2.2028963730258635,-0.634878699061903973,-2.11559158947457648,-0.0159855079432052981,0.710710228094884378,0.572595461717355869,-3.2083442960617754,0.132385012158198617,1.0604042948703547,0.286013860622766958,-2.06046197584042723,-0.68673252377665106,0.061708096462176211,3.08906059085657692,0.181970850425671377,-2.29154016590718879,-0.555464893992611897
-1.2782339968974048,2.13282897137101646,0.412210210989258807,0.498752654818068575,3.08067802765663501,-3.0244021962763008,-1.02371243931382216,0.0810899796739463496,-0.0661638862532415439,3.46051954460391498,-1.74173627162240141,2.88866552971717239,0.0275185261150778966,-0.795926175179429318,1.04857606210673771,-0.933107063003378201,-3.86644106536637988,0.903033519150653774,1.91562246995041185,0.430044508995493235
0.39537096453129289,1.65544547222948535,-2.6761401924521433,-0.212646916169359518,2.53427345921505243,0.922293746645037715,-2.48963360590805571,-1.80366989067405159,-0.287275762250583599,0.0703370693901034377,5.14770108718594521,-2.28641049240906868,0.0239338921560531062,0.235023522174870186,0.352040737855735308,-0.203405149237679883,-3.45019256718747513,2.1485061693188876,-0.737510538524213666,-0.37325049074474842
0.795787200710628029,2.37716890946247705,-0.327050585943679029,2.95350229204644377,2.1182305738795919,-0.403891534488662884,0.44851457012034468,-0.815161454454148227,0.114495644861572335,0.110817612122604089,-0.340468328216216531,1.06203770168046518,-0.634457599079400913,0.130270021769521294,-3.48436029240225276,0.575580892600742744,1.662819583823822,-1.48741752487218504,-5.40688355174880275,-1.71757899886462106
0.983399670975414808,1.25889508743039902,1.64350940249123445,-1.31608355575258029,0.798150741307660172,-0.572977116503091244,-0.042968913561195872,2.61519213859775235,0.195088542939678172,-1.43557882313331708,-1.47484130423953919,-1.73287898351328096,0.639563362838910132,-0.575776312729168183,1.35528314923824489,0.800006365088016924,0.519653498531904012,-0.166499116980407369,3.59113645362349532,1.14341632002141846
-0.0780133032447769825,0.816281217591177555,-3.18076897416820348,0.157131099364259091,-1.24172483451093996,-0.72777032345612569,0.538992361132181408,-3.21180106002647259,-1.55459781632153904,0.791186991737727996,0.0301206440587226121,1.27162511172012382,1.27200463772227446,-0.482599349070384709,1.45462355978572822,0.214793829061307701,-1.19305045428818279,-0.786701287749898781,-1.85073666256005298,0.635276475164001764
0.553522991556393951,0.754624946562229004,-0.351700195105950908,-0.969302197453685288,2.02049103320420986,0.539524837039571437,0.589257162937621537,-1.59486951019462597,0.880445627602820302,-0.758735662016060242,1.20680333990949507,0.191027321303753994,0.410914883109222306,1.16080861256453383,0.82005343958093635,2.10603457792997961,1.84427774512601483,-2.16475583491770918,1.65791193972709472,0.112625284117505692
0.27153536553288582,1.22411324859107662,-0.735804316432105088,-0.733066999550827991,-3.0496478084573635,-2.2646012384466867,-1.93181710938263307,-1.04847034233092584,1.69467666314683951,-0.190954883221841842,-1.27470822929554362,1.07181021467084858,-2.73149963963043563,0.0465444541481431495,1.59405018135683707,-2.23950443537436517,1.49823442688742392,0.336804062559563633,2.7762363333075446,1.95315970195775601
-0.409633825465988199,-0.912369981843802691,0.252344235721659815,0.281384276665066047,2.22442910042056319,-0.31379734470057169,-1.43328276421551926,-1.35964792231993115,0.454980018598114988,-0.616227425168749732,-0.829841682325689778,1.00063633048692524,-1.27056549027913435,-0.646980866550081579,1.19269187957542244,-0.557532965619200738,0.840252675060585874,1.06670556812719686,1.28877741209439245,2.65442460144356884
1.07644693368166133,1.66532937068971632,1.76149245002195887,0.271861835713629263,4.10221375241077357,-0.768689542468981579,-0.355906605960395639,0.0538546273861075994,1.71839764124212313,5.05540442727732131,-0.0149192291603296289,2.52086254532662757,-0.954575634805112871,0.449033706105905706,-1.94551912152899442,-3.27090654269509029,4.13101660837491025,-0.975823369951878794,-1.01056985864930926,0.15128727239945769
0.264044672642644085,-2.46767715030923318,-0.820183637380586639,-1.39069377210133172,-0.0126246805399753241,0.134526701952624589,0.581780200433443806,0.290251129006691311,-0.341311844093284633,0.31227302410932567,2.09171937312872114,0.87997208060978227,-0.642966857718977658,-0.620006044256748767,0.113044968074089716,0.686590259879592879,-0.0784639282544858374,0.611118398327484602,-4.21287901482812277,-1.13371222377224057
-1.17856585288535243,0.761350299799421704,1.18624280506034441,1.08745551213546743,-3.76416578796065293,-0.967801926516421496,-0.564842935107008337,0.106887583847008083,-1.02495914934512578,-1.19976118923576136,-1.05659864077676069,-0.890041251915175025,-0.118926990604858548,-1.8970420995320032,-1.52906557977807811,0.961229704780866001,-1.20736852438526077,0.708958810244554094,1.08362116557287491,1.50917407819477933
1.04532625301108717,0.86566105131912896,-1.10154768256132796,-1.10273677550307059,0.0460495720581877432,-2.06655811311487492,0.838733707218650482,2.23188192700977917,1.08241917832793866,-0.272451589506705505,1.36871041663083082,2.13739020409670388,-0.284070411387322919,-0.613374412706961025,-0.114744936532749461,-1.9269228785594994,1.37501884454752377,-2.92936687146113472,3.35526405435884456,0.124533640711989677
1.91467407290215919,-0.223120396120386838,0.0198869732576233728,-0.109262118308916384,2.79860539613261761,1.03102972654335923,0.382469402025270411,-2.42335600266918405,0.513620861151758645,-0.320271965087869037,-0.816758800327020862,0.39109337364390645,1.83137815572162532,2.06271210816457584,-2.98101627558836135,0.816344336704130646,1.96181437665978509,-3.15486031687265855,-1.3803022086582486,-1.55856952092776169
-0.929598600864492752,-1.05650304382484861,4.63966949460240929,-1.40173169895409577,1.02369089248213507,0.36062206234684463,-1.96006297562261445,5.61490828160238298,-0.32691047305662857,-0.691817098065051872,0.589492623527042237,3.88543058811034747,-0.0645344384822428008,-1.26973427268245032,1.90621107593630379,0.247742127180096083,5.48058567343174641,3.29735532632515227,-1.53552367424748937,-1.42977294338782479
1.32798237230694283,1.83299305919117561,-0.381702301054101023,0.988245031579199851,1.43211673856271005,1.37027634936914766,1.4474903532981187,-0.70820671863819773,1.23369482165617006,0.77530159086759165,-1.67913775659222519,-2.26250416169807256,0.529870150088595726,0.170900990546265175,-1.68476062782733149,-2.47004387704115524,3.05715713822607338,-2.43427639277001839,-1.51163522675226836,-2.49725268880775264
