-0.408631594739878201,1.17307716782299276,0.793274430597342484,-1.11956496439790198,-0.480336844031819976,0.0460174249628448051,1.13226062853095821,-0.376254344719039846,0.339329141840882975,-0.411438098971368571,0.69103607328076444,-1.65178162386608318,-1.46950819838603963,0.0294691581684798296,-0.371856410498479339,2.44892504028211144,-0.650205191100211133,-0.108897834867104387,1.02774658345587988,-0.418482731705995814
2.37372328317180781,-1.65623022778214413,-0.881450911210506227,0.0783630097915901103,0.643011641188915073,-3.42544670520643368,1.0129940344655779,-0.472505700109042193,-0.852733455443267396,-3.81005310601824609,-2.15861217015057871,0.503114292779427208,-3.64892787628048954,-1.06878090664396996,-1.7064170215947847,-3.67652895788797851,-2.90737824382920618,-4.13003415952238484,0.893399525238112835,-1.48622721836047389
1.71559709210683042,0.630959451355319278,0.198894148269041532,1.57916494739768343,1.61413173679119804,-0.68183094392557364,-0.567945517726144433,0.620784576917441711,0.000604630185633962293,1.27199611369911003,1.07534450760190392,0.141217365689272428,0.0974119455926130973,0.190184742107185389,-3.19551494277099479,1.14167736029351552,-2.75255942671348253,2.21308885071085459,-0.636981304949053806,0.363288035676622212
-0.764331952714802809,0.877007116225092642,-0.0537243868818072443,-2.06538712242390243,2.68161241299017217,-0.276303453008652333,0.284297890962126487,-1.15195891300755537,1.34357030392080001,1.23402822688779756,0.912607647216102658,-2.20189094455837431,-0.863745908296640996,-1.26635436928146916,0.537295527395871053,0.719819607255181015,0.0958053062777989434,1.06578744344080389,0.107458075579281068,1.53783603044901684
0.303914201358020331,1.08019858091077303,1.32853993653911306,1.76887154015213066,-0.899578925504094684,-0.735295177345067663,0.623648211762062199,-1.43777815468469128,-1.21219419078624635,-0.499663101372967933,-0.0340601782205003298,-0.22399307204330518,-1.90697406559625149,0.00543967842250746552,-0.370900108656369742,-0.759604370159385645,0.305506121063936598,0.0820393708855298442,-1.16212402606074838,-1.31307911496612983
0.458050664722355505,-0.0815713900506882944,-1.54538999256679688,-0.383461548687563269,-0.6997475050952352,-0.442618108806481059,-0.0183703784659965015,-2.20311584985479847,-0.028480466733103834,0.407039427481106386,0.990987282427395644,4.16335248575284478,-2.66651817835592508,-0.0355490235105093144,0.732847175432223552,-0.883932470875467668,0.272047935936494789,0.532357477659535117,0.0874595641879170604,0.737328847266782494
-0.639121603572957553,-1.36849121010080377,0.903403761817553663,-0.772445918877283977,-1.04844981864446773,1.12989645093432345,0.461979639823586585,-1.367828959733979,1.23985639151359006,-3.23668757522429384,-1.19277009670884815,-3.70522215920487774,-1.15439289974220283,-1.25842969691592743,-0.448067927473420557,-0.156951347665590796,-0.676970378544903384,0.150654577976062271,1.69750790282703745,3.19784469568838459
-0.563724685560862748,2.00274233813328539,-0.705658830076803745,0.89449501200402759,0.439688089488589007,1.76231847801332142,-1.16430927399564532,-1.8357773567147464,-1.05388773877455644,1.38193943898472971,-0.979617586678572128,-1.47132767679333298,0.743163315516661482,0.378055003844977422,1.9348100298808566,2.12810613475329502,-0.138628728606008,4.0903861690416079,-0.00879120679232646245,0.474506698157561857
1.89129461286424605,-2.30359559880361298,-0.607246271010117522,0.0559102299703111011,-0.612097343346328038,-1.81593352776938821,1.05821919010175458,-0.800016454852981229,0.0423583444149917138,-2.15850354861806482,-1.06131020316917679,-2.69678040935623198,-2.6754001053159544,1.11649496771442758,-1.18075658974260977,-0.324667281462972801,3.22733372866883483,-2.72028319646631678,0.1578434478569192,-1.05284134396687357
-0.298570770325879142,0.0865649321344612865,0.869113729011548486,-0.260953202586997057,-1.27797930520051795,-0.595587823668439209,-0.15483780210082021,-1.23272704737942473,2.10791519648095971,2.08593355227934341,-1.94958811173728885,-0.559874164920896145,-1.28320488329920446,-0.545909939703976832,0.160473063680694028,-1.41949326559367517,0.8956823534912004,-0.667877860059977624,0.155419175634247508,-1.15093441426270293
2.56730423607910874,-0.558937939232203251,0.625111374555850863,-0.353532220894281546,-1.13019537536816861,-3.02202454779013996,1.97825587821255522,3.69875774953816405,-2.07189979307033623,-1.81995502913021689,-0.0175006842618897589,1.62030229245256141,0.0888569338413481985,-0.261225564760734608,0.180456788094275733,-3.61459620598407705,1.35719910774140895,-3.39313936146337536,2.33057461286088863,-2.37693674719031245
-0.578601632022569423,-1.41009287960279295,-1.59739363420625957,-1.8692439891064534,1.05381128359450527,1.05260266035852923,-0.919833142532014314,-0.110913115650290453,-0.585441202400930893,-1.16117071259058102,0.275668289642493958,0.937887217145248808,-1.4209645894928018,-2.04020756361188482,-0.082927755784938717,-2.44126415815718278,-3.58924984678405368,0.310057110291806437,-0.375276715351322399,0.302736477724454334
0.176772179767118953,-0.967193912140359546,-0.313382813144809869,-2.76000041088255221,0.71348614060016069,0.876227650951564851,0.137279513961365923,0.479171477788316758,-1.60526657621705215,0.389993139773822328,-4.58690966671683409,0.150331626400465879,2.22787082223526633,1.18125750813207597,-0.297668234918791907,-1.92415821486108052,0.0656825818163685043,-3.60535300375758982,-0.0520461963351632195,-1.77594204059248484
-0.148888927558797457,-0.776872085751035502,-0.157293988114758032,-1.30694604558044425,1.78285017024727166,2.40811416562746805,2.32316167444318378,-0.195696648455944616,1.69083929155770685,-0.891086380505727194,-0.0103805732130784079,0.400067734933661767,0.774833900715721446,0.467028104397556931,-0.862894684594711858,2.02085992061124609,1.50821361496872219,-2.03513692536125923,-1.61308931998577454,0.903973438936227613
-0.795323347077080745,-0.185320426585914494,-0.408134939296745103,-0.927108634263037468,-2.11187107662300289,0.561040331161877903,-0.53462142584743122,1.09733610001317206,2.89950474293094285,0.0721237072725626344,-2.56295523970268491,-0.33061671669800502,-1.88564077491032167,-0.673868239893205212,-0.292228691834032162,-1.38725738090448081,-0.754923043218201251,2.33936713808484553,-1.0127026399822403,0.0552825511475317569
-3.00140379078688602,1.68147596831677992,0.124107641734244822,-1.51495851699364037,-1.17586276172948323,2.0516847776410958,-0.7781791590099153,1.76047285834898815,-0.361240267865358677,0.169466216893871563,-0.0943237684677119409,-1.07459904783309601,3.84397819200020896,0.222676596352264167,3.13151680339390515,2.87820243898813954,0.322906392293976663,1.40472663124017072,0.251000332169124207,2.23197984754372447
1.6492076600437271,-1.07980272320055692,-0.987658700110963017,2.59992038504694722,0.273052561507576397,-1.5551451024977303,1.19472568739342755,-1.01627495263529677,-1.39860103900262467,0.475020782316528722,-0.364126966248967288,-0.581627316977093467,0.0896651068111245786,1.25624103060173775,-1.14346196282866153,-1.11248714728781195,3.60168177762965458,-2.982850322229738,-0.352448499339833576,0.748583137381470753
0.24262019595653761,0.279693594428936265,1.1586309746124166,-0.144636960291799149,0.678567758467325866,0.151770402760423667,0.0780256185370043071,-1.37295999021882631,0.847215541166763675,-0.0486837239996658414,-1.20670580690489726,-0.364872375069286492,-0.455883259764713056,-0.216047299140118831,0.9779245572820493,3.36436365899479783,4.20721994420541989,0.375348738343575794,0.226776318596125681,-1.70379077289086034
-0.378056538385659613,-1.48508960763082976,2.22676932952646878,1.54254677056607625,2.30151650020315923,0.869665584014402748,2.32529429764187201,-0.437052121359206347,-2.42553251311748941,-2.8565797748855255,-0.211523809790313433,0.103511879363518799,4.45283395468064747,-0.641572356710628955,1.11644524285525493,3.37634399959307707,1.42517909377868568,-2.5449917448072501,0.749699026822428061,0.719200017158602378
-0.920785634070331538,0.543273594012559813,0.389067989351023436,0.325951756391568592,0.456458629465312293,-1.34787533605270538,-0.760522761674857439,1.36638955644070692,-0.275875946803804784,1.71779435186458262,-0.548509790154152133,-2.13460052341488149,-1.62243926170132413,-0.8002164048847763,1.27570810182343419,-3.73762559115003201,-0.0567239042754267356,1.50699282616245922,1.59481670420777366,0.318521619389260602
0.782899705978051141,-2.7606623577006757,-0.945607376597436655,-1.63139282673355157,-0.804888971000386699,1.15225587140693775,-0.848070540227675362,-0.0562483220522268859,0.550662640107707047,-0.456769316298954009,1.90126147402237322,1.90881980976498355,-0.0984120694099021032,0.297903264618347763,0.200685874924808105,2.37153432630336836,-0.513352778817203426,0.405154168489648248,0.423816026607980956,-2.9558007364432819
-2.73181699860703242,0.266203103400015129,-0.786929166579571904,-0.953542638441447488,0.721600099357805225,0.568132230973309671,-1.77041035889967358,-1.87399166249742399,-1.04693023498150839,0.490908259162424421,-0.0698585367064847446,1.82457126751876197,-1.46291771829284922,1.03451934205645912,2.04207825842412394,-3.49461051060127792,-1.2300410611457504,0.91361645994098406,0.336431726379650908,2.21779776864128753
1.39201827765035424,-0.549190538296181474,0.0570601683065444162,-0.051391040091766281,-0.811865548483758803,-0.80996825775926895,0.756987857078798676,-0.0678639757232393781,0.227643306216042035,0.941329801318121162,-0.21863894429658845,-0.961049869577381477,-2.75110690800985758,0.102827599047796245,-2.40588565258399401,-3.18421906172116298,1.50738319871643722,1.85255282103390484,1.19933613302848174,-0.495293781140907274
0.115563319915824053,0.293671472069155171,-2.55794453872456451,-0.618736610389017949,0.971091980121376652,1.69388289288719873,-0.739408774833423044,-0.501927324921122686,-0.568951544457145908,-2.09474837105688216,-1.13897945002336431,-0.109829525066171538,0.100260885866829186,-0.435995574965711508,-1.88174220579619877,-0.336874087433639391,-3.82718673862601477,5.05588115813739414,0.834502146683069546,0.334841381642828062
1.14642761994203846,-1.48571331229641856,-2.3630614873227147,-0.408191244493459726,1.29384164880876229,-0.789161972843501203,-0.812847892072574352,1.84143663946227498,-2.6313629249479753,-2.15353266860718318,1.15733415763248204,0.0921535657678154985,-0.00984666593792115317,-1.40145967454020748,-2.51715328501521229,-0.0507916949707164223,1.00315100378538014,2.96891435561247574,0.391889920520261059,0.486904239426105334
0.147438839491294854,-2.1553176951473394,0.201494607327574016,-0.392098343236494062,0.12623524434805794,-1.26911288735115635,0.501088600392938677,-1.15913686147203321,-1.27871996400327803,-0.615718909871141862,-0.118578209768058065,2.57031735923802884,-1.02594085178515959,0.0389607156908089169,-0.281224550630267967,-4.38141412391153473,-2.83402368825087514,2.84909933006158989,0.0732026850833127907,0.281092308304994765
0.797727183194517075,1.29894985763366488,-0.00388943735939970003,-1.68792897242432316,0.7385805663502788,-0.00547363956325478546,0.673482717807485032,-0.0508914949646025114,0.143267605789686558,-0.124417862280136154,-0.334732957797664821,-1.93501783025560603,-2.318926145238001,1.3724284385673946,-0.727726436851055869,-2.68014225385493887,-0.395746604989078321,0.241999634323393165,0.00489502873974861051,-0.836799806523755962
-0.034127206385613354,-0.568470722356089864,-1.12858778193433484,-1.21884358242532431,-0.192759360037956518,-0.127037578380986449,-0.927441605370732614,-1.02067331736627653,-1.50926104290900942,-0.234964925202758468,0.332354328433201562,-0.786981693359736556,0.11451681042100588,-0.556443677121267299,0.279211356993259219,0.998098973260629352,-0.124145967464793769,0.0737564100300751035,0.485122792697125105,-1.41260434711509442
1.8151317078228173,1.45241176535383842,-1.33848633516720628,1.17290531666304054,-1.2685779842728222,-1.02115927502419401,0.0765794449436631858,-1.17240156285035524,0.577372725810263332,0.32734655514008415,-2.19746774549289503,0.798707060784032863,-3.19419436286849301,-0.380009985307540543,-0.692385696877771739,0.227756864068409004,1.49087867402698837,-0.0841417427144897784,2.79728941863011249,-1.93541751405897133
1.42991679040613073,-0.799162713939921221,1.87102278339114503,0.479795974463360198,1.03953577835228517,-0.0693010105734757353,1.21010257196740079,0.0995551195915410775,-0.884556611296900885,-0.899641800914067202,1.40339897498845878,-0.191689689482948122,1.86436499145586887,-0.58848600375969784,-0.632494483100852878,4.59115365278613119,3.70468457565962472,-0.901625356835579983,-0.807692953428928884,-1.09575775554618948
1.99558870010768885,-0.296332986256038877,-2.14705807959960815,-2.41681477003600165,-0.512787630591650112,-2.46528294129163728,0.386007292067735319,-2.52759896215743796,-1.83846719073323861,-0.951737981775541142,1.26585627264526046,0.572007659816267666,-2.11449583135763852,-0.762422966789592205,-2.75514656970503236,-1.44417352387704168,0.184076727676920598,-6.40201848810462959,0.0164312241845737915,0.262624867682084373
-0.959791888431005602,0.773251752456190822,0.577296544186076566,-0.197463418470426089,-1.80782771162785627,1.82598055107782997,-1.87198631292176576,0.726167546481882864,1.04021640636728252,1.29352086272785827,0.280002449130661524,1.45954836799110521,0.582468413081779546,0.973839304230540992,1.54273828428743554,4.23238140235532434,0.883695944909257292,1.77122417201749838,-1.62297753070802164,1.72398729074696555
2.1345334278777881,0.110731085195198253,-0.270835340599291374,0.677961735110436892,1.22701681878308899,-1.83261527849141759,2.13490325336876285,1.69623686492974213,-0.387073723804871206,0.841395485840777946,1.5467768206237098,-2.8236484032765361,-0.622622518587339524,0.7075503455310026,0.153440201692666922,-1.97711289647880029,-1.30199908995227021,-1.84801053291447026,-0.226060332374828643,-1.72962015963068327
-2.03300255883592973,-0.518499199049652693,-1.68578399823161762,1.26259770923668158,-0.157303724521425992,1.55934556525843249,-1.43744065034109947,4.46084800691976646,1.27341446759856303,0.344010205412956183,-1.37736740572469452,2.24648236754653352,1.46462779894361139,1.65846233859868453,2.12635812616436004,-1.50000973331405696,-0.405992965571344511,3.44058949577379458,0.915835521416202614,-0.379557277236165114
0.12039750191036494,-0.0482837977630342918,1.30339848098936884,-1.05472931092470557,-0.942834729349338763,-1.06377865621046275,0.538042439967545971,-2.02864536222339442,0.0238108057215155079,2.06492824824170551,-0.312799561808919935,-1.65079576375814896,1.12032146611944072,0.380916519467682013,1.05728321954665927,1.27506124448311131,0.577576484082063857,3.18738176747263902,1.14564359962012285,1.7340829999131826
0.0827495413256643386,2.71189632121116286,0.41930115168161286,1.25577466457741282,-0.858298292212570813,-1.08082973574731178,-0.255487235066234941,0.314117266469141954,1.59511078249107796,2.27214597333946378,-2.85992268761101132,0.916547818268669823,-2.6146358347130656,-0.68752996079168327,-0.455043079159342556,0.154252896250083732,2.5292925727063551,0.817235630191172957,-0.479269663523819389,-0.438983412386548033
-0.0500749172792302952,1.07384989351244675,-2.19299692017899206,-2.60907833986008608,0.675476766247965266,-0.26741451449307424,-0.0741352045269385168,1.51742481100512094,0.158999498973346753,3.09876534045598451,-1.70261930960901831,2.25707312205170263,-1.41469707475037976,-0.345020023787626307,-0.89348235137130616,-2.10429580190519294,-4.68951663898539017,-1.97440558982094094,2.21151186741432682,0.711715787036079295
1.66176932590138415,1.79830778852473117,-1.68274360951598556,0.944100881216720533,0.092700054174685409,-0.594671061229330777,0.0184935358512462386,3.55122620029706981,2.22935584483737648,1.58947653645623532,-0.0791809621266512803,-0.0549498121394206285,-1.03200427874063272,0.43844846892121403,-0.96576478917406916,-3.38059987238423654,-3.40069752730067165,-0.229255615957222297,-0.101576328237911129,1.92801609970941179
0.726084916617541709,-0.378687591589970174,0.455586327904321298,0.682845073154913718,0.699950775086739974,1.46174912486366493,-0.685081034480242712,0.755366832359972928,0.744672804945948674,0.65509493277261388,0.116732318945806143,-2.06570827931888612,0.456756689289816054,0.675120726043594299,1.18307540598959426,-0.223280604238720343,1.68509860072810325,-2.50449372507142742,2.15592342815853932,-2.06728342410390331
-1.04433092325649168,0.778662390242223057,-0.0390220067258711042,-0.18937895073990238,-2.13581961710509516,1.2888041652712634,-1.45160336233167797,-2.55853408669737359,-3.33825284447970816,-1.01365477757869904,0.440148164071012205,1.00073832866551449,0.463501640709573504,0.761714518364169146,-0.999123879074894861,1.79065644292106607,-1.62599347619312407,2.69527155299447374,1.69363828500389202,0.472219033791176357
-1.31759372958821275,0.739008995278269798,1.08164926833712816,0.800533667735707333,0.221584466870641122,0.583691375151046743,1.16829641950267171,1.00957668062477612,0.459637472765826172,1.904484386784141,-2.05492612452658507,0.196081860603904784,0.833230027188087141,1.36878901410356724,0.696516599770519496,1.00624258675168976,0.673698105775911493,2.84214377893754433,-0.229245308093359107,0.624939091269190117
-0.00795418832210752734,0.799030236715098208,-0.0553823081290225547,1.25327642912784998,1.1303410305301973,0.924848933938382745,0.322262920151758392,-0.135241714527753687,1.09676955513161878,-0.423732087046760575,-0.655296182367389402,-1.18918937262256375,-2.4335601667252118,0.487955730092398787,1.85809831158790972,-0.456974284157797395,0.0206553634615234752,1.75152222877489727,1.26813074949750471,-3.3739088531931789
2.34568076951659688,-0.442829441165736248,-0.348514115654283085,-1.03151990646476754,0.779184765471279683,-1.70628917718391682,1.70389078411879669,-3.24472008117524036,0.0710372632506554996,1.63797190552287808,0.890477414522563793,-0.3445292421227657,-4.12518175550219013,-1.4591062331057203,0.75630160362306742,-1.82553859754653725,-0.0426878021711837793,-3.69604044467124648,0.886053172026353364,-0.26665462654603278
1.19977094615060431,0.0783325448476970831,0.974572228755524961,-1.88903135152685153,-0.147427956190384901,-0.193694386971846072,-0.910472576272674194,1.97136618709792355,-1.04849688367862881,2.15088197413078808,0.0217047636070794824,-0.929521224388838663,3.53635997612765829,-0.818956796454619829,-2.94200694651985506,3.33779527405103682,2.34705171735733931,-5.02640936291556972,-0.349796067263772881,-0.638816138505317488
0.900965870070439045,-0.852805871460035725,-0.490107646228579052,-0.122923155424331812,1.53647931095851709,0.478489465535550607,1.36048367149455141,3.44745902431421802,-0.774348939111887624,-0.411586075380678096,-0.186345821758406055,-0.206061660628691301,2.33201593813822994,0.974203061058261155,-0.571596872810904433,3.14729047815164664,-1.13246761365402437,-2.33409283225233466,-0.968855926970478731,0.0087430019696815367
-0.126290349297138366,0.0381658363135708514,2.65525236631814909,-0.0605525578330521966,-1.89576516074291646,1.01175579439124497,-0.0405504722881502508,3.80211234632126205,0.043120587213182314,0.16744364640051404,-0.0690920254082963842,-0.406514634534909713,3.44340643761549492,-0.279199479198685208,-1.6622026546208275,6.54663205681160143,5.06267662326601364,0.0189175527158978764,0.742998481347677875,1.71539894150179273
0.242067414944011017,-0.170326554858407031,-0.364696890205268909,-0.416861087606260894,0.860375108946798473,-0.251420137815911215,-1.9189288662609012,2.08301831705391516,-1.61407330792039727,-1.20021390618534407,1.68135323989200058,0.126881141977485873,2.16280385400109809,0.0976099705272335527,2.03733550121413032,2.80339134647532884,0.854814834981888816,2.22995241451210902,-1.39179873441492696,-1.56885237509959263
0.531707042808569286,-2.24303213842313864,-0.0633718649060232841,-0.584427604031112047,-1.49844876159700324,0.819281997218938685,0.633843721132930749,0.401786674857418924,-0.38598084070619848,0.10572806495515745,-0.600894584347542726,0.658485783552422932,1.60444598203896582,-1.21075155190159256,0.215829853508209546,2.49067228084279124,-1.15343783092879648,0.418191315722367563,-0.977629179712905749,-0.558488700622028711
-0.662897170934460989,0.685464573670676147,-0.0664225449449714067,1.12097695496657268,-1.38265326018591628,0.976651975966169705,0.2855751067536757,4.58294708446188181,-2.37052313631950007,1.02607204235910521,-0.109855526494965078,-1.79695724317261463,5.49412759203005052,1.04173543457800499,2.44878664281058933,5.98947326443334926,-3.27944584000942063,2.61995517436289171,-0.700055341028729128,2.5940766116962557
1.08165333619808735,-0.165372503531914961,-1.21876691771250667,0.535361542004299529,0.459539138574674766,-1.05751346702332505,-0.0898233818618690144,-0.488737920133713422,0.798814053148180658,1.96532264573807725,1.49310902917812949,0.92145911035798489,-3.91448482888789906,-0.083384086507835381,-1.18599761686438088,-4.60212617003253399,-0.396368848343081059,0.997854196173181607,0.177646000454003805,-0.304246619110026095
-1.38648022399389692,0.328283042224100319,-1.8101590853056102,0.123460402780523934,-0.0665701137656456304,0.944264824485450127,-0.457869523078028806,2.85498816151714419,-1.24888388785707938,1.58629505084839018,0.0862980754275888134,3.74814576557063361,1.58652477517933765,0.227107566841127095,0.278852868979978574,-0.328627424025452253,-0.141635657463054482,-0.789476679991063079,1.99754887493898159,1.42537899548317659
-1.03529372838397316,0.959449774071248207,-1.24361220725152322,-0.890029188930078541,0.430332084881111743,1.82022842489729819,-0.215947074399984257,-4.38399861331498197,-1.18281268556747854,2.44717408686357007,0.421978504284596934,-1.97723349770566981,-1.01971006163273303,-1.76928866909921645,2.64257359665542735,-1.0714078332124235,-4.32210142876400738,1.86236510735537197,-0.628242133281227133,-0.121217112177272587
-2.36467671596910023,-1.08107896059257658,0.215383651247912755,-1.73476936624642275,-3.28463550503681878,2.28624541434766737,-0.476695742475811757,-0.133804624467992656,0.000731165086644496899,-0.153961150995429674,0.167811945216566338,-3.67771733245799215,2.4832317409492255,0.879829847267672105,1.37831598629850016,-0.0767623459916232653,3.87102874412059794,1.29775340939033867,1.22495374959379921,0.00691747682273006603
-0.152373642862313835,0.594050734071997821,-1.39818292402764,2.45928359097475591,1.54932082836300555,3.0543320440739814,-0.7206484058074768,-2.33502150566150046,-1.82593726063272777,1.09053094886462443,1.65478310227915704,-2.87431336033676921,0.280882425070546393,0.751901810885925115,-1.33911364965312352,2.46694439461952308,-2.35888529005247616,3.50224833136490332,-1.27890862123435811,0.332105769159730224
3.24932361675830661,1.33382586407980708,0.820914400661840515,-0.773037031651732209,-0.297122286391933721,-2.01172903825597782,-0.684296913556163289,-1.08807001703108619,-1.92678104252455284,1.46147205279685144,0.186941002398396838,0.308110679365551143,-0.780536857737858081,-0.798475498033335174,-0.442606009332551287,-3.89640326106558899,-0.998048744092672302,-1.93544855318081988,0.707958908535548992,-1.36312278240951112
1.41385486247932324,-0.450550918122063104,1.85814286273071994,0.248071855337469699,1.61799689293152982,-0.441902131598757575,1.00612878125873251,1.2339485753099273,-1.81589507387350801,-0.18398494908746324,-0.62234675129673489,0.410000480513800114,4.17127166968949137,0.182093109512905221,-0.0986012330295674838,4.86273301485918097,2.1848123385994338,-2.60024669684225307,0.987600273106602589,-1.75104786889516606
0.725649662890893943,-0.46725883268448648,-0.591943412399170033,-0.443550738712475578,-1.53720276432146297,-0.95026746775567994,-1.78178046961290892,1.48919127033430154,-1.06510053525946669,-1.14471736290857429,-1.01268447351049562,-2.0109407193147617,-0.900357530246853277,0.736429678188617598,-1.12902923478355932,-1.5917129216812409,1.83428644072548686,0.986110308740247854,2.51010946920177824,0.112926475739923621
1.60810820625010464,-1.10555046514495836,0.0726233480342817622,0.990595320860979567,1.4249383099203603,-0.872351798541305068,2.28568493282684804,4.67240028255276219,0.459034804732551815,2.83119677753732901,-0.864353648228658789,0.00763894357800500804,1.72654013765671865,0.0619190735974068582,-0.600989450479106568,-0.337520410128968107,1.48486340935337191,-5.10270005505647273,1.04624023407171785,-0.348389957926866889
-0.451891941752821269,-1.00447406377852166,-1.65615314984691686,-1.32837709756495093,-0.67790517133604089,0.990714579175198229,1.37951621739923125,-1.14755189785637568,-2.0897308948129707,1.41389050813342498,0.0443999085977558744,-1.5233624776370065,1.10276932968577879,1.8319453717162173,-0.0685601728916671316,4.18752819377800822,-0.403430562681690807,-0.965260642686298631,0.276623055549523045,1.00432180173262231
0.821367932196013228,-1.26984187808966742,0.419010211108374386,-0.253566780377885659,-1.20697919700070155,-1.41492608466117287,0.718055498883468868,-3.03603379481866309,-0.725834345875952858,0.296777526890373233,0.903896836955438543,-0.00920933541006371294,-1.37495314093326049,-1.18244811409689521,-1.50752180077853648,-1.35972375049804595,-0.783069433441761609,1.7625308271451352,-1.02060538486913277,-0.3772402859406353
1.81605283851922983,0.0135743066611910563,0.716573856129086639,0.815165816802973175,1.11801721545267752,-0.497882381756004522,3.48298658033877606,-2.80850697241482639,0.63768733531477495,-0.0430215149111824249,-0.267035227065165581,-0.683993442097890703,-3.39820794054136632,-0.610386150758138402,-0.128622142367423919,-0.138260959005513745,-1.55504347186372383,-4.14015042957073298,0.273461776154016623,-1.74646927467403201
2.2857373784863606,1.04943297566228044,0.750300521403298282,0.000431431051608834851,-1.59115432044767724,-0.732095209743795938,1.99496000125101181,2.0879013260754542,0.370941803140482196,-1.1150123014614699,0.902826655006133683,-2.81946912364674196,0.906788491132636154,-1.37204025959608034,-2.31819337587001284,-1.69040102272407489,0.720517350684910851,-5.23178760327212,-1.30933540593840347,-1.4354148226772756
-1.3973218200309363,1.57632640817446368,0.358362405679276186,-2.34745221687316796,0.614513202044279283,0.0275832036483655771,-2.5975136571768016,1.96874785061258817,0.146620473922345534,0.974472903630044129,-0.953075957776146843,2.67874287953339696,-0.0854771011259262969,-1.20105997723406088,3.22558330719578068,1.66760195781094556,-1.94774426717069704,2.81807208866169123,-0.21944875493861743,-0.462852198021033168
0.746947210436712417,-0.488714501451659067,-0.194824628522295901,-0.219921948907318393,-3.8014259820942593,-0.590517852244889174,-0.836078557141996637,-0.518824231947134229,-0.205691485842860788,0.539115124281106861,-0.131891689075756186,1.46605507955929282,0.111626352786107164,0.0527352118137290743,-0.396980657667543313,2.77255792014554281,-1.40515572706765846,0.0825354062471557182,-1.5288839218731709,0.998581077797951577
0.474053495918665191,-0.736329480062898112,0.931123626149057304,-1.45660968310755923,1.93514943457060284,-0.430951680601203813,-0.399398616891142477,1.29845833986295811,3.38650525260652735,2.24066453500458085,-1.66364444795459865,1.07739560348425667,-2.16537230837469785,-1.2409939235484837,-0.258630201963768347,-2.03271413908966991,0.779220859216756212,-0.198482117226823546,0.93600343728054991,-2.42490612375434056
1.23678119021698585,0.0191619883939666731,-0.857461432836394422,1.07879505135842191,-1.04036876957801838,-1.61772201699977991,2.49545751602776278,0.762600977402472013,-2.07179162550018203,0.458232632962048803,-0.0812725507527120028,-0.0605157379952613525,0.394350313987384682,0.607610382906829893,-1.57243879870778325,0.651767478137153522,-0.937441311959436252,3.16581026652586406,-1.22272256950165392,-0.776345306517287059
-2.20016737042685984,1.05955942473903075,0.961314607504012097,-0.519779008248653307,-0.965167751364075066,2.62317131805632098,-0.945724144892183372,3.48442734817746302,1.44883289738178855,-0.41811518254792579,3.81219312108508657,-2.62010667292200372,4.93087606828024771,0.992334374933531715,-0.597393519879105495,1.02003140452538665,0.7864394905578036,3.39280727601107523,-0.598761416054999995,3.0172948300351452
-0.549192664883812687,-0.302136624317976499,-0.612040317512154597,-2.45030253866711289,2.2007427956490897,0.395032778908378568,-1.50537197416620194,0.102266549441199686,-2.26166051408305435,-2.22740391694020001,-1.90091781816242023,-2.39139852313263468,1.578406260047865,-2.02205365442549034,0.0832691652168449925,1.18641855584933831,-1.39834699941992446,0.501676212913754749,-0.45063814966684651,-1.55414720072032098
-2.80225244516468841,-0.434666309753837521,-1.06654326936232469,1.11156023597434883,-0.837445353485684385,3.2188532403126251,-0.157652506825024574,0.855692996181312227,-0.655348700176671795,-2.28406088420951914,-0.907414262889676859,-2.44252993433954169,3.86897062345496856,0.31438232719236342,1.41454672656982172,1.5033494429739489,-2.25357878565619663,4.9821915435114672,1.96949931348124641,1.34048046970121204
-3.65331472316822925,-0.579135031549201429,0.743621019945161943,-0.380526673538613469,3.39531364235666189,4.32519646774093669,-5.03866218969544111,-0.26733163280467781,3.28202591593573834,2.03167498224901699,-1.00900264845005405,-2.09050094348935511,1.05909429612283956,-1.83158510992371681,-0.0269088843098935597,-2.90248792516577225,5.09089020589742525,6.43287828715617227,-0.782132645980874064,2.5569383459797308
1.82525461098425001,0.125102169065641283,-2.91806728205108667,3.16264906249066735,-1.62706675703368986,-2.37017766379963213,1.69808826554483705,-0.801648444651644865,-0.638210015282247189,-0.352384641882725336,-0.0633032103841111998,-3.15672417606263123,-2.60701973855572167,-0.916987110711543374,-0.823685747907355603,-1.37107725549691217,-4.53006483350977174,-2.00121085117729836,0.372118921718089357,-2.10488378750562966
0.196206096804550673,1.92118248102181788,-1.24956364965241473,0.109765217009529431,-1.07860791866028216,1.01303122866498341,1.91396468208009196,0.337995684848136302,0.291859285336800667,3.41394934141948392,-0.47164104584758193,-2.13206963902646729,-1.55633607734710577,-0.611788009725878434,-0.37704000445003788,-0.98866969806913485,-1.62123110870182674,-4.11402310040427732,-0.308946650080707597,1.6268797867292506
-1.30760425879154507,-2.8650254960311794,-1.36913874696321214,2.47573634180803293,-1.9717628537732399,-1.25016157053131094,-2.25705103886933101,-2.4751583344878143,-0.994395204402840682,-0.433161327077786651,-0.492936618315834574,0.840623420259477783,-3.54312897010233385,0.661089758157480611,1.74383850200908541,0.0263757653568240623,0.15102437073756772,-0.00431605909733417167,-1.65611288234509479,0.231025547611251575
0.778183144597267229,0.854312872876707319,-0.683763187613973256,1.36632601785277874,2.57918632297635897,-0.940726888537964601,1.49661856107236657,1.36731792502205152,-0.568763872429879025,1.78662703157817537,0.365848619452602997,-1.26396760935411301,-0.459510930901542825,0.949807620068503722,2.61736172077462292,-0.118914928877264806,-3.02956911704680731,-0.0978635271153259767,-1.46742064399196148,-1.89825154782568606
0.624987838213752145,0.293069703405747783,0.444795056683624623,3.33102453885512917,0.231555243304579217,-1.27965988189046875,0.357962274847094974,0.0290143051510668992,0.00448158938758350719,-0.310508183666895976,-0.0489951202252331894,-1.07095204933334087,-1.10853194207085437,1.01087070471547369,1.88448670151571918,1.3703258164724057,1.60293645012799213,-3.23641850758131921,1.00146357713321965,-1.09090793386537244
1.92267678355440119,-0.518006444069704197,-0.246009929269147193,1.14171443567705344,-2.28527558741586034,-1.28031481941002356,2.42352180127671124,3.54885567189118634,0.622072458291481389,-0.21903410524199815,1.65940077933758667,3.3178249561261457,-0.37212697772857356,-1.28914191839564674,1.32710163509428414,-0.185763949854564597,1.83540352170550158,-5.79902900312187697,-0.845213837163645176,-4.38780706684541055
1.47574549672812982,0.178437322970048634,0.862360909282558041,0.523759282651342528,2.31639056896342233,0.307321702473486114,0.276341099305227822,3.06526981199004256,1.14397968954908458,1.26347752883719844,0.594539062565117238,-2.69100187925458867,1.18716410006166706,1.90735674913500652,-1.15964351841903102,-2.10899095472024989,1.03172098809367063,0.42438458980481103,-3.30066278682884784,-0.296897284686913787
0.629297606534425125,-0.269752884957105754,-0.80955951647463309,-0.57444007363246552,0.145088097409561911,-2.3633007115871334,1.84001036211712288,1.35528707816419058,-3.33667806554696966,2.98899322076765239,0.969980697029771188,-0.796154600684083502,2.27047532890214576,1.10493264441240457,1.77408151352481824,2.90223816962111369,0.287722152758863925,-0.823368350491507917,0.00678540752350497312,-1.25580310782039906
0.0478276173554903136,0.0913857838024981772,1.03142224538231764,-0.0794528403341942385,-2.67281013214622698,0.0916645177167904612,1.23637717839247352,2.39142384288451915,-0.32711439914636925,1.70641955753603902,-0.838916272646816563,-1.68233380434776203,2.70202114241876235,0.494061261548599084,0.405410582946363618,2.05018966893723231,1.18848157499406359,-2.79924255543517297,1.28448889836227886,0.179626592045508293
1.23244597570667525,2.15048611758559138,-0.226780561868003244,2.7360529654671284,-1.01306004935106908,-1.37346397874983772,1.05887763451868544,-0.602655847864440153,1.8768269521986769,0.252659489723451092,-0.514156032233264892,-0.913938804134404648,-4.40022788831897227,-0.0755725533605817179,0.477793261322552343,-6.65546555458509381,1.26437255421448724,-2.75853387214998458,0.971986713186748785,-1.98436215381319192
1.5912583608048132,1.07253040504809949,0.46509524636643973,0.452600452119182872,-1.48501100601409619,-1.38717348774109217,2.87243920981095169,-1.78760559873031299,0.136495056495368944,-2.7318724404405863,-0.740636900960591538,0.194364400023167072,-3.48920353455251631,-0.229047918567834213,1.25042641665417609,-3.85597701415125638,-0.549465336883774302,-4.62195554564349642,0.337170318417306547,-1.71889875550962068
0.41742536473726638,-0.320123390054852464,-0.287145441226435594,1.88542634405051679,0.0895305787497117367,-2.03615699938348049,-0.527662345805529065,-0.462945831525923057,0.302533899332935841,-1.20877497015954716,-0.921179259368775649,-1.69172420005756674,-2.98932033420344023,-0.889005575589756347,1.12937723883414343,-3.25339121481047266,0.397185488165723355,-1.17662146959324132,-0.306110244371036788,-1.01126729266497351
0.616512081081357688,-0.269679942252278648,-0.934279210840249563,0.802590618792534349,-0.287747515228011508,0.613873347145861392,-0.12858960205684139,-1.70553375303833121,0.133105226560509854,-0.897353544947495751,2.9030259280656332,4.03642304539120378,-3.59368669679736819,-0.610080858519445712,-1.30091866916848153,-2.89442876801226223,-1.39421796619527738,-1.84626568129762325,-0.305640699555671136,-2.06006317502069081
-2.01908446397959196,-2.13406625329406907,-0.64022309021349777,0.422266516707479167,0.772432919588553535,0.497178142758876063,-1.92459072026097133,0.0982233054120034005,-1.49328812834434044,-1.34893413180772015,-0.531359159615219623,-0.473266778268866761,1.64102340371312927,-1.18950510009502364,1.59471136286923265,0.214105350198746547,-0.845591954397509782,2.10309598705081013,0.0644560774138026593,1.33774784739551222
1.1001482077125706,-0.430699293154254037,-0.477567953209661444,-1.08377158872009471,0.555658473135856812,-2.27852217764584042,0.571183004154860896,-2.99412407023802585,-1.93544975251990103,0.370450162222316526,-0.932283390303948578,-0.759957201937184079,-3.90607970633332569,1.01355666847190351,0.60295650879588425,-6.4189325366572394,-3.64615815090248852,-0.911219466594313077,1.51433489132160437,-1.98355058716076571
1.13370143873366525,0.153854927630743182,-1.18191125014782239,1.4507765415215641,-1.65497962565352186,-0.447593966715399194,1.85479826052079977,-0.646075765875034458,1.24305036445704098,0.544714205857542377,0.189544341968904739,2.29674913436875983,-1.71320894650394862,-1.44989892515501384,-2.17644124075519541,0.850830948901577289,-4.2920269041279413,-3.10858404921495302,0.109879094122377161,-1.34395606107134746
0.739565592912221903,-0.246944910532898326,-0.607403233187462477,-2.48981811458463698,0.891573181167955142,-0.729962150733055259,2.33551008255667947,-3.31113596922026421,-0.433456428294790586,1.27997349674887051,0.947155939857428741,0.514793451842034844,-0.72231826118603959,-0.697410808747444322,0.496384235530757389,-1.00658698784150058,0.715872876522391621,-5.94094697076944556,2.0354458273982563,-2.70598404504022305
1.84750626495091308,-1.2978537489980595,-2.11661542904141609,2.26665120047372515,-1.55655722946593689,-0.895252148716313645,-0.0190379147450193513,1.54486102529887459,-0.72888256822799069,-0.695988892931203917,1.15914128140578199,-1.89654074866762357,-0.42831296592838819,1.39439328623143211,0.352573057847860749,-5.52148543982480522,-0.393001426883648586,-1.00819883784911379,0.186112364978077732,-0.011879918822365677
0.0606385940853370331,-0.0493098889691464398,1.45621213546217931,0.394488708574374902,1.48391950927314409,-1.24502431899389743,0.953460969527292979,-1.14357578930968695,-0.992600513749324342,2.50564513002611511,0.197457032824943673,0.90162760383176177,-0.0260405740620195461,-0.298469887009340462,-1.36067140014034527,-0.153922370379808188,3.82171119406334991,-3.88049232099747687,0.834665465141871787,1.13242110852018785
-1.68817630118080042,1.22372631266219578,1.64032203490215478,0.150913875441511441,1.88155066672949567,0.857664538312237212,-0.652226788520969714,-0.0583971862407279135,-3.31729535338308557,-2.4662943104618833,-0.431777520181665209,-1.01930102869431227,3.37830543248998127,0.36332941434562227,3.2328965619615766,0.493386085126184704,2.20457527589657687,0.463336694873141441,1.27750784947847906,0.731459947390584286
-0.945333379654943351,0.0412208803976871416,0.6027201497957696,0.675164407754526352,-1.51028146770826033,0.338182944197795821,-2.14068283373744883,0.302192897415711703,0.577013093911262209,0.34264934566048838,-1.04660761998082918,3.421168005023556,-0.124918006453116848,-1.91005323351497447,0.94342392182176793,2.58516048739201354,-3.40660485389052292,0.565899833938030339,0.400077322069047947,2.93937523446035609
-1.95020412029903967,-0.377897592716152642,-0.252005479620312112,-0.276365673547906865,0.582588722297447292,1.42826380931057328,-1.60539740091422001,-1.79888620141966582,-0.74277665877022947,0.486221597438748876,-2.88054029403982481,2.23672822472950816,-1.31731362358316195,-0.30950652295329667,0.0325452222338345684,-0.141769823452192939,2.22475052443297772,3.51670728142402167,0.301834908303043825,2.2600172487918555
2.10057084470411981,0.619513383586595578,0.0852009523345426956,0.115074520523011439,-1.51273343036228702,-1.96332979456715484,1.34617621145878896,1.97526990509750511,0.662791658980972587,2.54282458498414288,0.436768197104305145,0.119069392704012414,-0.625550050571016647,-0.852675924199451596,-2.64879639373555387,-2.74085238805631715,-2.07501996366847141,-3.29136797448429919,-1.32064838083659142,0.326031166164182262
-1.10673480757717235,-0.462174504291335331,0.206714690699871667,-1.66327879891687025,0.426959431256367206,2.6434904007498381,-2.92221897470713987,0.96169788932912903,3.24868727810541591,-0.240495848019204844,-1.00737887035820317,-0.197048161076774003,-0.0582879783254209999,-0.941658149862832139,0.462463962454874089,1.5792174313338041,3.82707346764071588,3.53060686355550724,-0.228371843764836741,-0.710103602383584831
-0.201485800617036082,0.603721411430494848,0.397405357776900447,-1.84770287640205932,-0.358010393486068723,0.875407221431397708,-0.128983197694569812,-1.56638801200615263,-0.0255695940715936904,0.813325417914213533,2.08771595447963332,-0.0360855006887407168,0.601611071751539495,0.524777026714218997,-0.683319495755631001,3.81265687115950058,-2.34571594283585849,2.17747222489624326,-1.55776806777754939,-1.7367118694107897
-0.926634267454420124,-0.60843368895333283,1.5856820437510426,-0.643705775573289785,-2.69714148496010608,1.88077572231062917,-0.262470183910899102,-0.327127719041005238,0.769317040439196465,-0.637879114724047014,-0.861642737373622847,-0.512893895335182259,2.80611041727430433,0.0540168939483153393,-0.52081270272548863,2.44709032470799981,-0.629635776752600407,3.51586622795010983,-0.496993745178087087,0.192047307348251733
-1.48340772775867857,1.50965268483984705,0.891933458524802991,0.946626937691028902,1.49648319615876813,1.38284206407991261,-0.930222233110732044,0.144818264749915743,-1.1627429159886975,2.61172518108206031,1.77094983289499486,-1.63588576239705885,2.06079091681713011,-0.13832530360501008,-0.17085215269554907,2.42542140973960807,4.62219055522637756,5.08457683791374127,1.54075965956750727,1.10906748657030496
0.168592796187358535,-0.879645058284355574,-0.454049853625434263,-0.193665752880351094,0.217329803105110547,0.822494146781402979,0.446285282142766637,1.60024446207903925,-0.449886807650509535,-1.32856151199283734,0.140049941479775536,-0.215085074526946279,3.79064669388764708,1.5653655894546723,-0.924610325741316519,3.55020661231632673,-3.61103868423810859,-1.72579785350492254,0.272252632053374799,1.56326955805588952
1.3294254702258983,-1.11186214882470003,0.96255728624378456,-1.40958480708902356,1.62907231492433513,-0.349738319306055478,1.07767199983749729,-3.70000659539090826,0.325669660623586821,-0.65829810124336452,-1.80598992379306722,2.63154605536686725,-2.97440014605043501,0.0720021999608132929,-2.77028204712583603,-2.95682357961049957,2.61201601271405748,-1.19403197799010385,0.754615322602769201,-0.307136665134104148
-3.08303261389737626,1.79006479410668162,-1.24132980091369061,-0.587836734693983565,-0.33574060079457696,2.26480903614098317,-2.24597369221106513,3.81783836331209425,-0.219682108408974813,2.50920858201554298,-1.80791202309842491,0.0075263191233369631,2.33686057190463936,-0.0983000694356432475,0.81069079830288715,4.9987900577864357,-1.45784924503428814,3.02629229570395841,-2.98612648901830635,1.52070094974652781
1.07857681000875472,-1.43826550469977255,0.126109344181928928,-0.0112156027689203266,0.0957931980620313067,-0.136654799333778804,-0.934566207335759902,0.599953797839123726,-1.69551676115595273,-0.263960604701424295,-2.28207861749084318,-1.64926043355524832,0.281774634339894081,-0.241572118217576043,-2.95754293653841005,-0.943236631340387266,-0.297466680593066524,-0.863658203258640844,0.416534543848211203,-0.915422406978065539
2.87347431350619553,1.87133298163307793,0.711015423154145898,-1.26804719869931248,-1.78002523688145398,-3.2905683382933919,0.728631926794724993,1.33780577268354994,-0.908526460939983127,-1.17153377922291391,1.32702923501017711,0.550132969785392389,-1.204738047848396,-0.3531647123250925,-0.59644996534473893,-0.303081941293815549,3.93249067240585015,-2.44421632219519314,1.49703767311682112,-3.2135458961755643
-3.04850221853229542,-1.30527757261810096,-0.0486745965501105826,1.39421611110969779,-1.08052916446994729,4.14953390189203475,-1.38111383266522059,-0.672639072419459083,-1.83198131006281795,1.27625735969563725,1.21273443002509618,0.187606372725422216,3.69454690043229261,-1.46740705901675739,0.25219797441767916,4.67188876348382198,-1.41845763378634637,4.63692208519720772,-0.534823848703049443,3.09250449427168439
1.72233618826303525,0.636851425071012889,2.6820790754887196,-1.81811325723949047,-0.0281993637718344105,-1.53238294471997549,0.259097724770369076,-0.880104830847745712,-1.0754793773713105,-1.61594005798818197,0.155946809476614323,-1.23027428561088481,1.09845641511334713,1.39459243220598617,0.743374566360393563,-0.605319921643579284,2.66232646249026494,-1.00907810121356412,1.11659147897350186,-1.58124242113085245
1.82675909423946869,-1.38972736233476746,0.279142350855704713,0.067059041388170898,-2.82087606509003042,-2.18189954337198788,1.94855024520278719,1.2096663604723279,1.79248458618912876,1.22236811055554728,-1.76472467396118793,-1.73233605741015584,-2.05193102083668988,0.126698424997521514,-0.812179439594749364,0.39185318011762077,4.11945766875294961,-5.04539268024344967,2.43880548466659208,0.758675092718003596
-1.6915926482299406,-0.607033870812370036,1.04588847629242654,-0.392847747706662809,-1.28455998103765223,2.43337420921848757,-1.8301401169467213,-0.296245628461426325,-1.10595685783076814,0.320876208702351062,1.65220599799872825,0.960892032607758573,3.50563448672833244,0.228107382747163051,3.58868925709385644,1.91806212174974999,2.19591590789822888,3.90464140280372884,0.845469994822288684,-0.0531782758501411976
-2.21267385310075593,-0.0805859849922307414,0.737210863231208324,-1.53740001215012234,-3.35006407534161799,0.021605860770097296,-1.50495958978786226,-2.05990954685268601,-1.43001486336306982,1.28434690274504915,1.50477169303877467,0.284096156258691668,1.15504447376030606,0.252898707572803805,2.46814537725551331,-5.22062770841123314,0.896045653945311438,1.8576299503568503,-0.082376250981225238,0.532287835114147234
2.53937394329557842,-1.03149200986463763,1.21305360721811506,-0.352182746572984873,-0.820966373998485266,-0.163408298557304182,0.432917579895665483,-2.18937887341608661,0.0178006326429484968,-0.377518727759165451,0.658390954839193299,1.32277045329106757,-1.6293720340551745,-1.52959894801157104,0.679276672791002234,-0.635751249112743388,2.16086199184474559,-2.93795864194560741,-0.515057711878028956,-2.7396484216780097
-3.07565932088087424,-0.464877974038673425,-0.225429842079800241,0.206990832299285721,0.333654052274970414,1.91182637054952864,-1.11285554326259395,-1.70159184043731182,-1.10419922417081562,-1.03489592867732871,0.383625895604378542,-1.79808953949258887,0.651937977896068999,1.13848350611950067,0.294752896696821476,3.3639265768589266,-0.550020625816497022,2.26508766458903477,0.869507949590411777,4.39141030621315842
1.2986836095104286,-0.266858882944721931,1.44585544007675137,-0.166037150169785902,0.837173454213970492,-1.47464532851695096,0.358416316117383338,-2.62677508028174511,-2.33469388521947208,-2.43613173193745691,0.0883122166323429963,1.15923025083653619,-1.24422205277697762,0.690034955455024801,-1.1830090966351281,-1.54229051243623183,3.60199336674845316,-1.62364594738647594,-1.54821961976312727,-3.27926972223593927
0.977129810101089125,0.0419889932009512926,-0.494409630904033837,-0.504030426007147092,-2.59841796305828865,-2.4940089560218115,0.0518916596239462485,-2.47940830592827233,-0.762686484302989354,0.434785914042207011,-0.97439556856079701,4.76495888804501799,-3.59693798879239113,-0.33398764705289824,1.02931052368182097,-5.96375532903050676,0.442937371918382838,-2.53875572588049803,-0.420873032688875659,1.1524280873387418
-0.854720016938216531,-0.348110580529323699,-0.155408960576177813,-1.37498334811850587,1.08197570144438182,1.92014864297118004,-1.616476015867782,-0.0059153373371802322,1.47366760839126587,-2.38841676626144483,1.36423034330586668,4.22557277939613751,-0.819974687282693848,0.159609122780843576,1.6314264032488115,-3.79644685820329331,2.76849453497369202,5.21737973525235788,2.10811894809879208,2.11690616275592802
0.604563740265948391,-1.281605883598957,-0.565619467240068396,0.741387901509355962,-0.0944934829432389767,-1.17955363580857342,0.483177204518546677,-1.26593287055267023,1.62039186582652728,-0.204170154314124691,1.9984128058130477,3.8977329899218307,-4.15251754699920017,-1.56575761382598122,-3.23664423410143742,-2.33951661755880291,2.36426303964077666,-0.806592765688274205,-0.82813035947442859,0.0290995227118039171
0.175023202810441314,0.109157039190949726,-2.19705404475441046,-0.554350135966639734,1.45531558959192364,-0.611093597675373745,-0.665262746839007879,3.31591103758218386,1.89735142503895005,1.12546290458985876,0.39890538222101235,-1.7473044020521693,-1.89236513465417722,0.322683726659439063,1.02279553440537496,-2.81343190988721048,-3.13837485074114086,0.734124497629940032,-0.107336996174891605,1.71392984455291653
0.791312017374802945,1.41545916060269694,0.463981920330843789,-1.9677058347945946,-0.231189885220856983,-0.592506078809697079,-0.661337148484562376,0.569458912215534352,1.26170424209695486,0.539869983945330367,-0.584854890292704654,-1.23902571015338969,-1.15464700350376703,-0.788792284319058901,-0.168946185879562449,0.300518416851389858,-0.389717781917389872,-1.87221745454115407,0.566835245779640728,1.9141434883263031
-1.59109411215867302,-0.743136294676488451,1.09927801210592735,0.198268312113714568,4.92747688273468221,1.59189128671352864,-0.410018963078788268,-1.99741178069580161,0.473019545689774168,-1.05334884131515349,-0.785235468763921585,-0.404011831035467728,0.344441290165366509,-0.246002626479835507,1.48977661688323781,0.647541610333034146,1.99711808238541799,3.04943554556011298,2.09448181959587743,1.26806930161468934
0.706783073401594186,0.0780508749057176321,-0.508221848342965465,0.345357421002984943,-0.322620209368523148,-1.22764244652406895,-1.02141962197231484,0.19274131522081614,0.662405800113203158,-0.48609374440407549,1.16616173589611427,2.20368577366394769,-1.28396346644177606,-1.67149787235535974,0.280344430420535806,-2.44077650606271845,-2.16452317528692184,-1.34180530826851907,0.861496410822211844,1.13734288067581013
2.28743426707301811,-3.27709776425853017,2.12921613316091385,0.0974290919369109193,1.94033789979055937,-1.85595928280867928,1.62205340662455932,0.729651391563016505,-1.39716533495944972,-0.957290768667207415,-1.65293234214796891,1.01449454488244939,1.31524136117386692,-0.905594112926750738,-1.39636758402499406,4.76249988573113203,1.14405177201333497,-3.56519547712804696,1.60836314119635171,-2.30495612421379903
4.04167538883559896,-0.00283944512012360584,-1.44673911122524035,0.167196564538960091,1.86883482567783399,-3.23571904204390393,2.55592339508912891,-0.543855503569282028,2.72672573352082281,0.386985653743048885,-0.64512848999699357,1.79499314169032265,-7.07462766367883145,-0.757873497594587442,-2.03248063443352489,-7.48807107935514882,-0.658303965119673928,-7.98073157777753917,-1.43245414839047736,-5.61886109781998222
-1.29340988942566515,1.10088966228012874,0.48937136896452188,0.0716101077100246147,1.9988095155940595,1.8800773974067897,0.0871959931189237175,-0.587033579836966912,1.15601491064626782,-1.28355889583835769,-0.553577884655606867,0.447715298530900363,-0.307373831962681143,-0.684207010525892056,0.0469323830487130764,0.785200542513742272,1.71634713220409929,1.79205293671252774,1.16875148436809173,0.842141309426552631
1.3482833393025675,-0.959762102780358894,0.502125768958848306,0.578889318080712756,1.46255241610325126,-2.17458732906019225,-0.503076309359943186,0.0451008870876023968,-0.160406163066718704,-0.930811729752205275,-0.64486024045511281,0.715340726016075124,-1.15071911514618064,0.260279013435271156,-0.857600482887875493,-0.829034216734071072,-0.519019372307423787,-5.15136161764452449,-0.381008855134439439,-1.68951313458389873
-0.96444561917679128,-0.749322015664050656,-0.00269090785216995806,-0.453828785026888393,1.82257365755987011,-0.491014783598305027,-2.39953962677600252,-1.35876528764819482,1.94775278508932215,-1.07174205038146497,-0.0742930914797774039,-1.31038098333058395,-1.60774412650426157,-1.98380286648824233,1.23044083440367169,-4.45858305119709275,-0.64575419143407542,6.02679508213199711,-0.856767895266325796,0.254210224437230736
-1.95800648539932709,-1.9288550918853109,1.06371892004700119,-2.80332671882849249,-0.00610555811505732789,-0.681050067838362416,-1.97723335657865351,0.33843466635886188,-2.85040987844615401,-0.557681262767034336,0.0958721177397375973,0.33229056884985797,3.26605210883359387,-0.873298682164873608,2.19422626419529321,0.0482517781242946253,0.418050737203345291,3.01828356879625703,-0.760114747229855392,0.611004789543786009
0.00724500653018017755,-0.532426291741075142,-0.172317149463194236,-2.45385317215357546,0.0955092392797717571,1.11484498631834072,-0.28236177064176099,-1.13007853749061282,-0.637899152872512087,-1.12702648062971189,0.814737895471200346,-1.3338412706520848,1.05057702998747149,0.789677152948461303,-0.573133646672406738,2.10823032742389938,2.20137658323751584,0.584713317373234287,2.08677881838538681,0.300116528670434757
0.118114183483544258,1.85187914973985523,1.1193330442033611,1.57230325067414545,-0.5058729454203309,0.239415511028556821,-1.20578356724772795,1.61248191159573495,0.748482650510227998,-0.542821753811122742,1.333886393276696,-0.874715433005448295,0.240764663943152102,-1.26179597303292268,-0.993894412767696966,-0.872370753524046028,1.44645533854478936,0.310721512441828052,-0.130732292972089048,-0.481381239270167016
-1.16034387217231272,1.34211444796870838,1.85394873643683389,-3.38951079289967172,0.46841256447334656,-0.9812378526804304,-0.148894005750747738,-2.82294220006286967,3.12886908717357404,-1.31493565398137191,0.0929237889891790653,0.923056797870520196,-2.21449634989423272,-0.429980466824418039,2.58581432765668673,-0.74028634315912345,3.8041833037196624,-0.546028579209043241,2.36510135383025277,1.30063727675685037
-1.16949306639424355,-0.402225488222464678,0.554517426509526734,1.47294563671521517,-0.455888511612464908,-0.455533279850418471,-1.25858085935926778,-0.662306648218078942,-2.41493130056228633,-0.743805145760151554,-0.859155810398970599,0.975625523125796201,1.6680802287277976,0.503358983911911917,3.39237009575602766,-1.14947499723658297,2.2916638948915713,0.575519376268289085,1.4950925386820022,-0.165601663338673766
-1.29985740034420849,-0.968263429851722979,-0.632404998591787337,-0.723926705804800119,0.160602415456639558,0.28312867558608934,-1.06298447954632924,0.646994254913192512,-1.06185255484335239,0.459038121884828343,0.99592440207328925,-1.74836618394842835,0.698347172942362926,-0.726895941654490452,1.44115079915333721,-2.47668313683308217,0.4018282016780515,3.81362649809093801,-1.02227890845264047,0.275389328901540775
1.80754917231466816,1.33377572887179219,-2.20241265422690935,1.30242837647726217,-3.25061145738951351,-0.633580913083759412,2.26425020539682587,0.727315983453386439,0.886559092623269374,2.31654073511595016,0.412001344007231207,2.8382175140909518,-1.50532998482435709,-1.31517038572958422,-1.78884594492557913,-2.53650612032488265,-0.111090941896678397,0.592869098236397774,1.32279476168710319,-1.23245901936568192
-1.11196592575047459,0.699748561224479371,0.818842587805310163,-1.0858422247328563,0.246181850925634493,-1.20299397406625808,-1.93076261388067416,2.06724586947236677,-0.700391454335613894,-0.949028546992004118,0.509739079177108367,-0.0853196780032255825,0.981253982999926944,0.407511101037075385,0.831546009635813266,4.0352478134987928,4.14960187000864611,1.46018047010915031,-0.47969087679890704,-1.4848712729781377
-1.64698566930426682,-0.529439069725680889,-1.04062863047864318,2.10880130929212761,0.819371103035780535,1.21246988167970726,-0.540099527493115406,1.88104872821197944,-1.69541996620000091,-0.929839822755585632,0.522073361942649194,-0.596357182268543617,2.80099245253789553,-0.84385210446731973,0.163082690709291406,0.986513064918731031,-2.10624543738210912,-0.235827939621679472,-0.120738914630735397,0.0535779098394821643
0.581881294089370726,0.902658193061137593,-0.435831753321149706,-2.72528148754571298,-0.61259312774887309,2.37249761885114685,0.379761189226380302,-0.550562194681496808,3.1890168819578002,0.1126689059124443,0.337260620352199336,-2.63144431414195124,-0.0793041179417071779,0.880441573805572086,-0.0158691686356696102,-0.534816954506532771,0.760895625696308531,0.416342030680136199,-0.68107805457918702,-0.121608426606680295
0.339644755172101021,-1.24829592074564544,1.43648067586358552,1.89618944979584136,-0.223658298571922154,-1.18098994262674495,-1.02868003096034277,1.22035806317565187,0.937800657108818103,-1.9603131297625298,0.318919351600787659,0.526932656141293587,0.876131233698143719,-0.663776179102461006,0.63698362728842628,3.33253786043908651,4.02025885740653344,2.76917096385106154,-1.69949935828549559,-0.960870975176540076
1.64045566413838428,-0.0145643996449591698,3.67391945683009702,-0.931183024609261278,1.10997236561721646,-1.44426385142893254,2.34141890769863492,-0.164603347039900233,2.08643409951474501,1.73496716321298949,-1.66984804281749444,-0.961705165429469155,-1.13056247574932689,-0.815638263611948022,-2.20272903039345458,-1.91063333878906416,4.08959030915175958,-3.88073867349167401,0.326751933096240788,0.918048415854570976
1.36514465964203602,-1.95676648264533526,0.997500073924385,0.478203833077448459,-1.40571841089995875,-1.9489076713672977,2.29178934775644905,-2.39575974585732965,-0.794166367980940091,-1.69487893056251648,1.44732730812108312,-1.2235277713281254,-1.5025083996443509,1.45122335146044934,-0.921700861538210181,-2.95614114002458761,-3.1374903397517131,-0.971122031559281451,-0.740095265256295542,-1.5390324460260465
0.433679567503192587,-1.20548381986018538,-1.05610329459592722,-1.37014717102227657,1.33632371868378774,-0.27972315343519577,1.86847435249075122,-1.38121675664558397,2.03170360469841871,-1.34096223062702391,0.653727433588102924,0.139935340153476917,-4.31889339893970892,-2.00460398249409799,-1.58460844134524725,-5.26705278192982895,1.39509975940082143,-4.78489574755125169,0.645847800616613288,-1.91491150458022896
-0.438666070472003344,1.35141467987683517,-0.432519061762177803,2.08235578459816084,1.378416255624489,0.582321967708575028,-1.20242455626569877,-1.08180618103706716,-1.78427851319034203,0.474667808391466661,-0.600398531977775485,-1.4793077353932913,0.803979153306375927,-0.548987272570221951,2.89727682833357525,-2.70644008359747978,2.31629822250145745,3.99340465534949551,1.50375724016773216,1.14541652575858732
1.77779479621822278,0.0210551261356429764,0.196765817661012893,0.185199714697614815,-0.300031763295139753,-0.539349570726113892,1.53816109400753165,-0.98282830745483829,-2.03582231328067742,-2.12287043552097732,0.778392403051197834,0.0821277004692109736,-0.0453691290365848265,2.1707643793659086,-2.40909737929859746,2.29823174311117295,1.28178897012344861,-2.86651071032542459,1.11285934582799251,-1.6141268237579478
1.72583243490871463,-0.468410038494764813,-0.118171165514122017,0.985136307888553109,-1.85435868745777022,-0.52969182329633524,0.952150505801042324,-0.44319724935849053,1.36869557693909183,-1.63390982175113098,1.64511117877336033,-1.21668069882588203,-1.71269877978777396,-2.03034779206582838,-0.233306585382300646,-2.36343596935404632,0.0612353850134233629,-2.23337130786067739,0.908632097646266068,-3.98231152443346703
0.334917452985171782,-0.217999679487543674,-0.762916246240205709,1.50664097029387745,1.68007952546236239,-0.546912239187986149,0.977571932461637094,2.57649526879252111,-1.3529961318061996,2.07193132527149571,2.48652235424749746,-1.93472014703138773,2.46763656144761079,1.60157759294598523,-0.593468732151667955,0.49926850263155409,-0.926501847095351216,-2.30400221733241128,0.306586527788414998,-1.62646154641307894
-0.653074084783746844,0.088933825424618751,0.0136189309818126533,0.177435607632934728,1.95199155249371592,-0.460494525737105254,-0.362279747196043167,2.72184015636074239,-0.84618785161899357,-1.39242055455534142,-3.66447404234614771,-0.107588895309508215,1.90146650176611387,-0.620424854799469183,2.08847479155527349,4.47654981035946253,-1.15082948439866195,2.24954873545245171,0.152070516857636978,-1.78578279418098651
3.06000303824226894,-2.05626863011345407,0.197515588462710695,0.283421675690457786,1.06400136981698945,-1.86096305694458297,2.37475232466541231,0.37248750661778407,-2.88692862316225263,-2.05843465230718925,-0.601818907231130518,-1.54870213557286518,2.35080988174866956,0.0668490633443857563,-1.97021972652207311,3.76180665989150853,2.54296038801144508,-5.60868112237621474,1.29965371273032471,0.297942505317763007
-0.529595928661316884,1.21131540902807222,-0.0951864264601817445,-1.05540370617798995,-0.461373516893984092,-0.693201751009746903,-2.14620755511307859,0.0886776163969391351,1.03863382069405441,0.839837622535813288,1.37503917894107786,1.37512888131011546,-1.81979834957077102,-0.560640321425929899,0.445515916294988712,-4.34141195608200903,-3.48794544731266098,3.67554388907669072,0.362723902529206721,0.159282023752667146
-1.78714415181460762,-1.81431870761744074,1.90341164163393484,-0.99284545086485787,1.31760488473092185,1.12510255878806431,-0.633300573634894004,-0.165169837061123981,0.216136768920834915,-3.27696337115282033,-1.17186284069446667,0.994092281598043082,3.08166770065629958,-0.61665431868910392,-0.336394288081433068,6.16251939192752651,-0.141577674449261171,1.76431710675979336,-0.294265030473514988,3.44526194123466123
0.514917236421465141,-2.53002864184500309,-3.16708326637492465,-1.15392590866337286,-2.08967941963978454,-0.97204750535128992,0.870998021559760249,0.284334333690294483,-1.76488048208591719,0.202725490609306919,-0.872124180237577873,-0.115093663814227531,0.023974721145599405,-0.692829018955858023,3.40750575125416866,-1.08930809379140014,0.355889038097449539,1.69750493607801323,0.765509198899567256,0.0781054457264011986
-0.974497676559637926,0.470203625351808263,0.066987948180072962,-1.4092675017760683,1.80592277610215679,1.7832127389404373,-0.801248207422349368,0.352803454457319698,1.07294247961903788,-0.702952624867411835,0.231733719007996997,-1.6641303189013632,0.350157701157605028,1.5268505314481311,-1.17177460869794903,2.31776629209632157,0.822542812404280954,3.86173643673433498,-0.376401327653420659,0.063288308619741912
-1.75206795444908536,-1.57137148144133132,1.12304023365164851,1.5409253848376685,-1.73693045984612682,0.983977335329505043,-1.94522566726548352,-0.141809072135309883,-1.01371028702362942,-0.215742429363713795,2.98960806323564432,-0.081160709119086169,1.37444683442859428,-0.391591502342215791,-0.144116047632787847,-0.472463065426025397,1.79620504407948878,4.36261804047555302,0.233027059429381622,0.180192056469685669
-2.07924861748546874,-0.234822197030233298,-1.64316458575864477,-0.520280047002615986,1.00118262740605668,3.04057306692982809,-1.01731977205261637,-0.258845220262829245,-2.6406487304118671,-0.728594903828226337,-0.802273270708045771,2.20029893276184207,4.04796185830489019,-0.0155310925212797952,1.81407968285444299,1.95919822863364579,0.0257999559273713978,2.65094913387456854,0.0757529731561136788,-1.06583677995514314
1.73768934775121164,0.433439483294292049,1.31328178262409989,-0.045005324737316714,-1.29301327993197512,0.0842398373642922471,2.72694657429558607,1.81699380385413778,0.646487062290989067,1.55191923469190751,0.724867060849734512,1.10507572666414866,2.07986945268259449,1.18163100611570338,-2.53233843076993459,4.25323362598351196,1.61773337479780199,-2.36728565907940292,1.37435558797821344,0.816663733095628674
0.871074266350897353,0.59761772336904051,-1.05924295300490878,-2.24138636876301645,1.65976617294367679,-2.55483394843092215,-1.13127100201565445,-1.99279745369388039,0.942913415670921129,0.24908779807963638,-1.16796605921462993,0.504093915843971896,-7.62751266529174643,0.268335436446940856,-2.22815564539876476,-6.29141854253873056,-4.26989175890706374,-1.65491148192611215,0.135718125333063822,0.599792827094322134
-0.719600769641982496,0.567443343863018645,0.138781230118419752,0.673313289883193833,0.0302819340747898721,0.066838626003072929,-1.04581034973758102,1.17182045515655786,-1.16990260438570326,-2.30068950522553139,0.880059796924824611,-2.07674129622915027,1.15136875827306606,-0.9026409007732068,-2.39762539678559428,1.21803614933992455,1.28355413762257586,0.606984849902868273,-0.0900091423064408452,-1.31122404437511908
-1.05041644635357612,0.979476987668916443,-0.233488265449665416,0.768346602643525722,1.59900380155953181,1.72391505869344597,0.265251282649616837,-2.59915175309790092,-0.000242169398147054393,3.70996364881297724,2.58002443815912796,2.58290592404621666,-0.920227352776227692,-0.563537377692432173,1.48830888868391109,-0.634255042104946209,-1.22155506946783454,-2.11443581854852614,0.205685083234084354,2.4532883178960283
2.08373622385275459,0.960097402690952006,1.3345693240033405,-0.13203347330270554,-0.337306219647726169,-1.32933495037599769,1.26702206713684928,1.49365254761527666,2.11494821459397997,-2.92403413403685652,-0.0240064010250149555,-2.17460683494433882,-1.72207285603562799,-0.0412505106169961458,-2.01477708902786468,-1.23379815253508585,-0.640668050979721238,0.194901075298242382,0.635300396715166249,-0.215265293527644064
2.75738417947649017,0.0396701759465262344,-0.227544384345873069,1.54619697899735042,-0.237266663089627211,-1.1239203373592499,2.50510914893242376,2.55659629112994846,0.156030499894129676,0.841828299097929111,0.204006904082760537,3.85591452177887062,-0.262374306717069072,1.00946639068943145,-2.47279131341518488,1.5568753734729579,-0.0739493135557348913,-6.50389093788718409,-0.902380607737134355,-3.71562573247002614
0.167598105422787386,2.3480432909733393,2.44566485923044308,-0.0871693441373680156,0.208792776216192882,-2.05300377641398546,1.1838493342552181,2.64387764092234301,1.63306153181585545,4.72515373105847214,-3.9846053559759218,0.0171206495488373106,-0.343414592924918105,1.3900008385150926,-0.812449621307180347,0.0249734853670473683,1.94620358298304441,0.593986032572787814,-2.12344177157201264,-2.2152589524686368
0.412050908979032793,0.372625441245398314,0.0631935973235230181,0.979536722689675843,1.86403088847880949,0.265819472832242387,0.308303260430636605,2.50693096221738587,1.52546765723240285,0.912339618688719933,-1.91529144647245486,-2.11851303211253672,-0.193406474734793998,-0.102787406984511664,-0.402720962101924818,0.357828399295284205,0.54903422170914673,-1.90922879086879349,-0.784723271772075348,-2.11486460099018991
-4.12290189261078321,-0.236790785881083321,0.282106023376563764,-0.282826278313016932,-1.75194906482644486,3.87414961680261083,-1.72427530315228106,1.18575564795662936,-1.145540034368975,1.4743119390822661,-1.56286061200518711,-2.41493509114656613,4.08930148859833942,0.761788494646478132,2.68390409824793652,3.98719164472774468,-0.972233182088524273,3.76537689132627129,-2.73525315049646833,2.2117361046108277
0.319064610271867888,-0.358723914909201969,1.05699569838798291,1.49671521063291313,-0.605655925601942813,-1.26189264333292939,-0.712240564450714153,1.54805372454538381,0.139817448423787627,0.207581059775380355,0.0854971786024032454,1.86116491711761212,1.40734731490001197,1.0083912569443767,-0.369956640174365581,-0.0200389436450525461,-0.263367597737388215,0.245757781476263232,1.55912421253038258,-0.0278320666887449282
-0.672414100579439622,-1.0828435911255565,0.311903420731018621,1.69537144370669268,0.273162629367506182,0.919150204195591125,-1.32574495055684372,1.27146199167300367,-0.402712109142720376,1.33640979794360404,-0.410133707494965583,-0.3423144356591582,2.50487207021687119,-0.420962769396052927,-1.13254144019411718,5.67151603437110552,-0.884841708271887684,2.40644501370719199,0.782324871515165055,2.14468263648415114
0.677441830541829382,0.707261283529392215,-1.06299979670389599,0.435857234214652944,-1.24182673358676321,-2.25525347858910941,2.2452146358436007,1.22916269718227578,1.37229827177237795,1.01414534556554448,0.921593229402867697,1.76538471421077792,-2.76788873088124721,-2.64056142321375553,0.154560175513488524,-3.04274220580292143,-1.71153061498408299,-4.3858580271485943,-0.543747619365016033,0.0706292870943617673
-0.342168566073354607,0.139600172309036569,1.87482205664839019,0.414029441119544539,-0.829951578114771382,0.39359645064792198,-1.14442054569899843,-0.39843543164269557,0.957615118005937793,1.06453219397693744,2.24487475127190628,4.65379593981785966,0.641962107376169877,-0.905759024500563004,1.37746378160757454,0.128432822582088685,3.79142668287272366,-1.81547481253856424,-1.38004896192533555,0.615536572302620599
1.67857231803123974,-0.970192208211752338,0.437641768435852396,-0.87537309415301523,0.933706398847299335,-2.78377462857536484,1.37913618724260978,-1.4049000913419214,-0.377526614127388305,0.468220981486116683,1.79364093519389911,0.204866215095078935,-3.46194172715134441,0.0120776849365010833,-0.594141852750791233,-0.00709477857649898867,-2.69737614911229384,0.176377327077239021,1.1908942684142565,-2.07970400277524803
2.3941885962879641,-0.0986946542057924453,-0.0132841330559145473,-2.01238602164098435,-1.38750212735463507,-1.31903377357802731,1.72128978596733107,0.167629384895701478,-0.472625446470406552,0.876844542737616917,1.6337109147967821,0.209117690355915042,-0.831622145434207427,0.326493184878042297,-1.59182503729583935,-2.49327046230399851,-4.11878860196593966,-1.02398663755913688,-1.33056838474773165,-0.187839793749343509
1.60401797135821744,-0.347801745947429242,-0.999692473470187082,0.688657139661898121,-0.456072523694002474,-1.59339733373005177,1.29335244229780533,-2.10350795574991212,-0.460625293508873213,2.75043372371998718,2.00505112407750197,-0.0985941383358455714,-3.76049460559276483,-0.617456907820778,-0.941466423556365228,-4.09353410113854288,0.121522905989292551,0.696071431664583296,0.662409552691853976,1.77072614146064122
-2.84479553802105167,-0.818338622127157689,1.21966273876984244,2.54193194484859353,1.39193075668983446,2.10900779177934039,-0.518479337742574042,-2.42174574006943732,-2.33628961459923046,-0.732682900511624768,0.385195527368277835,-1.20097287979220901,1.98336889478234091,-1.46487796984425556,1.15157268368598209,2.68695548507915438,2.01443990928649752,3.157377026426615,0.75769274292393507,1.04058402983697129
0.472378513991687787,-0.571038058894318579,-0.0641873376587480809,-0.964229539505736866,-0.715280711794509472,0.107168457266091213,1.32496924925176729,0.0901949651041951961,0.807969140884171932,-1.47904857368106724,-0.604847806543126087,-1.48677899637073141,0.234419420546464197,0.0183799031256311092,-0.849302953326265042,-3.21480175084822317,0.196487193592798565,-4.92011590428694312,1.9655363705341784,-1.40089462392430875
1.19112809949436604,-0.448278709662744357,-1.0170696155633574,-1.13174155723093728,1.41321228917742037,0.611176180331106211,1.42270534508106716,0.167384950045680353,1.06162204185435383,0.183054740648341513,-1.17086170848647075,0.199372167087210422,-0.469760120099481482,1.06927380871363309,1.06461784337378451,-1.6397225945491487,0.130941134085254401,-1.40989915213878447,0.788087675904846185,-0.149113495624000225
1.94604249831733478,0.948399488207907315,0.264927222385706818,-1.0849419267321645,-3.23239477398129482,-2.61594509214615156,0.437539259141078829,2.94338053557618196,0.00604294555749929508,-0.59669705762621339,0.545339660294300699,-1.11997785050642107,0.378636687006665029,-0.663601204465153582,-2.4968639629515188,2.33782208019272009,0.571010843273432989,0.750468809914370261,0.0526445544892187867,-0.992202312662287533
-1.16051607201899354,-0.219206938996658524,1.47024617303934169,-0.803722971454638446,-2.89649920222405699,1.28626719148926361,0.00364947076894266099,-0.358035866940168257,-1.34881992124797612,0.49498964216891933,2.16452403389988968,0.576044518965032393,3.59259661367090821,0.235899043103931061,1.99119143577926505,3.94773344205463639,0.99164738418585463,0.776737885118061078,-0.442215178803510467,0.778434042729780229
0.539935980665116722,1.24812776775901924,0.939824176791595578,-0.181217078800389647,-0.261399300931737411,-1.57850646687204033,0.970284044019416481,2.03876511956868711,0.893819975904539543,-0.583986441861544026,-0.316140236358003368,0.992045986207407915,-1.70823892243843467,2.03461785410313523,-1.73175407382687263,-0.55308452515812101,-1.47644243366335348,-4.39546462841378371,-1.03417845136839692,0.464367607393335824
3.25311887390751098,-0.389501975984616888,-0.532886105298275847,0.849969439999381349,-0.00923085266505461501,-3.56001925791688878,3.41375822049087585,-0.916062119068894343,-0.584754428907613977,-0.436339575619231868,-0.510579011224968959,0.211277351007115394,-1.85981949477748154,-1.91302036825337662,-3.58636653304320507,2.12157600201715724,-2.51477829080389714,-5.73177528431312133,-0.379487675245017642,-2.09189359180614076
3.84230228873692159,0.524089992138525917,-0.56624842103697548,-1.71808689440008,-2.1931736428940507,-2.74885128214423169,2.72528151984896283,-0.924570592203536656,1.14335424230249671,0.420144082188037504,0.610296913800252638,-0.790678408805231769,-3.96182570643886711,-0.979694851495753416,-2.68365591678312665,-2.1086805839193774,-0.634409997255775959,2.57979143116312315,1.7443267306792809,-1.80031169759629672
-2.03277066592281752,-1.04594004490297987,0.035426001038526056,1.22189472164813195,-0.00601046863908937402,1.21238098270464567,-1.40942806505743823,3.39226659413603127,-0.712157509542799882,-3.39643751379263259,-1.91926397151319272,-0.838162937994586188,3.09658072969008868,0.483125947882975693,2.60087870436829105,-0.23894764456707665,-0.51160256988020536,2.95677978469993041,0.107522260445641921,-0.59061015633294478
0.72921589798801989,2.27197076292594335,-0.709443130480127748,3.08881555494776672,0.557891569727046455,-0.152020297707060215,-0.375204315635348951,2.11679050277962189,0.411577144002546469,0.957018065469745882,-0.0578420182009629427,-0.203461225435002752,1.36025555281775379,0.0952715961032034458,-0.67008512149230981,1.84008704811486745,1.49510970752909178,-2.54661782331774189,-0.570641545372688519,-1.68146006415036897
2.94048372978661066,-0.0665464977806301677,0.725733568099002135,-2.78488367647501622,-0.082661478161688437,-1.39322569673184771,1.35091223160405005,-0.260558770445799948,-1.99052068642146485,-1.0381984715810908,0.616993895556051108,0.720405806632295143,0.477659158710626752,0.639473852681719523,-2.67580660708974705,-1.59634723175271631,-1.24432877720578294,-4.02802306169637347,-0.39381799519775329,-3.59620338562462871
0.0481119133366864141,-0.877242759401573036,-1.66002107754962935,-0.589233467650880027,-0.388285747095366229,-0.313155326137993961,0.692694208680144086,1.0450678153763735,-1.59240285201124254,-0.244334571966655228,-3.04884554360598514,1.65978417158277991,2.19076027623446246,0.375380770899875926,-1.76609384334879826,-1.9101758434908005,-0.355006124672349932,1.55559970457500407,0.81085610121585705,-2.13093639399261026
0.646751870122024841,0.0561165756335650634,-0.173104170440340988,2.29124390659106458,1.3126359580035305,-0.831246162193347016,1.54382726794321856,1.0070792211016617,-0.474446931904128066,-1.8713629714565656,-2.23283011913739315,-2.17820889530097261,0.401025438963584946,-0.614863986524786466,1.37776379965575502,1.0496221086062294,-0.0528343954899410176,-0.266727645037793115,-1.18314230114932784,0.851885200482844107
0.954459879105568398,-0.311224465952146145,-0.296299116786794547,-0.700270082336307831,-0.963182453059469479,-1.14131276818425209,1.66432785465874655,-3.06902081336841626,-1.07661646876796047,-0.32946666113102957,-0.975444172708455626,0.422901105350465767,-2.81217916578408555,0.978741863070953344,-1.66322634054929908,0.721087442547773017,1.26990803218788906,-1.65959195404382642,-0.136103035536129041,-1.81734744242840973
-1.54356106194059772,-0.800089031695969677,1.32844307239300918,1.09137816233358254,0.0128472777234312566,0.88010271769020687,-0.870268010304001693,-0.747942420931885232,0.355987309413668795,-0.685748197865568287,0.994704388946002327,-0.243935204897334001,0.586300177132021427,-0.676289742650436843,0.470824291129699257,4.43990301544338095,3.12270951282445663,3.49356295607564071,-0.131643972985873381,0.914457405112818922
2.82582894304511623,-0.346201792916438045,-1.26297606607799451,1.00125210702893863,-0.134527461533732406,-3.07091015829235792,0.912154352834079973,3.63167245346196266,-0.232342309952105308,-1.89549815593429205,0.865271053446069249,-0.404072433972661738,-0.0803742204523178461,-0.0716792738980045474,-1.52659009744149476,-0.179507599886441188,-4.00967202260568456,-1.90795259439360398,-3.47964404048686671,-3.70556495187315305
-0.938837515790871158,1.74703465956313986,0.775180375111427011,-1.60522648457521,-0.167344722689709485,-0.617709048737520305,0.257301433846548078,-2.98812813449609749,-1.13708336393886889,-1.81003188103633872,0.0714624755552406704,-0.573034630996559713,-1.95615152819014404,0.863925030095776703,1.27721200047635652,-1.63354813969946089,0.397819259705528561,3.65816100801379385,0.689962916994308118,-0.539797082884639789
-0.879420624674122964,0.350176009310986081,-0.204538782538135872,0.164625112864850237,0.347139182084529874,1.5259417338933885,-0.902863909800518005,2.43716254908548402,-0.309803981644814486,1.88002597896915602,-0.274201498986217096,-1.56680473270811005,2.2715029403535878,-0.77860911604535965,-1.23883587009334462,-2.02693940617232071,0.365834120636940541,4.10959805305682835,1.386403218429068,1.83668055959225085
1.1096812458521923,-0.664966295606771896,-0.477487109112048225,-0.220346104222762185,0.724950602506154396,1.00809072123662258,-0.654397737442885208,-0.505345392063543675,-1.5239207412055511,1.80225486215158659,-1.96252212097991996,0.957885706526718006,2.65984617353510533,0.627550458268696931,-1.59583033834971877,5.03063858023206034,2.46126835806185928,3.00552302191741516,-1.56555269533024233,-2.10662393300171491
2.09201810528167309,1.24281615847632287,0.795708977655237071,-0.894110609160951975,-2.82097179671515397,0.0608063449289724459,1.44869968183486919,1.91348126946765174,-0.113660417632637428,2.13277352221686911,1.30715378650948155,-2.66102788032675397,-0.422097596435157763,0.239473420493999778,-4.74723744113225177,-0.898242504641300732,3.92804684075817878,-2.27522908703023008,-0.767928200594439225,-1.68796148126981227
-0.539333532127550752,-0.0970510223804202932,0.89737000824897406,-0.148184063760190138,1.58222750803746504,0.44218358306284028,0.406619013693181486,-1.06901593445348131,-0.00856771742102545482,-2.17022507956892152,0.837043947081490103,1.40723771698236755,1.0903353501884081,-0.498787147997831415,-1.59493444037545617,-0.852251584970316278,5.42617607461926621,0.159830900693045536,-1.04906452850242027,3.11240968186510569
1.58652148791812819,0.32739008185686036,1.58524437187351497,1.46681232462913247,0.93565551143094805,-1.05442177149708183,0.791188539403135827,-0.236448966394998433,4.10730806417839212,1.44568838187987336,-1.29481979020702931,-1.72545126544902661,-3.20337025091674432,-1.40244513701924722,-0.418248273610347221,-3.18255915228545039,1.71830239855745281,0.641750736927530707,-1.69466466942503979,-0.471681449020086185
-0.762902018955459615,0.473798691463428512,-1.12673824240794795,-0.950484243180945265,-1.58594372801764671,-1.30922846955812022,-1.4811618476397761,-1.67065094329767017,-1.81249830143020807,1.7695116347284805,-0.620462760570219762,-1.98823539870931953,-1.82320705785003367,0.481985651254145719,0.78252867848540153,-1.83829869237394439,2.00662317683630942,2.56015068658328637,-0.0742156942411678067,-2.555578132385393
0.935069286512159481,2.79424333226407828,-0.881692640330250188,-3.67721664089271938,0.648070222696820908,-2.28195151176206323,-0.2522722805691891,0.592608875258882506,1.49531501750795104,0.0946220218383991424,0.793383079960847781,-1.26382101640141875,-3.90177598388289582,0.374913198619634347,-3.1244170981463637,-2.19954267814440874,-0.17185565430053612,2.08580674039726999,-1.25857393906742865,-2.3292961289250238
-0.613599853578876142,2.03475138558719726,0.187094324645912413,-1.59372539875460806,-0.308527086423024621,0.0580697542216588106,-0.456505327426708352,-1.99784191449053661,0.534297696476175643,-1.63767794209582807,0.613170636207945985,2.0091203045903141,-0.944073974108078251,-1.30061029039817466,-0.241293936278834081,-2.25531853264885074,3.18945743770392509,4.33320004351473553,0.558845797162629054,-1.05533113428614889
-0.464338168229173121,-0.0118716415807327627,0.192653443519439055,-2.29824432122011446,0.943933505561362907,-0.754870497021344899,1.02542483876305379,-1.40548101357989541,1.05141760881748225,-1.33477709986434467,0.878402089653437801,1.23440246642397233,-1.00588361930699133,-1.21254955566733957,0.236957227009162608,0.0406461265259688218,-1.74479067115400666,-0.341658784251454406,-0.412863630787474956,-1.10726113187934949
0.978173803431449107,0.374104307058930996,-0.17666641188208046,1.16401547131539052,-1.4628578796653009,-0.379835948745393281,2.02357301577338378,3.36913073693020415,-0.432570965938315954,0.0746364271778893473,-2.24382151820500875,-3.80055033271775811,2.95920157688279417,-1.74026322355559837,-0.324288924344313778,2.7115117884237625,-0.0213946824430498866,0.722600714137553779,0.515876968075894893,-0.623419769703602356
-1.43482870303319276,0.650770410981742709,-1.7560262102401325,0.813415521314870049,0.199877179531370769,2.16489291001523565,0.243331132477988571,-0.652392964228574734,1.49816248007177055,1.56297348912525136,-0.721094673873621028,-2.32805991089156006,-0.214951606907541559,-0.889519147757748874,-0.581976220208582307,-3.64343337959135871,-1.86737698498347759,1.02518448663624362,-0.226568206711993708,-0.227531217499728322
-1.40624692202413404,0.225759727610994582,0.990328047330738759,-0.214208564266933965,1.36219150557160407,1.54366172179695638,-2.4520142311977895,0.943180003394197719,-2.97138390259027352,1.00645840469656922,-2.51003710791157753,0.0982330072279590516,5.37747382815377239,-1.1405449543671804,3.85715812135573088,5.71045672227448087,1.97729458458820084,3.22883551201941899,1.51581066885235072,1.16178134886198969
-2.62202415349795137,-0.340638073834207855,-0.267691853857683348,-0.476676501556695775,-1.9000195778553246,2.16595590602102872,-0.986462179962411589,-1.52652169230561974,0.00157517991588258257,-0.0442551225444499999,1.36761283533840095,0.819961334633704908,2.31885034834466675,0.407364158895623274,0.77772833190370716,4.54543262867966469,0.214770436337130305,1.85955369119605596,-1.40103301419636206,1.1827316627649942
-1.77111826682199158,-0.824066518734854703,0.979696825829201257,-0.783630143426710002,1.55518944108522406,1.04914449249015029,-0.0358315781337322781,-0.383702621115582565,1.58712476897898602,-0.425264945704678488,2.59059429944120234,3.40485066564032923,-0.389839975030141395,0.235548609810047854,-0.496435390824299216,-3.63947434117496993,0.516920250794694613,-0.0343191650678730947,1.11387872414035294,0.373924405262061443
2.9896784441195976,0.0981945684653094675,0.567013947846562893,0.369876351668735726,0.674491330490347818,-0.266270941774138847,2.50081198753701317,0.375679029787657603,0.107260504456441863,-2.37464157232615802,-0.965769419617485303,0.350018935700128098,0.637685639400766058,1.81482841989036103,-2.65974592568048696,4.10229384434163435,0.117447903458005778,-7.06530054658562356,1.07328183061738924,-1.53402396444270983
-0.602103006457323842,-0.762806753165071072,0.497148062850768679,-0.517749869617497138,1.78189607514820691,1.71469842319712251,-0.87265042079018007,-1.01539206715890074,-0.473540896583528881,-1.16398854233348747,1.29427428800613309,2.45766993195792072,-0.156495342545554611,-2.1205849186251533,3.65893698069986373,0.70436746978663789,3.07572918994223521,3.39976738002814249,1.97460454761337134,0.0369675442186915004
2.03084145320337406,2.07734498158336534,0.514126202092984763,0.578372362249414129,-0.424769781934445978,-0.852521511587703507,0.285033697742044068,2.68178340917067493,-0.611264844639430316,-0.879652821087119952,-0.49295845994503823,0.0318035680880878052,1.7644356485139856,-0.729776628312056919,-1.66190710454837132,5.07021027062609608,-0.0967733289855971651,-2.33123365132396554,-1.6071889651554534,-1.48121763140754359
2.25941992986107953,1.42709464046997048,0.58929291237203496,-0.685096097267033022,-1.43467042869055672,-2.60814123600185033,0.989443097855017606,-2.67755872741648027,1.49532369719007585,1.57808258760526043,2.30041479575895469,-1.9748513579547804,-4.73572889681167464,0.796161220588353036,-0.66526299236293418,-5.79858844561976206,1.18481126760986766,-3.66795974439708417,1.54258858610483918,-1.21892340023965429
-0.0224076912321489151,0.553059127207228274,0.714792537948227058,-1.02349041164444987,-0.721443917874601937,-0.157382363432188394,-0.117682766119289725,2.79269994611908157,1.34448547326136203,-1.1020155279108701,-1.86664418882525029,-0.604317300957373127,1.28103007382468426,-0.0541881489824751136,-1.44752879531394774,2.80569810453088708,-1.70760193005673289,3.36315033393578,-1.54624958543592195,-2.25037334734983574
-0.248464187381527341,0.60308557474050406,-0.183238511723614605,0.317512359391422805,-0.721627992773218874,0.660837434497319132,0.247985428505977656,-0.25620974588938239,-2.88525786731793277,-0.575395931563932317,-0.282668578119540437,2.3508098466965488,3.37226350145403098,1.45136804023790544,-0.387144513265428369,3.28316185642877345,-1.8075582195792288,0.633931635851496478,-0.00447455535086078385,-0.020852831565720549
1.32996234944400604,0.339028232127315921,-0.83561425856432614,-1.13371130537319909,0.628768166983788235,-1.68989884359824805,0.54508247744654037,-0.849108071603458914,2.38017535395519486,2.19893550515475678,-1.33464851212644775,0.879844101333630557,-4.75736864033729834,-0.00427528627066038613,0.0453016752791073896,-6.12163090798289389,-1.19553581858686964,-2.16609707159223142,-0.243812983555987683,-1.25338850287847214
-0.10402831155540733,1.42984016320266516,1.06367704075907588,0.0889605532312764263,-0.157788748122537209,0.619696646596762379,-0.622176777355778032,-2.42700715927722532,0.896526365015505977,3.48007358847596215,-1.62831052344811056,0.772904691546601685,-1.47630710169985169,-0.636897468796704946,-1.59611819105186625,-3.28514213642521113,0.289502931585799761,-0.0624105757957933646,-1.03150221634930439,-0.921244349468339774
-0.812834147432989651,3.27848300677386151,1.81628055221915896,-1.20706158437102351,1.32837805827536792,1.71042274601637589,0.788312003955087826,-0.251151310885956436,1.14594658671878302,2.7728250384383748,0.391427795261364786,1.25106809747192838,0.468233388858508071,-0.967801234793320142,1.76543844529965632,2.49878454966039065,0.704335906708217996,-3.52017409932886638,0.58034105156035598,1.15801901012350683
-0.150714691968352937,-0.916654206184237541,0.210143149345048935,-1.28314120516137709,-0.516865409951376198,0.150963397380546843,1.71283328120984324,2.40115288420743278,2.08154565676908065,1.48510160294906535,0.754498263222708188,-2.82175566354551677,-1.01097164617677038,-0.733188219661133012,0.650777316474665635,-3.19501580708996435,2.30696180460999356,-1.47253011625103691,-2.83740737470033899,-0.842774217704769457
1.78197033920740844,-0.363125174482418434,-0.998366968208570849,-0.414609799664149126,-0.950363728008033704,-0.720868935302238834,1.04181312857185659,3.2909506458880835,0.703650473001393939,-0.535972370201915016,0.492034884129281203,3.22705713237422698,-0.562343095865922127,-1.22318401075668448,0.0709273123257529725,-0.538416752375275087,-0.113860387930014101,-1.9703276335708142,-1.73536649651426278,-2.54398506941443525
-2.58225368880380568,-0.00245737100522688476,0.0467977586935597947,1.12085003089957835,-0.457925190242940816,2.75386099093047854,-1.06700710332493554,0.209193116607276769,2.30734361306558489,-0.310501060987229738,2.58128644236818872,-0.269088592141103533,2.16320009440103078,-0.877572264817828906,1.96870373990766256,2.31476069432627263,2.40215755527635899,-0.916537600444783496,1.63950876832528403,2.179058259918496
1.92588885058660009,1.48137334080310334,-0.23244709746297032,0.494797287076780001,1.91167320639854488,-1.53984507080650546,3.9598899861299186,-0.456793336559582375,1.28447157985916194,-1.37443808160150249,0.0692324258533947856,2.162236465679924,-3.66489691996573352,0.559531585331302761,-0.253071229100354178,-2.86787983778019129,-1.72232222371123878,-4.96669118356004002,-0.945789003040308773,-2.31737775733794349
0.510417030361042134,-0.074133023037213891,0.749950469761784144,-2.33380643104866481,-0.650565340508684087,-1.49749135830224889,0.0257860055306287153,-1.33141786147354146,1.69647886127760206,-2.21292353844711664,2.05671660597649586,1.3420172104628354,-1.76505396186888053,-0.870337553648455997,-1.26942863454842247,2.5474734360584832,-0.420477381991452237,0.771277762810020029,-0.00241451750065976248,2.10115972364254722
-2.33312208543283495,1.49643964712815269,-0.889328757763057975,0.0290627636104882278,-0.0668032131386396416,1.00691319081549402,-2.12450953977307577,4.06090591679304591,2.50252263267493058,-0.247799599239123036,-0.804734916207439865,0.734158409106810295,0.672237206626486672,0.942968217268231323,-0.149967173634601408,2.74516314700085839,-2.68384905536821172,4.50052561555361841,-1.67298881127089705,2.60439140316441176
1.97600015126087425,-0.713254411469639082,0.693915106142506177,1.08246604031494598,2.70889213936122442,-2.8654664009217905,1.56814003950402214,-0.368952153739616928,-0.963731055904192169,-0.321499229112065965,1.38714512552981017,-0.323310030478284383,-0.83910463771165078,0.883352404930845214,0.464681095866403659,-4.40072112192286191,1.86325684340776365,-1.30390478271241039,2.36674527652513866,-0.822622891444262594
0.581222932531616721,1.27215403349452938,-0.744469287795701762,-1.07710905283492298,0.360818889577063262,-0.144811557230867333,-0.980001170181833636,1.49820071472633587,-1.27237008462350731,-1.27872273434754535,1.58568046506980598,-4.0563102969160818,-0.50651222308354038,0.576958533390401929,0.807029841589659402,-0.568893040329564337,0.758335034862014479,-2.73034102263483502,3.4366500359609935,1.11082515692803141
-1.08059897999130294,0.123561756889839197,-0.511693792378927648,-0.641836976055528918,1.28089765434660974,2.12720778347285533,-0.548882542357154279,-2.06871826071525255,-2.70375372724443785,-2.6542837420842651,-1.62417363405602466,1.36205706341777044,1.97584919650726931,-0.868746490518010006,1.91140560169023255,3.17563725194475133,-1.5217091835241543,0.780927922351673409,0.375208614108327287,-1.15106616094964576
0.855407406157290495,-0.644950597925736169,0.806511020793614253,0.892716249622407254,-0.0357802205508286689,0.179259210919635703,-0.024443829519347017,2.65741847297746281,-1.63360936498551745,-1.26340282186617237,-0.230207129748372263,0.0673077106823016386,3.64414308286165101,1.43078381657593035,-2.49210675371128909,2.83143780264446265,-0.777567739637696209,-0.882689514643430817,-0.938477815370804991,-2.43612463967472559
0.471150079687102208,0.143891690812729067,-0.583890905843787777,-0.278228592081212922,-0.552030883347303658,-1.55044247128563617,-0.923286379882318098,-2.29995336526278393,-0.880907631046173534,-0.904861655259622033,-0.702842737233724146,-1.1573830490091972,-3.04598831801560221,1.73815043235410416,-1.49381741669012391,-4.05563864387604678,-0.761731571055387802,2.62738344611089403,-0.0679434313166877996,1.04480750658619348
0.00248329653279457914,0.550447825867842688,0.878441611211077222,1.46232429112321904,0.573073523826438058,0.272196227726319462,-0.0419141738764619506,-0.165191602132792548,-1.25813954995597022,0.268039656154190065,1.14144903830710209,1.34286213598352933,1.74652604505130715,0.172159695844242261,0.907773075135235752,1.63596975142348611,1.02445090942642891,2.42220416758860679,0.111499748168285798,1.75192446435807891
0.764008287868905289,1.19739252594782064,-0.848402341520849035,-0.452987287939507099,0.311051665922584319,-0.554019248340961501,1.58935096177441793,0.785889626397940133,-1.44773541685696716,0.390567363737958695,-0.0834844693624548079,1.07883060032684508,0.971793818705064538,-0.315923098236264799,-1.49406203959259498,3.08194493692887495,3.92470528374772298,-2.06852525039355761,-1.52198391743300698,-2.48646089484949284
-0.232550790080278375,-0.571134043577417261,0.585938711552368985,0.0265456169660593586,0.31019397936444959,0.373128705796328675,-1.25690160197971434,-3.33554461700156057,1.12868512257729869,-1.38132656840903567,1.80086405609462807,-1.48967398442996402,-1.56724552073568213,0.0746395451517367359,-0.941417038051493904,2.01467601805565266,-0.0169253965291315395,1.56472882321047546,0.730127585250769373,2.71553090051569823
-0.0727871790443590516,-0.834281575847396373,-0.0767008630526174046,-1.92485842067184953,2.67224818598951064,-1.04987452093623768,-1.21184293160107726,0.982132300166973171,2.00279033672194107,-1.27700128106008748,0.318622363576096634,-2.15758830806641955,-0.974085459183772984,1.0246062450921094,0.834007008543000139,1.61379976404536496,0.751297288584475642,0.972262846809650583,1.73846875942662393,1.21263995838642868
-0.998227275782840207,0.100019626718346188,1.02768870147448133,1.52483149765391501,0.199775313400159055,1.12452234752237712,0.534862585675797919,0.1209683575881772,0.19279472083165769,1.27848984757770157,-1.9965660448976037,-1.00347025554561431,0.276263349922259482,0.730450009167696868,2.81294793847946689,-0.752843018499193439,2.10141244250330361,1.26233738332522516,-0.0741679584256156044,2.80775861048222275
0.281431566012552592,1.19905782444405795,-0.468154718036484341,-0.716487774137124833,-0.186212103508625132,0.853947059372818451,1.23014735232533012,0.559417593461566165,1.10831261897789823,-0.0807729537384538343,-0.997245442701868878,-3.67868881984311225,-0.0292792051281199027,0.63814336593184251,-0.96190375532262995,1.40009053549167439,0.771292790826882624,-1.18145741542749683,-0.695478790761362098,1.69029985143050387
1.74207329822348234,-2.91352118661530923,-1.86992325273262217,0.744584219821362914,0.392063069320888968,-1.13261599225241283,0.767549446687346038,-0.233718983999724239,2.43829087331351868,-2.03517448872678397,0.504584075290443135,2.77614722812284009,-2.89118401716408924,0.153162428074062384,-2.08852584774659578,-5.7902451740839469,-0.228101031405087779,-2.82152541547568925,-1.56570741109402944,-2.29685799846545224
0.638806969975334149,2.18217529539232924,-0.440480007030340515,0.614920816324164843,-2.93341535245016249,-1.74677041396447064,0.171576417711939044,2.23003017875418363,-0.246704667878421935,-0.00766127746596995726,-0.59778921801191065,0.846235542093653703,-1.41273942336956249,0.0147224157299292308,1.25287621132891558,-2.6553050943257519,-0.620839944391925136,-4.06706450801381436,0.604622438074675084,-0.805080822881006575
-0.225655819875404978,0.0214666785548212127,-2.21684925961092638,-1.41904993413368219,0.386141665870275708,-0.519690991957065807,0.442206865059277865,2.4709800854896975,-0.909596398087208602,1.23281710966868197,1.00626527285910017,0.189214287640430662,-0.957825008254970967,0.64720160213174216,-0.529876812323049173,-4.83719280347121661,-2.25575461491634677,1.83007061204083565,0.162811965956948551,-2.0034890888245358
1.11721194931264844,0.64522102129542025,-0.792953853692203836,-0.791987571773359988,0.0729055238618389057,-2.06365830275340079,-1.62444114624027658,-0.669525551892199977,-2.0889358150853683,1.15672302587760334,-1.82254156112925103,0.352172128722683719,0.175792148369840667,-1.04949049331009947,-0.363435900790150757,-2.45509148228573748,2.1802557137634011,-2.4829522392683816,-0.57908170685326199,-2.11277317144636667
-1.04690291222869436,1.71693447564156187,-1.435833969257023,-2.09063808586942335,-2.86233823972799772,-1.24761760724648085,-1.67562690173209838,-0.77774228706043258,0.922505263266167885,-1.35201800420770391,2.19971966199872737,1.21061771016297293,-1.81078928598553612,0.588227810496345649,-1.47093489661910803,-1.96064934225705589,-2.87532680033957488,3.1721614805376035,-1.95801024780934374,0.769327943041578255
-1.91531093531883045,-0.956073545264882751,-0.518848262401882199,0.130486346272856879,-0.451107414538772622,1.21837733154655736,0.443645952744797567,0.578568078396711538,0.171670417862812841,-3.66493893902273626,0.0499408409128267936,2.67410369936100745,-0.571345548198866737,-1.6781662045839445,0.878361387480478983,1.96054623278738305,-3.85668417066769242,-0.14057836336973431,-0.0523838161131289157,-1.40062410665922399
-2.16151547829290847,0.323243716177878393,0.490675497390021864,0.172549101513838621,0.647675684220933134,2.45070174321131695,-0.611979846928042859,-1.83389328035842936,-0.0445190157514696733,0.705204847639780641,2.56068515761532822,0.545638123149152166,1.19239786000390047,2.03111230808527932,0.261289084930911741,3.63663126557727789,-1.96189733555835599,0.373398767088948813,1.78021608504263096,2.6357788606352166
-0.363160373240060341,1.09670355294388777,1.48206049928680494,2.09635212935996051,2.5643119515780195,-0.7102221814330264,-0.74354681381278398,4.11878457449796898,-1.05956981799413774,0.651807321820971786,0.653108432168590491,-3.15898503335154857,3.39012600421408949,0.081765769768218366,1.71160262720822454,3.65894500862751348,-0.0344262211241695981,-0.153810565828594425,0.815622731315998384,-1.73294556680195799
-2.07912586813738098,1.60367194616950592,-0.199699777894929598,-2.78953477014969309,0.501926964012845311,0.60226679580406417,-2.14908690247130929,0.304397981733271927,0.723052029644536409,-0.655673761686033973,-0.963035606450787007,1.07935239608245293,-1.4650514237471175,2.45720146675827955,2.4961159914191291,-2.96976681258623243,0.924934145255192797,0.61025738013732278,-0.793079692689095173,1.81925821873921678
0.577825289551161081,-0.331080619604777082,-0.47328508296717281,0.818091164553663708,-0.899921172788881174,-1.02614535499843162,0.76914755239927235,-1.21378502892688234,0.679457823959324192,0.768794656296902246,-0.306715528708655982,0.317571822314805519,-0.831460115795180199,0.00561972505864958768,1.18365216655498751,-0.170549427849388369,-0.844290587523736979,-6.90702241932308159,0.325764286772812439,-0.945968286295572058
1.57751488677532081,0.322849315189277508,-0.301017661261383851,-0.497045793149676618,0.269810092364028253,-0.988235763220235874,0.982790054690507842,-2.31132705080508982,-0.910079599420125396,0.756445492955663434,-1.96261610806650899,-0.873418606829385435,-2.39808115212043393,0.417321714321049364,1.56464335514322084,-4.77908282860547562,3.40290482169896213,-5.54276493481283339,1.26810668441029928,-0.931893991662187116
1.93438968664581679,-0.275635955869270921,1.06458206800878896,0.416272658547267027,-0.776657667032274235,-3.36090022340695738,-2.37516792792945175,-1.82178853092729254,-0.106969125389108494,1.74199947204680572,1.02063069432186948,2.76804138569442282,-3.29161370108733919,1.12518824517463623,-0.658243232225376063,-5.54579393331446546,-1.61907124576650729,-0.853446515339617573,-0.310958281556721727,-2.69539465253737598
1.65869977958174797,1.51487577634795079,-0.037707365756932551,-1.2138843832294921,1.95293302801347712,-2.17735186228266686,1.72734383604141484,0.638105830737596191,0.262214015095815045,2.03380699149815625,-1.93127184288212872,-1.57919137140746813,-1.85859355308552976,-0.308560496547759244,-2.59947899358804246,1.70586152567747407,-3.5371155324451653,-3.37133809408398077,-0.63985108423851611,-2.43418834363801651
-0.975726946646063853,-0.713521857965315864,0.576641780034552465,1.44528570674826384,-0.806008557700673367,1.48217908203604409,-1.74767213753647321,5.03231771695139596,-1.07361264908221066,-2.47809369295793669,-1.25115189468461518,-0.707292163694919429,5.06241919691739906,-0.388859087116391944,0.739434611050675317,2.85889952316364448,-0.366464156427992516,1.41016181515032435,-2.58326626983745422,1.96679088801695312
-1.18790426444701835,-1.47532224456813066,-0.120564198838840161,0.37977284791618432,-1.0263733620103388,-0.578230177822557367,0.162489824714119102,-2.76072775339433507,-0.67600646822900734,-1.20416349805060818,-1.64872960899728604,-2.49452544323681513,-2.85068948015525114,-0.690633527827459903,2.87476631314303654,-0.39998262224435932,-2.27679960882310972,2.26678384074718009,2.19163104339225256,1.35284926421841556
-2.14843320742020705,-0.446904146893262744,-0.685591609854838357,-1.68820382978518668,1.63957784938120055,1.62906229773964695,0.351934696839027117,-1.53974540471493881,-0.87558217433443053,0.941347593307262809,0.71332790625746878,-2.68063723649942176,1.05924987975984419,1.31698044182492002,1.38282116392718368,-1.38184280983923791,-1.81458974347611535,1.2156875470475379,2.42868263000614171,2.32552450523958454
1.43514160544704317,-0.835501822091434088,-0.192038909195372365,-1.61528658760855981,-1.25458839217353901,-1.74835885492570497,-0.315384537369321927,1.20855737462963542,-0.0108385674387674637,-0.753567620003862904,-1.44074676189114204,0.28261389611266563,-1.30388573607025715,-0.24501729783271009,1.45732288238172081,-2.80613610652917567,0.962295157186883188,0.483509450245837913,-1.05517995462340397,-0.19449155709804733
-1.19531551523036761,-0.510626635899362524,0.821067062266799597,2.60208051174974386,-1.33390308297277271,-0.584454388056714458,-0.53725986892348554,-2.36734316979034531,0.1603121691737944,-1.12797692594348109,-2.64197215915089112,1.6817755527639624,-1.09735967080062924,0.191811611751106253,-1.63053281147068474,-0.698621095992111751,3.6616523445560305,-0.979779993155110551,0.822838599353399647,1.01629912610993145
0.512595056287993067,-1.74709537551969341,0.72935782920005332,1.31295512778488477,2.75248434173909073,-1.84283243571805455,0.263701394235495157,2.31767009749726638,-1.01355369127832051,0.809621576314025759,2.91849879173151194,2.22389900989892064,2.32043272494489949,1.30109712102655273,-0.757683390650301103,0.227232598333899888,1.21143898498844083,-3.66120053723731909,-1.13694468927471637,-0.861255991337650961
-1.13593326540462325,-0.76720025601589803,-0.453076906844321003,1.26565780871997413,0.491122382880132324,2.21247028060984441,-0.810253681542179249,-0.327952209974058051,-1.0951349592973938,1.60941852992923029,-3.43571087925309193,0.383092154013039254,2.45080026725484057,-0.0387697345920234582,2.42888508170728112,4.17655572877109549,1.22007964312087669,1.3401811756618478,-0.390545165611158041,-0.82871944802934594
3.74502871365799539,0.502493439060987535,-0.681789310626996881,1.87686960971652717,0.245047830895185309,-2.19778962131270861,2.73013560229397623,1.8495900025119858,-1.54057996515024276,1.0871185935042218,-0.344848846695051614,-1.63128797346435217,-0.775361573153634742,-0.631539733781693702,-3.24027568624804729,0.814734083906944351,-5.06453596610500245,-4.27645911956977898,0.85236660322738611,0.247149622551120718
-0.43523646799754373,1.24723015154556816,-1.52816417717778874,1.11736560346031788,-1.03225751904081342,1.34866692678608091,3.03198764521975583,-1.51092816656737328,0.858371761098001507,2.67090199498284653,1.34020856013636958,0.247969710861175557,-1.86525032888986231,0.240843612200386109,-0.0192806151073374593,0.291819163613554922,-1.80606143558934384,-0.259720109378171637,-2.60220413231393177,-1.78379856656183922
-2.10487612441664584,0.141603958725737167,1.31496201433054849,0.684794587670178423,0.512838301071543379,1.29231350140465984,-0.893290400716840627,0.198168380806334532,1.25042567922146808,3.08977176311505675,-0.23654974563117856,2.36777770575181989,0.489470581814727912,-1.07838362161271872,0.260704999180318198,-0.67406821589011523,2.16381999867314168,1.19819561041259171,0.596679004250757372,3.65607170416878313
-2.13075444148466842,3.10123843810909783,1.498763811776338,0.25151822966907611,-1.02654235209456957,1.716255401693074,0.0265995964481944673,-0.466103958912734651,0.375701637361846974,-0.0246831222837779925,1.17871330486878922,-0.449398198060242504,1.22218414155550659,-0.850222233130145888,1.75313178918618728,-0.256868240963595507,6.1394587751496168,2.10442482714932977,-0.477068865647099327,2.65487805536052024
0.0482953420606536607,-0.187398788924004855,1.00294389921874694,1.80052630547666404,-0.504617857666485037,-0.0725390377506870548,-0.207048965361780413,2.29326775248977244,0.4432633103696898,-1.02333378706075373,-2.88285403622873648,-0.235459221172240524,1.98280753235368468,-1.05882243233685358,2.16095927205206229,0.801392685739701793,1.63080650862815113,-2.00490318538159373,0.124925693184715886,0.212109754049716076
-0.767256829301553367,-0.258890052129695958,1.55640158457263955,-0.244352443796567564,-0.0315019151820692539,-0.323607296336339278,-0.159400766793921123,0.238806979843907585,0.459884912100413157,-2.15827776508722335,-0.190510981617063785,-0.851493321938057379,-0.766134986349488623,0.810926370008367425,-0.459687470618867666,2.66440998870042511,-0.91571848406947276,0.858376897383401727,-0.0719335904163459217,-0.123981672537911133
-2.91656605613060238,-2.77883825495532166,-1.46852115339693601,-0.00845222670524386002,1.15014196548339309,3.40229040758844592,-2.12724551362911773,-0.558116187531385144,-0.977863582345482207,-2.76781044567185486,1.23547897912394422,0.695834923545962436,1.34808932162418715,2.07119888163335419,-0.439762343319588078,1.62432640012042118,-1.1021753898537292,1.0137677925329831,0.653929165186839412,1.24955522296622501
2.77212561875280228,-0.470249701083639282,0.141607116304026198,1.47913738080793089,-1.56393522978903721,-2.7583528475760537,0.863550716961649645,-1.48726806588582905,-1.6920541167831904,1.73317862252405086,-0.37156992953945811,3.32030094677613752,-0.780517249080934006,-0.511084031558612151,-4.29645521334015346,1.97496360199196164,-0.0623984796976709555,-3.5501229740051512,0.830599365691589875,-1.91433183982710786
0.35852988033745492,1.42246994826942363,0.511565723883699364,-1.16651793787397606,-0.983387160026712559,-0.166385844875376138,-0.788537925486257008,-0.211008839460329695,0.0835073331652134848,-0.446368489598326368,-0.749161693437738863,-0.421557945486846997,0.0819842824644575197,-1.54013355700443855,-0.0258886017035098066,1.17685859685415828,1.82204123193288314,3.20692324359877823,-0.487916701029307731,0.646253528743157779
-1.51602814626756355,0.269718223790178901,0.0776507770359764204,0.0764451377987833552,-0.535834738913717135,0.0339790111627032154,-0.308549369329332079,0.517359538046237577,-1.2107916080180201,0.00945409039213949628,0.106314211687233318,-0.470885549159321515,1.84705191947115188,0.793282693604738576,2.25175062528303016,3.98656146353573071,1.31717389911376892,1.88292263812423055,0.836178521793925045,1.21902638454149814
-1.12311487401313825,-0.847695142016937075,1.30453687626075276,-0.213972752902659102,-0.326114350503491579,-0.243135256039712117,-1.05394410657223969,-0.14548095728765012,2.1675553083998107,-0.307819408931892524,2.20554201654810234,-2.06216178342829037,-0.873572129570637901,0.964976368921276029,-0.674915653214966715,-2.82298895418976414,-0.77235320790432116,4.72734724266108763,-1.26344350557613261,-0.447669487755903928
-0.906951735844610418,0.0542380093626375279,1.19713610542486704,1.88403106984842883,1.63610961396512478,0.206934950477657364,0.778800059263368483,-0.926656446339444884,1.83255356700949124,1.65285355491728692,2.10081352992845716,1.08477352409344019,-0.365956577669746375,-0.117612324049622047,1.10688134713951558,0.206233218475948971,4.67767056236952694,2.17339740735426101,1.01636330233822147,1.78128672164634949
0.251887776129564367,0.927593340905327191,0.150861672853389778,-1.3054183475018668,-0.121599302628765352,-1.65059902875414055,-1.04212442659931215,0.498786523682173855,-0.227270010875883416,0.651435719553854709,0.381694754292726091,-3.3412435087544301,0.145041026984370436,-1.33532983049509202,-1.23916812759190798,-2.37646807531917625,0.598089915150195939,-1.11772082541135576,-2.00112824621270269,-0.838309480830643938
-2.08114467250333091,0.904490962760194805,0.713705892408677878,-0.59139194325323774,1.81002654954933084,3.60074155296907383,-2.53307893128699257,-1.61553753048556903,1.11336040207140097,-1.0892506980158001,-0.628115348068834511,0.190721085635219889,1.5615886817293636,0.638784279022602486,0.941336364248005042,3.47201970950319394,-0.809988341655744293,4.38773247431303393,2.56502009450861435,1.35575769521742506
-0.681685128600826751,1.06747079061273187,0.0766719639829107347,-0.68101475067131223,-0.684910574820945528,-0.249291793585352917,-0.594118602945991281,0.918841774783351162,1.76300436865759469,0.412721211965881629,0.396143773347560457,0.200323125374352151,-1.73587078876950041,-0.0880417228134827007,3.7065490268424881,-1.56833369891453267,0.967145893742680451,1.80111302551405483,-1.49432801968664641,1.18607251239316436
-1.13304584604641034,0.244854074155295282,1.15759160577279752,-0.487739443683663454,-2.99543623565780148,1.91119649310500428,-1.50656731923662557,-5.52881077792287545,1.28110445298836173,-1.58176261691129971,-1.32731942061997854,-2.03095736434589247,-3.54520071072744347,1.00368640852192281,0.571361021805721903,-1.94961809225936866,1.86764480835740732,2.27582721146246403,-2.18102655709066262,2.33074420957228412
2.29842987622220463,0.240761275012846721,0.133909533413585136,-1.77089472357685795,0.293145195184925877,-2.05941912701433427,-0.783397132033640697,-3.48439352961108284,0.701254572094623274,0.0978937719577292614,0.0313775313236920941,-1.32533039983750123,-4.22115114458071083,-0.866491214287467004,-0.995181014145280263,-1.99289037972360883,-4.04225920813770045,-1.05444271191775574,-0.909813236638462808,0.294046843321728535
0.431093394876535863,-1.0109793099276374,1.49526042286928518,-2.63277338913118486,-2.03952357038964704,-0.176544845451446469,0.664894840106643792,-0.0300434693217301874,-1.40247038552642733,0.0491813004284991015,3.23046854737715972,0.759909553653406289,2.83452436713297296,-1.01489620896357113,-1.06520514940279654,1.19174807648833525,-1.79726671903630697,-1.79635506217041563,-0.343666392234508067,-2.80836521746410206
0.549133461422946167,1.05072276229917816,-2.00673259379140267,-0.838727401290304986,-1.32579330853430477,-2.05678328794238885,-1.81231288958282866,-0.284096846044758489,1.27825979250875088,2.69524056666965706,-0.097346381361159931,0.804591384612553751,-4.13795312200534759,-0.348927167854199693,-1.17621779188354636,-1.03505890352879337,-2.51538974820273165,1.61223769109416315,1.21850650853310816,-1.19227334058899026
-0.937949118912561941,0.0985122196907431968,-0.104847163366948312,-0.430936827430789871,0.252363026769890697,1.38533466004380346,-0.857984850324449932,0.912531009167612206,1.47638562253790262,2.22933416657809724,-1.02938621767422656,-1.53778496760058991,0.629876910349704278,0.0557442079185745121,0.521068122237150377,3.3870060783717153,0.710080711605658443,-0.47660308625936687,-0.369552733324263583,-1.09224990760008667
-3.30042851451638475,1.43556714383146233,1.33359325011872265,-1.22535135916697979,-0.0198225462607330219,2.74992517534323699,-1.7070894992585377,0.622532944238476715,-0.404599847811804691,-0.85989322503583776,0.721517308514438183,2.3040672954143524,3.78149939570556937,3.14342765372491151,2.09307145045944853,1.12615340293131316,3.63025553663098588,3.90690920306459155,-0.913113375029808272,1.33384685918939527
-3.53818102576019955,0.905242634318878303,0.359190363177297189,2.81702552014584651,2.4230679593697988,2.75220338809931464,-2.43275059496536183,-2.58494589480727877,-0.940434995590159306,-0.339509939523883919,-0.555642870048496995,-0.145456217058846565,0.0446235755787500812,0.387253318902903598,1.12335512551914052,-0.608552593950927201,-0.117240705116999147,4.02767028312333508,0.404942293082959037,6.36688211014950767
0.67235347417916258,-0.722838246441573129,0.985403985623628853,-0.0575606267403120583,1.28272289125640016,-1.36936426585517368,0.0569015306312362634,-0.850246586042333941,2.69759137576544994,0.708913833849540209,1.02471080042610008,0.898647743756655015,-3.34965720043614246,0.473293552718416777,-0.936195050710658117,-0.728124298798208724,1.44991376242500647,-1.83968160758494026,-0.180519583107737552,0.610357330676081333
-3.16356295596403836,-1.31922640093579147,1.25526752440252487,0.929111787530545019,0.0743251739088257313,3.04584178263520178,-4.0692242196797217,0.764673970704426775,0.974032259269699718,0.89662232876681891,0.278629070324983574,1.65063565965500603,2.54375276053198274,1.14005404832043511,4.65453007900914351,2.235129358301295,0.209993327946886355,7.05682694835791136,0.0216858601293840637,2.40742900034725782
-3.38606706487571163,1.18405415840763006,-0.612966774517007762,-0.341214384595983189,-1.40681759302684739,4.25324685725256391,-1.39276242332292521,-0.733985732976941252,0.389632850950981546,-0.017037921948270876,-0.654286586586329544,3.42409505200710607,2.20135354054091392,0.5090169689180295,1.23028346874351224,1.05010875672135962,-0.0716936777728046648,3.26733197523911612,1.5235108651572733,3.11468626471838661
1.11387403321035139,1.91455776469487882,-0.779307972470496435,-0.822883156753790868,0.340225330420229732,-1.13733489691053924,-0.244528216458440528,-0.915549312077308386,-1.61785042454228711,1.52963389119044701,-1.68088728184202041,-2.23723255674471577,-2.96588653590365414,2.54751933414808507,-1.44779871434638441,-5.79732559427289651,1.00389095958646402,-5.3787756430545679,-0.618719143094677237,1.10475099806577659
0.0384444050879772237,-0.631304624576440099,-0.336221426666509449,-0.456338138240539426,-0.344961407880922943,1.08973000260372199,1.11335759677203416,2.65104459385493563,0.37289674757200636,0.555100737814355427,-1.29212996849620576,-0.61307466725828863,1.81280886690142906,-0.936624761137702322,1.29423996677949016,1.54445731257725982,-0.00811910686982385277,0.0959372257704007164,0.269107111831621504,0.876711709473516621
0.284089514849493741,0.297695616339652802,1.75965297276753385,-0.0684242592261298521,0.344222973857999492,-1.17506789242492427,2.0456097029218534,-3.57354787522233464,0.219718622451021611,-0.107180232609009801,-2.58143465769053027,1.53544002704603133,-2.43407325375297079,-0.759020573722319125,1.44319251668315562,-2.50395363266593263,1.70401543075399919,-0.0620919079756963241,-0.146482722911550733,-2.97818597416416253
-2.09055678417374313,-1.53927140718758948,0.0381864725241350955,-3.27623629288508322,-1.17039829720673616,1.77746773211064601,-1.96555571985273181,1.56610973189592362,0.631667457867979509,-1.22644355984111741,0.376545525201027964,0.056178702809525638,2.19303104775779945,0.238618985495377217,-1.00951619642932089,-0.556105472845269677,2.67987472082633227,2.9807502514669193,0.0609421212139952331,-0.901769432791121317
-1.04537364273066791,0.27404680091411926,1.33811146354881472,0.421290767412467404,-1.21869869991260682,0.0729183159877847126,-0.928849724833283541,-2.17942358553016602,2.03193504846928086,3.03543567809326031,-0.92331701280767009,0.252442351856471403,-2.63393015260557428,1.8176624556415073,4.48254959647717488,-0.830591476947718732,0.735828949360940898,4.59804442678446801,0.795498571661181986,0.209492100783847612
1.20949211837429815,0.609067662417497546,-1.13634239791561931,0.0567729287349831441,-0.736484202772637153,-1.30977397889283353,-0.244179451104101719,-0.13418416254096488,-2.34171357048278672,2.0736919338007529,-3.17429282637630639,2.27645109258987688,-1.14761307584624439,1.5623402371933206,0.261165930757094766,1.47033243674097136,-1.13636069828292463,-1.87049639956213509,-1.1953748133235973,-1.12223256451322762
-2.904824281940662,-1.05167143423943754,0.126555743974705676,-1.2181831360591977,0.515956626265898888,1.2985697146237043,-0.843306583048538227,-0.367772129010337678,0.977205808414593258,-0.678678158086786998,-1.64573320530386891,-1.46174133026008191,-0.591332270897656165,1.94601284788961104,4.17436236640993652,-0.941513462169903059,-1.38834282807560339,3.63586110230057757,-0.339837956365909855,0.90785926360969138
1.67387458064628847,-1.45355163709844759,-0.362938565642583588,-1.1869956116011573,1.63759189891599233,0.282751265900997917,0.761907867501614544,0.492728167527150207,-0.320920128559617213,-3.51711576931426251,1.03820254500486508,1.35064323786715579,1.36321318637624045,0.444483339308350989,1.71380462593421856,-1.619447622578436,0.00948546892209903812,-3.3002194378013372,1.01039202800470873,-0.98381245941659301
1.30908074945226738,0.223730223985375426,1.73512791087435492,0.26549835721290177,0.77248283184149058,-2.10571068321538091,0.431521678611603565,1.79983280595743778,1.79497382135931138,1.81389584052208264,-4.23612243422189572,2.26815872482436331,-1.33714577682842695,0.539673488572645632,-3.86387656288846504,0.420170934818236308,1.72329790901684787,-2.27116920168317593,1.97365588062034214,-3.54853142383360876
-1.31774920327344858,-1.48770119844161908,-0.715444462489066013,0.0184375028039340076,-4.15000256729912476,0.969488278165917539,-1.77025919984595337,1.08338731526632026,0.786356753533686281,-4.06048627396399198,-0.0923171224804244656,3.49573321765334422,0.398755135936532168,-0.244671754649681411,1.63234200517763295,-1.7395559115954784,-0.197154800059559571,4.80219780244846639,1.07100294827045239,0.643792457200298096
2.20322740254497429,-1.09609775324626502,0.120818275564558542,3.49496075057066768,-1.20810222047330962,-2.2117457987130309,1.23595095953950951,1.47527931416198976,0.927194476100834497,-1.30302748746627128,-0.0793847189773860956,-0.867490879363082557,-2.2964215336964342,-0.558438053537937629,-0.231725720188658224,-3.17193086864074569,0.966993070808477517,-2.10849579864182513,1.59947081360781485,-1.25575218288194645
-0.130552709200754818,0.594796308192334422,0.300604369377425407,0.116539245691054158,-0.489339566591747821,2.2215033508892339,0.780525581248314726,-1.26205436151613259,0.706576986041907107,2.34454274121360973,-1.78875949364948261,1.50999709512377112,0.00667625780968422559,-0.563050925643730826,0.837572027117277629,4.78100846451696793,0.0893833430043421695,-0.911092301233990876,1.63670710630462102,0.321083326657177148
-1.40739340742250429,2.40975643140894391,-0.130961617731120167,1.5644792515754018,-1.34787638180792646,1.92495730026983591,-0.518355095623318274,1.77962819720469456,-1.8185552401441798,2.91147728540768957,-3.20331063013217943,2.49491827713857273,3.22902114456691747,1.08486273461386773,-0.26968142760397662,2.41064594201704852,-2.26206837664571969,4.95689116346233138,0.0173411463278619581,0.774527119803344877
-3.05548246351421016,0.325510934768675542,0.598356235445725693,-0.312057473118934281,-0.938747955499054987,2.37414163749169083,-1.92926864080737426,0.287948789167186636,-0.0518626165138419623,1.33323010297994049,1.15966883035390689,-0.586757331381879133,1.46420946010937447,-2.15897542632439654,2.49856629166652855,-0.186343326624153649,-1.9972007357606385,5.43271961683630522,2.27448776383533913,3.13119137025676419
0.58696727362529233,0.0230623824460315478,0.473170216563480295,-2.11127733267576057,1.65020256439142399,-1.17030057625604389,0.271657707947818516,0.336112601468703198,-0.812787187027706137,-0.903806156403426875,-0.172050660174466907,-2.70258028289744434,-1.35251728852645003,0.815667891665580735,-0.233852742801021973,-0.991284494328017352,-1.50439706255701888,-0.872515051809063857,-0.454882833097035255,2.66600362429178395
-0.293251336537597163,0.76870031159850738,1.79147235120118586,1.43682989387428139,-1.18204971036315842,0.467556954630752253,1.15486280034783939,-0.419526164051911288,2.06227221091456192,1.76512527887124104,1.086763316385156,-0.835710443208248499,-0.34979344464897294,-0.143211665749159667,1.43735525504136907,-0.932655364960757738,0.937144870614744052,-0.241523896525550952,-0.0695123360593875722,0.435214427479716337
-1.58543103017158127,0.104231619906397316,-0.787943187868471506,1.91944202205591363,1.58115738369397096,0.477319228124278239,-1.00201367699418897,-1.72976825799174705,0.818973692348709759,0.207697663230673263,-0.781467443752478119,0.547600917674573084,-2.08327810182627671,2.0847314683891347,3.30893963586512108,0.11253911266711035,-4.59712213890979537,0.62535626195756111,-0.0441569753589128033,1.22796772348625205
1.26183692786760093,-0.136310145738950506,-0.915358511310473189,0.474506845744301964,-0.144463377601152604,-2.25456451663199564,0.810212052643004776,1.48108654085147018,-0.649749793960597954,0.72098170530485084,1.13108857299685672,0.229314928024421272,-0.925606378012482467,-0.015493621179810917,0.681350977244139289,-3.18792700679714702,-3.90591789264436073,0.092990754855508867,-1.13457122500976215,-2.49627933437006932
-0.0269290993277963714,-0.0556262222509774779,-0.62053454696254684,-1.40024592470541531,1.40763519342437382,-1.55943639599203898,0.894992544081378072,-1.01098961868742765,0.942277327209809612,0.0513958587383369567,-3.12043573217667491,-2.76368087866644085,-1.46065548130746969,1.87152238514572056,-1.36053950927575351,1.01260855602471089,-1.44255678970495826,-1.30806195619228216,2.48862575924651486,1.38937073443192194
-0.320413640229016639,0.0656767691552530564,0.667080999692786114,-0.898396199954380248,-0.215961784865926792,-0.0836500746332606293,-0.870760366380085027,-0.16493978918300306,0.688989687370371917,0.253764126074790375,1.37010989370582004,1.1393606143188697,-2.1734326638117869,-0.962446771252900124,2.58700564943258771,-2.19907581203284241,3.38374946099174734,-0.01916746265423366,0.842683849193933354,0.902685120146647146
-0.0352337579459985686,0.714731884859166944,0.647910697576181582,3.45824420366453378,-2.47604906563504068,1.27494491179092972,-0.532712293692494732,1.55590671467417074,0.315617998886277173,2.55279851390244605,1.10473004586342971,2.99870310191770528,3.42017320401134128,-1.14584004568378006,0.375587007689989039,1.61451469515486257,2.19574742393369471,-0.0521240255288870566,0.972778679926605605,-0.0452138635152282906
0.912733239596460244,-0.677854111220592914,1.03771357918337093,2.97406886300739792,-1.37563208193955999,-0.0985175670479834786,1.26976570001114553,-0.894611619482232778,0.729581230166346906,-0.796107430880318434,1.68538335837304265,-1.34574192050707953,-0.906486098078999603,0.379509466457556177,-1.80605834695031908,0.0441681436661725269,1.41227171336274449,-2.57125729675373105,-1.47488617253014831,-0.924413710804344646
0.322892063892392611,0.870738638503718132,1.29657786894449467,-1.8365708552012785,2.61172432210867678,0.507556324809716686,-1.44101059670302467,-1.94216727353309326,2.14346486876082976,0.922917527503655966,-3.13162612212433755,-0.0405899678270026029,-0.267407143531718405,-0.475704328100266804,0.742923462603210516,-3.77158952331662478,0.249208747050168766,0.823139414201320641,2.01732217281504234,-1.16713281340792729
-2.0879822640472665,-0.233425521013952531,-1.39076762333858306,-0.508329218107811398,-0.195397002091345556,2.47689221016968508,-3.24375791116575263,0.694856165476937848,0.569408798676455663,-2.19387015157156906,-0.926816740236003134,0.972056366274158257,2.94702320200151524,1.21068190416906307,1.56075631326478126,8.352188438168616,-0.819720652837146124,5.09396667294258254,0.443087243869602077,2.35722884485162165
-1.2290863187064931,0.416073672007110096,1.56218994626006191,1.55624938431464743,1.82608292143378215,1.30526662658868009,-0.387671278773845607,-0.212444753220988269,0.263965781884082651,-0.696327975252560849,-0.512292487335020197,-2.42908296129702128,2.14958213403643006,-1.23555756361031821,0.463020663337609384,6.87507806500815466,-0.174229763172640134,5.590504049425987,0.415591725824837388,1.41031659288298483
1.53157239953960533,-1.39505051822110593,0.995013536401053611,-1.17355706052427688,0.748550102437578468,-2.86475661254044134,0.068949639203498031,-1.71968735001936213,0.619154123611137086,-2.47713785361187666,-0.595647125592235871,0.761037396165169855,-2.92146565132769975,-1.77424749990199482,-0.591369506801575073,-0.76621207239681377,0.473736932913469577,-4.17468711338445075,1.92156435389236657,0.608794114541280518
-0.622768967493890879,2.17945101459199586,0.64377060423029564,-0.50621667237025747,2.61622463117285564,0.881815267822436799,0.893237930536572078,0.716228011825751576,-2.72077963210289875,1.19172740410251365,-0.378510407554081829,0.64015278249585883,2.79937675007564701,0.195979451528450976,-0.902270952642702628,0.504205435579608063,1.47525499842486085,-2.16353371258890093,0.898185387838405069,-1.2506954836482822
0.553104474286075565,-0.640539663634874135,0.270073824257817341,-0.724879427525496167,1.10663786252263252,-0.587896324589303299,-1.19480187970223528,2.27435672241124065,1.33462376142358408,-1.86224656199392946,-0.804466253037957157,-0.194208917363675099,1.10694567927299437,0.30613024689193602,-2.48948717020519661,-2.25433554673177916,0.172749175251211057,0.154567801983826775,-0.0852957648772576099,-1.72043923363802254
5.47484831088833612,0.45214300001926222,-1.37956253581034916,-2.23207254452957349,-1.66520646368650227,-3.64968540867649471,3.44994427419871563,-2.82648627875713743,-0.0200011518951755118,0.92576408604924465,1.53948478803180011,3.72381844667624762,-5.0375453727565942,-2.57185039654372316,-5.60038315124167241,-4.33699492765095851,2.25912422965945536,-6.87349776683417524,1.11822884303443448,-3.66512496455624825
-2.30303159833865001,0.541303738463582818,-0.508850796664958138,0.39204417389272378,-0.635948091982562191,2.28981442688913717,-0.929409493178127488,-0.989284289875952294,-0.638940030984244567,1.47977369443048046,2.27186476901491918,0.394395391379066373,2.29184278776688855,1.47271318370928239,2.07967586877710664,1.60084731306910588,0.142980973591749105,-0.164434323541913563,0.516700153268043527,2.4757781783247359
-0.242651536123161926,-1.26647977101873654,0.207325238339110818,-0.176945999475001753,-1.55491575156541884,0.470156145990142216,-0.535100266293278559,0.871113033793368019,1.61907829744156539,-2.47585315152578023,0.084315372956521209,0.428636080915322848,0.86100043863122111,-1.13004798566247899,-0.601418683788860875,1.839414335943234,1.71559567876639396,0.429983642856565373,0.989991509571018891,2.43831183398783802
-1.50178340394424104,-0.252538428986727514,-0.313136509287310794,-0.0261995295592617958,1.94394421847280841,0.554037896648084116,-2.68316147630399282,1.93995148051734034,2.41541461935670521,0.0401701949465886193,0.296850568854581109,0.291127871745672118,-2.26885221871561171,0.230176773476095525,-0.345509176908381177,-2.22358065729661147,-0.982802132421938035,3.43230863285187882,-0.529849448418310276,-0.223629715824520764
-2.14910307901559072,0.464261090862620684,-3.22422750764773802,-0.73598832532621683,-0.926928848760708357,2.76406137893073955,-2.67359813776600186,-0.974862022021991792,-0.0220619079663155956,-1.09969350815567135,-0.565264211593340948,-0.721237103875019048,-2.34744490908860026,-0.760517723924795219,0.769502767698604151,-0.736916666756156857,-4.52159224363314571,2.21528761727203527,-1.06232659917713179,0.322269449792817353
-1.25632279722796159,1.11996526441695399,0.72856725984740156,-1.85329277721971319,1.37182064113226487,2.92615237099801417,-1.42245810474510348,-0.37221529576468948,-0.210953751611905604,0.525109140835462784,-0.0765330634260685538,0.413297346035638169,3.77738946217848293,-1.83199083284514752,-0.229352834282329276,3.50601984133035627,-1.2213850408034439,3.18801680238047958,1.13589261475142234,1.0973468346603541
2.09910711231448488,-1.10330292995745483,1.07609656400726394,0.963283300716907265,1.2520767529980743,-0.668107170957019658,0.537231473527405856,-0.493994043713611997,1.37208690042237658,0.393927105111633424,0.935975689697828295,-2.64518510336860091,-0.919235897017197767,-0.736347442453988532,-3.1097652622203027,-2.78979801906399727,4.17359346735869341,-2.683474424844142,1.3579316025571575,-1.29939602897516693
-0.68643354755718522,0.0402762544220696961,1.54651403487931294,-1.04241617939689513,-1.05610864522806791,-0.324749060579757554,-0.903483378981362106,2.28798262056395174,-1.11154750292736559,0.430205540237891149,-1.82838374221047362,-1.15883536744563886,2.71251286683780402,0.202490051812556804,2.48216681249824633,1.14971511293600726,4.98993516636553824,3.09934059376201665,-1.66798610090406729,-0.118095791976061418
0.932849858078202199,-0.73924729519469401,-0.513673626137508332,0.480943133269331302,-1.83717770494689558,-0.0149592889089841235,-0.0674311353500563482,1.65838466158663889,-0.256248753019279907,-2.5686914417157527,1.24568329581252746,2.50220939038788126,0.298060915907075841,-0.386855813743771648,0.0222149932478515853,2.23462871571287547,3.28009313557842042,-1.47436734414366399,-1.25146541239337372,-1.80122586061771028
-0.0768580151612454215,-0.195787141700167644,-0.165422564137103767,0.374182267990772255,3.24259120789328126,-0.315873167208739536,-1.21022498313073656,1.54992262230296185,0.661428631138541112,0.5226014321515422,2.29051961936673854,0.271618875027147544,-2.28293062507511779,-1.21586179964393448,0.0104073789953683087,-2.92715308593887791,-0.0229469027176283473,0.398527588872414074,-0.430502279714622293,-0.0293715787302258648
1.35693332887033424,0.632404910480560578,2.45610059455027363,-0.420097890725869505,0.186237591298524435,0.0150788273385113573,-0.668842711656036926,0.551545573014495139,1.89479044586203305,-1.59531374100126233,2.21247570675425376,-1.43508026713319725,-0.756354692145068896,-0.388057069117614506,-1.9492771094796979,-4.04046547154135816,0.688020927227441792,2.43712714933835972,0.955687404444825472,0.204650126948695249
0.74193088739074553,1.73548373572463066,0.888396125084483623,1.07573118814963342,-2.35717344886307334,-1.67126512773606595,1.16980009147074893,-0.855726810678204441,1.1983802537012378,-0.417786818637317203,-0.989605322802558307,-0.65265676682849072,-3.84539640777014569,-0.727867811016798649,-1.21510267681629136,-4.4875014389437089,1.70571314853682932,-2.44834903237689439,0.797187392156719077,0.706204436841151306
-0.59163607920292971,-1.04077009277851418,0.414675351506026968,-0.544968007031852664,-1.39896694426419077,0.700303640740776223,-2.18035235615665135,1.54078176767781705,-0.178038812145731251,-1.52887874076607044,0.0955081431317594265,-0.567269713613465343,1.63880435765660382,-0.395436645208390058,-0.917268091149295861,-1.45952964471208357,0.759193573600091876,4.83424639461556982,-0.218430902023162621,0.614240802104534245
1.54835567525491302,-0.162869161158862824,-0.896624131424508808,3.22003483272110103,-1.8625912787964467,0.0344071969745627509,1.46847479075980858,-1.72575063574258558,0.205191585466207138,-0.831339521123267033,-0.277380655303906487,-4.4953448323734353,-3.25938817211322229,-2.76069635461753382,-1.24626170460052332,-5.49202346552621012,0.453486038089960186,-3.90186845094963841,1.18121521551592101,-2.16017990444067198
1.17871021189748415,1.62292211035665002,0.106182041778955252,0.336568211569123643,0.00178013636472252462,-1.53252483196977329,1.15818706713936237,2.34456741322632567,-1.32997565671238549,1.12676119948206699,0.254535237562351024,-0.386965804104379529,1.33882087695699825,-0.495243455120822296,-1.34473180429449291,1.97470043897728731,1.05859837204443274,0.542144171382492268,0.571829032202549326,-1.64784094328450759
0.0624066786650949515,-0.423824509439901187,-1.3445449981924944,-2.08871555393932828,1.57895000497090887,-0.062176971152854997,-1.20901229540380384,-4.22789598075135142,-2.77816666314108041,0.163262746815325877,0.939960260558212579,0.113602163956897886,0.928896358772924091,1.21220595942050591,-1.41825641698325122,2.12768377169689415,-1.36307902921417678,0.77793801426473419,0.502260090987086572,-1.53462198066516509
0.528817277799005891,1.68226178632858936,0.0145626899459225106,0.745239362327164034,1.27352826548043851,0.799572663056157373,0.1292229785707594,-1.09426242300529708,-2.63547408610652223,2.89022575702430684,0.235048764777690822,0.238506368355212023,1.76905229067284675,1.07013803631511606,-0.447024823956715001,0.519380158730476049,-0.200833618045999918,0.780302247089899925,0.494730504462198961,-0.270483806525264436
-1.68259623061055352,0.0479435725093895065,-0.92363961045548848,0.961209426680681323,0.67809286671442448,0.608067935944985649,0.32726650515545197,-1.04477235701275961,-1.24899038194184997,-1.41985153311118295,1.516392419065409,0.133200592713330318,0.00263465674965398253,2.23645461088676578,-0.812298726526739734,-0.297304029745113663,0.936679965088775823,2.94703081778073939,1.78964767973541883,-0.116867484181056622
-0.580759180879691361,-0.969009833073353199,0.603380347885745016,-2.84421217490865486,1.05427800714778108,-0.458343588949167602,-0.901425642177177244,-2.49054174469474354,4.35387416969465502,-0.966948416272090605,-0.220457882416697004,0.294799635798397963,-3.7262350908577071,0.75755725208199054,-0.269180518211534769,-4.22778028821263341,4.20117802184921096,-0.418230142199134569,1.78988911799701489,0.402414728151978374
0.278162422208395876,0.0760298468819747275,0.794753906556967316,-2.24444517322025039,2.18633449349822939,0.373903832680206216,-0.666089036587764194,-1.76002730349796233,-0.0552525102376603267,-1.25305265106301889,0.48222346015683959,-0.641857000560571045,0.461443951007676212,-1.0692669454843069,-1.39203274493029294,-1.36351793266997467,1.47171317372170329,-1.89468234254856416,-1.82794332781288249,-2.52819925150299962
1.09045186958591112,1.43504758117057984,-0.715915838289755468,0.349034941147094657,-1.59917444067282921,-2.51365630025559161,0.602757407920251786,-1.21420438551180321,-3.58322771606318735,0.180771212751805327,-0.171246708292595723,0.113570653667366891,-1.33769752442229528,-0.458404271996050605,-0.606013601012697745,1.76384843963337623,-1.46886467345390415,-4.36255792376181883,-0.570434214505818327,1.09832735573525331
-0.399815977553290292,0.26388603529920196,0.463483942124894854,0.548398823329369844,-1.79566037969308234,0.100630357135867807,1.15231677395443488,0.244024460914245622,-2.09161306162562477,0.372850204250488038,-1.3472706384084725,-1.69995759018036807,2.59765085967921339,0.688462390399740665,2.3621524519639272,-2.14967266093492348,0.756193075776593671,2.34764530607337241,-2.00274323198128501,1.45722266501249909
-0.580735111421222916,0.859281966370673556,-0.777741844882645639,1.43219905442428375,1.8677287043477464,0.626891096877660647,-0.480668146832982202,1.42580082560009247,-1.06792676558124677,-2.162295779430496,-1.24149970950804378,0.80905212061051468,3.2437124437082252,-0.104596247775218781,-1.3626639297427896,1.95122548676069973,-1.55296864046487593,0.0163188370531180335,1.76890474764773553,-1.46601926087181766
-4.0461685141112449,1.03977650228407015,-1.07167130230191376,-0.448014117217663932,0.884406609790004961,3.63347038231483443,-1.796224427095092,-1.1080299195563259,-1.18335303067804465,2.3326404400822236,-0.265939427103316584,1.82599829822349502,3.47025438287876176,0.430583253394190513,1.47759357478497977,3.9500742357618126,2.44770976124090245,5.88450847577681646,-1.31874606366133706,1.15681998652627094
-4.08541417405810314,0.345816020734797114,-1.37980302022987456,-3.15357503562650976,0.139201619449300262,3.84093070293258387,-2.12230362012344731,-0.948860939818994553,-2.39455908631338144,2.48268155778740995,1.12145758141252183,1.33578253727428131,2.26836862691741903,0.632082022932981102,2.94192649073451395,6.92632598738408412,-1.78200256819419733,3.47078775808344275,-0.391341851303237453,2.92383332850002597
-0.321284121546292933,-0.491833173403304402,-1.2673245671158393,-0.332355924559277816,1.75135805442249293,-0.51634252942285086,0.452846117036602436,-0.421349098047267168,-2.08336448400121244,-1.05767343909552491,4.20993852872018604,-0.597325386669664171,0.489556543800401034,-0.422355171154264963,-1.43670733242522508,-2.6644482051341507,1.20506639778469604,3.33171633586025795,-0.309802696031962421,1.17238268230093357
-2.77558544206855107,-0.124783278817006876,-0.71384181270281899,0.00128855368070605295,-0.60854468895465752,2.4671484868129272,-1.11996117436000753,2.48282047137208695,-0.0214719474259627355,-1.3925590864652575,-1.95214296933278852,0.73275917443960048,2.17593795099923559,-0.0344558054695148427,2.26440975997310234,2.02430178446908071,-0.250743268024748778,4.69196766684149758,-1.00227124957253988,-0.108906865964655583
1.06381558559907274,0.0699172234501423268,-0.440253926239839055,0.709847804629280876,-1.9881190740328667,0.665505340819909308,2.02706948488540606,1.16395506648886116,0.0504663011526842592,0.347563263540174527,-0.738211345120247886,-0.1846988026948716,1.54672134463704114,-1.11009859259302202,0.588040259956341127,-0.0893705054869219778,-2.39886919695155143,-4.25393290134007707,-1.84575357246870553,-0.553455758363312289
-1.87364678380017624,-0.0352116912425029446,-0.849287625815529523,0.268078744365685184,1.55592059126159388,1.67296286147516637,-2.20525827036548439,2.52185043613257909,0.734146505419882023,-0.581886174649219656,-0.53884621563670565,-1.93986550517142953,0.987202219783102852,0.505280508916864268,1.90515410969911936,0.290549123982204227,-1.1855613988725997,0.590332251616314641,-0.24043793262721927,-1.25650431424808184
-0.75807545891473227,0.878155538480726139,1.0547071550761915,-0.068980602098168517,1.28912372849431289,0.392045172551753696,-1.43896530969183156,-2.86713437680395478,0.0516440881403244165,-0.0165403054987184744,0.256773192538703121,1.02715920741107691,-0.573418645883088551,-1.08337526967940012,1.17603086832397441,-0.362836082256701942,-0.733138800080271991,3.44675570764813477,-0.449985480677912275,1.80926143587071508
0.342667812178361952,-0.413400368135570906,1.73366025039762017,-0.41653927172447458,-0.258952868092979793,-1.50075320830520886,-1.13606489742298233,1.5434663722007711,-0.0678624092670671031,-0.249371540673105324,-0.443361118914190999,-2.00706610292295773,0.573582467816856734,0.107612842306174725,1.87260277497392291,2.77843241096263949,3.91795301907660098,0.646626499740555194,-0.909621988569401352,-0.65748372679669731
-3.39257971231573663,1.16706475838293211,0.101933310545771941,-1.02268546110748093,-0.535325659338208082,1.35178383271746694,-2.9406211294407365,1.88036889703358567,0.113327408161545851,0.269774911709451115,-1.13228430685159531,-2.60530799201423768,2.40149000488743569,0.787113033034652188,1.6123306493457088,1.74256680241363582,-1.10558522357551792,5.19934847746682749,-1.7508905107953523,0.823149200756044475
-1.58319461854319377,0.709591909117428976,1.98971133670351641,0.263354063567370289,0.732531097249461971,0.639938628087673433,-0.647063272004205881,-1.95930104119927218,-0.515893078384321191,-0.0573012376180396313,0.457863059426156516,-3.95459156822215618,2.08818924128757688,0.211490023031557395,-0.19412892668710699,3.37037655538303893,1.02172451876065495,4.84892487605133216,1.6349060180900421,2.17958542289872081
-0.0027572148786010834,0.589145198632018641,-1.46558699761769851,-1.27491856979162921,0.803031200063697992,0.687494805797830399,1.37511516141210377,1.54443999086063166,-0.776719324765392072,0.815841399196085226,0.411081956227933087,-0.989413344833322106,0.679437590026124139,0.614858988436343901,-1.76619860646981053,0.00349170116498998852,-3.61091649489154598,2.86079365767239757,-0.289178676274775115,1.60465653486049709
1.72483643039996215,-0.792183762821932813,-0.449906088821769024,0.500306747295723886,0.149988809052810007,-0.483769954949541503,0.753930837370099249,1.65922790231552408,-0.906295661008562958,-2.45338974017779199,-1.15690139182848339,0.945711656985283589,-0.882370938160329854,-0.621026070221512572,-1.02145412008249958,-1.78727126210623366,-0.87650783042206426,-2.05841527486788234,-0.258576407779885831,-2.72525506445499355
0.348529407288459658,-2.61505934512738758,1.31704271954645735,0.43445135244679195,0.806874596759695084,0.194370194195459423,1.31380351087905356,0.932486368033028867,3.09213997003433905,0.256665560962519745,-1.28536892462866636,2.81497593170534133,-2.07179432494343407,0.0433738363640342392,-0.401013180577935557,-3.7267164374359214,2.33139131058012339,2.77559438189925212,-1.91476322201229943,0.686194033197523368
0.644970256290701927,1.18133938509897085,1.04204212311663857,0.696041374205554231,-0.647998927225509114,-0.966332227771040442,-0.852461570515786526,1.37287355236356623,-0.583518654927116853,-0.548285678588329772,-0.0149206557075963146,1.73719098523111737,-1.80124520538631061,-1.72503058012758692,0.17069098022132112,-1.50765434914637497,-0.426399915264667306,1.06946028421889316,-0.849053714530661807,0.71365603517770948
-0.517225883186550939,-1.51580464393144543,0.336707232813954538,0.859578592590868107,0.832453174773994498,-0.38614300262564516,1.13896917450359902,1.04692528606374391,-1.28658275711789782,-2.88115514179354726,-1.45209735139858021,2.24964840452356452,0.973286938072896346,1.95309369306261815,-1.64090010461434921,-0.564113960009905324,0.959142749900882108,-1.06806355335960945,2.10120159450287636,-1.04581965286186751
2.9958503621391972,1.01012676672405788,-0.538326021264473487,1.75666670956007498,-1.20385535417765621,-2.02049723603097231,1.10760927236980655,0.724885409363270616,1.17069781694497421,1.00798812589546749,-0.892205964112298799,0.461934743222906952,-2.58833527935163898,0.0902207629766053898,-2.61799781471647419,-0.198181127742510177,-0.0304071399868608115,-3.50031250255309923,1.09202034539544024,-1.51961753361180674
-1.0848103806943854,0.630936168173110379,0.194853516534045285,-1.54025461544309805,-1.24062539554818363,-0.54091659138688819,-0.486568449053973229,-0.161667613325937182,-0.311498652577514357,-1.24161659655674739,-1.73955950680163585,2.09713141625221233,-0.874439905255685046,1.43686520325009015,1.62402547863445257,-3.67627408400827305,-0.285690757459490907,3.00959230681498768,-1.95169920778435158,0.0616910855592020038
-0.687135546132946473,-1.44062305105578781,0.825034169488150226,-0.36924323308700574,2.42904105574349982,-0.455149445671565067,-0.69720586947573826,-0.678688184832810903,0.474409612309214024,0.769244512219384502,-0.967434757742545726,2.75060421580250347,-0.552140678726590339,-3.79113639279891146,4.04539679719949685,-1.61156119483616878,0.739509153776226946,-0.847536791322821448,0.263429186462057485,-2.04418657375233703
-3.8021908061875771,1.10595958235956071,-0.238664832602413168,-1.19957517624039478,0.218371586297695514,2.75264719306538375,-2.15308762369504114,-1.31349929942769417,-0.861638818115830207,0.0906199997278052533,-0.18875171887643577,0.902215997761244948,1.86986426178086029,-0.152884050648909281,0.731695360793427785,4.77431460651912154,0.677181309448606772,2.65663501823784509,-0.102628472989733641,1.71388791907197024
-0.173422304979314962,0.0946484901265987194,-1.20908879148621184,-1.96919102926635214,-1.24767283644306182,-0.57220512885247099,1.02294007162696787,-1.61605319587180407,2.01920828625837956,0.0329523543167273489,-0.362252883239714829,-1.27155764887864686,-5.31523467726370491,-1.30651350485859075,-1.38299670211683834,0.193700090714331169,1.33608576582182237,-0.601008522068885331,2.72863068468099801,1.810694184974873
-2.05739472460856199,-0.0611044752287077109,0.923205978691942653,-0.747677833024175564,-0.086517291754614048,-0.764847333855901756,-0.355495293266628765,0.940920442412742863,-0.311183147092345014,0.261803050818378236,0.269937264547561284,0.882884687076815666,2.22150785789991145,0.487881049306699399,0.682377131945896998,3.6022093138055471,-1.15989329492490478,0.366683827418788355,-1.86066545964906815,1.45354156194919004
-0.93584121944660914,-1.14246071234796287,-0.464236394282743992,-1.52292478775886941,-2.85820193179777116,-1.46972952709912752,-0.804079227373555527,-1.17803895536692194,1.14636019761315944,-0.375962506668227947,-0.454218662392021189,4.10699978061111626,-3.73403577122628327,0.708326764714405144,-1.55867181031368318,-0.891043215056974258,-0.134039105020429983,2.22501920183085788,-1.40878075108802525,0.350903229354251889
-0.0996326465888906082,-1.54820314275552873,0.493405940385251152,-1.31180992952980979,-0.0569003171113755674,1.33228389991072937,0.697379852747233575,-2.01501435199907197,0.265614610563944364,-0.573717970051989434,-2.13949505653694816,0.438808307780519213,0.82639114888737264,-0.820187424523944664,0.0834203399823787162,0.228462407400712747,-0.00673997638213075494,3.04823286691303474,1.17182537441161139,2.05588969932239651
0.912727358837401637,0.74654363029954629,-0.536649875312590674,2.46671676947521679,0.0483958480222420329,-0.242112311687856657,0.592882798922206855,-0.670769846437654804,0.0229754938143531436,-1.59228879767160025,-1.52867914248517667,2.49492670917538417,-0.434920668614478645,-0.363495896370621407,-0.805383416641541228,-1.45656837599676758,-0.266796331086320671,1.80474528021186353,0.862899657458266023,0.699259060295378987
-0.106224734520294364,1.09354010332554141,-0.589769595138702751,0.134197577556065206,1.19709058308880567,1.06152799146662669,0.348190584280942073,-1.70850469244220315,0.725486408529241844,-0.546197061414152696,0.932809251474685408,0.78010848689700496,-0.647410393906383885,-0.597993025308801385,-0.869748181964836276,1.60433731120272305,-1.0250962178760914,2.59300027884176076,0.0835649704653735337,2.05075163413068751
-0.759568614060885383,-0.216774527871697209,0.633871018245544593,-0.883637844544780671,0.432783822742902669,-1.10963411037949999,0.744750875999130257,0.692822384766107136,1.45634659133225819,1.33531073981559811,-0.435219368382563088,-2.27966324085647232,0.301461798513915524,0.994775642917547054,-2.00164432922260316,2.08169790626429796,3.29348330079568674,2.13318363354050744,1.18705204699319933,0.614055856627361951
-1.01214904107250292,0.878143076383681609,0.861981149033800076,-0.813764461321437538,1.09376960443972715,0.996055987604447246,-1.79748835393781925,0.540514002149649508,-0.785124780138901635,2.40894185429301411,-1.31253361602145824,-1.13119381432789878,1.77465615185062431,0.321638433343996943,0.987727565902041693,3.31049063233133278,-2.27456113246559966,2.57905055137675276,0.327085066594352492,-0.907524739176006956
-0.348710300596549838,1.1466459053050353,1.13564643968855195,0.730646572533030891,-1.17719240244365575,0.436031896171949651,1.48439551457993346,1.05639349612000677,-1.22903906175419331,-0.112523033551210128,1.47356999269879285,0.0261989030697039674,2.41570633434870174,0.394404843792257209,-1.59948485245412209,1.67955858942932901,-1.03358751718528019,-2.8497950038631843,0.398948906189105779,-0.053158358174251491
0.392030307396441235,-1.76911185033354434,-0.0938360593560400302,-0.298454315745266263,0.669897968917462117,-0.862318565637258727,0.344364012469256187,-1.79374941388292974,1.77035798979675896,-0.581722100234262407,-1.85683257764836096,-1.40236927378405785,-4.21515770998484651,0.611126542997270095,-0.242199401523807506,-2.15366302662826969,0.690255574961185614,0.0110388376931776812,0.369140469689052952,0.757598071517770588
-1.80399816017755477,-0.0553302441436295048,-0.32043079146162029,-1.65709964238038276,-0.370272676464428463,2.54469535293287397,-0.811646417390049502,1.85286113868375346,-3.12229512082396043,0.340226394894945605,0.669263932595492439,1.2233999306045511,5.31271705369001612,-1.22529424216686444,2.95085885732516795,7.82037937493601731,2.13569650770053832,3.88462711611480804,-0.0653447748886840651,3.25841900908242321
1.05943894313143017,0.264154550053927017,0.493730065836534837,-2.88516796398326791,-0.458550198454881541,-0.91928813499632589,-0.0078228518383681115,-2.02986061970762899,2.05092910158754416,0.233243247308974166,-0.479379028523717388,-1.16854531579952692,-4.13408042097174278,1.50633557726236722,-0.0369436636604595428,-1.88245727125774809,4.69254427138167518,-4.02768688622323356,-1.1413055849056315,-0.140868188242321696
1.44552689002978685,-0.787026230120389747,0.905298839217257734,-1.15574656066669834,0.75699403422869227,-1.49531089001800299,0.334111198376979113,1.00156202617320012,-0.101242089093123405,-1.84632417016979322,-1.25343747303175146,4.87820377254529358,0.195405740735098532,-0.621784645193735663,-0.544593297082764383,-1.97920420589847157,2.0296242903543984,-5.09206342372643928,0.520033446474710614,-0.107698191454833198
-0.89037973748256205,-0.118705050665150469,0.236251036675246384,-1.94336016487224139,-1.05244376050064314,-0.684962436061386848,-0.61594557711821929,2.51186407960872815,-0.106559179553793529,2.04043229511215252,0.171124858003556812,-1.5121421803435624,0.680795411140847739,-1.47160399314414403,-0.798362102444792665,-1.92633498845391271,1.32179573555242147,-0.464279151143697555,0.360672820441902187,1.04416773306430399
-0.18822630750782815,-0.362959536753579115,-0.232042953709904159,-0.632005322304756034,2.23106087529502251,-1.18647786198000804,-1.0693064423402352,-0.937884333626636035,-0.337131461368623597,0.591370701247880937,-2.17608419208646131,-2.90096685684453925,-1.35089037075035034,0.950104699084757476,-1.19763058762650565,-3.09913854462484029,-4.49664051046898905,0.0174235428010262455,-0.127326684183975886,-1.05309057061701261
-1.81032005415760677,-0.827409389994561817,0.765794451169554469,2.15981749713298976,0.0786291102870749492,1.445705870733343,-2.02181561338673843,2.29176664160682142,0.39531437833379357,-3.00588091751337405,1.61711339542301769,-4.75294195982738366,3.36739907649289272,0.06373588252608961,1.83257437390213007,3.58510764117709702,3.32442057449120076,6.46690809673411504,0.531337936928949484,1.79260115400664199
-1.64620914142773378,-0.420970971156603535,0.261702265927728384,-1.28071781865138412,0.508548484176863824,3.0695821779129191,-0.174680230905973927,0.421759462379393657,-3.75004486977514562,1.10101732745175007,1.06718702357456086,-1.08666106920628369,6.6561079290425651,-0.437218497138503914,0.700039118021630102,8.50737823009682437,-1.7264149646848419,2.29941418959251376,-0.963464880559434134,1.9371737445154924
-2.16318235341750764,1.6912224313581059,0.72251058667667345,-1.38355509506975549,0.979534579246446824,2.95103274189025777,-0.63332271759500125,1.09964852385293477,-1.93095569774269293,-0.43871521600917962,-0.0747176133622138028,2.3832190980199357,2.985021840962232,0.0368359550797976304,0.761421301793729688,2.28507145357136121,-2.00407426912373676,-0.68990125514715428,1.55348670670232081,2.0643533127465008
0.815993750978682097,0.433043086675310884,-0.192410251686239375,-0.338441007824168638,-1.24259656339153235,-0.824802997727480225,1.63343856578872271,2.2943721356017539,2.81842743651414507,1.69686552796590462,0.858375459911267735,-0.942785977127220676,-1.43477996780681316,1.58653169591730259,0.440535770592995091,-2.39641365298628051,1.95233435713862424,-0.618071195336122869,0.299780721123574012,-0.786695050269128782
0.2628265549915072,-0.0704447025009890954,-1.20854023237906794,-1.85473176782445459,-1.58482948675456026,1.33879986338710877,0.56898932511377287,0.559902406279341736,1.94704202135971904,1.60882800058521669,0.953415928428684056,-2.75630395667422334,0.193113916840887745,0.401027832615272195,-2.00205960508547332,1.62037156710131969,2.09344018114652197,-2.20719622155824435,1.05229999727698442,0.814821639388135566
-2.28541471010342701,1.35039828810394202,0.264191567002571015,0.486612568588579597,0.0341794258442063639,0.72344262877628962,-1.81981333305264248,-3.66523254872657711,1.86132100883306073,-0.839837423633455704,-0.656718698371507648,1.3154023244256885,-2.39323797430924268,0.209575368089093661,2.222321616852029,-1.62759429029624925,-2.46254906740488977,3.2393261248809444,-0.760391994081615175,2.15205300104810959
1.62639822572036707,0.871496541483409937,1.81062990944985946,-0.483866832965754057,0.301813311717461619,-0.503669935888505726,2.13364892242206494,0.0136464853397241914,-2.59235123123363342,-0.0719072314004537277,-1.1409251656360937,-1.07366672533883345,1.95263941721974787,-0.41249707479508102,0.363057959063145697,0.302331595179044732,3.06331986391760935,0.085241809510935615,-1.490323913467823,0.312092533754596169
-0.201869450626930513,0.893083543686208903,-0.974493895536002297,-0.616994423617587162,1.70510246199606375,1.10313829772668925,-0.790645161783202655,0.902515481073287607,-1.00381507833376959,0.670428273511557427,0.071953831538270091,0.403572397476127387,0.658941077556180477,0.589835808772404047,3.47713415208359633,-3.0346851186134236,-0.712953775812713686,0.537830291058655652,-1.39532550211404538,0.298944568877793082
2.32780693682110273,1.2054254561607094,-0.088700741747548606,-1.53551483828852575,-1.59874604504906359,-1.11063815773502483,2.09837246185207027,1.43100557745145363,-0.205754822485634231,-1.45999953728866427,0.132801019095869055,-0.739859327496441455,-0.817737437703283776,0.770851301193963168,-2.86448699887764846,-2.07861925423823868,-3.46999076303272735,-3.11680555966119233,0.66346862833875031,-2.22257924961542663
1.93706664630178693,-1.71758074246076964,-1.4188104973321336,-0.662791073469212955,0.970398564169290268,-1.59901909022100663,1.74294387683744212,-0.0951716446142392564,0.265838306095527888,-1.77739532485853169,-0.582886211215331684,-1.76586780970528712,-2.4563500912658629,-0.142833278232952249,-0.0500535408202172627,0.0633438026020003986,-3.41604641132642195,-3.42201931789106029,-1.18774542240650871,0.0961389431333095762
1.38913913936604039,0.989158428973646142,-1.5684220313436068,-0.710644097437632905,1.6520622998425778,-1.45234506574012046,0.373480010113795502,0.535332674824493315,-1.23297466969848579,1.89687010845214821,-0.611218615395059173,1.06899562841060369,-2.04222196009589396,-0.458435148451518448,-0.425651172290913204,0.497313748237631026,-2.8424063278581837,-4.59706985157709447,0.0336159848013822746,0.461545945445393346
-3.05188685093886614,0.232914756735575074,-0.241560494581779778,-1.19020557962686158,-0.0574951231859539211,2.82401670969219465,-1.79494428955168228,-3.23087604095074932,0.278603501719099922,0.301987029452562949,-2.05994345607615115,2.77037819483170544,-0.344096091106627811,1.00595768639713934,1.95347791761500256,0.0894426229662157457,0.833635209461202842,2.26746433134275227,0.819970851701272263,2.73262249726530193
0.892045663229776631,-0.59314430577900179,-0.302255012706959425,1.74705228503177934,-0.418153776839107649,-0.108165468455867664,0.342232270121137327,-5.51421872243208178,2.3880692097267926,0.624902819995782788,-0.209259062169351195,2.41656695958891143,-7.02065942687260414,-1.09070056634315193,-0.0468265023228374849,-5.81297501908129632,-0.120702175227657332,0.180229399946605501,0.573987393723590311,0.618334993524533028
-2.82280596843798293,-2.1037227278154802,-1.0483053738420931,0.307247391697711481,-0.298563768812286356,1.79102060596747781,-2.16620392255731042,-2.44511051007882507,3.18545147330694345,-2.11416601754674671,0.434422352945369294,1.15701436849490547,-3.6816779163997837,1.55156440691368824,1.64184345670055842,-2.93855306202474775,-3.10766546851471137,3.62071651378318826,-0.122012819522589827,0.739706938057351548
0.707581297938408071,0.332725858251573026,0.591412956315513605,-0.220912332470558748,0.956683052402801715,-1.03158774351179949,0.0906519232759146198,1.63039373009202948,1.61213541495632318,0.293554519217966492,-0.909284806675087154,-1.81409426519607675,-0.441933589500770441,2.17318141364397599,-0.56571791229249524,2.47989947912732678,-3.53092124901785098,-0.193939113664468754,1.67911821829064745,0.228995976207290591
-0.441246490283542736,2.97408588392381334,-0.497275540145468264,0.919350393873920257,0.065864611670472098,1.89732531536966831,0.4088245105402038,-0.0627686486802458421,-0.676864997022979198,3.0116391148553614,0.706698157928842718,2.00508811990931868,1.71032591968047853,1.00317324333902547,2.27516347518151152,2.54844146636758095,-2.46982520296367714,-0.417502283768954485,1.0318045457639422,-0.629922690203464808
0.972899055026823167,2.52696611425125539,-0.597379236176432071,-1.81448667120124996,-0.0732168303335525711,-2.79066257076219904,0.33842583632682155,-1.78354473113625689,-0.337027846821839006,1.96549851548973753,-0.135317164919324245,-0.841786009367657462,-3.00001492081601606,0.129617467493999106,-1.46404444921737342,-3.86879926234648552,-0.36761963666037506,-0.147090184106274724,-1.11179649440420136,1.62968836318816135
0.194276915163347552,-0.0163593972859501433,-1.49102897831627934,-0.766993862123477865,0.209650726281357974,-1.65241529812673171,-2.00287168274069183,-1.80969049446532448,-0.636768346528527873,-0.396535633829181833,-1.25173683835491234,-1.83249782004742179,-3.14537598960516274,0.365209431030343146,-0.494352263349336962,-2.55015250390500059,-0.186840757555048476,1.28292654467207323,-0.0559111352968739983,-1.06501327650937805
-1.93802125543604054,2.2623542880177232,-1.05590671014822512,0.0677950603858633594,-0.293594369944628453,-1.17467826919262008,-0.214070361938266646,1.70170484410572165,0.09649786515961431,-0.436572092875706863,-0.121439211059304525,1.27554942796639503,-0.204605791627742895,-0.455875440243894647,0.458158488561223931,-0.459624520812031201,-2.87659733830391628,2.01747995083357212,0.780615469602713219,0.865231052206966167
-0.0181277592405025278,-1.8109154150228961,0.528339649869607575,1.03905176177465708,2.92737252936803793,0.279865107410434688,0.0817545463394004496,0.0209025767050956095,0.271354925716670747,-0.709158448851168521,-1.54297337989534378,-2.19485630925691977,2.4983565549756932,-0.339170253874115757,0.844059647506056887,2.2744419194993255,-1.57868458481546559,0.625754992394975895,0.802558111840878219,0.59910232343491443
1.18269888331878748,-0.399168695877368473,1.14907089497308124,0.180489644736500365,-1.44662283533100333,-0.7901930727960218,0.82840273683316068,-1.5698127824926893,-1.43918874707335798,0.0312398451304356471,1.85721032786695317,-0.227852463190425236,0.223015548311953832,0.47108493321572642,1.17872050780395576,0.460468152144285658,1.30306920189298925,0.279873148783236991,-1.05023792585695031,-0.379697418391375219
-0.926579816894751662,-0.389731418444493605,1.3614597907789705,0.9963039864614186,-3.79838769537352405,0.0469800531263564886,0.10463190428956573,-0.382766227337922926,0.34992016522776126,-2.04775554378075775,-0.850409532438335392,0.543645318842771785,0.585269084887799607,0.791843361021190906,1.08793353043633378,1.38063336018410698,-0.659453619118611445,-0.943416039335082113,-0.0841032510834981151,1.28871596400232402
1.45071739611685735,-1.24455443416026168,0.329997206535640408,-0.949446246282258377,1.24101371632935642,-1.13401726832106831,0.239650349090672565,0.456978348882651431,-0.205171497449359502,-1.1933477771277472,-0.612931731543684521,-1.63223047039349733,-0.77682098244559894,0.609626749461859796,-3.51406127464880846,1.9915432377407678,-0.572706373287216297,-1.3841911879407911,-0.605059868218174923,0.148015314572758655
1.12796982482460662,-0.803429120423926224,0.364202563041027605,1.54525280871924942,-0.32018505174919637,-0.207234325454255519,1.57579055379253252,-0.0601163411557244301,1.26037105538004801,-0.229875417350958067,-2.79661382203774789,0.933134657141267754,-1.39122893823554006,-2.18786598894763573,-1.52342820212216656,-4.2775256748843562,0.948083339350966225,-1.7238347904457163,-0.0259388796817984872,1.37247741409761304
-0.787541113899982936,0.864638124896414451,-0.574004753784303601,1.98724309350526562,0.632496482247978498,0.11289445146416667,-0.229893022255859947,2.5603382849590206,-1.41451100967505505,-0.0587175342359636462,-0.286344838883435149,1.05695910028893025,1.86420400559326382,-0.737299530038482587,-0.974708056401070388,-2.21446717226712497,-0.752411510790031768,0.0744711896739090745,0.862481685559116862,-1.22633941103074884
-1.01623896715021833,0.0130529285390070578,0.52811615918199184,-2.18942530295893656,-2.06400301944337006,1.58998626285131595,-1.66054539874250362,-0.738152304832766171,0.89465102120952833,-0.800623182338036532,-1.03555942290038905,-1.0027819166876919,0.0131247088964072146,-0.748973000171467396,-0.458254381537240352,-2.30322826121466218,1.38349436205161114,3.23647538123634648,1.4307878143060877,1.15464946226852194
-0.2304764933692863,-0.417926154454370924,-1.44137854234499518,1.07356556112627155,-0.9385867093804664,-0.838082821867141115,0.579146468429415973,-0.373596722165625283,0.0342205918089493674,-1.24833414567655843,-1.13665082025091424,0.309887245365444375,-0.55222959839156871,-1.09413368534795619,-0.445852037379546318,0.666678563736607943,-1.78495420075044264,-0.720062592202276752,-0.608439491179885161,-1.30029007557808929
-2.60259709342749534,0.273333150125335433,0.390076066274685496,0.353560813275939856,0.17603910801735459,1.18526206358319297,-2.15178655251011186,0.188948335397426809,1.0827257248284532,-0.419698782134996506,-0.292265236880057289,-0.96951124800089461,-0.64389974709461284,0.00331079685347126064,0.920006232678204028,-1.82127004637603629,0.40249950571516796,5.20025505082435036,1.16719521432805684,0.407839371790065852
1.68589001610737377,-0.232171290294473032,0.449809649435411629,-0.33182739139795564,-0.927163083628342766,-0.709624697569581242,-0.507626556233653492,-0.886967225166200635,-0.506931686086659061,0.86408131549229561,1.06465950143229504,0.0828291539311203084,-0.527949091789172265,0.448922682470546397,-3.21282992835546688,-0.180665168624697725,-1.10937793312253863,-2.08575551835304118,-0.181980579404591641,-2.98425557508757233
-1.67176327665979407,0.21580119063591649,-0.26432615580740948,-1.87422709965589296,-2.50088052989117449,1.00462217005558196,-0.197834355150238478,-2.77601910381563499,-0.841452713970455068,1.67959990926038016,-2.43363404832268149,-1.2869123759578629,-0.0332772542951307523,-0.750639590785895261,-0.75110366376071025,2.31655056713714247,0.0893030526649063738,-1.51535238611704104,1.24126312470113054,2.40974780613078821
0.693828284408985918,-0.740674808138764518,-0.394938292419695969,1.56968689395326355,0.109294333151545506,-1.04868838968883815,0.813454016280028336,-0.0170236893418417891,-2.12129513010463544,2.77553713731740848,-0.291495653026068169,-1.78206248825852542,-0.109612054063950914,-0.141265927972435507,0.829462581704251023,-1.20276287584089125,0.535287414548643481,-7.64920210607608553,-1.47612096797379699,-1.32119423767505739
0.486929223293224411,0.780232899957643222,-0.157407945155648515,1.09970797283643829,-0.0614561152893031842,-2.39531901147322523,0.183475726918659626,-1.5976924401934669,-0.71594835252214295,1.08232591232273623,1.03876492248469843,0.412489340011089722,-1.90874425613733978,-0.116239064582612905,1.2222772612066124,-0.699500199855961124,0.676834193342220281,-2.25695153055021702,-1.40527377205772197,-2.96389247662411615
-0.635455533466608657,0.0433589905149116966,0.131633882430417209,-0.998970596565978086,0.517269225338754413,-0.397644599269375398,-0.201094044646466824,1.05533766743470481,0.897700564049797256,3.09791660977303041,-0.284037205366341805,3.03063552533746661,-0.394843855083766959,-0.0789649335640646294,0.959783141128152884,1.32008030771431106,2.88181760250613106,2.75781343160513126,-0.932566885397990486,2.03646346460276062
1.26880318470691811,0.673260338126939306,0.278063548776238401,-0.814171297776672409,-0.94081712392950978,-0.372067760886395316,1.53176603070947515,-0.0328995083462577179,-0.673217123622629088,0.043314389765103517,1.80406142492154431,-0.0150185442289874366,0.206037897133164061,-1.36632962213211417,-1.46624935999388573,-2.06127126916710868,1.389756056327768,0.987988324235600124,-1.91454520266301231,-2.14605502233895118
0.875249340437842305,0.944581741279523102,-1.41129986935502649,1.74674725067861947,1.36773046914902641,-0.712671918892466172,1.18172132856988799,-2.57364889732816371,-1.58817944390935883,0.550296509092244701,-0.415631917121087713,2.60241055127662024,-0.245313903774411313,-1.31916963200020532,-0.187277575381131461,-1.56297775213667522,-3.53053068942212978,-1.40135582372490886,1.92770278131714745,-0.375883015262215625
0.994612496317207495,-1.56288922935320129,-0.913282755075994657,0.261657840145663456,-0.955584959296513436,-1.02332490941996568,1.60536929707430787,0.788810522323371344,1.71639843604259523,0.483811971036231803,-2.1732419662781437,1.18429520761159446,-0.939072799797539659,0.860661457789027584,-0.759371046524828897,-4.8558898469227465,-3.77920251539267182,-3.39643275471221751,0.528353130963120976,1.30606295225489988
1.17163897541742656,0.0327241380864272194,-0.689986252205590622,-2.1656726702348652,0.650525770411331861,-1.11473392703108742,-0.23542814317355748,-0.740214885245992771,-2.13432007335771212,-1.28041440556807173,0.858617909036743732,-0.259827285915234796,-0.768275668978066317,-0.538457194118290849,-0.933985387159382063,-1.94611527341611579,-2.6070661915280029,-0.999371794563737592,-0.688439713276890797,-0.176616236045959052
0.0525527400799431776,-0.566283099290021852,0.943737034472534653,-0.569968098392770628,1.47073068450000766,-1.46019405772925759,-0.923049048349871337,1.22248898792242877,1.39085043293057309,-1.48301730930110853,2.6644106078682932,-1.53113097880357563,0.174561173664369074,-0.74023492148255976,2.18898889173626188,0.339132884092394282,2.23112423126540182,1.13153627465463247,0.339764304759214653,-0.754625153247772129
-3.84824615456064212,0.893435064004961421,-0.748465538416777765,-1.28162450547629692,3.36662507861605853,4.73919093651709122,-2.67265670426148993,-0.001737092335421832,-1.43971705078522438,-0.227106529611981828,-0.266171156568098088,-0.80319616922842485,6.55710025866470936,0.00967266794870931708,1.82392068432527488,4.88676800337546524,-5.02709904264125296,5.13711375032377227,-0.0329022290562527436,3.18950867821036299
-1.50854525019057095,-1.29860472128153015,-1.51166928092199937,-0.396500110550094487,0.973707657329440535,0.40516129468283868,0.0782829911739892359,0.535153312873852149,-1.64164240415077289,-3.21940002000297731,0.257771032435731684,2.36580384005036093,0.457084038378510638,-1.19196183694500002,-2.45379605200090545,0.0660338690602034484,-1.42732278138865132,2.11330134970792605,-2.78985709052062258,1.96433693434815426
-2.2450442978172318,-1.80421657461542062,1.62912243967483805,1.97741311913999085,-0.313990257361759451,4.58406023378523386,-0.987254830220383184,2.55279555703566441,-1.65322843267827446,-1.78425879250677721,2.22366753859347499,-0.682477405938324289,8.51096595569214998,-0.492942122103652625,2.56805913343569525,4.5321576565999564,0.562726871351268199,3.14305609971534938,0.66361377798485488,0.101274362911427204
2.501464966353939,0.0360518504001862625,0.918955183109231521,-1.15381254948492917,-0.662463793268232681,-2.26636791558969009,2.35947613650860033,-1.1852889952059209,-0.908817301069302474,1.19607595228403008,1.23757126845648258,1.55540763339527199,-1.66210762373424115,-1.01039408092625438,-1.97329532216772607,-2.18089934981862443,2.84167904044460329,-5.13028185983825047,1.62991144815883748,3.08190418194861815
0.852908382731738079,1.32810917839996501,0.361905410814060635,-0.532714897061914994,-1.71633887257086548,-1.97317950063685776,1.25086925942412219,1.41880056039938807,1.90585754430181997,-2.04672001263076009,1.52065899562594309,-0.770528413231054143,-2.92294995119291823,-1.22397214337027971,0.47336027608086656,-1.49682108884834486,0.340292657612513871,1.54726180239472177,-1.1010147668011605,2.75779194143705864
-0.712980407179549469,0.537458476947464181,-0.0239947277465762179,0.706639214565502605,2.11720805428301384,0.161360085189805935,-2.0962103241997907,-2.64187538937852695,-1.92234138265698107,-1.08402417745240309,1.28137521805471177,1.03889315236875901,0.428468525284254109,-0.461806005057172286,4.27814048479799158,2.64538018969574429,2.52712067262521645,4.40651783250500717,0.372182912342951366,2.52573215320906064
0.107111020750682712,1.27099236642520341,1.41515511452326082,1.78375610283878383,-1.35884768788302379,-1.3703596973880563,0.578014871678320663,-0.0340264570031771629,0.284405143802307747,1.38151734434910511,0.690186149043561237,-0.0747706152790164752,-1.33166522165882872,0.528604801943836633,0.391532213889495162,-4.88889150894103519,3.72872770420971911,-0.489533298640119963,0.082103346922730927,0.0165041161482749575
1.72966747645576269,0.21726128936375938,-0.0159920573610631625,-1.11783559477450689,1.21711426445271353,-0.451059810224158197,1.42827094586577741,-3.00560653639143815,-0.165781797089178173,1.89938945114284841,1.4096142137959391,-0.341021361376812104,-0.244805196197828756,-1.6577285762074303,-1.24575584479506118,0.0930901110671126381,-0.0819611912226084621,0.823819429892765354,-1.30149690546921026,-1.93744698173412111
-0.331615206144597996,-0.742315286262105856,0.497398040935982555,1.1941441987075867,-1.50358914807923449,2.28802047597037417,0.371057207256391408,3.60209246785783499,1.46025011818377615,-1.53433343029149127,0.397350728141654341,-0.948222187687968066,2.56088659942356234,1.37398024646290984,0.129284623399242571,2.11929681343327392,0.653573667633160271,1.03062532535479034,-0.988179638793375559,0.893165909006307546
-0.139618130844458066,-1.7384473204730273,0.493042064570189731,0.955001290857557916,-1.4931303247473815,1.12855840636291815,-0.308316578102588112,3.35040322691070891,-0.122352916821783508,-1.62349295464201226,0.0410353089596357384,1.72725247235300672,3.6594409597162838,-1.39181959608993844,-0.0163731223537184681,4.4808110980791227,-0.335036805891261891,-0.473482208200589172,-0.769775493543800593,0.722997984330103094
-1.02068993227667604,0.0177411100500666566,-0.0381224794449285531,-2.27851718006872783,0.811623374182020019,1.6703833084454387,-0.157748640629374909,1.47561820686399492,0.771266860082330918,0.675540260295313777,0.329000892594398464,1.50951893016447891,1.75844888869521987,-0.0281207593361658889,-0.757828516283293618,5.06252355773909812,0.451336757067995142,0.729242814150636187,0.00890248181149438066,-2.29762085750021372
2.11884178046681138,1.53826834862059014,0.0272682563413540052,-0.128610688828392106,-3.03764304237890848,-2.91355149746605457,2.06133936421412889,-0.931040872296581501,-4.28826348087303444,2.33106331680624068,0.174426010802284093,-0.0698401745844508121,0.871337953009719057,-1.33239636369252423,0.869119746073463872,1.09468966609587182,-2.23312517063812166,-3.14539344224188921,1.44888789932256579,-3.11077734443802445
-0.552034824680191383,0.628961591744875426,0.540199972713690468,-0.92936067728023819,2.23550349428333117,-0.47241378447151483,-0.962508606438724046,1.92289992192277648,-0.877291120712457184,0.317221259828168511,-0.824686768704236961,2.25369861031878305,2.86727435667353614,-0.166070570106892745,1.0531513778161945,1.42956473322203048,0.37811490630586303,6.79292080614943838,0.751862806876015366,1.50556319201596889
-0.0725763517214713383,0.363776665620632156,1.02241927647328223,1.41970764943912497,-1.27739683098711598,0.924841021474262948,0.111560040204090161,-2.57634242573705441,0.111649504212494019,0.668556531986221447,1.17165066283750807,-0.542121993235092137,-0.435231030880806391,-1.57945117862769191,-0.060637709173850092,0.484211637821844232,3.72100510342700241,0.412613203721587607,1.37806212911348758,-3.3523438934676455
2.4983890497058856,0.349736097747890384,-0.526385353204670059,0.752047351174563228,0.680718350198870836,-2.61981243719336643,2.23563148534793266,1.49689927261522637,0.46068828957396657,0.579984915650853639,-0.162734690287118844,-1.66008610060275896,-2.51461507914499593,-0.606268702450968977,0.789099083062334561,-4.92785110349292932,0.393502487504829801,-7.92280613024037539,-0.827781398657877254,-2.78019483441538018
0.864180938453520398,-1.38568070344835226,0.0330740333820476046,-0.529568833911928771,0.231014648378085025,-1.710697306717607,0.283913788551679314,-0.62258537653458268,-0.313662382108156612,-0.949420828495507352,0.201369258812136132,-1.80654933669983908,-1.75597946419662065,-0.918877364539393504,-0.625483656604228666,-2.82099117241773056,-0.170042630534600364,-0.0305186374516666532,-1.5744298489168862,-0.121480163097520674
-4.10038664650607299,0.182199375691918963,1.74398268724272798,1.84808189262374745,-0.340673137706318019,3.43165086520411133,-3.03554276418845426,4.57491006138140399,1.07856493193821978,0.721895740972231303,2.19986081555858748,-0.654765830007354332,6.075550673988241,-2.60951358284229862,3.57114515420093248,5.17503210601633512,2.86821802473935294,3.76538078563052903,0.640303144974276206,2.50104901830902104
1.23232944202495176,-0.233738842766839788,-0.113594360202333128,0.585472295812087373,-0.226766082874273189,-1.6793213340513784,1.54811078600367713,-0.470085514588505615,-0.949850948144341345,-0.360309893088974265,0.957426030545574291,1.02791029308207249,-1.83190198483950084,1.21817702611639733,-1.4347934822685855,-0.663419095761696331,-0.814269156434691554,-1.28789350428718374,-0.583270905673666906,0.486787952961154069
-3.56510409154375818,-1.34487830482152448,0.506493994013341053,2.94026275208178811,-0.245426602402208177,3.80290730285100009,-2.35628831509023273,1.79094607130541417,-0.678056563900789722,-1.49540960364536191,-0.356716694999288764,1.76964025721372997,4.45014226320631678,-0.302400854804581787,4.21415966338351566,1.47011891610645473,-0.23218458937653072,4.71950534604737015,1.23872544076404245,-0.764385546905088975
4.71607462335144501,1.29304683495060879,-0.472308615030593126,0.696386180831769064,-1.78592724760354504,-5.03014702118933688,2.42693364512884369,1.44809832752452428,0.641604441053708285,0.538700928167683557,-0.654557188513908761,-0.672205330820114355,-1.94704867472135734,0.292399607875626855,-3.03119004684111859,-2.7420580547172646,-2.94167820713098438,-5.68811465102887315,1.39454031408676116,-4.03093062592084461
0.186001188249124094,0.382747647191647444,-1.89640009821912026,-0.948438032097233097,-0.757433111979742946,-0.56646938946142289,0.350116755025575321,1.34411344771785957,-0.254230164486419219,-0.218601024478266626,0.450671195626547394,-0.698401987407917479,-0.0564173729487457559,-1.17575803539763113,-1.39290122490346624,0.00691506612561024799,-2.8698938743819089,-3.15539669437015746,-1.08448359944657691,-1.0496119350032258
-1.0755291638622313,-0.207117769919360539,0.19920363211385117,1.67529805228430573,0.668817843264991052,-0.0087857873787035301,-0.492953073910221473,-0.350145060217534554,-0.00385229259294539482,1.70823451968777484,1.04923485221881019,2.29689291935835049,0.863789717284444092,2.53658976191884067,2.08918378552345585,1.8969723911689822,0.30144065475369386,2.08035920692024279,-0.0187082444046249088,0.457190040497690187
1.03008707748982897,-0.199057780103140153,0.708155783640500247,1.23352653854436345,0.308980295835691865,-0.293487383901352483,-0.81993792663781051,1.76189832661745283,0.796625927728965122,0.569829942469386563,-2.14132040187019168,1.33377451882857456,1.53369446421421807,0.0748261394590552381,-1.45667322312030656,0.771506151623182812,4.95122244543346302,-1.17800537791245019,0.862601293251969659,-0.225074397419690403
1.16333185722442511,-1.19580606984796756,-0.483540770880977022,0.956455234841252722,-0.53131132952094029,0.142323836086708316,1.47280317677418338,-1.99325015273692019,0.162520542432474296,-2.57633939163891235,1.23086541319988596,2.55133946045197879,-1.63865483435767079,-1.18213643636821497,1.11370298199785855,0.271829499995483337,1.31026102635217034,-3.55124137184170063,-0.400113436274698864,1.07162935470909426
1.0207628562540132,1.70586294100605862,-0.221387753773351209,-0.230104765400510058,-2.98658561334938044,-1.76914201324216402,0.309796480890757675,2.71459037430025107,0.919342742464512086,1.74837434277196202,2.0568353983377925,-0.39601972297688659,-3.3124406864706688,-0.476815793304639468,-0.736927013905188777,-1.58231512730770696,-1.63827688212048361,-0.571863465073563781,1.47343170181420713,1.15604689045902087
0.52346972444681128,0.511882741862615509,0.235698100994623294,0.694815143451133488,-2.66709958420942916,0.0474200797917406006,1.60764900573293068,-0.642885516680122615,-1.1565025977472434,-1.33217048149280282,0.909774535114519112,1.71015111453298352,1.67268816236329321,-0.817851414920366726,-1.27715293752260495,-0.965703496582121512,1.28664692947187165,0.630906989105805338,1.856353408324664,0.583546501100531634
0.68801506020801606,-0.0871420629855503837,0.250012680436343171,-0.426345790361421173,0.151258148550891314,-1.69820729464039344,0.691278441090712237,-1.76311627783392244,-1.19334563016056427,-0.567757346462991364,-1.24516003615252302,-2.05484121834484013,-2.33586098836575795,1.43397509370903209,-2.75922664006695584,-2.27112576123105514,-1.92424783606112215,-3.23224112862941215,-0.418898075782523305,3.19500862549330167
1.52449340147606138,-0.174857906491738269,-0.568830218501982787,0.541957459293344268,0.261799837004961344,-1.84858056983484942,1.05403819013267874,1.78609442285384867,-1.66991893965839333,1.22803742162866492,-0.774017944967740124,0.541879941216374839,2.07282228895227361,0.72824807702763561,0.324561981528585952,3.70094427028333151,-2.24747787019604806,-4.12931646235534888,0.361916963109835343,0.281337104475766486
3.12216167680726597,0.550711327570904907,-0.200906004507432012,0.598475939777210142,-2.35068346487950386,-1.24934033906183117,2.61848366023278833,-1.43809517567351319,1.89421625297599605,1.74837483062233456,1.25107101251419062,-0.158061174179545766,-4.00866041270514106,-0.0969700463104022081,-2.151741601441854,-2.63895039684668387,-0.163353900469101199,-7.67201513318043915,-0.156489696491046437,-1.24301493591059087
1.02022873242172896,-0.0792607967958838255,-1.10525375580491581,0.627118958483562916,-2.58001084602786079,0.182297071275586753,1.16223826194529134,-1.50141250941894677,-0.633856732215738683,0.0319425184040341217,-0.93662306537741824,-0.423922580462896381,-0.968654915932497529,-1.76289921714371767,1.0900837219101811,-0.47787008885654908,-0.993810269918960931,-4.37911728586865934,-1.03054822835042037,0.67175122541900556
2.69670400561548451,2.38622293195425605,-0.103047197690775943,-0.755979839226093686,-0.173856782420475114,-2.38645148210469005,-0.185176638127137333,2.6292916086918936,1.30749435730654517,3.62484927899760301,-1.17769997603598187,-1.56754170633656109,-1.50098878392216184,-0.0848175507736188966,-2.05027407903206926,0.906658848422218444,2.44766108439839769,-4.02715839930941666,-0.777794859057425625,-1.57224628617716511
0.655101485477479928,-0.11593262817429692,1.34527738910829076,1.5859439776400468,-1.95218332281697493,-0.212970754174881538,0.0973238658796786449,-0.513830072351275091,-1.8231627813375455,0.30560693527181837,-3.00940328812592472,-2.96941186139836644,1.44096555506352764,1.52459938337337042,-2.09829616511214345,-2.26587498917823948,-0.413243321856745116,1.0942893205709141,0.772641286618945045,-0.794484330543349881
-2.1375085002917964,1.54729216955089477,-0.508121743919981217,-0.30920428856027915,-2.8195098958102407,3.27025905819088791,-2.0510671029233829,-3.19986897252421576,-1.80464773500523479,1.57330854668475761,0.308790680283624608,-2.95946914821130225,0.595683247681386807,-0.664340953889260732,-1.83295990980845569,-0.226708857967615252,1.61491089232153451,3.16156338074763354,-0.651681167581546261,0.644862447908216341
0.547745795208176567,0.0224334450298857707,1.05234791771568825,-2.01097282843629044,-1.23690441099203707,-0.749852814281364521,2.42111453015506362,-2.52184141435635345,0.724848020047951236,0.492706424120144038,0.903319750923309184,0.754665561765151316,-1.7548776772828858,-0.351601106310509892,0.195122388690117443,-3.52178960581895906,1.47350665060805941,-0.534771652637775263,-0.504160595483262419,-1.54110548239739686
-1.00229213837666364,-1.73616770930436815,0.546740737512618868,-1.09329229849955167,2.51564460016744107,2.26424156453835801,-0.605489950298780166,-1.68462217157257488,-0.96475413603674598,-2.36144702741893564,-0.233139075511959476,0.329513208944270053,2.90424598164655778,1.3459216198478372,-0.40748668591077214,3.66660253269984038,1.86961829697222948,0.747659985413775541,-0.801787739943506828,1.7083165853356963
-0.606485794943572576,-1.25943708897203344,0.873405496749725008,-0.940502835686557237,-0.205748080472456574,1.29984638420397358,0.0372150006856087692,1.29723805098459044,-0.523915712939624467,-0.234559801111795946,0.264173870263368193,0.897794587145114287,3.10225378606036051,-0.155017910989296126,0.862411038045113321,1.08048552565343892,-0.351367513506741613,3.08047926890816104,0.0147203778794801707,0.702930009244586484
-0.225452394156419017,0.878868532055183338,-1.28277709675193563,0.0100404578235248603,1.0684021652115554,1.7141968928968947,1.80675786300405705,-3.09879964982825307,-1.23039815040864076,1.63982990142126517,0.356815542726392765,-2.45672254125388712,-0.0316430588691670178,2.3271411138661926,2.0580576504487742,-0.39073725763046685,-1.36676089816743862,-1.48450853184466913,0.1366494635741059,0.836285885406977236
-0.144138311998627561,2.70767255988455924,-0.183740555841377468,-0.906165688308602113,-0.703779480922218093,-0.110356699264784808,1.95218772233269799,0.114383825495573688,0.957726409881191398,2.63201501153968254,0.407309368235341474,-1.96357692340743517,-0.842327967380147813,-1.85966515717346614,0.615056527857660851,2.78341169671320499,-0.732761876753424524,0.327816469875325756,1.09546010141550032,0.825700158055132971
-1.13399449669886465,-1.33931439248255701,-1.77299117506054627,-1.28300539050139895,1.7303752720712291,1.33543325203678909,0.870291762024972937,0.7311835480805563,1.32357230055032526,-0.323894929597851045,0.0884015374103349905,0.344159326064611248,0.700187625108482981,1.00416195185972912,0.631354533661020567,0.620098319521008912,-3.20937029865369716,2.25436314184156972,-0.470489265712724813,-0.679350233690748095
2.46350202862901302,-2.21218508489697152,1.53087262356142317,0.724366398970263115,-0.876010126496170938,-1.53718132331031709,2.15582660098492562,-5.39191649524085115,1.02726584344768801,-0.0195095664787285107,1.53797969920874178,-0.177802517439984514,-2.70483206534601717,0.18429491413912219,-1.13298789443256442,-1.00621626156635102,-4.12333366321938133,-4.25194914298600235,1.08937407276968568,-1.15571063068322899
2.29005714961082507,1.39201434893864606,0.350490598348088933,-0.740528473353489813,-0.189163185859979044,-3.43982272723636573,1.11262393694125739,2.17597092811827642,-3.45018260989637904,-0.0304211745599056102,-0.529756257902943006,-0.20448172508250359,2.20601157101290379,1.20484545648964425,-4.07160056643163326,2.19359288411719522,-0.366538858413913204,-0.819574685771335187,0.145250606639561214,-3.20053438006041269
0.206106451576835686,-1.39908346696904684,0.895021395874787018,-1.91303539140968359,0.449709026610392304,2.18902784581265974,0.980049831706509611,-3.1463150345655353,1.94325334978414621,-4.59767703202772982,0.0675733839801078012,0.142351772574015156,-0.648125723417631194,-1.90303047454688579,0.881319935647230879,-1.2921331908929401,1.9519483238038049,-2.31559387862186528,0.511296583922400405,-0.285796607577839756
-0.789549529062244293,-1.13803091107758392,0.892352332237673074,1.33469402170925733,-0.644521964031537276,0.861672620679789669,-2.34821417226447249,-1.64616962636256381,1.01614983004873105,-0.0745235015511352267,0.147685362869867109,-0.73985498034670516,-2.4545293214855759,0.507570165212781865,0.543143486344663584,2.61512187215874192,-3.02722655061812151,0.0333592825240236479,-0.316117882564379116,-1.98086065272562406
-0.96783072800416825,-2.42946314092784466,0.107745197678758273,-0.79617655536392562,0.511482867176905276,-1.08200981544011676,-0.00767781522216821367,-0.997644393271402752,-1.04146821918082444,-2.50218716381435113,-1.83057254108882383,2.22640096870892501,0.972846258601600344,0.47702619812674768,-0.429022731052405015,2.20098596158343707,0.163001378393803409,3.36901080286381838,0.431154218307663539,1.7125063086199328
-0.981862271311190193,-0.187622727361706876,-0.399993863517229375,-0.721288713940147597,0.0106283756660855346,0.0306797139643144312,-1.06395371560199714,2.21917248317200766,-1.11582839758605545,1.41463166904708504,0.0937049236303700434,2.63775903065115003,2.00897664270520204,0.45597223294344541,-0.99055343550556274,0.112318764618695763,1.72936665557255465,-0.0353198271887000051,-0.000287136367440380704,-0.192512383599990344
-1.73635191510645126,-1.3836667748766871,-0.60599355396132859,-1.59242251036471427,2.82027276905040702,-1.24303267969777309,-0.465678148847826601,1.84531229816738485,-2.24912238656118912,-0.979819905984361528,0.445915438266087427,-2.27918072285378148,0.453755224769830545,-0.00913318755218494628,2.24743624707005019,0.238366574099157597,-3.72015488662502891,-0.656234226886972971,-0.701514987084978059,3.31592073454170944
-1.54140215294408955,-1.39896047563694381,1.20703769224325286,-1.41054966737377629,2.24737996895806846,1.03096578873135147,-1.86985876870003365,-2.06206759810040241,-1.39087730949032196,-0.664740908606859082,1.37485417621393635,1.71804098691308504,1.88186606917682475,0.344494122832064098,2.06609241830291168,0.698830284626215992,-1.30133640030140452,4.19529727662192364,1.64735794472119568,-0.993132576588840243
1.22302426976733858,0.42677004229331289,2.98679902939311148,-1.16735000826619895,0.433382685100041354,0.438952714154604129,0.379057381028239826,2.04140530321724967,1.1180846007310552,0.625323576764031386,-1.85870841509092832,1.9904137504977415,1.31402632379113538,1.29458765971110901,0.837937452770406876,0.896984208112581061,-1.2301470341611922,-0.532289556164015853,-0.893846963429006047,1.42460018765407415
0.981169634787909972,0.764801204868793327,-0.564679266811346836,-0.574374762257446658,-0.907598411414911821,2.43046119883642975,0.161451889810002913,-0.847139171487401921,-1.03355477095323023,0.017221869563282248,-1.09533819099542074,1.37661904574617466,3.50473931561628094,-0.529840753458796887,-2.12698222382241875,1.38755825022408597,-5.07144512498343492,-4.15520979127354018,-0.348747126697898202,-3.25246661138865356
0.102442440133734783,0.774885833251302558,-0.217224987162408567,-1.35219377211570757,1.67477943716476818,0.762387125060322912,-1.09177903166226375,0.194309101668443812,-1.0000049784215197,0.0837812360120449851,0.0962656917115422422,-3.11117638606182068,2.35741969994520684,-1.00722932858970649,0.763553589109913222,-0.632663393746064173,5.56537540708325817,3.20531146868437089,-0.583409298600427006,2.20797748974819141
0.536448507870061486,-0.811695357184610389,1.75703931022289361,-1.60678290168502769,-0.406713848217380991,1.05204342141199891,-0.0177686380922817549,-1.07905035597007548,-1.89511959551603026,-0.435325020522762285,-1.58341078183452733,2.10732663070595905,0.0941056484723380299,1.76083048944882847,-0.59719598336312818,1.6074932700566269,4.95960638346787075,-2.70771438205639825,1.60598423781046407,0.768966275995258242
0.830716986776606436,1.56656424738084321,0.874241443942161411,-0.30807998367825612,-0.200261310224964961,-1.03128688056381157,-0.418565740613751736,-1.77229129529055718,0.668169455707117277,4.14730168229949125,-0.224484226152415922,-2.34105074623181153,-2.84513970320704157,-0.996595019933827708,-0.0729504113688660694,-1.09561840461330195,-1.40858113322691936,-0.117907293898064147,0.0638247879743063101,0.170675430887008928
2.73036595723999032,-1.07779212709064565,0.850501232421319586,0.477694829275739807,-1.80273966210981285,-2.51711558006607028,1.9428128423440616,-0.469072619661294432,1.79035308017833716,-1.05337761839085853,0.420892597663050982,0.666236325876887858,-4.78383733131573141,2.14062339297862314,-1.03622580948316534,-3.99753195866601274,-0.860267882211868784,-1.95961558532681268,0.104983049650305069,-3.44996041124777753
0.949982226336186897,0.604402966803929798,-0.944197275343339526,1.56034244463686567,2.03771013611014284,-0.163092431488677025,-0.0322028935126693686,1.32629777766482637,-1.27419637969047295,1.80865332979936233,0.105689330122719499,-2.32811122335725118,-0.144750445834958497,1.45345245863440375,-1.3785823949921856,-1.82762201243345301,2.58670340109330654,1.18141461188005836,-0.54858473072539593,-0.323818134901156685
2.74969223483801573,-1.88493821653990024,0.258908457455006014,0.56593152829595883,2.41263738369574909,-4.57501077438467529,2.40747500859973096,-1.25019356109590274,0.926071541257452391,-0.954558200488906605,-2.43311842758972219,-1.67880603237128478,-5.53805370856696477,0.270510928398722317,0.205585700786967335,-4.16677416327949679,2.69508223980860917,-2.77798796155788796,0.252917329892183462,0.518812524246580198
-2.56555360867651494,-1.77417657445499444,1.01151723066291233,0.505979408283383836,0.229221706188142665,2.77622116950841979,-2.89491390310099383,-0.63864938935891602,-0.292772848666456809,-0.710233124858561715,-0.424247903586111974,-0.52852220538528738,2.89767042066392966,-0.735303476588254457,2.64276537859835381,-0.268294500676645731,0.923426851771303903,4.01388813640623088,0.449627425197687336,1.60023649898651543
-0.676150888903564562,0.492561701193040991,1.58941689838586209,-1.50507872930728093,0.741634049609456669,1.48454550387448392,-1.23476700871495737,0.157987477501206425,0.840009904385908168,-2.74393204348536779,-1.83852846442646611,-0.477202349397106484,0.523092838199414434,-0.00165016544599839673,0.464377681035807899,-3.349355496982378,5.74276403083423492,0.646364086782248992,-0.763376445024380068,-0.205101467073271121
-0.25849261630400111,0.742299674407390531,0.0293984222069921461,0.0343395575179214693,-2.70803898662067821,-0.76362007400901688,0.405333248366325505,-0.986997236023527402,-1.62821899122215652,0.447397823066365552,-0.619163399450260665,-1.89378084553812864,-1.55817284972893844,-0.32558995896338927,1.33454670479424498,1.45993699659188203,-1.26693082332956486,1.15400290632882441,-1.28806044281725796,0.613856203973888737
-1.57661811312739375,0.296267980488600868,-2.1771027895967201,0.500049915175684423,-1.12712933652786806,2.46683534261336446,-0.898899345141397799,-7.72987367191023989,1.03438140341740015,0.306915240336995243,1.01266728347825308,2.01285507429549959,-2.83358327846880842,-0.842051361676572907,0.266752993260555571,-0.922327399983741136,1.19953463872064625,0.0867252251489354226,0.00143137896077767711,0.647188963301802533
-1.69791428441723213,-0.123249609574654334,0.585369748507523879,0.658511091492942846,-1.87374323782548169,0.910553003946454775,-2.17339175104208371,-0.576011862260181196,-1.79142914485601423,1.73157206409412434,-0.823530322317848729,0.00627206407457980755,1.52453661283229569,1.3598040268956324,2.62891072424130812,-4.1772372402367699,-0.84801014056475299,2.55188850757152652,1.54063175372424244,-0.0948415924676223321
-2.72426483382832441,-1.26313847088024112,0.689014336702938213,-0.810769924079324134,-0.37855120581747026,2.16410203713273486,-1.87199912931257573,-0.123477242584564231,-0.760125065737171424,1.05410463596318493,-0.949622921291856215,0.391668517211542,2.28927697340934433,0.224119864953982006,0.827080814531392816,1.54592282853409579,3.05701162172451335,5.07317265745372215,0.31482185920476885,1.69710126209270729
-1.66114711108298674,0.403159129673353878,-0.362265866816285809,-3.86057779681426982,-1.45913592604147802,2.58634619904950247,0.319943243867097271,0.118602813407631277,-1.10881458410023948,0.580199294619849981,1.09685058045847672,-0.517982533080085905,2.23049407821052492,-1.13289555493712046,0.75552617122194099,-0.864802844823085226,-0.324820549737629582,1.78618173532513702,-0.132264990087417073,-0.992486511364675916
0.469231664516697511,0.261953137720520257,1.02662852709064478,-1.69848728378668157,0.27684089260540401,0.643741131293964597,0.235692360297750841,1.42851469297535205,-2.14087953003891851,-3.26565090865968832,-0.234563851326527101,0.645839017858377051,4.02049995326206222,0.96312739791923907,-1.25375057503969489,4.46736481498863558,-0.656909140507472733,0.660796984340537685,-0.505461420014429952,0.541730207764623106
3.52333806384635384,0.789679754312932913,-1.18826535462092076,-0.719350730465873833,-0.706992805629855559,-1.79181580292042142,2.66388429520297798,1.23306100268235341,1.14139142968791885,-0.401840066715914379,0.19769711537614254,1.39784931000136647,-2.75580610163101358,0.175631514924268706,-1.12535440592540259,-1.26687002952501993,-1.19882892448915079,-4.13021397654690237,-0.178515157539684249,-2.89363366748090645
-0.783412479578378562,-0.343724106345762226,-1.56865082597267613,-1.29145709344319104,-1.13927394828537842,-2.56007953474226335,-0.664178370152018638,1.63736200777881113,1.22208539982446096,-1.63303820506309672,0.318620223262177871,-1.57963850571851827,-2.43575537510173712,0.556696870342256345,1.41222648378869597,-1.88160604362899386,0.248614535534986608,5.88859417639185878,-0.720438251769937477,-3.014775072543459
0.247584661557982699,-0.0968678466376712288,0.998781217288548295,-0.130366622700650525,-2.2021254436685811,-2.21223013014013636,-0.00668644356522978423,0.283209263542722689,0.529582788932959292,0.621646576530421213,-0.186939039945879543,-0.186735867074311168,-1.98740975804296727,0.372996941071948307,-0.451395052173862554,-2.54355753646529736,1.33099514769686689,1.314797842276616,0.631295783587274006,-0.964336972345999022
1.16941103032354299,-1.62488712892819431,0.314716827442537705,0.926336600491811879,0.339866931435899411,-0.5806561813389709,1.04184780000611243,-0.201942381099186746,0.231289274675983869,-1.89055210599669876,0.788755797254091839,-3.67730215567160146,-0.387218319329221072,0.425955308820382628,1.9384732360206276,-1.20200144923271712,0.0754314095722625338,0.616002568496385572,1.04005153576831844,-0.901030924205331041
2.5679303458777003,-0.46464413143369776,-0.468360412040050134,-0.294540319826506525,2.94948943463808533,-1.47127717253041168,1.3677054935489612,0.0220592912114005758,-2.27835978063281219,1.123280504681754,-0.653330739259637916,-2.93745546843467498,-0.356927040540078178,0.922592826012781364,-2.69228105016767794,-0.666350045786610612,-1.97972605272859048,-0.00612863107828124937,0.0711342960950378661,-2.89347408934380956
-0.37771254273647964,-0.429898633186701407,-0.227095800732552838,-1.20192139368126871,-0.277608864100629849,1.99613406780204494,0.665022982113065653,1.84748071996310514,1.97570949092908466,-1.62905794451951458,1.49026928454372221,1.6103808278013334,1.3357987761665131,-0.246732158397893836,0.277798635727014132,0.811900520718682794,5.78931812947553315,-0.401410696526112443,1.60575255516550963,0.319397632947695909
0.786731561429996562,0.356868186927552233,-1.20636238219972669,0.963095409382145662,-1.14032996970662692,-2.04785825603962035,1.09189144358119949,-1.84761960019153504,0.319359221712464947,0.683349403362596863,0.435123650803281747,2.51484551242388266,-3.63898367889017083,0.366814603351530655,-0.250764546399295851,-3.62189006310724082,-2.33539705342693127,-0.0549724796919044828,-0.0507713631439435931,0.348049110812957363
1.2191473477117154,-2.2170523957087207,0.730388334872940526,1.8259220474094211,0.370939674221445803,-1.2380177243443018,0.130572017389891687,-1.70180026320304778,0.0360144933106098658,-0.517196892096632665,0.195987377437070232,1.75149671753633074,-2.60692305907463329,-0.447820661333996006,1.50254729919395569,-3.30017584018742083,0.587389805177596536,0.682192392798857128,-0.335860419817952782,0.857577117274415657
-1.91702165777897959,-0.717872161765141348,0.884100650438490843,0.138226229018903912,-0.574727196297827869,1.36421062924827341,-1.89779053439767487,3.03163743861874035,0.288445217856014569,-0.854375843070332874,-1.58561523037335395,1.22410299068262729,2.96841045503734513,-0.63919923246536603,2.66289132238520532,2.68316321352581211,3.40591979973815473,0.812724179852282402,-0.661648259850019627,0.0530871412870936102
1.06740827391158333,-1.56318048537135623,0.3540042607067444,-1.72980671395559038,-0.874106449045934153,-2.52800311311229198,0.257795093903975758,1.31412109373728336,0.209735899929107517,-0.272330281724430912,0.246420544013104981,-2.45806699105212267,-0.199496224227441232,-0.215886026517606411,-1.84814305275536084,-2.00213723885830053,4.37235564602368942,-4.08686285678025207,-0.936741470996547587,-1.27570386529670632
-1.22703101764746014,0.145749144127914926,0.777289488843999399,1.89558393053499818,0.835988222210595211,3.02237054592206755,0.810293040651595686,-1.54965289858582778,-0.841316249418181061,-0.460721347865152453,-1.72397593758076528,-4.48158971891221469,1.51823868046800303,1.94314540293100757,1.93749379766980945,0.133108073497516993,4.05739627165156858,-0.407078964327373505,-1.94852280971255398,0.296843282120767826
0.811356264447292364,0.14478533940532945,0.241554320706240333,0.640988783383356076,0.532129667389281469,-0.521333960860413947,0.711720487925251444,1.81762122520658931,-1.02553114956713998,1.70102115371191975,-0.95786470058098816,1.46469195354145443,2.31235925699215228,0.561609145274872823,-2.9859318704695359,0.464206502090331319,1.64106460254402498,-3.6962548567321809,-1.6892073166940218,-1.38382861786582811
-0.492686368251843865,1.24284463052189764,0.0944608030141793065,-0.221816876359830245,0.692084850137135277,1.28568181468099407,0.0789361533891531492,1.75760563901088029,1.75495545585463408,4.73786206891727879,0.1572768690021982,2.52996085472415233,0.775029172130572097,0.014040750698398238,0.0765996937496033203,0.499020535824873879,6.66208559856301541,1.63564818206370699,-0.315677177121125863,1.54473691337358909
-2.8657392341432697,0.214126931995437447,0.552476857420557077,-2.36704985420871594,-0.951047325331251026,0.25923740226052816,-2.96106893663912807,-2.96689877624392162,0.949992413218929466,-1.08877977239923296,0.352716690314800019,-3.05928201528045518,-1.936045634689322,-0.475278682720358336,0.558275011081432959,-4.16222068084134111,2.77858071434405796,2.8115800353375926,-0.284205476171648375,3.33876805741004024
1.53627446545762392,-0.903595882279592644,-0.355231626714449578,-0.405380849451043246,0.059363306577330896,-1.05174254582018101,-0.046741885288698333,2.00932287012188171,-2.53084420351463724,1.0302523970277635,1.11514197786360381,1.02201184578734505,2.1188393606422542,0.0515311005166286043,-0.0677999319199523581,2.58519674385947162,-0.606242797156458901,-1.46177756651733159,0.352621028089603772,-0.462121548671546867
1.73786649937643212,2.96528011308422279,-1.09949871888785933,-1.0000876895052222,-1.9075478466048652,-1.17014934981133267,0.512066369271530375,0.7187821450896551,-2.01900143674211252,-1.07285691300122488,-1.70274868933835255,0.751982190088249292,1.30053018319592506,-1.00879934074760125,0.00156943228374093391,1.0551285735987026,-2.48967031014059126,-2.03855991851938256,2.24137310074515961,-1.88398885623484946
-1.06902317982346107,1.29490299504045914,1.21818663280991624,-2.07879588318682273,-1.09039747338105841,2.24515346553766593,-1.52685158383593489,1.60407348519354431,1.02960996122769144,0.40321279764237683,-1.72185151088503874,-1.75085861634892859,4.13815887306678931,0.945535939612086485,2.10360729051080497,1.74364559266020813,1.37633067522837416,4.05772307486918216,-0.443814362045965305,4.58667271301891599
1.28129188276945949,-2.57369257881921021,-0.474326929062750757,-0.332759640397921996,-0.71078335558819894,-1.73098574232843139,-0.784370519329466109,-1.29046308391069275,0.719065626420819726,-2.55555860913094213,1.00205561982025126,1.67630929210580493,-2.53610817795393118,0.193035516095612092,1.25381935335781236,1.65268136000901578,2.48976367894365458,-4.89647671328812439,-1.82156918191671835,0.549721550975118101
2.5504577830502897,0.590384819118116688,1.04945193374507384,-2.9823980485718522,-0.176272329099358277,-2.14720332464049335,0.593939523651835222,1.61110814044823458,1.22112816658116063,1.64646945550877377,-0.933484121174388837,1.58311990132327818,-0.919018073244678102,0.013588333902381974,-2.63911093443412437,0.479419693553059745,4.24661476799101045,-1.73171922849707882,0.190377945394237386,-2.46966772700391912
-0.73215844037760669,-0.870598713755070475,0.855333761505069901,-0.0297399308845017231,0.758389188162155392,-1.17332519776183442,0.396680223487792916,1.6266558287241053,-0.798545013212155208,0.971745236935072088,0.101205196479237716,-0.830212595220747973,0.386407799396208784,-0.207368603097458637,-0.412623667664924865,-1.34971344910593505,1.69688284383203625,3.07914478985150453,-0.102625465286003789,0.3084511220185846
1.10643635598740619,-0.684702939513811115,-0.467861749386310588,0.168089387381026911,1.34395863938458193,-1.04583799179605275,1.05786092642649954,-3.75425542712022553,-0.506688619910378835,0.241519789950654262,2.65687402447322185,1.14353179447585962,-3.86434921028344736,-1.07737560825388945,-1.630925504969994,-6.18912773027689145,1.6598424231374036,-2.80262492368441452,0.687660020415878703,-2.82065559368141594
-0.848787843724428837,-2.80564993769450766,1.30972235463497344,-0.762382898520668761,-0.268956404592681386,1.78581419456013712,0.325760167101848463,-3.1335282074658326,-1.39118609691483153,-2.23601346597406314,-1.57899678827401524,1.61971444850008539,1.11410351052949919,-0.380346179494628844,2.92357518760239454,2.47879297445373803,3.36815893670439781,-0.853065014355773643,-1.80378884533679384,0.245062321711248948
1.14030573187724493,-1.60006078156371845,1.30811525050515698,-1.20525792018543321,-1.96070009973263004,-0.997972124362222157,0.478798506815337588,-0.542868572707127517,-1.20664280639996013,-1.69581111678305296,-2.9776322567402751,0.0394703947758230159,1.44152605348284601,1.20493924370766492,3.29539815394396518,3.24596843744143637,3.20489264810385821,-0.351486330325360752,-0.430379207163158917,-1.83672864229444111
0.422573467769906119,-0.459050739174814704,2.03379341758540777,0.284586314075961411,-0.574799997316399192,0.171090127516468266,0.565077984252127741,0.25110657921039703,-0.334552983721260855,-0.0935494999589963905,0.145815378708085308,-1.10165837895944718,3.95562043694126153,1.13629607657713838,-0.595956704091598621,4.64424404189530549,2.74907845719749533,-1.46245573510051208,-0.752048607291568749,1.15118043637794742
-1.03159362287326628,0.0240141420754581315,1.25311864440698573,-1.48652095092921743,-1.39261407768625212,0.965061334376383972,-1.89241742249657308,1.13418027143818101,2.96932971380954758,-0.445695262085825772,1.81351764559378914,-2.91515145758680827,0.463437636999633529,0.891791803914053327,-1.29929746830106319,3.70220062649255155,-0.254445306298426321,1.39316479118236236,1.31683034915996999,1.59775967429224464
-0.586249764870442114,-1.28922418823809348,-1.23062105675896905,-0.698300576121450356,1.18511760243073727,1.0338913381100594,-0.817800372203022263,-0.459297094043457477,-1.91495126006905458,1.18049295368298934,0.436255693386356058,-1.10317053984614244,1.20825147616976403,-2.13974322523081106,-1.3704339038415041,-0.0546986838613527926,0.658157268583574262,1.85369023121343823,1.06568652373201589,1.4837444625238414
0.641946434185351245,-0.596909144793103752,0.997641274219114083,0.221348935411503467,-1.72858360383692222,-0.785652364508394707,1.45380056744893826,1.13441199142272153,0.74800556142725827,2.95681954678215453,0.240166072903023581,-0.375924473116430513,1.79869374385411129,0.700399814805149457,1.32734483294906935,0.0385847140978994932,2.14507730472503333,-3.85093270627065731,-0.120852064210868873,2.13835495951028509
-0.392857493796546775,0.0406023237551217386,-1.47955040106575941,0.43199210054251691,-0.100030196216847389,0.0466237287440096904,-0.867911429486301622,-0.795359687408029203,-0.164510968388601991,0.571560255319039534,2.78099019308750872,1.10596519414256522,0.843459707729576902,-0.338679928905160021,1.22612244605579934,-4.34707411711063152,2.43273143755507926,-0.337185294266240498,-0.583110335767199617,0.598235810169779003
1.70337214051057684,-0.143600420229028136,0.0689863044759984473,-3.21023550428433735,-1.91074051306620962,-2.00150065296993995,1.00107435979939474,-2.1287105933006143,-0.729276897536786373,2.1966556401294568,1.6897256663424689,-1.0474571214237498,-1.80835316681767022,-0.224993755573611148,0.520700616390737947,-3.96859821445746741,-2.23015716738912317,-1.39724007840249453,1.69909803882179866,0.477872830893626643
1.96211676818003777,1.04824713017500493,-0.663770612969936336,0.254469358848056659,-0.636645029795663397,-2.30305483619216922,1.26884201286617837,0.592865157488678407,-1.21740071462581434,-0.26441012471709735,3.08697370626454903,-1.88851031403148673,-0.117808616090888427,0.24191505046274786,-3.04391521382487751,4.94659810996796523,0.978319640747700059,-3.437818616909734,0.838155179040517284,0.321604751599485317
1.37961586188146046,0.405436135735687486,1.05679450048114254,0.195335000422190236,-2.6474742696439626,-0.508503159047733688,2.24158076541277218,2.44885697250486967,2.17829657481094374,-0.627944804689522518,-0.507090374367422103,1.82845985683982293,-0.289302450352581342,-0.301595688616577151,0.717578739899018214,1.49024937797663837,3.05888743931062734,-7.40821103262763181,0.066599611839988318,-2.10090463061029542
-1.58067338358912157,1.71025676567008822,1.11655342547789904,0.640205658760656604,1.08573249187843857,-0.0114637361619261916,-1.75439732802490012,1.1640816254968358,1.76379514731226572,1.66726984828556923,0.938566200471983803,0.380694810868994205,-0.0358484773392076864,-0.0434338257218306739,1.90858989914132415,-1.18345500405563353,1.46662205875093243,2.61854503667290572,-0.933828187837337675,0.570135508972043015
0.172891191119249749,-1.30295444782420522,1.54183911190790979,-0.906685452371505662,-0.544638217476281272,1.38296471331503046,-0.829230007460117768,-1.27025884473248762,0.302644057891601148,-1.41150905247551672,-1.68959993470181979,-1.68226437697284625,0.9156279492396866,-0.422910324160214457,2.52733596358624402,3.13056645255313004,-0.703909715957231064,-3.14662470942024131,-0.443231630712633273,-2.57941907106548607
-0.205989896220455326,0.128887936821839938,-1.55990529412057199,-1.58779277736303071,-2.98219393561844504,0.232834531525964367,0.385720580712398009,-0.256877419945381269,-1.54284635888490795,1.37125662331393605,0.186526528970964584,-0.309992372415593409,-1.15372975856172255,-0.59573440218912399,-1.53333223088216641,0.482605499932154736,-1.17043612522472085,-1.69749398037890709,-1.75108750817598002,-0.804242849529884563
-3.68612949162075454,0.967218071407729196,0.143050620002375173,0.825206598384818357,0.308145091104748081,3.17889263879820483,-1.99092369702308902,-1.28131312449101675,0.299747329354755065,-0.461453345552457705,-0.686647532100773339,2.3348209008721188,1.67798172997776862,0.28431837493314599,-0.525002346134952891,1.22479421400973276,-1.60905165881009116,8.34955844760081689,1.946503956382307,0.7277520399272569
0.753303201569877845,-0.00740789915974878616,-0.215545771207247605,1.41102073784633153,1.72424172904775097,0.240427147748230069,0.158055511937186505,0.0173954179766388217,-1.12864271502805313,0.273041599784574707,1.24920115096991458,0.256538399574292642,0.975443997900249604,-0.716448953903727759,-0.626076904090401953,-0.58520018664611051,2.74196383811305999,-3.35509822900422572,-2.4446278924155691,-2.00616451748561664
-1.56903679583098521,-1.12125116645647194,0.662141826475971085,-1.04500004752439013,-1.81071783704266265,0.519338049621205777,-1.16652944310690643,1.52082326581087957,0.478012947249858933,-0.236288738073675536,-0.212132312371198811,-1.12238940739504578,-0.167161372224711918,1.4011689157573004,1.26064641478478912,0.134584207446480558,0.696105112541003046,1.41783745286600449,-1.45428230793372659,2.12413790685610016
-3.84296601325733489,1.67355607420966979,1.22823184012129971,-0.74835484530764429,0.0226916006933424591,2.45876318642670499,-2.81334389632593496,1.34974012072333838,2.92708941789108401,2.23937343167416625,0.195451432867512459,-0.816315257009174067,0.598511895640090774,-0.408510007876439929,0.926256803488927027,-1.71844248628068885,1.10479035425421501,2.05757020708211469,1.8252835890537924,3.44953141294014198
-2.39957962093837907,1.26904207697917193,-0.308766449059998893,-1.62795460735425146,-1.70382697801497773,1.17009805021978952,-0.922689314404056549,0.0429327374171688259,2.96430636283720839,0.670850918261014395,-0.618672303632153753,-1.66580709251502901,-1.53720519703309089,-0.804090679014438869,-1.31031385437454184,-4.30951770902332942,-3.62690662347922155,3.24712372464116017,-2.58986394381938512,2.35340505930861577
2.2507728877136719,0.551511092283205717,0.460189228926492611,0.737268813975632042,-3.01959641789072775,-4.01185630865842313,1.77327981389775458,-0.352447028255831962,-1.47258208932968571,0.298846596440517642,1.55589339463176213,-0.735049577185993952,-1.68812717258349299,0.133594934274973154,1.02846430426690771,-2.50921216867185137,-1.98403479729886589,-1.28484523474718415,1.02618593185047202,-1.99610625821336418
2.14478172975918646,-1.72365250449265761,-0.554133662936882154,2.36028637680609465,-0.948966051575920067,-2.49751798396832303,0.57983546803850905,4.38255211010592127,2.35823961713399521,-0.74540194070338972,-0.502614731706974127,-3.42226573391327804,-2.31667699262038385,-0.681290308848876758,-2.23398610772098305,0.803689572306085842,-5.98237578733069508,-3.54937579041875928,1.7827147231337277,-2.40680428029810622
-0.61405459707235488,3.02330321580022332,-0.654387297479496088,-2.63130701692437929,0.364534670500590852,-0.73316683275231942,0.436369250802089714,2.12274967011337079,0.143437214196502683,0.928098028562374444,1.26639370631625803,-0.0845240084733314134,1.64212778808942228,1.54820595094547953,0.45086305094584278,1.48759247083726054,-0.258180579299789159,-0.232853493551641422,0.250312132694245737,-0.501422702647809304
-1.11762776119340779,0.234179647017576181,1.00391690349877449,-1.97746680043859113,-3.65674345106577681,0.237221486629676348,0.36234935948582192,0.0130271698511372318,1.66908643412194135,-0.638368546314502683,1.24559284367757894,1.50927056815016281,-1.77841761662885345,-0.00165628568870312943,3.13185511309103504,3.01463094350783045,0.413648758568665786,1.34794471744234312,-4.01274643440699741,0.406339068972162543
5.13109840167891385,-1.25201283792763962,0.479794745439534376,-0.282979622606884584,1.328329510159316,-4.52752482049134652,3.15535451331346195,0.352652762619764581,-0.391261122046654031,0.75891799427993567,0.162267627460109864,0.825297258499996134,-2.05614537929954277,-0.187998864936292476,-2.67025906462568008,-1.16149452439759493,-2.44859164232787441,-6.013045421583187,0.89602390153724143,-1.84083077284397056
-3.18160524520474874,-0.625090342817732902,-0.857723013116054811,0.633248360054166293,0.354400064350648858,-0.355130259335162068,-1.02249541770966279,3.08114619449027582,-1.77967914005246541,-1.84782283928423574,2.72619295005790407,-0.432385994732817247,1.89586649782202143,-0.699322360490955863,2.25829003238796355,1.40074090867517231,1.71861206167705105,1.61385718039226167,-0.766049221309738404,4.45363582587902229
-0.154506190014789574,1.46086816319293455,-1.24086449708359625,-1.9759251485564755,-0.292707130880729582,0.639817840683953865,0.319233296036381731,0.668619608138150356,1.42515964566287301,-2.38737879603156156,2.5367780082717637,-1.26288099448182689,0.715289549527165724,1.85439711086356218,3.46786871005170694,2.6198779313623799,-1.85075905254209649,0.152315426210857835,-0.175297189437251033,-0.0520178487083596403
0.218803050204188249,-1.22882264703001476,0.973722695660229398,-0.263329820144458049,0.816134839145743252,-0.317779157266723511,-0.367124351525106418,0.186317747461087174,1.2101622761552715,-1.38639826287954326,-2.23634551369087564,-0.00507723164009821291,-2.656852982947981,-0.827525261554184932,-1.71740109174011568,-2.3006730182162185,1.81129744913772406,0.613273557520268908,-0.887174565120425695,3.59174415699939287
3.53529052006022537,0.361577735418235291,0.568139866072898014,-3.48744754069174334,-1.32543051701868131,-2.9410256863362445,1.68602937997605706,-3.31177141528921837,0.666185318998300358,-0.529961974520953949,1.84320670510481399,-0.362725206079694718,-6.43598921647551769,-0.500921756554391306,-0.129082468364754649,-9.24590064088907937,-1.32946809743983319,-1.98027017299528096,0.273983467997286068,-0.292514046561598462
0.974291579870695812,-1.40028378264439923,-0.469132487440984125,0.0857645753959126733,2.01280693762662599,-1.70031883180293431,1.5403266130998905,1.24118368954127201,1.67789493625531461,-1.12962548592836187,-0.594533848177462354,4.1555100205006692,-1.42695343237362282,-1.08467181276274238,0.0302214840407951588,-1.07983074192928963,-1.51655307240535708,-1.09076392922543053,-1.03382462159537392,-1.68222437754612231
0.797849686545977765,-0.454318214347428251,0.805644247025232518,1.83353802721463865,-0.513553811498126733,-0.459747317066625694,-1.61154454198718255,0.276192529122229247,0.951057883960829353,-0.720074534131787458,-0.944528072046708744,1.66241026768781808,-0.0119649210611368871,0.287539748197799205,2.77508940818869698,-0.641284529318327245,0.853889923527277772,3.28759221705362048,-0.294059414101859207,0.259890314007420631
1.51096164504163233,-0.369011952925675346,0.705583491344964675,0.199396018594954455,0.777321301440115575,-1.13748315460243288,0.704730216787143093,-0.470543465166663788,-2.69325353968373582,0.338478974008484257,1.76458253793178033,0.320897860111828859,0.577456948778678814,0.615940295510341462,-0.685875160791083904,-2.36591834652495026,-0.260297610772305954,-3.59434609792137438,-1.34723280413939972,0.132556081925138541
-1.44686926020380047,0.574702006453956082,0.129573459138252689,-2.82229109166989778,-1.11361604607609332,0.827497165343037855,-0.684211141084689722,0.121313978543234238,-0.0943384543930112646,-1.11955872204745477,1.20587097217782402,3.91067471936993227,1.61075526089368992,-0.242703692068625632,0.574104430466068183,1.43471359678384158,-1.25013138727076734,4.78862620481181089,0.43785300017312373,-0.807529310901828778
-1.2291992145585513,-0.223049002273976976,0.2386675486653696,-0.514311739876352814,0.318367492328259671,2.14638616622280054,0.397203694545568475,-1.90454963452410619,2.5081465621933865,-1.04654817472521455,-1.6942194183936754,3.43612228885081095,-1.79512596856738771,1.36481354617737605,1.68203932670184875,-0.69037005720200717,-1.90907379653420062,1.94466009784102001,-0.789316511749713179,1.19528490980237256
-1.12176947672435467,-0.0403667441148057374,-2.34662924221139813,1.22101930206079801,-1.82166937658218497,-0.379446212237778469,-0.946402450589407973,-1.78770838788235564,0.750855439725532814,-0.932813147397401843,0.283193496567370917,-0.934403240110995403,-3.28599191494353704,-0.371549004155722895,1.01688795939638132,-0.798554191787802625,0.0427970578699931534,-2.76314416992918055,1.12185983236709119,0.988090576132267362
-1.79075908631987857,1.09608204707652046,1.20514923548316455,1.69265219400852995,-0.929095249887821328,1.76150659901997741,0.604581566306786833,-0.885037032374400678,1.14912305606828324,0.925647547239494384,-2.72917299555854953,2.11907569774952487,1.39427909917401549,-1.63061495380146715,2.01813906113621044,2.40838208029618661,-1.11861342228236449,1.34892186267439129,0.178947035020534551,-1.48968120542639015
-0.785316037980151593,-0.974840901044886299,-0.445202193820183667,0.311072024426393701,0.0224768972119973598,0.723017749001727661,-0.0497705061332222379,-2.20556439413484773,-3.65167845593091878,-2.0677610183748274,0.916506774666443147,-1.4499507214350591,2.34169785234507533,-0.595827429852560431,-0.233471729731038607,3.33146488613267344,-2.60571206860359927,0.848858352828797513,0.0075815432314117687,0.615935866880352845
0.747437383561829427,0.360588260832251206,-0.534401002931564451,-1.67739235831068734,-0.570986213701306755,1.04747133116027635,0.403818611459834942,-0.0475597138978386333,0.450347276935525509,1.45948576140437325,-0.0837112311889661037,0.884656927876060095,0.993922861522315904,-1.28769546109676281,-0.987388672619756602,-1.33518062759907208,-3.26923118264639578,-7.47055106534250513,1.55373532443694562,-1.776777553645281
0.84894009086269262,-1.95981777509573463,0.521594996733284022,0.473668348809800077,-1.8761027653074156,-0.640905135610820631,0.00678925230980560908,-2.62594550726579712,-1.77305931617998036,-1.44738592033373625,3.11203833705212762,2.28833918377112777,-0.0367016361297209104,1.17646414401429134,-0.503718235017664662,-0.107724768898837919,0.0385803561745325652,-1.09344227760237445,-0.0852223707128999114,2.20772495306608496
2.21837577154739174,1.53993610246023471,-1.51580905805135946,0.917275327325411727,-1.49656843946673712,-1.91510901712010706,2.43502619107906693,-1.34174790336333394,2.14019827672297458,-0.544656137974958043,-1.58765560266790029,1.09523738152519323,-6.41378784494606435,1.316829848331035,-1.25011271519206191,-7.30074748890816672,-0.842992911210829199,-0.413655128084120471,-0.433658282550751173,-3.0139572000216921
-1.10482677939364171,-0.549701729116831461,0.565344787509394209,-0.52891641045603166,2.60660594440971893,0.790261476119258566,0.858171795972288987,1.57813982694595523,-0.597554762645716275,-2.10770717285746656,0.852534089197750977,3.40584991315862773,3.06382857301735623,-0.120734339611929253,0.532595638138784855,3.41266133736828747,0.437890727956287584,-1.71905566908044749,0.921754405514886188,0.752988015627912399
-0.661322073646199105,-1.4329553201365901,-0.897120329463464539,0.618825214428630477,-1.75316196861633844,-0.0265258457371576988,0.819312233669179157,0.506069339947921581,0.583072147424669507,-0.195970767696414555,0.0061176058185650516,2.60321900804816231,-0.883917686025189608,-1.72535623379103153,-0.597703071875369973,-0.251979447146933155,-2.90312094327207637,-4.47645739286774891,-0.771838293363124595,0.52589259472199168
1.10945653412950662,1.37749756000759982,-0.186971241224173385,3.16313262503789572,2.1885457418172618,-1.68960635761571032,1.28974781205158551,-0.129121691822313228,-2.29833668557871729,0.33003381218616773,-0.0124215134085634352,0.0932767501276117184,2.19927903305493899,-0.744250637193203057,-2.65905492821205636,3.33319485753324862,-0.662138288871489622,-1.71816576581323166,-0.199403548530072083,-2.66580115030691323
0.434267209821229239,-0.791838439047837017,-0.0637188250697179187,1.64037186647172373,0.592908977008239302,0.214737612614228246,0.432490230365731587,-1.6108293216992835,0.365910814710283361,-0.554025690930527781,-1.93499486948691435,-2.35931727529258373,-2.12667337967127823,-0.0843028975515489609,-0.0139876691876016004,-2.46018429341645062,-0.469957259015332141,-1.18649629947627688,0.73693540280672476,-1.38789197925278418
-2.41442088783163333,-0.660704013182245364,1.26672755823083238,-0.853109655516305576,0.964618092636306379,0.967312609488743869,-2.52128119492501535,-0.876711127521046185,1.41983569687492328,0.135613016397043651,-1.33279324620201178,-0.0384242185869411584,-0.244064835619530934,0.418933831769380538,1.044658740643295,-1.84875107782367376,3.37821556248559363,1.09642494766719567,0.710360613651678574,0.169135286900674947
0.133351847846293087,-0.700759248385472877,-1.56864613663921393,2.08118436314697508,0.374087640624963969,-0.30831423134896363,-1.22513428146084258,1.58916840145701266,1.27410896744730495,-1.53359358248123923,-2.10148549011380847,-2.41423485357412471,-1.66074526832621561,-1.39708778835879199,0.287763119039318005,0.453100188928384939,1.5573907762964101,1.15504449748302984,-0.708237081228221932,0.488702082581656261
3.43717907259765276,-0.93481419434769597,0.178309488777648545,3.55807902264787934,1.78031628358266358,-3.51924871545849882,2.73014931172983388,-1.61374800494355775,-1.33199267317306225,0.929875440305708123,1.03529831028071784,-1.47592250167448924,-0.975814668381194905,0.239416659956766115,0.704737126712431383,-3.24833960696417545,-2.79070536242915823,-1.68526182928260915,0.975313889046858784,-1.26431004619080101
-0.0607003750372766826,1.58776403868396909,0.56355171421583794,-0.892960374215636121,-2.50809337467251359,-0.596502568868042315,-1.53897333420960769,-0.543801062776387956,-2.97580106997545535,1.13813950979121237,-3.91934799229699049,-1.24231590403653835,1.97333160365818761,-1.91539384162242965,-1.80814176447578201,1.83469754602600554,1.0007491504557473,-3.16192642049007455,-0.827325403471105281,1.43608018407397142
-0.275656898425322205,0.821143990747494223,0.220430930576186263,2.13922679294989271,-0.732023157314928175,1.58801499339305874,-0.304410257902834935,0.62412797839700529,1.31758521395912842,0.195765035869148618,-1.23788870712662558,0.20830538554185829,0.794652861900268292,-0.34244996648134518,-1.91857304767698245,3.1136356384755941,3.38393213831156547,-1.64967714612369387,-1.45444329680011042,0.267574187807843755
1.78056587916197695,-2.41800385506484039,-1.41702443452988769,3.37066168655800569,0.810137726285916737,-2.02278884108606194,2.3519660340480808,-3.66995724782348587,-0.525291797731118448,-2.01818381418917348,-0.498162991450452564,1.58371671452723484,-3.45430190883312349,0.0434326814116436435,2.69847564377674631,-3.58134632751071758,0.840580187144954527,-2.90325659794977753,2.09909370332402467,-2.75832044448869551
4.11336041875619962,0.786451574852006452,-0.704569822763740472,1.52171665138427881,0.191785953217104038,-3.19671264036185931,1.76208156189297127,1.60343317294467069,0.15072163553690246,0.181402496883563136,-0.263704320114164226,0.990515420718874773,-1.57871135578056609,1.68558370245251865,-3.73672220068573013,-3.28439513912561143,-3.47997130956335354,-4.94118914816119581,-0.929690336094194159,-2.69742378647659597
-2.00957452357140376,1.09664877560578211,-0.0298892809699741607,-0.55401800086473918,0.370446657657961975,2.90586679979558182,-3.07606897625280729,-0.790662568204504868,-0.165046760795476116,-0.851093467629899236,0.873285504626349685,-1.87624231854169543,2.52188660161416944,1.91350128328444646,1.20423661616360178,-0.503917836431014288,-1.19923251843081302,4.35198018288972666,-0.262214776604441868,0.747639023510571321
-1.68318491821898464,-0.716003628013733961,-1.03053570008594475,2.31722715378185562,0.502406362516876426,-0.486617079002129471,-0.181195541422210227,-2.87821326992277671,1.3847314669364148,0.487622004707424339,1.1709284346651172,-1.0515375333768997,-0.632448316839914981,1.07589417900346751,-0.256853711250277006,-0.105633143966514839,-5.59115831576087796,4.07390983114878313,-0.681065177103084451,0.779116021091248223
-0.228589634321018531,-0.89788927605703106,-0.137048028589651427,-0.957959465684577904,2.14133020028292531,2.62658364222115681,-0.929889985487110549,1.30421625216336512,1.85404507327866264,-1.28293870341012384,0.811642775108150305,1.86780327300329629,3.32129104080528537,-1.08460599379157641,-1.44510953895617189,2.66398100630830026,4.54320519563847203,0.260482600742545645,1.2938838101279504,1.52264369433745972
-3.02143902294212241,0.742391837786851805,-0.230134729961953804,-1.58933445567048182,0.623438827163422915,2.63656398977558837,-1.65511949391143753,1.51572369070201685,-0.726107457523916366,-0.00380249577055359307,0.899614710050034017,0.310975463413817543,4.72324833688562773,1.04394591897837041,0.740605238644239661,4.19142186382474957,2.20544711280347094,2.64745116335641528,0.138814768270284439,2.48900794598142427
-0.249430725058075869,1.52033418369039763,0.996656172360512072,1.06764506982394236,0.806973802247010985,-1.59573504914407205,-0.00836703997993582145,-0.640376459976922829,3.38358143488709384,2.07983223003187367,1.42347651369917139,-0.823168956420511799,-3.62885985052127991,-1.65958765489512605,2.76206843346404884,-7.19278099201192322,0.623332549584198259,-1.19032473778138148,0.498928817250454404,1.43051226361024053
1.99162270746927961,-0.12912732915001815,-2.23397692427212657,1.21350792166234389,3.08852005959230214,-1.86232107622408027,1.60209623542537871,1.11756676081250306,-3.50390190151435865,-0.961291098997936522,-2.58345394522046234,-0.488091000329801628,1.13448080764995773,-1.44044986942446185,2.19977417989127666,0.502337173920888724,0.657583886440908594,-1.68012506142836759,0.656811257828279871,-0.986870765090143598
0.787542689177044619,-0.594424334563124268,0.779659263064583552,1.55688569218422335,-0.324761301286783877,2.55676408487267359,1.41375936711980166,-1.52966992491075349,-1.83389303558072525,-1.60487202779123539,0.242280527637650039,2.032963003396969,3.64898182327971021,-1.26527958654446127,-0.442615412341877068,2.5287397409082204,3.96521526121428236,-0.567074686417669338,0.595306065163309972,-3.54276894933199271
0.902992410851094496,0.728261683355988509,-0.520933984688705221,0.438833423513041387,0.926027474615875645,-1.1771688164879901,0.75028409902270754,-0.26004229943979662,-0.933263107453905394,0.270066532360129341,1.80992815098978665,2.22176238949435323,-0.910484393160565841,-1.26742984794574909,1.3797664674148491,0.0128465543914434762,0.48367842434623487,-1.85652517744919399,-0.000611933960323335986,-0.0379047538017151658
-2.5417156438989803,1.98773629327288792,0.504319695303464766,0.829163282949945235,2.79305499797158241,1.94738701209945475,-1.89915790139752549,-1.26050017909828016,3.13522306672092421,0.0326923437803847555,0.127044324799790637,1.19159865057107583,-2.30573788620364706,1.00774008491565015,0.185426821744666126,-2.33019331293735021,2.91197022264331018,1.61490083697463493,0.295847344895117825,4.22798748976800365
-3.03427441791828612,-0.917812983256865667,0.212231354274468043,1.01709796356001081,-2.94791983417358372,0.790107604996043378,-2.0157961597286933,1.66617801707738389,-1.78037582169592823,-0.597272751190294326,0.0232954716440895403,-1.73672462228670144,3.71024165783097848,1.79907645176584863,3.07911657168176323,1.50864425677516345,-1.15410954772189389,2.71039887216429864,-0.273580475734160111,1.69451880160644319
-2.66461091181037668,-1.0335799627872031,-0.957469422264943471,0.56571032762713469,-0.79965998451602327,3.39506538429832627,-0.950522896494307656,-0.536349266732354835,2.11063698574026937,-2.92798693893703055,0.951693772270107541,0.0794920309864421137,0.127221963774979463,1.29674092600717916,1.68014937126443353,2.04628894355573543,6.01213029562064172,0.922902858025764217,0.653808136713461718,-0.416314891929346675
-0.73527935684267054,-0.893544420217945778,1.11384727604585843,2.24985184979942376,0.297460593218151603,-0.508167084421953574,-0.133769489690380605,0.00771824102409169981,-0.536705804238533979,-1.95457751752909958,-1.45573813783551209,-0.304619545473411912,-1.57433966186967433,0.382648117251275177,2.54062114166883601,-4.01613728809431247,2.30792021398488245,0.0343943969745038741,1.35217367684316625,-1.61324166459178575
-2.76302625925100109,-0.95613068787109079,0.497484940166686596,3.58690630451319148,-1.02205102493356215,1.7242550204289766,-1.48508417419738947,-1.52995179038782347,0.485201243338236887,-1.38251055017628155,-0.0426407457268491649,0.656661604319818126,0.846374235045971979,2.6028690113348163,1.40922234612728126,0.895091454300830258,2.66248982707519266,1.04848012302365734,-0.944510460288219833,2.2661931897261125
-1.98867777612411367,1.92474959685857461,-0.367279415553009025,-1.66963708907844444,-0.362567857540096017,2.21419662892616564,-0.816960815818189912,1.67970388319569097,-0.0831578293906403282,2.00525109341572039,1.48643867485471537,-0.603453433747987877,3.22038978337338788,-0.431180415126736771,1.31578118918416287,1.00504043252642306,-0.0863825163488555758,2.05548069352944607,-0.592762006042061529,1.71814525011396779
0.685700944614054175,-1.3176967296443669,0.44004530876891601,-1.32926442754067997,1.52841853796408356,-0.0881183483336891032,1.6638708610979358,-1.06148920203179742,-1.38078057538950238,-0.931813792836467591,1.28550850318802912,-0.810844323345814799,-0.309897340130720067,0.0743261140329212616,-0.34825786011577653,-2.50698504945725897,2.87602032764446403,0.763109001639696638,-0.787092932826033764,-0.600239802816130541
-2.3937891321686795,-0.0392915755533312927,-0.296099446629470242,2.15445434320155815,-0.122159230483413844,1.85710812843077444,-2.8004991296057562,0.366489276781847284,-1.27279142708029624,0.846179554073192897,1.50212835955889501,3.29969988618282972,2.06134035770578228,0.333636150017555033,2.01825025716589579,2.31659323864640099,1.47986696935657802,2.98970078602108691,0.354802509954382506,1.12255655283131262
-0.508919896351644363,-0.399267536026571557,0.591738654468259684,-1.26551345082475364,-1.01935648113013544,1.27923627509567095,-0.164956563788600408,-0.905499174342107027,1.19296615305612841,1.51732951625938517,-0.796064918269548838,3.47105578980629126,1.16080425076278204,-0.522154613717631721,0.467919400512750827,0.450409302149104629,0.700638836821092403,-1.3649565215300492,0.693031935876281979,-0.519326247353608883
1.24675465293911869,0.781489153978694895,-1.1978132977495719,-0.358064502109264882,0.305868005503728557,-2.2349960896880301,0.400043650371503023,-1.9790755752212843,0.558282925728712631,0.649646072530980834,-0.28062320761765569,-3.63574973353515585,-3.12579575041129321,0.433568722863629963,-1.85687763329901112,0.569979947557491262,-3.86482271762831697,-3.09016875549639147,-0.4331491764836089,-1.57390985361149549
1.44260109764930688,0.284767401997388148,0.18039971963840537,0.451661648785849246,-2.29410601035115524,0.0348923674065884787,0.46374587413797369,3.05053991113192291,2.04118832895844315,-0.347699963435847137,-0.760325662016564263,-1.23244880261283529,0.362958457707284465,1.62617365506790068,-0.833691704880920259,3.17356908397230741,-1.99840710423700707,-2.8645099864377519,-0.497925969683939929,-0.577506538699421479
0.443102013082868007,-0.251283119824070367,-0.614018219364400375,-1.15946398918164761,1.70083433657924554,-1.88863338118036284,-0.0811475423109137006,0.267623612938412414,-2.42067307890053263,-2.13314085984752122,0.0392316739509932025,-0.550799257050983648,-0.806758415958472863,-1.21821934531436571,2.55134379621716656,4.10102179163521807,1.01591941484305526,-0.808959512184910245,-1.37668737657540596,0.808865126097199849
0.287663691127767907,0.070615845087138418,-0.658291286309613422,-0.50547740199500435,-0.498883956230145365,-0.12317021393176257,-0.179713679420406031,-1.36298643653392482,-1.91825334867864838,0.0680275937562738464,-0.0752301301691564173,0.449864637666712641,-0.503821048467618882,-1.30570114308774743,0.851736746279698309,-1.72316320957966473,-1.23955881770661391,-0.858543692948931403,-0.321454294327583434,-3.62014173602040401
-1.70285391262075558,0.10798848875165809,-0.955387057950690788,0.696442039508983202,1.10103229938909042,4.2617177688845107,-0.751014200710109714,-0.209729665576522978,1.35836712408742999,-0.372251467236899558,1.97022945797377402,-0.460683745095271047,1.65699194796425076,-0.696080362412013542,0.971630679665574926,1.2594624330510964,-0.89780298637374778,4.00242741763972898,0.467179579766553665,1.37629977838387374
2.89326960941749922,1.25245547254677447,0.744532017624464526,-0.964723068795389604,0.601143619275297247,-1.72286392882322192,1.38262963655034232,3.11173288859554686,1.83688880712124969,-0.0581107979137190783,0.240494051805220932,3.56555209162039111,0.587735672678932564,-0.928919964420209632,-2.4669303024389575,-0.188758784793658957,0.459589253249234386,-2.42263352958766998,1.58252062576507235,-0.243223901966103273
-0.0729708423848620946,-0.349791906342963976,0.533972412234478888,0.276976352144743143,-2.84359185241856682,-1.4051703832200102,0.0900105475928127119,-2.85658325143619107,0.418007528895605662,-1.20066884757347858,-0.932433209465149848,3.42523783886058952,-2.91300322020676594,-1.13123857248617954,0.203130626372437256,-3.47251605425124765,1.24426623851765616,-2.0110174403756611,0.176821614254347004,-0.325091211555635584
-1.55914487809867874,0.278614520804850663,0.144251230289014043,-0.250053797095009411,0.0348457009596360098,2.75824708939735563,-0.566641379209665841,-0.337085559770107401,-0.807880577228210162,0.430387017949419692,-1.14523464870422731,0.0223228987108171004,1.14094059382397761,-0.0282632219094754444,1.92115797966593904,4.51222293816167142,0.0164304780239161625,0.196671860260857145,-1.34588772585026084,1.20376878757507755
1.12228591547778711,1.08683272486898974,-1.16506646408949788,-0.381182253552300288,1.87486181618655379,-3.12683119718505287,1.29186330900049806,-0.549601491556731436,2.55713459552858424,-2.31148129274527969,2.10348662660694208,-0.10884220715817737,-4.36974946703376954,-0.421561710830505421,1.09743149166387077,-4.90677780720085988,0.760349407670367627,-2.51174689885305247,0.207726214893413474,-0.399350128732622434
-1.73595450213580471,-0.231721963108539958,-0.0104604610969924877,-0.0946733454007079173,-2.06233788729701617,2.65178731981457227,-2.15076651044035172,-0.6450245018885441,-0.382874456126442275,0.78727700986468574,-0.772162909296221334,0.658633054472981594,3.38973659238218739,0.746734530249301809,2.1365654550994404,2.78039389996184427,-2.23481284827446558,1.83124856232442923,0.316896421715395338,1.33508697121960918
3.45001287150369551,-0.624764934258431048,-0.0984425299766896883,-0.159796900369135686,-2.03639286244461992,-2.15241471728150113,1.46306007632943147,1.49836851864602649,-1.42678037080381603,-0.360071459401013316,-0.427384926208288662,1.55111083778413028,0.449539945401358165,-1.88378888504051023,-2.32723077316318561,1.62027885018166162,3.15576848914379271,-3.77915421243431249,0.403187721513711739,-5.62810324375871662
1.92700323622823255,0.39049041837799281,-0.456600002422808959,1.70047821939043486,-0.174906468227841394,0.445471296828452157,1.25707626443129561,0.227382907074257373,0.190050405187874416,-0.946498198883745312,-2.86361177907860975,0.995960609797057805,-0.0347672479089162767,0.862541194622173935,-0.81235974666570876,-1.98713811594027789,-2.77883124592627428,-3.1385128670783522,1.53425748860213851,0.150574549447792694
0.941071030765322725,-0.538617106454834516,-1.5771453740773449,0.520037426682198434,-0.518991710466843226,-1.02677587564064798,0.0505532326636312715,1.5665356030792259,3.55157928537115763,-1.99317018745055075,1.13862595070668338,-2.23023896468634542,-5.41943717841732742,0.893498902303452636,1.53578592084089283,-5.35831978354068106,-2.66610982353291348,2.03040605893837212,1.90447122593488993,0.142507527204629086
-0.841821599921837804,-2.41036417380460666,1.08562196067175853,0.853602122643074335,1.33501120523101036,0.189502063301521861,-1.07350498352593404,-0.98744014583650408,-0.0126705791921225778,-2.0234130360652971,0.406004838613733043,-2.03293364608719385,1.09902067809880255,1.10503362574737674,0.442438214563363741,1.26107528388964707,-0.126824504909989699,3.58596397284996149,2.69687736480317231,1.57096851594271025
-2.0511986148994179,0.378876513144450866,-0.0372996426597012112,-1.46491753468348485,-0.205845277516641362,-0.358677499353067475,-1.16124919529595405,0.251518796143743228,0.680658748626264298,-0.709006826668763801,-2.6731824647930682,2.17984831918116972,-0.636418271859183649,-1.71053994540863963,0.963701175752960548,-2.88440996431089092,-2.37032467624809939,4.46913086330590481,0.227094733902581697,0.604667812670137805
-0.0880857723006950449,1.11419863207700587,0.719720988521435734,0.633343336265816625,0.846317071884885808,1.48757748488250119,1.71142420484496194,-1.69867617550340855,0.175460236558870858,3.28803903723475521,0.534872985035285797,2.67714147859340335,-0.00571701492300549525,0.662626511493909054,1.39377568440082156,0.8091101798460969,0.954256928838388196,1.70677713723173485,0.296518762323592922,-1.7270632730747546
0.870562182383509575,-0.743458423465231943,-0.614806574753912649,-0.563316929406707523,0.593829490625274237,-2.27940456870748553,-0.351930994679411635,-3.16643036285445723,0.688326619178631693,-0.622216739530250473,0.645768793393111662,0.0681889686674754386,-4.22022567174524799,0.397002311625630988,-3.2893562234112621,-0.813334675416244046,-1.42223906099239494,-2.06511966115103629,0.817398923043730519,-0.430905163880001163
1.04707926016652486,-1.18598251367208318,-1.55494237854141182,0.475180521895951669,-0.238145414635041075,-1.96844852979589979,0.388478346723860224,-1.33875467661634651,1.21308590454008502,-3.14647886107158525,-3.81777761640080815,3.17322707059426579,-4.91002043235463503,-0.400424831822774996,-1.07827796010502608,-5.42682226774787502,-2.43898682363130526,-5.58279011161864513,-1.45239723625123829,-1.98644638636643811
1.61047357857844853,0.488497248590406608,-1.09123916290535794,-0.231896762700774778,2.05537379515117546,-1.00903963368117,-0.649580182041658571,3.43962936185454238,-0.543585293817393067,0.401523724983454566,-2.05235991215447022,-1.30812278214301636,-0.397411247804669354,2.64435408201505462,-2.0872928434505158,-2.45026425981773288,2.10282612881753828,0.650537572462527081,0.096490710225742779,-2.5267304658750156
-0.72419851166489313,0.486640517642651649,0.528343548025694609,-1.51586683218329843,0.53354460234561174,-0.304192058639014662,-1.14795939331134456,1.30879862445555517,-0.0639352446691944937,1.38939667942974276,-0.780655578912988646,-0.262511121564173167,1.88183165798011753,-0.428314597086134119,1.23321909721754475,-0.696565072596796786,-1.23445453620986534,2.3413697731280787,-0.787561011414868228,0.169700656082640761
-1.97023822522761649,0.852048879836654449,-0.992902378448140777,-0.648016063780065377,1.50729079851269043,1.51121565852743878,-0.300165566196615663,1.09513651705159254,-0.0645133933465526777,0.322565910064075312,4.05130454214466162,-2.29737346481039539,1.79437033508125521,1.13939168695785331,2.24185950575254633,1.75710969910307857,0.487028841383185529,-2.49418164237016482,0.0567078079863373719,1.90630741713525276
1.73141696581558513,-0.344553358365371598,0.475146679547548911,0.851544797272623111,-0.14529077962431744,-3.31907669638430081,1.4903827015168456,-3.92288312226327607,-1.33841535185954563,1.67907396936909548,-0.570696058634598602,1.65617394129425066,-3.59570449161449979,0.433461833680917008,-3.38609405466983659,1.43862099887874062,2.91413435810948229,-2.30855428758968184,-0.352448887553710399,-0.84008365938054963
-3.05096794312709729,-0.528324589466597994,-0.656272159538103694,1.12591829762862017,-2.6498861723952305,3.05985247427098939,-1.99942882818003032,-0.820144496191688166,0.640616501999955679,1.40771738350822373,-0.760275877920757903,0.0998098241167106881,1.066841659215501,0.18863342702052352,1.89774830165251651,-0.450522125035942245,-0.968174551536344796,2.28924098791337727,-0.0415345661679953626,-2.20230006748444218
-1.26161661106304712,-0.123588242371269905,2.27148077401732618,1.92330577124562363,-1.03155769439288636,2.32039039922473345,-0.235029148898355744,1.10009345680767123,1.79259496380778161,1.04809394573202197,0.314425540480265719,2.15074237499549836,2.95824688270211045,1.30575640120419645,0.54308930624517171,3.83608691221971831,4.82379152870631689,3.02146407620143975,0.182722676402495177,0.588771803043949271
2.47725948121875206,0.529967601456662107,-1.20605685207670699,-0.682994963409124134,-1.33304641715992345,-1.54137731405422285,1.01818403797004065,0.37323697935561051,1.2776577147676218,-0.451683131175683261,-1.97135445965083633,0.376088394152610361,-3.05410262043556324,-0.209928013579110423,-0.734102108173996015,-3.65858519046041675,-3.09944468686208552,-4.99791073308524236,0.643757230554650617,-0.766567274449002967
1.98009596349691863,0.0955312206148859894,1.74506575842657363,-1.88261580232322867,0.177266437122141213,-2.63209693207713213,-0.481866004924537683,-0.565240220454663267,1.37739005232373413,1.29413568379374033,2.97960366944374311,-1.50443002434816275,-3.02353977041843969,0.132753513504298787,-3.13286300576595389,-4.38623961656524397,3.2081412591773617,-1.71272168355996413,0.371367779816190902,-1.25083508767580764
-1.35044036221356589,1.09923072854378745,-1.64355677220047491,-1.01727620127461105,-1.51985972273552372,0.679741259056322988,1.59469686437137681,-1.81484238599995273,-0.298162564113345352,1.06603513762930091,0.0339186620305907613,1.23203207495272649,-2.95352178600423176,0.050534384420344268,1.05973983748890155,-3.63854807325766627,-3.71560559967883375,-1.9264564839553171,0.41448063693205317,2.86124093044276373
0.202347691056822765,0.952136646868472547,1.26924016357130864,0.960571414157445402,0.349116351586229112,1.19768737428432193,0.0544258658108750862,2.18604349207890003,0.405718493306081562,-0.625596768968611494,-0.579514963743304912,3.18491069998552234,1.87146848109270669,-0.790653400496932446,1.93119224063790917,-1.01746741667950413,5.31061675502149821,-3.08546741208217501,0.652423562212108177,-2.98243480208527956
0.879515620309119894,-0.65278556387956288,-0.442239701533366836,-1.98151833375465958,-0.290539687335652164,-0.493403337932828367,0.95772642355317783,-0.434925632328433731,1.36713257830101642,-0.561833328845638524,-0.984205952345628465,0.864037455312444913,-2.82329069532252497,1.69501396117845338,0.141640159630363971,-3.19043386275652407,1.90357204078128706,-0.877366462275368186,-1.17379285315320248,-0.650449855829938084
1.99615796760050901,-0.0678452721936921577,-1.92663646002187194,-0.467066987081311058,-1.67791225983788328,-0.744192493301926494,0.668265423418033744,-0.244479123605827214,-1.84248095886463514,-1.55441686548826241,-2.62466373738122449,1.8668475519857588,-0.793967614264252441,0.982157011551323511,-3.48662342387437052,0.550752845950218117,-2.44131614620493087,-4.74534669057369651,-1.54032630473798138,-1.84568660013400754
-0.308193324949753711,0.894438231351638802,-0.412132861202992917,1.78724145467163753,-1.41995371010337612,0.37297580181279294,-0.658451849350962348,-0.940376751502814412,-0.813598531750528764,1.56662204326641841,-0.383032825459666493,3.3639690037236698,0.848345759501896723,-0.733717312190981574,-0.749861210085780328,0.0225062371330821201,-3.363370201344273,-1.87814522750171098,-0.26404900626417166,1.34597200654521898
1.04160838588656635,-0.968860626694392324,0.310911061239066977,1.36721038690755892,0.383010305703430254,-1.0960196302271461,0.285731544699572015,-0.453962223561832467,0.816433303911356378,-0.650881083463882404,1.85976408617629718,1.69145703341925335,-2.87600777973331834,-0.203394713060803284,-1.32189168965791537,-1.76019765449081711,2.53150919082674086,-2.74617401039507003,1.08652427800021201,-3.43832144182479915
-0.623627536090582746,0.217257668016620498,0.573925237213322892,-0.338662860482920769,-1.14633534788128766,-0.0394837592215705746,0.375115597951487134,0.631197156961491257,1.56425699401793161,-0.869798712884827907,-0.370486914352718244,-1.57351314233251216,-1.67006754926131507,0.560763178861704126,1.05624865465752737,-4.82681484709446895,-2.59731101941288767,0.916061113888452017,0.0769454988638594017,0.0544443324675187718
1.18134749690990448,-0.258829097729487978,0.322326977807286974,1.39128707791557504,-0.769739681476211635,0.491551638859999807,0.0781971852879905921,-4.31896578016222854,-1.22982116199849378,1.93684244540359018,-1.05615232950225679,0.1540326837278512,-0.63415335052047539,0.920496754386249116,0.94664035739724528,1.15989171578382,0.718232548967556284,1.60309937787065437,-0.0297791070258036396,-1.29910715607964278
-1.2812199508631672,-0.47751393048716162,-1.0323531005109865,0.494656404622116241,1.21703322937953295,0.37171710755714088,-0.643373398662638984,1.82443446678704402,1.57719485656259151,-2.8250758909871605,0.438130116717927176,3.91879585177244882,-1.09101688444863076,0.338375483480435779,1.29530639125508285,-3.29088680217502594,-4.36308656887336088,3.37778554406769116,1.24276671247086257,0.752958065055714276
-1.67816860924686528,-0.753707928281050932,1.18422513601714008,0.58123816606062817,0.96580668376873835,2.13010853251431032,-0.304662243979810787,0.551329870563757818,-0.0927971620295838101,-1.19763301781521081,-0.621918236874230645,-2.64563491829525033,2.69479022608478447,-0.507614732045085892,-0.43604684210090211,1.1591729958339998,0.86292080812306371,1.1825232913734709,-1.22434883181547849,2.75828756482725357
1.22442659839130186,-1.75635712834958913,-0.382139860462125502,-3.0618108052044235,1.60101513770877868,-2.19603486673529824,0.968395152683565019,0.78318745313013538,-1.39043544926698237,-1.6758081373141096,0.158462202274812253,0.177777122678601157,-0.168233495046655551,-0.885908015324533893,-0.243565457908731048,-0.993531459687832408,-0.0572132485251410985,-1.26211798590256552,1.1799512149696334,-0.98991235500077579
-1.72238473066464892,-0.284750709119372503,0.471230570042348307,2.02755886395551599,-0.315840680396438978,2.76435416882254836,-1.4973971513148463,-1.07227539655165183,2.45364652853946508,0.304688284459895431,1.35181490321811393,-0.835463915582857375,0.667871203939232161,-2.66743716574145484,0.482746035607047486,2.86333310213498615,-2.36314613708243115,-0.280904584909979327,-1.69043315561956864,-0.805934051161945386
3.60135472469160689,1.86234495990847559,-0.722398782993164956,-2.21125116608300853,0.330459359842539879,-3.36599128859425178,0.812299361352644245,-0.953748334654021868,-0.415267457197370737,0.0830073637593990998,-0.42227266146285436,1.50498892644806537,-2.10727591468963737,-1.01915859436367073,-1.50702177059531506,2.27799146400959396,0.571567703926114334,-2.60949560409246262,-1.94025114340599059,-0.801125746084467516
-1.96651174880076729,-0.302656183259293554,-0.289143399347455532,0.585758229945289699,-0.828313136400602223,3.03782802256598261,-1.52831421027219183,1.59561060354440909,0.100074499928816493,-3.66661148842647933,-0.43868871459603126,-2.780897557581131,3.11126284684062648,1.81762263738977814,-0.222149465780181299,-2.35993054677495051,0.431018092392204455,5.26846496894355276,-0.403873112276862234,-0.778291866169109503
2.04645890458762869,0.224759237482254098,-0.778500082237653213,-0.151681201344477823,-0.180489350395724502,-2.20634817589010712,1.62995188015961157,0.255693611830028977,0.042663296975155432,-0.593507746061911035,-0.807911064122232014,0.973841586354972644,-2.79862555545922653,0.694765486576274904,0.370026041546783091,-1.28308109786461655,-1.70717970613057024,-2.67230307936052291,-2.93576868401361457,0.562901836814862055
0.993194642443571807,-1.34307847479259701,-1.53353900753920769,-0.557149755531016311,-0.149296991397025791,-0.973860178790472486,-0.86580384119608933,-0.139944891025950313,0.854444299112141592,-1.36540492214810549,-2.20393044153435147,-2.19032957987204258,-2.95008767245662007,1.82925135940450523,0.403818663452525484,-2.65845091380059673,-2.27218731060541579,3.04703424206460083,1.57939383205899331,-3.95968193975526939
0.0462658721424878197,1.6172430064786516,-0.451283437300677215,-0.00787643981146661162,0.0360231129390049601,0.0198109273069026932,0.858918323040945175,-0.601667760757817249,-2.08338158386070305,0.0955901295551957603,0.743641211333204488,0.404601951011841376,-0.299585627188865,-2.49511455129366455,-0.974672499488140609,1.76561865448803124,-0.00258209010538231485,-1.23140934323091589,-0.968542440403192373,1.02021346171609095
3.11978076501248625,0.019910090751108122,0.789830533965695469,-1.63195533667803439,-1.32736277131130209,-2.13355431107390503,1.61266760007843879,0.561872468910115441,-1.15111756350130157,1.90802580635137864,1.69666203062923038,2.70438521590378045,-1.09889230446570685,-0.0104610645766996749,-1.48103843261546864,-1.15887399500207078,1.85025442755033298,-3.0257910717053389,0.370299500295627027,-2.45577208899236421
-0.613925161444697109,1.58643055154445212,-0.389681841301945553,-1.73039486869336656,1.1351922816830311,-1.05982694111958087,-1.06337818675729512,0.0587250351875477986,1.63029554109484831,2.86435583054407372,-3.3610729973374589,2.53674451053882954,-3.70815245705593721,-0.361832820512026199,0.362366991823080686,-4.28483249904947172,3.4613158869230749,1.93090686929134914,0.0423325693420902038,2.53781535755135268
1.19464125495724849,0.582530668675086516,1.09091892175912797,-0.321863590088247997,0.194385292515625752,-1.38436903099686281,2.59577483740869797,-4.2382933111434502,0.722469670138566,0.160217132857104122,-0.516562295838410068,0.416655589246959057,-4.15970076005870038,0.611498324809156557,-1.9365184535531792,-5.524101825043366,0.752860613690060743,-6.62236605326112393,0.393751462455815548,-3.9923254515512121
0.0656750609177913225,-1.23119291558588073,-0.109359659988064836,-0.931290252865474399,0.904908928726063544,-1.43233872728284117,0.00853901907133393888,-3.14369763953998138,-0.861564507603261531,-2.45569623715068808,1.1730499949786557,-0.510540056736248138,-1.93304493730055693,1.1065065535545795,-0.950492905423383161,-1.90151696228587719,2.30819396545228139,3.09195967182572096,0.477017399573603451,2.01919414920810159
-3.6930677154433833,0.43879957215825599,1.4303575306162406,0.0665203893970725824,-2.33460165225576777,3.33101150849496275,-1.83316625490063911,-0.623831052184751211,1.11544985903817229,0.441848196266746984,-1.54264874519800621,-0.514357002512757178,3.01458571818166421,-0.931154625931009172,3.18683458615045412,1.30458605567018004,1.17621135767076956,3.19466093002685625,-0.245486193104680867,2.44460716719025317
2.49136829315456998,1.28151197859232169,0.324493047574631488,-0.456438408724070543,-1.55445629231135385,-0.712306092430670668,1.27071673597816837,2.12995000646366917,-0.844760514553928754,1.04744530581602113,-1.11776268071593399,0.879699906350020377,2.92308214808277622,1.40278211177590162,-2.24369612052266332,3.70327528468163036,-0.164799750469820955,-3.76646554584597792,-1.0386980007930231,-1.60175289898319084
-0.0635250321010156632,1.39501097397938567,-0.299013743827401479,-1.23498837515989401,1.27034727800950376,0.316509253172943983,0.656371775566017113,-1.37706416764921369,-2.17278194603702968,-1.44527975575753853,-3.20925035931754321,3.35084299271122799,1.12166141140175357,0.768450648821934146,1.19916496777726533,1.30944045747473603,2.47465207461459791,-3.82287071588539273,-2.01580921487887865,-0.464890665492412314
1.57794973442368436,0.0507528257256500345,-1.89080315858870551,0.617035058455604246,-1.38959621064719663,-3.47760732865179767,-0.794145885307904309,-4.6356616747816064,-1.13735081349858991,1.99790112291531829,-1.51864726900954716,0.235110650054541709,-5.54964004082907003,-0.186273603785029829,-1.57472623493924746,-0.540081660711333345,-5.41117621159498441,-2.58546816726498641,-2.06605120910409701,-1.65047015242451445
-0.710534195654864975,0.276576424772187635,-0.626655081828796812,0.521294559337409202,1.74979968040425149,-0.00171429081339080224,-1.00033295255571741,-0.555448162627668163,-0.753185618721148087,-2.24188473505315944,-0.621708211185954873,2.21839229362897106,-0.555588462410269379,0.503283013132521218,1.24402400833067928,-1.96157720488959342,-5.95161393800861926,-0.786671593001499359,-0.817382289250407346,-0.953533537856595115
-2.11713378939104313,-1.0269774154345257,-0.947604548414828662,2.10206247941207902,-1.89013771591314383,3.99765956831793812,-2.02877565122678494,1.39962948633702866,0.645148912991633239,0.79503381727981981,-1.12186059231671664,-1.78925085372893422,3.97525400224109138,2.4255003087460123,2.51668651450357483,1.31887709872807246,-3.16403902343034193,2.8055360034301251,-0.461142420572250744,2.93966075440498109
1.7066023888340327,-1.02397779043839865,1.08873070788280879,-2.06901614720346316,0.926096193432023762,-1.59128994887901998,0.96070221312732651,0.842539673535729672,0.392390634275283645,-0.606796047691960383,0.25060969266841604,1.49927167547963958,-0.849715174120871941,-0.230722202161114276,-0.412561175106931521,-1.67121762662501294,0.503626765523767728,-4.39826828668595837,0.258911138362750259,0.476920741129324977
2.95188276343834044,0.791110106785569367,-0.92302027724422786,2.56539706827569614,1.07297370082652499,-1.51803787410474711,0.61507492622390858,-0.155741419305568757,1.13383472468451152,0.255944919662866588,-0.00260328488986637241,-3.44332646470129955,-4.39085657202831037,1.4851376485015142,-6.15365442692406361,-2.41985888347079259,-1.96181280001375735,-1.44321390613503997,0.918498852622246176,-2.4180132881579941
1.52452698082879268,-0.636661247508559014,1.0427033530512011,0.225914154338847595,2.98396447582354041,-2.05788793460487751,-0.300881939575424973,4.09829792047550878,-2.65646210423877616,-0.980083981067528365,1.2559023577329036,-0.289126717244754083,4.51836428862722439,1.55527426322411211,-0.701386580528600367,3.01827750975697695,-0.895502592007640708,-2.59984326404962474,1.4106554024106106,2.30004466384132744
-2.42908565157979384,-0.165209705296741588,-0.747893028894224154,-0.321393484930480144,-0.081305864661608454,1.5829297199153809,0.470451977602347693,-0.194569161973114024,0.98055340157656723,1.67312300032823424,-0.423285586435417693,0.0208800984052531849,0.0588367698815495457,-1.04161613845984169,-0.822288047666590471,2.07046090224926349,-3.24650573177168322,6.20319022522050378,0.925279026730203347,0.182153400601446552
-0.0386364438539247776,-1.07905422899300141,-0.504826754272021061,0.0967477094682884092,-3.39878207895427042,-2.07480400490464012,0.917801831870059592,-1.29237843987167955,-0.334951007006450918,-0.764553152884455134,-3.21786735404463542,-2.56959068983659922,-3.13831857203450371,-0.911864055843080168,-1.6125674957426388,-1.08058650343081242,-1.99715256656723228,-0.0581075929135322911,-0.629531744907921298,1.70207172240750704
-2.17522201752161637,-0.596391896984885816,-0.527280277812483877,-1.77923517193785274,-0.0367600192944421561,1.29982941462550183,-2.69994617591491881,0.633079285530829039,1.54931727383147488,2.25358964533680917,3.16751642258155153,-1.17893903772818742,1.8673059925980473,0.178363368025482916,2.70685566512755527,1.24559786853519316,-3.84176685705507648,3.13824369371307421,0.414465918307892145,-0.702552634444612245
1.10223678652223711,-0.393604881528802908,-0.789189992027721998,2.33511290943664207,2.65319400910638548,-0.541798105834447874,0.729507269037699024,0.451914530162897621,-1.71388518423715674,3.31522447715739732,-0.482265526799546429,2.41235821622390301,2.20404832341846957,-0.0754897138755091929,1.33480861813669671,-2.04667226800096458,-0.831475677457171769,-2.28781706765288506,2.61002657673550242,-1.6276378520367476
-2.83248689356216232,0.0823189237228918597,1.47973860168381433,0.36982185860118566,0.226682131355749383,2.42147479196326731,-3.34118539965135408,-1.42830517702415261,-2.38268876055007839,-0.100363038111414074,-0.673652975682197619,-2.90477114208552045,3.86568523943219144,-1.82671091967922394,2.03178191372065919,2.96285418121511324,1.43931586481240914,4.86136031735872365,-1.5525140682106735,3.60452983287639217
2.29448306218207332,-0.560243447526926674,-0.842747091266472181,0.179570509793438082,1.72492783236926739,-3.42812421645358656,0.328721884522729157,2.73030031284798325,1.66285008846384286,-0.163066449283267689,-1.51198604082803789,-1.14054204790608571,-4.77754495457407735,0.691504003259721278,-2.65714990932678985,-3.86059027845979053,5.04599126606157089,-0.0710617310116895551,-0.24674052732629137,-1.77024750745974235
4.65349533021963779,-1.04631552005452799,-0.0650998925026248509,1.28779102690456693,0.620524897759560101,-3.372745117403396,2.82706401905152083,3.19289009834631221,0.868614167613368626,0.833410671113513524,0.83478014474513873,0.996530979089892965,-1.17153584507759856,-0.716235103066533152,-3.4048638670892668,-2.62987965931283707,-0.660171653518694113,-7.80955164534668178,-0.425783176600198099,-2.68552209365484673
2.12146759333951485,0.640818551632835076,-0.124815853707459914,1.32176459222896026,-1.02056613241283989,-1.79319670321442359,-0.89894893640289919,0.432735221741956666,-0.341777562488787046,-1.24972625374357893,-0.726208845340193032,1.01716040683949061,-2.09182748478583314,0.0453841311248714685,0.788524172500156828,-3.42857370931082173,-0.678352301223510534,1.24791373599521394,-0.130902572514792981,-1.09653847395261095
-0.633856956387722215,1.34582911007745043,1.93213215675750494,2.21519258386921969,2.99096097192563004,0.958918775945609481,0.292399468948375374,-1.1237982203185255,0.0992789187288520003,3.13124423963098808,-3.09013386022328262,-0.793404451140452882,0.870666791256462624,1.43252693256199648,-1.10373964532700808,1.32172600972038823,4.88856785269896932,-1.40377684935453928,-0.87705552815473975,0.826702342906161181
2.88372548430333753,1.59296205510836386,-0.395269313665444599,1.4673456320960121,-0.972287112322655078,-2.10215066296827935,3.09463289256348517,-0.489695013651476718,1.03401356173286674,0.0632729284731943509,-0.0496130085664115497,3.19949996959054594,-3.03409041273589253,1.42423777762096959,-1.73817742921105189,0.548344748168396068,-0.570840570397832869,0.0105756807602802559,-0.890617917091195976,-0.744652627413649348
0.600634634090885577,-0.190909694493820392,-0.587623308451758253,-0.612401383886190032,0.617080991128740153,-0.50161582326342935,0.567028872221742586,1.89761616168330272,0.993045915742908236,0.996758514565975418,0.809797927359264702,-1.68325749729070839,-1.07335595441103626,-1.09965127049737221,0.433950107775221472,2.30424924337339032,0.409198814471816108,-0.147642541339835787,0.642839065828853196,1.67556460266443774
-0.333798380824557372,2.08087308125689141,-1.15590203951430626,-1.11483994301855072,-0.415200050582498037,0.0167256825948548689,1.62733633940311839,-1.10948148283001569,0.871825863060622486,2.0621901264381699,-0.716199317868016716,2.80304057589981337,-2.96328196425450185,-0.618458882682470068,0.402080916404748467,-0.000890962290407159825,0.336607492077993342,-4.07237535094365022,-0.395944612078554248,0.103635374720545376
2.35785259711262052,-0.252497781458766668,-0.0406460040492389457,1.18300699920234953,1.71413859604706476,-0.342819221390427586,1.88262572634801995,3.94716108035248636,-0.699561999591030381,0.740630836966420514,-0.504672168935864418,0.0323958135560686727,2.81971830791738265,-0.711755512667958889,-1.27959589153362585,5.84455349499325383,2.30522763657789209,-1.04841097723525256,0.674632321910736632,-1.97975250653443968
2.36980709319079486,0.770607765747859275,-0.972162533540139484,-2.5634614244214089,1.20035387306489616,-4.88380356062688392,0.127239978406692156,-1.52589894253066261,-0.848328497994677355,-0.181476090512404709,-2.94690760844298305,2.13665452000474909,-5.57116901939625819,0.966804513248997077,-1.40940825614557719,-4.42900558698387758,-1.9078599439694528,-0.319735158674371356,0.900704662719707172,-0.259542337893463204
-1.08670045604739207,-1.51222101354735283,-0.850171272704627334,1.13374037393682769,-2.47043745032806505,2.45033305950429492,-2.15007590628834455,-0.479421533221655816,-1.78786016228903577,-0.203795452590324888,-0.149082583344938235,-1.05223646512058333,1.28026164634614203,-0.887479424807490314,-1.14370126318098353,3.98900229996248479,2.13475516414665556,-0.506271675402386045,0.545230590299825568,0.437054934216781987
-3.52818979897010365,-1.14992771085588652,0.22581918702729209,0.844188308297901036,1.66775213942013112,4.52831372243099928,-3.87288887637947932,-0.456394903580785771,-1.47198171158391422,1.72595723595227635,1.62624210847967543,2.13607190822659554,4.79474204246601499,-2.03412228288752051,1.78472365106335018,4.02961443332106128,-0.24099832312100955,6.70803884447746146,-0.33167659872414107,0.803880281924369111
-2.13983714471394659,-0.159058685444496278,-1.55047848537500821,0.397642394407856647,0.56560551914218038,2.18647222884622572,-0.378074990950911682,1.63314177976843022,1.03716176744746691,0.359422063704636974,0.320214964071002139,-2.19513067870541656,1.69622541172421437,-0.231506593566792068,1.08354050967722881,2.25203024853008404,-1.13384272957581334,-1.73090511960617333,-0.195371102797852969,0.784762243567501905
0.962749132923915285,0.22183198231220716,0.912443199712689723,-4.12558748195354497,-0.140404723924739017,-2.86101902474592151,-0.414361331904140595,-1.24867455955245266,-1.47798790063612118,0.428780491817775444,0.864559103568533271,2.18392100805790346,-1.74785876266237561,0.412298069560897262,-0.555609264382513901,-3.19255387658286072,0.990454514694654953,-3.18009392819124148,0.723116257448395139,0.251574568753107186
0.808437283746780921,1.73738355005128353,0.359604113592307095,0.491344904925702097,-2.98143622160509736,-1.27658658478380538,-0.321046933261942558,-1.24611642268632083,-0.722858827326948505,-0.378901277907509881,0.511429856185668053,-0.438281243817348565,-1.59544815932266282,-1.46042091158502507,2.53938558430436379,-3.06220147913192919,-2.42920488727668538,-1.7706225378709457,-1.49547466144768193,-1.99759626931696688
-1.71946680719462708,-0.339430022185058133,0.502537955849607365,-0.457899079523743036,-0.25744371065407895,1.92241390647609234,-2.95651056896402364,-1.36984628738159842,-0.0260790544080615402,-0.581603608657150328,-0.247695545887760965,-1.04062767831045866,2.36542844235879279,1.91499690996570759,-0.903387990562979359,0.585562193466674374,2.03704968279491405,5.15638754274283873,0.130322666394788927,0.454992018372538942
0.600227351197804238,-0.425539545898425797,-0.296508223626155254,0.00180924679458212907,-1.33441294392915188,0.260160140903357373,0.43376782374560191,2.00306744322704811,-0.0877671405872930827,-0.512043773558126136,-1.91492177351356219,2.44706502966898265,0.46763285743489208,0.0404152362381103997,-1.58223733864051641,0.455744376169200438,-2.88321053652182036,-1.79786158912452909,-2.28383349754615361,0.208332841168070021
1.97396137699473018,1.4424903425868989,0.41144736374579588,1.70409985682884324,0.57960545036782074,-1.38757929059199214,-0.133839637848237575,-2.77668293003711364,0.152756881319191212,0.726855970310143484,1.10625416111744634,-2.24882895286250228,-2.65948632272164387,0.703330129652063429,-0.179227497353141835,-2.49473549495440317,-1.23101835645917856,-2.73187220628512462,2.10371349155440779,0.0409416784542170481
-1.90620891130533909,0.203450898809654335,-0.0263794117319128794,0.587126235444690781,-0.241136765840496897,2.0129381709485421,0.377496570080379568,-0.12858784897719272,2.1053855450791934,-1.68039765336609648,0.981095678502783453,-0.705563598560857486,-1.9573213459133143,1.68451184764829143,2.02348520061307902,0.890513309883915527,-2.65916073986470947,4.98218343328045066,0.627892303670579133,1.94563660225314661
-3.49943409988117216,-1.25429123502613171,1.52743476867564354,-0.51484011807478014,-1.74043612816702309,2.78399219318088553,-1.40129516190213188,1.83508676318544417,0.126051369315711398,-0.776191596248345994,-1.00731359772488926,2.75386921675982377,4.62643481248012467,1.71852788856554306,0.888277124001789598,3.25993998839007615,3.3044028319744414,4.59727488841691656,0.119991423346438364,1.88779007419941625
-2.71404756536107383,-0.116879967409171573,2.17750303689283209,-0.306314982211701337,-1.83118436697919029,1.91326048463391651,-1.85374319205954796,0.0982729494780805041,2.13386642983442787,0.22083737752232413,3.38188973739362364,-3.43618624237773362,-0.203492876418865487,-0.0186788044113578196,3.09380806316896662,-2.67501147398247463,0.379542011885174668,4.6897604372747459,0.429157345981170057,3.58674781154290079
-2.27574888852393942,-0.492728478549603444,-0.244695751123942179,1.42941790875310426,-0.475583908212358464,2.42652469384697689,-0.203778069408047907,-0.182623246428996383,0.307716298598335269,-2.61534736992078853,-0.494538266691395612,-1.30947048421882339,0.904778413605130338,-0.83604692820912474,1.07237246156435106,4.01094960545289059,-1.56971600136485567,3.3739952358518206,-1.32130929368596917,1.7567202374760027
-1.00096808376927404,-0.909483623029595289,1.00763826822233771,-0.0965822605876182072,0.37810552793097929,0.712642387512028241,0.62166290783372069,-5.36499708503548067,1.13373226697249141,-2.0586055580030318,0.888014735033296976,0.509154060069613834,-3.15754486496991094,-0.318482219368368014,1.2675532164021408,-1.88812292890753852,2.74765990830503171,-0.344110013079025334,-1.53316374915033782,-1.68413967255448016
-0.0789513661742483192,-0.141388499078969887,0.939961946967078132,0.0246547167306635125,-0.173892405190709115,1.34365004982733183,0.2766959285617136,-2.15224565626686593,-0.0788611225137036548,2.15559120801321802,-1.93781940878397352,-0.349092878770032422,-0.793568788993730956,-0.63853768128603805,1.81719722432269148,-0.306912576364441581,-0.62581273229376555,-0.0740914266056533904,0.734986557086508063,-1.85703633577531613
0.0555645241256569125,1.28422601514285684,0.919952840501567226,1.25874187436007001,1.81051284645198796,-0.319653936780605885,-0.535159784216489243,-2.7959139337551786,-2.91805660028144009,1.07341501219093005,0.937620541212719427,-2.38883050932199081,1.9845020694130473,-0.561342093531657316,-2.92366003798825558,-0.515541809953093288,2.82135768516729657,-0.345596900890678238,-0.946078667777872639,1.44205719797586518
0.169234224917472226,-1.68504263545533939,0.292077550996418522,-0.348850063336099248,-2.52814015693268068,2.02466670272402993,-0.0777655196023690487,-1.035664770285178,0.857828600801555985,0.326668374291351593,1.86751055202275418,-0.935193894367548628,0.550475330263635265,-1.48255301706442433,-1.29224343973141487,-0.432757853872046572,2.95076652900955327,2.6590638307525083,0.192193084073236958,0.0394798976882147559
-2.61321860823797891,0.119373288929159077,1.07762625010743007,-3.36407847774186619,0.287055773085314825,1.79563606804666298,-1.79640890664848629,-3.41033297641918054,-0.419118354997778664,-0.491581487372891535,-1.03998821243941264,-0.526639243755490427,1.05276043117564244,1.54068122997117585,0.587578849735540532,2.50526590219255141,1.57640196079414108,2.59353251335303581,0.913917308385926885,2.48481683393600417
2.19412181346016277,-0.873922222650880931,1.95931788543815699,3.82274241425899453,-0.969537780300647523,-0.923156936860056621,-0.532690243721557599,-1.49773953658359815,-0.0283681812509888991,-1.15536897134680583,0.0501637702411914452,0.840593261621471188,-1.1949494878568796,-0.469471174913286715,-1.89905040909277889,-0.898290913023764515,-0.318835568636273825,-3.47371205290148444,-1.26210481169577382,1.01594343912438578
0.703818410000321415,-1.60307980152148644,-0.688511859781089197,1.53244010591064539,0.441650724838934805,1.03378246771869509,0.00244053272993590992,-1.05443284320079855,-2.16450878719338125,0.950542422271170029,0.505052594379770903,-1.60289595252773687,1.96228950037312089,-1.16368964445521317,-0.0063539588135737915,0.39210402453082871,-4.84820736344733927,0.767896936078415693,0.512207238524627573,-0.151482009942042278
-1.21693579136018104,-0.415544543050397286,0.0116152449981574667,0.77042472787653804,-0.491099040456995317,0.0100344798467990257,-1.56944488413241956,0.939186785556160086,1.82727000580437582,0.0928328277807088931,-0.767048552133501427,-0.101150997358144645,-1.30828122528342372,-0.848050876521836305,1.27483964874408739,-3.29550407499910269,0.92505613319107749,0.270724416522762246,-0.871927074544777025,-0.184019431580804915
0.131693145575594112,0.697253522731528408,-0.202602138037895008,-2.23371998484949863,2.08713354540181939,0.00148549256991715008,-0.797795171799547287,-1.20078262585848661,1.70336416657834855,0.0940018969507404045,-0.100158585929478988,0.334922982114270129,-1.56151485458074046,0.831628450282682063,-0.923604997142789319,-0.20507308214082795,3.86232562604295104,-3.22368010240989111,2.23495976119194673,-0.00387376970088668983
-1.82658275533458725,0.522815221167130528,1.41989379590087661,1.15377838233250785,-1.6037392146049918,1.69247664853660851,-1.22148744964313849,-2.89794628107122776,2.17492376173331525,-1.20258651438865249,0.85686565110097479,-3.41865339117638278,-1.48551166311556138,0.0348363397735037827,-0.403642136567977594,-1.91186652487193132,-0.384354134410246184,4.47012226928449508,-0.997506545596308913,3.07255318440986214
-1.57254210882125256,-1.25030628709705804,0.735213726356859887,-0.769597919351219573,0.296361898451338146,1.89229950581850814,-0.531514869219383623,-0.488210974142323562,-0.776301220676883563,-1.31049791408156269,3.53600960185306867,1.47499862590490105,1.14975781499142315,-2.13874470123978089,-0.151755768798791074,-2.87614988596595511,1.56038819707135956,1.46370559294978264,-0.945426172613554217,0.429750048479060398
1.55425683438454598,-0.953628210908601504,0.821231734788429146,1.600432546699462,-0.325414142563739794,-0.897167558729177528,1.01919597399730333,0.241524548287574942,0.106080163369938765,0.378235324953573426,-2.29821468390801131,-0.269466200987067528,0.68141880912673336,0.243085234448206539,-2.52354972721497672,1.31746477046054489,0.812323129524816889,-3.97738242814440124,1.11922361583581953,-2.34807804719085844
-1.40114893306019672,-0.171046832415887112,2.02405332462205445,0.971566757538345094,-1.10851568146620294,2.56482458067487196,-1.27539836852863209,-1.86793952599302027,-0.109032449163933037,-0.148085227645718409,2.43779579511791633,0.804413654222172703,2.42246167038050508,0.419092717884463062,0.425412588354451171,2.89405584500702728,3.81526398959521185,1.55545442817128565,0.831090551114990972,-0.071455696232323368
-2.95224858920662703,-0.920375857717122714,-0.038433422549187482,0.564088951705554398,-0.429465055586042921,3.06747453595093589,-1.39735712669242296,2.54030697097425673,-2.14313813022897692,0.304873663165356745,1.72038609664364528,-1.11867920688551159,5.67262780667354871,-0.907254860464269952,1.43182561186438373,3.8255631226797151,-2.71338884364871191,1.6158255236262189,-0.941826774118331378,-0.11085033011815687
1.46103264701793045,-2.39338113452619483,0.335039892358212354,-1.93902671993809728,-1.23942198381036972,-0.679252098814480676,0.319199573031678896,1.74175252664984548,-0.116117099220356693,-0.80696949459634848,1.09724704858176025,-2.02982688249273169,-1.31992089162139536,-1.03184476773321965,-0.258598758339509016,0.680435146814136083,1.79181110243995967,-0.754885778909536342,-1.19126332986978012,-0.635897622819670438
-1.56615351304464445,1.29997307310537091,0.421090720200911317,0.961982901492590248,0.944167459546846999,0.674999369923512837,-1.08787829571209427,1.26326100898412608,-1.6203463977161443,2.87706515732649981,-4.21446741809862946,-3.11904171382932383,3.54235434908687497,0.806312599246565731,0.911861610496771169,-3.63039994502727392,0.838844168260382994,2.57736314017119783,-1.60214049108876311,0.452321830312528983
-3.55376862526156989,-0.667162112600993007,0.349611181813245131,1.44447944611690082,1.22186477022992168,2.27288907205698187,-1.62936247447260918,-0.259105925220688593,1.72239927615401478,0.542869217442656149,-0.69924144410300404,-1.31555827347380849,-0.00294337078635347133,-0.403619907656504628,2.17300355639832965,-1.0835878078216914,2.21602451804078537,3.35511910908053368,-0.883668701093513809,1.73000646626436705
-0.631715401115571673,-1.16172508783517014,-0.281020353344099361,2.43314653658800184,-2.37106009113537697,1.04096704402463081,0.108869697493224948,1.47615405700351299,0.785551584102580081,0.487417400363879427,0.487149228190851047,-1.29805017590553673,1.42961299992522783,-0.0787260505054933057,-1.56221832479270328,3.33666490443335428,-1.41170137167904919,0.431539519982643727,-2.8691039106855607,0.170481053040389796
-0.813008802146310106,-1.83795335070927379,-0.417854250094098045,0.404444901143106383,-1.50711715257265522,1.40396074922313074,-1.52150660666730597,-1.00499281511060912,2.81302084989719559,0.614377395720930863,0.226037311201120389,-0.432824837854703381,-0.94004896373611091,0.0476237300887752471,1.52076503508186001,-1.10221436050178756,0.362416964934951014,2.84019247696821253,-1.48911159562896844,0.52151710815762653
1.14724738842606167,0.412183281042304284,0.703582997228579088,0.648513276412922335,-0.2647931322143382,0.540469915936690803,-0.471545450768691699,-3.75040980144542635,0.911618462975641086,2.12615550174774581,0.484448143209787074,-1.11679816843327528,-2.77735570852721692,2.47908820292120735,-0.727977476294010217,-1.57889326593657953,0.765569714402525636,1.80461968446598031,0.188659560866619946,-0.285223491883860203
4.64080591970844747,0.299510012694625127,0.588097650909348069,3.61740530222994661,-0.572461250135389288,-4.68744537265039352,1.79587492697090489,0.991294343983654458,-0.0683467859690617269,-2.1196563561846844,0.10424750820605784,-2.8323050486325001,-3.77005082730362417,0.226936465958254147,-1.52730224034314555,-2.03160485872139196,1.34426127725393885,-10.1368672511596216,-0.260488435122843032,-2.99108389668459651
1.3382036539004345,-1.84339936718911179,0.908869659695257237,-0.66376653308532263,1.59199534217239935,-0.113979333287241122,1.49583734154792669,2.0364213659899657,-1.62318209547748427,0.383870107939955796,-0.93531952925108508,-0.938724313652888664,2.20676699293170042,-0.786685530084066498,-1.32800795697247898,0.387610949157651485,4.21228970705941297,-3.20318609770866436,-1.13583297666535343,0.14136255477323989
-0.703092217889080717,-2.18724357865508789,-0.287155731204415232,-2.13399623866793364,0.972130294579192533,0.257261231135672119,-0.138617854641377547,3.74207043234114423,1.52455140138545953,1.35000893426870583,-1.71659285409201967,-1.33616168279923819,1.72055257506541204,-1.10586125528596324,0.127654587152614324,1.14998777871877178,-3.11614513606470611,3.2770211288573492,-0.689165467496971829,1.470858987685707
-0.287723602566690884,0.225025013823190706,-0.577988464684093706,-0.855990941813671413,0.47594503438752761,0.330234165948586289,2.54458396536279707,0.853725505605902879,-1.49884926220012904,-1.92814898787235234,0.37330935474402982,-1.44815819394761913,0.148566102791159643,-0.909150236918764287,-0.0746763193550755988,-4.45691276438336903,1.16450798151091628,-1.58273677446509686,-1.34192236909048601,-1.55555357378271686
-0.464869982716360042,0.795770207118610573,-1.13312357937908459,-0.236094134082185325,-0.390174199106476771,1.72774860000740116,-0.521176204353668626,-4.15824037964524074,-2.27103070509609628,0.885724387306285443,0.829850426277440878,-2.79799027739724959,0.286101281718283584,0.741006251818316919,0.557285723691319235,-0.293112763800612297,-1.37005843816991657,0.981664329087937437,-1.35371466625691506,-1.64516379265238211
0.551454632500832931,-0.809993315123670343,0.772439813983106349,0.364230949925226977,2.56054422504556412,0.168717636337297777,1.0347597298514053,-1.58421169118414262,-1.73282234732074469,1.27899450622537825,-0.435155236353518993,2.05625953178643783,0.936013826341876798,0.877168325208895761,0.592261699516685058,0.924389822439780739,-1.10751821521309379,-1.70728662248985219,-1.11262143970895422,2.79909687363983517
0.484506295091006012,0.758517800190121383,0.673102063303607778,-2.57408655042764201,-0.179872402620872701,-0.392828544339413832,-0.387873065417401519,-1.98562851021157649,-0.946021022647818732,0.589351271908851948,-0.320048054985193176,-2.36673302431126809,0.457031436394862711,-0.648872627577257832,-1.15483892236088637,-3.66083622975643808,0.6969125875308122,-0.0243937295001997699,-2.20895986073984085,0.438300949614869706
-0.282801496338108194,0.236296587708863415,0.274422161411949139,2.53639371190804264,1.64803626416158422,0.659098529443532644,0.647178026072846913,-1.70350293157725075,-0.963839285588837469,1.19009663440342539,-0.669681137974240226,-1.48916292200659339,0.483082893668832447,0.626043777866814977,-0.665582478623169549,0.749675147369010308,3.40227485357137782,-3.22587887619626512,-0.535341681082594167,3.54162373652691942
1.58080510290892895,-2.15735605169514777,-1.89126749141132433,0.437431031966023454,-0.672884798383822647,-2.1792426539534886,1.08503258068076458,-1.17055722384774352,-1.82998942350551896,-2.33431281595241291,-0.195038613707631148,1.687206309329633,-2.25884925666654635,0.189261314214518139,-1.91827244400238173,-1.16797078002464882,-2.32717179179346578,-3.21163601221530293,1.37976392305542017,1.89334601122670465
0.3820677430943758,-1.2219977633633321,-0.634033745399166571,0.727626295061079675,2.27057610544920374,-0.630922331247428692,1.59974892616549536,2.25327601012693579,-0.407382300844453149,0.72301830823898916,-0.375666309909407192,0.631014218001531457,1.15654351545403378,-0.442460973559471338,-1.54681612377039013,0.290190163865988227,-1.06477800996213667,-0.618935113276382287,0.190141313073590112,-0.768318949322318367
2.0641835870064531,0.850378556436432342,-0.61373986714331652,-0.455513685665219159,-0.510264529684280044,-1.45461434259698019,1.69404123553436059,1.39807092358238805,-0.999040285143927953,-0.0567108583123968266,-0.206660867382406827,-3.64005995763183465,0.0259950211589906367,0.169426949928810189,0.868992203075023451,-3.48264587848470519,0.0936330269436253387,-3.01821002327349008,1.86994697624539374,-1.63230400099576722
0.655586599423193861,0.0442130679251795111,-0.725896204853571869,1.21838489361755409,-0.801213872217089285,-0.425057536964182636,0.601997072917292098,-2.31514469135612577,-0.81794497867389282,-0.733343047112986257,1.26590888150275505,0.113375600795179249,-1.83001659275201911,-0.297121948811406633,-1.84685506196120208,-1.36223257180487822,0.0429979348794032046,0.543887737877924993,0.385616869756376213,-0.482301716091109944
-3.78149659925407633,-0.279457770518442727,-0.261598448296653685,-1.10660122870212807,-0.34184016710571985,2.8269850538693686,-0.365620113175459505,2.19496796275591466,2.47150858932319606,1.4295761578827193,-0.206174200089523724,1.33731682780330918,2.12989848861483733,0.744409730208583587,1.59701656188407948,5.60507809890220443,-0.284723081188930971,2.46997450690599907,1.08469749506533586,3.12576325966588531
-0.94450249199199543,-1.22771759663110913,-0.532421173907760781,0.369074685777563749,0.606015661215016266,0.0724986298296969311,-0.478831513012576149,2.05847118581919464,-0.981801803621689229,0.273596693261891843,-0.795067842932228097,-0.422916775993250948,2.9525452592299879,0.237772769106093129,1.64533718804894291,3.02840979435379465,-1.52961814069849877,0.177635123092835495,-0.102091712427493209,-0.385060396162780372
1.40561305173198514,-1.26685060641385427,-0.231746046272987616,0.436755282652287302,-2.97668365114956179,0.511139939188291592,0.401822841133942732,-0.841066845736319846,-0.019058621029621442,-1.98798118330367624,0.355003040636806544,-1.08837870764907652,-0.710350794749039394,0.151852301990137328,-0.517804374180052318,-1.30230788080982363,-0.357229309551800878,-1.70954196577181272,0.189729724083433748,-0.535137940269236778
-0.782106873975506711,1.80822506168381447,-1.00150277455494185,-0.850083078255796543,-0.283502172211207604,0.175812960133015533,-0.239573351730756223,1.27063853513864844,-0.199460081116370813,3.12389114245230681,-1.05058225612842815,1.04838022318632751,0.826925786675483887,1.0344882562074571,-0.284680449611777742,2.79240404145208521,-2.00650291301135431,1.3562323054572194,1.52540723659397992,-0.383310600692616688
-1.45166784118312164,1.13993780543568368,0.25053596120574334,-3.9700736532908536,0.718517217312146683,1.0299664065376517,-0.0739883906384333212,1.30498925981410552,0.0846712886410206922,-0.104797260177841162,0.780068652455164435,-0.345432459279339799,1.84192681419937121,0.201395502529306714,0.809379109484867354,1.8104107315720761,-4.6069882555399051,2.45070864452120674,0.361284223801325355,-0.111244346040017622
-1.06974426648572485,1.33455537097245935,0.93096964572624763,-0.636470563729876759,-0.056810659491569597,0.82909765339315189,-0.264827586478727284,2.03681525720349876,2.36664061906313439,1.04469250760263277,-0.750996816473538109,-2.50317446673389421,0.46649621497156224,-0.834970538608423296,1.41635406413512999,2.44103007346159595,0.427365023490419271,-0.480062453576172832,1.24085007602133168,-0.63800557387088519
-0.499363580016917441,1.61284631058544847,-0.271670650197028352,-0.112470545775849612,0.00779437010894125024,-1.05836524885234073,0.105417822677746451,-2.18347260651167741,0.56500656200420718,-1.75343175426175946,-1.25053431119137959,0.854911154756609171,-1.72093200753449116,2.69179601769039234,1.59442766595109586,2.16695945696291448,-2.59008797398548563,-2.72151147396807858,-2.30061963753222498,0.228569059666473784
1.99871655722678598,-0.298703803303576654,0.0370835260740435824,1.29442248771084056,-0.529526430710997364,-1.22135164712869848,2.3117753679844979,-2.16126632486276238,-2.82774535679137573,-1.17703879562022173,-0.0451115044079464511,2.01057581883270053,0.341366157150583882,-1.83154834067397387,-2.69764648824210962,1.67344945337318651,0.365637115761513753,-0.678429077323649765,0.640709487874864037,-3.40457385095208531
0.503531513842253919,-0.195657099441084642,-1.11553035344059825,1.17969680643963026,1.52065320132678217,-0.715676630995425778,-0.70438063951561436,-1.79105880478844859,-1.52244295691594811,-1.45624361366616095,0.0471705142104279912,-2.04830570208009277,-1.32970131705403638,-1.16112312257419203,-0.622619583298613333,-0.549440814765790764,-0.25348894975052888,1.05600291629622722,-0.798345177174085485,-1.27787627098311263
-2.5930057177858612,-0.389710839091526928,0.256807786349043721,2.00350157312720922,-0.91697034810507938,1.79815942196854817,-2.74743298502963418,-0.855043610354654038,2.18856783819571055,2.11218658860825137,-0.249596627995463533,-2.08330142277386487,-1.12928624687817547,1.37179410745914265,0.522731972900271846,-1.49558975667849614,2.75062663080864622,2.74949790963445428,0.829964732349935286,0.828715872318499747
-0.741395847477122727,-1.4132852345949809,1.11618393097335722,-2.4461904831235457,-1.0248168161535145,0.913009877881524656,1.05667563298790301,1.05610201308067464,-0.227590803608936854,0.712078311429158117,4.10287075613631114,-1.03548502161443379,2.81595385166880208,-0.377308043606132515,1.71798609256327195,2.2675276751379827,-3.8957544056896185,-0.876424856507866723,0.717107897174369513,-1.85591788293740234
1.45594011074215013,0.577085985776732424,-0.942381440651080982,-1.47304632253647938,0.41343253328082985,-0.979837922333570477,0.661494126194702492,0.60630508729183108,-1.99027555185673033,1.53166126662035462,1.09443381415897734,-0.36813858711352021,1.07357918483768811,-0.198655244845880596,-1.61333870155147308,0.58022253452463779,-2.33308234696163241,-1.42697790571900041,-0.831543286235913559,-0.235405199575072693
1.15409656716256515,-0.507613197379904513,-0.0716489322244121402,1.18189560442974129,-0.00920444766511606047,-0.808889364544202794,0.251600620919394335,-0.930231640940017313,0.839851778203938304,-0.133961398045950364,2.60983821509580594,0.626413000549360555,-2.32161001695978886,0.977100342177421921,-0.87136831943793891,-1.58847105784678488,-1.21108557281927243,-0.610219890844519219,0.364600288233295489,-2.16608921272107358
-1.09290832359271617,1.7738595816682019,0.391257187999908274,0.990909016311845581,0.138310915405113921,0.518463601960053588,0.996809541788895692,-3.68156105180110238,1.22762032818720646,1.05227578305449554,-0.626717056941003658,1.66285881260120605,-2.99154682913081027,0.781736578879430044,1.06808349969925587,-0.424678730529004012,0.544156926627510362,-4.5769882022937125,1.17990353951002747,1.33890267011133357
-0.656155854057109078,0.875996164694290202,-1.16184229773476821,-0.662986522858928562,-2.21478509363581777,0.207630869419190844,0.673796462744040814,-3.2597698514153608,1.1103655736853304,-0.217459675403058217,1.85211612264271586,-0.935797458858256603,-1.34918732910605343,-1.11689029982497523,1.38205105228469671,1.11482743361836079,-2.1834505482244464,-0.444276120177685641,-1.08836130906187845,1.91617577895884406
0.451191559530008557,1.02729641106456837,2.02281623959233192,0.606109016882968477,-3.20683098614625095,-1.022083980250168,1.91430453603895234,1.55841115272427677,-0.114769193097779415,1.2007118260960763,-0.881246456282550494,-2.25602907482967385,1.412042922490649,-0.124920530816085854,0.718962543839412049,1.61632576694441865,4.1484001663009602,-3.52356615372784843,1.92513934659676345,1.51904419348906727
0.902027782558659341,-1.24767320280302418,-1.81651620950430837,-1.62888126227547647,1.61757815425126417,-1.6014462362987576,1.08060123511938611,1.77939503676029087,3.00313125589110674,0.85304942791773708,0.680447701281058026,-1.01108397904510516,-4.49989184586655,1.06477113419674918,-1.24005451722326798,-2.32912229261468662,-3.06115985475895469,0.306877175097632571,-1.20546610189039916,-1.53918344966339848
0.685295123392931749,-0.0338516172069212307,-0.0452223734093669325,0.32589404275231576,1.53335751145596833,0.375730197635966157,0.50102575536200622,-1.13064679071547602,-1.68560533214370833,-0.418926334470317352,1.70265912614994952,-1.07260409140716018,-1.64830374269342994,-0.0869245994740000111,0.585198265075914548,-2.99092066140065871,3.05052082127550683,1.37336364373713171,-0.486656144366010013,-1.30541913251840525
0.28957213256443004,1.55590643943038942,0.392626323761380458,-3.63136698097827848,-0.563068865626339399,1.46108712752088721,1.80625655128471352,0.846748094005806418,-0.340339626257799954,-1.42412401567016533,1.22725982763473151,1.48280811190926975,2.11215080511885267,-0.652512899879718722,1.78548462215688808,2.06646345562250477,2.25332087959360683,-1.89915054708440079,1.03240072293595908,-2.23680886549382052
0.284954726442571304,-2.32290189541340686,0.63315846288310984,-1.46224649189314904,-1.6749917117188291,1.23782638821468294,-1.25687349473774068,-3.8239772481126364,0.0830781832849317586,-1.37914057261137768,0.467751515272852858,-3.42824763820401346,-0.547772638114066401,-1.08205347177215216,0.640025732408104009,-0.785732613101308597,2.53307932016431003,0.302399125184249162,-2.11300267955470966,-0.97279161764920008
0.268356359473897743,-0.732850164599818665,-1.32445863559448584,0.898323167295727809,-1.81103730316540479,-1.93991653886856263,0.701636877974871842,-1.57795049032963752,1.01641559786753932,-1.69732927665525413,0.115871963408184411,0.954022611996201531,-4.27569011292951551,-0.186232357435456658,-1.07644379519213529,-6.83327145292351634,-0.0299169730730276667,-4.66973941570962037,0.855342545350049388,-2.46331170749225103
-2.94604784682731369,-1.96588628415094457,2.15604664166987936,-1.38541858886104885,-0.127069692581522287,3.02603367019420189,-1.16136045921006326,0.633303995829091693,-0.495326335179931632,1.53439615905293048,1.45271071423568454,2.67282893287269863,6.34134672046618508,1.23923840976990585,1.45483852657188595,2.15964992341810369,1.81626837240448902,3.39548990804083362,0.502127366383707252,2.08224176546344975
2.18182602013993998,-1.04463347493665459,-2.0284474795562617,0.559825169684901258,-1.63519546943757721,-1.54096260511959127,2.31156172072390564,-0.730465014083504394,-1.50263238353680562,-0.665280447519718598,-0.476334330079290102,0.865149150002848089,-1.08954553163581735,0.443885627064114219,-2.42112434954321998,-2.83316191834708198,-2.90400052444341572,-1.4897953449058865,0.0841957819720603601,0.32252377420284245
1.05002116757559238,0.412824470504874808,-0.0302661363980463276,0.360077669727222549,0.638302728103926298,-0.404908005588740683,0.978420984049519493,-0.3982518957974992,0.71949565551114314,0.0850546616205972439,0.281339890990378205,1.24019675154860809,-0.596651645939754505,0.175349345403701645,0.265158679348926452,1.40119296055824738,-0.48174697232254321,0.841920388973182887,1.99854123509412362,-0.243881102619890267
-0.958905369063224655,-0.976660461378760947,0.872845092089270413,1.40330096996288689,-1.69339940707158321,0.389201902197543637,-0.744915555670334184,0.567777456972252237,-0.58164961642425661,0.535609993005961349,-1.91102142294903432,-0.0715562997346617519,1.82588615565078416,-0.64647508789534569,0.667238819797113414,-0.488428055246285853,1.52616331634474167,-2.20424969400227155,-2.1146727829664278,1.86800455477187688
1.20099531525378467,-2.03866863987254776,-0.141273339228475237,-0.126280286203540371,1.23719702811177679,-0.0324359177461852541,1.2389813939615677,-1.51063804919697553,-1.41138733947198669,-2.93415964064551726,-0.59293754060368431,-0.306255732940760805,1.34781328374898624,-0.314042149314647134,1.2193852780378851,0.507563464839355105,-2.84314751703928481,-4.38758775696486669,1.8446087323113205,0.398036325922408396
-1.20490774783248167,-0.192008815887719286,0.551725481393448791,-0.845607888545454545,-0.00144368511510330633,1.44985244833782723,-0.750312347947114322,-1.40778442608089005,1.1121697543031881,-0.10501069849257548,-1.2696010967924316,-1.33569502000008944,0.87362872807652403,0.0244677854637980752,1.37710154173644894,4.2296294979237814,0.145893688284502082,-0.549826138493130778,-0.372300912321518906,5.30018157694177372
0.9248365163377823,-1.9380498082447255,-1.0833956549075181,-0.231919311797185196,1.67974434891965174,-0.310911273607185568,-0.207404562286679028,0.0267396928802014662,0.466485035479215771,-4.29076580625826942,2.43129923513665247,0.730766796845318201,1.11990094158361209,-0.442370831832471889,-2.47609329678117662,2.88444810430384591,0.308659689495348222,-2.25765524074983848,0.0945474944135463874,0.103040982620576094
-0.757609194356041682,0.705052665404838796,1.77788573428159502,-0.591196668057816788,-2.06631309590691403,0.73861993863074793,-0.177799919947767282,-0.58218024293374615,1.31038791828796697,0.504441807030162614,2.53785110782658796,-0.170844049482679394,-0.324512122548117565,0.208406612894354359,0.134903884408191094,-0.0456766033181401562,4.23171287939260221,1.37503089711570992,-0.300617975407218074,0.834555331778862874
-0.000690775517634007841,-0.378148377452062645,-0.65695382221888543,1.77640109953126624,0.324347209441379736,0.545344844567534182,-0.0395439754810602562,0.285443238727664195,-0.981014514725007891,-0.929170031677076569,0.271235762300552186,-0.0869967382990657345,-0.566361028243383413,-0.891986727011167213,-0.5377694800964129,0.490875937126997064,-0.978260616756853496,0.340227310255369564,-2.02404342277142879,-0.205147921351342605
0.723181700072481504,-1.2290921561631738,0.249218847206168687,-2.60830602897383024,1.31708985434107051,0.0452056024831094805,-0.431863983013246688,-1.53273736899403534,1.17405476170627221,-1.19929861329180043,-0.338042868052530587,2.70602486136659781,0.0938402850822682433,0.491844489482340941,-1.41702764457416341,-2.71953432605236589,-1.87917001945458306,3.44580439232952873,0.0347951481337553312,0.119087912819602418
0.93748939877284021,-0.569230800050484764,0.633907497789097607,-0.281689313905650551,0.348628074288904355,-0.99207509333802113,0.390785622902581675,3.24459035631653459,2.43458792002117574,-1.89997140278781762,-0.0453972587888813658,-2.50279252556774034,0.311620371756534842,0.230343981912661089,-3.13836127265644427,-2.10128461351270746,-0.826416273949173608,-1.85517068208259506,-0.0306570897957224135,0.5683980730926117
-1.44083042382612248,1.12902334631986356,-0.380783151237305884,1.00653487629274196,-0.562549579146185863,-0.631980860812782819,-0.196266589925850887,2.43811854506100278,-0.877499537448805045,-1.49646352641697011,-0.549505129929106162,3.37127730121907243,2.87006407114655726,-0.235721571293795645,1.09320885266115786,1.42766463186817516,-1.53533699042525096,-0.7996089195744015,0.486165190639493872,2.89998276995659143
1.97711116182755675,0.590008859255560236,1.08460539467695516,-0.307382828741544767,3.51534820866424802,0.103640655459581982,1.01777663342001201,0.5216885891531301,-2.57311580880195478,0.559553286278580586,-0.323340980774874387,0.856328033800285104,4.01788926409855129,-0.294166834346508865,0.152026884203772,2.26941084748583632,1.86053950664709777,-3.85200494384223058,-0.814980769663467774,-2.76775511507778216
-0.395078542939731991,2.54461590063528842,-0.0144375073408713056,2.65920821383713246,-0.351455512335525244,1.26020912355959647,0.602112520234859061,0.539877833390119521,-0.445103696039281072,3.14472569431749482,-2.74594404318736407,0.46010588806895214,2.24903203599056356,0.861569056754196261,-0.186181253018197351,2.04595778761116565,-0.188224518343183989,0.648391574616712485,-0.890630379703621133,-1.38730764578534171
-2.15836933598678016,0.909631658238659546,1.2590369114447475,-1.44269258131437139,2.10445765087999304,2.16466066603759089,-0.974256392331998677,-1.41510785629967883,-2.08215772097397567,2.6923062949758072,1.65008769522956644,-2.12216302012144187,4.00284232949684871,-1.43154913758432056,0.464643526015281028,3.08026020643574716,2.21158761444944973,3.01041267788978573,1.43574276136903189,2.71079073744056354
0.134970126080803998,-0.887901983575765996,-0.778197163569226302,1.77790306344594917,1.94608028881901585,-0.264211183384734261,0.215262130735576096,-0.375158807771083291,0.290237278465480975,-3.26807677898126991,-0.326722679332570709,0.0487604308649111709,-3.00839400127015955,0.285951092148323927,0.846291589965559865,-2.19765681576067884,-2.45458803932885461,-1.43992581929769048,-1.22974323888545944,1.57252724282561318
0.647854183502267755,-0.331351744525090308,0.697011315921880592,0.641006497235398931,0.623384223742397992,0.363766137029889858,1.83971225695443397,0.513941547573544266,-0.748657635118504805,-0.144324012357385539,2.15416658850256448,-0.199320892866700516,1.49117376023605108,-1.12845740892555657,-0.846630205331126984,-1.16728618485084557,3.28431473118423245,-3.888373047171652,0.343466897562715978,0.20964090964258017
5.43759213285810628,-0.557864489751875858,0.817058174428321071,0.247793338834061627,1.93412674013190133,-4.60969843139593483,4.87969763014901403,-1.44169557214430899,-0.635606719150322075,0.687602152553282386,0.0504437311653414475,-0.357997349093567063,-4.17161344748549201,-0.350421214036653217,-3.51044041673766927,-5.64232883658894036,-0.407887076613582644,-9.82087139959377886,1.36931704891494554,-3.55603420531948
-1.53977174741977851,-1.10400417013700758,-0.00402653863348648861,-2.58653419802199913,1.27573654846833184,0.118068937268421895,-1.82757287657196232,-1.35223413609998011,0.441390034802067788,-0.443657352808847938,0.834090837717853084,-4.50876469298607319,-1.83159379782752074,-0.021977901176649578,0.472472258940026923,1.37626047171713606,-1.32440746141612453,1.18920598601065675,-0.194153929343872073,0.823159388650339996
-0.531813232013024328,-0.636087913045104258,-0.474372556184864513,0.0286334694094110415,-1.31320258261631828,1.53647418476853348,-0.470654434060088223,0.380262516146295082,0.797012831261026955,0.738725346198897181,0.922693108709459864,-0.763651232332144936,1.42812826211044919,-0.881868938120453083,-1.15563774730827529,1.98355835464113994,-2.04497854767920062,3.81673786033360241,1.59353253581119048,0.520302779571445217
3.19055173219308452,0.12216067922168164,0.416722546320580978,1.12093878068543074,-1.14541687579653728,-1.84559503850567097,0.840969790739069967,0.333924078397135005,0.251073959376778455,0.591398486509972399,-0.0351889641515069213,-1.81616255272898863,0.373262654997963739,-0.844418820142331938,-2.74270726729721037,0.259617907248214375,-1.55537701202344514,-4.15432892452242175,0.888959628486768572,-2.14380398924009752
1.46153918648314063,2.25325600047642061,-1.35941623008662882,0.862661388552009911,-1.56053572305196431,-2.51563768281594857,0.00243142517915908695,0.0800543287035574841,0.454031857371582914,1.87823552401817251,1.11294062085173473,-0.46506887928308227,-2.17905663205181277,-0.146576073620837605,-2.9352472080665386,-1.41167220735736465,0.00373108892051835948,-4.30573399226660669,0.0232803520492985035,-1.98667722251699042
-3.84642601834077391,0.482400228121279695,0.679128422253324149,-0.233148790423404945,1.02722584936759342,3.53236751536939364,-2.2921420942449382,-1.04193510830281433,0.0706057876761047587,-0.588534844927579015,1.0653999503241014,5.21878404607567603,1.71059002257793091,-0.528282503402238923,2.30234011210622125,0.766505980919013896,0.338592513320402244,5.17954858950788566,0.738130693267105897,2.69047802558736748
-2.97873132971267562,1.19324865665081048,0.130941320412111317,0.987788329951547528,-0.774463482551156601,4.21118828909344867,-0.758047319306881406,-1.2116238759696254,-0.281521252815798817,1.09353105107354698,-0.985119135016434888,1.3020559149987152,0.693986328590575408,1.93081473165692818,2.35797000303767668,-2.66342742298533475,0.759339472321060582,4.54417200959444756,0.752958030179044502,2.15949018112217139
0.497250319879700087,1.04262346550423546,-0.485278387343112516,-0.79631227839243468,0.535445852572954184,-0.58564335534614187,0.409544261104795637,0.229672890431967036,0.499229004591964287,-2.0297177720726638,-1.76885979413169658,0.85661795571668975,1.51053367418447704,-0.424803539180213963,-0.696361231679619608,3.41494388760130629,-5.61745823384860188,-4.05819652750458992,1.28371793974284021,-1.66264708525899274
-3.64504104838910203,0.785190319762708699,-1.3625714891596179,0.599992596485483198,-0.0247543730178978183,2.70775922121343404,-3.01569443185980601,-0.369424809197281989,-1.11159275480654873,-0.7591578946340235,1.32011711069573145,-1.78361692964158336,2.9828915867118746,-2.05292047318812454,2.15500645863080065,2.45201766101653895,0.118051053087419366,2.56352138676029329,-0.130645960837213165,3.26002045697504572
-1.89867772775456078,-0.784653791743165741,0.382674332700702557,-0.444935104073155729,0.314731216218493925,1.52461709246647281,0.925428058393174657,3.68829179785427419,-0.936370331341679019,0.712625102512049469,-0.678448215657907028,1.14852519898993211,3.96611121002705236,-1.12279425961703483,0.750477241261959582,6.02358001378811814,-0.720202684227413736,-0.385886036286974154,1.08921684325147283,2.06328632590633676
0.801432198958906827,-0.228815143141907429,1.68683969630816266,0.130765499919287903,-0.807561228735110492,-0.422682661839785367,1.16799760932483143,2.68638871899257836,-0.268370688505503385,0.343169624357669345,-1.07739653331030083,2.26181580671935611,1.72180249840211408,0.682645736762157007,-0.127996099070546571,-0.700786119913573535,2.37768354865320619,-0.466041412703565583,-0.954625064505582821,-1.79581781857516676
3.21770773393361775,-1.24375574081226925,-2.51871323668575675,1.45784199183420959,1.77651249444418724,-3.00276447316353234,2.560387138921425,0.665969542398374692,-1.92160124300508328,-0.241126431794073337,0.0340992441485249362,1.19618116626552728,-1.09410518567332948,0.970702407288594138,-0.928685831076325408,1.02453229936201184,-2.15526017255311864,-4.89841373521636836,-2.05233546734889982,-1.58058924675363133
0.0894512254978161725,0.682130756695632612,0.427160262017122094,-2.87506714456370061,0.269545814984793297,0.48753159754616282,-0.321333817804548116,1.04231424052843447,0.435531971560389419,-0.408803716012187845,0.594640065413937879,-2.18160179137341004,1.80320653607089643,-0.102447963620401178,0.480308694719356888,2.69515386085326991,-2.69509372575905237,-1.28067796077196761,-2.28039472574889102,-1.11419401838183907
-0.880939708942682476,0.636825367163521339,-0.619551632232565264,-0.785874839985326368,-3.34064545984003392,0.452214515662075212,-1.20023427271465954,0.280626509119993095,2.17097124545886944,-0.401686104594437488,2.5005674169286678,0.873782112394293264,-1.84751339549672045,0.56538935849811911,-0.31105021960566126,1.89569901685777498,1.18915390269668042,6.35606360103266876,0.750651379219176573,-0.257076121882335418
-0.316065813755925851,-0.574964913445798143,-0.187890012194922629,-0.0277490706896346001,-1.43255490973640365,-0.0337605078351307167,-1.14137317278278472,0.533670177863363127,-0.251126165375538724,-0.189664694353489482,1.08857666202633419,1.38253464875490262,0.486350266027514688,1.07642351229626954,0.301461145748691317,1.73364402831713438,-2.45132049985168665,1.48186339206679185,0.00105363748886593521,0.015509958081719068
0.692609552137805506,1.77249393485881601,-0.538613639704782377,0.0599806814314184436,-2.087116388533929,-1.15756848745092134,0.973255580147891819,-0.427357264962484606,-0.633981261929535078,-0.170223067754322943,0.693706204765612178,0.267253580167896632,-1.21708763877076853,0.615114976359068866,-0.809610589159088567,-0.156270478587512085,-2.25567740791952609,-1.61515256504253712,-0.874679861240686973,-2.32664033381039781
3.39300085224642167,0.975480264622201054,-1.39243531815216359,-2.74416430560547742,-0.706933617187651575,-0.90532597196385689,2.43039808450449479,-3.87650795398028114,1.71659836511193564,4.13192238100861253,-1.25035326986196216,0.74147235563063385,-5.21658336995899319,-0.961262537532589723,1.16092948389733852,-3.66312145815088108,-0.201127221656025923,-4.41201681796105927,-0.509187735841233668,-2.56180217787467779
1.22703837473914912,0.521460889278683948,1.21446310851376627,-0.426396453797022401,0.90611024704274179,-1.74283798833242032,2.801839964878448,0.32850932812780087,-2.17923341530723746,1.05066488490705878,-0.383909575840341522,1.79282063585262486,1.41635687145293243,-0.252857626761872956,-0.280535311564413414,0.712280541487344321,1.50243535569422071,-3.82278804353079815,-0.479011530686832054,-0.264979060506905062
1.29775992079409574,0.0160734732838203297,0.324253620649396224,1.41072889697976445,0.00503596577329389148,0.311021763337426538,0.967580574357339906,-1.27348596893138488,-1.96052208504340753,-0.403397289867981512,-0.546655708019430087,2.88363893872241928,1.99741820790587843,-0.490544464025072013,-1.37958063799795139,3.22790687607482818,5.40200607330526861,-3.56044477457539355,1.00944189298976705,-3.36241350609385359
-1.63681537137653055,0.204811747446933839,-1.95325085068743043,1.96803589314626071,0.642603172881016538,2.03184741827443416,-0.141228418719986343,-0.028012215931383682,-2.2511584037582395,-0.480457923562438438,-0.363576442885009232,-2.38612431200841701,3.01350754950991595,0.0151101605386181111,1.08305235551320123,3.59205177832747635,-0.539135862529088294,1.58176069662750551,0.0395934253021149873,0.638931443194654558
1.60014418289798699,-0.357050896597420064,0.804155838496672715,0.174931707488075849,1.17657176772246341,-1.84780459538449637,2.63748467767162031,2.8096879028578976,0.547439916118203751,1.02434562386372452,0.635513163155941307,-1.25096176924508895,-0.75467113265602026,1.38834746023858435,-1.0496088267337742,-3.18676364581211846,-1.38518505479706433,-1.48393797104404235,0.420718001671756492,-1.90855789912924956
0.580821200212093602,-2.77806810533639981,-0.466508730214327816,-1.97909854175368105,0.900734312936923298,-0.729566821779266683,-1.22809121855018089,-0.135160770743562891,0.83532141383800429,-2.2634253331916856,-0.436477634101568868,-1.49704909807673858,-1.93676512245364463,0.298222352546386849,-0.814831752228695083,-2.63303449278520274,-3.45266617508715523,-2.00699064171047015,-0.762889604791707532,-0.651675051302893271
-1.17209129201966067,0.876026317364283602,2.57083355554437931,-0.373373434803754289,1.18467543290829669,-0.0534405021236346658,-1.00280207757691109,2.25066385299952865,-0.0995962841025820195,-1.2974944204524681,1.41702001454764503,3.29597237924979147,4.4654510351876322,0.460233965412182866,0.992545880719759466,3.6299503051497668,-1.02087080146509912,-0.635178120453308126,-0.595081071651142657,1.70868552807807395
-2.75021522965886067,0.674619530758018393,1.20875420623350305,0.314117808609268523,2.31601145811919151,2.02347108322503777,-1.37753629546688283,2.54832602507158423,0.296202619977400994,1.4586337183566771,1.38671265569237057,-0.606536784802419793,2.64212483924261843,1.77252331484805037,3.40232691200685178,4.38576750432079088,-2.78243246464544391,2.56331025705400561,1.16607974353607946,-0.0366975959057896581
-0.380310286605399339,2.15209934581163154,-2.39759557176013383,-0.3346901975838526,-0.291287900593799165,0.214356968044459278,-0.365066090508620877,-2.01022863810316732,-0.624782429987225774,1.34463284156405627,0.678777543942127193,-1.14201850674221039,-1.35008812709064574,0.129391019143315439,-2.03745762879016779,-0.553048152637159451,0.315054717808330387,1.04310247895731867,0.430338185146514063,0.622155053500716426
0.859233972425953119,0.247089499536197937,1.5061703204774759,-1.04532083763808381,1.70094197305925099,-0.116444191371398761,-0.870164216958135506,-0.235619920350188083,2.72067288328447265,-2.48614646761640179,-1.44814788738759725,-0.667042261025853178,0.688955616343333577,-0.709042583359798417,0.407970023155286077,-1.56033705437218306,1.95033901862346104,0.141063881311474959,-2.31872256143104583,-1.37358682420985811
1.82752529024847665,-0.489463722083064656,0.750616604362288276,1.11008119995467003,-0.560008919710178521,-1.39836555588632661,1.63928371720256139,-0.0458715870875372744,0.159794746842111285,-0.804377028850214004,1.16024358044172593,1.98783445605719855,-0.592522250943174011,-0.00738241257734317639,-1.62071304402341299,0.804015618049685465,-0.171143073313807847,-4.36969718947023633,0.329168097833433593,-0.0398444152104764499
-1.07047174195243389,-2.10573217898697784,0.1094156350887832,0.575445039620641752,-1.24052966127924025,0.0506167617835315484,-0.83115900338610027,-1.53779118748972699,2.8479876557816195,-1.16065916977032835,1.6038410329729067,1.03981629835647027,-3.60993970500575534,1.22152844734285071,1.97444174086318491,-4.88728555193105674,0.564365386237309807,-0.987757910741606904,1.16136703827052523,1.99351641933036761
-0.22644305153001934,-0.585030236787872915,-1.03474732374426459,0.0823189700113354378,-1.32430286034819189,0.118618843001514707,0.596055211081394032,2.1398955502562873,-0.200086531453860711,-1.56360052638928715,0.14720435110943525,1.34780770191789578,2.27423766595675758,0.256187369472335225,-0.224081155269171689,5.80186282598648884,-0.715229862650179293,-0.255270627463253796,-1.7739382067889522,-0.99899817602829255
-3.14008982418890259,1.43353310307790505,0.665798972777712716,1.28710672395292103,-0.0786325187835346662,3.79715368707402279,0.233357774102305821,0.680912202085508289,-2.03456752810618902,-0.32541421508439633,1.40170394361560779,-1.67275754844292224,3.51617891600345045,-0.367787383994039763,0.476961090531741849,3.86835233305761284,0.805111533880762953,2.45508579331678023,-1.41320105139109908,3.1610686552581555
0.753397430441581473,0.362228710950352417,0.0522144296661023535,0.638592142857697165,-0.0686443550885066922,-0.839022101630389816,-0.787140320908622293,1.74477251558888269,0.446642148790891591,-2.80748334776077257,2.74161606639589639,0.82651391147807951,-1.13815203662646791,1.86146311339912263,1.63250606612054594,1.78189722717190757,-1.65220619950663616,-0.305122464057496323,0.445425128694725503,-1.21227755071981225
0.0103031860858290355,1.65990447542776565,-0.272892465071717827,1.66970822200708047,-2.13106168817797759,1.09119569250390658,-1.10712163398830743,-2.28187438677191468,0.0267826537133039749,-0.927292071711632193,2.39395548780757528,0.895054770608176953,-1.4451676851826587,-0.0260635254956460248,0.140364948560959685,-1.33809726937550866,-0.210236857650373365,5.13550141284274453,0.821457560444853407,1.96161766489688771
0.491547293255651496,0.91745014150381099,-1.85350244398141961,-0.574257646278802047,1.98476596474281441,-2.75924575462945976,-1.45835988865938604,-2.20880115411613032,-1.48061942942467484,0.699800070714851508,1.11560739998869529,-0.114079439458402959,-3.59025996844091422,0.879174239065182328,-1.28983200711677237,-1.10278989264086236,1.08567535844278007,-0.355178233735895243,1.12690885241370209,-0.2398930246861945
3.58106453407363556,1.34530852559842673,0.383886103415003566,-2.14097852023368951,-0.00732269666997204319,-2.76382789832806619,2.61066715953165751,-3.54447370517221216,0.338751855553795111,0.0996290175573583958,0.116873359440857277,2.91874271066829616,-4.34443083357656867,0.665310222810102325,-3.23331501731779758,-5.87168163169241542,2.37194987626384446,-6.9311664695937667,-0.3958071870948765,-4.83125019221517515
-2.63231968898194468,0.116781149293958789,0.411638663219322687,1.76464897358136974,-1.36151673818473817,2.00559089077914887,-2.27496336042737868,-0.520557940186296308,3.06574466419487734,-1.35535080518614315,0.381977247356882488,1.37071523585461508,-2.54650249983569443,1.98038019561819589,4.57223455404019852,-0.9470789345087407,0.222563623740202055,3.18349653224192863,0.892252744462349257,4.61951342213423022
-1.43277270046418925,0.478930198315786204,0.945087270345474462,-1.9228992426189333,0.434573361117275236,2.28755799452433317,-1.98625494378600553,0.134350124518150371,-0.595490190745186498,1.69715320409612058,1.46370421231718195,0.856037321469298673,2.38434138562175768,0.720660235864209797,-1.08155113320274876,0.789902372895613269,0.393978173101515394,0.694718982633294901,3.41253047183703684,-0.220759249348500164
0.719364986923919925,-0.949667705186274747,-0.272637169284920156,-0.24431214456080047,-0.384577934977076763,0.384305779869936859,-0.159613468087325933,2.40778678435967874,-1.77588975258949633,-0.440406025263108514,-1.65098664856865351,1.0772117886340824,2.72953043546258645,0.593349099309251837,0.148924770125813177,5.45686688446331214,-4.89605686506093107,0.44519477453396733,-0.0953979831293340352,-0.215661949522341745
-1.17830650496484202,-0.976128381438944648,-0.482913610278571104,-0.235032843989396556,0.32661621848231337,3.18170895866414849,1.5645741743826711,-3.34819864705144798,-2.85927742561541454,-0.312649820578547843,0.388037299960340254,-0.308459157627039238,2.6305183156332852,0.29398713732554832,2.10066637586814675,0.724049520518400547,-1.37784566362193472,-1.24668325895843868,-0.0919569816365392173,0.500241379617060833
1.16162786364539095,-0.950252225206403955,2.54252675516959847,-1.9566035986138437,0.629155076930788981,-1.58681248204417558,1.8832745494518548,-0.163239525960567761,-0.63280772172523958,-0.722200875599507408,1.59621949611549985,-1.93043993553945037,-0.109761940235919037,-0.87898634713188728,-1.94382536243956894,-0.290661767207603727,1.89359677577116603,-6.01154484863813732,-1.92283196670851564,0.902627386196382719
3.55253388077696863,-2.14850832088369348,-0.00419915743998469562,-0.022661427524170781,0.0918476740430479721,-2.86956419630747073,1.65451644546027077,0.201209438862607032,0.979078774540445562,-4.12643677567139022,-1.99572299629272787,-0.245062984824541585,-2.27674302425746511,-0.615217061946093602,-2.71983703067142812,3.58765252493368036,0.939933780492253734,-7.70352205326886175,0.0985065126851524392,-2.51090869104334935
-0.415063470158014203,-1.21311159003140046,0.151167654881413066,1.7154215334632561,-0.0750478284704742399,1.12428847967399914,-0.541980906289476927,-2.08354301496751715,0.792750209224048596,-2.38176038492313058,-0.539500732032469621,-0.741584934951091346,-0.446681096296858704,0.785588024738298696,1.01749744610319159,-2.76066009187582573,0.706488988956966435,-0.0200995856010988024,0.085294393293598017,1.05345951105721647
1.45853166058541461,0.592257574175252377,-0.414812018776025582,1.2136709893422748,1.15273884065601862,-1.95235198918148667,0.835519518640067793,-1.91837941042554805,-1.87640201860301592,0.361471448325882738,-1.10343897247014189,-1.3455498845926801,-0.0164654440509606724,1.13614775423859005,-0.468145089742813769,-0.96871300946003569,4.20758695040854924,-0.513447755234636594,-0.0386328942320643548,-0.170237438540949748
2.88274871133245325,0.288025096937800096,-0.465603862599547003,-0.139286958523804294,0.244628348688300773,-2.7080090862455295,3.70548395827751476,-1.71465235901685409,1.59140256898494759,2.37205324108301419,-0.522313171934679521,-1.96561014925465538,-5.97724905227587477,0.377061824473696128,-0.661330824080104129,-4.32208131333259882,0.0996568727262400061,-3.92472774015527381,1.96265320506953067,-0.043907109319571723
-0.0506969343228089106,-2.51872568037308442,0.625974286235208677,1.38873787404136051,-0.559781616761360512,1.00309099505735144,0.35991475518715571,0.204716778647611647,0.738872325007138175,-2.39958405336566871,1.46345058203979494,-0.392843261437154645,-0.404028945490003399,-1.05446276984959475,2.57886822502033031,-2.62123252866721135,1.59178086328971591,2.8332418350318358,-0.305562253624294955,0.292444454308118162
1.57833409723052465,0.174394843264085081,0.612759008387020354,-1.30212729546050276,-0.418927991745522532,-0.138536592466691005,-0.829665814092862997,0.406694048430741084,1.3100954529946931,1.43528507104811065,0.798006064803893689,0.575893415065469094,-0.477338850039420559,0.261380939981613269,-0.434981210181465516,-0.591528875836057955,1.14871303752111009,1.31144130003374482,0.0468354330136240976,-1.98247328133004608
-4.90885180128251619,1.51888127629584146,-0.403945912270867125,-0.169037883584794379,0.944215562028655753,3.82488668725266789,-4.21700544968803293,-1.00071988654195043,1.27448572591653519,1.23315876728848051,1.21887143516677732,-1.52236023617507166,0.735761633428171802,-1.56809434775961676,-1.43937177629503621,-2.85616318672641345,1.37121458356166559,10.9548777413777607,0.356534220797227741,1.32238119323695913
2.68268882660568408,0.159636721483958133,-0.316289289878745883,0.672774717019634982,0.101354187203961638,-1.97659619645385032,3.6920004016650636,-0.198271307334804331,1.36423470160060023,-0.885423720728761965,1.86624052039143562,-1.7823879700152907,-4.40127814183293697,-0.607530140558150134,-2.68992131701616133,-2.85128994664025726,-1.34672939555773086,-5.15068667679886083,0.462589217335949598,-2.65132397419746635
-1.63340578410327342,0.280406107990025355,-0.727818837692418952,-0.387546983717304061,1.23094419021314949,0.490884864127582976,-0.923134271866568712,2.53989767457147941,0.655998170139395431,-1.19983275201714634,0.170944937624686821,0.876465541330362918,0.721800374536952005,1.7078042160503204,2.26580000806260928,0.00108599515334965586,-0.28558124563896442,1.0475928399719534,-0.460122583825742282,-0.0316518747827778391
0.72578814835097738,1.70262556331257375,0.945485090109454585,-1.12146369231659526,-2.31784471176133655,-1.90732694217260246,1.51009918057848513,-0.25196187532536396,1.37121058826893338,1.04203630955882942,-1.4627519464857841,0.582424678849207789,-3.55752976169883928,-0.265598731842226821,0.16509328805892895,-1.50700763292941664,0.919776859829988469,-0.852815581760108188,1.45552359576269863,-0.199409835583665151
-2.34838113902241785,-0.00722466290085830524,1.8432550280144071,0.994105775336782793,0.963203983492959326,3.09496195383929029,-0.516824984423787881,0.516134292925086169,-0.683061983451243693,-2.13234804251511934,1.67630938172469768,0.127199920868555499,4.39625455430320944,0.212886533146214502,2.56096417938874454,2.11079294634323666,-0.769924881044517617,4.10881086686040753,-0.762448851888576029,-1.47264890407983562
-0.985678922562128967,-0.805240018195998997,0.18245819249705858,1.68650543490463023,-0.27050732219922391,2.25879261067908743,-0.0786661371873812743,-4.26276991392089233,0.207055118910622893,-1.35500694492214557,0.668257585207025828,2.90873812967788359,-2.09990230891479923,1.15445943673699891,-0.876562868080602353,-1.28766504096858347,-1.36322303948156787,-0.518927757154002411,1.23850275697780221,-1.48993952397830087
0.614949416119692449,2.86243566232149682,-0.451731996260897273,-0.216354270302482443,0.343913990394539293,-0.950998036781874667,0.384055767306803686,0.839601453566836686,0.835395035455258284,2.05192600024286431,0.0274260173517965403,-1.99548535532752735,-0.132812163754103929,0.273726033951527559,-0.0719691861649206649,-2.91759275690886888,-1.22863010762043667,1.32996151829323783,2.1644753586233838,-0.479291819437811406
0.63845437638001068,-0.344408413833200144,2.69183031738908696,-0.740709575676342658,0.268580616376261128,-1.08026865199846789,0.0377600886257776075,-1.28214143649712842,0.240979140729504243,1.97802183706442647,0.44185399343406262,2.38767929019540803,0.298688857243198824,1.49328000572557174,-0.374045512484762477,1.04811257473844321,3.31433551204399768,-0.619084395392157094,0.260313431547800178,0.154405996317628275
-0.679264180183062116,-1.14321998570587313,-0.852622314801129377,0.455431072083858135,0.0959435851464432721,0.118462223952054052,0.132278729864572425,0.659852451736462231,0.427730792793957815,-0.682919868620619597,1.951234767613784,0.65049712571184215,0.739756222653265016,0.36604935571737035,1.7536789744678547,4.50422591043684761,-3.45972924823793715,-0.631594372148917782,0.204266170614432169,0.901394196764971123
1.4245260756164333,1.5514965898883335,1.60234230651193355,-1.49251421839205745,0.177514196321151924,0.966133199121522179,0.594408242174875201,-1.75470542988889044,-0.593317362258610648,1.35062565120542755,0.504498537516389511,-2.39892918894418283,0.82700595892395723,1.10826691997705185,-0.0836416302472038492,3.95636331522457452,0.149828623031659086,-0.268915081309736015,0.924597709815470403,-0.628907279405632957
-0.548398789592000058,1.49524208720212903,0.799659864643830431,1.99049728926980585,-0.607988950299884423,1.27047277895250321,0.14323164188324905,-3.29910072521861508,-0.714640829080242068,2.71742162437589396,0.402439943907488051,0.496052511628914838,1.13930466235674488,-0.491023426604555946,-0.42810534167702724,3.06583999436420385,-0.668771070652486643,2.22700551197503849,-1.72552872092148135,-0.364048330408419052
1.70112028706966556,1.71814741784619396,-0.251515700290998179,-1.46369703847785182,0.410167427655614758,-1.12561683720692995,0.0226715642907366934,4.51439132706609758,-0.341157526815575762,-0.119000489716842683,0.18744294692000682,0.120084133096684406,3.50254893216240282,0.196140520116214995,-0.0643401347262105988,3.69992933940210911,2.80517548116343729,0.043455882351771738,-0.133082030716286076,-0.952947575670470393
-2.12572239364438742,-1.9034554882179433,-0.434284475985058871,2.08087269668839081,-0.564146074948015719,0.491148783994559246,-1.77291510419615417,-0.0857899914623642401,-0.114758953802046301,-1.69852125844685031,-0.971969219683548546,-1.23050875425448036,2.20092841319439048,2.68533946051086669,0.953412876883926619,1.64090784343773977,2.50738306759767848,1.93567281084146314,0.592741814819428781,2.64808639917390432
0.987726570276311944,0.236189099047092149,-0.640898734538426829,-0.627179255828352766,-0.138043875209356459,-1.58394991204923752,-1.24479406256869907,0.507631126563372725,0.850496925173471197,0.657739434741961504,-2.79832411265452796,-0.0990587991653643501,-1.31605172075704302,-1.71821302609623383,0.47570855930403616,-0.250092653267673326,-0.61883807631343124,5.48845662902497011,0.416356844482045629,1.81186924147908268
-2.07826882399133828,0.519696419313641522,-2.10825849841831614,-0.676286738311997815,0.780259527276022768,2.11328847446924106,-1.57023569391318962,-0.0365092152582056073,-0.444611136554098896,1.5397563311177922,-4.02715527424317088,-1.90586263602651695,-0.0750745968328449947,3.06687358098854901,0.800238481163906945,2.31668247453047504,-0.458901977186301879,3.1575160148071939,-0.727078961747791297,0.284928716863105391
-1.06544592762699741,1.08017665765811977,-0.976117794702279773,-0.0516509216632003373,0.168515862771212832,2.04897618484384303,-1.5386555524779002,-1.81597577160496249,1.31572701611555654,0.340024086956761062,0.948422239835115755,1.73717133989953543,-1.5362254991013049,-0.767314373610991196,-0.737597013484305508,-1.48084544173189658,-1.67058037583125318,4.7273850048737831,1.27309730306435798,1.48438311898688324
0.409639573103818377,0.790988822650753765,-0.828127849753336642,-0.829927503199830885,-1.9231949514487745,-1.52839596864746841,0.0586876093781025024,3.20897149521396807,2.22627712319907589,0.564101392662832324,-1.62852880773674924,1.77325800066727823,-0.876496026720848143,0.628365124707158107,0.001440379739550694,-2.85044471771224828,-1.60241895354999597,1.01714087553768051,0.775382570676367511,-0.109357818184884256
1.8214562078526233,-0.346855920794872596,-0.268274962147893647,1.18355060778706456,-0.659859321816191113,-2.5975073077971631,0.501013905107785429,2.75833762849668984,0.724659887280042048,-0.524823322442532159,-0.667773554194206254,-0.773919210459466544,-2.05233563266329,0.143878833675664869,-2.39967975917500009,-2.17861928923062775,-1.29118068058106195,-2.86229354731591501,-0.0205058119775985773,-0.957244316514508808
-1.27436411556268592,-1.62301389517599537,1.16734984415971144,-0.417161598812175849,0.0946112081228686619,0.891124179090683533,-1.06245494410171704,-3.74405938771105928,0.368632069585498656,-1.18950808262565078,-0.942705241382965964,1.31020111916325632,-1.47515359864122786,-0.983011893100239398,3.27517565622826723,1.15035685131412313,1.29863473107690042,0.661354096833489002,-0.794530615542619723,0.332227460866846624
1.35921338285268911,-0.59996364886195952,-0.100542439250218912,0.583223388229180073,-0.604261412607825621,-0.501705443911600879,0.744348196606127388,0.0866057270742478097,0.694708902890484259,0.758147132868134954,-1.13168634371737542,1.87807399391776042,-1.65755520726628758,-1.75655233581637216,-1.09723986232722615,1.32493369778815717,2.22152787195957169,-3.14051906601919306,1.02074637129790835,-1.35257085145832079
1.28300660606800454,-0.0615192120222085581,0.175039676295226737,1.39379196090882385,-0.583714444398148902,-2.30154182206387414,1.95494061363972538,2.21715064723868771,0.0173578977469596024,0.34578651613917577,0.56047881640052033,-0.60013905472824991,0.115015813843604653,-0.140591174884910131,1.35604815060339479,-0.278120895490195974,-0.135372374121090433,-1.69088344972701132,2.08750649082602813,-1.4544051158090352
-1.13575905928864862,0.931954063297188329,1.05488080594623246,-2.38121142209431724,0.178557589462482208,0.912753378627327971,0.0412476185044469354,-0.535919192178999304,2.91940796366923161,1.96702681818676584,0.430866077278329318,0.462415313514365323,-2.11449095542008214,-0.486139337280167172,1.53765797899997292,-4.08142667651282043,0.750121289277565939,1.26651459371235031,-1.40391241472505635,-0.887884198208229503
1.1096265935622085,0.569582967410279029,0.722885169051008192,3.0446425745549055,0.0305696264094669629,-2.66280668679123877,-0.449287033096777644,2.97001661775678638,-0.929145719128903091,-0.687277183801205616,1.73225141454424669,1.48780286605395728,1.53843153741151828,0.0251017429300911012,-2.39362741405006352,2.54519074242669152,-1.24529354487530441,1.57751053896187021,0.0465015306154537844,-1.38863535861272247
-0.799498464041102919,1.23587321440754527,-0.333465693742759084,0.061392161412360563,-1.68119729213502445,0.517616061951675199,-3.60327768571524487,0.341833641257645926,3.07776502270096275,-1.3699918027368716,-3.44672266565309871,0.0590460612889537953,-2.71619051105502818,0.958758851938558809,2.92711174375029914,-0.136469772588038551,0.0422937215904850561,0.749272224308498935,-0.101061870806589585,0.0595228490610186303
-3.53335976604223267,-0.369515141557182902,-1.27558284531524069,2.26323445699235837,-1.49739554313514045,2.01933110417967887,-2.67668519290689977,-2.10061330126900714,-0.986860002320155028,-1.68139451424211139,0.591994031771643892,1.30907188516140316,0.113892101415715041,0.0440459797066413208,3.85270512672744125,0.92808806834351798,1.37838455075831545,7.19041769072854553,-2.21688456821418001,3.13037052179289388
4.43690789209930703,0.649059455127046547,0.558487787848288453,-0.468967330765137913,-3.171921135233148,-5.05987669518410943,3.09234520941022106,2.79185769041449516,2.52975692875541602,1.53606972309495915,-1.41137961073179619,-1.89538450207020981,-2.74038397612606222,-1.12787911970323385,-3.36153433894193165,-2.43403051375670731,4.00398408255718596,-6.77484870641516768,1.34017944998066252,-0.32548498492352268
0.771933771336014152,-0.981984994294947233,-0.514286543948521246,-0.545601758757204514,-1.99220099412562668,0.110222596674872414,0.110259057705667338,-2.33143235271088134,-0.308978485695891703,0.984885555181075678,-0.33821016678044713,-0.129869614756071838,-1.04846472812512337,-1.5932073880106743,-2.38876997142339142,-2.32566068557444217,-1.63058792241518891,-0.419403932847285998,-1.18996713833416146,-2.2358921168703656
0.823437300713426912,-0.429082239342601368,0.230632251730919974,-2.34547997245694173,-0.240567902135053469,-2.94277265035338287,2.26398901488238069,-1.86615398826757928,0.0336076585673589709,-1.89439617270189009,-0.144051277702091418,0.679036974838915897,-3.57579121810768052,-0.289116261508705952,-1.31990258420561513,-2.70909105546238482,-0.849332540357647936,-1.6530307119399037,1.96410263142069752,-1.02991904521751065
2.32323897218401676,1.50513195933154842,0.0944484279724721043,-0.778306152132042128,-1.8529160592872902,-2.9049534302971658,2.64918280401672224,-1.21450443715031731,-3.79134992323984221,4.29806969928173821,-0.333373342233319436,-0.262700512017504384,-1.42342434115329008,-0.496238017153852851,-1.16255030322715935,-0.138150641104258426,-1.2881932341863136,-2.26799252681175512,0.156983085509041165,-2.37763476013480357
2.67925051206147691,0.130879296699213915,0.0523208780089078132,-0.676033196591700913,-3.15432642035369737,-0.485034961474272164,0.991463158764957275,0.557504361917720126,-2.62317059147646114,0.30364697522818157,-0.535459525570966766,2.97475292105325728,1.1847771610049731,-0.294128994306560476,1.08757442665923154,-0.759779523289193071,0.383052786220413166,-1.66184091331451178,-0.130882784231802302,-1.22469425617652994
1.86685584675037797,1.41881883807934872,2.27606167751828936,-0.681826938542986039,-2.01666898151404039,-1.46523020309517338,2.65150043868771146,-0.496415976517874502,0.226149006650578605,4.13737440506965992,-0.883452621415971251,-1.41910318554833514,-0.283870204527871206,-0.162452653167577316,-2.17116326857732522,1.45504226643410317,1.05090325249238936,-5.05896850683812715,-1.39220465483577627,-0.286914287284080305
-1.91613271279491681,0.0826457680800787992,-0.0302568243609977784,-0.863780783977132871,-0.123348789373419032,1.92499635528300761,-1.2478555358917125,-0.941971692709619335,1.28650034661393131,-0.99269589765454902,1.95866111227979811,-0.0206879763637350701,-0.00546024078040789791,1.43746304927758706,1.36348106592908636,-0.767631141744368306,5.39126768254565825,0.272620174781470825,0.374539462364533893,0.578220058375462975
1.71269511024407151,0.181643279818230141,-1.46439692669820887,2.25469626976660198,0.333521889292526241,-2.87283876432854335,0.534686123634236066,4.86772927088700502,2.39286704120372384,-0.735555176922285336,2.07039578881595654,-1.26825216863589607,-2.75815582312830632,-0.587834853762451814,-1.12527520532520531,-2.1080102346712053,-2.10121081696068623,-2.58927679432757873,0.94945756275289328,-2.14996909521710844
-4.03323362839108235,-0.28449672151854033,-0.300741807486740398,-1.13928080812332722,-0.253880963529188763,2.16839342962981307,-1.743102906161347,-1.72916971810384568,-0.831958879888101133,1.98320507137526758,-1.01587762599353537,-1.26672308116754806,2.58054747099550097,-0.356756526350002379,2.62286516722108676,1.04578627168014071,2.95121978208581792,5.33767509281471852,0.281024226987360015,3.17125497210380392
-2.32102613659447288,-0.455925184389766869,-0.118548062361394327,-0.806384033988277515,0.92468386228889432,3.10207021005943417,-0.578906746862202448,1.3621485468716108,-0.0315016224873688466,0.751780618734769979,0.235259747637633132,0.631352277254046079,1.05962214277335876,1.33242096517737774,0.571745145089903595,3.46320378521554195,2.25936931514998163,3.01945739558801352,0.44719016936165934,4.43056669187297647
0.324604468851905914,-0.973630949533131562,0.707286756686365314,-0.221857569128523086,0.531453836957543002,0.329399243334944636,1.13916738342780954,-0.762658587479030259,1.63222627808767351,-1.19918804971640447,2.09634007103489406,0.0818534554405108694,-0.696001518927486296,-0.000716296185942225539,0.352994471085169403,0.185722467738973829,-0.241494976813075052,-3.35434401091495049,-0.116056766598975999,-0.465572074652433221
-0.972191961157279461,0.345661185299410589,1.25492112306186443,2.91919334372532724,1.13105989912327942,0.166877409390327941,-0.235162284441058966,-0.436712468538201504,1.0834776998134843,2.03932392101612336,-0.150372624090289925,-4.80392776960715029,-0.337306338396997807,0.255299673433227015,-0.456125791277937898,0.141917954583362482,-2.69806218939838205,0.49438247157671561,0.657148719113588742,0.0358517933414040924
-3.76894113038543166,-0.783059530209290644,-0.541792020712397737,-0.401055872407736824,0.598195087927876346,3.26988575538927462,-2.61192727424574622,-2.04399582618727704,-0.00370113423474021297,-0.936602038305817786,0.658620509398217813,0.75317483226580606,0.430023369683683432,-1.37717655175709819,6.05116103643180381,-0.608949810990866203,0.239961811590866075,1.47066783800030354,0.901964901491813631,1.17646099958588635
1.07974389402161819,0.538683119793481935,0.762980971259583418,-0.749797471979894881,0.242190336923430921,-0.798842792892835107,1.20744873994608937,-0.314476929423957385,-1.16158748426997827,0.7300390253821748,3.52312543098599917,-0.146014718793618575,0.563332522947595615,-0.877852028728273059,2.98027072600264553,1.63919315380320429,1.14609312428463372,-2.78429366687275959,1.92336295609435393,-1.68054864256396019
0.559825388522402823,-0.65952436690187477,2.34246897145324207,-1.71524008318996857,0.52818512427000841,-0.635227087964389536,-0.160985421206227192,2.36518333145525084,1.00500655937096317,-1.56865239998672013,-2.33903414290184353,-3.0327368964504795,2.4278383634682732,-2.64156786098850693,2.75000841283877495,3.93226814481076437,-0.330346936122661416,3.89802855700480055,0.164566894347759257,-0.61055938697345169
3.18548855652126672,1.40513967666656669,-0.907710790401699552,-0.24652679562031693,-1.3754509766663876,-3.51794342659329562,1.02511419316495256,0.703402683798934447,-0.578359048037904389,2.4399604993570807,1.01501176404630788,0.856816129589713649,-1.53792501624031019,0.429247181717286375,-2.07707789350085914,-0.219464413859372792,0.0099307757322275314,-4.30286258380255227,-0.656400973879513239,-2.98135827675428899
0.877346506994516107,0.42498812648062595,-0.736121009014895411,0.27712457463462925,0.0699422792614588507,-1.05330402678151391,-0.178962431420403939,-1.27225543145628084,1.42108805239238234,-2.97229480698304283,2.10782423085361437,1.17163386862188101,-2.60344297329456031,0.472243618341872562,0.115022160776280455,-0.156069766400377286,0.0906356954314610774,-0.946022305036972599,-1.41086554156902966,-2.38402593821681652
-1.54571413102056554,0.791335202694640749,0.47673787044231658,1.89401717575869322,0.220991025856675932,1.99322902472616326,-0.78162292289958446,1.24970994050377082,2.82169137821131732,-0.54265440746399185,1.29167840449799054,-1.88139625043183689,0.522094964935138073,-0.0348016606005445983,-0.609775467469409693,1.68135742396088017,2.68512400363916326,1.00141582041049992,-1.24779101612540799,0.455895562964683143
-0.0945051950563369075,-1.58686622349458584,0.511607984836376484,-0.344685636038213283,0.195466403842152803,0.736161041260196547,-0.85122720852206013,-1.53047906937224587,0.898697631356588977,-1.57669689088799636,-2.81414404625233416,-2.91268692316134459,0.65457772248609436,-0.292797650746663807,-1.19259241821670181,0.659263272679536549,-0.290507757823123713,-2.59577029356572098,0.635363798813897152,-4.04680756183140744
1.56714401696571493,-1.83089210946024261,-0.870558030860265508,-0.474982411807427674,1.57393201047272546,-1.53655579795611796,1.53965886365146698,-0.458275533315579409,0.338090367506664879,-1.18378032869471617,-1.10791888418860673,0.385095818574571924,-1.54390368523989974,0.11298401269716786,0.0940713002792170766,-1.06639809568878197,-2.67919144980898771,-3.59255627777887332,-0.468881938976358714,-0.822412143005428198
0.00108800994786371506,-1.0667471971828224,-0.578617456268631591,1.37920885338268429,-0.708458091551284697,0.137300175717577827,-0.258219502218677288,0.214543244367687069,1.82463355341400635,1.58834764438419218,1.21442448994715235,3.63437281447106386,0.842567218669513451,-0.651869095878508165,1.56889087857800824,3.12231789730169984,0.512264075832864374,0.971476264160107572,-0.751389655995457484,-0.567736213866553596
-4.14056161663467126,-2.01405391827812164,-0.117733585752112277,1.48859451530401254,0.0429385326386322735,4.34325450813717229,-2.71652039723401906,3.25708201670622755,-1.98376445020327496,-1.90008129789203983,-2.54588804448379902,-2.92613168414780889,5.54053595968512269,-0.997296968425846919,3.09730745666871998,1.5809224227237102,0.2747050291208466,2.86956528612330874,1.65098570983773807,2.60504339178823541
1.11958411482887965,-1.18052675756041969,-0.710028112223840768,0.444769293331905569,-2.13141037979253145,0.770132312582661682,0.676248957351783808,0.565882810395497926,-0.281854479580150918,-1.08043809590957851,1.25835938344220066,-1.05840471104830947,-0.623648937334806086,2.94463281400953836,1.02155430405828129,-1.32568560014300885,-0.0552149209337987473,-1.17321670770092301,-0.265372564196368843,0.282353873112037301
-1.93226591940285619,-2.41437393689179158,0.00821113101267104996,1.34611209262907772,0.798318346243169219,0.981413328608402247,-1.87093419145804241,-1.18194163982277156,-0.785952916943857938,-1.39509041962899549,1.92791541365714969,-0.864608893826108948,2.27196518148065074,-0.163562851087719119,1.6155286892773264,2.18122090315841,-2.36834376978430639,4.51257122056080018,0.349700578822976449,0.680779803346657664
-0.301307810955123268,-0.188078925187674051,0.322027992430768129,1.08204880805414327,-0.178281456386895021,-0.576167907672301194,-2.45918847793559969,-0.359439856912372901,0.644235147318695467,-0.494590914306957674,1.41449485705327782,0.340768605936197455,-3.27001085869444319,-1.25082430772694764,-0.182087771733164455,-4.53470291062985087,1.02136912953336445,-1.12792456425213206,2.66478414071270331,0.0716723308198455034
-2.81550058150056559,0.908657907013935118,-0.552921423264797873,-0.0703731631700925675,-0.957160968638456122,1.63331866847015728,-2.73829500288699812,2.42561200779324793,0.548289655847522206,-0.606017509509593766,-0.866013882354979225,-0.285205433213956361,1.21954222274944302,-1.49980720274599588,1.14389074303508265,2.09942104239554483,0.0118885169141946974,4.69498949529741338,0.475177993859293823,3.39687893834181898
2.2318213966944449,-2.15040345300181679,-0.228471963156701097,0.392277446532773855,0.186723303520434231,-0.529398317138264463,1.54196638215944581,1.57105139587608256,-0.610092977105522571,0.902118335228804136,-1.60636480816237492,-0.488203453580440261,2.13500882798307234,1.75960719462141468,-3.05905908638240431,4.61672106437584695,-1.53320074072257517,-2.74122546939439982,-3.52509487205812277,-0.225230234246104999
2.08481816385640606,-0.996222605991483046,-0.659001218283506662,1.73836502245720981,0.31166750890852174,-1.01618139975339128,1.96096000380716173,-1.11307058202875808,-0.402286767035813841,-3.91497487646838804,-0.488911284784832922,0.167691115036020549,-1.97335099652991008,0.0510069771644286116,0.621054245831690221,-1.7427218842777501,-1.89077717402427936,-5.69291515543571691,-3.00620791299804457,-0.685524750024397611
0.549815289357214132,-1.49383999984010662,-0.0886609928844056816,-0.256173504926769047,0.0605821761220820959,-1.861938887733527,1.74005263262187815,-0.754671790063449865,0.444241158594992525,-0.691194730429614768,0.410668732554456684,0.323361747567414926,-3.80161569010708966,-1.66457764132081798,0.828702484761632774,-0.957173428476927879,-0.986329145340940072,-1.04696157468299522,0.198439697076931182,0.285268732378746948
-2.53298930820993284,-0.373858436415676398,-1.23847568783156814,-0.0025007035437783127,0.0574999120241787218,2.30533587658928063,-3.0462208291842936,-0.789956052645205298,0.447822815331049895,0.85321564936901062,-1.00805527712129894,2.05011902261548329,1.28153589650930511,0.214930378491460516,0.933006594621576646,1.0530591505832283,-1.73354314405243937,4.26280527962044697,1.17178177855384757,1.72297873849587235
-1.06884142819821948,-1.63127793774679342,0.16287144144709928,0.0358955978434345666,2.11288874952205319,2.29130315740856183,0.597336812772163439,2.15720651024058752,0.612770810679719946,1.24441700989225157,1.6553649800267709,1.73503955737220061,3.27232532063376746,0.653782075351797443,1.61690002246791598,2.31077909122187775,-1.25317001641689663,-0.384168981300520573,0.518025815390173117,4.88513903810632755
-3.15030763263642877,0.98908544803524634,1.73347093232898053,0.0743805445611705335,0.230646342232520479,4.06845888672341438,-1.2690367999383747,-1.77501871574023218,3.71703133642825945,-1.36464552619389567,-1.07950041768164295,2.25479141929649662,-0.351682284405796242,0.672093322898406842,4.18476873221017254,-1.85252145505535415,-2.05455830420240737,5.88204446149342797,0.0102062877162389359,2.74956765042405893
0.487125652596189229,1.25819735334506411,-0.697933150878314756,1.82294881805197573,-0.62577808384039868,1.00387114530761834,0.628478572286519932,-2.30387675818333504,-1.59571052219630749,1.66387451123373009,1.39688824503314568,0.83896075469624487,-0.166145967743607514,-0.14036404692509033,0.0704162020057329113,-0.373850950307834273,-3.44156021109555565,0.371385518475613685,1.55640190467035344,0.67216618334720557
-1.48567242353473672,-1.41811420135457777,-1.68067483037879217,-0.577214625265595083,2.74240380521310145,1.65918579640511776,-0.696667162577393362,1.59622171421227965,-0.147224645519751535,-1.94775676107942308,2.31143028152248942,2.98084499943529568,0.0914262910702994397,1.59890382117259366,0.786240729484937839,-0.49447404711696924,-3.36909815041161753,1.53708359311470932,2.10912650167680749,-0.602878887615234449
2.22449928924374252,-0.684282665414768898,-2.99954981482853,-0.609244798886738659,1.0021204264357999,-2.09713826679030424,1.44600201015569718,-3.34593930089298075,0.674800161745460647,-0.943231122443034975,-1.09567777523867682,-0.660597268713932206,-5.78010231992277657,0.234858503744448027,-2.50976405832475224,-1.30618176512525919,-2.29248150553701491,-1.14783890877768613,1.56256755338509801,-1.87310151036268557
2.81709759836864837,0.369162640167825462,0.0696546321308284533,-1.12273432949324836,0.787871748427506513,-2.0927667860209187,4.3557112184168858,-0.798380880095659551,1.03714350050635562,-0.853894110579260235,-0.00299779511511174147,2.00132951294635753,-3.28629460533525419,-0.732804097054534087,-3.24274556883637421,-0.593073060465517887,-1.13718534789782932,-4.7769109852130569,-0.924480123536435383,0.729684092294276998
0.150555594857769398,0.248240777618691427,-1.42435381133563799,0.95630174268587409,-0.245371358472264073,0.982652546562712059,0.0241061928775734916,-0.900319560788918949,-0.861459118018048642,-1.46144413991675193,-0.243348733524269084,0.515418046834638877,0.0504072362299374591,-1.98123382384054914,0.383936094389840443,0.752795027984958343,5.44199861614997804,-5.40805632524037083,-0.57748253342039535,-0.402724119741984687
-2.04853810231019784,-0.613430524673373445,-1.65710969739459668,-0.417279067869405773,1.29757164533512115,1.77919710154659882,-1.30156405874694969,-1.25671033551227018,2.02414029678316787,0.571044928812138863,0.241076793853614579,0.998447772143618573,-1.91004570688092246,-1.10911610097828439,-1.61434948344830476,0.218490708604015427,-0.821265500934499681,4.15316678919246662,0.0742449102068859917,3.68345963410155131
1.14556022992248296,0.052287040872450577,-1.27129678617351716,-0.11561226852596361,-0.670660808464091263,-1.81950599629422549,-0.258711776480430033,-0.773959903566685203,-1.60320075792679151,-0.427011959293141063,-0.325543025967695798,1.77008767190586003,0.0125973446654496467,0.375680210198999831,-1.01267572209389889,1.61942346257140191,-1.20856951824490277,-1.19300371250875625,1.57040389190851659,1.3223950405177487
-0.986254813613865022,-0.329243390280441028,-0.149485020727196133,-1.94189572812838085,0.849191205350254941,0.892850818846894767,0.147156421366717693,-1.05831226292527281,0.494124162747745899,2.38340641551185195,0.24851887835088568,-1.16803045288650886,-0.269464447092619575,0.652024140101186367,0.712425914966153706,0.562678182791238601,0.741999075401600372,4.29619091761644434,0.90235533279335467,-0.577010129579706987
0.0735386565632988598,-0.0723510273776839657,1.76405217495485278,0.376294598961059545,-2.10089999275993833,-0.490591117226163942,0.983898362459476372,-1.82984274754828879,-2.21156910524253902,-0.327489883837153661,-1.50644047950062121,-1.74889538844696002,0.12153657138802812,0.954466600083076488,0.0610572224784534101,-3.17549686634265704,3.8557561350924634,1.29824889556094059,0.789775519246741942,-1.54222606370878679
-0.351783064369135479,-0.559193739321358074,-1.7638826793167961,-0.0224068028591516803,-0.62195571127465521,2.15914923635816614,0.824691247784916648,2.38986055490503979,-1.91268089308833122,-1.29451430178701576,-2.00645260127878844,-1.80850768294623832,2.70075623327071002,1.42354588312688546,2.59054257511951569,-2.98930596826674888,-4.16073080355573577,-0.578322267090605635,1.17615106077464482,0.825245113831561627
-1.36121419392548471,1.47152080561766585,-0.386972515585551347,-0.427432356960908144,-1.16178765967008313,1.26944078484325051,-2.24283360246723174,0.113789268506335722,-2.53420650025597105,2.13888706746199997,-0.169625399876671357,0.435071747013746291,2.28281770175920684,2.26772845500852949,3.06809930151146348,2.88808236657047734,-0.292792933215635764,2.33955895811195536,-0.259532797738219412,0.686286886553025277
0.713556925215946602,0.136372860168058163,0.0124810108780672863,-1.58915643669200968,-0.782261396468265424,0.0832726607566078442,0.865558595614442483,2.88199260933330947,-0.132492878564467065,-1.3095841802554653,-0.494372893375707945,0.598485949151710606,0.426422633369260562,-0.724405008521982197,-0.589835072969968732,-1.67754198927497122,-3.49740708576532411,-0.391897952805688787,1.13650069041367208,0.227499221558795511
-0.13453851009038309,0.631264334227569335,0.631864154208620188,-0.770907311330315315,2.83477988940723291,0.686525624996843442,0.0959449088388446419,-0.66120732285580941,1.15239876911199346,0.644902813588086876,0.783538916980621836,0.171346697169547063,0.492405772611072934,-0.779669432678108287,-1.49125570688039355,1.47131589106928562,4.08709679579043428,-0.99571203040149181,0.34377544856842801,0.0943759194178314664
0.475919185391684707,0.550848310655197126,0.346818789700702901,1.14698491553046011,0.520901038339164457,-0.296672161272763135,1.74083582867169673,-1.70908377613488227,1.68449707151113892,2.33130058005224861,-0.647730093666153417,-1.98695504633872266,-1.63375576966766256,1.09580901217380333,-1.86669629807172077,-2.34666725680253885,-2.44838832663339101,2.52866898069037305,-0.716678723084593572,-0.0261887519000729568
1.47473470902647019,-0.506112367150609477,2.6436551052287327,0.237374148244102717,1.24303515028273504,-1.75389904485822901,-0.692824328267753864,3.33634867389261691,1.68080498042396065,-1.12625543487369906,0.811287994951623737,1.56773180028638781,0.615210082635665234,-0.330898116708213341,-1.16977236613183688,1.11569357087151544,4.96860477131080724,0.604264090691722378,0.276496370049267526,1.15505166260700376
1.39200327923547329,1.5705283440888409,1.23557436171235202,-2.39209205055914964,0.661190963077347371,-0.899147636947128959,1.87562683645266226,0.603984414211757081,-0.028796463638187695,0.974740198266642599,-2.57691296800063174,-0.267864604401459483,-0.268074374252535552,0.0341494786334631886,-0.628625461453942158,-2.13859866596685766,-1.59965258457661919,-0.938357560334205365,0.266156571668160424,-1.09900529225458254
-2.56234914759823296,-0.248954186258241478,0.756107196451407892,0.42909133982472597,-0.592342943859488713,2.19602917269932574,-2.30179564064333775,4.48087821789522867,0.759476915078809101,-1.51792580373606856,-1.87386833062670832,-2.15236263267634698,2.90477226996012261,2.30752069026720319,0.753932542418856322,-0.309199591219413206,2.99902061714745427,3.08978399315361196,0.691986267293986601,1.67989138855798603
-0.650996215474466067,-0.349506135255466366,-0.655065060850615777,0.703159147467570467,0.639582099723842612,1.2140857956222082,0.111062808714316869,2.0255714678282466,0.54573691152028081,-3.10731535125265568,2.03275999668143292,0.0442407419311495048,1.75747135797416276,0.0191595384480348595,0.416450670627232677,0.905189031238412101,2.00369395289385022,1.5219602647565369,1.37890969491135307,-0.713026250406943451
-0.382986840132898521,-0.762288970909765551,-1.33327150266896144,1.89480295168522761,1.05101994368764684,-1.16362395659165485,-0.100856951352314317,-1.58365629514145234,0.537534279912861845,-2.70730871845312082,-0.628309802867948353,1.37697160723136602,-2.79575677689329583,0.145396406178171067,1.6683990277386842,-3.23984410534647616,-2.2145103438584175,-1.40604276448120435,-0.987169482390027553,2.22681953091285223
2.61779665747669865,-1.33224230893483631,-1.27449202597549416,-1.40974922683131831,-0.485254976715404129,-3.07090282072432386,2.77239508067818541,-0.231828658038377877,-0.111356713386986134,1.93203597445866615,-0.15347700114977611,-0.169772378201857782,-3.25534613911906856,-1.02333940550285218,-3.54391633510286086,-1.90553668484914085,-0.911008649025106365,-6.93241502760039552,0.0998550790610356204,-1.42107923354322407
-1.95339564914013764,0.0124213240497737538,0.372191114244276366,3.41875550132826733,0.313772086923995386,0.768494007908993249,0.473199873187647169,1.71292502315031059,-1.81151059957650462,-0.021036835108578348,0.00621441178325942301,0.873501590311750675,3.60037305937645513,0.685194891123156791,0.71009868163564771,3.29013988812138569,3.77221789226972959,0.84676748283745229,1.86223016003127051,0.598864992013859676
-4.01900365800937109,-1.23979154564144256,0.0873798148938643715,1.20155248531588676,-0.887592055244797118,2.19676542863694646,-3.63801385142620326,-3.9647596297069545,-0.274280271807663956,0.61277781730494929,2.11850200182320414,1.58844721849765902,-0.0345436821271072753,-0.898650413829256922,0.575846070659464804,0.65452476296852713,-1.06014025288039293,7.1237467878255023,0.353113061823760177,3.66797372736012317
-1.84228075393774149,-0.244217067362246326,-1.38227440438150628,2.30699688688292914,1.93884567776005157,2.45633639198450604,-1.12266276512310137,0.864398214971858314,-0.686956526477809581,0.212151231646534155,-0.7484590614266734,-0.457604157144066548,4.45884895571662732,-0.465567844813746357,1.03768929791617914,3.92296297317203901,-1.37713618678628702,2.44383456156833434,-0.0490085282226556465,1.4640699879412864
0.0896785557374662062,-0.112170421405372492,-1.40514489916050622,-0.787054641803238586,2.40200950179523565,-0.479659574299465041,-1.7893282636754384,-1.69690512732696264,4.89022861179114976,1.05070282011562277,0.702100194907681163,-0.873934785908526468,-6.47094251306157719,1.37908275647424672,0.00350363495665961724,-4.2056100532717231,-1.62213746108558921,1.24557628753959437,0.613056070748734583,0.361444564888688702
-0.384407479261906104,2.10793102726669579,0.135463944180925971,-0.523830096241949095,1.9811891158071675,1.54936253081538933,1.0487406952179561,-1.03820741155191532,2.02877020798023899,0.603059473890185216,-1.24018353860435582,4.48276432522200796,0.47842503327321656,-0.769332372388866648,0.546042812341417827,-0.418670527162564199,0.0234509167279035313,-5.57986542239185379,-1.13403293879345823,-0.0558964418406690464
2.03392534713024187,-1.24865203850169992,0.164786610872400041,3.68836954606052725,-1.68940937341057396,-1.35036519216304307,0.877630566720455696,-0.963738731841330076,-1.84232160674832079,0.882055420283978986,-1.09168039977669507,0.238235875234077327,0.331739508466177169,-1.88235429752559291,-0.585038810532590547,-2.26860806018001604,-0.421164146364753245,-3.40295994768805299,0.466425501243444285,0.36641564810866184
-2.16685964684199917,1.91547346284903064,0.629385499378136148,0.602840429277127665,-2.61765920780919981,1.40602313186534444,-1.44610555525771445,1.30310617537726015,-0.713112152365147356,0.462780658880352413,-0.638899576186659046,-0.830505726181076098,4.526002512790817,0.588717571342317281,-1.39711048475444555,7.12626456375186912,2.45419517565934653,0.88258282145431155,-1.89706936666497827,0.824820576015018014
-0.56833930559285406,-0.0472755257362527034,0.952163145018375956,0.399418547047105665,0.213036749991215468,0.270446829162364233,0.596543885049644951,2.26099834789915999,0.805606279550499349,-2.05405779912855868,-0.124976926018161599,-0.847283316456556967,2.02274326954423067,0.102014874831602612,-1.03963122077757042,1.75159355446636855,-2.30739487790573783,-1.09289824693326598,-1.42978387442008148,1.23624882892983079
1.02349836701548291,0.572135256512642743,-0.000162215160864803172,0.3491455742107204,-1.21099464736750462,-1.24457356801166652,0.105801793728958357,-2.16035411794815868,-0.155207689234549001,0.935323726405588252,-0.214330538516698837,-1.52786071906479259,-1.73006670283209041,-1.31732198827125968,-0.77857560760649791,-0.201321493023568721,1.55091083316183109,-3.41609813047225286,-0.634975087696283746,1.64618588740835214
0.0416498988454646404,0.489288604981836572,0.344570787216179675,-0.256200950080046119,-1.35686025639159746,0.205412354191507301,-0.346860551131295325,-2.53698064649296162,2.54106198820495699,2.59520070910024048,-0.247549913078846606,-2.14362099752391133,-3.83961827924376164,-1.32710450379083711,0.0755229464752325136,0.339400496746943947,-0.403113180063056298,3.74358357186512514,0.627904509527420385,-1.7183711087106559
-1.35963730152658191,0.103054534208556051,-0.30086723954237532,1.50167863576191651,1.13209372893074689,-0.596942403026024415,-0.889802855238516766,-0.411733945739676643,-0.769681773377319245,0.748988658982468358,-0.599156153916297396,0.29869508015065982,1.2163143359876265,-0.132566189500344822,1.45212812517846968,-1.92936367494947847,2.7152845559175609,1.60100621603409854,0.538555454083448071,-0.396034659365881392
-0.253586241232340193,0.392186448657017017,-0.0218392112576806102,-1.5970796872054529,0.107876114441691859,0.344410644501312702,-0.750440902468689885,2.48243792640755556,-0.389615181149062795,-0.103404531410577843,0.371359875177875998,-0.0827870477718202769,1.50337331226904913,0.332031841227837132,1.67007317761163643,-1.14037403294186435,0.81694734237955613,-1.30764933803492234,1.5368472327497289,-1.9350433348192948
-2.06252157827044247,0.819003193574186605,-0.625593000700513602,-0.763250050739724073,1.02004179858199007,0.209784081077042994,-1.86026580884104997,2.15212449767949909,-0.165338481117016267,0.176598029523254624,-1.55613451738071595,-1.75411089065002912,2.55870725203840355,0.278199284909300293,1.01148987232702314,2.53490870154464254,-3.82115507091700568,2.73988757907039071,0.845651375159397145,2.229071841819251
-2.1939076756510727,-0.43557960033624854,0.840122573964213526,-1.74751104007208413,1.62345204667008547,0.598628744290951587,-1.86475628953214567,0.524963384393548504,-1.17509867460950601,-1.51359381984380881,1.55729856830455993,-2.48202054461398403,2.3468489321945083,-0.0255397995217318124,1.15802056301064926,-2.7110776793259066,1.59033330191974076,5.28591342362799477,-0.552502964502067706,0.0322153522631168643
2.29915044822656789,-1.7884808751616863,-1.06187489066643193,0.41352232262908456,-0.929850545460698785,-1.50884645228123726,-0.00697244365877843202,1.72163277443144258,-0.645975400298765212,-2.41050587836515673,-1.20861835861228917,-0.364471946684630288,-1.14536251993114435,-0.104947470966753609,-2.12139782883332373,-3.16037558306495159,-2.19403085433619216,-3.74802377042725121,1.57538546136988566,0.887162178335877627
-0.397724762792874664,0.159706105247867103,0.452236237302652333,0.0559932770702607982,1.10938813172111184,0.601083855713301918,-1.72817633480412725,2.47605120295005765,-2.02004891594153291,0.496570241028478465,0.845972635952882523,4.03510567136166109,5.22247995342334725,-0.369150669767210393,-0.747163743526683133,3.82331845852473773,-3.5267861685106654,4.22454683706849732,1.02781558025210673,-0.306137510992372575
-2.38877121331828235,1.5992467423895449,0.384698901106871105,-0.701706924873274573,-0.668460678233283478,0.752827997403000881,-0.577520371865358428,-1.32485007835149404,-0.355704581674353981,0.743613146430668892,-0.201345046711891795,-3.26913972219512905,0.742104237051512849,1.59667109114472949,1.2840295042732861,-0.094389189453300576,-0.557992329954378197,5.30913712394364712,1.65028465322544537,2.13375618744978812
1.47660936590171965,-1.64815783780975322,-0.523902330977515152,-2.04905160651684071,-0.506935679718254817,-1.00867629338434894,1.58691451555766339,2.17290396360056803,0.446356116258059821,-1.41908013308008329,0.979660687530757524,0.523361691921626293,1.99085531346083866,-0.174840822843891963,0.0345333587280918439,-0.120322649939951273,-1.08280991216678135,-3.19784439669151066,1.53207008064112804,-2.17231681018797529
0.413091586796311971,-1.39939777073699334,-1.13201013765720448,1.67344930745642806,0.45095241801246666,0.873937077717473088,1.44936147104783197,0.391317274371846602,0.54270341796971211,-1.04862818941804603,0.312413051447635648,-2.74872150868822418,-0.668260442109388619,-0.681621997278619718,1.63421608787870132,-2.61451665682427414,-0.605110734770194503,-1.4682589985723431,-0.00829961085614816865,0.546432427183594638
-0.463763470837214309,-1.09034094211596733,1.33967797202930528,0.622173700932703522,0.49091784326389587,-1.33672468970312641,-0.832540744501770513,-0.152134783910477883,1.32068961505430416,0.820417140589738692,0.199090929761266827,-0.219333212674119982,-1.63419386421235213,-1.2061167251713143,0.620635316737185194,0.38640023861630246,0.988996941340902547,1.51944504920377321,-0.0194959374362621875,-1.5175683268373219
0.337990240449894785,-0.677556650805660743,-1.6149413552180274,-0.482585046366389381,2.15734724615865803,-1.20595424375276039,0.321924348586068998,0.58500182765628328,1.14846715198512039,-0.0255208742513384872,-0.121991498065463402,-0.915794463469619346,-2.40133475944101438,-0.630785221126897833,-0.963720909119943459,-4.09348494818528685,-2.54939885431877045,2.71182091917218093,-3.65868147926233567,0.385457752607639925
0.848027136685306382,-0.73547189210356656,-0.509069369769346691,2.03909389047228728,-0.368417089421784638,-2.1028743792827429,1.63139217235125034,-1.29324362617404409,0.686584591202461403,2.14476516121958793,-0.816742849397665727,-0.504463353579631457,-4.23693110778763948,0.33838419602770442,-0.570044130102269175,-3.71688270737904736,-1.17948550363794125,-3.41194675562874083,-0.720450260992023583,-0.788077629160525817
-1.17451225343218213,-2.07574520254760264,-1.43644011223483981,-1.06933727072396745,-2.42299535491077522,-0.0707216451489887099,0.372378064222807059,-0.361167633994352533,-1.25267518540474199,-0.314711003513539755,-0.199483584972269173,1.87015268483710861,-1.45278549704412407,-0.343281993739306346,1.82457137576487072,0.503058022347809497,0.423199476429177379,1.47584336788099413,1.48289694623844692,0.845665602601219812
-0.523713429011810061,1.05927428937068768,0.678593742048838378,-0.585767712574886912,-1.66228244657317203,-0.486642083205299447,0.471303050417586189,1.18903209925149889,0.797140949734454929,0.0423184784204940143,1.70436622806039972,0.562407976349042937,1.86123033763881018,-0.510962805295597788,-1.73228697813465526,4.99761770042646702,1.49441522950625361,3.9330999141941172,-2.0229371829738314,0.262937606887289954
2.39661130852912807,0.148487832129468089,1.16023129897578281,-2.22954473910756557,-1.02039309668255873,-2.39485286781684081,1.07466197877772718,-6.27093140272426908,1.97255985472116491,-0.57906315832690658,1.48526230287954419,0.291920714177364815,-7.64086023697597749,1.43310948574270269,-0.399534580692235741,-5.09167065378683681,0.382743335751024372,-4.7527847735059261,0.291437070919097374,1.78365183076600919
1.35734654671947697,1.21535835977959028,0.81422239292547649,0.148275706881829727,1.41791554135306952,-0.55151738127124883,1.3191558405863304,1.60957900803350329,-0.133271927252956168,0.70960814415587492,0.491511286831393779,2.78637653897398829,1.73423302678987934,0.5196400484625463,-1.46546281790545607,-0.377120298348944893,1.05444707484265932,-0.195516078444435887,0.8317025643080449,0.170472770192759665
-0.872963540033094287,0.520779469189731836,1.783645580272881,1.83612832038574547,-0.189451559523123786,-1.00258364530462418,-1.53420830313593992,-2.20056068114984349,0.639659205357691163,-0.694184621927434908,2.07005796334397729,-0.617544803789968899,-2.51307802982903183,-1.28352644772098978,3.06484937566405646,-0.739638595170878266,-0.879957185412799325,2.3149451663936973,-0.0976739952498457131,0.409136918128128024
1.17930979412727699,-0.982677625467132998,0.0799596729215772684,0.912213865838497284,1.76430753229608261,-0.791780391559670615,1.22470585789835429,-0.745278454277131464,-1.75076027754801311,0.305893615787864948,-0.885367963920320578,1.70119432242723434,-0.704105174236466347,-0.779020458183513731,-0.186485817869168152,3.19753172936061736,1.37686380581132206,-4.76468872393275866,-1.39564464712841207,1.98712984454371822
0.395281841534647904,-0.153373738834403361,-0.391756385934061313,-0.82117366021628091,0.139790156835524343,-0.739257152347696622,-0.0782260276183228409,2.43851142751155292,1.1890222393886043,-1.26514042300165408,-1.2523434919339087,-0.927537525800314899,-0.418019566596729064,-1.06492644478857112,-1.65541832793229338,-1.74095431914828058,0.786840538400989442,-1.75580930189952178,0.207688609678575276,1.10421496025412913
0.234857417797709023,-0.462272093076374124,0.354741442607914181,-0.975569120541587842,-2.20270362283890719,0.381353563326433609,-0.231401313633534084,0.840118315440811059,1.12416701168001998,-0.319623629902737461,-2.63498410389831461,0.231769709889806552,0.284974062951539042,0.490599433288853581,0.389751407135556505,-3.5882109394742856,1.23272151275864417,0.699498515768320006,-2.54349076168519073,0.239981838194606889
0.43193680584024513,0.0704610325592612552,-0.870892456588728048,0.462991595505877374,0.192951267063419085,-0.557001562394640048,-0.575701991711935146,1.46100569370151123,0.639454372032038587,1.08976771470236855,2.32480591028299033,-1.18181218259569043,0.335921040170811147,-1.20236019776693337,2.77766691289321033,0.439139261887195986,-4.28413067201152398,-2.04322355574480419,-0.732827250491789095,1.59977145363515416
-1.01595755215093853,-0.271099496431467024,0.319244179968589781,0.8607843717670981,0.735858921098348828,2.15936452615360608,-2.31139235576023649,1.60394725326531962,-1.38623153133730703,0.437610112521832517,-1.26285401699559774,-2.34746529006110993,4.47208973947671673,0.818112868777356783,2.05518802365059505,1.83323060141301264,4.89758132366352328,4.3855583937433984,-0.176408293803788502,0.216354730107152227
1.07109409413753731,1.11399461711525927,0.786082277280315767,-2.2484482802374357,-1.35737876999409579,0.708036143166641541,0.604980943864128151,1.94682590291154689,-1.45239708963322678,2.4052219264604533,-0.0768984920054489041,1.87392400250219082,4.81679850533900655,0.673032857537499973,0.777340989251123049,3.55668241819373865,0.220984052071353132,-0.106811805236323207,-0.939962805084288755,-0.542811529527749137
-1.93006576719522172,-0.249461343273703617,1.29181615757283708,1.8040295808059903,-0.239787494021578534,1.25567425782594588,-0.0999041922872745541,-0.643263422033875987,0.181083900325253261,1.04829731837480633,-0.901518001360305909,0.328889758437061919,0.87145812715365123,1.09151554188996092,-0.11711888200841529,1.73882522547154417,1.48016906878913534,0.169659674495714702,1.08290871632200281,2.44783772147918199
-0.427237344802283758,-1.19688982253603382,1.57407430333578446,0.235359463120432766,1.24054271693193097,-1.72458878207941368,-1.03155585908880765,2.97323326393242127,1.66613074092332258,-3.41029940260957964,0.366216182670776602,0.920838897541157997,1.75227426484712856,0.115692439394148652,0.488748134628746889,0.669296635356910308,2.74375767604335996,-0.561567540766555795,-0.526030537403185727,1.71171513482914484
0.259449480776322905,0.88134466900353059,-1.54931624313638072,1.68061232796527782,0.473174386420516457,0.547625317198494055,1.08087767256919687,-0.465004616836331652,1.85311227435587234,1.69623545773683415,-1.49613484811803543,-2.22672229339764671,-1.17615320570056858,0.178158205970109257,-1.01725033695932554,0.594755367553906567,2.9518987365666991,-3.74956247110325336,0.525516512798647861,-0.548710457993001222
0.171841283478740725,0.735987456765816561,0.0175615385104025724,-1.84080599598082206,0.239762784998915623,-0.306779705999911556,0.130105129336479886,-1.6803073666367121,-1.75523001051811067,3.50118209135339598,1.73245856188218372,1.07279528172782879,1.91276530624382857,-1.11654477261948215,1.5151772398683947,0.900537764303893429,-0.796967686031605949,0.351487113136413731,1.27437683194495821,0.6081470094584287
-1.40669636899427064,-0.53806530284178844,-1.54122124669327931,-2.02802773855287022,-0.675546897682384295,1.9904501981994871,-0.290864985015439059,-1.43905680032948102,0.336956862839235927,-1.56845464286732228,1.34248942213126976,-2.52595837531482514,-1.1471562609391186,-1.4199737700900501,0.0308896245727278557,-0.237470949213296451,-4.26710056995440734,4.98699994909727895,-1.00596113964074951,-0.271479580583981306
-0.706391242386471663,0.339020293040876719,1.27889292209475824,-0.984918711468664054,0.0965822013899128445,-0.643533005728257779,-1.49964967154517526,2.95078526642302563,-1.91559264838983334,0.114200698534135073,0.54171738788676882,1.96866087854091787,2.34510741088559937,0.699080180939452456,1.82924647486875402,1.94426660257819695,3.45690370385839785,2.35388890278558227,2.85774397844766082,0.674105397378614413
0.484864558827163283,0.777660150815253082,1.64554141684061439,0.766005686492495785,0.267295298658803582,-0.197797995761612194,-0.935588672023159429,0.0875437729988794572,0.150808887886704157,2.26617383699412223,-0.488241647988850946,-1.8049707765581251,1.3213249223448551,0.248833500731082957,-0.398057142287413679,2.9488061048737646,3.49175079667832078,-0.467364306904269722,0.535558640174397582,0.462387067255405348
0.668192851920602071,0.851787446432538675,-1.76820034177242547,-0.253339214279774683,1.13591694418220368,-2.56007859096192281,0.594765699993219599,-3.77098643513233167,-0.332896768909490159,-0.206420523070550199,-0.973591702214908317,-0.701667300199252164,-5.85337439229428202,1.02319374160359011,-1.43192085088515819,-5.80323446266071219,-1.58401718182781126,-4.28496961358124828,-0.260407267599687742,-1.3370609243501328
0.295002955683411561,-2.04006435572950506,-0.207790233276849617,-1.86424411940333568,0.288683744119734298,-0.490088456447380472,-0.432076659811831076,0.761338250545987361,0.548934688198915666,-2.49892637916188498,0.653504776678377919,0.979532382911916355,-1.64675594637520573,-0.0551982546191915127,-1.68562306893760461,-0.495919457391867158,-1.58721140142744299,-2.26503958767864955,-0.142118132481630022,0.363559659059765727
-0.594282643660762333,-0.560787087785669991,-0.014682022374461319,-0.258063519589162238,0.499452903939106518,0.308158487726755359,0.586383688224292654,1.05814996723403909,-0.473035526835166475,0.979278802784932068,2.50464695670709059,1.37826549754750238,0.428951406128233181,0.154359962891203822,0.404057337280059381,-2.9527564197751075,0.0861388962270875497,1.55746796181902192,-1.42222334730001521,2.3057510240058936
-1.45336671166164599,0.163401278542856132,0.463494538561179947,-1.4245941119457497,-1.7939296500998001,0.540095593849373112,-0.00103434370303037357,-1.05251128334105637,-0.730025183180402326,0.448422748630633083,-1.48093438417225287,0.911821696429954587,1.63439749403026657,0.143899828106524186,0.391153722906239731,2.37129758059868978,-1.04262152577753686,-1.34303882876910796,0.257417804655293292,2.3734499822451931
2.03429863764091978,-0.899860847444446388,0.117456193002942966,0.684162805210004277,-1.5358215872953509,-1.62071331251443218,-0.201787493724094102,-0.893205136974809077,-1.38004368967939595,-1.6237601513278348,0.0194479916289652527,1.80232977126585125,-0.553413057271065378,-0.228930134711218369,-0.0884518540718165908,1.23423508818870609,0.467638153302507242,-1.46237910484001277,-0.27653198722283362,-2.58095042679157416
-3.54615476307681599,-1.55579584259756776,0.113488121666775674,-1.42504805313369376,1.7042123703948866,3.1827785915633009,-3.16523366909617199,0.777477123351384192,-1.24245251707369175,-4.26982746513072708,-0.0988927298594372561,-1.32809673818288609,5.61377923714620941,0.561041573177913477,3.05078546191982669,5.18553405528680056,-0.251675261518742033,4.99515526600463744,-1.27387110582940855,4.82768517474147707
-0.578257190155303968,-1.8100335437394186,-1.15826143097660839,1.01002160276269848,0.171427113175740636,0.246711044403160273,0.228918521415958282,-0.514366174631138318,-2.18244391110934632,0.0955189625375334472,1.64214843604190541,2.20786688727057268,1.48161757009532713,1.14710281739127606,-0.0735343738317803253,2.29556805698216593,-2.15205733402491717,0.592754019170598667,0.331659001705653822,0.218164865227049531
0.00525579306778972428,0.270557099902084597,-2.10499714386587522,-1.85223796545127661,-0.609966291093809954,-0.520814405318229201,-0.286475096009660479,2.35042017521706859,-1.34546822759076123,-0.355144250047658872,-0.915690501817088331,-1.9295313282938773,0.296161348666064361,-0.706115332913510141,-2.44011010343998835,2.04935511930667502,-1.03440318902436768,0.590035145850399845,2.37514366565274182,-0.00970062189727724858
-1.26763312971937081,0.345936430376242776,-1.36570057698235781,-0.977982284751943487,-1.837819995925843,2.90630176304572396,-1.1323619351931471,0.0513103467876895245,1.76099343807868647,0.340848638276804172,1.14581918953181394,1.22061917735457426,1.93091534188498981,0.263732609871856427,0.463635907993550589,-0.941046202981565383,-1.32360038590914564,3.13369199601177639,1.12182631008680489,0.601745975942218458
0.170367119672114875,1.807909992845534,-1.60075304184344747,-0.035733555221784806,-1.69756074750364716,0.459948481595583269,-0.215622857627703834,-0.256544519216012235,1.41012996603058949,1.94483445798874044,-4.35511748678386201,-2.17917235352256489,-1.11302642773203009,-1.55051526267833584,2.29738502228668473,-0.92526073798265196,0.0699985668977145675,-0.566294535022647372,0.126090450690460432,-0.841900480809945284
1.84904124126026925,0.303749219438419649,0.197693198461327324,-0.216845541476668791,0.336049629606185563,-2.51602182151381593,2.22910851864376047,2.133277381127618,0.183174514221073781,0.547312760746250127,0.0699318806627304834,0.681146878162122715,-2.32925464237527358,1.15274863290893226,-1.5242222054851513,-0.287309281291815932,0.457969346113571818,-8.37666865935996974,0.772922221262435372,0.780815432100868789
-0.506637212072497012,1.39608184392845258,-0.374418392490719121,0.77396122902531761,1.25469653913535373,0.246778879363108883,-0.473403608018059752,-1.3037091753956398,1.78056945044017834,0.929052313372883964,-1.11869722259354498,-0.535164524116505391,-3.76005270476491971,-2.06311018142457625,0.00830537140116270611,-3.54756137354524936,-1.20294391259862232,0.17950910635495082,-0.551273888012046909,0.335426523958921252
-1.9298159179221106,0.0389085759363261216,-0.763140957999449143,1.51891444620730098,0.068870904878305883,0.935228915885679579,-0.67609560523448109,2.95274071221079826,-1.41144461419269218,-2.47013402526954895,-0.795652226064470613,-1.22155805163766384,3.26353591689915046,-2.37290947814811304,-0.362205124891526675,6.0846595435931139,1.80051471340292157,0.381042354865934796,1.85070709148420631,0.683813601624677858
1.37728310587752567,1.26500916193571955,1.62376257029039861,-0.736313561554733931,-0.362005722401117225,-1.84808724682015413,0.0779930833875085161,-0.520390458703865577,1.4716972590285966,0.124135152730422832,-0.575385286939748442,0.0765654055882109552,-0.712048785020551578,1.47361610743640248,0.00226874154084112092,-0.261923346266520141,-0.0369690780051585705,-0.945932633533129397,0.429276261229326273,-0.1662872046887863
0.0342131307115162986,0.661675236617764062,1.58189857450467875,2.83823896215081684,-0.393481603097238286,-0.144155102238692934,-1.35791860028753431,2.51393920413262917,1.32003609487972295,-2.03145723867132322,-1.39879620971903584,1.02281757323167843,1.59646075768651996,2.18471681142638596,0.881943188487321561,0.0792215622404045944,0.567309009738244829,-0.655328743697102256,-0.256588113911589366,0.240449669225913071
-1.53015226590611175,-1.12572876680807155,0.575515946492681674,2.18904630218946528,-0.929705193519284379,0.513661526500698851,0.443291044078338914,0.0314746348714584415,1.85983292647377652,1.75267388896248244,1.7814062442516434,-0.157833531312144504,1.09491782576933883,-0.410788306825008664,-0.53729905178172277,2.43219370720164507,-1.20567202194281831,1.96109027707214345,-0.0794751173385906257,-0.656231676955137511
0.0601183822646419383,1.38201449449972569,2.10775323429624395,-0.847807500158504146,0.783202782073983195,0.996733745031288421,0.368492798275371791,0.64771275023997088,-0.611508138125936962,1.95980069073420027,-0.68809642744249111,0.465273327395670178,3.1956169735783817,-0.24099276154106114,1.51988830345391013,6.59919560773845237,2.25068195763920054,0.618031893121048892,3.06768714441197732,-0.346759124607559643
-0.859163856266076498,-1.24498738145187882,-0.109517722066896236,-0.0305897527394731299,1.52623047871862139,0.622180215327901576,-1.55313670612375754,-0.166301859735777408,0.957327402080996426,-1.02675612013634487,-0.631826985838523925,0.493496976966070866,-0.709358758564836323,0.499250426721907781,-0.334095496784542867,-0.0370291403180234152,-1.05948755082922275,1.93268747454151391,1.1135142039319641,2.33516024023528557
2.0573107553898935,0.625446813014697289,1.12012428507592099,1.37930178585232222,1.26687035997843145,-2.07349364415517323,1.71675367268229984,-2.15576165390385865,-0.872156184179134319,1.17748433380741768,-1.03040704639711689,-0.19547670688467203,-2.01709553451869894,-0.279128541412522413,-2.17743372172116123,-3.37417384609075999,-1.27399998462136388,-3.22536180620724267,0.346442736778160953,-0.612722404921985153
-0.506338468408441877,0.545113580040582413,2.03791817641055628,-2.27249507599042699,-2.32287918049302844,-1.74702453027792703,-1.24664184675622414,-1.86330230020015586,-1.73948440012998784,-0.973347209072099373,0.0125329416105292597,-0.695844068820154815,-0.232619111388848721,0.100513388023496714,1.49160596318741367,-0.557403871462086919,1.92298535559350192,2.51161801768477666,-1.89823863418949945,-0.0198617878553545985
-2.28643687348099478,-0.604938405486060038,-0.0716387966478674587,2.58124586669031864,0.120314854461429754,2.54865752624812369,-0.775981776070809093,-2.11769771919918037,-1.69666267037672513,-1.32422852500907751,-1.87040157209729663,-0.100845152556430673,2.04299742074796109,0.816141703066157964,2.23123387196592393,0.829363200581977988,-5.42195923196356766,5.92824888060416999,-1.21391320471452668,1.66590865419974432
-2.20542551067357717,-1.07004719714950269,1.5299558523255512,0.0931694676993445742,-1.48818199909198823,-1.36437742663554795,-3.62549689541313302,2.65934039451320325,-0.541580997333406033,-2.50913721116645494,-0.0964143801427573,0.197565852947175519,2.89527177078132114,0.165597350403941995,3.02031879460373132,5.68452426789795684,-0.893109821542481974,7.08321125651215588,-1.40327104304240091,1.51579397055960396
3.86202916638976745,-0.687450543594031238,-0.757577991896248526,-0.234901107542755727,-2.34701291024774861,-2.56989963104307595,2.95615694867320755,-3.13084521744475497,1.19528937614932773,2.13578928763768339,-1.97411524034467933,-2.83264147859971605,-5.78630169452912124,0.264844848276505174,-1.51671964821296812,-3.0415326291098399,1.51425854297748819,-7.80909455842758859,-1.40939856348705717,-0.0322115658656786791
0.489087003526075148,1.39986644213789324,0.271738841192282754,1.13818314046497315,0.712149018771669029,-1.29052707695065405,1.24902135071456222,-2.76030394717292582,1.19329737087078036,1.50084244139088963,-4.572778504354857,-0.141368804109131135,-4.08904962345821499,0.57089301606814058,-1.46694540304526333,-1.24793502504520326,1.93378465406887279,-0.0483805945885686928,-0.117499958896278567,-0.960620094999567464
2.40400810625387207,-1.30743245025887744,1.7494533633565692,0.559762021019078349,-0.089046412283832907,-0.649027340272184228,1.07277105322870869,-2.46196901866071105,1.69675263783924168,-0.365568528750994215,-0.248406858853744084,-0.079788466435116015,-2.83026392157198803,2.50568302989030434,-0.719410438824309328,-0.727009946601903545,2.28039841902780838,0.37766336272842238,0.359240704765137253,-1.49415170476811077
-2.04807618032480887,1.98511787432692022,0.0375589970987665195,-0.2372069396004024,-0.279786047527953219,1.4658513298741056,-1.65561940850118905,1.42386388178602363,0.0390577954634751118,1.0121545661160738,2.42124182688043232,-0.641354607920394115,2.16606620611548228,1.21207328876026121,2.26917188518684343,2.46777615342993517,2.28340518472330523,2.57795423575835869,0.358636727173714642,0.828038550467730006
1.53188690853965381,2.19132333421637338,0.0554109576378716065,0.0281837849068637576,-1.53518229537572926,-3.57582221632967956,0.166238517138777436,-3.3877601868191034,-1.15990279923442041,1.34529064628890027,2.10378596462595846,1.83686775925023338,-4.23870651751821725,0.872683910217744274,-2.25945321681151423,-0.726766120923672876,-1.87811653047700733,-2.6760821102289194,-0.131449926841536308,1.87777558622392671
0.610466924275430367,-1.58270624332383969,0.407630406505666065,-1.14063151585776712,1.87352119800088324,0.313581155873008333,0.73603812246952427,1.09642479817052219,0.176713635034750349,-3.40719101572117156,-0.585247912872990828,-0.728159903867297231,1.48348939961392357,-0.469195354580798918,1.1735871963528004,3.32093100166691846,1.16953192908077641,2.05508810982779222,1.99535077440466435,1.46189539067764285
2.53654050427678346,0.069311389598807685,-1.06025789163835271,-0.234563430916890414,-1.2480432115361173,-1.8249696066526413,0.526505801550817387,-3.5791289276073015,-0.186865951470332303,-0.533235966213102874,-1.0277081367595402,2.6712003846217538,-5.08995148708730127,-0.342820241752717247,-1.03630780340661288,-6.14721012084063378,-0.366194836713764904,-0.730858150736404699,-0.776819783141889708,0.126085201533888552
-2.2531069797783716,0.563162697573744708,0.756284971028651887,0.317372982184644659,-1.53924757073461649,2.41180288491649542,-0.894413420545870808,-0.878317285443142581,-1.73365960625815729,-0.0281693601126431076,-0.271906904750207679,2.98895415882906557,2.74568128571375691,-0.567569733506818608,2.98666923922654259,4.74141656224285768,-0.473043820275352966,-0.814214807494060056,1.14926045473671845,1.19179071105764578
0.167991565011130051,-1.1916775090643148,0.433565671919780293,-1.29348362126585603,-0.668259485960763788,-2.01469200676473248,-0.27895595474646967,2.78544350173085764,-0.0253997040780812797,0.773400820970628899,-1.45288050584778672,-2.24655078694684951,-1.09055253114088746,0.546203820636183224,-2.65750650237806862,-1.64250727005396158,0.143274052780513222,0.577395485154652999,-1.08059406202082431,2.36268475971248559
-0.137638489746825327,-0.905139031395762128,0.840945388216134293,2.01174591656762169,0.282455961246651011,1.5297210861757613,-1.93400696858559273,-3.15106409365184215,0.065062379587839253,0.0545469447305211991,0.322222842062913295,-1.28248085026821745,-1.1014442041930872,0.479444733894733521,0.225803704328292082,1.50090327347938568,1.38334060100663736,-0.453234998272576295,0.117963183063371654,0.695471148915734472
-2.11413155173549017,-1.1918271459977543,-1.3825508882616151,-0.00422527256515939625,-0.173564075181146554,2.57356606506479535,-0.687946493708541218,-2.69688920838037172,1.26273720804021594,-0.838923282279003368,0.185606749823967299,1.07457815445463312,-1.337885499261392,-1.44531025418727266,2.99444376815465496,2.63388964500923484,-0.850131610674526139,4.15317565772841935,0.791932967365221341,0.191435394298897554
-3.93824805799144162,0.902204560346213102,-0.0366712894656670146,2.18600954203825282,-1.64610341730649168,2.95412113252176534,-1.75627498961436501,-1.48217308201343267,3.31224581245190075,3.38678982777816939,0.612387990579091435,1.49740186939195752,-0.394590602526062095,1.06392954269283035,3.03711638214136892,-2.6289040004908486,0.464457874057977504,6.29604404137965012,0.761904135409213312,3.53887099619256507
2.13713291004142292,-0.229590202379845315,-0.0480265475085868976,-2.51040207865082143,0.0343687376166869826,-2.6749827794437846,1.15634796529159378,-3.73240344488158327,1.8558503878883601,0.393549933339243152,1.4474658707723993,1.52111529678587276,-5.56593216893065978,-1.20043877998158921,0.757259988245987059,-2.59255298459186134,0.859738651209624671,-3.0611245972023875,1.2875300424274374,-2.2542730230956054
-3.02710230724056384,-1.60326263046266071,0.0614291827988752634,-1.47779356615416524,1.76728615482543594,-0.120085191923823859,-3.09783495459045044,2.09729137719520242,-1.29096841105775506,-2.2083122248482705,-0.636915397225706337,-0.848843659708305887,0.885655245540978076,0.132221683309437427,1.65667353138429374,1.02438980760193821,-0.15180493334962461,7.28993604884456303,-2.15139702448835202,1.82501833795664803
-1.64195882700841223,-0.000987723050375071332,0.418236310070459472,-1.03139643411493509,-2.86887959596716557,0.504101105554660922,0.420435936141461131,-1.53863997881447179,-0.068586613588510259,0.76577245404032912,-2.9949593880793608,-2.30657393278791734,-1.01329331973276693,-0.261714371984604455,0.752144491963596673,-0.673080239665107327,0.60456314879992612,1.75170120595271839,0.332518860728649723,1.32094587474517611
1.19597548514191465,-2.12304256070888808,-0.401333933849567226,-0.95091023331409541,-0.241219762257175313,-2.74142924981000746,0.893243713219163626,0.34465106557852454,1.69588445558257339,-2.19396178643570705,0.845153243488018568,0.434454588863414037,-1.86912130651313646,-0.384078008038673036,0.881399182550993587,-2.39713637201393626,-0.233451457729541928,0.169489815762725343,-0.180144380042813218,-2.65930879490646754
1.77718328909203338,0.747497643555419145,0.310331839176411883,1.63761006475881921,0.372070889772164626,-1.81710327633457602,0.360930456828014945,-0.789113982197075292,-0.683735288853373646,1.87952594707524701,1.54943403811681657,1.41032652248074197,-1.65657072024886998,-0.125660079813775416,-0.498186629235124578,-2.78676211451401423,-1.18964666947135345,-0.734291276518854064,0.837036161258497224,-5.35914609042803125
2.3892449279091057,1.89662715922276459,0.123249169282018484,-1.47611301573223042,-0.737129368458598555,-1.70927475891704361,0.842459693169588908,-0.066317722327209061,1.89557507700968175,-0.0537868811283267328,3.46791333304266081,1.62819455895269583,-3.60502207709746036,0.812263841006910514,-1.47815693165125039,-1.40299442699869026,-1.32507227268841588,-2.25208273647341795,-2.7631268375270035,-2.66874432939098005
1.14005144627850541,-0.955409091400033272,-1.96656212160139399,-1.92214204946943323,2.96580771891118689,-1.33181741906652307,1.23850303370681947,-1.00701679146499479,-2.35194044533626956,0.0931663905053832647,0.169655958413723107,2.92869967482210658,-1.16581320908537633,2.12648890792243694,-0.0497591533635873204,-2.58496491896421654,-0.318006009371279541,-1.71732644798340295,-0.273554256264470719,-1.04651838046366374
1.72227881836528218,0.805546461432480987,0.571265428602009351,-2.40455582175123661,0.858305448263046,-2.28738069468199523,-0.0467136933990828507,-3.34348716404862367,0.623564132185466469,0.286531715286001243,-0.899545217567800037,-1.05144246957805865,-2.51886662076222079,0.549995977274909453,-1.31690877314106491,-5.86305564742107777,2.29117421376135022,1.13696583878080126,-0.469341383138847212,-0.558685063851323993
3.92571585167553883,-1.42485357144574154,-0.414839806496118679,0.0107618104254932137,-1.1445085792631986,-2.36882000559647299,1.96292924156995752,1.50479656752365254,1.1997443049694636,-1.09291192353788613,-0.882026543698147258,2.61909816977587795,-1.49945435320596676,0.391445597516345556,-1.80390763504449625,0.0703962235747035425,-3.45515770024012392,-8.20491715921151155,-0.841838815933237838,-3.56668340897061675
2.1069008108251559,1.50228662075565556,-0.303971952194046879,3.20702662939218763,1.77756606431149611,-1.82228493589655871,2.21721564127795778,-0.334317827987525573,-1.33757018791056081,-0.2121620458589627,0.361829763365161039,-0.99944426430842026,-0.949653438704152419,0.158426447621617367,-0.0947270908866316569,-0.735539071286108181,1.0286438894125105,-0.643094101978869404,-0.764964225040730361,-1.79704866121781048
0.893774635617619606,-0.219266098799557552,-0.621346730647437395,0.762101757135743685,1.48754508685686626,-1.33767534075505368,0.897397891825769456,0.708928971137668507,1.47142992643057147,0.695006595080035483,-2.04790155939783558,-0.818780316068194125,-3.05318795782921359,-0.981655471221244191,-1.5042970414703587,-5.23478107554374006,1.55089107511424529,-2.6964481196986716,1.6351376114968954,0.977534333343816564
2.49255273582767733,-1.13151488464784111,-0.918657206151305972,1.93484654361647235,1.82374519516100952,-3.49070889284988617,1.57655644411006812,0.166963602303695169,1.92167798023313496,-1.3853597983515471,3.69316262400148387,4.10701841489037278,-5.28943520384466748,0.990321494730680763,-0.214507319911386635,-5.4651228487218102,-1.38447802555535082,-2.88003372789777279,0.299081333888039758,-1.14840266194945806
-1.06017005013971999,1.5002816646525412,-1.55001958040221433,0.0209712804496714478,-1.21831046404081955,1.32349962219136685,0.0974971769985929354,-1.02249947348099957,-1.45976135511469396,-0.168575870817448487,0.8783030371828906,2.19702665152605237,-0.0556415814155703306,-1.59810402951713293,1.14076057870771841,0.923038827088697778,-1.3397042264282657,3.4647641764125261,1.35309803989148425,0.878054018842769457
1.80671867347233306,-1.1511654792540913,0.864773480801803052,0.74749064738439519,-0.0850689046103493135,-1.95172729975878601,1.47976403629639042,-1.24609620479491889,1.18934044639884551,-1.80830899564624636,1.4696602690081535,1.82499627424889876,-4.24566924069829099,0.586358714228026212,-1.42938167164205754,-5.15950355007683825,-3.13705706980385246,-3.08480584246398237,-0.488268069299452101,-2.23475929257192618
-0.212628030506840759,-0.574774781187802342,1.34525192924310133,-1.41670297577509441,0.0330435098234060504,0.0914283150377025733,0.0789325057843303785,0.943036351733978151,2.71611199218686039,-1.81275232200870851,0.0654372366876072448,0.729832072066282977,-1.38600520657341852,-0.410775306231699222,-0.4097320509649654,-2.27095086341729324,0.831950574589586322,1.33451490890681534,-3.10439775219730763,-0.357111868485973261
-1.32215625568445905,-0.352056373564782477,-0.455399211968393891,1.39173702912376118,1.4462163855985779,1.21835135752967139,-0.129912530200468029,3.09635023805426179,-1.0892476664816404,-1.0455777889399207,2.04993342386989585,-1.51326984154694877,2.46788192675706775,-2.27208349460484982,0.242384345341081497,2.6705600275157555,1.54633605208173197,4.3742084173502791,-1.70435840746028466,0.18080766841540824
-1.5819376438940711,0.866397655118960386,-2.22404406096453444,2.34187888415792678,-0.685788354217129359,0.312552951422324754,-1.12179051670002639,-1.08711876601628532,-0.780798810925256714,-0.888974558948339211,0.122483651922152215,-0.131430144761854523,-0.868339472015795422,-0.494557321461976784,-0.697051600681515615,-3.8079214887982693,2.06796413561194425,0.512615670561383907,0.25589385264599146,2.0555218620307234
-2.19819596581200072,-0.490622020933061787,0.127590684689878109,-1.80305885544993361,2.15069967317222055,2.42312462593686684,-1.75610700437645906,1.93159894391580189,0.195119611264338133,-0.69147682823846679,0.586867571115805231,1.23903563400185823,5.70313904404016814,2.28540038472465046,1.87809131587431177,5.50897700417154024,1.29266360920471368,7.01479540386095124,-0.917897804610671941,-1.01393184618264964
-0.813463957282922756,0.0911381549881801756,0.064787618638538963,0.783634424268496166,1.14900658512178433,1.7423834636225275,0.00924296722828299618,-0.876931928834581598,0.519213459741337147,0.451485457939926116,0.0280783349434662009,-2.18905238883935604,-0.0771708950373662106,1.18932500432193655,3.39031589033264869,-1.31464204242192229,-3.55688405928878604,1.63075944644338944,-0.0170550448988090741,2.08644216538243521
-1.03829551847388335,-0.295981567566624526,1.49463677305299369,-0.649353701408877049,-1.39230594503404359,-1.34964341621380712,-1.84514771488817564,-0.813093494971784625,-1.63409930022499417,-2.14238366065565566,-0.922058937324384709,-1.04469567580620448,0.870553138386464309,-0.03045815874765204,0.905180517718244371,2.89026682036852289,3.92520244900053505,3.04602515216352687,-0.440176260691431009,2.93264503011194178
-0.263195905664133312,0.00210787020960094985,0.212204127658235986,-1.61628816427631095,0.0423295266586613192,0.27318535078898154,0.0279498877508997726,-2.1334404289674187,0.361625471239282015,-2.56979853905043143,0.88802945112331344,1.21474913867792678,-1.6024635898412618,-0.390832685469484131,-0.157477220893687125,-0.158791420698688179,-0.151907623530731728,-0.834565366398397401,0.176553680319464834,0.19087779134458005
0.668000833193782007,1.71855523269101274,-0.829831632610988579,-1.52547242027375241,0.603968758296737018,-0.493903428628134078,0.4633540312369131,1.55135868437829205,1.0737844857520209,1.26712715630041073,-0.42359549001304847,2.14939439843902225,0.0234967583612347049,1.15666161183021665,-0.219182800856281029,-0.554982862534018073,-2.32422750077785345,3.48325351538628158,0.15928952685903261,-0.30836821872827902
-1.82497752747733344,0.419089353307018075,0.719859721614703796,-1.62341992522895895,-1.14444034915130621,0.450958300037715698,-2.60863510326437131,1.16754406745447503,-1.42440070534573193,-1.74924682997679137,-2.84577366505496476,2.08076960129702382,1.65609110350485023,-2.46498351766034762,-0.0805472364428717197,3.50689350068489825,-1.29589748402070204,3.19931949439883834,-0.727312460416162709,4.21058319085814414
-2.00828611583482664,2.3341540603233919,-1.84577550722473882,-0.539489453362281823,-0.601539791358393083,1.8381817338920865,-2.0942745330143242,-4.14919905100643849,1.03911257934143331,0.412752889487893404,-2.23360368840114587,-2.47478898224677835,-2.83360229450194145,-1.00601732085126949,2.3665641657004457,-0.0739712337031923212,-3.96644561036845733,8.20942492662485002,-0.656464629298558755,1.92404118420412451
-2.96908753403909031,0.732240021062834145,0.819469829229888869,-0.172619471277228403,1.47802615303951779,2.70324354565569891,-2.93618174842568402,-4.25947069176368842,1.4912041040944497,1.40615322217791694,1.65506790738782628,-0.362707902285704098,-0.620978168907897032,0.712465209722415671,2.22622398746562222,-0.100139879110827071,-1.30017864892489321,5.85438182779809502,-1.1325815769805696,3.47038013058493133
0.659771657488597674,1.4708666349839572,-1.47131256570326596,0.758696852412296119,-0.102755137481677514,-0.757102181035879451,-0.672604806133205835,1.12726657378591621,2.55838155421111235,-0.043339424038396808,2.24862456133592481,0.360413912053942298,-2.30888104830402519,0.132934475254434109,-0.788406011325129774,-1.00026092639464848,0.477972387237617202,1.21177018837656347,-0.818228057014787069,-0.690491361208639853
-1.88658942075088532,0.439461465708061549,-0.468173409073307956,-0.124398340193963133,2.36237471960459322,1.59713107557441369,-0.511260256890096465,0.933553881534917918,-0.302055770379482058,-1.56297232001035136,1.08144497913085935,-2.72621559227288568,3.38184528663345896,-0.834309596059390812,0.688551669817698997,5.68513490329848992,-0.866915821377826634,2.5192154138377596,-1.37027663585058912,2.65150302143796379
-1.06606594689575074,1.0056332757833617,-1.00496214846474285,0.10734102764952573,1.01923934570960451,1.16970597299933288,0.516906864363537499,-2.41029709373180889,-0.0734186827226821631,-0.419415212692717476,0.0106931467037277728,1.41319131585514079,-1.02575098165908063,0.381864796718966337,2.4844829593002582,2.99620941013557696,0.613604772800810938,0.782492472891242685,-0.140207801756049022,-0.166327489951953789
-1.11195053317334813,-0.474102370362318837,-0.0638448119009989989,-0.0159229720552626526,2.35209752979654096,0.988900542975992058,-0.778070467049901238,0.935070023785947502,-0.752085876051067026,-0.849436519579572336,-1.62741146785436541,2.30410191272984166,0.476891194092996573,-0.00793629892867128012,0.0240951702736819998,-1.50871842679245294,-1.7313216442411985,2.60715092238323187,-1.37407608248782775,3.06232888492947497
-3.21079412667176145,-0.759840997235228133,1.33455021806354157,2.37267477834021223,0.391879617854929141,1.35009985598385995,-1.99152849982742275,-0.23666929905635764,0.127420332231624828,-2.02753038350297832,1.84493891588851122,-2.92909097767765259,2.33767240688458378,0.563477704768354903,0.00638228763602581833,3.20281088411774695,2.43199706935974236,5.28589390198767894,0.68120843443818524,0.196718126336567573
1.45051561775380811,0.179105157490019401,0.200846941744465407,0.490148780352352598,0.590371745174883333,-0.346897449511084977,0.545016008078072156,0.95304084644786502,-0.625126144377667892,-1.53994590793886066,1.25134332736541376,-2.16615064311966732,1.74548862421500961,-0.906520268941428564,-2.00894586301431932,0.249179874209811913,2.86738616575697502,-4.28539093812002481,-1.60281233411453994,-0.582301896585274537
0.482180169479340948,-0.55653365652147202,-0.840810907691563858,2.97657655333986737,2.59621084753683462,-0.542375603842860765,-0.823012418119484113,-0.317907357506814758,0.372078970061191616,-0.372427617668291688,-0.710873000694182466,-0.302319294694754437,-1.59869497579589948,1.14053592032347684,-1.89784322767246882,-2.97454305206355496,2.54096503993613965,2.39214612978294072,-0.131595743873604204,-3.1138523305423651
-0.25006868555607692,-2.81046164961093625,0.505442531073445944,-0.432621526526871025,-1.63442300383923889,-0.289284404450986132,-0.268900846493429657,-0.218697606351705293,2.098493757610703,-2.31660677187863362,-0.256219784464936817,-0.218508602644083588,-1.52209649664534008,1.0209767828896088,1.02942341099809376,-0.79753698361382197,1.21005923885074473,-1.34223448956000735,1.95797314643163833,-0.624443127027271006
-1.09118980114007802,-1.08510822830380582,-0.301638725112184314,-0.80065582973728433,-0.235095601573761664,1.0616930064258181,-0.406421596330735879,0.968146409658280582,0.374708212058885215,-0.309994402114701084,0.206769427617742474,-3.94026151326996343,0.681550172129282816,0.720802753408497976,-2.31863640655690784,-2.08907722319160483,0.84357441354835383,0.564194182833494762,2.41279999203071105,-0.138634131780452058
0.52506158756555299,1.46637517649323068,-0.911743865925411234,-0.348909246608364754,-0.135169717761118219,0.708624630313442805,-1.09498283819040831,0.750186369542066966,-0.830270141978000198,0.224975472887330274,1.93001277069647492,-0.808614622869456623,1.4949386385432557,0.604136060870068103,-0.837269324576122353,4.93866881525562018,1.36612830687346998,-1.7065195091634644,1.18812291648025981,-0.666708024005768007
2.58003898516088981,-0.604762387037590332,0.155055529883272258,2.21778373138655693,0.316671283289429339,-2.17770308817215774,0.309794716807942072,-0.288842613417017391,0.343170039594684007,-1.93527779871818062,0.81943387014636071,-0.299388610016220913,-0.642045101974069832,0.441176167632781557,-3.54305410222075867,-3.17821856471877062,2.28575289291041894,-2.27755444923363681,-0.234159036178043539,-0.239005099596601461
0.478530051024400105,0.247244254300885674,0.887835519668822126,1.56471768050615379,1.81299309413921228,0.38365497543934246,-0.869791460993173726,1.00986501855781308,1.96078070183058362,-0.218385396562127604,-0.212439086595719528,-2.00654061510365089,0.36784935789213008,-0.73385829705586525,-0.754672341124087875,0.437361024298072387,-1.59787656049628013,-2.57018401154357878,0.519141973547663449,-1.04381401307154076
-0.0916270560018338093,1.71483990876241643,-0.929568904214282288,-0.0925159250093107871,-1.22687045838897069,-0.0794170819388340526,1.18270429727978077,-1.35130480767742034,-0.84883726920682534,0.148499085089884769,-0.722339908328509805,1.05489126044290149,-2.47565936511326123,-0.507001623415119451,1.09370999731972218,-1.88250126886416114,-2.96322370261135459,0.562365308720420565,-0.670839226773817798,-0.711276192998057555
-1.22295367798387811,1.24138003596976287,-0.850141073904874589,0.328234035255416501,0.733687472721088363,0.619677669682993093,-1.55873527198174822,-1.44804401697385554,0.147318009071496364,0.531025868996318429,-2.16633821658408232,-0.927103648535026137,-0.635013205647537826,-1.14231339412576416,-0.591004545322982633,1.99201701281261156,-2.8187790503067216,4.19277293535788065,-0.0765999502371988022,1.338020779198418
1.34770136310122179,0.7144439236928668,-0.598201600522374366,0.6058175127037565,-1.19746859817245377,-0.606562957746935028,-1.39312539882323705,-1.10753777987340984,-1.73837871386153897,1.75749708023770346,-0.443628664994695276,1.02834072788437969,-0.446583590577161016,1.54656360035074614,-0.635572483871721716,0.0596142311854751042,-1.16819132983012719,-1.49553237592395605,-1.10883367506509201,0.0799616015329085439
-1.52087392415543921,-0.765517242332996672,-0.380535126578619098,-0.824238298610129427,0.651509474220451246,2.78638205721029619,-0.765092938277340484,0.334493732995053028,1.30226877602743207,0.830137630063527365,0.627615957036516625,1.3180287813444258,0.624543875373594015,1.12823404919623771,-0.726104870630279398,-2.06691662598339176,-4.74166596268208806,-1.332899812215945,-0.22372839789220203,0.07609594974043489
-1.26297703428436336,0.443841973004862944,1.08026771217066586,1.52655856007647639,-0.310939253038853225,1.08548677873118549,-1.94829102309432978,-1.05857330351033996,2.19973861641099422,0.469499153808938863,-2.36760028528943511,0.475103728804023739,-1.54495977746251811,0.898566222313801011,-1.45593605829916806,-4.92955490972551491,-1.87092445763834214,-2.69102194037589904,-1.08621757842076416,0.452497345648786409
-0.766915248518897918,-0.0226357928899959468,-1.73591324267504499,-1.18569736412493487,-1.13498009398543331,-0.36765485774354556,-1.20627818913290907,-0.282111598626194893,1.61847238463667953,0.884373369742248894,2.09080591392473547,-0.437604742736041885,-2.71993763558090418,0.00523996402053393019,0.934346838314140671,-1.93583633739074057,-7.33813686574730539,1.22463099173800716,-0.00843534452482505061,-2.26824267667256718
1.81859022157761707,-0.654553417559191386,-0.503539752523612827,0.0291971390669026505,-0.392987100970263681,0.143117208824745018,0.64358133037449794,2.96488877201034828,-0.218429147191773698,-0.586948694338506272,1.35778962066416264,1.5654382752052145,0.185943032048333401,0.949533109756201976,-1.25073514334687808,-0.991165867386089694,0.104786244107288984,-0.728503959662082368,0.601097951647554751,-2.81655367112747745
-0.106710835045421532,0.015053483659009978,-1.58441106645729302,-2.48783411170013524,-0.174508767017530514,-0.253598596422363931,1.22313294412873508,-1.62237707407186438,0.536837884289311673,-0.43494792444600211,-0.754181161830400737,-1.11543999530185145,-2.0045304628844951,-1.21303171289931311,0.561489191439981106,-0.00863393924931574706,-3.85725675568149828,-2.67737855608882924,-0.185344955722458848,-0.238839148270706292
-1.20558253451216113,-0.0155132169030250174,-0.106251723337597373,1.10778776584899208,-0.496536409211744967,1.02418611519110203,-1.70005927826498437,-2.29242974406318201,2.31921007364679888,0.2472714745984953,-1.73957428109359902,-3.63046765803284588,-2.46317249295827745,0.284106919518140266,3.32951441245749624,-4.23766319613255948,1.77878441938698217,4.10826808698357659,2.62450883051485873,2.39847930431101952
-0.145206893603629844,-0.495072086485687624,0.732659659848081568,-0.859768170165300827,1.08728240224532624,-0.470170594183625112,-1.40609036759711437,3.47330279036536682,1.03900770539494314,-0.428835818855503925,1.03816301961692203,-0.659398031164313614,2.00685849685941653,0.313172297349244622,1.2312578447431799,1.10692188919175893,3.90715566785281476,1.9045738765780289,-0.0667254987336072247,3.67388294037504126
2.95527026574705909,-0.177956039245002556,-0.765648814823658985,-0.373827799647910797,-2.27148565492748977,-2.3254934863635901,0.778113462222672636,2.09770111136449211,1.25074119852481025,-0.521761355912971569,0.11592512406065382,0.299472032910761354,-1.72241640802063722,-0.210812757493962083,-4.48436982147995788,-2.01738819745493192,1.2132595838685758,-3.88925887291487227,-0.435047016031118616,-0.862654784667826635
-0.720020010827657209,-1.0812945294072045,2.03916798255954435,2.86811903101333865,-2.03498514717631274,1.17184518201892196,-0.559165405582751074,-0.28475594732529852,0.92974713692113542,-2.14947916927092564,-1.13208007026817747,0.611753299383173021,1.66242822841065152,-0.518988656302938889,-0.639247856529187031,3.91549923317663495,-1.28328412928596802,1.02732678724875082,0.78783223488352927,-1.0030434012499716
-3.03017347338892273,0.668788099354173604,-0.415194959911954431,-0.254419718650811477,-1.20000098899354946,1.47083273272650961,-1.26967972291726561,0.414224370417023813,-0.546289428165790514,-0.468217255582397907,-1.23917214698098288,0.24227148575800167,1.80793958665518772,0.83100275831983017,1.85956296409744626,0.534472118018078368,0.590206926313650349,0.457497294385758646,-0.90334519047699946,2.60397250443224504
1.70136600704784846,0.24036717825311546,-0.351362523784422176,0.277542470195184687,1.04236561730427635,-1.49646932403715782,2.61288885693550066,-1.46181102459841683,-1.87454918932844916,1.00950474718544814,0.755710521029326454,1.5479558554501831,0.710653632955633219,0.175363988441759155,1.37873174492986195,2.02756058730488409,-0.559664456504281538,-1.42636247037363662,-1.59338706647218342,-1.10594686155697586
-0.735637513702824264,1.33976094218131414,0.729044696781698587,-0.458194750174667376,0.696006296773635014,2.7981681283469797,-0.167383176242731885,1.64699916411132219,-0.899997444444348371,0.764696147397285975,0.932752116926258701,-0.135844602562830152,2.98342456391323196,0.498587145300023959,0.0480944758379448847,6.42563300010742111,1.55453488176043186,1.45310754371010953,0.633322840967170175,-1.46714792862758903
-1.14293416634223965,0.0395054110173104558,0.871419598891181701,-2.08712404323961342,1.15716821236888245,3.00032947165713182,-0.759750857566449889,0.930051566490115666,-2.12987555897028047,0.190926810766483573,-0.251500450394035679,-1.57484571698653997,5.19429384931757188,-0.852504575478954751,3.10262446239047263,3.06435896601585922,0.859168379287557404,5.09290543889829195,0.336712029854107975,0.870513973946792086
-0.302479256212168868,2.04257217670589419,-0.825018312251267094,-0.272663569696446006,-0.534557010634300944,-0.389347100172346805,0.583068780122942831,1.34857132185345385,1.76224490938183154,-1.41450199440007474,0.432170916243306114,2.46842340942513472,-1.28231374179198343,1.48780423834899134,-0.240064614789673975,-1.52093186233140276,-1.4275114051825184,-1.62861955152745597,0.223395647475619769,-0.199855454829852869
3.93089855749523176,-0.557967052313269041,0.699436358313398565,-0.430454747767880341,0.905749195528891549,-4.54640251113873894,3.696214032247505,2.38812730363346937,2.06739797291801919,1.0134950088045489,0.211965180221081795,-2.92180636681637518,-3.67702260905597633,0.848453301079986733,-4.00327524760457365,-0.186327864414279343,-0.36906641415597824,-9.75010071026304992,-1.38048228718951216,-2.36970424928012324
1.23023303788022753,-0.267694206107268573,0.346920366766559962,0.431075080053674842,0.0538265028002543958,-1.60616773425960169,1.20647154944820678,0.55571017321678251,0.412793305915974962,-1.44573910381997872,1.05621719630803601,3.61178938285714235,-0.573347543345362531,-0.100313668098829384,3.05405711532427881,3.0234965319960585,0.0852986189075588264,-3.77224466650491674,1.1413725985305232,-0.509030719417978506
1.09166938744675535,-1.22231004104072305,0.401484364428340124,-1.73614245384456312,0.952620050582599798,-0.884921124502807244,1.03959441204191783,2.84256939022416333,4.19709109717654272,0.835810718784092854,-0.869434013670293826,-2.74050317241999331,-2.32321428499971994,0.0544834701890272305,-1.66458411139487206,-2.25825935150929968,1.20048804928106545,-3.1498391738959497,-0.0554862260360509396,-1.6546438747806449
-2.61768495271322577,2.02660638200971288,1.15104243758433444,1.85679121845733297,-0.0741956065166745476,2.63537971634432688,-0.563458210642400648,0.0543913559453359646,0.194541441956724015,2.64435706186210995,0.226802756877448525,0.569495116687526282,2.34360742538224986,-0.37586555379793446,1.89225541733910929,1.09429481904086368,2.95279232823502236,3.06574830737854498,-0.678569262145835572,0.525111034390718712
-0.418249671000665679,0.670120134796663436,-0.978226444980043186,2.55630377787991048,-0.328872941291361964,-0.68392452233880896,-0.245169139385795987,0.173094225952562547,-0.223095434837983414,2.71740143239321341,-1.40914469114634056,-1.72656353592282641,-1.01080564689919394,-0.410232404127345185,1.03342271962980359,-1.40357804743143277,1.31725843239265483,-0.661896914661900482,0.417450543452297762,0.96355972417951008
-0.257146659185589599,0.409035736001094441,-0.058420928235136789,-2.01455734942515985,-0.0349445903074690548,1.61074246830476553,0.517191318842113557,-3.8179071488155647,1.53428395622337299,-1.84484882304898856,-1.08973443247850232,-1.30928834032696373,-2.44691481797095367,1.5771441233006096,-2.82403287682246873,-4.6503019013739415,-0.843511691775917227,0.701384704385092705,0.673514165719288238,-1.92963926199363267
-0.663644287554742252,-0.419022986349889437,0.00114704442289867794,0.351089713251070135,0.911212227159566512,0.103899455432565957,-1.05145849141926417,0.26966689467605226,-0.813859762206951887,-0.210419960394063549,2.62238693461456052,2.002656892901991,1.5740857315780421,1.67364157374633371,-1.3575520056164192,-0.47070040633700333,-0.24269984459165167,0.239137006645420092,1.00768338804213275,-2.60882914617049844
0.109173018512199987,-2.03716944415576284,-0.660748979147595672,1.9452966609370832,0.952017559452049245,-1.12749279348473519,0.1893226976564088,0.278230164983350625,-0.307730614351378717,-1.79531692622239403,-1.22436638682871113,2.97442425391461818,-2.2315382744081238,-0.64453090794318102,-0.674683784444401469,-1.80301833675117673,-0.6855800916888245,-0.587432708286983019,0.72226275595721301,0.969701122591709375
1.51921882152679677,0.90882846486058555,-0.412645424512630365,0.686128157547104878,0.282829041020406069,-0.735929388799643869,1.57057295381453144,-3.8216487111685522,-0.146420996677652931,2.38953192171416706,-0.311696940927331356,1.55714874130964009,-4.26584787119079856,1.56815262207803574,-0.501436898981216683,-4.9661162084414423,1.72136535543662617,-1.26040912054610432,-0.0980804511630222614,-0.188245513741899545
2.88467070145408355,0.697495944329734829,-1.0957787647499273,-1.67024419815972447,0.314500222576330812,-3.76523181433188592,1.73585464577489423,-4.55246014200860394,2.11306204208555437,-0.658469311244765043,0.593676958303143598,0.95874999877321132,-8.08166166737261449,-0.515077625421962781,-1.2218607577005165,-6.22195220760423151,-0.808995686078337828,-2.90369314571719972,-0.0243516644015395502,-3.00066355379135796
2.41752945686673515,1.31911212543139311,0.000521995513526993422,-2.65312069629001179,1.76487933156125432,-2.62640710921721343,1.0273015236294023,-3.97447270959440813,-1.42136232406560215,1.02582719528415023,-1.53439599274438154,0.414483734889192101,-2.90738588950522736,0.119821038570743985,-2.60040179580463393,-0.473538273197834925,-2.50154926596102856,-1.30924412580774319,-0.110105915486617315,-2.85621204530531392
-1.05786689476605189,1.45350709746990958,1.0268193975717832,-2.73819172878578998,-1.17863011137874674,2.2854115295245121,-0.888082748309591774,-0.196169430452581395,-0.272283602838011785,2.22259868806325844,0.586129660067662317,1.37224445558619412,2.43639888642779212,-0.915574157551561352,0.259617091100853126,-2.19475855440885015,2.28763427975398859,0.659072132935758059,0.0561469254520214622,2.85194922067445722
0.487913736099337692,-1.40332356796139779,0.294547402258590718,0.942590740561671026,0.068648446462924298,-0.116949953100818071,0.605237292168345653,-0.0665990747091901591,1.46173412344173248,0.518496720958662616,-0.0684305088771047093,1.15699780057916235,-3.83210156865793961,-1.69748078227400523,-2.0129991036287973,-2.05150639273071222,2.76536275113457597,0.633338421696164611,-0.894385666070086516,-0.100635028932330256
-1.0622994125546148,-0.217586647216451906,-1.36496373672105054,-1.56375751125201945,-0.753018833624036987,-1.43191574840281066,-1.98312191365762502,0.954669444658617139,-2.89181679113229873,0.178745716623820244,0.153584883840223285,-0.629243905159379446,1.6752407399726954,-0.529488870084353525,-0.057957705296404885,5.85517328767026246,-1.73516434180220358,0.029924361214113699,0.130599918076222815,-0.586628645120415682
-0.647890986434859983,-1.55634899929661197,-0.139166122078859006,1.55470797261099025,2.66811005558795955,0.442314592522513317,1.5604798208824604,0.33686800775737713,-0.317697537227133064,-1.70060333568062871,0.216848337056082779,-2.1016515737933501,0.919218206572518182,1.78094867075185381,2.91540395904978622,-0.688751867236165771,-0.134733284241934703,-4.22714969823886477,1.45349549429502733,1.172702128578059
-1.47855718490739485,0.936334736386891797,1.777430930372778,0.902520625565463974,0.483790661379539688,0.977950665597150048,-1.36577673044715908,-1.9332557664366099,1.33617004179563281,0.559167235745266167,2.1657705465097874,1.67113134349008208,-0.352651516873181914,-0.0684225591286816009,2.21450198679390287,0.622390645628149053,1.74411692693120801,4.42091864147873981,0.137277841983334065,-1.1687868993999051
0.672526962310065035,-1.45746868846084787,-0.292804534192732169,1.59293428778553836,0.0279567073895384405,-1.89483461070772496,0.425323245741445366,1.84098218777746503,-0.613564466270442477,-2.24950315686686952,-0.608200049879121463,-0.495514673325508248,0.389569987930297124,0.911385611327911849,-2.39926416304720291,-2.4002248616686237,-4.24330470958420847,-2.03776092658027741,-0.316858351979332931,0.590150965741863542
-2.47723037027252024,0.514125608364435438,0.243299704096381547,3.92874642457055412,0.54313513957768067,3.3020279837398081,-1.02567543716771326,4.37869046081244129,1.23102224441183061,1.92611131902702293,-0.997683052528281267,-4.46964731218538702,5.11376471831401158,2.15137252323859318,0.279293062963109295,3.00157766248205204,2.13485580452576507,3.33615778564657717,-0.272368639518352884,2.84098417316024543
1.60902530650381803,0.473291666677540135,0.567325179868865548,-2.00974385636994768,-0.317001448462484181,-1.55607227415488936,2.72673390509078217,-2.97324425514591084,-0.0273252310067885855,-0.112731265968420841,1.89014473984567721,3.19133398478350072,-3.73904777570092017,-1.01838141766059653,-3.35731044970092984,-1.12336552970210879,4.38821720837322715,-5.1595606592379859,0.041038739946583129,-2.27589714533676712
1.77839386123394849,0.993116184275081304,1.06660403856282016,-0.129081919607371781,1.48830501272271443,-1.47513782652343162,0.683310662129112178,-0.786220114575315931,2.39756991363732119,-0.559768190846952174,-3.44255961299972535,0.302992610301937748,-3.67007649008553605,1.08888698035279008,-1.95686070317956418,-2.46272775443939773,-0.273832016963766023,-2.2820906028571577,0.961509987421961032,-1.68572715183695676
4.66549947380226282,0.14890559386572641,-0.367297838468432669,-1.42276358347304566,-0.341793926976817319,-4.79162474678822026,2.68123171082827128,0.590558472691985581,-0.784559079771154466,0.813141591735659364,-0.955063152420276285,-2.30094754684981684,-2.08369926359517343,-0.219586074105960094,-2.63788148633768094,-0.438589641592348756,-3.80290778091181103,-5.50331693101404973,-0.671779140940768182,-3.57688235069514082
-0.053088136381701817,-1.46251251410156358,-1.07974323908509451,-0.15178143334985561,0.460699749272673653,-0.244525534547232443,0.194809308103186141,0.882221455129282961,-1.74372039531457523,-1.06052558578905098,1.16882377624771272,-3.22385538112073533,2.83315804431722551,-0.659237122365529893,0.524719626308096432,-0.442740167454814038,-1.70396993310082334,0.115209081681884151,0.0918350688575136631,1.82380820517770736
1.71953517168024295,1.76330962536318459,0.636617614080592364,-2.53548787955980615,2.28183289748693818,-1.98586732706248736,1.84861472877818178,-0.67207615939252896,0.0365770099392307216,1.53065438581008628,1.8632901490875835,5.71714170398232824,-3.18562622930464867,-0.127368841528805177,-0.663067524254692953,-3.63027176331768908,0.848685639056872665,-0.0948573348599926064,-0.877258820499872582,0.580118300110145202
-0.987967953121400511,0.114566333854901642,1.3806312524401565,-0.200463919317474037,1.78102967961219938,-0.498792555075492916,-0.350905085412836493,-0.0881945569695434251,0.994451642273252778,1.90120616853094648,-0.694307386359457657,-0.200530454830735838,-1.74588772008306004,-1.63124791465132368,0.788337792069650822,-0.354275656103915204,1.55199160542377634,-1.18675281369978158,0.0504513373112670735,-0.116376636222252139
0.770232776461557078,0.585064205728621389,-2.74901474494895259,0.330271412022402011,-0.137626156745696837,0.503630374784465595,1.40766777274319188,1.32746619596071924,-0.626185290909695103,0.927051835165446647,-2.68173155390278994,1.54651045945867982,0.993251104357081194,1.68472032997276111,0.422399203917144639,-1.58801284341036242,-1.93311291384343087,-0.267691831187902574,0.775814534888872531,-2.08871636448430431
1.18506955305017181,-1.31660589996883326,-0.185694099130262663,0.323293900490204456,-3.74176412972532813,-0.370810630216111381,1.32447914154778501,2.03126630793820118,-2.29139580711852364,-1.12482509899902805,-0.458811301614384215,-2.13937494268470019,1.79672804033493039,-0.300885307490018239,-2.00103619093501761,-0.0598413250098907973,0.0622791497312130612,-1.61856785683311633,-0.641706855488197503,1.00430488905812765
4.55721730088586519,0.440112273034754753,-0.791339171020671195,0.609080345576277882,-1.09553490841020462,-2.29104242480606235,1.73125925713923579,0.149207826252310355,2.89273232685763482,0.460134711998361257,-1.70759213495054651,-2.45033028113713947,-4.66845528190635228,-0.638443611521639975,-2.56677561222888651,-2.62495712207163079,-2.64004029639031979,-5.10069051482327662,1.180215688827154,-2.25344858219574329
1.08372991022382648,1.93358122674173449,1.36728470741363495,-0.47710801343423076,0.0291399023161721601,-1.22722240012142336,-1.13044925490900261,1.26629533344849987,-0.06374781872314364,2.22921079906151887,-1.47400414601841057,-3.41519809068029589,0.401381350406348369,0.468405565940746282,-1.31157013320152704,-1.77864402229656715,-0.676754272729288453,-1.24825825348301023,-0.188775594948769637,1.46260687410088597
1.60425548276287477,-0.632952271412930645,1.4556882142437586,0.81353006597100197,-2.84529463655045856,-1.86463017523900287,0.245643713226713412,2.07562007855453068,1.69935417353955298,-1.70486963977057693,-0.9544498745497495,-1.56407715773054767,-1.82159934952323699,0.491093775518959164,-1.3014626617133529,-2.92962785098668377,-1.41812585795069146,-1.75606540648293308,-2.18658015474926204,-0.326976777952393272
0.571111160488678937,-0.261007704260527884,0.856105137269202232,3.39714342212934062,0.774944687479128258,-0.57294869613239352,0.126805843020982134,-0.219591937842540469,-0.126954142075461074,3.052828989163205,-0.885833347368666035,0.673069851752043924,-2.0594645545374255,0.55035476417651219,-1.34888206868766192,-4.75023336762683179,0.839987799741524044,-2.48254190511571871,-0.24359127311494147,0.0980079756205076147
0.91783722993905692,-1.96323253620444604,0.290630989354584923,1.6411463467021068,-0.102401801639014203,-1.21112391173313538,-0.136417235799501851,0.596527651302184547,0.845592764357282922,0.168768060020856092,0.965121838267440024,-1.57353229162333075,-1.9473731142897146,1.13527563875590465,-1.70754681407348152,-1.5855303614147862,-1.84988371382478367,-2.97000025636665921,1.36090035215394889,-3.52862728225412869
-1.75485873387314184,0.278043215876207284,0.443884552590930126,-2.20398485366082397,-0.57530085406799103,0.513627400306313597,0.100750156789884263,-1.7516688955364994,-2.24470681415798357,2.1291699311259138,-2.63678546177592787,-0.917687111766847585,2.0482712367803626,0.347003559014745055,0.843780530734197565,0.119530746432454746,1.84297111821672499,-0.138027647960407729,-0.816768502791031636,3.13151620674869147
3.10963010703145093,0.044857727239251563,0.505179095438802128,-0.432066885375068377,0.124054882617019482,-1.29769957828708637,2.51471564716075369,0.796607059878956747,-0.382368518081998177,0.894022594963029271,0.524622340827346489,-0.978709972820011931,1.22401969448152448,-0.948225433316142841,-3.56856256344107647,-1.78911325538981592,-1.22384472083516327,-5.69397364590741439,0.194382332220961435,-1.78041179675141925
-1.26094172419372996,-1.1737441923736982,0.173340231789485377,-0.14070155065678816,0.29611871004666801,0.875732975410883685,-1.05383267956689908,-1.06941739255879886,1.95180949367666701,0.0977440873743511823,0.728522740024774684,2.95866788579709228,0.0277810512444595682,-0.3798847181350824,-1.29594694016792289,0.0620835948917133895,0.707095814431162428,2.54136356553603449,-1.24913663132008734,3.90516916752575849
-0.281425395022397051,1.63087115386297143,1.35579709064884302,-0.365628751296396048,-0.947293467681744605,0.977565214671761051,-0.442017051451635057,-0.315639862151537776,1.20823206292854568,0.0713089150404989935,2.76423527672859626,3.78783293908138541,-0.251368767364561041,-0.0787293810320571774,1.66581247690190404,0.233153454569859836,1.32765468768444039,2.17897803894907849,-0.88371882944663116,2.26195547812039077
2.4071675213346988,0.859972853545104554,-0.470955661738103493,-0.079738372427513235,-1.17167328576002339,-1.47144590492245086,1.2769782397844851,-0.490214668944542964,1.87386411769293804,-1.8535545075187374,-0.048867028733418999,-0.52542939308079073,-1.83244138777435883,-1.18184120137761828,-2.39545751883851699,1.60950044732308539,0.21876959784124983,-1.25923258315568787,-0.462639965973461964,-0.86145387371599047
-0.70309806998405433,-1.44316246435708817,-0.0439732710230013868,-1.9473621055223127,1.43125976514040243,0.277333255786970045,-0.415184200557367433,0.573380225122796849,0.697260086891201669,-2.20888728975406057,0.181583249346700781,3.85794655227320948,-0.506826012111053159,0.541250674290002842,0.561305452986963438,-5.42847815400249001,-2.02160964729886361,1.9079427649054288,0.224332569526315639,-0.278748556553821636
2.04068572615764898,-1.35640240778212284,-2.23518522048706458,-1.15557009509117337,0.0312991009869118333,-2.08595999543745592,0.991260006062888555,-0.0310345192842678176,1.49359944966715763,-1.13484653556153847,-0.10582181237948006,0.282059166629488378,-5.15610001569692233,-0.693924848043938947,-2.8760220303466264,-7.96003997109280625,-1.7906383286611971,-0.734557714236202197,-1.14960101162015693,-1.02557942026205562
-2.61453478596794442,1.01154955993707829,1.59401170363302658,3.65929647976479933,0.685259122893066897,1.43757362525609933,-1.05951659595812497,2.01339008200154002,1.00083946344098473,-0.894149114531725075,2.11137155004567711,-0.475039604877827593,2.69951413145440222,1.67118142311007523,2.18064582060864876,2.84165375760691763,-0.239644600342593828,4.86479862651236328,-0.197748732941602251,1.0683846968783044
-0.423026073515884948,0.599756817220566507,0.935190223129610643,-1.93533027251809053,-2.39477550408855588,1.22828683120179782,0.651266205644823182,2.12157559834767673,1.2852338395086258,-0.0169270718333842871,1.78609906178772992,-1.14535168472637272,2.02521494891356779,-0.983470444680180744,-1.98496346404752577,2.78563530548411764,-1.66516259964374647,2.20718078605173496,0.769650219659837265,2.11816145403668665
2.08624498324474006,1.20032290353828874,-1.46897673004793972,3.66197258352699651,-1.3488323595248275,-2.42137309661910205,1.92990701734201786,-2.39084859410485384,3.35749423633920463,-0.172249788893868744,-1.3192512015490947,-1.10384848708227179,-7.15444287807741564,-0.978492455285238538,0.567917125448334614,-6.28594815044305566,-3.57800817284511297,-0.610565249164138457,-0.398800608938097878,-2.83024960812940085
-2.2681725637202268,1.33247704301370185,0.545383620208275022,-0.691445764969476961,0.346141516283006101,2.60025596661341929,-1.95224611708590778,-0.387733045728737957,-2.24305384219672233,-2.86786163041268649,0.0456646252984854034,-0.845522027448857294,4.22132689624081436,-0.303449574132832356,1.90817200318917157,5.69871483732241657,-0.483815423712587123,4.49514187794131015,0.452105149304766474,0.785049617606914496
-0.430708214393018041,-0.266224944979793987,0.0933620170519756237,1.08866562334128503,1.47599262082302363,0.104916881464763731,-0.238135412472533808,0.640492297124566679,-0.694137995354055293,-2.42193914891283901,0.213784061717751911,-1.56209852275114014,-0.266135979009513413,-0.306438930303686685,0.786967233541833733,-1.79303550566696757,0.160172139660412327,1.94312462245131168,-0.192519096994084871,0.242708569107449479
1.73444034118399015,-1.17161858423556398,-2.82710046382100622,-0.255359822965721295,0.400941514559884249,-1.9147169066839993,0.788925698876951298,0.941801039322447187,-0.700187153575299814,-0.838681082420707824,-0.419320115099329649,0.874296416259355169,-2.31879239630444811,1.40760388559300953,0.573864985447853138,-4.2737364074580535,-2.91895591672588406,-1.26195702952380007,-1.37854115522594545,-0.391075100656080255
0.514878704543275889,-0.0687661646258010129,0.823414026743956362,-0.832869402404437742,-1.18739588759381642,0.726563418754902601,-0.478030076344694965,-0.158166944177613511,-1.0584901559381974,-2.09359483313286265,0.606179781819875974,-2.1429707158761202,1.04788542135753593,-0.706912072899680388,0.0103828131285930523,-0.614225455970608847,-3.34442378476427393,1.71232604634236241,-1.54516748192259556,1.2258241591963972
-0.881364943030276682,-1.09765833149060432,1.13296436850798532,-0.770377428358893002,-1.53900651966386692,1.28956394496535487,-0.567468507524784838,1.6507284378230449,0.836649756887427265,-0.425124113889878363,1.6496270537132236,0.313149684390079897,1.64272728219890807,-1.23565267580932336,0.866104356533934361,2.44980112851640763,2.06390721657475851,2.73631436476413237,0.779365056489016661,-1.89335332717843974
1.71325520608136372,-1.6855824016487424,-1.64348870693226456,1.37140295506993048,1.30104978666216176,-1.74914335596693271,1.8114560741843031,0.830691543114501663,-1.53918278264187647,-2.84057878985717061,0.912840503453942409,-1.10482205220611873,0.408541817113814543,-0.222204658731407184,-2.12149058991972428,0.342973898928885634,-1.07584121863974302,-2.05830519718243377,0.486517992694408097,0.425458317689388521
4.65267293995643971,-0.6478667464680814,-2.10707060510725386,1.7306832127235503,-1.20442011486531686,-3.61199480232634151,2.77819253510017949,-1.17980922881189332,0.755167514650705085,0.783189520306494802,1.40079361823078008,0.808656287050654066,-4.50293416532275348,-1.03116361215209018,-3.03090720534601843,-4.53873990944434613,0.606797266568016913,-5.90388795025406576,0.519010899217332677,-1.19957019955586897
-0.312834459346131966,-1.7275381528777074,-0.279142829531872139,0.919608533072133416,-0.758802397462411182,0.318183522202782509,-0.682902731736885649,1.91447910087192086,3.99800445457662557,0.312189670774681571,-0.404716766331729372,-0.0884327129776564108,-1.98634489557003935,1.62352170764841808,-1.41127421694115895,-1.10063173841315076,-4.40243763948892752,-1.01204769036652076,-0.48135798751291109,-1.71592997941187297
1.94428580710130028,1.08946507297195838,-0.554480549802022882,-0.15227139891245059,0.373525181481948965,-2.6883224259366898,2.39814883011576141,-0.626112772419901931,0.855558887891312292,2.47749853661124453,2.29864228282085348,-0.95259513482677749,-3.11137033997838008,-1.51955137681054864,-1.63029180235843763,0.478480812124631838,-1.74658727548547121,-4.3887726641718654,0.905586379806241237,-1.08559991401653244
1.62757652120918195,-1.00800175573183393,-0.772975007290082061,-2.87524925401336251,0.369052964232218561,-1.20600208206770865,0.574263724623250704,-1.2288567687859242,-1.39186735387487248,-2.20493015511295765,0.784960761791058559,-1.9771310817022163,-2.19256081710617767,-0.421329691276771279,1.63062333001515425,-1.72914856242965231,-3.73836073579801242,-1.03978132137471313,0.302033512831380135,-1.43248132704870068
1.94840315907535655,-0.271190070915592996,1.35762242682211309,-2.96908034795551901,-3.19586953063165602,0.243464037269921968,1.07743473370207155,-1.57470946277354429,-1.03907259248816586,0.131516301206544256,-0.205492827946131801,-1.92951151173084301,0.782432787362762339,0.00684450758051325606,-1.78134039538407429,-1.17918492241392037,-0.381451746003555303,-1.59449613170259785,-1.28885188631574454,-1.1761679382747221
2.25961445821864615,0.00319547459411359796,-1.32306925048241752,0.00784386237286321432,-1.72553963895935314,-2.56681532530272705,2.54564096892020553,-1.99413342218550271,1.10016307399450608,-0.336091392501500497,-1.35626204768809955,1.57678172940117456,-6.03709094404694291,0.301239541284617107,-2.77761711510081399,-5.64960258344511779,2.57441391055288138,-2.89424990928007064,1.01065962464536629,-0.532837083127602251
-1.34052225492009969,0.184662993038530981,0.70838072442077149,1.16934714814682672,-3.21928151805703555,0.292559113189238496,-1.20434033910898153,-1.04333515814613387,-0.682940982974639677,-0.13988052157026018,-1.30427688462646763,-3.08509388191370881,-0.318552234800109635,-0.840554852207077374,1.10988656886472481,0.0210254217176994648,2.27831034593815529,1.43998759987934877,0.200565191450760044,-0.941757649925284879
-0.4021842668967201,-1.54104728580619876,0.215287406117670915,-4.92474225245523112,-1.15402290845751687,0.47786648239602908,0.697227107538571311,1.82601457438403236,-2.12778937918136002,-0.584218752846190958,-0.596248748238906501,-0.238050105651695071,3.93052609576579659,2.70402141770725235,-1.59965484132050406,4.70052375622056395,0.412097897773698929,1.39679994354143888,-1.32937613667916477,-2.16864781080401237
0.724243798275105766,1.03521922857984916,0.0144812119025095557,0.372895632154435386,-1.20926683122523571,-1.62799244901744178,1.31686426801410073,1.58594844686830783,0.344891056631356163,-1.16631485785219136,1.54787362663080597,2.19577068893101801,0.602124729575623907,-0.341643828495161173,-0.71980125750608781,1.18526324224768742,0.192869541796162169,-0.0927943976290642042,-0.449848595799869355,1.4788446635622392
1.92581377625751693,0.975055001716497505,-0.155848900579242111,1.79227771445337325,1.68805326208975037,-1.10624751536699462,3.16993933846209197,-0.492641982158877723,-0.363653515919188208,-0.956478721971722345,-0.413906104215890025,3.46157101377050935,-0.548198994405133755,-1.29301894311270527,-1.41417822018532413,1.57395101126594672,0.432749516690779712,-0.944212124447772361,0.150439866785918225,-2.46994441939747444
1.16568263769493208,-0.396465444053197336,1.82237461623508845,1.09396937663910365,-0.283748896872888956,-1.02374352718753059,1.23449287883486081,-3.16392409627774818,0.326408075606558434,0.429235913295388904,3.41360956768334489,1.30764493978211593,-2.14257802983260914,-0.695111451296284488,0.982753535275343593,-2.62445042715606691,1.700768811642281,-2.71127376441556533,0.554955009363413798,0.87961069775948042
-0.108413135385854412,-1.20299926097757059,-1.04760308182436757,-0.0507516301707951131,-1.21614054211036637,1.59540237210101998,-0.986504463211601679,-2.01138140091920992,0.308148096305627062,0.0514523751765234086,0.487530582244191213,0.840975774444229329,-1.19143168016480061,0.338150854414871749,-0.357997282505019387,-2.08055226809629135,1.29856264436634383,2.48988032780383017,1.11695082753294339,-1.17356979017969976
