,iteration,time,d_essential
0,1,2.106070042,9
1,2,1.844364166,9
2,3,1.760128975,9
3,4,1.521492958,9
4,5,1.705890894,9
5,6,1.822305918,9
6,7,1.809447765,9
7,8,1.669607162,10
8,9,1.709800959,9
9,10,1.711838007,9