,iteration,time
0,1,11.70892882347107
1,2,11.696305990219116
2,3,10.698480129241943
3,4,13.440393924713135
4,5,12.258477687835693
5,6,12.254858016967773
6,7,11.142007827758789
7,8,11.345841884613037
8,9,11.734507083892822
9,10,13.13374400138855
