,iteration,time
0,1,25.87329602241516
1,2,22.767328023910522
2,3,22.40026021003723
3,4,25.935226917266846
4,5,22.84688401222229
5,6,23.654123067855835
6,7,26.23881697654724
7,8,29.09333610534668
8,9,25.887178897857666
9,10,24.18080472946167
