,m,lambda,iteration,time
0,20,6,1,4.003232002258301
1,20,6,2,4.024198770523071
2,20,6,3,4.212777853012085
3,20,6,4,4.08769416809082
4,20,6,5,3.8664820194244385
5,20,6,6,5.214760065078735
6,20,6,7,3.7036640644073486
7,20,6,8,4.129009962081909
8,20,6,9,5.074981927871704
9,20,6,10,5.033729076385498
