,iteration,time,d_essential
0,1,8.163133144,22
1,2,6.706119299,21
2,3,7.819839001,27
3,4,8.136036158,25
4,5,7.581063986,21
5,6,7.324746132,22
6,7,8.213531733,24
7,8,7.34239912,18
8,9,7.442472935,20
9,10,7.444650888,20