,iteration,time,d_essential
0,1,259.8840632,18
1,2,215.9288299,16
2,3,243.7875481,13
3,4,297.4086699,18
4,5,254.1308591,14
5,6,268.9278851,16
6,7,300.8399429,20
7,8,185.7898889,16
8,9,228.413728,14
9,10,247.9142752,12