,iteration,time
0,1.0,171.42171382904053
1,2.0,129.822683095932
2,3.0,148.51034903526306
3,4.0,143.3982698917389
4,5.0,144.6936550140381
5,6.0,149.07661175727844
6,7.0,150.139230966568
7,8.0,137.49560236930847
8,9.0,149.59278893470764
9,10.0,124.83557796478271
