,iteration,time
0,1,5.186522722244263
1,2,4.836030006408691
2,3,5.18012809753418
3,4,3.5996909141540527
4,5,7.065423250198364
5,6,6.14125394821167
6,7,3.6793880462646484
7,8,3.4575517177581787
8,9,5.169818162918091
9,10,2.8338587284088135
