,m,lambda,iteration,time
0,10,6,1,0.3287088871002197
1,10,6,2,0.38610196113586426
2,10,6,3,0.32131075859069824
3,10,6,4,0.2948431968688965
4,10,6,5,0.3834869861602783
5,10,6,6,0.3355860710144043
6,10,6,7,0.33429813385009766
7,10,6,8,0.3608219623565674
8,10,6,9,0.33504796028137207
9,10,6,10,0.3327019214630127
