,iteration,time,d_essential
0,1,12.41524911,10
1,2,12.55912495,11
2,3,13.03714395,11
3,4,11.79833531,9
4,5,13.60286522,12
5,6,12.78840899,11
6,7,12.29819179,10
7,8,13.0113492,10
8,9,12.95240116,9
9,10,13.38645029,11