,iteration,time
0,1,2.307605028152466
1,2,2.141679048538208
2,3,1.9077670574188232
3,4,2.5209059715270996
4,5,2.172032117843628
5,6,2.1943750381469727
6,7,2.0701749324798584
7,8,2.0147781372070312
8,9,2.109173059463501
9,10,2.3668439388275146
