,iteration,time,d_essential
0,1,2.221016884,10
1,2,2.48725009,11
2,3,3.430514812,11
3,4,2.171494246,9
4,5,2.528316975,12
5,6,2.390405178,11
6,7,2.31473732,10
7,8,2.276612043,10
8,9,2.318927288,9
9,10,2.513544083,11