,iteration,time
0,1.0,6.120892286300659
1,2.0,11.168893098831177
2,3.0,5.449846982955933
3,4.0,7.523552894592285
4,5.0,5.66720175743103
5,6.0,5.8457300662994385
6,7.0,5.3055970668792725
7,8.0,5.270055770874023
8,9.0,5.565415859222412
9,10.0,4.887783765792847
