,iteration,mipgap,time
0,1,0.004025695866305097,1000.0151550769806
1,2,0.005933113652026904,1000.0170741081238
2,3,0.00223938625247267,1000.0201141834259
3,4,0.0048845154012127955,1000.024631023407
4,5,0.004215278032216368,1000.0221979618073
5,6,0.006958262631330544,1000.0280380249023
6,7,0.0045659970998563025,1000.0284020900726
7,8,0.0033318484527384705,1000.0158631801605
8,9,0.005923226546518681,1000.0368070602417
9,10,0.007157917801497193,1000.0172438621521
