,iteration,mipgap,time
0,1,7.2192761554658725e-09,10.279284238815308
1,2,1.2746985903898542e-08,15.444468975067139
2,3,1.7509368909093443e-08,12.853892803192139
3,4,4.641604383303881e-05,12.86963415145874
4,5,1.7107301918603495e-08,11.989377975463867
5,6,6.056697031913819e-09,12.573394060134888
6,7,2.590730964379361e-08,21.077411651611328
7,8,7.550082849253468e-09,16.518498182296753
8,9,1.2909424623411484e-08,13.645289182662964
9,10,5.4287518283583145e-09,16.480940103530884
