,iteration,mipgap,time
0,1,0.07290979419467611,750.0240688323975
1,2,0.07103636141610749,750.0246839523315
2,3,0.06842606375229125,750.0232298374176
3,4,0.06846634398462105,750.0239870548248
4,5,0.07347592099338343,750.025661945343
5,6,0.05894295815199539,750.0245177745819
6,7,0.05431048881245171,750.0120639801025
7,8,0.04973370607839639,750.0142390727997
8,9,0.0542224215747178,750.0147211551666
9,10,0.05645431824344812,750.0140309333801
