,iteration,mipgap,time
0,1,7.017047156588598e-05,284.51930713653564
