,iteration,mipgap,time
0,1,2.46375558918932e-09,14.336491107940674
1,2,6.814721751996216e-09,14.722336053848267
2,3,7.446633463384759e-09,12.117396116256714
3,4,1.6764331065423905e-08,15.647097110748291
4,5,8.800369488063653e-05,20.92420196533203
5,6,5.303875478561613e-06,17.03259801864624
6,7,6.207746547677103e-09,23.344173192977905
7,8,1.3338631456574852e-08,22.857791900634766
8,9,1.0682499387642075e-08,16.82158589363098
9,10,6.770966091459053e-09,19.877866983413696
