,iteration,mipgap,time
0,1,6.0447587333590085e-09,6.835370063781738
1,2,1.7691826805925063e-08,8.596051216125488
2,3,7.561023120117292e-09,5.433587074279785
3,4,5.915009253259745e-09,6.335107088088989
4,5,1.2634490688198151e-08,5.7222490310668945
5,6,1.637313590756083e-08,6.677595138549805
6,7,9.474462090481824e-09,8.133999824523926
7,8,1.182890381261825e-08,7.274819850921631
8,9,4.557825158375614e-09,6.137145042419434
9,10,3.029519010324071e-09,7.427448987960815
