,iteration,mipgap,time
0,1,0.065602651,750.0198769569397
1,2,0.059484239,750.0268991
2,3,0.058446655,750.0256400108337
3,4,0.058561183,750.0214059352875
4,5,0.060687234,750.0751538276672
5,6,0.064921817,750.0147840976715
6,7,0.05989845,750.0216000080109
7,8,0.066113114,750.0273740291595
8,9,0.059448298,750.0161263942719
9,10,0.077105023,750.0236160755157