,iteration,mipgap,time
0,1,3.3781140494900982e-09,31.91490411758423
1,2,3.950967268551558e-05,27.533679962158203
2,3,8.923042280228774e-09,22.69198226928711
3,4,3.59887435360497e-05,27.53806710243225
4,5,2.642848793145176e-08,16.171963930130005
5,6,2.1083373132206935e-08,23.759801864624023
6,7,5.090796110524321e-09,24.953044891357422
7,8,1.9162217965896375e-08,21.59448003768921
8,9,1.9279858272156943e-08,18.43442392349243
9,10,1.4325283415528434e-06,23.930745124816895
