,iteration,mipgap,time
0,1,0.060483612145685456,750.0137050151825
1,2,0.05431332774165183,750.0150849819183
2,3,0.05635511912847318,750.0188820362091
3,4,0.05149004189304534,750.00887799263
4,5,0.05780151165764248,750.0113508701324
5,6,0.05102320980294126,750.0116140842438
6,7,0.05088194903540941,750.0139501094818
7,8,0.05131111923843431,750.0143623352051
8,9,0.05573257263782775,750.0123708248138
9,10,0.06295863331772864,750.0130801200867
