,iteration,mipgap,time
0,1,5.63678938152281e-09,15.349428176879883
1,2,1.1136791067743538e-08,15.57228398323059
2,3,4.575381309235742e-05,12.096735000610352
3,4,8.973201620930556e-09,11.424453020095825
4,5,1.2529363924955418e-08,15.152892112731934
5,6,8.582125001567814e-09,17.630213975906372
6,7,6.37754003522242e-05,18.11173987388611
7,8,2.681142067293292e-09,16.386945724487305
8,9,1.0060483725929608e-08,17.20680594444275
9,10,1.9174836500714837e-08,15.313624858856201
