,iteration,mipgap,time
0,1,3.2233510133232964e-06,46.242276191711426
1,2,4.148765678434454e-09,51.26531410217285
2,3,4.985836872375816e-09,55.73427391052246
3,4,8.136101448133139e-05,77.51971220970154
4,5,7.410086635908025e-05,78.18469619750977
5,6,9.235846996429472e-09,110.1859200000763
6,7,7.111215914684702e-05,78.61532592773438
7,8,2.1612669875705416e-08,61.07551121711731
8,9,3.687397115360492e-05,81.45530295372009
9,10,8.590805546841165e-09,112.29331469535828
