,iteration,mipgap,time,d_essential
0,1,1.10E-08,15.30099988,0
1,2,2.12E-08,12.15365982,0
2,3,5.23E-09,11.25897503,0
3,4,1.05E-08,10.92961717,0
4,5,1.48E-08,15.47611403,0
5,6,3.25E-09,12.26379585,0
6,7,1.11E-08,11.10881209,1
7,8,6.81E-09,10.39157772,0
8,9,8.87E-09,11.97788787,0
9,10,1.45E-08,17.60936785,0