,iteration,mipgap,time
0,1,4.578550302882371e-09,12.645686626434326
1,2,5.531736901982957e-09,14.05408000946045
2,3,6.62741967758728e-05,14.148540735244751
3,4,1.078173744019023e-08,13.096784114837646
4,5,2.091529745007765e-08,20.124075889587402
5,6,1.6187816301478845e-05,18.997595071792603
6,7,6.232620766358683e-09,17.884392023086548
7,8,5.557839041942195e-09,21.648198127746582
8,9,9.069034542859014e-05,14.687434911727905
9,10,6.394761276881108e-09,17.86569595336914
