,mipgap,time
0,3.3781140494900982e-09,30.52116894721985
1,3.950967268551558e-05,28.100932121276855
2,8.923042280228774e-09,27.293289184570312
3,3.59887435360497e-05,29.460203170776367
4,2.642848793145176e-08,17.175981998443604
