,iteration,mipgap,time
0,1,8.949113586779256e-10,11.27659273147583
1,2,5.597251570491079e-09,12.122071981430054
2,3,4.345029990126592e-09,8.25714111328125
3,4,9.263987349772303e-09,9.586913108825684
4,5,7.472549678655551e-09,7.855431795120239
5,6,7.379184031299742e-09,9.536016941070557
6,7,7.942597641622174e-09,10.361249923706055
7,8,8.212571649889635e-09,8.057562828063965
8,9,4.50831854105106e-06,7.360059022903442
9,10,3.438181328196218e-09,12.823212146759033
