,iteration,mipgap,time
0,1,1.8474919309177987e-08,2.8768129348754883
1,2,4.090996178297002e-09,3.0974068641662598
2,3,1.2488024261021562e-08,2.1079461574554443
3,4,1.1140878038845835e-08,1.8950269222259521
4,5,4.2763555218062235e-09,2.499724864959717
5,6,8.65622619456031e-09,2.6286239624023438
6,7,1.6623311190797086e-08,2.9512791633605957
7,8,1.333951175563114e-08,3.480375051498413
8,9,1.69834452049961e-08,2.780022144317627
9,10,6.74075165410898e-09,2.804141044616699
