,iteration,mipgap,time
0,1,0.06449104376050763,750.0179109573364
1,2,0.058699826617258345,750.0244178771973
2,3,0.05754223954121866,750.0200488567352
3,4,0.05796199100245902,750.0132911205292
4,5,0.06209869823663648,750.0275602340698
5,6,0.05610563965752329,750.0122480392456
6,7,0.05382827691702225,750.019289970398
7,8,0.051351046918428206,750.0107967853546
8,9,0.048768267160924514,750.0131177902222
9,10,0.05467245398240951,750.0127429962158
