,iteration,mipgap,time
0,1,0.062082371521464806,750.0134449005127
1,2,0.04964068082628788,750.010498046875
2,3,0.04699812919457663,750.0086190700531
3,4,0.05358275456483808,750.0121610164642
4,5,0.05470218319534954,750.018935918808
5,6,0.06706399374296401,750.0215618610382
6,7,0.06230036184067588,750.0205829143524
7,8,0.06766099541126774,750.0368211269379
8,9,0.06496899392068682,750.0190858840942
9,10,0.0664430688896812,750.0232229232788
