,iteration,mipgap,time
0,1,1.4317154884145661e-09,19.833101987838745
1,2,4.7425539428893296e-09,18.799901008605957
2,3,7.944319455872355e-09,12.553991079330444
3,4,2.613583350833964e-09,18.233535051345825
4,5,4.3469964484625595e-05,9.991454124450684
5,6,1.3889624458318384e-08,16.683616876602173
6,7,9.177128081764412e-09,16.15086793899536
7,8,1.327401693051051e-08,14.853682041168213
8,9,1.6656037872558433e-08,12.785630226135254
9,10,6.484609436476309e-09,13.456056118011475
