,iteration,mipgap,time
0,1,1.0820039882829433e-08,13.965659856796265
1,2,8.07543954470993e-05,19.82779312133789
2,3,8.06445376700053e-09,11.819746732711792
3,4,4.952285442440831e-09,12.999519109725952
4,5,1.8633311285710637e-08,18.122653007507324
5,6,2.4033421585409414e-08,15.095127820968628
6,7,1.9701791243922325e-05,17.168548107147217
7,8,1.9403436776562088e-08,14.980581998825073
8,9,8.121215827265866e-09,19.32422924041748
9,10,8.859761998560804e-05,8.82073974609375
