,mipgap,time
0,0.0727918300244397,750.0181782245636
1,0.07088386667814948,750.0585279464722
