0.236361079300112464,-1.9553290703623778,-1.23588599927343146,1.81873494563600313,0.764520662139747786,0.762579182379219178,0.109698057937631224,-2.36740330427566903,-0.106545023520242935,-0.396713015855102658,0.363201773425949115,3.08317208310676616,-0.290735639433288173,-0.79602392109493525,-0.357122484574108445,1.85541367157465764,-3.33791918334063764,-1.94538167535491846,1.49702214330017513,-0.852342809367011234
-1.26563086135002845,-1.33842182024640044,0.594414743203328988,2.06294396307198991,2.07733345985636575,-0.288322143446950174,-0.404557167007555341,0.238710735732911683,0.58140722696430569,2.43973686803183742,-1.1910809463777341,0.324327641741224026,-0.24360915182287049,-0.498521267075192953,1.51797112509335896,-3.73091247786628522,1.8746530029601205,-0.0782026016300568366,-2.00160135505821213,0.777329144013286122
-2.79621256047700451,-1.65644349154115722,-2.23082532094301866,0.900473589031866917,-1.55786147291543986,1.25084975791811992,-2.69660768721973643,-1.86504427749917689,-1.11775626034049469,2.64163814531548224,-0.169638559933069255,0.869016313264763918,0.332362513641448698,-1.65550185606623135,-0.530663409584138712,0.0624696741554188195,1.04472936193340149,4.01683319373893699,2.68561161749727351,1.30814431957322652
-1.6422903401338953,1.82232742078952326,-0.219309109816371056,-1.6535334609360357,-0.101867500615157827,-0.35580039968457583,1.21208782014206196,-1.70806467487009472,0.252222353606472327,-1.69100392903641517,0.819746296298970445,0.623861415724409341,-2.12635723844034041,-1.26137052924729187,3.19282735185624444,-0.288862664524396073,-1.20531393095498962,-1.23029609766738179,-1.53514338750434431,0.514247642197489085
0.145234293190738273,0.22921973068630383,0.129424030231684195,-0.952602793071231968,1.15416761965306125,0.00612835955705018278,-0.00833444969889116441,-1.14518959749057792,-0.302082105730773931,-1.59303805589578729,-0.169451091842225482,-0.461913408416156968,0.614092778263692796,-1.06621789958427748,-1.47832618469781174,1.11110106726771085,1.40791861652648098,-2.68770079440922283,-1.76472094814922809,-0.899944405341275733
-1.28890699169093259,-4.19947986146801711,1.46527468401422767,-1.58005019953410275,1.44562451683782078,1.19969151783432504,0.551474805346760966,2.29987323472287342,0.110116397921700804,-2.64037570823253942,-0.391133310092314335,-1.63042410655208969,3.82918126335556552,-0.242526984450930794,-0.0100282044349403968,2.16563513207406011,-1.20018211401707786,-1.30238670152439662,-1.2211533722671708,-2.11797726418911481
0.182603300606627023,1.14116623575320819,-1.34362345786944681,-0.477615179570833215,0.816635197084830899,0.276273385438796093,0.402061492188149849,1.64526180382227416,0.473701381075920136,1.90352561833252931,-1.45842247541933245,-2.23072568227964307,0.654009566459598846,-0.102149201434032555,0.87280705537915737,1.7333859597788841,-1.48019088131642595,0.0284562905410959861,-0.0675103624034082,-0.869772919674464462
0.337814382743230501,-1.13133733009516013,-0.119135123577523122,-1.18994286135844729,-1.51471145169704258,-0.0516414994353215293,0.678557330556045057,1.06040190541215895,0.0781783685883600116,0.406950097798696175,0.980871341903923111,-1.2535945885705424,0.656976617437678323,1.26195561629457709,-1.54461173154684106,2.35071443365155508,2.89671684342723612,1.40923400773531204,2.18265399335239296,-0.523888274295629564
1.36356814450509356,0.409531113697462756,2.23298962414360203,1.40392006457532248,-0.305079158882943569,1.33075132619713465,0.684461756195656634,-0.508359808527156454,0.175292471550055506,-0.942243021739466613,-0.382369695062892478,1.58923098460686996,1.76817375797807719,1.755357343899421,-0.87246532086259454,5.29639854715361835,-1.39488466307385139,-1.67216840897355556,1.16805716045678465,-0.952008177593955396
1.32934689835967568,-2.60650487289835775,-1.01679571082708087,0.715921392389020639,2.80544502480370461,-0.82253724753922941,-0.903279095889444439,0.334674405757327098,1.60625880117331565,-0.8145511774359806,0.197661631589736153,1.0788725839132125,-1.08678082936862053,0.99084433974619246,1.58051619385328013,-2.16959541643042941,0.442922676638330404,-3.50320673661364212,1.67731979592519242,-0.764184104746020165
-0.18034906265551523,-0.513153483333031013,-0.865531349557788543,-1.48398374520695997,-1.78658492576825179,-0.417807309163453322,0.618200507719465442,-2.10049576000062777,0.964608078099530197,0.445926195538080272,0.26056709895084823,1.75391223768919491,-1.61021693032578916,0.798216916749647343,1.08322795426592244,0.846195258152885432,-2.45534192358462722,-1.73181869380983544,-3.55439435912663715,0.793973969613595565
-0.559481691552470073,-0.952762376598733529,0.0693816635913211271,2.20310810313329375,0.812140572737522493,-2.92099488421814302,-1.01559004241872231,-3.65926436366881047,2.23762032307606162,-1.58633584636102398,-2.35044735554576967,4.04578329802095116,-6.12656243050816585,0.273666114128863769,2.84810379960238791,-2.09383218162037466,-1.21825374519337037,2.0878984034340391,-0.363885654488604438,1.0262121754813418
-0.773237735410710281,1.44591988737391386,-0.672375364242468909,-0.410616351203282659,-1.04935204847205887,-0.21626262064133267,0.766709276472776535,1.23562779939630674,-0.895125257335104285,0.47287268240014807,1.3045304736025447,-2.82897008094087754,1.67564431774446909,-0.50876677752869115,2.02256359358382376,4.628066188573845,-1.56235575928836368,1.72116754481017642,-1.59228901483311547,-0.50477034872202442
2.33996749162020201,1.75137671721890231,-1.16129389084130286,0.243776241136547694,1.33370207037554445,1.19850141359804852,1.55590677275296829,-0.598236079174949809,-0.0416670271200334716,2.21883106424779974,-0.0761957303642491618,1.91533487170134986,-0.209461726684014471,1.2816490510794214,0.999078658720747748,1.53242886076279139,0.687042429694403656,-3.39786526231034625,-1.98533324263950828,1.64292652980493736
0.0597693375498230053,0.809741812306195685,1.06933612326122351,1.37774451326303748,-0.70001667571119075,-0.438542554128920237,-1.53904315894255794,-0.597824335127644546,0.523816556275254364,1.33787966587321971,0.435478420917129072,1.46304072436192945,-0.861888567926730298,-1.30209675351058651,0.147454248368315444,7.87947872343984201,1.3874925016865558,1.85690102379293664,-2.59370679077811905,1.24086621385492313
0.218117818920449208,-2.29650580167205964,0.0461796354391147412,-0.223923779833258479,-2.02539495617837684,-0.290682941219498558,-0.196982378422374593,-2.38002713807990052,-0.286239319138051174,1.40516276566009068,-0.449440566627919702,2.87905395166218225,-3.5927573716590997,-1.9274938921448963,-0.641668192609117116,-2.50733763168152324,-2.84565641522166768,1.68334490976854467,-1.10646657351508559,0.474105635479475096
0.03787540246183628,1.87461683592190975,1.48493171850903516,0.47462399552332013,-0.944556264601257634,1.33084450002440802,-0.142689599343249124,1.19374316084217269,-1.3913395074842676,-0.141863795705447993,0.586797355930399611,1.09181539281759643,5.08751628590144733,0.456801918196003909,0.142951175227358895,3.18441060239184415,-0.379148750981349536,0.576222869953931571,-1.3509878953142016,0.820976069850629098
0.439247385864430684,0.100859578665411828,-1.95253400946247457,2.88500835151723489,-1.74778859891034966,0.544160903954657216,-0.698666038569884851,-2.44988055636323976,1.49911642462244576,-2.29255913510314224,-1.19884542364725077,3.67993696005751669,-2.8999847951907034,0.978953290962409017,0.904858526644026551,-3.54360289354817359,-2.13662654298830335,-0.569271327827652884,2.59682328163652087,-1.33000577701733236
0.724542139802282104,-2.01542673519497928,-1.71025926903358672,-0.588785207911492803,2.98318259810086461,-0.0118036587061789849,0.456862084952219027,-1.07943080240685441,-0.0831248375214170138,2.80991461682438892,-0.489094780926726092,0.0998131884677745662,-0.776437471672647761,0.537581578723361764,-1.24000191771948254,1.26181027838250337,-0.526370673271561729,-1.52885696441777474,0.543738222122473247,-1.77257178645916569
0.494620770303291046,-0.98433840553147256,1.00689870979108131,2.02107225868677975,0.47782972195435458,-0.74382478331482893,0.194077684772865883,1.41722079625383279,-0.598078722560571485,-0.428242355051855483,-1.91439448772554233,2.4235903193731021,0.935891906124651007,-1.37737471638210018,-1.44750358163287585,0.205915627607583557,1.54741874233788157,-1.68970592797260144,-1.20839625124746197,0.355842621219437938
0.116820674371684086,0.118249934125959189,0.237018684826575843,-0.431197498217912645,-0.403083521114894427,-0.304079059567811727,-0.787181164433867209,0.633356742367228387,0.472868187649893856,-0.0518019605609198602,-0.682205620290872061,0.641429107109552366,1.79388646978360722,0.933838446325682137,2.0065367338589577,4.41090236904440136,-0.716326242663664625,6.38253272253961157,-2.05699161040210443,-0.505495863148282876
-0.392154073792057689,1.45596584965651155,-0.631340657029450969,1.16131999482093873,-4.21910545906499213,1.48137199032607447,0.688213821112431567,-0.537632788161207298,0.347675338820084334,1.26736930318362351,0.254686758936947033,-0.0265881144067384029,-0.950185063533963814,0.561950207754531306,0.595880059017698138,-0.0694175382141748593,2.59734821903672497,0.892474380545572266,1.77701382595452362,-0.430159465366898863
-1.99292835890030617,2.20975721803848035,0.784061976079185596,0.226969433795706388,0.959876617403073618,-1.42864450014152422,-1.56585242798213775,0.49227798448058957,0.0658183558244293671,1.73334846955052502,1.88137089988937589,0.962656626177159414,-0.0649662866050401688,-2.67090756677256769,1.74687427219951585,3.2672245915005349,3.54447517734337936,7.8033495215471973,0.0415759072279384481,-0.59356077044234512
-2.04923978462867051,1.41561534186956295,0.460401720279742799,1.10158707932385713,1.68341690830786805,0.844672293567835131,-0.448255969708302338,0.622736709871202554,0.364643146674740404,0.581651018252008933,-3.37026852981802216,-0.385212686747262167,1.24111820570000808,-1.7587495313675483,-0.957662020379534074,1.01565805240412499,-0.712735359327195117,0.800218919252271288,-0.234728279926605277,-0.703062303893184581
-0.746425567633120735,-0.449476871596403038,0.562721168624928381,-0.588687946953784458,0.729631286690581859,-0.833935524709681353,0.423579319503885443,-0.978956640836056713,-0.301875344558029834,1.03759153966692064,1.37222275441175046,-2.21098341632251083,0.0212013108109604803,-0.906331244158855576,0.530581578744383164,-1.17738418783064569,-1.54613136044005239,0.0373757741429637802,-2.17137577901601198,0.673943922919923555
-0.272993096002049351,0.778819537345588397,0.52667125604124776,0.336618079119509916,-0.612142199813240473,-0.216505798036249808,1.4088014752228688,-0.330862910779295361,-0.322911195274641905,0.635141395373996498,1.24371477765734118,1.75795090613874172,0.668295288555273759,1.0118691561608455,0.253237272859177354,-0.690293866745733342,-2.56923208413348503,-0.657911307704038273,2.48068103250933669,0.941445085069151144
1.43522581005083816,-1.98503839525888415,-0.187585713573810098,0.55775011021295251,0.589891616702019062,0.909146152724583989,0.339548081792745038,1.8283453956558926,-0.467845119064921156,0.783939138557468329,1.81028683504591936,-0.87250719221113282,1.57340612583030381,1.40465388330605867,0.754518721748115961,0.739574126903594697,2.61216223956293447,-4.44919677447654216,-1.38511087345060879,1.5861156734536066
-0.0339909174301332578,0.950066677248351255,-0.506770469170506277,-1.64400270143715321,0.767304810865313436,-1.71557720437982564,0.177713518561755685,-2.45219383455232798,-0.295064359837739709,1.44866893238273509,-2.08668087343926434,-0.20474374446635335,-2.63970497478431376,0.352026756205404578,0.764505961876805751,-0.216343907090936677,1.48662221671460859,-0.44765113370612819,1.39331153567766952,0.219928655180764931
0.57079481358438211,-2.05158239421105915,-0.0695751950830419685,0.69284039721724433,-0.744614238217568558,0.877482611523569211,0.0201715170779338364,-0.0520737874647284812,1.28590568813653361,-0.817996862911160916,0.0214837740423836493,0.0324388627670184476,0.474765840205540912,-1.82652671373788156,3.00462659414236111,2.19153342063287004,0.0259863919114966604,-2.487258757407937,3.6250675892610742,1.44003000020418193
1.09401664931116338,-0.394663690479625684,-0.101952983391838961,-0.98054708830035453,-1.95650470451491443,-1.21757084024457529,-0.799185024577196534,0.225320547607409383,0.838854853470340278,-1.74204545128421451,1.68565606804577084,0.589797997462211177,0.266822423234161721,1.14864060706494797,1.79110098850166288,1.15034478771262716,-0.915235835943045473,-1.29101360950853561,-0.659876147955866799,-1.68092929687850035
-1.55054838625539881,1.92572538792121128,0.618666176766029863,-0.786667482621246528,1.85239236105496241,-0.283769127578902269,-1.26712928900853816,-0.695244569887792596,0.864705121489940054,0.972955497437262617,1.94178663462607126,0.697502663883435625,-1.47533359372693473,-1.66511339623674548,0.576724545002309741,-1.34758025322763797,-4.86254700168136011,0.287296661233785,0.255159483321742875,-0.756211067194007325
2.1293333816033253,-4.89291004067238777,0.409212017857636223,-0.892238446726067891,0.249630355840189666,-1.11361198457501631,2.23294364964466663,-1.42082135896714257,-0.842429264582388537,-1.21905698106015659,-1.86423900675555387,0.261168983332544347,0.273140328495259765,1.51959765881223841,-1.09467512004664624,-1.39890232150556648,-3.34957104504264391,-4.54468356496596204,-4.93857111607515087,-0.476313752507971977
0.59642440298552879,1.10486458123525244,0.300395389436447557,-1.05786613926692175,-0.193201024168525942,-1.09804026436213942,0.613726108739785614,0.625507973911245463,0.406459238670856815,0.00394026236279023789,-0.694476814127066411,-0.697138223165093218,-1.01748986711321465,0.530989236452133029,-2.0912180458223002,-2.5358700210364602,0.671314194073869719,-1.72533170041407202,-0.851209223263264758,-0.759717378232444562
2.02463839981497751,1.43727770286653045,0.478396156077184886,1.10425802745519852,-1.59834399978726172,0.138467219590759028,0.387716933504744787,3.04412979145358165,-1.26247011741482029,-0.180822492390666861,-0.818259273740567838,-1.18719521583682752,1.81787364818619168,2.07898833929726523,-4.27934006767642572,-0.72536370167004971,2.07711958193639035,-1.34252727998798593,-2.56866731257892056,-2.00130820064357673
1.1871009665281862,-0.273630438223291361,0.191776145009045357,-0.128537456035774461,-0.652184327874801517,-0.28477802053282314,2.10366533091199415,-0.0393711351645285798,0.177584708571313227,0.705531281232672947,-0.190993902738394977,-0.155859619853778386,-0.397239945257894744,-0.424893773555872378,-2.81624772192485562,2.10075290666869652,-2.41305561174366234,-3.69379804813206292,2.02452076370593881,0.631255792660409321
-0.498366479104171645,1.21437475064149747,-0.979854651494930451,-0.105743117020019262,0.518680060973961687,0.320465449079080367,-1.16450165311562137,-2.09333344201175997,0.65132525594856705,0.872960688488966796,-1.36886418172822566,1.32441598485766199,-1.20192741247677559,-0.595653677891628708,-2.68968074021269121,5.6803263590585571,-0.0172969845411681568,3.98680078394801773,-3.04067857163316102,0.297829349449899305
-0.451116326160602377,3.60002026678202114,-0.43547501800751659,-0.476147995596118478,1.87488283082540907,-0.258854648920314179,0.959443046710893199,0.139799394221103018,-0.595476273497647646,0.64427513243587764,0.698925576474888177,-1.85921285530619373,-0.606612009725255752,-1.78079431309966352,0.25198414322349677,-1.9903999134708994,-4.98960075288003768,2.66750116731968623,-1.11623561208480981,-0.273648865886650994
2.61470936101257934,-0.205341731698265306,1.01043967923232514,3.06469035515067523,1.05381828338401728,-0.38805866535832606,1.23767198265538436,0.925176399636312485,-0.535842347813930475,-0.233826186486190329,-1.9732189897288066,1.89411185268345039,1.0404994807417558,2.21279962045180278,-2.68067833284028323,2.44282482368264375,0.405079856998271759,-5.78500795783467137,-0.96607047541654445,0.585111711310223992
-1.47508290379673079,2.89941044130540737,1.28975542002656485,0.315459036538091875,0.0417087771023113285,-0.215230504695386432,0.346207351080397574,0.170282262485296682,0.871781164666966202,-3.04604798879139782,-1.17571777055117122,-0.779702636846053121,-1.2393464621785899,-0.649469238691773532,-1.73707529169102282,-0.834478429075440897,4.32565158594614907,2.94435991440435041,-2.83462709753279096,-0.25329920805457351
-0.0573074079864431679,1.71644034240601617,-0.206335174495231033,0.216447787925643953,0.973067176605101225,-0.513027396594861629,0.923704685556060001,-0.678162595749574826,1.36724701711940244,1.59103149687149492,1.59171191617547891,-1.29259493537963777,-2.45949299600948557,-1.30513574869026883,-2.38422350881894785,-1.10542259614787142,3.9717659461765713,2.72074861761325382,-1.23875363145692563,-1.45681606929154261
-0.809080636780200368,-0.171841505866779154,0.795202062834781453,-2.26244844894712971,2.65834009138164307,0.74796569550168035,-0.451079308456385941,1.46471443615966801,0.473010262390097969,-1.48070825048495402,-0.0816153028321930651,-2.72348500808613503,1.98722305603377736,-0.518294935929778156,-0.480876020001492988,1.16980644120411093,0.0237127907198581914,0.00222349764704419259,-0.799831752915945104,0.349745313227889709
-3.56166938580768067,0.217056607411050206,-1.44600128708984754,-1.94077326052902044,-1.78819996501937251,-0.609771517119618855,-0.653102548549318596,-1.59067507265995278,-0.178558467287098205,1.32503568397999416,-1.46864029287380893,-0.618844976838078153,-0.872300372595033791,-3.31149083132999689,-1.06418870702050161,0.57258124823793255,2.38794690139084187,0.69385056578647597,0.270653655439478169,0.434268857781201889
-0.94565048982570088,-2.06869758044537155,0.630710919326474717,-0.0131809609265761234,2.45437261516672978,-0.367314484400356689,-0.272911964314254962,1.20247355180986815,-0.799115972765073845,0.256564424163597149,-1.07742292726694155,-1.76274429455252246,1.37910885767685287,0.597720562754826767,-1.79266448087323327,2.44086592538014724,-0.606973102934049158,-1.11878425780621793,-2.9843630271402084,-1.27924918172658719
-1.1198884246181906,-1.15400751918521083,0.644241952657987449,-1.84864130448086894,1.43983024848058871,-0.324328616007969917,0.430097678066283573,-0.0549098608618421857,-1.98462669112244772,-0.631362247551834455,-0.633490712483063101,-2.23745586780985617,-0.550170633473168302,1.54142278805051247,-0.457743224728812403,2.42074060731119767,-2.00560648881588133,1.22470595969045082,1.78293043064921641,-0.48495013667194431
-0.044455297390290506,1.25397348059846769,0.319846988572611013,-0.0381046898458626201,0.37501180808529383,-1.1669852214089127,-0.161624224360107149,-1.75651036959941953,1.2471656489991978,2.22256799765393476,-1.40366386823343414,1.72896514790462086,-3.34019638133085772,0.579306981651148134,-1.09639666908974265,-3.93356404705936269,-1.81359569462518255,1.1593044659367262,-4.3621025625780625,-0.182007092129529535
1.49323071980923872,-1.9331299291833981,1.61191128655331828,1.27011916768479782,0.284386254116025916,-1.47501906891142931,0.57412576488265421,2.51108219382053521,-0.335875996417212219,-1.6310429749253248,-2.97048824832747371,-0.917874205660540343,2.53548031596504098,1.38070659637588555,-0.0968342469218891611,1.50323375269379578,-2.48699282191267557,-5.96904044517898669,0.82903921182015694,0.261068120071579146
-0.614107220134280429,-1.05134218943542512,1.3424019135724905,-1.35893462128866949,0.60305141625920744,1.18036834504023203,-1.45525355864572004,-2.6218999091602706,2.17705932615586395,0.90894549459415741,0.0987131038761854401,1.70663898659921243,-1.87257318435193176,-0.457075973387393808,1.78328760835568101,-3.21589356535851278,0.803522564138058115,1.27483022986974581,0.710070221289224701,0.477289217478579608
-1.74110763393084778,-0.705767742636220108,0.152221494552271353,1.4138957754419943,2.28306418479821405,-2.22773120608186792,-0.81189916680791141,-0.97050833499769229,-0.184878057332036994,-1.55613684352086223,-2.52337542367447254,1.1096076729016171,-1.97858274148804525,0.268985299358035501,4.54353426880379097,-4.71865974766033514,-0.200424887846014338,1.77697387147075569,4.08473505974447093,-0.755701859164192968
-1.25004586213733981,1.00641321532691852,0.13172470678347073,2.62843472376089915,0.354530304812630703,-0.536112955343788555,-2.21598013591712828,-1.18598086580394901,1.44740399791607866,2.1876074302129167,-0.386644625342026593,3.06546110263702998,-2.93155832730852328,1.60411559935893,-0.186409560213599362,-1.56783269928665314,-3.06227610190223487,-0.533286006140867075,-2.94120526833053431,0.769888502964023891
-1.31748993162942107,1.97903961514846838,1.26791192571648303,2.02066305735382912,-1.08204060420166148,0.228614428795574087,0.155043840500524721,-0.715881873041747663,-0.211894621284055451,1.06227627846169037,-0.00746835412451144019,1.02686678153513355,1.49102490613229532,-0.201601940490977183,0.642587494616867261,1.88562208365424899,0.385457369968138119,3.65913803368509027,3.42128467647502221,2.0190470195137018
3.15835674565921831,1.53936760024606611,1.87584089654407871,-0.19580880133838699,1.02475462291224639,-0.697922976975408282,2.79511423828768768,0.712036761267125895,0.559276292205924008,-2.85602723788258706,0.153186705361065628,-1.54999748045607411,1.47651599259031263,1.54345330977533313,0.0325958643228573472,-0.542014850646633906,-0.427179157844956359,-6.19549208902744031,1.41485338981661757,0.0929403867666849653
0.000327397328539783862,-1.35340760220270617,-0.236610546655324855,0.644399142908508638,-1.07235137050162077,0.551904084328021738,-1.23249922417251034,-0.0764039008186214313,1.14624683867308153,3.06346739175192884,1.18662824443598969,1.13087503060972216,1.15823625574514044,-1.86248162643823378,0.814063584549885255,2.2927943096383081,-0.551575483059364435,0.894016265847109137,-3.12531798326851895,1.54016715788754488
-0.387220677265065261,-0.963835964695774594,0.275469743558995506,-0.224173823415185908,-1.66350770100873135,0.748094636195914431,-1.14230531365469878,-0.0471463242436284055,2.45372701459442055,0.626415022118824716,0.211004000404395625,-1.73099804325997453,-0.0261873044543635657,-1.17364547820968834,-0.364995964682492346,-3.5414190076639005,0.645941050804106465,1.67210216201192985,0.0301825106882967348,0.11320091969013496
-0.742250654678869415,0.942019430014018777,-0.576349376375622335,0.148988962167463129,0.109050282005616284,0.508534403819432268,-0.606329197665863906,-3.33947739723401726,0.201100820716757306,-0.161742045743056395,-1.46989285159905392,1.26700286714948929,-0.481539003230067431,-0.313558649256993616,1.14489101768021362,1.5787061093401773,0.654501779431768238,-0.563497830708025949,2.47967429470954581,-1.12345785202076542
0.0190033737133140854,-0.491210029436207452,-0.52238521807497651,-0.323293179550605603,0.685463811240346277,1.03689781745481957,-1.31565667704861133,-0.868387012165969696,-0.454503383162570496,0.570716684476001546,0.241904372024239478,-0.259282956923662433,2.07233931874469368,-1.14325012998370346,-0.858937200261567613,-0.285751886446326431,-1.08593297932600974,-3.46733798628882228,-1.15461462156065364,1.04526677485209296
-1.4957534547448712,2.5239654733805641,1.12706457913245406,-1.26003411066026216,-0.235041170793846954,-1.74073918289983109,-2.14900963471556317,-0.660791587106238421,2.27547022668987342,0.859477870204605421,0.415376462655791534,0.896122463161840521,-2.30286774279619699,-1.64204907766855857,2.62963718676673386,-1.85468279397424873,0.831195929758175134,3.30113128449508064,-0.255067562914268575,0.206891515291546146
-1.27941829118856032,0.0697504353640928942,-0.488570538749544425,-1.61812459568653266,-1.05962673249057726,-0.361281253041795147,0.646034996918839588,-1.77773399507452057,-0.705142941437976623,0.867918467117634984,-0.129678641709955383,0.183193776777961115,-0.868334274550985552,-1.39129635831150056,2.37031584653959859,0.667639888412000393,-0.345398762564055717,2.19085907219869735,4.41018076314508445,-0.807394756927729551
0.777080471448426069,0.257283697495536701,1.7719303385334928,2.93152449412233773,-0.884528192774496236,-0.432077042590184812,0.824196946219725612,1.0780410389252304,-0.574995103982671063,0.719269374373797232,-0.766840176749398084,2.5086913777899329,2.29466697018886645,-0.095508078747129313,-2.23941367195283059,1.62093102006596523,-3.66853965416772665,-1.60105405510212551,-0.567448053408088016,-0.69843332767508115
0.375101716502798443,0.772046445539483761,0.510548993023618225,2.69485253846552686,0.162176086222992011,1.63969752364909693,-1.17174568232760778,-2.93936520375531218,0.626577739882442919,-0.946895303851998937,0.0752036656293293693,2.44377766817241504,1.36869181366131021,-0.0786874302434923401,-1.58930895798117988,0.735297278661678377,0.960528017714476601,-2.11119385815339955,-1.0177455803189972,-2.42575562748097573
1.66118681442785276,-0.545682774457537878,0.0191945084994695793,0.567158976097417278,0.2113961982611062,-1.92509833650485707,0.49701716877218699,-0.0494999987606439401,-0.874832114805213612,0.0468170815197427731,0.23338077519189937,1.57461060710693901,0.860505194545630014,2.61581235762879638,2.72275425749231248,0.206506846564392665,1.51249436661496417,0.372568681781515476,3.2016508936421495,0.649983492250422068
-1.8479321169223637,0.58933300836881708,1.41888655725997381,0.940987578293862814,-1.16673220159762114,0.477760743303223934,-1.8608643741505031,1.0169884239384106,-0.48977334162615338,0.234216233722788658,-1.48174580153251245,0.81036968711598012,3.24690708010357776,-2.59517338373667084,1.60439166320573245,3.72975982713609744,-0.85424513255609591,1.03201639369584308,2.88121274472399147,1.07121106483377804
1.44119572001529139,-1.75796384104324588,0.111270954479843337,-1.18040885630463444,0.632935578719913905,-0.608968595098341003,1.2299956964971257,-3.1566110534467513,0.199487155778052733,1.02249125872868007,-0.590633997182038462,2.15074410518044257,-2.54588403563984356,-0.33128555164654383,-0.263156007080833976,-1.18226617177689519,0.534188783604282902,-4.24622906934950084,1.48665348689870846,-0.0195204717877979043
-0.609933718493804733,-0.65630197532491541,0.876817140479601798,-0.536079084527172123,0.341033571659286938,2.16112301662404604,0.419237450081438145,-0.434625886512643389,0.601467126191069124,0.246219598724059741,1.01154801466874855,-0.197772521803294687,1.20235384513767496,-1.12732469300262572,0.418918627824103218,6.45146093949424593,2.1658591267259335,2.76038287788466663,-1.64337083629258851,-0.649295932228646233
-1.16668040814081042,1.47436185771093076,0.635568568530676337,-0.724005899496903305,-2.36332927493441103,-0.6986913756693931,0.36411612194203935,1.0193529763624376,-0.548307414023080253,-1.16471833882708542,0.120895849593171206,-0.410094525965912615,1.99288122107226151,-0.483991690855710532,3.62060738136540827,-2.20382749108050469,-1.9342082164486436,1.88149887297989649,5.97915244046250027,-1.47861806895062831
2.04167418534940204,-1.10379449210195868,-1.43861011104910319,-0.139161978497075484,-1.78329354480411761,0.682205336405387164,1.39114697753604744,-1.77152302820475516,-0.385265011922217127,-0.90295045605739388,0.540818976949251407,1.5741513503489899,-0.261143179376185419,2.53613338457527737,-0.439826072209641261,-3.12811622531766975,-2.05149196857493354,-4.41801073160032942,2.56331370438675199,0.818221415856716927
1.54806594984559265,2.76571923389714369,0.938153138281316079,2.28936722190401909,0.282210158796456723,-1.83559085726410265,2.09601740119113078,-0.655982139932575148,0.285933618410855239,-0.275049827999212404,0.544636373761375525,3.93870909437784267,-1.77460749886298652,1.38019131473676882,1.95710862235727756,-1.5836567098983052,-0.818000712303400768,-2.16456714491032498,-0.725834003254003268,1.5104565749497767
1.33799538941902596,0.636506060036132082,-0.0412807403436702344,-3.92577368839673557,-1.93737597529926298,-0.119671535824485323,1.19361893530706453,-0.829102069539103259,-1.0087732429308427,-2.70707254632670891,1.61857156892267162,-1.14859410938694984,-1.05669175874134247,0.463371961398169385,-5.04445120936815172,1.60402764137200915,3.53961539514706347,-2.47930367384462835,-3.71996785832022736,0.509703148690617391
1.18768810160109717,-1.42247013139972833,-1.78994145932719584,1.5017989883824101,0.628975485076359697,0.929064668399618432,0.623818360330778976,-0.718841130420746377,-0.622011723989558063,-0.525105326514060611,1.63998544490821252,1.48079057678599701,0.0813500553668994736,0.902034803019744591,0.531525093405250559,0.65431945922147583,2.07968204357662012,0.768974031567891569,3.23938473950907513,2.10706209940466538
-0.676674774834720938,3.90124539215823463,1.00494652997755174,1.25477244468954807,0.46582636511549258,-2.07742809287616081,1.40055226014437717,1.60610919286435783,1.10024563577757251,-1.17638252701789359,1.35317272746872885,-1.91650692980558834,-0.598714401915969363,-1.70873318254931883,-0.776283460868551711,-2.23647272772051275,2.44248447392022161,-1.70218101762867602,-0.866154409773241651,0.679958475139213925
1.62003970269069253,-0.0935738937088198275,-0.606069842365336786,1.14850567888621491,-0.120782748887841268,-0.242268220930257044,0.664493219615082675,-3.05759918999753122,-0.860825161894778978,-2.15887136152561254,0.164273614873654772,2.33448581444061309,-1.39900226561267038,1.04318209835850939,-0.571980988360833997,-2.0886833297271985,1.34610870390397031,1.02161682456865432,-0.684378896857034014,1.28833779802371429
1.88453845671647979,-1.51472575899423734,-0.0798270084565749216,-0.419490532619081258,-2.66422371231656463,-0.641102618472518371,0.355782322909803883,-0.518962194435629742,-1.67073882554096875,2.50225746377326974,1.16722170279261173,1.14735729903361516,-0.675892926171701602,2.52695577789428238,0.35759824335186835,-3.16551864739895983,2.63023119423556517,2.82195277970526792,1.01693557534891066,0.619466175391040985
-2.21303932738883402,3.41481276049531424,0.407504664398958605,-0.735562872107163535,1.80006445187981878,-2.43177849959752734,0.492501105471591649,0.534699958444390777,-0.859266395982916542,0.374364220081340571,-0.25648846728205138,-1.79667976674526697,-0.556962932879673467,-1.10159280210546928,1.78113529362030176,-1.69091116729778213,0.796298387511848782,-2.4008139603643075,6.27739030642658591,0.982461683838095956
1.50527832436024256,-3.2958675866412861,2.09796514701990855,-1.61089489664216567,-0.748781912304240738,1.53443895490749327,1.7318530073279772,1.23688055522530149,0.286794019411919121,-1.81359264980046886,-0.292764007272072746,-0.0348456769145970013,4.4282042653653626,0.812289433891357882,-0.22256854918073718,2.34903479278429117,0.56316251411343754,-1.97017598068983846,1.1015866482944956,-1.00997660443628479
-0.156759303908679037,1.23501901543927373,-0.112385808330451767,-1.85190579991121518,1.472540929251557,0.0371181889419827382,0.777694772392576783,-1.14428770901894938,0.905802579339809677,-1.50474070439982555,0.537581628486106688,-0.637349242443274289,-1.27255209375585321,-1.18480167722491081,-3.91843151919753474,0.967191647195190018,0.257875590579593028,0.122724495664433553,-2.49436224062388945,-0.450017554517734675
-0.238149537718200216,-2.44277528508724195,0.716916358172868029,-1.94975392906176936,0.53810968899589906,-0.102538992356142222,-0.0733423360767866406,-1.84053662386364469,-0.125730414284569408,-0.858715209953299086,-0.242105998974478293,-0.0207194185428048287,-0.658784471645002867,0.0783371907944004631,1.82293877504665702,0.584370973805795835,1.18184486656188303,1.46889300064050587,1.89814223372298119,-1.37624260861701209
-0.421837018537970732,1.46342369239762293,-0.318520926832894125,1.04774819191819524,0.354384241647079712,0.872628297279330334,-0.447576256809632866,-0.258435165553702551,-0.0509682646271852821,-2.12309762436260074,-0.979221287233010163,0.790698572853942738,0.395702334930124133,0.138832949890646568,1.88183891249145407,-3.62970174810449508,3.15966570514082523,0.658215837963381123,2.69806397714912682,-0.289385725165841989
1.41018605397836727,-3.97951063465629362,1.07852433348532073,-1.45660578707219468,-1.00933575645761242,0.706007290129479603,2.52911358244234918,2.73188208273737221,0.0238821727527473507,1.4470360327930718,-0.81152850235775098,-3.14280590495843315,1.52100947538235642,1.46653886322404703,0.58585063457851283,-0.498284720685820026,-1.95350254457659367,-6.08895535813773492,-1.75476096867048725,-0.969081403840900357
0.117904758848024094,-1.28213357644198345,-2.45281104501516367,-1.05960920049708629,0.146003831127621525,-0.95783873408901532,0.90526268821387823,-3.57185890146083063,0.429157574471355274,-1.63609077866457087,0.222521269155175921,2.26563778754451794,-3.67560093107525798,0.533966799254302793,-4.56676193702136146,-0.213038440209532526,0.181810350394400022,-2.25687582287650823,-4.222824900105838,1.17943008674232064
-2.07104690536393043,-1.10710812775255074,0.856718451475060205,1.94864864224220002,-0.0445670172253308933,1.4627563308917193,-1.7862365057952565,1.77201824769939598,0.238797664447129104,1.46865423608908796,1.24259513258292342,-0.920201730576774679,3.33556347358651539,-0.387387404936514246,-1.97147371148046613,5.63537315743358924,-0.59279793096467992,-1.97168011147204547,1.42166602307588996,0.229002526127541572
1.3307937254533273,0.223598114371155399,-1.05728042019817536,1.96198610765039083,-2.54366359594953817,-1.23732926028776236,1.78495758143675798,-2.57902027856604477,-1.57454366586213124,1.87790998442400059,-0.573459448488004564,3.78622195133660444,-1.43215491985343379,0.539986757508750692,1.92422895790606541,-1.73283140723581885,-2.78947959941463441,-2.19996353453946725,-1.07508814863551949,0.605274825692924789
-0.820908633432541612,-0.00943324010414660352,-0.163865809828484976,0.20965176016737519,0.0727291315423200246,-1.80873590196736855,-0.566188561642301691,-0.236674455226917796,-0.491416626996120653,0.361962829276170517,1.44503133822379559,1.3265980786846554,0.705434693698969828,-0.00993175753114586106,1.56734881949710214,1.60569041528170153,1.03280687316456832,0.26750133207101745,1.11741145962235255,1.05645074292717456
-0.34723392810971776,-0.184279248792275474,-1.06611807878184628,0.0268346373098755954,-1.01665043584312853,-1.88739272033183014,0.567275535356261851,-0.70580409349966311,1.22397580008929951,-0.821144779250076895,-2.18737346689907808,-1.16639479007214097,-2.56167460915032974,0.58731706429044972,-0.270315885331169792,-0.243110779150500611,0.949638383212526027,1.16981451740149311,1.64468179226628375,-0.110250553288382833
0.459764824358451507,-0.0818313546659960311,0.0305902142325519717,0.0385125191026863128,0.0275342023725242448,-2.02301794824671743,1.17325476026085274,0.156553149831775956,-0.628166264313365308,-1.70729276542355946,-0.761573270866963581,-0.786355806873298757,-1.93654105378179886,0.619905264517788379,-0.656256557820578235,-0.756983578617273056,2.10952240337922969,0.540153845887209605,-0.0542377054849629836,-0.249637518907361716
1.27545575210717632,-1.43262377578193867,0.7872718322615605,1.12004227827012826,1.90496638084740777,0.367934777777022159,1.6393019307401453,1.43829669519387005,0.318798414838659838,0.42347177335048608,0.633492739297875085,0.38578839298092682,1.76395067893081658,1.29911192887036164,0.0765841429212885394,1.12043868628402077,-0.183048208738292889,-0.274891493771106388,-1.56844055604236643,-2.06071805725037649
0.559536376273470526,-2.17187098513655963,1.28982497212025948,0.887245798880531455,0.18264115352921928,1.43128406796386143,-1.62120392398677393,1.86225400378212358,0.696039489891057128,-0.786535103072404262,-1.05118082466827789,0.750452488139674134,3.28435906756097706,1.76060511909068373,0.842425267603021388,6.17068512188474916,4.21247634301148466,1.93641162651831289,1.44545654602757812,0.501707266802091878
-0.231504764913996575,1.29865908204605085,0.639413071474150052,0.408437173670048503,0.749528997649332673,-0.219055296736556104,-0.203847612315655763,-0.446834093933094534,0.823640356148197084,2.84019231983324261,-1.69265958824728124,0.729536119749698675,-1.0673673786219009,-0.430377267411722608,0.430016609383148285,0.556166949570575775,-0.144327903408829256,2.90897308859039372,-2.40412371063172392,-0.018233421816613516
-2.30958163485383672,1.18364186017257422,-0.872633349927687818,1.8965558701713876,0.146874667637600625,0.854542136520470286,-2.39804247103219614,-2.60357406902725241,0.282284082519214441,0.950113186474267901,-0.206405014009248766,1.54917404802211234,1.11613180459711603,-0.9610222788493471,-0.970180291890145985,0.806612669926156989,-0.161938946076952167,3.84670175580437768,1.40193655643557702,0.556143379126828652
-2.07580541767329629,-0.582558790141775917,-0.483461348339403518,1.43917708376090991,-1.41237806264118793,-2.25142684580622232,-1.94849054067518512,-0.30991006380674202,0.0921946786740964475,1.6424505182766449,1.48641041636757643,1.09812993370443679,-1.34423260339212414,-0.157727694754483144,-0.801979784565887366,6.78597213664617804,0.820212852334304188,3.49533376197417756,0.233232694285617298,0.288591803202519648
1.86595570583826098,-1.45358219108581443,0.72521477392560596,0.721659909162035262,1.18661091779223327,-0.880885192456453914,0.233856071284734707,1.21292790335799139,0.251107023819396535,-0.709953498681747286,0.212103193441816051,-0.799833560899348761,1.20881515592517208,0.475587698661415759,2.16209637524158538,1.3118271309052274,-1.97005464036104305,-3.53513690675673198,1.81053028117106729,-0.510329042540690225
0.957428783012897133,-0.636950893168159005,0.861617856132450455,0.765680313523138478,-1.37314170761701426,-1.51072497058222543,0.715869153022034577,-1.13737119294339806,1.48502966964434369,-0.384743532902663943,0.241912133044155209,0.156754985879151071,-4.73341813519471888,-1.70750067304241959,1.89036015017357406,-2.50369611617501775,-1.32010389566277642,0.202481890248073254,3.27700239513831493,1.63407618240882724
-0.844691636397133516,-1.46713128992816055,-0.612173024374523034,0.440144384165409353,-2.98618374202454984,0.202234929880278136,0.835872657936286512,1.11651509290631901,0.183651714342423306,0.234313871525222289,1.36993071276915823,-1.10579961387488623,0.395526331286857991,-1.57584765107196012,1.79691672152589144,2.03884348589599096,1.9526564579420238,1.699801492008846,1.55644300878440722,-0.699589787761787041
-0.303991409270935764,0.523314690361778467,0.770437090172398475,-1.03349175715949482,0.843193051599523624,-0.837453884480071076,0.55983184766764349,0.391533364017049579,0.854988594453925943,1.71503637142422494,1.45100680670089588,-1.45483900998570315,-0.711555016082830782,-0.151351923438680425,-3.56483541569036788,0.968571660384375144,-2.28868227984678452,-1.77232279524061531,-1.90546471895771941,-0.298266236617058034
0.423810915707177216,0.874357920848703452,1.04984647681012211,-0.601954148050334092,-0.489312890665874523,1.26954937004644441,0.0561450192785600197,2.93232093353973733,-0.99452421294044413,0.214888436174336506,0.878914444328059985,-2.9464819165150864,4.27462378779940622,0.0577089467791802313,2.58854509046211412,4.22895679722206541,-0.899817569683738161,-0.213565994557759764,4.24042888305608567,1.7867772357967453
0.15055323695021261,-0.760733137815718607,-1.12621998833767112,-0.295467963783616394,1.22758668088365486,0.573259323915852548,0.468529931672433564,-2.02078622246824624,0.976579457201868562,0.172702841468454771,-1.00687688916020468,-0.0776671280333346148,-2.31095805078247052,0.0786094809089503826,3.33915643061353773,-1.74245044497291723,0.0540873888679780784,2.607550771088047,2.34942369525679684,0.136873328585084469
0.759883863757989331,2.42127852648132658,0.401935021547107196,-1.52436118898292761,-1.16140484464514726,1.24120905721103703,0.110770696658705703,1.46197322168534849,-0.486170677420116826,0.457008316178328045,-1.76268098302291554,-2.4302722299806292,1.76966991141738128,1.22948341853365894,0.599370184112631543,0.70819279413581615,0.67624441424794135,-0.156048318532714392,1.90242275431917673,-0.00587372978344246656
-1.52229329369041944,-0.760197704949433062,-0.265249180152737851,0.663081054080314258,-0.861235939773263071,1.31579322124006626,-1.24025893280452215,0.519203154961751623,-1.18943712102988552,2.33884530852653238,2.95226926990697569,0.63259232710088098,2.44984915746242793,-1.49364132869282873,-1.22909520550280282,0.14851829864154209,2.81928791715192428,-1.01759776008554126,-1.24108749133514218,-0.265282816527166787
1.51239660300368683,0.717038081691023232,0.793654708269127762,0.0383148601224613805,-0.181465561848431545,-1.40530590046363768,1.17290156970576209,0.429943224112889932,-0.234326132067701587,0.320066195534651543,-0.923535094172870052,-0.202166224207436768,1.22137961506440496,1.3289756307663716,1.07368489924733646,-1.84295793326346158,-0.735097488828519996,1.11895127342230039,-0.236073557959120606,0.856458658625321667
-0.968215630074654499,2.96743893487229471,-0.627349124044355388,1.1902905197272704,1.58915923963871664,-0.322299479970089231,1.7042412791945647,0.248946826461874327,0.508429671167207942,0.145356809822009797,2.01788658351428518,1.16416286628364429,-1.27898171848359277,-2.1345069559065557,-0.149331581397927099,0.13845267940863798,0.332721354114208778,-0.0708477530294312208,0.315955470958277918,0.43456453679874224
2.06353487017879189,0.460438171788420836,2.20670341931248615,0.129116537020461247,0.306374567784480911,0.580016242697861006,2.03811018190780402,1.71696193878196057,1.32130429964009966,-0.61820656349876224,0.979716167158593221,-2.21620574761348443,0.94021841016408858,1.77749198592123214,1.83231403611036603,0.227569094409763084,0.88074456293774317,0.168546292294672551,-2.72545661009064144,0.833708956055106865
-1.9175762180127458,2.97378038604631367,0.469568701794618015,1.22490615398780411,1.7506774320612386,0.36059066813106877,-0.578310525264719155,1.82126196744593472,1.42983482482982005,-0.266740898067215293,-0.0846048500212363969,0.153801232234339141,-1.34254394963178436,-1.30458868775383174,4.09355116940906516,-0.58874794763554783,-0.854384882375969434,2.17800506189337906,2.76291169549691418,0.05385275580513528
-2.6484671385657701,-1.61775799826054656,0.295550037646031882,-0.184583311615457879,0.120664454672486307,-0.563699134045240968,-1.57529396300030844,0.677846435165790795,0.0323513615536074675,1.61349618161152164,-0.687475405780227478,0.946230964526703855,-0.444035010044335932,-2.10922588954203549,-2.90307123884093832,-5.36713332484522621,1.36963139378050025,4.76116207810454295,1.79938084625698025,0.662188916012018569
1.13720602745141375,-0.741853465789882538,-1.41065653038671357,0.570924502220203745,-1.39986365164345661,-1.99060846039894312,1.31028047809883996,-1.1498140155639851,0.559891212898744994,0.177650887190982126,-0.694526736336664618,1.83938696513011313,-5.06944492234201149,0.303914012125429567,0.337874643455949697,-7.403437997363012,1.89726389613268909,-3.87696094192838014,1.22824966838614036,-0.606208940112771155
-0.731002044290557262,1.26302048490318031,-0.475646770032965793,-1.15561854026003408,-1.64027572816980927,1.09227265946416763,0.294377754158146321,-0.588592801522626718,2.29984460403180879,4.56812741956819668,0.242831586085895779,-0.192880529626675151,-1.97356471418301616,-0.155263627234713014,-2.55090932220206135,-2.96065532723958436,-1.06839429732816193,0.51853303354826985,3.54834652399974715,-0.465461543468649985
1.84953765908758916,-1.84558227009878451,-0.381318065874806489,0.915989732570068882,-1.67720771161165394,2.26638148224692237,-0.205692801345825571,-0.837105473418572776,-1.3119575465358988,0.668011206714056893,-0.213984691660044218,1.33668433589462476,2.00137295191005027,2.70867712108773961,-2.0233634097453419,0.0499681607521439627,4.34748894400073027,-3.17765049261602872,-2.10156911756308418,0.892632573442714738
-0.825571351458281422,-0.438063870570146674,-0.086228987003593327,-0.085835882093279442,0.21546007655711405,1.74524311028842982,0.556959612919688762,-0.838708012036349038,1.07183272208248792,-2.53704368488162935,-0.196450757579943958,0.513284225589380583,1.13770131024880006,-1.71791029797500294,1.53030011616718764,-0.214435132223255415,2.34084367493200762,-0.941277835181278499,4.27493674450873407,1.04380287810764449
-0.028183425467826248,-2.12590388993137092,-0.416214248006266496,-1.32990245152070607,-2.02073554571311176,1.68255345569601311,1.41024745699125376,-0.916917979252895754,-1.47667702420404101,-1.89025777473458811,0.384201797494501951,-0.0679433070853095594,2.53452016249819234,-0.10113796677969096,0.656608226191148003,5.67720800350662635,-3.31572215228879985,-3.84171452589372553,-0.241809962290339658,1.39173910219314734
0.15515829127970554,-0.874590661437113948,-2.02644028855404601,-1.41026682233779788,-1.58519393792985253,-1.17005022152773175,1.51817140075079382,-0.913556311096486273,-0.132851374127133159,1.65411697495994892,0.935215876656370182,-0.149029555641669781,-1.84278336715306712,-0.243394036649350887,0.221179464999665426,-2.78365377241670897,2.1886235529737732,-1.42440588767250209,2.59493488789999516,-0.152201697699400451
2.40846868448405527,-1.76059308740258968,-0.0599927902604250884,-1.60395651908967385,-0.791368540573683443,-0.118643259187576275,2.5679604694000413,2.6716164299994074,-0.406229643984675759,0.103590259732981749,0.926821688982977565,-2.43276082207647848,3.79522249564159964,0.256784641962028937,0.514545489490167207,3.91669742762771467,3.42082598238000957,-3.75037136625215828,-2.35452900324723835,-1.52613118710573947
1.5227629623196266,0.0735654911676108109,-0.813555926359986192,0.394544647332652709,1.66470319074735351,0.294922782822997498,1.18743826010746623,-0.579329437032413797,2.54581330513037374,-0.714865569011170821,-0.362388765506066857,0.337994185945810544,-4.09177915505698397,0.363393727883372042,-1.16038797106783642,-2.54579447934386582,-1.66865176929803272,-2.07917468130607919,3.49197002723737127,0.887283875518476872
1.27691774567448468,2.1840016555189079,1.03003470424625299,-0.692092219670451314,-0.780069806009228373,-0.770148620130217454,1.46971881356468281,2.36768661026676464,-1.30665345346940831,-0.253165249928679836,1.15462002222489124,-2.36832191838548134,2.82376939512434522,-0.587274894888060617,1.16922255070878234,1.77959389248587385,1.10673573442824957,1.36363473446536498,-1.19176122918793603,-3.06840309208660278
-0.253422028604671667,0.15669928502235253,0.296027788840376616,-0.181534777014927984,2.15463551546323151,-0.0810022117183948481,0.443550185293722088,-0.600002274611780573,-0.416589235698849147,1.01101568642838702,0.290314394423875743,0.427667095321807245,-1.910444476730353,0.865810069208535205,0.835031804065304084,-3.16109199879637703,-2.97525130035299501,-1.01819616459169171,0.733230236364077581,2.12545326915954913
0.0559895675986481142,-0.0942304584091696318,0.207794883810721365,-0.261351842726665173,-2.45996871646511295,-0.82472309861443327,-0.157946111555083674,-0.0305514329612068571,-1.05300728649918351,-0.459076646962319701,0.901709802213114253,-0.268062191472628053,-0.618591608255182779,-0.672957285429169771,-0.591988164752877744,1.6200795984935028,-1.57258075417506182,2.54380113414186093,-2.70911673675132025,0.268028119812619814
1.22604900361264946,0.150088033408345256,-0.851456654387221734,-0.253116676120681061,-1.38039657673697125,0.0399419896892540122,0.0619501534717744329,-0.669725399906084262,-0.557578627153277662,-1.17524132964891281,1.85358931495853008,0.878098844089868491,1.08601103069293492,0.979694125551480943,0.876404005904216632,0.526694300726484488,-2.12736691788633969,-1.86291263771646287,3.23819002783653209,-0.746071237636142359
2.16165094601340879,1.31824950376914996,1.32555651214489023,1.28035560487741251,0.34459809212075293,-0.565541871081104319,-0.249196673522233292,1.84905607976838837,0.179544013148359632,1.47295662551929651,0.305458409113515572,0.0972581088739781358,2.75914144976661158,-0.0322449146521278096,3.32921367180823502,1.84130306986181114,1.58870607130929309,-3.51504905108333654,1.20124464815022169,-0.407375135157499457
-1.87840619886528271,-0.389542227093710947,-0.0711871587717590321,-1.48810840351626728,-0.208196903947140355,-0.339669767934006217,-1.4142841205944503,1.88008246004292423,1.09211092745036376,1.04371839266653854,1.52610119706629743,-1.92018187498855775,0.74163256642794495,-0.687978456763533752,-1.11287617890734625,-1.72898245718546306,2.9724859380047346,3.54940218869533375,0.459589197229131941,-1.86522932163549626
-1.44671793897801804,2.44968415505196413,-1.4696152929335542,-1.55803192494134701,-0.660908650025412658,0.45144352678225047,-0.753508768967758535,0.277161762440043313,0.70260521738101489,-2.11320096306341343,-0.969245107590857247,0.576021203571283058,-1.70828469007002659,-0.686749768705164021,-2.69199967450385769,-1.9974089348792976,-1.32154882830415432,4.34895743641436106,-1.38290449159280127,2.20202680456500577
0.347419933668157266,1.31262463977891586,-0.0970476863558424885,0.558920155646083661,-2.15546415970679384,0.790631106750408819,0.358243241058913031,-0.249983774159895339,0.223426957772522222,-1.39050878895709418,2.00184006277532722,2.0296965678035539,-0.0515740812823415051,-0.705709092239386382,1.4898802542639884,0.501597130180937212,0.806828162263641291,-0.0478407035941489645,2.66466992707002293,0.459298712818269617
-0.185816993201021297,-0.396993945346338417,-2.10646944147349391,0.978228086015501486,0.893312162596172854,-0.471474527077016425,1.24622313223365699,-0.8311603179403807,-0.038830393366619205,0.526293708544578354,0.887326340695913429,1.75383670225112276,-3.93064143943719335,0.216666235829412662,-6.03511091354351059,-1.27181349974117963,1.81848325398111998,-3.73241090398579667,-4.34492792822301777,-0.477418492737207711
-0.82084221866619056,2.96492598690480191,1.5077343136708643,0.505989016118920665,0.503422095250767865,-0.121452403166535203,-1.63229407041786945,-0.678382747608938574,0.582758242653458991,2.32078053794760608,0.898236396828949513,1.23971140670065694,-0.460835948289886277,-0.468925395161614855,0.739039220244884443,0.689904126613972379,-3.13400784048809511,2.21835470839409998,-0.33802831204489947,0.822819891596015318
0.0676325190774096641,-1.64115612850147818,-0.0426445689292047417,-0.482294461418413367,0.639797629740185836,-0.671356349305612832,0.387032962273932024,-0.16953055087090721,-0.12772767754744721,-0.397416087670507068,0.360955018974648989,1.3032034748398158,0.528152486458464798,-0.105993073354819348,4.55267936492369607,3.68992605107026428,1.73810221490438854,-1.69263030088883593,0.52869340400544651,-0.467909210997209835
0.974013212916650772,-1.19413554457790272,2.129820306912662,-0.343489301616435594,-0.763937152047641344,-1.70290262403829695,-0.377444855520037537,2.30170704393930281,0.87190380977238513,1.85725631578533412,-1.51068997685294382,-0.812470535281453743,-0.144821925717583261,0.387969984427595393,-1.37087718917779533,1.57890714018610301,-2.63044944244967427,-1.9950929315400423,-0.930059739706257438,-0.892491719460271948
-1.85350692305860454,1.86914064727497276,-1.16967178592538978,-0.234529375136404539,3.60603773271225059,0.183561073518486828,-1.59515606382696595,0.185893746064097615,-0.855134020948719487,-0.110962916464118128,0.679170551226127905,0.169431969191791404,-0.0639303428022422598,-0.186224932359782713,1.05104735552493511,-0.7165988086418974,0.36193929407849823,2.83817817123214633,0.152100215548610085,0.0478443577075168339
1.48570460260568149,0.832880796974685866,1.62593175478783536,-1.60704764593351079,-2.23727076535373248,-0.876112336761035504,1.12675384759285091,1.51879083569092588,1.31066750044901559,0.224050277096339678,-0.769359673219614515,-0.461877911718490797,-0.346023864268630854,1.98069853685785757,-0.763877009969875176,-0.961440767184301048,-1.41931985568295649,-3.11127078309450811,1.6220868195755489,0.188975356471147243
1.35597646954544127,-2.03664558642860261,-0.8206636484792732,0.61828658690503191,-1.13465213332135684,-1.39747483580741427,0.219184648339873611,-0.13190333127922918,-0.393487704504502933,-1.15632346220787241,-0.422796495972646347,0.539980715072037487,-2.28360490083244194,1.77917767585162934,0.696672569903772243,-3.00960353239994394,0.474919818646095726,-3.15213428421885666,-0.264453911744828629,0.386528331292650074
0.827015919821583068,1.9798031301864234,-0.48020611240650779,0.35823795065433367,-0.0685696310380644602,-0.364229777843005365,1.87569381995766049,-0.881665748444073749,-0.654167299373228039,-0.304502911172976176,1.64858721535961417,0.0983440189155377481,0.952014452087879604,0.092205446127367835,-1.35995925743909263,1.23110048581642761,0.891097492430631632,-1.07825892139702151,0.575520267381598671,1.7794827934061308
-0.987265799425543267,0.930811459302245514,0.418510837776705391,-1.07174920669004492,-2.15658761440964764,-0.3664429660013237,-0.411892033107870925,1.11557497127617733,-0.551386306969181228,-0.517006884171002157,1.87278333555051435,0.275859727251344833,1.82389744196397263,0.439914428597597162,-0.492998518579091605,4.48612222972466856,-3.44624273943957737,5.19783801128028689,0.680690973186100279,0.495209575445723693
0.298219365914501766,0.400875474697452938,1.26137612900766971,1.28305554553339163,2.1617727447729238,1.79662461929018802,-0.932354613621214079,0.450140497548555174,1.56718512653881481,1.9396930336784981,0.279353462242633299,2.70896398099073599,2.21407926847120162,1.86161112012961061,-0.907393301937981289,-0.0390758709103464982,-6.57090384824305751,-1.53940054282219019,-1.00440644423701131,-1.24672951645395624
-0.992976664206744353,0.865587969154062331,-0.119549705907894141,3.44444263354546587,-0.109706097323542043,0.565620775808800991,-0.230699091378914839,0.468995049700280775,0.695170879870051439,3.2706899041578561,-0.147110991614816278,1.32471021722857829,1.39417434416324482,-3.12148662877796035,0.447688442467170045,0.491747064422102087,-2.2470691896227577,2.60382309407962564,-1.90376403282795859,-1.02261834667282248
-0.128551556924883487,-1.68381214581655581,0.986473191973033625,-1.62406673574359894,-3.07299378078275964,-0.0901430891008508511,-1.90191694574238945,-0.92906473081732166,-1.43342635348180392,-1.2101672720595793,0.12197697202429604,-1.74480211000433494,1.49748495691442773,0.149848974250112621,1.77946521735654617,2.72450766174127423,1.58464093805901141,4.53073143497756536,2.59922980129608927,1.54297881454161256
-0.306965558365653979,-1.38325135233935081,1.35215510623558988,0.477945768651606595,1.82880598151673057,-2.44971824248321512,-1.71000071538037979,-1.13909352082282544,-1.36207034048576903,1.91841510069920074,0.31108928654543111,2.20491712515941085,-2.1714153013321269,-2.39074004393116768,1.38430327069268588,-1.47783056190452444,-1.68124668140560862,-1.94426980342236155,5.87688959660472232,-0.614622942697750863
0.0121632666225080805,-3.52095463497009842,-0.517593284729477521,-0.418522548429503594,-2.38699775381745205,-0.41206100183355282,-0.57393002861659248,1.83960934976223633,0.00182143093685492954,3.04527942327496604,0.821837705468818069,-1.38129041712350165,-1.68001367520725631,-0.925091415998195998,0.134111884315236962,2.36478025733976649,3.28585624219476413,0.646950189495701711,1.50505005997581542,1.05775526098261108
-0.948731710423934227,1.27713214256250152,-1.13732845080523659,1.99447070237538093,0.0703050562115925814,0.38154055007390475,-1.56751359575843985,-2.01159040169319292,0.321852028135691082,0.0533200681591700087,-0.150993509212463517,3.16080489727270786,-2.11708186419462852,-1.41967961141612631,0.0815510448159250945,-4.02838346079991627,-2.61086621940921759,2.38586406684032326,-0.900501353483627587,-0.62082169577563695
-0.129823431393422173,-0.414003322789233852,0.452974362897214822,-3.45436465529021319,1.36000429960347646,-1.26841119638787458,-0.0705749971604241605,-1.65711284390922553,-0.584296457168440475,-0.881548765677541146,-1.4969347932985051,-0.252244413724231564,-1.9961308429245388,-0.752734968296707718,0.888948417256854695,-0.492033557343732719,1.3561373184210066,-0.240787725758108168,2.58774255823503596,0.67287117151575726
-0.327211138200525498,-1.86737572097204874,2.21770344294190824,1.7398396227621884,0.741851656551533178,-0.785409439597725023,-0.642686137727404017,0.0499336997794213797,0.797755773221218711,1.17474830335811919,-1.10147907376260479,0.171111668992023791,-1.32137519986299812,0.643576479103972865,-1.1685992299966772,1.61093382746281111,-0.528596950733794202,-1.23103920865263095,0.408816070716556179,1.83652903056077776
-0.691558403691394985,-0.325288784704819256,-1.37554549072563792,1.74987454263895703,0.792613329485787999,0.434479840167887932,0.431264712492571589,0.802501642501405543,-0.428412571625725547,0.772572629838889857,0.0989934958263711112,1.72038798423417827,0.0545256641303092995,-0.780225662419833932,-1.33025516761221896,-1.79016764851914445,1.40650323959114743,3.88360612955355311,-0.358635072458472426,-0.522931123643581408
-0.548679875793527172,-3.32870435314881785,0.676935239997449423,1.21558099450550672,1.14277557447071043,0.888315058481363495,-0.0991671712843747583,-0.406930521001044432,-0.780731213515539202,-0.770326939327950155,-1.02225165195713474,0.85558399817058961,1.45200009284392428,-2.01304381648333752,0.285706218293736547,-0.0537254853937175203,0.68794142953786741,-0.411027735411242934,-0.905407901061531684,0.0530729456901219906
0.180170999196641313,-2.35592640507647877,-1.46762637143384267,1.06955113352300168,-0.237300006243037265,0.163307163218775198,-0.389689405266656241,-2.33890201870758663,0.414014612822964034,-0.198664885434014282,-1.90285759687437972,2.01962144848644654,-4.40857559340075156,1.95375615580072637,-2.86875887624493275,-6.4056046710757748,1.29290369849962139,-0.719219378747081972,-1.29421782261545903,-2.44615940416737621
0.56692242996217479,-0.0410226123569382914,0.809688428924698389,0.912616061245840604,0.701793039180582667,-1.03226451711437495,0.492657481242862239,-1.54680733546953575,1.0428927168687343,0.604101347863197358,-0.0436913158126679066,1.38261295354415048,-3.19003008720871906,2.23102875046185156,-1.41951567376325283,-1.79820322422726897,4.57103474042001423,0.940266618929617382,-4.34912971733763865,2.94734282530936698
-0.790217441765689199,-2.09013459329100781,-0.302278580080793391,2.69452884949876603,-2.53306039292514917,-1.35291372915642838,-0.815300803977407229,-0.441583756307992403,-0.220660336763989495,0.106272291522600121,0.314883210726419893,1.89782483424870874,-1.32444223472405542,0.367697614252056215,1.12543636063513941,-2.28924737696165126,-1.47211961441285344,2.3756601806295361,1.73273391425067769,-1.51020781433487428
0.80839628709097644,1.27437733980675061,-0.24786578842545981,1.56646333268774907,1.18204562264242385,-0.753426646578292725,-0.201575413553848309,-0.628429420561523733,0.313837773764183314,-1.06465293691574958,0.762062038136724351,0.351397785673558505,-0.221120043974638497,1.78441370037997604,2.301210702500605,-0.595049775762529154,-3.20274492911288311,0.121562732616057156,3.36642390996549201,-0.0239840594039287119
-0.656766764690674187,1.74324770810571694,-0.237556988530499474,0.316213741893611344,1.2947608741001444,0.55415271257489862,0.50755567912969024,3.70526795934763475,-0.161661992611017269,-0.764893414569692953,-0.822142661456235935,-0.529442754282827943,1.40235690866745455,-0.258804392820203677,-1.21511679349279245,0.804073006747553665,0.731690659483639538,2.89039802301581616,-1.36113233855708393,-1.07053965422703068
-0.396071023313497306,0.00778260902864386182,0.289530651627237179,0.41925964260126003,0.0189207093942195051,-1.15745831268951149,-1.27481988658568235,1.08031051042089055,0.285845113895723923,-0.817683234237124079,-0.0363055304534849327,-0.989521007694188159,0.859233005573283193,-0.483933918323300905,2.27909493009076192,1.70234402445299127,-1.45487925203251334,-0.00434697702755408848,-0.0366649031207522333,0.751932275074641221
0.660128056702291355,0.318797893708469282,-1.05592471545807531,-1.56626570113588803,-1.07857578063084292,0.311800474377344261,-0.474264339461274165,-0.804140515856460847,-1.01282406223086241,-0.77858439775582966,0.099438735358846439,-1.60201088987664808,-0.189130184304682841,-1.20427018683210396,-0.140677492948707877,3.04995566189046974,1.19437304058974503,-1.75572859149522964,0.0152464269054017141,-0.520321452326780509
0.222633275774864081,-0.434296208632816316,-0.688468421077835124,-0.37791339181470196,1.34974600064347894,-0.166801629633710813,-0.391907381558635082,0.414658075704672002,-0.373072773610273911,0.443876779658076592,0.0453529776286669267,-0.734482146527613455,1.52176976151788579,-0.0679667015106359823,1.1804545294746569,3.22391007945513453,3.07979528459917917,1.35593881454154697,3.45200276881577617,-0.306636683959864875
0.599163422596777462,-0.099603705493354136,-1.95181764473369035,1.02381853928243527,-0.743119238044978037,0.123779208413402356,-1.54110245158477954,-1.22624122523305612,-0.229927094488477729,0.663661377067965685,0.641678911637651228,0.226134487404660633,-2.1306206770033258,-0.646827116617494147,2.2460972898629219,-1.36782379698129253,3.17977954460968393,0.692756057544683945,-0.296686683275922569,0.870123323372701374
-0.651286225773398342,-0.684675786556356303,0.816299808216530587,-0.529118472042143018,-1.99176112672268824,-1.62478946836099358,-1.38012660877180493,1.99477146957202689,-0.594334949619275243,-0.666854378786454483,-0.439394411658795725,-3.53731242670032309,0.731498028630096608,-1.43753766092500057,-0.476648453423260288,0.68099668360693455,-1.35362405557146448,2.47547413644315961,1.43812135896089632,0.351544832973764265
3.13475129844647871,-0.408768885733752585,1.45257044812798708,-0.223908879337061606,-0.617878572532102543,-0.0116109908850215056,1.85328245353934329,0.522691201649649551,1.23035510024301287,-0.868760034298759365,-0.958555738737808527,-0.868396728007975405,-0.613335182532674494,1.83840372735169066,0.354595215544207254,-1.65823006709969634,0.454738482044760195,-3.70592737204270684,-1.18114804421099029,-1.1464359200696923
-0.558563001781749113,1.13691293745410116,0.461324409412881775,0.0482001579303732164,0.0706316496820651174,0.305715207014435886,1.53455517531624852,1.53458129889890826,-0.42449412288999383,0.742936308903615172,-1.31824472033312134,0.323561358944515154,1.00093782742654569,-0.339433183029884511,0.957563115802477771,0.633231340853062652,2.2870447975252568,-1.15438919510497762,3.207401510674317,1.42915146958355432
1.11874025702883206,-1.50101638058709952,-0.827038631861570783,-0.249489218214053066,-1.06546703450422142,-2.72419360591603654,-0.547009255195012645,-0.922288760635593063,-0.700872555463556424,-2.82946540224329857,-2.45721568165615745,-1.99666976554073639,-3.65536607460382834,-0.665012192054111662,1.06710684935259925,-2.20196095350320853,-0.49718412600266737,-1.74754833901520823,-1.5423197706823133,3.09444643845514911
-1.39927849008422434,-2.62880913804888028,-1.265928739985555,-0.335441009047573901,5.06917087589625215,0.915249301479155175,0.777732831744334385,-2.29238411716105661,-0.317550997012522762,-0.196847473272782514,0.892197817547310201,1.50748792422527678,-2.03330390831351382,-1.62504783549320653,-3.03352724986082789,-5.63654820847775095,-2.01987603527382609,2.73968862268860613,-4.65581607276546006,0.770058705374951025
0.110709530718495541,0.0904200914867612227,0.732100125069732877,-1.24292964222762459,-1.43697157070573822,-0.274657606373940766,1.18129255361743057,-2.21098326421519698,0.92609288960136138,1.23126414215970681,-0.0345235710139043597,1.21602464858283232,-0.707601557357371069,-0.860844071675021083,0.402380429660099959,-0.71214213639561097,2.26355216426585404,-5.8633155964681194,0.37993866485495903,0.0469571517601571273
0.305884522843985929,-0.147654599099532435,-1.04062241650119947,1.67503735247556196,-0.305753132889611978,-1.32427940884239836,0.648862009925703642,1.15724336286338714,-0.267242267119523147,-1.62539741258890236,-0.108114672744681742,-0.387635917433674815,-0.651377079430385919,1.75584628443623125,-0.299641392381668148,1.29531945974797469,0.557609718991168291,-1.08711569982217204,-0.474362020591865885,1.66402027818446752
0.311867706366264152,1.75188630318757688,0.561279056831813672,0.296398813095717528,-0.919472479718471458,1.91562939286283784,2.4450176944530857,0.127060445384442555,-0.574677185559838044,-0.198595479225269572,0.00132317290584622774,0.794867394363083735,1.4293088449201119,0.580245201836031677,3.56300353255171665,1.63117399932109608,1.89173703428321849,0.37571186698700304,0.72323305042107966,-0.0715403263269999423
0.327258936477450635,0.51185417391056931,-0.189554103091243348,-1.2702908541166571,-1.27499566422453436,-2.10763648414648674,-0.705678438476898928,-2.00920784749459491,-1.26440753160266661,0.264549331479172145,-0.569748971834735718,1.88814407765558978,-4.00248303556744567,-0.833499468155805889,-0.949067185249924838,-5.36845979330498402,0.0603813056974480608,-2.37256650616426423,-3.9153700447362314,0.49879511035057339
1.27122819792938668,1.45742731269330683,-0.0618246558127538981,-0.743274324825664134,1.08817256559736086,1.51634551938802242,0.480713081179930835,-0.82997386609670698,-0.142049737713352248,0.740905588123313308,-1.17207039220485476,-1.4131966702111487,1.13283962488620937,-0.90824602396600429,-0.760255695638127338,4.13424161171352811,0.750053398554712758,-2.8127336745822098,3.46313961175716667,0.818574333579311642
-1.99998302966170272,0.540454091675804937,-0.667439406641804456,2.18309747699913492,-0.0594406812822401431,0.260290243328693049,-1.54163090698818528,-0.597583910808903718,-0.595723192072777463,1.12508891782387432,-0.813664019844996367,1.64861421902603733,0.266800095874819843,-1.40630902280980186,1.84967788889489748,2.39269474727662423,-0.0749262572174068525,3.07864814708909007,-0.302339380610069375,-1.58443434487548229
0.199923706810176849,3.1958262166719642,1.30109403823287129,-0.859357772904722927,-0.740059053792972543,-0.0254769016098951792,2.80278755725498829,-0.190211745224532158,-0.461224297230950875,-1.53837463241044103,2.14280337157515799,-1.24391235405705336,0.58265710308805474,0.221832132093237072,1.79585105654764732,-0.739141831251897141,-1.30926575760286057,-4.03941777135081992,-1.23650271520852839,-1.12773994208792971
-1.56631175496833519,-3.06935290703593822,1.11231464041447037,-2.03407801296927015,-0.592870495837434897,0.211275962153704866,-1.05441913008949273,1.63147137091483341,0.0316736215229129411,-0.737565498301548383,-1.34300510722598743,-2.24913915276209009,2.43831787747128459,-1.29043150184893807,-1.49167953561777988,4.96305617818061506,-2.23345145074030871,-0.40058019158805569,-1.58522520880974538,1.2612757871450726
-0.0279562988226106368,-1.36357035321366871,0.899961292371352473,-3.07843845192414856,-0.182263755192446697,-1.59298812606305784,-0.591796516711115661,2.38058158740218628,0.707401185343382033,-0.25952515443493468,-0.328199372097716824,-2.6378281681717346,0.463167845861290728,0.0285017116841392547,-1.03671700526456378,-0.472184569659231113,-2.49396315797950585,3.36793162046162475,0.913463389719995411,-0.44454500068722308
2.96320537858495658,-1.0775934589931615,-1.97267653269185805,-2.16844039317640691,-0.136021490017820046,-0.321633610241557788,0.655496891219024214,-1.33507560348888399,2.11470407010146744,-1.58869388068033457,0.960981866665721163,0.489187336629448355,-6.20430507585353386,3.48376587493763745,-3.0615048505622644,-4.85081477745369583,-2.26196414428321013,-2.333908417858646,-1.51429533038525377,-0.237332059184103578
1.23063859202849968,-0.941746631363943432,1.21936111796484403,0.288677299411237931,0.0422244396248511317,0.0685411503110706088,1.22795217024088754,-2.53314764558550953,-2.0148399563905377,2.30403115718458373,0.666420116509778615,1.44594982019134433,0.86110923999000466,1.18636376542626865,-1.01239908878641316,1.02977408490532896,-3.36764028131920456,-2.06476975232894056,-0.364015463171062648,0.407236447381243261
-0.710261249178680276,-1.05960157072213201,-0.91953264769362919,-1.20087366872987245,1.67865379798774583,0.0282638800751851306,-2.69352202197043944,-0.857015940425916889,0.258347414556229393,1.71866796991918824,0.430094635364573541,0.781206873835669557,-0.905920047142124596,-0.167708424089362762,-0.274517057824220867,-1.65522738086428012,-0.248690452521345057,1.79833559213370364,-5.42063626375311891,0.614635623781261353
-2.81868916292566629,0.483800227531171356,0.705891913507760593,1.19173096851231031,0.0195744979139537631,-0.951480254474331377,-2.21499384554265211,1.49220800845931123,-0.0183588570148056143,0.527071097598721283,-0.297378484364041351,-1.61423742702199324,-0.787246736516479362,-1.25155870896895594,0.362138189807513999,-0.359433516197234293,1.13412514299220324,1.42677252347290384,-0.812158897917863887,0.11802452190680654
-2.25113127985186434,-1.31725616963191339,0.060889953730940527,-1.13808060960670798,1.41954900124876326,-0.555598872463040072,-0.991030840975338778,-0.280665143278162055,1.39162616068295097,-0.606609482191935778,-1.80381795124287381,0.135003929455651595,-1.64233761261584066,-1.53842094661200046,-3.38257202047188787,0.62747111637818942,0.540524053108433322,1.3582537427627388,-1.18973882896530658,1.18728494245785465
1.07095729480881641,1.04644934523635236,0.104816293310207698,1.33344682885071841,-0.692421460258069388,1.48561133735798778,0.977252242570964103,1.36005163831391052,1.50529581590831207,0.648894100341172009,1.5594849521004428,0.464621514010588377,-2.14504989199735929,0.346088652469888347,-1.98845107176190128,-2.14282337078510343,-0.674423807733813496,-1.94344019446553551,-2.31143287383073348,-1.12162849194111303
-0.0581333287146316435,1.46763413635664275,1.53964698969963809,2.59755150214250108,-0.130408564691642831,-0.174381733276837175,-0.719127332266256025,4.54026043328401663,1.55963346944762171,1.56475617845032478,-0.515071034011237994,-1.97606526234303637,2.19650490852971769,1.13062542009322597,-0.941032848883276318,4.25598688487460208,1.28904144829079992,2.32068006376120151,0.144140140883126711,-1.85021671505515539
-2.49992082896792445,2.20689643692079773,-0.536603865959947246,-0.983480418575942705,-0.846943758127697177,-1.2820864993986103,-1.41217868702138505,2.66354369598813356,-1.83641691485719449,1.74728288679532073,-2.8265629918620756,-2.44039738649982896,3.68038559540831178,-2.42317763837104883,-1.29934209113899346,4.17111790797927373,-1.28839512153731173,2.90142322100721639,-5.55033796610043684,0.965560055724816069
2.54149764818769253,0.294598331634581656,-0.600469311197780908,-1.72490913234725918,-1.43501227737203974,-0.111727284076777317,0.282750343790730219,0.155144592402307102,0.831835812526366181,1.26421371550731587,-2.01247367442871239,-0.986996003195732441,-0.700810496997258725,2.30968498329630245,0.36888780300949725,-6.08947809127360529,-0.252927808731998272,-2.36623904723851508,-1.48304317542981012,-1.29238991535794123
-2.42643135576258073,-0.730914798429371793,-1.33875459248222839,-0.892232086383303091,2.22911821016161449,-0.809255430889923577,-2.04310438044802956,-1.88100172874558536,0.914456344358831164,-0.793273996706898576,0.823337404283276952,1.33625090805427527,-3.81193511579164701,-2.09534779409047101,2.51205428941639841,-5.42800033551818029,1.22377737276688214,5.96989442130302539,1.3695064701540216,1.01885715557243905
2.8929412563302197,2.27968473162915597,1.77533197153279643,0.106435238370803112,-1.21543001049958765,0.901005034401337612,2.86047432829294346,2.59139088031586384,0.696118315733465387,1.85362423494305939,-1.03040262628701451,-0.644295968412538778,3.81019482145656774,2.50628153023824662,-0.198664809450789875,8.72419650773327504,0.455559914041823277,-8.31015694561174278,3.27465328421790103,0.103140199992602447
0.421486940696987389,0.346457551398830832,0.874193410047691466,1.43728280206955761,-0.0966779481567157373,1.3080613677833226,-0.134345845258491886,-0.100194719026674761,-0.0242334317969566011,-2.22404516088588577,-0.243828350784016074,1.03688875931533309,0.910597428889048377,1.00140914518942559,-1.62883114145330343,-2.10937433836464061,2.75221211805108323,-0.976939105244948758,-0.126949703977531442,1.17679101688683696
-0.0879742780240667099,1.29489305232821805,-0.075541428675468314,2.26658089932518125,0.847495001026432937,-0.894916027122952928,-1.38554767428457737,-1.42134053382228487,1.03211737712491591,-1.04320995086829216,-1.67145197084688979,3.34546462811005707,-2.98270204328108823,-0.834741242214432577,-1.07834328643499799,1.44583718553886365,-1.43035974137632982,-2.7774624070209839,0.111718591239472864,1.47951217062321483
-2.39291401864742248,-2.903799633596579,-0.410724992269650035,2.25610533295601723,-0.850490900371899894,1.12074476996070027,-1.38466840868774255,0.391047605364952922,0.332711223499426278,-0.269286888320869611,0.08242421275428162,2.43594197614445385,1.91002003566160572,-1.61075809429725325,1.48756368665718863,3.10585268061390396,0.645830411857953202,4.79272844963507971,3.34286455105029789,-1.68018100633659495
0.614672972382970584,1.68450352876671894,-1.77353616850264362,-0.216860184616459312,1.02957180125521641,-1.33683137376626582,-1.33538946693986782,-1.00158340392815637,0.0167086603536837804,-1.73420184677175349,-0.634231533665574498,0.625038095625995771,-1.54153111806489407,0.0290959806714471587,1.42325089661321269,-1.6194230859942067,-0.353824368997584016,2.98433055232505451,-0.723909134893254369,-0.361317591129456273
0.603879153036595007,-3.62224191288960995,1.31737389361300994,0.371511231200476411,0.521046896954428962,1.23111367069775302,0.32535466026848614,0.0995569526596881693,1.36988792126159686,1.84941900330920372,-0.676980119570329442,0.196003841812890239,-0.0672040798351022095,-0.0980957674980541677,-0.552252711459747303,-3.47343912063102023,-2.73345023318906977,-1.15575219938817808,1.04814993286542357,-0.232685746013521905
-0.999231163296912195,1.322897821929095,-0.844662799845065759,1.58948464815281376,-1.46425102798246765,-1.43022026795131407,-1.9748128168458261,-1.30519907298911564,1.36990314262739421,-0.45115219198970069,0.810790896439714026,1.71974750363744988,-3.57718903065055249,-0.511221014678676311,-1.09402550337554771,-2.06452966067383148,1.99966729499444318,2.54798216321557502,-2.50417815723795378,0.729031349205496726
-2.24181232084269011,0.576508061847462505,0.745094911846116092,-0.870433148585892269,0.0830230772254068883,-0.689598272246224719,-1.33540209251081388,1.82483199912005301,-1.30380513373340778,2.62339168469145356,0.1493240305077293,-2.02792740116535208,3.73430588791364837,-1.63508754763324005,0.839798776840633643,0.15648332591639022,-4.73976587037144714,1.28263974297265704,1.17418154270999375,-0.159263103787826321
0.419679366985631241,3.66458847846047675,-0.393739978607161423,0.667294799225263024,0.18947964454973415,1.50343609645128318,-2.04363125330459861,-0.157967773689628804,0.152599500861295062,1.82129664329704788,-1.21237997982651335,-1.36032395559369412,0.531588813410044381,0.928510078390494598,2.77238724455374852,-1.6039686091637011,-1.04110484955721971,1.99566102394829015,-1.09308826038951756,-1.17414227787524927
0.292059365633048518,-1.98678859790485429,-0.852663562570912803,-1.05602155800011444,-0.00118840919717616567,0.0227345711619925638,0.763318586303039504,-3.06315778835067709,-0.369421805291773653,-0.672266177802605669,-0.0956937058829233494,2.85019639351616849,-2.55796526845641958,0.60391971037851544,1.03264975325802566,-5.31551467761433738,-1.33838508345884399,-0.342981398458215181,1.14771899775313257,-0.687349028987134014
0.533229076335813956,2.47655814388351381,1.11067393800230918,0.254734366952897473,0.217097871270452797,-0.272299511883519807,-0.124710157510202188,2.1728094642209812,0.646224369625997164,-1.3641280518491754,-1.18049639991371391,-0.186145344317877798,-0.883387949823948637,-0.80218663026633108,-2.63438892671901215,2.70129371664204365,-1.23562949573979708,0.449964522944011014,-0.32312971460691936,-0.782257518430386267
0.688585468579549387,-1.79065403517764521,0.66798491028602025,2.72795720144007836,-0.015991212175450617,-0.0104451880846900876,-0.228366045328986522,-0.205312072622089975,2.48744340036216771,-0.45251578430353262,1.05165297298858618,3.57226177439675219,-1.54625520914363968,2.40325382679906019,-0.872449116923702306,-1.1294323346654076,-0.402293956960584009,-3.92403537872267094,-1.02287733830902239,-1.71337548482633273
-0.0227708136993257475,-2.02055623780768956,0.606500243027671915,-1.53614720503999003,-1.57551618221067247,-0.290721550765852654,0.674016940750353677,1.06263771981642918,-0.63537293934084893,-1.25796188788923469,0.0979669190648534,-1.95534097110132499,1.57285316922221119,0.00999227195330667714,-1.51031002324001662,1.809795945266786,1.16896270589640983,0.801462459413888828,1.99909588184571696,1.27831269019305283
0.860327473379624008,-1.16236477822059858,0.526718413341187408,-2.16326322662227755,1.45613268252842021,-0.496273175917657128,0.588810143680854603,0.786713169370417242,-1.5103280592167565,-0.528851644735195303,-0.162736785337807083,-3.15290858357317871,1.95509127900301305,1.26872079524172143,1.54171898665362961,2.81557263712804007,0.0736588882243346815,-1.34542188524749462,2.26844672842391537,0.302694522775673602
-1.23956530102725981,1.53879008721617505,0.609270282207388214,0.602646390706164437,0.324806140250219255,-0.731114508795199347,-1.10039213999920871,0.396964954559351157,0.702382486042917642,-3.22654843032790017,-0.288175245566971716,-1.35890804013391597,-2.30444949314859882,-0.928991428913841899,0.473060424276671387,-4.84975197313393735,0.786283571880459276,3.0057745794250601,1.57661279414302924,-0.43550980547679119
0.181184480804529147,-2.1613680410246916,-0.105229975628620909,0.297168345814342427,0.386604611756495187,-0.581188373003491132,-1.6158822080700026,0.753027643547753422,-0.896578720155517761,0.73521985984595617,1.09102071862101258,-0.0463098823286864913,1.60314670372895485,0.707388423906370911,0.912471084243341224,1.30075950127352846,-1.80903676529673341,-1.19874514385465281,1.82819987203980516,0.0678877220221438121
-1.59588049417967381,0.876265050987156457,1.56679183113937293,3.46791589501787278,0.702460643124455997,-1.4103505618239931,-1.306205323190607,1.16346639115719208,-1.19529581061440449,-0.364838466965859254,1.90962364075847235,1.87294145118386668,0.978635302482531944,-3.2678432049795143,-1.88025493693075352,0.359604819281123422,2.07098127990115533,3.65272403461435768,-2.71801535057297983,-0.911582349426799721
-0.534600367373836538,-3.92038542636990783,0.337477169526397502,1.20207198205126797,2.99727898787998992,0.272724158634341574,-1.01416350250586795,-2.48161611498327472,1.37372945227647847,-0.502024633603128545,1.79178284577359359,2.66537692168903373,-2.49742586781212683,-0.953313183857274593,-1.7089602019213086,-1.08843048482634153,-2.73298703748074434,-0.398352074126738731,-1.11042604848776549,-0.453374322474341007
0.236479122440662159,-0.434033221740128594,-0.679083139447743567,0.55320379926872465,2.19760771983040692,0.946636524537280422,0.108953983132075966,-0.215403154770632432,2.16881394792927917,-3.22813565497650812,-0.0299405408856118181,1.43967970954352009,0.761952931137553913,-0.678673966083058189,-0.64329265696357929,3.72606469808070484,-0.749109349978933414,0.116865400247526757,0.96173345215484396,-0.631296694821208315
0.944636238122539718,0.220875691459022166,0.138992446041841328,-1.14046915970722007,0.747962522400428154,-0.479964375465645632,0.527912181918499979,1.10221913040583219,-0.375984444597601608,1.23792224129224349,-0.915580513422420639,-1.21039298228329928,1.06447663099763945,0.671274070198899397,-0.350329779174585132,2.40447266969083673,-1.83137491483512771,-0.944249768417855462,-0.719269057419484326,-1.19230480202585754
-2.30932268073342017,-0.547493908959855502,0.688961405066990773,-2.35457282051003913,1.16356683537392147,-0.52804758784289374,-2.2450440438676269,2.49175816133413308,-0.609287569428206277,0.295817196407723471,-1.30713226654665626,-4.40344112596631732,1.68483256274222026,-0.513659713389036154,1.43501123450920476,3.90736343135758757,-0.47795331298816085,2.89835608522136434,2.90657927663426907,-1.3174431339138879
2.15477285932319829,0.703005954971010927,0.593894568831440095,-0.306754064954114836,-0.882259054313207947,-1.33274953918011452,2.44581483877683237,0.170419266369886996,-0.404146708901494567,1.64155313162635541,0.589258853919384484,1.49721132472620577,-1.11609638396843613,1.07668719616557396,1.92453156581928808,-2.57579279209471546,-2.55505148383179526,-2.38388710778181956,0.793930785211689916,0.570074229451608794
-0.614708178713110787,-2.30281355173393409,-1.28027550027959713,0.629344168150265393,0.103554241982299594,0.278406009032500457,1.71053804516218633,-0.176605471171241146,-0.44051608378527235,-0.550567623212864121,0.913656864032614702,0.343539722093702538,0.858497382196693914,-0.495521229847891098,-2.17791219281863269,-1.20800234809672258,-1.92549668659760731,-0.216057675097560103,-2.28625239337926844,1.66381463428596654
-0.837089594516202018,0.463486473912608499,-1.47675784547267708,0.74985699504504788,0.694825791874291498,-0.342876601663676617,0.101587942654778204,-1.96538759077503089,1.75141061818799915,1.0902827117324867,-0.599412586236844902,1.52850563522629268,-4.19126351734825331,-1.50729321218480394,-0.308280683733769933,-3.60221757455949954,-0.761476578810471483,3.14768438741998402,-3.51283934285470822,-1.91313524457670692
-1.79452519703753044,0.0487082238624223438,0.536534744636144811,1.18003681968582153,-0.781691363539611217,-0.381754639503713578,-0.708850927702588285,0.292490934652451851,-1.10442576044674312,1.5988404945523369,-0.81359539394724989,-0.2512283644917081,1.6299471598021229,-1.0076165947140443,4.43014063332414931,3.30893961207441256,-2.38666678500261353,4.4896936788676296,4.51878163511899444,-1.84771746327271336
1.25325777135379823,3.96726676194323025,-0.874827961420767797,-0.357573577567182332,0.738794319222236373,-0.851763361134460939,1.37432968825940494,-0.934285886700173984,-1.56740989629214811,-0.945691890705513294,0.579750007411433232,1.40336334007059604,1.39825041882734258,-0.462278498000834204,-2.23325471739273329,0.588936917570023866,-0.247266107219262482,0.353005096104198057,-3.18956573283824163,2.50743294203554168
0.136190098982288621,1.1450624332259407,-0.134851530410903087,2.02501932834680032,-1.11988193197551067,0.953957772827329076,-0.485037836980434678,-3.54838184943407997,0.109186253943391626,-4.24247318586323008,-2.94065258910981653,4.47213090627288157,-2.72518350439771817,1.3615486066059983,3.92084851073454255,-2.14051292936189164,1.71060470701370559,-1.43777297696528561,2.55766817872611574,-0.840053248393432983
-0.535368191760896228,-2.57921886898018604,-0.345479588165376383,1.78144681478872324,1.53910914382193886,-0.844400679368165763,-1.12832415227911498,-3.05038251097034907,-1.36015582781565603,-0.0292632258704030972,0.582196677253165706,2.67096360990408188,-1.51726657695783351,-1.61308217954379263,-2.02899687431528575,-3.09617561147337739,-4.52668325441404473,0.912234132698965361,0.845378890946200334,0.813163406178256221
-0.254140111367393673,1.38092411812389493,0.748125380530185402,1.44703940816341747,1.1229900415577394,-1.39947106880178929,-0.491380130978831209,0.979932963169647953,-0.465601961672016618,0.696441569230750845,0.385076745714948487,-0.539601322333458366,0.682864167669076094,0.130297027589687614,2.91314021411543944,0.19546950017774925,2.33920991616462759,0.347992164002133009,2.67257599401839085,0.716750074608035193
-0.604613042339418705,1.92999510072035951,-0.190935512833048993,-1.31542840584690834,0.0590186616613783896,-1.15849077522115773,0.676172953753212291,-2.06174984115762872,-0.203812367978685849,-0.968164184724698895,-0.729438797777532622,0.508290647861703304,-1.26051448700612467,1.44491472866344139,-1.85342150616724011,0.829533039568821851,-0.840479594514702555,-3.85370639007028437,-1.14991606522258771,0.157663848055804107
-1.13985115665839243,3.5048408172921941,0.170797348406578842,-1.25688731791672215,2.73033785097951487,-1.29596951109568526,0.482235430934785936,0.981800500064903381,0.208882654542371454,-1.59393386892291944,1.53470474254721556,-0.778052570886890837,-0.847349291210555577,0.393250435294753342,-0.736074995628195561,1.01459696599636273,1.09465086367701026,0.0725975410538125948,0.0483588906178213582,1.85708007636791783
1.31663394531659206,3.24790348952512842,0.338773784789542787,1.84168668088451271,0.786169145281804926,2.52126768397600998,1.13271968022482028,-0.132315799496222575,-0.08931233553484344,-2.29145190770116969,-1.00332696296000212,0.229758257704702484,1.879140224708711,1.69296817343090411,-0.743772092707434829,-0.0694177833320445692,0.197592850817571414,-4.63873754137845129,1.32250272767894361,-0.218413162306299508
-0.946682434095692638,0.259717081877274936,-0.305357837366032003,1.97366072115834634,1.18220099917088795,-1.09010680234414048,0.338075952659197265,3.33238879325789039,-0.636140932570057993,-0.079692264174903174,0.617130213153139762,0.227015506872931871,1.03868462513039073,-0.504583178761715434,-1.24843052566168899,5.40884948074439897,1.1318574053322803,0.794182444227078288,-1.07537261819494478,1.74178818187358564
0.308081458355669524,-2.15777566068909321,1.05484067187566422,-1.83068914603695299,0.49758248311163561,-0.913402783749502012,1.31053327347786297,1.91731354119632047,1.2067522357501681,0.596169052733206861,-0.168127139850334867,-1.34946276540439691,-0.0203604440694072492,-0.78468957081926205,0.907329426295664487,1.38651502071419386,-1.16205774387536209,0.683512326191220376,0.744334790291460657,1.2821985269173517
-0.23836542884490855,-0.49522078372888001,0.557403957201541123,-2.42614081768240197,0.0961261885502469049,0.516178688499956739,-0.537684558503113474,1.92360892507875891,0.681251962099125752,0.49800653460549843,0.69951612111536976,-0.95966251704947203,3.04222542266029983,-0.402454206039397633,1.59622464617805981,3.09534032196437492,-1.55423154595397706,0.0826897031160074431,-0.288057660859482978,0.53505071090845846
-3.0992782469025415,-1.67955472573672804,-1.23780788554476717,-1.65438527511273659,1.91201130053462354,1.02845088468031598,-1.21978563901647452,-0.954938247860092626,0.112330971701688279,0.445955986699275275,0.0410495005100726673,-0.348757625663283055,-0.0873817707704264562,-0.419229959790480666,0.607550816495997181,2.20781018167470444,-2.39396019640109436,1.57976648148486509,2.53936496564269554,-0.916376573459880883
-1.37937738688656819,-3.61746631291637266,-0.599685997744524135,3.08539533829689994,-1.28044659811364347,-0.314295503893972372,-1.9330091844607582,-0.741337618596677572,0.775931139219222188,-3.23008858009954158,0.105599009873828309,4.01553060214430424,-1.22031496422783747,-2.34949756501850482,-0.508873748373000701,0.436394626221600301,-1.75175488130908086,-0.375723095066814894,-2.09266327111866923,-1.52692046182422803
0.55121883271658656,-1.37362999321743251,-0.0702483361034727111,-1.00083526293177449,0.47884017932984535,-1.40860430673312309,0.439177267666458426,-2.77654521915356689,1.14608427967525262,0.446030702142599711,0.86085735589348833,0.72336262915624272,-5.19062806006713018,-0.352994815520341787,-0.37413202233033549,-1.8791940076478737,-1.23188008093514267,-0.772080695203934297,-1.70756198818254012,0.836619642173492051
-0.797863919642424535,1.10114135975474148,-2.04537533004193595,0.790403217317930729,-1.12022591196686494,-0.00235204594252040643,-1.10881461304150375,-3.35511195785408134,0.618682353174881627,0.637373464332591788,0.433396637885702041,1.07468380171834754,-3.40771758073081665,-0.82389579074451158,-1.85493048695572349,-2.88780192941543046,-1.65437183153321987,1.75669780143185927,-1.65429712124718908,0.406193795875999131
-0.265847327430101088,1.11504293313571856,0.47472186285974094,-1.90494023984770244,-1.2191499073392702,0.823727085236725221,0.271570455960926493,1.70107462526852848,-0.113426832879983924,0.810384466433616502,-0.125326970789970321,-3.33287637204316711,1.4315891527208866,-0.831584200904693205,0.892285017761945465,0.235428754602505397,1.5197899807387838,-2.80795904850669098,-0.731678902042375956,1.1749454315924972
-0.99210608497220254,0.929793005978641673,-0.749652894863581443,-0.365774399711002396,-1.52305907006200103,0.311411239964940578,-0.806592120206991114,-0.9132664126412533,-1.11540340148825479,-1.14774486071198334,0.102151353936490052,0.830206958941899331,0.883879650505915881,-0.574295491023609661,-1.51183708841997499,2.14595953877907775,-1.61188039050321419,-1.93243635170975403,-0.458945309032170179,-0.969858724945901418
-0.533175503994036015,-3.58391073753442146,-1.30325384938972477,0.556034834833779468,0.829783607808508683,0.068604955880134294,-0.114548340470748605,-1.47223425933200991,0.925183901649847318,0.914043071393726425,-0.201447872806651135,1.55555819940975559,-3.10388792984066875,0.0614015613107457975,-2.06700445165699875,-2.35906840262091633,1.41532787598072329,-3.22743785634223723,-1.06351579661970908,0.611136693298834355
3.23088037906553183,0.262027811602428162,-1.21703944367104855,0.37812586753963584,1.22160059430134105,-1.96138525549183274,1.78345966451110316,-0.599047699824669655,0.0330477455234947093,1.5203008826555453,-0.0643940736308041967,0.217594422504550244,-3.77782928027694087,1.94439077997374699,-2.09449424601635803,-1.76088897025858726,-0.514289546066615033,-4.90965856273827939,-1.41250784986644762,0.0363881917672366564
-1.54854988593126008,1.04290043423136503,0.145062616042989839,1.04954099009149182,-0.946094857755465535,0.010652311921090344,-0.429018195848234474,-0.3667558378182324,0.0754086466630920771,-0.65308168925363641,-0.177179693777966801,0.573365351704554382,-0.462427206266741941,-0.215222122776801639,-2.68824005249136011,-2.17811373011696219,-0.0754075031562012887,2.68821669435851751,-4.19153341728177153,0.15436317963673532
-0.349296669557996264,-1.35436160975483988,-0.13363016652729498,0.0300995095760988179,-3.03033423364332988,0.567706580758603252,-0.31603025804516538,-0.839740245023191778,-1.10438567829696033,-0.220285411588319102,1.53913323025272475,0.680836701400073907,1.77808362261341801,-2.12865228389803862,0.162631714569547225,-1.01670662024917702,0.8879324971536392,2.95524590405304632,1.40271124183852569,-1.43313308532330663
2.00256030081460423,0.887178050314038513,-0.387438721901813665,-2.29901383308724938,0.134204900444748865,-0.723436187855950319,-0.407206294482601983,0.0242408887795876223,1.33814296889562079,-1.28362222930618097,-1.90778201893278632,-2.46900506132546038,-1.98456175150935121,2.15753730442333458,0.172905689889459147,-1.40436393565813611,2.03246239953096719,1.60910099719461575,2.75474987483682598,-0.92669187940911224
2.04991793809734668,1.70041461448936571,-0.132764549652359398,-0.854933433096753737,-3.90730101122672124,-1.69595710257087351,0.505672210762254215,-0.425024625587233362,-1.63053573817719877,-1.16708682353572901,-0.0149026411278739904,1.65055831514637141,0.527341738822982742,1.17720010080198656,-2.19242457840295302,-2.11507692168126482,2.8479838516166609,-4.88826860753625159,-0.0908975267215134802,-0.781159949864434155
-1.10206413491831556,1.08514605379870255,0.978280028929076617,2.27767184231000819,2.01189983477770618,-1.02406893279755717,-0.749741938042309042,0.950731307645991341,-0.177747833975895553,-1.54872546208582462,2.0181665466589207,2.33705017211309451,1.06008865787779016,-0.115571015766984253,-2.78357673041482467,3.57317678983762654,2.02837303146277215,2.18574003596703692,-3.66915825772977211,1.12188908434454149
1.04291117572644376,-1.38892952220348143,-1.41759140093909441,0.81858138045953599,1.88996269433247077,0.714506224740923179,0.460704044777818622,-2.1395341217120647,1.24435139827415653,0.0794139918209886275,-0.0406642574531233258,2.54071645812450031,-4.42380460060885117,1.43903109300750232,-3.1976736340267462,-1.75310822576413305,-1.72580178607066248,-2.68248183564662934,-0.822080553015861915,0.970592439748446667
0.420561858028446367,-0.0636804280635104997,0.556928642548164099,2.20529383354841668,-1.66182159505344607,-1.25399110413465809,1.62415399232297064,0.41037355388928709,-1.47785552780390361,0.27574173568202881,-1.23921638799065059,0.126462957509060531,0.425141836311085985,0.971628030729614234,-0.398509372937751294,2.22905142595156036,-1.84914197231107913,0.319982408142907071,-2.17197305458484236,0.115279703400721148
0.371101018359942691,-3.04658943097788182,0.124038206476698998,-0.489258957375566017,-2.6557641847606468,-0.770556209796170122,0.715939305099080325,-0.968945413326791405,0.894790676146274055,1.96623094055778624,0.900041027073328115,1.62694085025577029,-0.961429003284200445,0.669604498338715048,1.43443898297798511,0.791030206775983347,2.732660936961679,-4.72403441475973729,-1.51399942522357311,0.419150281785382717
1.01400332771190582,-2.33612612565770839,0.54782309237806126,-1.0667485838090438,2.35240226591923873,0.691318860955717596,1.79569014567602725,-0.356776442233824487,0.229898515217101473,-1.85092438647870816,-0.641025064633241826,-0.577505012777375315,1.55606094751465185,-3.10170712991803077,2.24017708442507324,2.88543607151846793,0.533512517155341981,-0.177941029657060573,2.60100844539914711,-0.0112109727395112487
-1.5973176678324863,0.395847948043383857,0.512355091271451291,0.513154857503561823,-1.70912480872439998,-0.823997769629335797,-2.39484141491972702,1.13755954652179914,-0.855019259989848956,-0.0843506910536057086,0.944040117000527035,0.469076767157773689,1.29152458584601249,-0.292014997103025975,-1.56082162407644298,-1.81042314007435823,-1.1928574466324684,4.45489200772562999,-0.603493371672550682,-1.49671391333937365
0.206552554225725077,0.982449935261270446,0.252895309452803807,-0.406563405152487345,-0.302328126591996094,-0.155073832143946461,1.50849075815597988,2.0824475631444872,-1.13779700747656642,-0.0754169432811160195,0.51930990784252451,-2.14557490991736932,2.28868068107584355,-1.94485454986654194,0.605654235741819535,0.819594634571443548,0.982199816823133287,-2.89421911112255392,0.976666997806777237,1.92212964823142274
2.06486380111553647,1.20107319273443225,1.3724143410247871,-0.917888509737226466,-0.0207124173045266854,1.48051129050470531,0.332855141423476997,1.84472444668629687,-0.90725498462736387,-2.57056304845662176,-0.96791337670824662,-1.08003098806079367,3.93626069790110344,0.100194579988228255,1.50111578189193473,0.437216757024939617,-2.08435445737481251,2.6783296319940435,2.74212631295237852,-0.507863386461417043
1.30104826038644172,1.55160146471685789,-0.843700357194480666,-0.161724678713540765,2.24187202392572527,-0.934231729048598303,-1.28220140566979368,2.30645231121724725,-1.13024487881550906,-2.51605184322790798,1.20017868254750648,-0.551632089683565363,1.6609782107873412,1.8472379408991364,3.35260877764172704,1.27817671479129458,0.896510642632530441,2.23752108564014707,0.105031789379626261,0.603814810595085794
1.0433893394367173,-0.445948305082882912,1.21417541084686453,-0.426590867759046477,0.647177456147627783,-0.332290055635006409,-0.256428869605102805,0.236805998479365842,-0.688862109348672869,1.90630880163443028,0.118797990559415936,-0.281065337301232065,-0.0797013090641110061,2.5648496544063013,-0.855147795188196502,-0.314985416338035285,0.311830677474437434,-1.52926484846616573,-0.150597650139453504,-0.253528292504604735
0.801323574378710157,-1.25483475133633227,-0.0201594857136253892,0.851393340855020608,1.85358124961619364,0.0624819446758635363,0.879188016817475826,-1.83582641906444644,-0.834197989985844934,0.294445892263757725,-0.0214803355706957716,2.05634113866891877,-2.66692129846418524,0.554163715417508529,1.0213873622904055,-1.86445430608407925,1.97355281618804668,2.14105035957171186,-2.62215305192134052,-0.388409884217842227
1.1787361244205643,-0.885828878508260087,-0.863113114918178881,-2.97112752976982453,-0.280880113268950515,1.98231277649442261,0.0178986127462793382,-2.81552017388989162,-1.08721956022442212,-0.701736106016029648,1.29177488219016023,-1.26508995822646586,-0.439430687427922295,0.616145247615833669,-0.0648890564333628739,2.52611374883297879,-0.0104830388365286884,0.856283190758844626,2.56159043100880846,0.695945945485071049
-0.315680225263826164,0.483462270730962484,-0.499672673287433311,1.80877878382349566,-0.827898004938538601,0.0917954013512167349,0.545744142499018814,-0.67576155204280608,1.3809484212634926,-0.956685063702660154,-0.080098525727722622,0.716314645651332516,-1.46722649753593015,0.0050286980538077385,-1.17973064664184624,-2.99709960457937674,4.28389822234282214,2.76216772713702685,-2.5111694239339748,-1.56266051280119056
0.0509842743410721458,-0.28092615862127418,0.0113905516620667509,0.357113702183555315,-0.667492933921009057,-0.174507771943247736,-0.963994050599533359,-0.0682148907507297425,-0.226844454043211019,2.64998435827998913,-1.82569990413331817,0.668564692331660493,0.387295962291204221,0.306050831465096429,-0.463316020724305111,-2.04395815049392882,-0.929633805114824852,0.55530548886831288,-3.35177030774686813,-1.52550555387759035
0.985230183820571148,-0.425985918291886145,0.0266025560730682453,-0.0204366305426891687,-1.3272237089187664,-0.803153730720123082,0.802948672748568848,2.62749263236299502,-1.49374850937348524,-2.00885729725794482,-0.736067757508163445,-2.26033870312951413,3.99844919199973248,1.52990040509933234,-1.715324705849123,2.76346102211724576,2.19672440099455502,-3.6899190195771312,-0.907509401156213924,-1.22802538476626788
2.32440979860962793,1.34099789763574417,1.77023549578262562,1.43821246359789434,-0.0152880099660154412,1.21290757011679107,1.60581593866306149,2.31445637782558045,-0.534078035427194675,-2.29995516351312768,-0.643543750597405984,-0.475797662389984721,2.82185273928093361,2.76164167428279805,-0.0497296740507232674,2.56073290450997249,-0.315581408908705674,-0.055171628180208758,-4.98800335716742893,0.622530710202308324
-0.551497596079504215,-0.471563517070595795,-0.7209782954583146,0.299201954714341689,-2.16925508397967315,1.28603932867103543,-0.470273457829382679,-0.675758943379008437,-0.498167119513803713,0.357082654504799757,-0.164765273725577865,0.57987312232111432,2.47269841551635183,0.00278832913632314199,1.40155751514988536,4.06593732348497916,-2.62800853599347617,0.166869174179367225,-0.0813688047786246538,-0.733524331174735145
-0.684367240568188206,1.00294949937007849,1.30774708514728166,-0.77326588422709619,-0.316882133269404509,-0.000545207047340607589,-1.35614661777895718,0.716944623375561862,1.79470362746324641,-0.114029343529028146,0.991220170302249293,-1.26133824492201208,-2.23981249754917178,0.486901022433218478,1.05082949073915444,-0.431982971796377513,1.03762186665838452,3.45774966354437074,3.57092922056509332,1.44388935542758756
0.160673110992573781,-3.73593207473269517,0.466157531876413622,0.3626483124310384,-0.707973704778643187,-2.04636489942120825,1.60688311673636641,0.0915072901317274673,-1.93293947076895911,-1.06348116005756088,0.563944533093240552,0.161749545286902191,0.190493427191427478,-0.122765033937601992,-1.98340473993549948,-1.76988577114072498,-2.0341735429010237,2.3446055418279319,0.420885191763787081,0.725942209461991061
-1.26848055374670499,0.392953025355093633,0.221944052078296455,-0.894614596178773369,-0.961507665724805283,-1.27102739603198911,0.0390270070977903824,-0.410039259068624928,1.14926081636311062,-2.39494976433963602,-2.27553175790954354,-0.377544647819999912,-2.64484788881692401,0.799819860905516489,-3.38136986285018581,-1.49994184155589716,-2.22351160277833726,5.17951652269094964,-3.20386332512552174,0.980097591502738896
-1.32062708628016656,0.533269319222069771,-0.531462043340152568,0.614360456633282537,-2.0544700889578551,-0.638878415089730312,0.777490800569060392,0.20830346817095946,-0.169513397833190471,-0.469382616354994786,0.173132234326966061,-0.535785600124949246,-1.55028232198029925,-0.742213495447347382,1.03084977022475566,0.993665056071805775,-1.01883780865535245,-0.152801479773982729,-2.41948552912282899,-0.57449255610052985
-0.276306611792592527,0.398699138191374203,1.44689412546054541,1.5827045052277664,-0.906812532909163305,0.330680743733905991,-2.16544463897847184,1.93955408120353701,0.595358681836519299,1.87864056500302756,-0.167525809057110675,-0.331900425041817826,0.933148517570367764,0.330158944635428775,-3.56563525414584337,3.53115799053845869,-2.62927326946384365,1.06057318594626526,-0.65718991735379062,0.0149729972425774963
1.21498517181756882,1.00229387035964645,-0.593840877329991246,-0.972794027614866663,0.0924222386725888218,1.69935937472088083,0.789839251181868596,-0.092961172637419251,-1.29867937063479899,-1.59613253258417553,1.90295076099900995,-1.40645374290824199,1.70054352341080794,1.28601323790269628,-2.1608787308436872,5.51182739818597689,0.0908409559857036586,-2.44975824375196805,2.89929966419922591,-1.08977764991250226
1.4216788592401215,-0.30389592814916655,0.0117598774753885152,-1.78026989054408946,2.68468405589335068,-1.15341634065989629,2.97640090370915811,0.53513171774060142,-0.578972208147893852,-3.01505793176322179,-0.415657813107231766,-0.404994282516427329,-2.81108047742769074,1.28136257018976396,-0.503740381465426545,-1.44972237546698701,1.23349842042446789,-2.29358028261036617,2.19890844888919768,0.0229900924116677036
-0.386862558881695462,-2.57512502424007828,0.708757922516649042,-3.23249469903679465,1.27505978807307585,-0.754003052222542047,-1.30297105057340801,1.57091978710471336,-0.278593982368332216,1.13895439847746927,-0.390783816326947919,-4.62665987718076099,2.86732200827356598,-0.465800029596845577,-1.99426110685686897,2.77466197150499028,1.03081581762232566,0.414082185948105752,0.119210724931056944,-0.0442402650732308805
-0.243120606825713931,-0.0755356322238583261,-0.371787008165695321,0.456826724662020955,-1.69606888981566462,0.737277562231938299,-0.959619169775295711,1.78602984799115561,-0.76618914214677003,-0.560323909710532253,-0.0793152242208512298,-1.32277865343061363,2.01151296242189392,0.684491373191531083,-1.07337606913969319,3.04433492285448493,-2.53764621317152939,1.07257276240721078,-0.0907726084725543336,-0.300812693816228716
0.446351675097734546,0.769204673980306231,-1.45588996867060549,-1.31556918615319307,-1.54938097780732353,0.263579672021063804,0.137799537681256135,0.725380262207705351,1.6212399632635317,0.479535554974220291,0.304638407545003265,-1.8620778065034933,-2.88825231734321886,-1.01093396096572175,-2.14402185169338511,-4.12700354328573393,-2.35062440121686222,2.51892529856824909,-3.97628172508249822,-0.786484188148678043
-0.0504139694849017189,-1.88057683652648255,-1.41934450759385977,4.50585634734246643,-0.522418849361288462,-0.524688150849071611,-0.644399785890577337,1.5466310685189999,-0.207326844182584374,-1.08386001695250322,0.18037441445830027,-0.63352767380151398,-0.515507026688274084,0.220715601781662468,-0.80773610623671277,-1.89723288085105213,-2.77555697952694436,-0.0157949515102862696,2.16477518509485556,-0.126344839296467143
2.01968310288045272,1.31784029866055441,0.920201491249552195,0.654122465740018977,-2.68335887370900172,-2.44544179762426239,0.878533040629651429,0.566215641056470598,-0.478983056648966621,0.0353002790980094724,1.95968659327031092,-0.343318390067811174,-2.92297005479683181,1.89277579629035708,1.61092206791920445,-2.72100177978872093,-0.0380161627232676463,0.674919963508723408,0.0872004386090956957,0.338381852100572977
1.53719205098329459,-3.42786831680356352,-0.342191922879479082,1.25804474345472839,0.905033551748577247,0.688613131096899478,0.736206778460440581,-0.927879272706824576,0.737250425030943513,2.38115121355785275,-0.859712827770821586,1.47189615293067999,-0.175243324274690859,-0.366024893446698751,1.57105149331617722,-3.7061947198515881,2.51252797891730895,-4.56876757504653952,4.18585513895463457,0.107431709054689656
2.07431201528069176,2.53348325659141205,-0.692203314792744662,-2.88094060779155869,0.499574311012978944,-0.383299107443968279,1.19141332716100168,-1.05978983522889592,-0.399115722283982399,-0.180060196737584194,1.10597346767487537,-0.417116303227950402,-1.30482857401621977,0.772027218103424229,-1.52350368930928237,-2.17449120528228423,-1.27465421557454728,-3.55408246102494374,-1.76625617143682279,-1.14292198837330017
-2.81420031132108095,0.985900995287967929,-0.715286794445154306,-1.25028741577766533,-1.24402466239966936,0.404390788081749386,-2.98989523271782431,1.29716740391404173,-0.228716290806973338,-1.49866419627246716,-0.056255027873242415,-2.20735633773255246,0.96862307763582689,-2.35477423063274172,3.67851063212835694,2.57296029184191166,-0.625157239052389513,6.88353341439958033,5.42209641453755253,1.00986990919427666
-2.62561756388394096,-0.775894206657159469,0.423288533515891963,1.36988924817473978,-2.26392366806448297,1.19943152928251573,-0.500932673090745073,1.95768700239843163,0.550569707040817313,-2.3460911984039301,0.244471307600288346,-0.312169376749207916,0.681671858522642449,-1.35362006082398789,-0.681538032548590245,2.20261022497107994,1.54118322385619977,3.68405651794834554,3.32243002084469463,-1.03026020484286418
1.6507188288901804,-0.60723180930508025,-0.0524076824482487755,-1.425912990324123,1.8357184710966159,-0.150773599255828422,-1.05105208844371223,1.55672149671644733,0.298594417212553698,-0.838630162810782176,-0.561240219068094737,-3.05135844783405741,-1.72776056454736282,0.712483274865972849,-1.47452628621272419,-1.14397064596461262,2.13067738876950674,0.432625106156946326,-1.31194488346043459,-0.597736839909691953
0.325283214109989172,-0.735304152744568174,1.7718925931553684,-1.42958255486658214,-0.213856076379851878,-0.583703765373843275,0.557191583701202475,-1.15820090668827103,0.0345986664511911401,-1.19214422374380224,-0.251504342484325627,-0.90392139544518213,0.924160202131390718,0.355360872786082527,-0.852183082255225655,0.59592984817987793,-0.546648222319863875,-0.923419877591740934,-0.0526473175831662435,-1.24558883484139971
0.0578295274844264975,0.822575897424379199,0.269866488045650332,-0.48168034705553614,-0.202210433551156699,-0.445764895752873314,-1.12772082350230507,2.1142652159932469,0.262984011800868722,1.12355604118317909,1.51855894666597235,-0.808560850538570075,1.78143715143893333,0.355658585955765827,1.15965334663271658,1.5090711312695404,2.10924335040293176,-1.75836730244831019,0.0694434016544908383,0.0448440515812833576
-1.3668689187431291,-3.65535811870749594,-0.134464403515694081,0.271573429176473535,-0.204037536897763161,-0.228730237431099187,-1.0461678176542315,-1.38724939628618316,1.10149075435681265,-0.972298938584682859,-0.482833160251427362,0.584065350597697708,-1.83276016606909153,0.492402085610891216,0.680633418433887361,-2.99546286021079089,-1.06391236751411133,3.41786628574570317,0.0270077879140596389,1.32518131785961168
1.18844126507919734,0.591551079586022821,0.0631365967276253381,-0.375775632836888862,-2.04537577615882382,0.258095903332147214,-0.545665884372713794,1.19823516568919808,-0.477247397532493456,-1.41312691631920262,-1.13488805756859912,-1.24692597102719138,1.00175132732148908,1.07840242595759617,0.367933065290442951,0.054376714009990286,-0.191446540077282484,-2.16312186283488384,-0.66741799065255103,2.45804199981417515
-2.59080561528350861,1.2382427158534608,0.000495164713676392808,-0.605226828275342799,-0.130731762311842831,0.97749319826392167,-1.48195335291071273,-0.306227374588768197,0.760692093260740054,-0.715584967761455748,1.10142554038182783,0.499237355009957529,0.322120705558755493,-2.080639793473813,3.08133799793738428,1.57774390342466631,0.916300607530084577,4.97694202900303928,4.87753038302915964,-0.717505612356029387
-1.81368669416811423,1.75097111346782275,-0.62534963520671083,-0.517346830768082189,-0.655109257957850688,-1.9286602533586279,-1.20425462914018233,0.871854646238313769,1.86752287963371044,-1.70302046298880527,1.28313237923549273,0.596308436836077704,-4.13840641439918766,-2.15926001136806844,-2.62922104642454446,-0.151890628548964068,2.42638328581483265,3.36917940264680915,-3.21375394287379823,1.41176571917836702
2.72845980846363467,1.47806322675755086,0.555966303193664912,-0.601524971851648882,-0.116040924504867263,-1.54078482623264423,1.09550602444195033,0.112919085634858474,-0.144118914229232481,0.217930331185616638,0.824745509086210027,1.91593460567721241,-2.6303874419581259,-0.664859624303166918,-2.3692952725509131,-3.95763424508358819,-1.80778435946102678,-3.26365635808973575,-3.15082833753542468,0.881379440442710327
1.49299551906238825,1.88677104163691522,0.453105600285057475,-0.130508002397121708,-1.55635136648397898,-0.27098572615967359,1.2427224599170974,0.518806541415626987,-0.0525124781118360001,0.34607813472414295,0.308228514147741828,-0.421238997082528932,0.733700173980499804,-2.07331231429753426,2.94804560837144614,1.17529806784422641,0.0668406981336455985,-1.03132032138307617,0.857320058788592521,2.07915177049733657
-3.22219044741550409,1.76767886343776248,-1.35758124398684088,-0.377673354076369205,-0.30394869442439959,-0.352431493713757094,-3.07611357057424328,-2.18199412354406963,-0.833604383583262609,1.41622038548240181,-2.1363083927892248,1.06591970546076142,-3.16894083025290696,-2.54734782922705882,-1.31985591816160253,-2.66302999438949861,-1.34368583858394319,1.93804067231860766,1.79607421627300856,-1.38294957177380251
0.604893562868332069,-1.7371554642188729,-1.92098895435555339,-0.447208455509459479,-0.492671524392642113,-1.67250577963035107,1.64531360796657933,-0.651596766822433615,0.564985253829881295,-1.1716658266107518,1.16470741735571193,-0.489573437872173889,-5.39720225363816386,0.171347289923466567,-1.31838859838318156,-3.95569135925050608,0.42936449080059863,-3.09265743721768382,1.85118091535069018,0.445220377156741565
-1.23604332170720976,-1.76272655816059709,-0.608260762515623443,-1.4910804523473693,-0.317078474979440916,0.0316104139411760715,0.265267747882701632,-0.260177048634612662,-0.579042520336067845,-1.29161635338682435,0.375547127867686348,-1.77794460307061453,1.20222705990136469,-1.06543985907453975,-0.619328708562226549,0.474424146157545912,-0.363274121930066196,4.08230764045521077,1.3710749157023574,0.464403273137699857
0.744478363273963328,-0.0758736842501731706,0.780929780375287041,-0.832397939869260028,0.186700024322083769,1.65996450006759733,0.449516596570905536,-1.17037879155423652,-0.975956168934916213,1.25904615732364755,-2.47623911661807838,-1.26995805450061083,2.05515456173633249,0.6558802742446872,-0.170773097193873458,0.588662763021038815,3.61203901629095903,-1.03327441716675938,1.98334624936574988,-0.332366914763416232
-0.86015989807986859,-2.15872461013328509,0.182041502651009796,0.628244388225731032,-3.14078186210250365,1.15069186839274828,-0.64940624035993133,1.03260896602250285,0.690689372558950354,1.32261032236024278,-0.178843789273603004,-0.431117533700747568,1.43907367012603982,-1.38939641906912881,-2.09867611399289311,0.705875146373315387,-3.65909046669381022,-1.79529023875329319,-2.06486243380944101,-1.51751811633589639
3.26779439459608945,3.26886824161486977,-0.182513873996256848,-1.88573452395666585,-1.01514274720673736,-1.58124180195530184,1.56250268650148461,2.48396927975664594,0.892242439914650354,0.865262928865131453,2.1475648635241793,-2.13992051874115941,0.698135609171952165,2.63427306649048854,1.39194119212475487,-0.595883391992938827,-4.49182011816604732,1.12181825993411222,0.526552145431427365,0.171704307561078934
-0.144139457078127531,2.09204289860534942,1.7569707706707145,-2.33263300593959499,-0.630501487365016322,0.85351263560719326,0.366341518333165916,2.13100965864647396,-0.986211446942866332,0.593078782820663286,-0.652506918076924847,-2.91576930142872781,2.79311849189254202,0.955900262300714232,1.06337453087918665,2.86532696446971746,0.370327910829413021,-0.439413078995929574,-0.574773746768866944,-1.07273991968016791
0.502433086574510357,2.67716836167956629,-0.0144702197130253014,-2.05605233960187928,0.116092258097557743,-0.803829856609128202,2.75219491749626588,-1.52757602941331516,-0.985924302599451741,0.0984243925473147208,0.137622160281866274,-0.906832412885873351,-0.162957263360965249,1.00330601803268382,3.32221948141922985,1.79360680780268389,-1.12882843303842062,-0.529316472465385268,1.54623490153097687,0.376193687013934241
0.568747559441354356,0.476900690674268546,-0.674576016890547914,0.622746392885183075,0.689355118705466174,-0.27132926305454047,2.37992306688476329,-0.162186813473616576,0.421465163854545632,-0.673424358805857493,-1.97148144351815868,1.35300863642597125,-0.81127304981146553,0.526563091055949117,-2.0237853753629258,1.10205755240520187,3.52564733920964679,-5.13559209693086149,-0.586026624349314407,-0.817898950970218586
-0.170971313818492315,-1.91976045907158244,0.844984797075517102,-0.231701571312693561,1.06458026952160689,1.32076733491256459,0.378254663393290946,3.94400029628227022,-0.387821175575158938,1.22087470206858661,-1.03647190868501848,-2.22887955571719498,3.98318546058229739,-0.858570647375541673,-0.757822390765699239,4.9308566484240739,-2.28853124788130158,-2.55301395831168687,1.35804061442784074,0.927385442147012906
-2.19447717033698453,-1.51498047097316979,-0.214450645768810927,-2.59680495548091184,0.379998777168612634,-1.11375362294546809,-1.7659496772765837,-0.104686934620469199,-0.286270449729279008,2.09796680270655456,-2.50864717044520047,-2.24577584457701152,0.302069390811259664,-1.24362124592886647,0.972068603746823801,-0.336677482595939159,2.00780188195684905,5.08783824980834432,-0.940258916714490578,1.02793414425396579
-0.346762911397547613,1.12296513153426547,-1.06722819796756374,-1.17475140648147502,0.459253643381248966,-1.05201863898058301,0.0470891351677336506,-1.70617938770851851,0.510587256225353947,1.15491790537118866,0.385167228571008269,-0.861703034141816926,-4.76299259029458799,-0.323348658108707387,-1.72836834068838785,-4.31621853688262647,-0.794295506237871596,4.1432645330624478,-0.87712754527364134,0.273041100311810225
-2.6780497801375942,1.25480404106432109,-0.394796446182485328,-0.166632133261714166,-0.811346290304856499,0.0155617925486770288,-2.81422365458406487,-1.66619902429563527,1.43968669701782148,2.30978292914099281,-1.33814761346309696,0.523149327850346291,-1.83255671735648695,-1.63192181216825083,-1.33157057668343493,-3.20963399117433479,-1.85209514778926487,4.06431003937576207,-1.683357570994652,-0.977846738119088843
0.76981163978667233,-4.1792597663504969,-0.276056312993921193,2.32193386029618454,3.18107127101416376,0.111147287122811148,1.39186603500441319,1.51704832366803255,-0.19591523182629475,0.676549456525028514,0.191477622169158618,1.00996282650901903,2.30012013149149919,-0.394366742935369718,-0.72568329290476008,4.39568640770361618,0.289613302184265842,-3.23051064888238759,-0.577211236630125857,-0.907626460916413524
1.21360427974596652,0.0283330845790316678,0.381127814711256507,0.659415351149559514,-0.787026717877424176,1.78592150438607344,1.30794708177823282,0.985297094423129516,-0.79169312159186489,-0.967418918704068598,-0.260917114085098933,0.953812399454701199,2.46064051898097125,0.940090626245623229,1.89928707506388572,4.50748762821998383,-2.16555137189879332,-7.52861864464386432,-2.01966499032106084,0.399484756179680156
-0.618706647661747322,1.4443838341386408,-1.37245253429028291,-0.124906033427935576,0.29218176561119763,-0.249441377211973792,0.14667988014789704,-2.29286299626731038,0.260467250112940141,0.654966915015254281,-0.37252310063288685,0.600213277560740166,-2.20112801080481235,-0.924148628260991423,0.15140424911025574,-1.24044452394838034,-1.50089716806778339,0.886280151355848034,0.28673558021347989,0.402888822462778351
-2.29310058795748084,1.17791525075235337,-0.629350679235543664,1.93294993860819364,-1.68031964101409459,-0.832058089626430908,-2.76644776848688778,1.52645814972522853,-0.261440078116034258,1.42210080047028464,-1.37561176034659116,-2.05133519014375088,-0.352788621076729814,-0.554863738970091891,-0.612014581173862315,-1.38091915769617923,0.664488256333654936,4.94687285367619456,0.113289131333262336,-0.0290540809059630853
1.98440631980769533,-3.5851694517681949,0.56850895619866737,1.21660625939932876,-0.192727573703822125,0.181672053709053011,0.622631938087140235,-1.75941918094912442,1.00079040950318565,-0.45230338229252387,-1.64580427517412664,1.31391348565320754,-0.96815733203043508,1.51635787615416961,-1.1749292150960684,-0.903343486813670604,0.751633543260829429,-4.78924198380991317,2.76978805877214329,1.1799627822229044
0.420312707354442039,-0.207392212572933027,-0.247569670588839441,1.32114359076352406,-0.880758735387446423,0.283839068888448343,0.433800967926604386,-1.72993574091286373,-0.0188202808991898354,-0.349016876328537728,0.530709310900976949,1.46245883269312871,-1.41878284298271362,-0.654267115720672865,-0.3979581623290529,-2.76918645820511289,2.29954076752366188,-2.93109889769227294,2.83682688517436787,0.46877863167758671
1.32494542430680817,0.885294931473608604,1.22127470672299565,-0.0174729009545566139,0.625895415744355255,0.223755999038178416,0.418549296794413106,1.52781303638459431,-0.816148942742806804,0.517552099529193121,0.184790283827854257,0.517869452869461178,1.80670017491591239,1.33011748633956106,-3.49359042488714744,-0.301907856453724199,-2.20036662368624247,-1.64939422892224963,-0.11387820810420321,0.346002109862036444
-0.753519763602695347,0.832330746193147397,-0.742896431735954543,1.79423481725007639,0.628889440716177583,-0.0414386987261206041,-1.02048275330666316,-4.53184414227771182,-1.39603604248276714,-2.02123864480473925,-0.395775168764726959,2.43650625734109338,-2.41596501902682048,2.17381239756354594,-2.11593590654481067,-2.94505426408479876,1.15647138324796361,5.39350293970508154,-2.15798350249796034,0.67806805596828279
-1.56429408370670364,2.11220619351586203,0.0977753562365624301,-1.92681434803501839,1.30165711663206518,0.258711662880235338,-0.326003240736125299,-1.72084596175644822,-0.723322695893677925,0.72197035137485488,0.150631406829953962,0.483263394418833425,-1.39207625459721895,-0.801159336306197067,-0.257430350186520607,2.45038863837701637,0.580628569609742629,-0.517678320910809453,1.25049145012796115,0.672535441301958303
-0.973556157065155636,-1.50102800913968859,-0.527056134183081948,0.232284501145118227,-0.723995988804737145,-0.302192468323411678,-0.962733437201275466,-0.0365094903547865807,-0.111777808421110333,0.228562476486433769,0.418968674566125743,1.58880533516761746,-2.27640932544494179,-0.10937984437111585,-0.263782149639715857,-0.592088252764901513,-1.66738528590927548,3.7111055615296209,1.3192009491247092,0.573204843328029234
1.2953201938059582,-0.114927195613905214,-1.47705671080739953,0.737059737836793238,-0.915785667244168655,1.89259003636761203,2.34306604650570405,-1.66251929043462199,-0.716572812197704301,0.528677196532287952,-0.803934553050394629,1.22407874061894706,-0.748822683732110916,-0.578754053188010209,-0.535565996865003391,-0.672110588355665728,-2.49816307668128257,-2.76782478112763242,0.253935225922508001,-0.486480632073283625
-0.557620781565899337,-1.30856479597750619,-0.10645727352112172,-2.40414399333394613,0.474174978828914906,0.996454207061172603,-0.605404265047524315,0.687269547005143866,0.375244809776139443,-0.471594613868788648,0.626602665969300365,-3.06499297018571015,0.537432742642975358,0.0743367882215414805,1.52073473255961544,1.12516055067209009,-2.841370584624622,3.05154984103143256,3.6692568392621947,0.0780776214127595625
0.727227483600050961,2.97621943569702108,0.121248869122733416,1.13412396510897473,-2.31128155464222829,1.09177973183672083,-0.0250281372185030063,-0.897748728734022339,0.795028403325437893,-0.680440256524065146,0.965879094051780296,2.22575899833307878,-0.347579660998917073,-0.722844723589025517,-0.957925548788015946,1.80663972635614467,-0.649135054955789936,2.1583998642270914,-4.91631691466583121,0.206966784153472083
-0.563838644594915506,2.54242630636890876,0.735667730373872564,-1.87255134492121122,-1.30812640489874887,0.22102805918865942,-1.06125064774945388,0.583078577979973978,1.42004844645123174,-0.777658940277027755,0.0441662428780499397,-0.712527863494962888,-0.989919404711976592,-0.66225950902512376,3.36345907454893345,2.28712147673959665,0.380366624150474009,1.39587542128626452,2.66932056789423555,-0.886570142309007769
0.925922380392937727,-2.01279726113463875,-1.74943936855500159,-2.28807902256130191,-0.404766399510262054,0.786111742403315272,0.321438368967230104,-0.215250284381640539,-1.62828134530035595,-0.484796294949070061,-0.342707537128237816,-2.5042748482922419,-0.306704278820085496,1.28225632385706567,0.421998327602212675,-1.88379991832640492,-1.25132492393771089,-2.74968625191702554,-0.418341276688883101,0.205335768182807216
-1.10129008177938048,-1.64206192386837535,-0.944010832360224872,1.77472747693471655,0.54598015531294819,-2.77616539298152443,1.16026447015104073,-0.676041505961086364,0.552092428834751292,0.422802130490809003,0.663497498071714542,2.49557892776168799,-4.34838407375441971,-2.05819581392159057,-0.202512628792836269,-4.62545068707699869,-3.89867960939038527,0.281224006356319611,0.232540831099404793,1.38607673682776955
0.228578346974738528,1.85097795625329442,0.420178716470895219,-0.827705167949160381,0.609116090533981636,0.83437565273363079,-1.72161758413205201,0.806710108744979837,-0.0923191721774088425,3.81073879439991936,-0.162027564227260334,-1.98007347114920607,0.644057602464349288,0.359657683045137566,1.55981292823999773,1.23698878653679745,-0.590635027458763395,4.13771837169857282,6.76965417925028667,0.157531599651069887
-0.11511852375385366,-1.2631409878071842,0.238573265990771832,3.23794557212029233,-1.50380436463979161,0.82435855000026903,-0.842957153797176617,-1.46797196144711406,-0.383977164864628295,-1.20344552997145304,0.405461234052016728,3.22456046375494587,0.968861654306906739,-0.0520054211256870749,-2.72871697899294974,2.91461310036810195,-3.70197901375455629,2.36397218543402365,-1.45952953265108287,-0.155844696722945097
0.725691362578469334,1.15783273611378323,-1.36553915718570673,-1.58653011718196968,0.466733666492933574,1.27733034803562595,-0.218476431565881757,0.863519805716452371,1.13280214884497776,-0.212732449555290415,-0.713862899806426587,-3.37824462028994965,-0.540059623029278457,1.489687410474823,-0.660405175541292078,2.96146837739478608,0.807955220637666116,-1.93912218568713524,-1.82313741322625411,-0.5341527265040108
-0.461796713328498587,-1.15416384323172183,0.391528798983633464,1.16039914654868359,2.72579216033882066,0.938142852302152885,-0.12849921878248266,-0.475533184116529672,1.14147632853964476,0.671789287026880455,-0.00448321765960689542,0.201020676573818974,-0.717525508554132885,-0.844261333924066659,-1.94866951370403263,0.832113939758372667,3.7961812107762265,-3.29534889972797851,-1.64583055328929184,0.408727750527013045
-0.334205702605313126,0.427010143702611256,-1.16192644891123242,-0.0426054373731713162,-1.21885239235904552,0.183131670105053879,-0.829381851858591146,-0.812610210352487927,-0.463710290158522609,-1.69411105486284108,-0.291582439614295141,0.621724500490346776,0.728779085040117125,-0.936792056683044216,1.19773146015391818,0.196718923233998894,3.07606297568095943,1.80363773281957451,0.840270689217569533,4.03293366017408772
0.419598416638039595,0.129473100024282806,-0.717687925208174815,0.137870213069681335,0.587997823988632651,-0.017404920446237454,1.36940607283171656,1.2018053975438403,0.0415185220907997032,-1.10211023430449107,-0.137146237842424357,-1.2895475884000609,0.816718244978984265,-1.8704326319094291,-0.344849164760285876,-1.853246730717238,-0.15951912163774476,1.03966109500012793,-0.665229917304406615,-0.366956918392687903
-1.28696724336519619,-1.81442022752326704,-1.18106427327850771,0.987305913208514907,-1.03362026274878405,-1.22289425051979128,-0.109521435879749357,-2.12495340417644041,1.29839880038248179,-1.3075127439773695,-0.0980850708512146091,1.83360587344507731,-4.82638101397308805,-0.998815673566983198,-5.35291980217222285,-3.51928224807690881,-0.369260362041910095,2.99224429575966377,-2.15485654053760589,-1.37394484313751453
1.44066416986756307,0.242299354698901404,1.56778091572555067,1.95673533039146341,-0.221196018004489542,-0.841678972589518737,0.742920027319085352,2.20065093999979933,-1.57173278249595083,-0.142446457295542589,-0.306642418756714719,0.649819360426581949,3.38930213875543851,0.156209705252158687,-3.39124978508188013,3.66723614624613869,3.54487465317477568,-1.35563131973543172,-2.74622488533031017,-0.0381493038673185181
-0.718940544868642006,-0.998268330040334773,0.170271888996114396,1.01502755751979334,-0.220494068217854111,1.11397794738454259,-0.854814938619836151,1.84823953359152804,-0.89872441785819146,-0.565209732169872692,0.252832519778658171,2.09064201989328424,3.84325082933668227,0.726917610771673162,-0.832724876819708082,-0.173905011188602437,-1.35015444694637687,1.94750067851934516,1.09144142191082061,-0.627325757305436937
-3.45759876638260444,2.55379993557098928,0.810184124655370042,0.80537433409736936,3.18892886377250928,-1.12993347573053327,-0.872118536400912303,3.19856132157179474,1.39054753190891467,-0.216167252111373887,-1.35456717154879547,-2.32773507089687914,0.741290153143500552,-2.69657130136147583,-3.34501547540163147,-1.33204923283935606,1.40961190753063037,2.54223534483086544,-1.49754094059982346,-1.84416456890917146
0.257063486260821539,1.65142359291739682,0.59574194694637006,-0.368890283598655777,-0.491787555794292952,-0.960770848194681615,0.059135200082590593,1.7435960956359482,1.20105209592695594,-1.8695360947271662,-0.0640595600600615267,-0.225938475719252407,0.613534801828430898,-0.259429103953342399,3.12858188689479011,4.60702132499405437,1.25030200486676346,1.37561082697834136,0.934668796933067259,0.932341453412798726
0.0180733806071937224,-0.523091409179172295,-0.139822568488220639,-0.343504015238458693,-0.0367437736685225294,0.428673746322759008,0.120415407945254058,-0.191049158705504318,1.1616336805262728,-0.484685451338251361,-1.23254071608342586,-0.518791746996508651,-0.614009447615026849,0.62352863214895371,-1.13166845765298119,0.747686685543143215,1.61387412184665791,-1.92100725758977586,0.112494144138429619,1.2470972040075412
-0.824758000126628033,0.0746671326108304667,1.18152744108117469,-1.29246404984826935,1.83292643938825828,-0.846742504967231802,-1.89914670541266384,-1.12151187050099899,-1.10277958389973185,-2.09957310644395578,-0.718628628674253811,-0.522398499862005927,0.60727340376318073,-0.79919425461001159,0.999411597299470933,-1.77752675561783091,-0.378382501464598342,0.86883737144953288,1.93048684726168962,-0.421931551699698093
2.31351802482899194,1.07079090345351724,1.99672369831647312,-2.65079334263394362,0.622011674261123804,2.02814433732276944,2.56979750385099903,2.35318097883303778,1.31760626127723546,-0.0145376717233921138,-0.47538210558854338,-2.00131028410491707,2.46347330871766568,-0.101350561906932632,-2.05470709291634934,1.67974708386820559,-2.24913435393884775,3.23219437119852682,-2.30937031264689052,-0.113187097191007002
0.0816822756036985204,1.34527581419275677,0.0547802373308294496,-0.248059210011501635,-0.857127997315741075,1.69184578556140708,1.17986236912849352,-0.287318409808035691,-0.284642947186106998,1.8960045854499854,1.25882028262640899,-3.0301181036554552,1.37105000547824796,-0.116448095520595193,1.01415515719583227,2.83907653000700222,-0.352530681165523108,0.404099003159535064,-2.42032961189258389,0.0371861122072289427
-2.50976462440881809,2.74852383209016438,-0.931795090243835888,2.37420304140371519,-0.381390539594844424,2.60321816844030485,-2.38577959107336302,-2.2820889231166035,-1.66334561831478478,1.95903698427281192,0.0361075089997186724,3.22478550545061005,0.119732512735468644,-0.739868065014703147,1.61480994988131865,0.75500169835619102,3.34630840631239979,2.92052654248089905,-0.457566774552974509,1.1378832196276194
-0.754100894282056955,0.0689980388766205793,0.312030720805059003,0.580398369088289789,-0.349049936766106184,0.20046818099078656,-0.518251161158463702,-0.437307749254052358,0.0749027869265953827,1.65201943878665047,1.10018392711401325,0.0222156648922970205,0.0207681755006789218,1.37624801461012702,-0.165440733244679228,-3.51204921830450667,0.934665276687669189,0.011141709143233142,1.15767366401118599,-0.968595251752311204
-0.941479016773349997,-4.10567553983415756,-1.18146902963296396,-1.2340657132819095,-1.47837114380276158,0.292767261538241286,-0.66063115097747982,-2.31912195838722601,-1.476521703699053,-0.801938195356136752,1.62269275703951954,1.34597992723598558,-1.34496998538467105,-1.90015884039320682,-1.61308501633084322,-4.88684050392765368,0.98966675229090284,-0.365137254634852138,0.0472632589526911506,-2.32859113149212282
1.13201093025554345,0.255726124376234709,-0.336882936299125468,0.0462130911144212272,-0.165387808638534056,1.64016265429956731,-0.0320833544990198338,0.11357076203216282,-0.787786348203182496,4.11560544999710576,0.50904118453531777,0.675216162451895197,0.123665922280902077,1.18027120526490759,2.90928089954271396,-0.697343659527094317,-1.42121877043402511,-3.42880551124960098,-0.0628295026867665418,0.603244094696027355
0.766552532432329681,-1.07826791326848892,0.516799024092739367,-0.15206157423967856,0.527952050766603787,-0.405989039005290819,-0.306837923595124906,-0.427201204194239459,0.597748039983335366,-0.664244249809224585,-0.769133645353609841,-0.0502005732004219066,-1.97090522667005663,2.82199680047382584,-0.855454324084565565,-6.44696103671161413,-0.289911218723840458,-2.20125825936882658,-0.546732297541411505,-0.204028395367908122
0.443684118433558095,0.117698376789405479,-1.9756455887667288,-2.2663513098194068,-0.00171327100660580438,0.527758004272002146,-1.02388750411397811,-2.2516035038578579,0.46259204383276481,1.72153459704186851,0.0484882870919940215,0.509204246910988534,-3.87341386684866062,-0.377521675735070728,0.555342973314792321,0.437869141220848135,-0.308659248126598229,4.50824050947233701,2.00106214235934399,2.87776435965067812
0.803616235479739371,2.20374325147511074,1.16494578439007568,0.642025749793240452,3.03189753976332677,-0.616812421426890078,0.160259186302707357,1.47793016298776236,0.729748063949876347,-2.25900905216960801,1.33133353161505896,-0.763551582574598542,0.672235128011257177,0.0790627554926540549,3.81118623174835802,0.506278354321328727,-1.63163139863197215,-0.462826600607299243,3.04915628648417902,-0.740117381156341736
-0.554794253118889746,2.2582318386146385,1.20848446900627016,-1.96296734383570182,1.00532622518243486,-0.904054911780810211,-2.41779806371042971,-0.24805852719929633,-0.684385521193893842,3.03509545228937005,0.376615474626305402,-1.01073290089976897,0.413607829496264068,-1.26933485266766777,-2.69080018411788791,1.40253103748770669,-1.07633010317300992,1.92513703360436117,1.14174320825312248,1.82799641222671738
-0.943424359451340178,1.16839524485769286,-2.13514413713354223,-1.15821309715128651,2.17134385786197415,0.96916922437712949,0.578048508184582199,-3.27249391444166893,-0.0749314166522020708,0.614910052239763028,-1.58482076898857671,0.591230945444886746,-3.67351971409453704,0.851637547443966136,-1.08816005376905345,-6.43704288399705593,-0.00883521049821248995,1.49607276911849452,-0.0370540903586693421,-1.90690288510157613
-0.0232473823145483184,-1.42121396233480279,1.50920193011747017,-0.225585582390882555,1.65012504047984354,0.516489141258572482,0.39168163376040932,-1.22642858608975036,-0.290763813347365008,-0.481305264397116794,-1.22898677177179949,-1.4885052906020797,0.632515937132706596,-0.742416559325981384,-1.3249309102373541,-1.99839378196929918,-1.16327360994746076,-5.75751050509891993,-3.90626908349984259,-0.679231649709575724
0.108277332421054556,2.49384732786155494,-1.07954932622298627,2.10352848533719294,0.0350854380128937382,-0.718435410067345792,0.00585120382639803607,-2.37825462927870834,0.749102615877648037,-1.07173262790027612,-1.99361708199413257,1.37795089337298737,-2.25490886760993225,0.508261993344336971,-1.07879067854501587,-2.42225983908366294,4.88387203480434984,-0.733380426061789881,3.21855632144078063,-0.186462204263932285
-2.85732253936676894,0.715796115396907795,-0.464931854768279251,-1.72102128472377935,-0.194448215859088419,0.454864003145758644,-1.31174652378321466,-1.00557138125002932,0.178265648275497651,-1.60674325904901005,-0.0863578765707882223,-1.33394043979254318,-0.762131050909559238,-2.26340903092672052,-2.54258497255365334,0.842719612960544873,2.23733265057052044,0.902235635714688566,-4.46227613047015748,0.3548096493600853
2.46150061646253393,1.31774293172353696,-0.710506596518526989,-1.60020573082531947,-0.302503744959662646,-0.123883551720919069,-0.0311571192089684992,-0.293797613526840529,-0.996240248228760561,1.87123343983671053,-0.0807513675744139375,-0.023128505626253848,-1.5514061388915632,2.50833450671018499,4.20519660281122309,-0.64511429142203891,-0.683224110272603991,0.270704325497902742,0.535204715912271145,-0.618816899895291206
0.572957677582416558,0.62646890690306356,0.0644500425683520034,-1.24670923594681859,-0.120243601282086138,0.386076201951567222,1.05384529090128898,0.851680926047685305,-0.326923622866558905,0.0644985348150675514,1.77076017991825263,-1.70821768151272169,0.51453492587838634,1.24594311691615878,-0.0116165279737352849,2.79699046545727725,0.137464888233546162,-3.00421352334033864,1.93809900787869616,-0.590141128354178202
-1.39536107280680133,-1.35006350144503418,-1.01001637265884514,0.36341066177706699,-0.339185708475446657,0.228613176652190081,-0.831974567451535418,-0.640518661820808854,1.23396258207362175,-0.678033432700064109,-0.534906214210472686,0.362759601001603982,-2.78192665117464522,-0.788504291961102499,1.24169844436776544,-0.190578778985656672,-0.0400056486588209123,0.220210170911031788,-0.283891041510563769,-1.6679779409806974
0.948890378600244389,-2.22885451787612121,0.837250829864882751,-1.9910131618311897,-1.31467385094024047,-0.87181677132993618,1.16683981935796233,2.17500831036937958,0.381821747636906517,-1.42094070791200822,-1.04790707035537478,-2.38308820500212715,3.11488710477194264,0.639139711172001634,-0.275737568181274317,1.26819626470530333,-0.547726001525214445,-3.00225245008994746,0.0992680847263201493,0.388650427211239047
0.356862629753118499,-0.238331081078798079,-0.431630725277156346,-1.12056045753145539,1.06214572124370021,0.341742019594483637,0.336658654437273053,-0.550302039903631468,-1.24829867851251297,2.00189359805785383,-1.40094398067028458,0.163239414363218205,-0.331656285531647887,1.1716735910589211,1.65603908708671099,1.97470771505930953,2.12011916123614386,-3.85111517467204445,0.144834662075302101,-0.255547915121070668
-0.549943823945989063,-0.0914642547752894941,-1.1594769916522103,0.77507033554488769,-0.756289874832818731,1.39006647023213303,-0.354516040291386614,-0.664665012306829062,0.124427800459066318,0.251742841149627972,0.194378613949710066,-0.226402686172259032,0.151645622541639463,0.0558397864350175799,1.00087016852186417,-4.08203589919894494,-1.657630696721762,4.18760496834584028,1.95484299429008934,-2.40009865275425094
-3.21635845712691593,-1.01937236985302437,-0.0880483891241174155,1.90754360282710156,-0.974501733472077802,-2.51823186146385236,-1.10090488054525748,-1.52800537118621094,-1.85722350441461925,0.74350996520157564,1.23747568340239633,2.25752164936746569,-0.404106174279676544,-1.76939336831680238,1.6821319868320106,-0.822520753349563205,-0.425924233070748892,1.42307529523395737,-0.641710691344523965,0.640566454039521838
-1.05298343176075426,2.90603115598205308,1.06598711333392604,0.943709670602973172,-0.639757105583104724,-0.485107449097049337,0.105060999394779794,-3.41465560988571193,0.137529721983350006,-1.12758921368699472,-0.156282366597546768,3.33681787892421822,-4.52055227909018775,-1.47458831519365274,0.906622575190078162,-5.88912756422138362,1.64646110090291131,0.680411140729097808,-0.780046639941316733,-0.613782301936369845
1.42230094178850974,1.27177751834995045,0.239529120289587533,-0.422546098340732146,0.293314653462435404,0.550777435211611377,2.37234046055905168,0.601264849814769131,1.32308221729260378,0.574925708802715207,-0.596468741245701373,-0.493774377160048628,0.372056623448297263,0.503322304590789749,0.0708010652327615425,-0.768610837992530826,-0.837439814125824022,-4.33741265440351587,0.638419112165011127,1.04383509088693116
0.372873866317546709,3.00245333365765266,0.297692544403156234,-0.348372015602402607,-1.30878877320624865,0.377933219803312848,0.504266202226111071,0.987446426774747699,-0.630845355878602909,0.257375740084838711,-1.90427109926413274,-1.34976360394361228,-1.14795994181497352,1.14115526756828078,-0.0135047576840650763,0.15112426403637233,0.84482399763739835,0.443401092788851925,-0.586785421150987307,-1.21588835984196497
-0.390126945241506262,0.87028168449493859,0.193933038928058854,-1.07663400277795973,1.93712239563981425,-0.272172473348066934,0.594616708853519693,0.0810512969236026337,-0.0628845084576385438,-1.90761487778099137,0.873040226578681522,-0.280802127637754917,0.642916381383829671,0.274855281196927204,-0.577020418948664182,0.246061721258402616,-0.104312885731034352,0.980704258496521875,-1.35646383909163171,0.933801096464570102
-0.404516682787455006,0.743690860703865475,0.0537981078789779993,0.917321734030482228,-0.391715772615115976,-0.0226234657921623623,0.766157956423681896,-2.06331725140439337,-0.575695974755315865,0.0937466650913621885,0.824872357318541249,0.736705851230804565,-1.50896331739350265,-0.59204689916247788,-1.02092999665866335,0.689306236421509122,3.51704041735626438,0.36372160180734936,-3.82553361010886039,1.80166518250332497
-0.249418567218888637,2.03742612384756461,-0.219858543023177699,-1.5821007873911479,1.37188665994888415,0.448131460988270225,0.209391815671873205,0.0528492447230493531,0.722859513084783578,0.225970083090214158,0.437734866037956138,-2.43130288214634449,-0.462008924719292668,1.87025449812853206,0.85680051930401846,-2.15283827782862591,-3.55025284573653499,0.882131888476794246,-0.319177604441978402,0.927898527284551355
-0.133686216272810909,1.13296294431533306,-0.0434355066615285945,1.39261796374309288,-0.99206295116112464,-0.71152876527341935,0.319851273936489489,-0.912786466841134514,-0.517864137629689525,-0.157698947841133558,1.20978433829107956,1.82963401065030018,-0.816201460854522942,0.725269060489427964,-0.0665292930451013981,-1.34510506115736383,0.648983827467304764,-2.87225490616261903,-2.01588637812751026,0.606304236184782686
1.53339650014908435,1.53932376486217382,0.693177780010223565,0.793870914132702055,0.566101587774227588,-0.807792016323770956,0.328042988304044381,2.79511147668878035,-1.0869987322072765,-2.11329520334146048,0.175314719920129314,-0.0500765311191199228,2.73817465800171878,2.17482942576106941,-0.169765216356707743,1.27958867964473,-0.653638641274873478,1.63205857251428466,-3.33329778883551064,-0.990819552672110415
-0.431002054562993397,-0.921358141715435952,0.105389497674192742,-0.360526711166407443,0.478685926359742109,1.20945464976403771,1.0426955781556464,1.25796519343989122,1.24243450192325744,2.80390273500620912,-0.177769972619375966,-1.29473303866345235,-0.0854869171514268944,-0.787691474506327372,-0.00113496359595855736,0.952774000198207127,-0.933281127270689015,-5.60433069649058524,1.23648613574048527,0.706360366807479378
-2.93254067994613399,-4.00065560496377781,0.0110330107812454826,0.978867914837445618,3.12829849098111978,0.48187928655164336,-2.02609700830697914,2.91134382351447396,1.54152130131972886,-1.48099932753626118,0.132496624356504222,-0.366229008648254695,0.923747231178174255,-1.41598229754371951,-0.305463590760572057,1.10749629739030242,-3.23955220784140696,6.33862980895484096,0.913678750494202663,1.85150847389181572
-0.328208076138809757,0.3775819898788636,1.02742082372831556,1.03380365148455922,1.90977728506611033,-0.180493069078844187,0.961545870163291072,1.51800436025670793,-1.205665093716207,-2.0824841231781055,-0.0486575783799390801,-0.249936341289160258,3.12201074381419685,-0.573830945812397908,-6.74353334417740058,4.06373913703611755,-0.695257229054585313,0.813939674318402862,-4.26941816681715647,-0.277689287723675016
-1.30995837089851852,-2.73576261385369479,-1.37663387427595141,-1.52258891709519739,-1.66307450732671103,-0.875638244404392863,-1.35455439784481979,-3.07245141557595058,-0.770345901545476996,-0.260552709184963649,0.181052630988286029,-0.183188508173024373,-3.58392941994718894,-0.244306772709021458,-0.228492954260296061,-4.24940144280771204,1.07720234465987752,-1.76908154020982322,-1.8882478401031606,-1.47058820716614402
0.564981208124710421,-0.534404574607623917,0.907013104223281408,-0.851409567565967418,-1.5350642155677896,0.42563337184665806,0.00643141402596795857,4.17609721954616564,0.70273447278626322,-1.89393369514573107,0.173636927730658835,-3.9193214781829071,4.76564114625240087,-0.171986661009742609,-3.49986538386879165,2.73353154628629857,-0.263779118894675035,0.951690563435403369,1.09917415897451098,-1.02583881487606132
-0.361930334337156601,0.865835324948596163,0.247816614167235855,-0.404645547285831741,0.734428963577766769,1.58627308760038876,-1.03796029562948444,-1.0874750222290912,-0.82665590915103826,0.48976042478124665,0.935092628947063353,1.26763889200272883,0.508831670122132373,1.01060116801287569,-0.149832348168341095,0.240687194806572941,-0.538431510047722495,5.10745294384574677,1.13167667238175751,0.404901037944014441
0.991973070970104787,1.24084586218399462,1.70076340580726182,-1.13845804095867553,0.0229225528175758843,0.600254493823090596,1.06137943727720518,-0.523428687611043109,-0.240813078578940382,-2.62580321983784604,-1.68965652906085784,0.163264667184867124,2.10280547922089722,0.697573956157587882,0.991382365024135903,-1.80579767478816811,-1.35204035531100208,-1.67185754852663004,0.218623831415421604,-0.814872782447263577
-0.266173247405755542,0.759056911008990975,-0.410491670848442347,-1.35224457260548858,0.370961827688870982,-0.376536234051600693,-0.278306843927987491,1.43801490979351909,-1.0298239755600278,-0.507182847630700651,0.819040383668999783,-0.0366790028153068173,1.03390009779420078,1.69331757391979876,-0.655380843815144054,1.14667984902177889,-1.62593041942860261,-1.01267161873490008,-3.09926450487991945,0.992782200166920425
-1.48212169726355047,-0.503888146458606689,-0.564385112639500419,-2.17373481806032531,-1.39057489606054152,0.949037994665062001,-0.945379917733830122,-0.0463886301313664942,1.11409099515513366,-1.83288007700130917,-0.533258086000339526,-0.30056230613884477,-0.46007339573059991,-1.22399826775632414,0.0356188209727750366,-2.79661417815692426,-0.256979117521356326,-0.431040239607396736,-2.30979585050867975,0.72496097803041426
-1.10152895851738464,-3.78538681984209457,0.196017823027471061,0.454885561185903842,-1.68532064192461672,-1.81426083826337603,-0.330854400488818257,0.0354798618355733619,0.447306667859862284,-0.221338417616610689,-0.433809452329514011,-2.19630344244377795,-2.60336379144955421,-1.52467150789244532,0.269114695215399879,0.100641980606724774,1.35728357656866949,-0.202278256314790378,-1.63839253893087156,-0.510510188895923034
-0.365617068151879721,-2.98232174054815635,-0.0567394751258945076,2.39951240725255888,-2.5630545647541223,0.0104432715176843369,-1.31665473815388889,0.257410816542111731,1.00260529107929108,0.610113304261312939,0.00442341866014771875,1.96355244927028494,-1.18812309518775594,-1.01009219709244746,1.72345380586428698,-0.421331400079906659,-2.02242958872549039,-3.72502907586889664,1.21250799392680242,-1.62852211919321843
1.15937985323420634,1.21541769004930011,0.463149781793631643,-0.963179387109672769,1.21882058586777586,-0.0996447281694979314,0.194386159578449069,-1.84290065484121257,-0.481702366997670883,-1.3877009026110998,0.0431162342226258863,-0.596335861907908771,1.44497099931525064,-0.931893152767938382,2.89269939609837046,0.835398845182635408,3.31014859463989941,-0.54762010449497156,4.11703357693805128,-0.254524621307794907
0.46328239533289195,-2.06180985280103801,-1.01618960023382976,-0.871535721195419888,-0.00698661050427865603,1.85312156267779615,1.00049239401028545,-0.593644999581996236,-0.295191803550479526,0.830652525368971384,-0.766786748750515446,-0.896800526098305517,-0.595688850970256367,1.17394527536256676,0.930046548666439432,-1.86616102872182288,0.377213893824911328,-2.52241903600376816,-3.49059070060615184,-0.699007069594713482
-0.00812362576336633085,-1.76863729188774887,0.88296826151000507,0.364054996681452137,1.01237036849731998,-0.571034696431242383,1.1840354795880681,2.30645053622837493,0.260183544791628196,2.13613217925809762,-0.166548148873650298,0.244471459757975879,-0.522125746978566285,-0.0772620442250076811,-1.26035710993716088,0.253709274482937841,-2.08129339641499156,1.65242124267226398,-2.98339367981239434,0.373239867183179252
-0.892917035926959257,1.92561292032233311,-0.205322131496889548,-0.249027336714054942,-0.224247532185093967,-0.62783999187366224,-1.14476109483838839,-0.744366234263092785,0.58215882361678728,-2.1602371349259939,-2.57336517905714102,-0.861499580506328355,-1.83805263579028177,0.65012960038746348,0.39998466121123305,-3.51592668190715418,-1.56926597951172964,4.4967863338736187,0.72650534116909149,-1.37597904927433712
-0.0250735794210507658,-2.35062606501485627,-0.323614102053875752,1.43523491115995627,0.199278114427523995,1.41465673093425193,-1.07031329240941764,-0.226846933729865724,-1.22324509718747931,-1.3454644167226677,1.5063866969001305,2.11509021507613548,1.33792832774562109,-0.855079102849211625,0.783634688000703683,1.07025816535205931,-1.72788121714791232,0.437197572327685524,1.91553698348190515,-0.435492218328812297
0.655810633489528838,-1.99334989163920939,-1.33226931623627221,-0.229046292727840439,-1.30915111056523048,0.842075804579799247,0.232435212529668339,0.414712985621993491,0.00822104933919099584,-0.783061649357521317,0.421174243027272299,-0.78112539631082345,1.80623015651201024,0.964423077389744643,1.5563942417015626,-0.485806153223639792,2.08479987216220586,-1.59385212331142201,1.3085793868373623,-0.835930775681408278
2.37605416966041672,-3.30115324002529098,0.309341704765318859,-2.09439473340894855,-1.72075461622037884,-0.507869502356494751,2.49821156037644299,0.696991989667890444,0.188054533048996414,0.250744805360772594,0.42419149910634657,-1.60393528767654958,1.90209007222409809,0.646562092202872529,4.47134917337833127,4.27303342799021557,4.20670712710942141,-2.85018772397272491,6.40860554648888225,0.287222199112433074
1.78839666594435687,2.19126734680669877,-0.634508194571334894,1.3033562095451543,0.542371919959940274,-1.42477844215938187,2.47007596505955673,-1.51047592548282772,0.642042217547662886,0.448081559900048609,2.28413471441157379,0.639716319730180616,-3.83467626145445628,1.14051821526641683,1.60216713176053216,-4.58535033813178305,-0.390733778747649418,-1.72212048310792243,-1.72511419399946098,1.07383352569364865
-0.215315231229878945,-0.287567614930552939,0.333738533882436739,-2.34480019297380426,-0.791519504309862842,-0.697170070627840643,-0.968325363026008135,-0.0633569602952806094,1.26895236086144725,1.63961500792691761,1.2759283942846249,-1.34809061152334886,-2.59698248249918562,-0.193899798901147752,0.984523851608889888,-6.34001399804277987,-0.188885260334088478,-0.848697800623631426,0.0938345364122424863,-0.416257576562967635
1.21301723166212505,-5.32861372695314994,0.321124883696499386,0.035618789251485268,2.23608771995006661,0.755111727542267075,0.6065600174734187,0.739991656965596101,-0.505685286244865972,0.451161203681624323,0.456812416435608271,-0.0671517339360396814,1.08121530387796172,0.808239576604760201,-0.195161481513647955,-1.87426007190833555,2.31723651256133545,-0.16215394121370455,-2.74081835677758789,1.12812799695362753
-0.348057637548774446,1.72318753551880244,-0.443762583950637279,-0.127476665134006184,-2.02628266905639398,-0.823319118807151584,1.00458520447118249,-0.957764572758659893,1.56240949438453303,1.47145966553500851,0.316523115024609558,0.664697887710310908,-4.00221088965898986,0.23040969788707874,-0.0783114473576478204,-4.80865399067177268,1.85256820115495602,0.278452966584879835,3.20632622877606455,-0.541952335702265864
0.795490105068841102,1.43438758336758698,0.858119213835803807,-1.20937844050462284,3.23491359578325488,-0.223788751556443039,0.71992682314119183,1.89097377898613228,0.233249920478677375,0.64900419025629652,-0.545731096682964822,-0.523422602493907485,2.24908835590269041,0.985930861217148347,1.08835431485353773,5.37988769847429182,-4.44450609830573296,-0.576613958527672721,0.740669736806488177,0.530565476869401476
-2.23065853027709293,0.458262101677528788,-1.25252273821385618,-1.28092700849198859,1.72181480790958097,0.772211946653983627,-2.76761709558881375,-0.298150470112985955,0.97185497966258938,1.18835274595619866,1.43648874823736539,0.56002941555162955,-1.87338470411411673,-2.03694440332751014,1.20833887558483277,-1.46776597300559275,0.513017059155731703,2.99204283852528796,2.24462059115923784,0.111709051043188179
-0.117129663095908845,-0.215231645819257994,1.18004100345135399,-0.373472228494469205,0.738381212072808157,-1.4185632112871347,-1.27070068047275475,1.20248810758890246,0.592752138433440323,-0.76336559790175329,-0.361822504380364951,-1.02275412878371541,-1.70763068004377083,0.0888092611821869604,1.49027029181243531,-0.544701290142869943,1.45930073172692798,1.27161560452231015,-0.581304992709584911,0.917622648763658399
0.186852504074443815,-1.73938463637048457,-1.20227970878590207,0.697907756912076405,-1.47648322111382058,0.549836025332424927,-0.561131920117832417,-1.35511166208007938,-2.53593513508254276,-1.74554276589151325,-1.32908890190108764,1.28210512513730035,0.592239220366805541,-0.788066523403685659,-0.15349376514538321,2.98706851494043768,-3.64462708099967836,0.0816827113273165401,-1.67315601471721864,1.57847326491729567
-0.393776070321751603,-0.366379158493541746,1.755335694917044,-0.800763063303126299,0.593778479359090561,0.158636422437935881,-0.969184228981619156,2.68196827687976169,-0.105256717334702779,-0.647776087434367653,-0.301486313166962894,-1.82831121348095227,1.14256424127198408,-0.189436879228343652,2.57030808720486847,1.89915782029208779,-2.89616249317155017,0.187241760230646342,4.40692790733321615,0.675620459572438881
0.744178207131044878,0.994887490315289225,-2.66476610210631959,1.38779664790422674,0.771261715470930143,-0.750387064699159723,0.266659882542646165,-1.01900917712891359,0.126620043602441251,-1.63768745256277315,0.501327087036313124,1.92640511107960299,-2.50218414898624264,0.154255758432777335,1.76416599403211194,-4.44451399688583315,1.55615272243457392,-1.75886730157850191,-1.31936460576291736,0.592303818082301703
2.4304471220992423,0.299565447996497369,-1.39076726543113338,0.544473406022430551,-0.487445434932216759,-0.561827917343381,3.33957561610797216,-3.94569573255309169,1.15224094235265162,-1.47337635790566179,-1.7405151587082357,4.18059979297039508,-6.03517581718537333,1.64457349105872352,0.0453153968346396846,-2.01367369852079037,0.206981730179823353,-5.63579532964364738,0.353854709468693462,-0.907986423783462504
-1.49522971321193432,-0.126097908656736979,0.0924770206999546429,0.277158307869926013,1.00423724082049071,-1.48241573139324667,-0.780891608545185467,2.10211255400055386,-0.965271289808995236,-0.412573955716555141,0.423045967379408749,-0.516836668878708272,0.994592743719292627,-0.147762489741032399,-5.0174553084902298,-0.102860486135398416,-1.770336888602698,2.66829323523072182,-2.70544203175208064,2.13944194952315581
-0.146444428424536782,-0.789997611320220616,-0.399559675387518798,-0.3462611298178353,-1.52610285789134958,-0.977174643954051403,0.457959023540865373,0.397756357976098762,-0.224063516038841198,-1.25582939697484708,0.763611295501839593,0.120330781900735304,-1.7925492623095125,1.08971317483060992,2.68211024714030355,-0.310446399228095749,0.0641131059403485248,-2.1354899696166143,0.547889986166675724,1.22039585448657473
-1.18970694838686408,-1.03987403735312056,0.0596582149053690516,0.179344688414852849,0.74970598465401217,-0.580309261659340714,-0.935526534416544653,0.168790995467607369,-1.18099366833832264,0.30399618502683462,-0.488798733915181138,1.71260242516607275,-0.216319748525412608,-0.486942373730998801,-1.95185715360009659,-0.529672558213324818,-0.593991429262120674,4.91864144006877879,-4.84034115540320897,-0.53761726980597857
-4.8035144076825933,1.50840665757009385,2.22519195733186192,2.72525428193861652,-0.0913277550598605437,0.753301006520520899,-3.05285584980896596,3.81946669392510563,-0.695126562290767969,-1.54927435067849784,1.42718242916309257,-0.123747286512792903,6.40204168896491677,-2.7117862211159145,-1.27235342424137343,5.68187000956255783,-0.782634122867618687,8.80967280325201152,-4.50715966939602186,-1.85479579403166195
-0.818929649380232827,1.55262030383363991,-2.22970405525918602,-0.188463524613480427,1.82864897171857765,0.332990759145874116,-0.104661152551992903,-4.47748179316128425,-1.12866373887429239,1.69470522742078478,-0.0890628170111986972,1.6257525913086901,-3.14039010298022259,-0.25026858046404421,1.43334559860635369,-4.28666152107670761,1.04354952881771856,0.413249289407204567,-0.125432025431489985,1.17567346157498354
0.721187096790561699,-1.5066045155870107,-0.722976927753876564,0.586154567480460242,1.33269553798695273,0.790594642770107159,0.698064775277988048,-0.200999373018221322,-1.09805198184625308,1.59972430265812338,-0.747254474423376558,0.95288296169078901,1.85107403113127078,-1.74843121420418157,-0.381879115017761728,0.0331003732242861476,-1.37740561779406434,4.27266354815974303,-5.87172997066616187,0.293416221550265643
-0.448270690562396212,-1.11355356862841814,0.590685863971402769,1.49857179395017437,4.51418391461790502,-1.96824374650702594,1.48082284275082299,-0.364194422964926212,1.58761023401900658,0.909515507483566354,-0.742608127745026492,1.55930613802031481,-2.729548385820181,-3.28248906215806313,-2.23588579503401075,0.00687150840225765787,-1.31544633355558482,-2.32680486511634976,0.875107498919477034,-0.870080601971409462
-0.182666912805470344,-1.63762267318670918,-1.1106489353593334,0.175385784360187175,-0.887961795123639819,-0.128872893878072353,0.302835369901891083,-1.89295402306141303,-1.44383758781090443,0.450174809343744431,0.468276893617916801,2.02103628602850716,-0.556862208552027504,0.973977567550827428,-1.6463546408970271,-1.16841361213707429,0.0757579445450986683,1.93933824032441304,0.652725796500328359,1.85860237189006705
-1.54730896078810276,2.24306139521866577,1.16659185383547626,-2.87267366337599661,0.204246281804499219,1.03015261816517523,0.653243019249028389,0.473261611793225678,2.4553808148832994,-2.00800945253164009,-0.577798066921723086,-0.666241125212074015,1.26967128587001432,0.935520152662642657,-3.82553319229614752,-1.41184260864735744,1.40026670682351595,3.0752776410474576,-2.94472734578392981,-0.31817855038590126
0.704653745275841237,2.44077505757325897,-1.07734397692421124,-0.0467356532520446927,1.38372942988484504,0.363038109393381825,2.29260923843571573,0.973510376112865394,-1.02294172437355324,1.85276709196155509,0.179555751225271981,-1.21047165180823146,2.02324584768891391,-1.01228436655144383,-2.90189704796815118,3.18050182652871749,-0.965128326897897626,-4.32113742049059457,-0.766585124906024484,-1.23441865904041026
0.962427379158615426,-0.73208857292014462,-0.0892071117580084255,-0.0464660909819145374,0.766971775866514438,1.05822142538440866,1.9226827630805623,0.0685145126951484662,0.246560138068026458,-1.69456179083576197,1.37703240895951096,-0.970009265864232195,1.33203988088397107,-0.360915892620841561,0.861048815784668298,3.36681559042339229,1.8505084442127453,-0.235266844657937013,3.25990265355595188,0.469116813218240669
-0.0160027546577993507,-1.82751393164243803,-0.367432670625768232,-2.00911642272329471,0.448715689936862838,-1.43979291439590362,-1.67773979512595384,2.84270493041736882,0.892865443860485386,-1.87282852162647928,1.66608569767105008,-2.39311349638574145,-0.205683810189241589,0.987417654501750675,1.25812538741719138,1.62103943110244453,-0.17847483117418339,1.59357883701336545,1.10695242785591996,0.939473107229332749
-0.729030475870498296,0.302298986282949878,-1.66840204503494305,-0.164004064822570822,-1.24300165978456967,-0.583211512351736738,0.213207938265560087,-3.49536765756691681,-0.114996122902785269,0.75397490885390861,-0.0704208311153436822,3.13483912358783945,-3.61108937786265871,-0.698692420182349894,-0.284984140362978977,-7.75523290807537347,-0.794755927105137983,1.97260812614675984,-0.203493555613736388,-1.78823723898653641
0.778347065806760607,1.60182473306763473,1.01616086488331026,-0.632934443128623236,3.09727857874561918,1.45717241622008142,0.672888014260785483,0.262908221077871818,1.50369582721868977,0.00405749556375716025,0.708028569102874927,-0.69651098809314349,1.34224002694638878,-1.79584102959276115,-0.206364664816719168,-2.18742995451777178,-2.80726913771049924,-1.52781861972131705,-0.919139631377350108,-0.207073573005027406
1.54365706865552776,-0.759505913179453263,1.33603689770272127,-0.565226082301816812,-1.09660723139019467,-0.27362137303954237,0.504463635524225018,-0.248212086027378015,1.14747801683978512,-0.467083466493032451,-0.273133334040584763,0.996228142946127937,-1.29370635720472515,0.748680613224591895,0.196317158687556587,-1.94390963315671361,-0.0592946105270893767,1.70695295897254495,1.71534869183874594,-0.328639781903389661
1.11673648665030156,0.251716168501252668,-1.1470160784379142,-0.477152354060603856,0.375192620216673767,0.816880049712875866,0.497217023855654972,0.872065873762065347,0.173293116390542373,-0.46323738018438948,2.68512364582837426,-0.31488143551502884,-0.0163208384295108269,-0.122991768596304021,0.548617810184190979,-0.792452985847349911,-0.299573563981607338,-2.87947778161138057,-1.07721521318074975,-0.303802710784356222
-1.14756567454087932,-1.81854382829064831,-0.989891362005852704,2.00136801345625903,0.60230697895727614,-0.744955168857784122,-2.08100888952702023,-0.415065340238700786,0.584195096044836437,-0.70488987829605787,0.581474803738486257,2.86305066523327367,-3.08595523644793657,-2.87927627851219903,3.23675053877021224,-2.99983773930314213,-1.2329065208968184,2.01844058200262788,2.57559911174502076,2.20741796494733755
-2.22933094449649349,-2.56700416230411799,-1.07468826026325948,-2.77212767236937818,1.63170621566184582,-0.195262999039392204,-2.64286833440064939,0.863234566703021566,-0.188451483351269267,-1.61000841776074588,-0.51581317049742792,-2.10122181223627225,-0.0949623620418826864,-0.284229224499350175,2.72865208628530276,-0.476274937751223482,0.46275714564913506,3.97230141588266328,1.39130385875680718,1.55077616142076513
1.08650875738508024,3.52381974189761804,-0.0718277113171240378,-0.0490391532924116733,-1.86604271311674252,-1.61776799490427936,2.2518152611202642,0.302514149085319206,0.125275026108099791,0.407357539795340173,-1.05937602598365133,-1.25157887381341726,-2.83290491858119919,1.28223604965570126,1.03457918705769369,-4.44447180612833126,0.39189615655616683,0.942740274736269868,-0.586549304480671885,2.07106068825336953
-0.737608895598637515,-0.0225299625611576279,1.31590385599491899,0.0866235181079080263,-3.06268997103880825,2.05165927542293769,-0.194299080776892785,1.15566018479238286,-1.6673711053222573,0.140818265279536087,-1.50896632467106184,1.27023254499424354,4.49604228381667959,0.442630648452112418,1.49726996251769462,3.91434021917365893,0.326150878640700026,1.19841748108701296,4.01353571550345034,0.950688721293357464
0.0133914074999034946,-1.18948768576906327,0.600016069121238282,0.654765799119353287,0.764293048258039898,-2.04919817744053079,0.363361145108694827,2.52544584825250507,-1.90781896373262394,-0.440995097090523369,2.38746375930815224,-1.54241063868798212,2.0627632862691887,1.15384286008862524,1.41374652599986494,2.87656588794295764,-0.606404754365298615,-0.495096441739513282,3.70843380788636523,-0.943658492758153278
-0.288068801659151941,0.4938635088148699,-0.172329724610385454,-0.126439567714567769,-2.01674680694179953,1.36352218732625929,-0.80663969424687354,-3.06186742315312488,-1.60780777912046391,-0.328137653638086557,1.03413959262931976,1.87109244030584576,-0.243856895308577737,-1.35602073715309857,3.37077670861072898,-2.88725042617075811,-3.11851896063334255,1.89086616206009239,-1.66212235849183587,0.639621324770447863
1.09876539768104209,0.699426416663974981,0.482434230582624302,0.227732166746559467,-0.837994745151140363,-0.215469075393375092,0.814473708477008729,2.17634291854589312,-1.47507922804851765,1.16540033830932277,-0.364249367457370465,-1.0659803881793164,2.24725533322818238,2.65407526549234962,-2.91181843464093859,0.464985493193646959,-2.0352910399931079,1.26528245813758011,-1.53184121546396579,0.615668685954124162
-1.95157622179124313,-0.300622752853625552,-0.829742692309794583,1.63069939373081563,1.87351666422296392,-0.358592264334139044,-1.31815264740132188,-0.16875463307830979,-1.22596894018879321,1.47176257347064809,-0.164604282669230745,-0.0452582502575288384,0.250150100644906781,0.453962909249090107,-0.588808918736865139,-2.77937207197127112,1.85386777099845346,0.257436313942145223,-1.88968353868682781,-2.47212135889513585
-1.39125142259613144,0.742763969265255786,-1.00502065239702354,-0.730489080206886854,-1.32288854905345232,1.48798625880267532,-2.31945850791931596,-0.408120027648808725,0.631890488389651783,1.80735464337682816,-1.4952477239439701,0.307704554512226391,0.0897280234296030793,-0.184980483895097358,0.468974518972103349,-0.501049544957369308,-0.342307154041484318,2.98131195229870904,1.25995708867033751,-0.365473301264487682
-1.13104599998366306,0.298666016338164364,0.291950992987799585,0.630024248996660652,-1.50640065779063081,0.0166971197619216437,0.736680278303720848,0.412234656137928368,-0.0209317582135625374,2.67872194148013953,1.07175909488958121,2.00504132914480993,-2.42087984963835323,-1.78234717937450715,3.48386228604437198,-1.60076520522303634,-1.4523729254754536,-0.714431016074222436,2.83832993353653906,-0.921864642293820924
0.57574349966578986,-0.710044567740907961,1.03111319017972769,-1.56698636258948554,-0.857849974103449986,0.33380303741319689,0.303315663199887731,1.26158691961880276,0.766579043634464607,-1.90317916785665919,-0.0206635293268233912,-1.31139967571870186,-0.722845176216893259,1.83020391935943305,-2.36045515648676885,-0.745703632303921782,2.64768809266958005,-2.81271414418365273,2.04691263590853456,1.92154306361110638
0.232072073181376681,1.50222252631043385,0.996557420808058536,0.761456600970605746,-1.09131365284495918,-0.405881217944344952,-0.658361180749944319,1.23210533402344424,0.452603673596710054,0.957221670041424333,-0.60890492484014469,0.169794596293017713,0.655812582666484456,0.0854206363568209698,0.40309013702376828,4.07822676887632518,-3.47602627685071175,-0.070009721335158856,-0.756371057651163969,1.22610411731997204
-0.875818323600241144,3.59502329534370135,-1.0646126394658848,0.106128211446379309,-0.900786371173569633,-0.0527609639199089833,-0.394727076274678346,-0.539804051714328659,0.716786177777252842,0.586619593268472461,-3.26537675394203886,-0.773856563076485537,-2.15576917614930208,-1.15391966740643381,-0.834230840177735966,-2.75437951737155284,2.75750845936667899,0.461604127259559627,1.09676346506309974,0.152834674407204413
-0.186621548596318604,1.58834081034387142,1.08845998635281616,0.644155697616833334,0.164963448946678248,-1.04856072181448767,1.00021578232501351,1.11053585637210861,-0.258836915416598035,1.536840247800769,0.220419195426209635,-1.19789946537182179,1.32318103209023374,-1.34683191565089944,-0.483355965120588704,1.15319209708606407,0.176023834005749058,1.0351710521211106,-0.77512200419692634,0.313627437913316598
-0.65526139852210552,1.28069943853616364,0.647944306259527369,1.30747714207051358,-0.223364433093701464,0.274673362858694703,-0.912843600171250769,-1.21078271608598653,1.24030055324690069,-0.835553906214254294,0.0332688411334702908,1.91947899499010965,-0.625466086999262427,-1.72692123318556412,-1.25795882368865497,1.34105373808358452,0.0475712107540099335,1.32143190909107511,-5.21434775950610607,0.391970150309218113
-1.65469681434556426,-0.518945982936910744,1.21206154904435826,0.0920777657828447949,1.40247040145900859,0.108998365535339078,-1.95102011394381347,2.47341414930289893,-0.00161138171101229662,0.569811797944445364,0.934051658331044088,-3.43155111255678724,2.94631493488933494,-2.47880813218378204,0.484682233969803589,4.22175216159275646,-0.726574050410392247,5.70461958644477374,-2.10839833799381404,-0.408076748882710116
-0.630111856224844891,-1.49830038328187931,-1.04460569597484976,3.19936354654889588,-1.13704075095508594,0.966401866121451403,0.649674459252947645,0.491305670511171244,1.00814738207999333,-0.999609345409227745,1.38564953348603015,0.727024551916388484,0.563459160261709613,-0.735641325691972159,-1.56099256035415657,-2.74361552407903231,0.0200955232895466372,-0.148207544924872953,-1.00133591988228443,0.440386595009885362
0.257150613248446069,-0.862886226270129231,-1.33901552703046911,-2.40856993679359377,-2.70212565042625918,0.485280866110385178,0.845056041397955093,-0.032158186159783074,1.02324714075054635,0.0968393501504015708,1.52305995061281485,-0.775836782503317113,-1.28481660051161639,-0.419964887426974964,0.607644968954999642,-1.27970529542810318,-2.6791691353530962,-1.75112161010915668,-0.112232767560006344,-0.894002442279260623
0.589058296226112832,0.411808782108706195,-0.135043453427700522,-1.55570178573688267,0.84475909836438634,0.691963235426503287,0.502886718383371512,1.37313226434282121,2.17182100250743471,0.0124705695674276959,0.521640392056737623,-0.322265596642670793,-0.481635937199776376,1.11691548096668014,-1.50730194495623415,3.09467638344179807,1.18204009529365939,0.500930016792945798,-2.15544382212861851,-0.205401377228141335
0.214059902072360975,0.766928498323607433,-0.113670594755989757,0.433287580492501712,-1.94453724540807782,-0.0608450752852436466,-0.658769141028678451,-0.183719802031404839,0.454875264029701631,-2.58197232682669231,-0.512262606767729722,0.724240561371507163,-0.933947606407620423,2.83927685923990181,0.79764327050106143,0.0214980947991714848,1.59843392798277084,0.0383926411706141182,0.0170445575062416095,-0.610368611469859323
-1.5009002028278482,-0.374349215847294303,1.00085757314648971,0.655163372515593312,-0.233951969447058983,-0.0927203333930209095,-2.05010358025267925,0.321813460795790929,-1.89015805000554504,0.729770971990012396,-2.0689316494573009,0.363623971581841288,1.21981460816450293,-1.44945786882775707,-1.07633164805988635,1.48618352239506502,-0.0384835976166939472,1.69384355315031443,-0.410011401838021816,-1.24504536897952112
-1.46562895770234469,-0.967361389415427486,0.00954886717033862596,1.57977096815151108,0.504651189463233618,-2.34998579659747708,-1.39173867161498355,-2.25330167677804427,-0.448981783013909008,-0.0229743742222650593,2.66978250852279064,0.96779950799914094,-3.94227921762202849,-0.891328293009690298,-3.88682136920961918,-4.80452945853967694,0.245247248143808189,2.24653613778506678,-1.89368530221039388,0.671353405091382194
1.27197867988733759,0.393577929630513579,-0.127205266489247404,-1.61738702139414992,0.680149595207733104,0.202625027733196211,1.45897731482405635,1.64372928265843377,0.209255757684562588,0.135640276878253613,0.376813297270143455,-2.20881459886799503,-1.91838991878713472,1.92660809538241717,0.445192424642335993,-1.01050940386613797,-2.10389520067940916,-5.59088693180959329,0.920729055867512081,-0.697466634610305336
-0.932929971994043039,2.42896702531079711,-0.590995172821374593,0.238930458264825507,2.31055735415771801,-0.264134342551416712,-0.737967544148134591,0.402879517370680673,-1.02966039643741802,-1.1350101892613329,-3.15791948269927403,-1.46467192149053949,1.0830038531253694,-1.09391193582988544,0.530434583097324941,0.119823736501608422,2.61706364498698063,0.956480630422485656,2.10182775551384537,-0.757511983158606572
1.91683155299575469,0.459130791022658691,1.05677023311987983,-1.65848042588793354,0.889872371366436044,-0.0674426190216144694,1.47979308661721287,-0.116223200451991915,-0.539745944693789226,-0.29985707452717647,-1.30914201713865586,-0.0686002292082688314,1.57244509012142575,1.8147549193011665,-2.50805437974037826,-0.496024252660159315,0.534117429175171021,-4.59431505535893514,-4.88048350991311786,-0.361009187655166985
-2.91040898328681452,1.8892095933810007,0.258404140624466427,-0.641460023276800517,0.303023543939287543,2.09014160332601762,-1.09680506291953761,1.37138786436302174,-0.183845656471848584,-1.26685995205933599,1.14705320912672826,-0.586321172040541572,4.2944534766478677,0.288845102716489832,-2.61935219773623951,6.68361286107636055,-2.59604920309053666,1.68573595539503351,-0.533601430649052966,-0.621106309470693452
0.56422453831736874,2.01261861979929924,-1.00929437527603838,1.48309180954014974,0.384092444383826004,-1.07639186481779969,0.740723968792667775,-1.83489518144098307,-1.61312403386675074,-2.0402180859527439,-0.804650373237301153,1.62739360401797528,-1.72748478529620431,1.7850763378971275,0.618039598122496314,-0.853440924848542837,-2.63732154312764466,3.43882627848078659,4.05759179087728761,-0.367601838728457753
0.0539657808262483801,-2.14730872387961869,-0.626729817625390817,-1.18438409856867644,2.86121031766755696,0.882280876734302666,0.335561137644908136,0.0846496726864793547,-1.3698163098065077,1.21851044678353282,-0.967352420209701802,-0.262352236432624397,1.0942929833349897,-0.650766904284603043,1.07034749683456898,0.761922218287020336,1.47938864014416382,1.45875995445567863,1.96539900321081817,1.21742374009683507
-1.54060506695447019,1.70459545033943849,0.941422420559113515,-0.907311886047971194,1.02735407993225714,-0.292563456628889884,-1.22137336760731241,1.79274477067159133,0.469760079419320964,-1.50419537538866854,-1.89977531623750462,-0.451545088608569567,0.0660672737137891902,-1.92865419731314924,-0.170333732086165257,-0.0302819498499276134,-0.196392974652235458,4.73701758890606683,-1.03640580302754715,-0.586847213100856635
0.813327537368150111,-0.850850838592618341,0.97291057995187924,0.868104003854119011,0.459881533424539746,1.32430640381358655,-0.0636525004734544153,0.883503142588969781,1.15816991346096798,0.11122386835846225,1.0154868039175422,0.143004113527189641,0.837945158776905452,1.22488834446592976,-2.20957980821130695,-1.29920221425696836,-0.804020149530779049,-2.32606864276587544,-1.99864225865634704,-0.942828966574292604
1.03382758426170107,0.114354617684134463,-0.612106969299552994,-3.12484320171070706,1.35493857072329105,0.419828073262381418,1.51785450614265183,0.68478064904406144,-0.704735202853008835,0.249245299379693031,0.336498944881089834,-1.50481533075824925,0.601899549804508882,1.9073542156300678,0.775265996173167826,0.126390902167046848,0.414120208759696018,1.43515857428348004,-1.39783391539536117,-0.615932370911839833
-0.318650715243873672,-0.0280874810135354584,0.874593313587515686,1.01095979893966215,-0.752010657377857772,-0.846759671939943503,-0.922961405242221478,-0.893074641068980823,0.296121563295345946,-2.11469847704227965,0.503918508878150706,2.91067932743447733,-2.52145844430136501,-0.382834270204952032,0.170688531102667601,4.14877647768689606,-2.93027811640608604,2.73254901404833594,4.03610541543766388,-0.290581077202046512
-0.751682164939344699,0.712542954681578466,0.33685104516849862,-1.94394013707854452,-0.441449264829070709,-0.471585636902180805,-1.00174325115527774,-0.00653167649766864689,1.07758088525481677,-2.11668048230262285,-0.69592198999859356,-2.06995846352962243,-0.847676244861692796,0.252037780982782178,2.69147230699093454,1.38363475557999993,-2.37070702829714897,-1.5181125234900823,-2.53002945765976417,2.18424586630070205
1.57623969064114378,1.34631304817607744,1.76220855483540562,-1.96152377286531432,-1.07845518826772824,-1.71461627556956797,-0.764946841303023373,2.44942210285372486,0.0421266956972894263,-1.2913791859279482,0.858797442521999077,-2.60690767260915379,2.36639079868554258,2.164970198487711,1.13917186969828932,3.29269194003073196,0.85830581838637654,1.27110294204337149,-0.711452583399855065,0.51382450309276595
-0.715178912060494665,-1.28691960275081874,0.409076412688320346,-0.508464000614494815,0.0956309997514313004,-0.283769836896008931,0.331685854708252403,0.215421628248180397,0.500649748024633134,-0.0916273972683148835,-0.695089918198885881,-1.02230692043143412,-0.237857515114010071,-0.761013217640490902,0.537387856375842632,-2.64951438474041767,4.51370531994866742,-4.42526690885780827,-2.0099898265262377,-0.438674713453324427
-0.885414122345437482,2.06005350507627671,1.02383567589899083,-0.297189125347719352,-1.04954372698849419,0.0240163642178030066,0.501196842492791506,0.204207738965921537,-0.705393257900990611,2.51007315391280228,0.638369234470988145,-1.88128764453863861,0.795830910930094615,-1.9970840603221649,-0.709415921800675919,0.618910812362415519,3.50738970130785654,-2.155809639823838,-0.940527972081887209,-1.26898858777977508
0.446084119697265968,-0.717132502303277963,0.121167895350198784,-1.77644443961360698,2.64173988742856292,-0.712401863320073936,0.658601700087070085,-0.777885927004704048,-0.572082217140854721,0.395194530018685708,0.596161556750611443,-2.18751843645364552,-0.237014806757147839,1.87362855366608283,-0.675405624308884733,-1.81105876442528313,1.6862083332027622,-3.46404660667944286,-2.54980019178116279,-0.496899853797028168
1.40846290006382602,0.946886773090607647,0.886177516868788095,0.733624612182149471,0.504747933723445397,-1.48431597205854571,0.416501651614094748,2.83036397601520662,0.639770291899682042,0.670511439916247176,-0.302582411215967462,-1.82473758829123245,0.973369910659400261,1.16130062772056775,-0.245846473490065748,2.14967098170253657,-3.98046310617232146,-2.06845866068607354,-0.389149264131949835,0.80243052245680635
0.0422890032808432709,1.2721338043995023,-1.57178750445589044,-0.710010402918033079,-1.97494351407280888,0.401856034185317235,-0.439611362249858029,-2.86139667469481074,1.14929149065513414,-0.679495197147965024,-1.22084430521069165,1.87278302858315948,-4.38337019562638286,-0.120052709631452134,1.82311212162870295,-0.725088326314413223,1.66509377681951398,-1.68705880630750404,0.764848527294556324,-1.19410688344872917
-0.665426752833720547,1.05757689695929158,0.870553668070015219,-2.357116372113091,-0.813097256013161629,0.87670424072676556,-0.128470653695302028,1.3673308422644006,-1.13763162117151495,-3.51116137809702655,0.69573318163207587,-1.7415903690509571,3.39564055159929001,-1.23607124061157259,-1.54831134385896974,3.39060026385030211,1.98714540270178586,0.310823029324644007,-0.634331469786372448,0.632724521727609179
-0.736523004722501318,-2.94895864221090243,-2.21566529348152796,1.65048787715255241,-0.175043962918018825,0.664317616280488354,0.0684005519566744102,-3.45588688760251017,-0.497290052732287768,1.137485785206515,-0.431235334152185124,4.73864309734861866,-1.43856310403033549,-0.706813739171869071,-1.15962577797179511,0.0398245745579052512,0.524293542422146985,-0.2217185623132574,-4.56375185233965208,-1.1931833737966473
-0.313758192850222939,2.20083315950078484,3.72088175600063931,0.284998306809888635,0.886626630726848108,-1.14944965071436056,-1.05627760208804733,2.95896541888064224,-1.72285721264459601,-1.17632834628860383,-1.36646923425481726,-3.69254891074855474,6.75109364196007267,1.61753458153805862,-1.13212885288745091,9.26292575188529987,1.33856434563751203,2.55352679617659462,-0.524308581147780894,0.277875192305318541
0.925187199308018515,-1.3296843771002147,-0.481408397485108053,-1.60929831260035794,0.583021441355166092,0.359664615105290408,0.676294695292326886,-0.600269713168530394,1.46011106834466897,-2.78944026153461699,0.269765360171393909,-1.0448793869961237,-1.96362951716544321,3.14243252866790357,0.667245097772775075,0.864418725364796026,-1.84511379590690661,-0.640614542004464549,-0.692292101571135632,-0.247229027479775904
-0.325190059245113072,0.855294290111919819,1.17148979620154958,0.797122913109773568,0.636458501061926474,-0.147017764965769376,-2.3086330662553598,0.151941844065829501,0.333937246032611379,-1.52087576518900458,-1.79434752952307064,1.16928510177685419,0.207801898917235855,1.34662143530112433,-0.227513355040792509,-4.39662922185326188,-0.274459726367618673,-1.81596453869227492,-0.163655431483187452,0.0329402904262360019
0.786764879339723167,-0.614235203022480247,0.897832213581924776,-0.630673494409475066,-1.58488198488907361,-0.456129048987937824,0.863348764187844786,0.430715800116533154,0.995481926974668863,-1.60144152259815709,-0.11973761239006829,-0.182892301344615732,-0.960889381288407729,3.49138679981208355,-0.351708413821443022,-1.40191429372793097,0.960873832977831688,-2.16168185374944333,2.54819393460762322,1.30194042016985989
1.54869648935792936,-2.65084908629270677,0.909077551134002459,1.19426919430021283,0.68447441855966662,-0.336251195526522884,1.02530347222959062,0.357105408113705503,0.599741064955738423,0.0515059813436722844,-1.22771317929884094,0.516572382837636401,1.75897119407328972,1.19400117633668956,-2.21614911309602602,-0.3674620643787187,-2.57598783805603704,-1.10080353200541881,-1.49099783480344805,-1.32532089615264148
3.05366142947981301,-1.55848532082883851,0.730435491160908557,-1.50763179463244312,1.8416734914094286,1.50293418394253786,4.26248696415792772,2.78909524878448023,0.342746552105569147,-1.45339506346074288,0.816880971782022014,-1.88991986574289794,5.11022099556565479,3.08327905752456921,-1.22703250717318535,3.74137205679876628,1.54044243099860823,-4.99362514914461997,-3.11193210288826538,1.40636127262095911
-1.08256877914844818,-0.409845570502033296,-0.762227017381647332,-0.398163815934836518,-0.647609043544789986,-0.466609903182551022,-0.636260913402974637,-1.65353718416503992,0.00492144267445732229,0.61045659132278296,0.441194204443218274,-1.10926857172863991,-2.61937118067318542,-1.97873494571042752,-0.455761517230390101,-3.1995736967772177,2.05972023932162696,0.272477409007049864,-0.0678433492232774354,-0.585987482550903827
-0.367275045731019212,-1.33080218858748167,0.716084538258862202,1.55662935331821251,1.35575241050349771,-0.275552978819731564,-0.826337235889076149,0.242972259685421188,0.630146556319286733,-1.24516138904947304,-0.716102839804877211,1.54377530867457979,-0.426484635476135243,0.147254912153904377,1.33914562967513628,-0.161342074342080255,0.144752566815085165,1.30284096198039001,-1.71450302337281246,0.295025082047505438
-3.56549030249159493,-1.02478819133799637,0.0553226681126657224,0.203302663257254046,0.52915236873681637,-1.47556415055692192,-2.97005546425868472,2.29989226984097073,-0.510759890690260066,-0.504505242360312467,0.840078409915722468,-3.01994424692723484,0.0462392905040007254,-1.89930635250901192,-0.831806675520799454,0.518108570972217963,-0.11561024221581688,6.20327133389901064,-1.05836756202718507,-0.804550559357769091
-0.461255195863069234,0.881270421888356803,-1.05735001512842408,-0.650434526798874035,-2.16731923799256521,0.636216433587811547,-0.7496872102959804,-3.00633781775081399,1.0587268854095413,1.23687704206525262,0.312637414055565332,2.08169463740735194,-1.72718935063474488,-2.30192565911795599,-3.54881152905360642,1.01559699509530543,3.57364308008523501,2.17395362556698934,-0.0616530080383274129,0.785896846718201036
0.142188281488851931,-2.66426569170996297,0.305057120473337717,0.0741743923815890577,0.390757939467494264,-2.04645158438101626,0.525402194669144396,0.797857434565671375,-0.406621370798946613,-1.45869349594998532,2.15107671917341037,0.159889199243329116,0.0256539923953672915,0.589124685064081777,3.99197827834258501,0.883558724544626917,0.435472877756328425,-2.36943157808595428,1.02888289272260813,-1.62440743943652932
-1.1750725231316097,-1.30412303174658684,0.845260361506991242,-0.94824691675023709,-1.28120180186577137,-0.628517270764007097,-0.63360835099266577,1.28747432937877027,-0.441242642460177081,0.340012070865365945,-2.94963795255025296,-1.98663682553877941,2.22952346347795949,-0.216722561150441556,-3.64051748769719552,-1.91910788533589249,-0.192897921878562723,2.87012690937019865,-2.94431463613871314,-1.245601427377802
2.39358074245063612,-1.81687963040368916,-0.291369917852010163,1.6453987237593779,1.89142633149616923,-0.521395613856264428,2.06772159156673929,-1.19963570968766775,-0.0621464261971081677,0.046232461790505025,-1.01077391134878614,0.886470518652383244,0.157972942765352814,0.612740604915833376,0.689506871519424469,-0.525367024252566428,2.45278503762837197,-1.20148904092898579,0.104513758218734876,-0.754587257395425093
-1.43879962480894363,0.89389407675856114,-0.889490313505051255,1.86985996417122524,1.73164574201443111,-0.649214790051856006,-3.86540873330118862,-0.636028861560986702,-1.16465495568853172,-3.54033231710215945,0.633043284498192471,1.67965666133606351,0.733268050322777309,-1.26997857417526538,-1.69433493117444844,1.25553847128437712,-3.1536897038924292,3.94348926395400357,-1.71199416414701666,0.479775594479631251
-0.7443706433367695,-0.0422135222567352544,-1.48386452067774322,-3.30509811945722864,-1.75684660494420664,-0.253936869387312858,-0.481323592633736586,0.830561616038515749,1.0430367948831567,-0.484217237234439379,-0.566231970220019476,-1.28281687560202995,-0.863729366041458557,-1.59221585304290825,-3.59610260828701778,-1.7344401711325157,1.99131681700434005,-1.51337979766452446,-3.17310750060047164,-2.36159712342820649
-0.318784574890821737,1.91639810414187628,0.250884931503894348,0.966831829801291343,3.8069916942071016,1.02899937336374436,1.79217141884246334,1.42993711154043446,0.746127033713734567,1.11512442635851339,2.67201447626836019,-1.4457352438890132,1.55994032332304533,-1.09657211311995217,-2.24034014785713209,-0.47753397458991198,-1.13792168757857715,-1.26118843069496833,-2.35180281466259622,1.33146915894514239
-1.60930992080224566,1.43699434791300029,0.161846424221272656,0.811804850607354189,2.49360123786419452,-1.09408307451148157,-2.23858779581690559,2.41586274588113481,1.28518618469507828,2.49344642589523646,-0.621142628630075744,0.0886895403165243318,-0.839523957742202342,-1.60916531417451458,2.52021648498522488,1.27017372433364084,0.509313101812613467,3.24643755485163821,-0.185582164380842102,0.0270557519854407735
-1.41189355921696302,0.730883810619744834,-0.954222305373010005,-0.833776603039962705,-0.637020492413525652,0.509353942614917843,0.417066765443586562,0.0438927978381334558,0.0837835066198096973,-1.23758577453872709,1.53095170732087027,-0.169058996403272765,0.472983009087900308,-2.10093995682957191,-2.94456570387149563,0.116918928632930616,-1.31626523726658107,1.67723858747400656,-2.633347802852815,-1.4814028400409478
-0.932079850137558896,0.15317317705954725,-0.211105312728706279,-0.356864239816189421,-0.110790059037815705,1.07798641598923739,-0.695759148208025535,0.414295837547381696,-2.14888010724166678,0.337775951139459629,-1.2912130193478486,-0.30891346013818044,2.6339903202959194,-1.10884616874457587,0.546805717242350275,1.26866330741483724,-0.2764947403884917,1.63861411659951361,1.88767205614166045,0.347195292774887199
1.10094082011908401,-1.31914105898071665,-0.904681184330614951,0.416234470029495263,0.697730575032894929,-1.06027256334522857,-0.0798598374135682382,-1.138290896071809,-1.71273289961883002,-1.20790996807033202,1.48554433613767523,2.05337093678080151,-1.72878458521557454,0.204336240030674188,0.704956885017070878,-2.69291291330919957,0.182332432842253367,0.385304806511461873,-0.570501645208417285,1.54923124690761127
0.64816474734123708,-0.442174062320196515,-1.12268487998137756,3.01834734462302778,1.1214922602107793,0.490480881691242543,0.0311743999638517781,-2.57170471386387556,-0.318284404322703884,-1.05592178148019866,-0.87634504584220152,2.97440514473085527,-1.58993915691046239,0.119745025218396459,-1.19176492845932214,0.193218924541612547,-3.04350514046947174,-0.628479300184887846,-2.66750323289269309,-1.82338674224715169
-0.0317764317752492476,-1.2260807234224036,0.967628366052011635,-0.67467077458449809,-1.15895551225435334,-0.800489165946543069,-1.09094035050246063,0.286077890464233542,3.37866244050495323,1.94181329514874101,-0.482933792681269125,-2.27546278758940312,-2.34698109313362213,-0.0639494839296272238,0.850890495775646238,1.15036129331080206,-0.387659066673388564,-2.56846483900596256,0.651785040934437232,-0.34467761425539406
0.491214791725946065,2.00663369090739696,1.7882058705281465,-1.25776532192703949,-1.4895380191799259,1.04264162782358705,-0.510216756474038857,2.9956077191161703,0.84527328825070025,1.17383201842177542,-0.985656974907388794,-1.52768879436815164,3.36931368946956811,-0.0545179794764057354,-1.49997337107364648,3.09809200987634759,-2.24508747022939659,-3.85271543643227155,-1.84445944095951742,-0.0263747503972892421
-0.513452966437652147,2.76068245319847305,-1.21512742716432909,-1.5767401514835655,-0.0254434549787607919,-0.722196338363711443,0.125754606021754645,-1.62509560663883112,2.23361365865009942,-0.102809185545140083,-0.746134723253048082,1.05083014278488451,-3.85776036052569005,0.246866830946600835,0.24474158620490058,-4.3612458348144596,0.575078544016432547,-0.727300080093270185,2.18579932726053672,-0.312659610091650497
-1.7809877861928376,-2.0230347395932089,0.632941230035433566,2.68687880700122506,0.543175407936943189,-0.278206509908250244,0.423652179995401945,-2.37578505949007246,-1.43246067732189797,-0.0770741778800810989,-0.567116751169726374,2.72969541231934221,-0.0659268470613317142,-0.786048252260950098,-0.731925584452126077,-0.918958092106914481,-0.259391835535331516,5.62193860562266057,-1.07270387436370229,-0.239250981801796297
-1.66993472941711274,-1.15823109178402084,0.99330392178286675,-0.429698781020841247,0.212293628094585823,1.52097678104412593,-0.936183508144791454,5.1441435603554968,0.0507053166042001277,2.16648258538680727,-1.39206179813213149,-3.90743922998944049,4.99690406050194103,0.386814152860343374,-3.46178724895374534,6.81830061797087872,-1.75043513943126139,4.16257583335761616,-3.0520053824186788,1.65235713129564199
-1.01945935407776167,-0.940704723984996272,0.463642745404428458,1.55146185857002283,-1.75241998848196068,-0.405895454808716971,0.962452165092950618,1.20858438852542704,-0.119532395967009694,-0.371598241570736121,-1.25701013729243916,-0.462062871299043554,1.08414896045422027,-0.288111324061683938,-0.07188807505578379,-1.69883327668629747,-1.67060333141684381,-3.18895188145676212,-3.52816006952902983,0.28566078479289253
1.03605601971634376,-1.29573940858817105,1.26911982818071811,0.36717626017291588,-0.566390068935030633,1.17109543997439802,0.926061323234735667,-2.4394740768254235,0.378748244799558043,0.940057590621249384,2.26073201230633947,1.01024183615795793,-0.490130100216518649,0.321372809555540873,-0.309164462106098825,3.70514036167464944,-2.87012370998467325,-4.00496010984995365,0.0517480473708181107,2.29719474165405035
-0.156615082411476064,-0.606022156775528509,0.375742359371273649,-2.09367693341231176,-1.08983750256834244,-0.0801367778272869119,-1.33018629319135551,1.60063484831327796,-0.0601442595072305478,-2.39669469816916481,-2.4132482364405905,-2.49853418113501036,-1.15819726520365607,-0.594842258876804086,2.08378513341732541,-2.4061318806442844,0.433942937566520415,-1.02191068000768892,-3.21173314165230028,0.626483675895684877
0.735094829218517543,-1.35736834492574698,-0.0622827171727725129,-0.632356282727707275,1.26519307308613205,0.511369039084692667,1.87800831580574457,0.265569860001465485,-1.16729988529915762,-2.17111591531681247,0.465238632360894577,-1.89212016472982336,1.48965965400798561,1.4557691014298979,-0.925286503784033432,4.12792487341653569,-1.19056727050577238,0.681170301188937288,0.937728559623977498,-0.342111608012497237
0.4311102746958142,2.64707604630848214,-1.45041767571370261,0.975666336483132501,1.56122502934266949,-1.38038883043656568,-0.0764101991932863711,-0.921219606238827371,0.314956990095598355,-0.623493691802441741,-1.65075118638869545,1.71040011493809319,-2.52229309658365386,-0.639732174844723112,1.45719877432635214,0.597610492466125298,-3.89208130897153026,1.97443663159638771,1.88700293757070647,0.0664743409390813056
1.68354945565998482,0.259714106859252114,0.974529519087253049,-1.68298384543935242,-1.26232788097253978,1.94546376020001177,2.98376837289427765,-0.220669358035612162,-0.569676316094722024,-0.355297239586567004,0.00157791667115697088,-0.0265496156341993028,1.56647180036580203,0.941921988054367887,-2.29161766520101828,4.79475335946147574,0.344939770850430261,-2.6242230112359306,-3.37897379539114828,0.455792033359983306
1.95034838514980335,-0.25603954255230893,-0.769905132260956693,-1.45058963413699971,1.41485794916582752,-1.01250354270292964,1.16003445387219029,-1.38067956299209693,1.4274367682598792,1.21903730404742938,-1.54316620544578131,1.62280272277325333,-2.40672140638011101,0.451250528918752891,-4.61809018978898056,-1.30999590641114971,0.0615902628650228309,-4.67200513297783626,-2.40187773792184833,-1.32221943128747021
1.84789184783364568,0.31851434431796255,1.94357202069263324,0.479851476554670975,1.94233425204742649,-0.537844906699825875,1.44320320388770118,0.786490525593904977,-0.315636383966709455,-0.723827411570852064,-1.04174331658298902,-0.125609008881837264,1.66972088765753068,1.06764700319608052,-0.0125202479705006052,-3.0742688905214397,3.8667960332209641,-4.00690255552808416,0.2177541448617408,-0.478910875960980531
-1.44703069477547852,4.85174933581474388,0.0424115889775906266,0.267800754385320749,0.221146034253659085,0.345661714371067463,-0.605656891405610853,0.464598083206609669,-1.17476177074773491,-1.05911222362080526,1.29862807366651611,-0.0412005719054537797,0.993340007334291175,-0.701890810045138869,-1.59825659555020194,-1.32783027868933345,2.35073538680503447,-0.783053371903580375,-0.527124262040401304,3.21467334747019517
1.56237061011136391,-1.03557018918410249,-0.486830025404982492,-0.69611322368197448,-2.12670598393294741,0.779764371989901339,-0.149585018507854162,-1.76168271877446969,-0.341597558962292047,-0.627249801538665608,-1.20770000854020187,0.00113910410559591498,-1.09266257524212418,0.758698119296472462,1.72482720094213571,-4.33431903914671324,3.92655169679187077,-2.5565766860808341,6.30616287616585414,0.972632189229956423
-0.55963908104087734,1.51023210604681002,-3.2314682976082918,-1.52290562796614837,-0.0595611921893018093,-0.2636368571500185,-0.541053086517959025,-3.09529412752598887,0.413573995101173375,-0.261042728490686604,-0.393232661457266375,2.34738866920568912,-5.42332691388885646,-1.59853992445406545,3.77894873532185605,-3.91124932932597114,3.20814096208303079,2.14771856212995216,6.67983706980733061,1.97217560845628337
-0.885896049623646431,0.104654964608440038,-0.813885203004781954,0.218894444440032643,-1.44096958072601766,-0.171879112324519218,-0.567367725778264442,-0.68573373101595092,0.00325647343642354245,-1.06441839631924084,0.173302839371720224,1.20387017844802258,-2.7673170768543458,0.484217067457663575,-2.80440177311635308,-2.26769611919709257,1.25000764358869265,-1.25475876319301394,-3.68845546134830027,-1.37651324853960477
0.284355163821443047,2.34848330704853936,0.541221530292607889,4.24132853301855484,-1.32128573930269977,0.327042231073452316,-0.142504364760288049,2.25548592069098808,0.694208870900941521,0.832362679135625116,0.0588422425487950471,0.47930656381110659,2.65918510758677318,0.909885898486684219,3.66757421736392164,2.97674121614707188,0.0311656333857427761,-4.09012156424715467,5.293441152753255,-0.0324319581329772094
3.07862541449552074,-2.29525045565440333,0.131077143653390432,1.82900545159162609,1.48360733968266878,-0.357211815648652065,-0.134510000444801381,-1.13076208552263258,1.33175991063017696,1.42326508625520254,-0.316301933288868131,2.61201848458845376,-2.97035519190267516,0.772610507420673054,-1.80340438489004296,-1.09946588376568033,-2.88812284661755969,0.209906417369016191,0.158080502101935055,0.465585418637982584
0.94153478767723453,2.21419163964212862,1.32215397499297205,-0.580921756203476192,1.9930167794957443,-1.33779670689992902,1.15494334174694524,0.00180398422490473808,-0.555405979501005675,1.12574950426659659,-1.54037185001650001,-1.68691144681286054,0.636024059858077084,1.12977126276156636,-1.67966121210040087,-0.985825615050014092,-0.519243593905311274,-3.70086766864210936,2.85749910071075952,-0.808469083446353376
-0.322041495930962096,-3.33497512364401194,1.75383447711708818,-3.447123026495309,0.187802538877296199,0.356656348893534647,-0.772272247382746135,0.11379976089758162,0.942421971679507031,1.28006098045387628,2.58049285965638209,-3.24542395844613596,0.143917542245316832,-0.203548448000705512,-4.48771149246059675,2.10393551142799318,2.80801944660483782,0.268413921546356349,-3.03989258419972197,2.1818196951088531
-1.96760865239606408,1.19022831802680251,2.01166026575935275,-0.255872503748294344,2.286246093212561,-0.648386294589510803,-2.08789352545988161,-0.697139357568545726,-0.655756354028508182,0.594195578506072741,-1.00305348212396428,-0.892485338160395103,1.65348591855776017,-1.20463907538091819,1.63726124393107253,0.254795599611451484,-0.928925241804971158,5.98002812153938024,0.145079310279345119,-0.720191552071326457
1.29544795757604403,-1.55550540960245565,0.120766910381808826,-0.690063603731530084,-1.21232745989307111,1.36134787391679657,2.24372546320051303,0.586935010794642942,0.0607802759343505569,1.84876008895763277,0.652832295517651429,0.179792736678151432,0.696879400080731348,1.20845824411307157,0.278050718547741327,-2.41796703566736282,1.1456236784999434,-0.792956709586116082,1.61077301430803854,-1.39226416886442461
0.468800382832970153,-0.950967762793156646,0.800306328076176521,-0.108185682574927153,-0.621400548368063355,-1.36533289548393544,-0.692593326104178897,0.688886605148833375,0.0687286487142993036,1.28051914426317071,-0.154586501977901331,-0.877040049145645484,-0.588564870385354211,0.0637347051103449858,-2.93858643992185486,-0.330796579804295998,-2.37711540881138239,4.42649546850398057,-3.23115897330750013,1.27670808421592596
-0.459673710566458116,-0.996179437042490012,1.35629202375800717,0.686205944739824991,-0.764681459015415288,0.939943378628760984,-0.647788476855509554,0.681825760769611877,-0.132642026528999896,3.02223431194609038,-1.23916919613722865,-1.92345907949621431,1.96130533535078144,-0.584574937900711689,0.201601311971349839,4.77895492672837019,0.755498096295963761,-0.182861180893168551,3.66647349253894728,-2.88679609737796339
0.542775573149787971,0.693560992279404154,-1.58373743386863164,1.4329402920003369,0.00208255099815230719,-0.416739127935783382,-0.917677921044530942,-3.46944594138611562,0.187397362100591991,1.51634870583410697,1.0635319894311257,2.93391267712039427,-3.9855155395152253,0.965815763525361803,2.29515785633648184,-1.85986162829422108,-2.368111086307775,0.368324319341172768,0.450070134888723605,-2.2877349773679847
3.06933327745922568,-0.172916407811852968,0.114989556261555589,2.5626380174299892,4.04196252344848705,0.245892782796259979,1.98042307866025546,1.88903125605019651,-2.30185807522822961,0.921392304152767627,0.626245391784771788,0.216030327866714444,4.32599153759297561,1.80303298013718361,-1.94071676822440287,4.6012421260015941,-0.236963321618880007,-4.86290626421593686,-0.865429065638940398,1.12687454995868275
-2.25187513671743744,0.278979552122579189,0.656644173260307218,-0.163774122031527108,-0.909914690627424583,-0.925682410959995483,-2.98291452846631566,-0.589950667825123842,-0.719251607101603629,-4.32380611669360526,-2.86999358215010814,-0.463954509319589259,-0.291128611686192973,0.427269440987082694,0.314787654645835357,-1.2412164326608579,-1.31751309133398831,3.15269746001308349,3.38883234102142517,1.1952682318069503
-0.949642513499093011,0.864492098336703818,0.378096176312801568,0.304819979965441912,-1.53783122522014137,1.1338264313769213,-0.754510665278441128,1.67655273272680128,-0.0729228314590922161,0.493906782236213704,0.976750940965586567,-0.405815400061397935,3.17959567753859718,-0.297974809288285958,-1.024687499675486,2.9065918127401118,-2.2012909204639568,3.21026892177093925,0.245573647470548662,-0.250098235455377294
-0.709088996832150542,2.65195636767310416,-0.871133572445825122,0.695764001547331645,-0.863381512248265426,-2.10236617679392701,-2.62324291024525014,0.505347500595027199,-0.905535991362826698,-0.848552518657774368,1.35173233297693862,-2.18215698370831612,-2.97715957139932241,-0.752280751044706486,1.15279492450175391,-2.48558595742800081,0.590067905129556647,2.64863093360999668,2.69887428590744705,0.245515420135354628
0.292781499403383549,0.594897053072332427,-0.0636414407901755436,-0.2009589312147394,-1.15714251105566146,-1.97798224310736104,-0.852670374583768043,2.53456547510668484,-1.63542321337035079,2.68783175744301328,1.16924937835935894,-1.94089766979589462,1.57206187150034493,0.421444321315557036,-4.17266662997213178,2.77005930536714029,-3.48447051005976194,-0.0382271807500113789,-2.95047323978606268,0.223360492797106125
0.607450020640179722,0.560318985819039495,-0.720664143966011972,-0.400830991883329324,0.816354340680968571,1.32951948419180965,0.706435907494393889,-0.746854225838965324,0.682330261230640223,2.31991783769154436,-1.02585855548653115,0.834423924250392912,-0.347383293157476292,0.230137417178081921,1.69817360822814711,0.797181381335418271,-2.77147494940308325,3.76275667361193955,2.2656359704141118,3.11483843170401631
-1.3998582018639858,-0.305167364563361354,-0.276970618227685372,-2.5564531862878157,1.61379315793209077,-0.973220715419992555,-0.0121325793839492414,0.37303247900339509,1.25261976411172138,0.94190038422862965,0.642266288216299164,-1.21170651338640445,-1.21126154738019243,-2.75539985517633301,-0.415759713157811239,2.71455905531612807,-0.521719562476701815,-0.153622892034126879,1.2220995291150234,0.154146199762769331
-1.23418006925600676,2.44867777345827387,0.693975376094740137,-1.67997016940275445,-1.26056381525330163,-1.13713017723995624,-0.325310549282708195,3.53878626649547101,-0.131485591161661003,0.307317496083614639,0.0985050129716750489,-1.37969783236345944,1.71131237426936011,0.132348696173915537,3.61710663185742431,-1.91877987291857388,-3.58229646756614306,4.14314712471925617,2.28072496442615025,-1.47426738795579326
1.3196069997162887,3.79795075652283698,1.44579206802249183,-0.189413451064653821,-1.02962090985039723,0.689350121050110065,-0.232170197078532176,-0.8934072148683746,-0.92957887795999905,-3.93357347041979377,1.83949843318859729,1.47544928833497324,2.74735470307122087,1.37628319268735511,0.621680656623837535,-0.552359614983770508,3.04842033874746621,-5.38809081185653227,-0.821966559531891128,0.280320482941027183
-1.41010408883928617,-1.27515346599201185,-1.14142634833047474,0.557100629866627339,0.0203469796292569324,-0.087533506055930077,-1.42683224249835261,-2.22602158220948931,1.67230407860694941,0.556989902144054749,1.02488217055268716,1.51182737295305958,-3.36331237573598862,-3.2096838477466072,-2.62126702972034753,-0.209446644091548478,5.02844670939671712,3.8106072515110565,-2.10187876509599603,-1.79818509864759557
-1.65443906132234209,2.23129449032789084,0.432607784062067902,-1.17765876549935022,1.83994848178873927,0.0466511390311099838,-0.762134759690868746,-1.1394812177896656,-0.936754643240341189,0.919893552984007656,0.534754656047369381,0.925802662389698772,-1.46299350526887539,-0.322473340002404074,-2.15960603582590283,-0.731707457785903737,-0.108338969818216682,3.76712612490698273,0.567471939901012079,0.497573384623006265
0.818235811848370576,0.171200848893408281,-0.783142404038982387,0.386868407683105209,-1.24399790880899341,0.813964352158427551,1.62951268244746061,-2.19819836317730477,-1.58667311503904784,-0.592650186095380671,0.863842342456345724,0.189848423565400021,-0.135263875839865266,-1.81123563192160786,1.83468883643251601,-0.402985138436928014,-0.264312262727808611,-4.20832628781717766,3.72167715639781749,0.420680079972349297
-0.128657166303268122,-4.22306111876113288,-0.122795729927845543,2.30709309500019932,-0.036159422161659599,-0.769630623712495909,0.490839294825146821,-0.71043662024507015,0.458174163685609148,0.56732936359784758,-0.202538679072355648,1.21240178318340974,-1.2348586681013547,-0.503169986245061485,1.96530976001266899,-5.64559727584935711,-2.46433119871184303,-0.427432977020418547,6.97787107610303003,0.607700921105722047
0.933230509925722096,1.29599887655481516,1.12436877316502426,-1.05182050457141552,-0.529570670632295459,0.720547463934087307,0.567707036208863314,-1.10323806157300464,-1.28644580851943346,1.06503646032050248,1.22437152699589147,-0.776457969978272322,0.577617167384323782,0.460680148135400758,0.106806858911170421,-0.967824899466650179,-3.20785681202504236,-3.72068674527801013,-4.01096352221427566,-0.174132134368551045
-1.43430777410141186,-2.18616302821043318,-0.0892974577379060108,-0.425625181622805437,0.408302404133007169,1.66252645929742493,-1.14270988989588829,-0.153220918143634477,-0.0296272957671406198,-2.42260819907012381,-0.258485644184152541,0.476123503876716203,0.627189270997325576,-1.85737990011597076,-2.46643363208685251,-1.96147287079278887,-1.51796152298824993,0.372303981578040954,-0.520663500964229198,0.505685281774997719
-2.18927579413721451,1.1248457096910407,-0.212611560985388331,-1.19205958776059351,0.141937881045279379,-0.235784848113284484,-1.95501207524710474,0.0294212903047784309,0.191864675179374999,1.79578547171265468,0.483771372778358799,-2.66382434006218149,-0.242911403464096703,-1.05667699075707078,0.481457555310009611,0.840877195938882105,-0.423006898164025036,4.57583624023021507,-0.0759364229872107749,-1.39955199780456563
0.0705407923600620962,-1.72889664937078336,1.02783807277836714,0.60705570441337886,-1.68878114741448693,-1.39714780274933403,-1.88342808898329039,-1.29122691621151375,0.409465850104185514,-0.229508322305780554,-0.230599533799610762,-0.405407404082580913,-2.68806460248760182,-0.0245175941589676517,-1.8211707298452533,1.28748676053011679,0.677218429842696312,-0.424071414311472883,2.73842848882736245,-3.41095867031762445
1.62824548618632581,1.65496948490976359,-2.07108848256881872,-2.21031433543717437,1.4916760594683387,-1.00865358772498648,0.407074911639058346,-2.70950931105696879,0.865520350797269855,0.442460077637270854,2.5644290129045193,0.50718956487759137,-3.72244889313400051,1.77209514360412768,1.18733903792129647,-5.27166267477860462,-0.335360455171515359,-1.19818850334672033,3.54633536986649256,1.1306925079107597
0.804086585840732782,0.100844080542730988,0.779310634317099127,-2.42410561485605669,-1.09606183854441097,-0.256253290069370254,-0.629541311303098206,4.46968613098233458,0.634424162640401357,0.214843351331792498,-0.17677884263750232,-4.90294078176801662,3.22153593688522921,0.510032776895831819,-0.174759307546483,2.23344143131924167,0.814670968025180797,-1.69732144696993514,2.63892549114312391,-0.33687218832109761
-0.57928744233787266,1.54668976824195026,-0.581851224991303262,0.907131113915892628,-1.12260721110796657,1.02265967290701032,-2.22375020787588884,2.37558612659676749,0.126987428803391589,1.6596940614815181,0.462150398397367657,-1.70477205511869712,0.805322283343508194,0.816317100658177308,-0.448508315660913925,0.365977493489081929,-1.15952906322896365,-0.43481012244353745,-0.987842574056383316,1.37942806958428288
0.892598513383454084,-5.07020208067567069,1.40771399527792962,2.36226239372628255,-0.811533802474682875,0.213752808511226355,-0.912584968709215016,0.599946340612584894,-0.88540453965309196,-2.03316110771869907,-0.909085786219686498,1.07612833992548262,1.69438261651168132,-0.177201870308586501,0.517654801125751463,0.153771931944314572,0.0199556505886890959,-2.07935049633903812,0.373845963088570488,0.644545286551877372
1.47895252084995921,-0.0945466039735667618,2.31988717704068703,2.09407085794449488,0.110675661375302881,-0.174849105838463581,-0.362117393712391045,-1.06478361168525137,-0.624090025948558114,1.37454929216614086,1.96012317042256368,3.68959060220950397,1.90703363357181943,0.530374236659782894,-0.226645992920351064,4.02811360252437201,-0.952314812110998221,-1.79563559813334273,0.950394969284417468,0.922531353242190932
-2.27901388673623728,2.19945901630875928,-1.6140051655416241,-1.8934683264783394,0.283307434898258936,-0.930726756160963453,-2.53814459314138041,-1.98753209152062338,0.147578517773283652,-0.0138730662838174069,-0.202066253628940762,-0.401811433282185548,-1.33582318775001307,-1.16134543026399117,2.60550775164193782,-0.373046693079306491,0.739495063646248174,1.48255636560186654,0.973443552592599848,-1.45022713518053781
-0.55815910922075529,0.418808740323950435,-0.533546617445280646,0.988688980327737221,-0.322435606035547384,0.181791345173508118,-0.87970660061998085,-0.206281350457702545,0.638757538734331498,0.273345445959427391,1.05929346895332421,0.591261225671942614,-1.41333597217659657,-1.15150554963862395,0.99924488065642858,-3.3979049844778646,-0.537853859177276572,1.96601036868879553,-0.479061832226121531,-0.482861529604509732
-1.1601868046441226,-0.0439223452755659882,0.00908738249236699935,-0.581104951262361724,0.353131301174330614,-0.516983436534543039,-1.5689247223368652,-0.982880637619362174,-0.197030920529457032,1.83183437450706821,-0.560482448233650787,-1.14231455800980397,-0.079654917799300895,-1.34335686019509826,0.0875924652799002917,0.484263608759317121,0.351487935668346019,2.55541348206587937,1.11712498692207673,-0.165896932009504866
-0.231514069881361667,2.08919783107331059,0.860936509385909043,-1.2730775061922095,0.0540087145068541274,0.465262955379334042,-1.70810520727271964,1.03625020493056397,-0.0356770153074571841,0.779983418930176975,2.09291610409376405,0.458191647977542749,-0.756680996643865678,0.991727921008595081,2.97274305203938294,1.37138035861888841,-2.64296593156135717,1.84079674033132124,3.26947537582092629,1.00433148176981124
0.900732905409794005,1.61159626180232296,-1.05588770152564204,1.3602315183119289,0.104763113287973567,-0.727500521704348202,-0.0812201674290104619,-2.40391925795913286,1.36433802373867974,0.498149973571174021,2.88662659570975499,2.49166345205452933,-3.78570079556923567,1.03805970120460467,1.24276335631879564,-4.14048258955219595,3.00407293623313709,-1.09744785193208538,-1.48769939546499486,-0.0332181475980996982
0.102864738936538858,-1.65837434720348376,0.601260827911363371,-2.20947825889375959,0.288345929527037415,-0.648578210430514446,0.200833751610416,0.478125513361102705,0.946500971403373081,-2.43343496370355217,0.263849105145594398,-3.03710908299771676,-2.26812238549054745,-0.702871105609280566,1.10610353498720104,0.663392099633028476,0.0171240776698284927,1.00885969429849265,1.14720859436082434,-0.39470115823167562
-1.12834209205619862,0.410093883756909472,-0.788614172385529999,-2.3338175851602192,-1.1922022695010408,1.36571025900165099,0.80482003068308583,0.680489473510258458,0.473727261270289468,1.34084304265724508,-3.28055460003080857,-0.920176118613025507,1.40735565550127939,-1.48286478110502462,-1.16567494208943545,-0.723755008677911538,-2.0024817527008536,0.99602974360965868,-0.669432409460657074,0.154484768418862245
0.325116095220475965,2.6802681224296534,0.119737609797237021,-1.24883665487744144,-1.68769119412059054,-1.82475108419683307,0.785269877993663323,-0.0656741924437921482,2.56679098260347827,-1.15678951247861295,1.57377519750655792,-0.426912562217886205,-4.41333360356421611,0.259987712438314256,0.439496774298980541,-3.87855646317153946,0.85342539085065483,-2.03170468779527758,0.300169146965425737,-0.621866584213185525
-0.418854747160557261,-0.993139438482164572,0.0413975651091559871,-0.0174381623718309516,-1.955807206429788,0.446202879971361099,1.52441453135379312,1.42216820231292917,0.623775565404916521,0.010698768505830774,1.55305485874255988,-0.241303252508978605,1.6077054905264172,-0.215517118609399233,2.73080513198767916,-0.827202069366666737,0.971083865430789284,-0.831598520028314803,2.82038903494372351,-1.85819647037764346
3.2990688805319266,-0.819635021568787314,0.0561054947781100613,0.81130032166679289,0.842154076889094605,-1.17624103109822342,4.12356065938390959,-0.887474557384876239,0.956724121145245521,0.319795646485588614,-1.30467882230967236,0.857818779366057216,-3.74304601940184067,1.13138406201564634,0.101649382336043329,-3.49074500261604292,-0.410949348461588038,-5.87298464431732992,-0.018272014281006433,-0.964756113201640564
0.483022985952660022,2.77016289695735596,-1.33853413860355119,0.262666401744092948,1.02421078890358586,0.23020207928385869,1.0214706891951737,0.200261336428212838,0.274218853664527751,0.315108637578127293,-1.5141435528199878,0.416784077769546457,-1.42598648393584448,1.0148960183175546,0.035172315708793464,0.03070001959216416,-4.03863072177277083,-0.590033900674550638,2.86519735901461647,-2.98233800326740273
-0.231236291873108096,-0.343045551365928014,-0.570495101020400019,-1.54251320984731,-2.07834111584835091,-0.738362676351416503,2.43194110573655875,-0.762177385553374109,0.0562277352262944216,-1.27026213381073871,0.24949690942724867,-0.58218782104832556,0.0813000373251242109,-0.863472146418203912,0.0649525505464567388,0.59902852235304338,-3.33136689007908116,-3.16660371315749511,0.873432572104283822,-2.43587432066613863
0.340346546028550523,-0.251822264385333394,-1.15557023082080068,0.542951533444360979,-1.10044998344995726,0.0417643348795625688,0.716909284986983253,-0.566393510868495542,0.21378180552625492,-0.0324323258105399873,0.439462837595038402,2.62496408747268228,-0.961321864725280362,-0.416185177013399965,4.3075344845147221,-1.37409244786010643,-1.46526512573055157,2.09906714097723635,2.03926936731170683,-0.165279341775618371
1.63233668823421696,1.12158021155311149,-0.435261847882934594,-1.34666333299523444,-0.64987381772825159,0.506158946628719963,-0.34994955119781268,-2.25949168428279723,-0.895587630785939059,0.63332783655529945,0.885941171250264392,1.29528543482766456,-1.13197922234067483,1.62292441421458888,1.9258859153095631,1.85600464800819531,0.80644365110414562,-1.47816456748083924,-0.654185038586165946,-1.48843791163232253
-1.37511666022276158,0.759670716450706385,-1.19375505511879876,1.98231955950168115,0.662835690007486655,0.653937746437580514,-1.43210054227214822,-2.12925753948919816,0.183059698589861319,-0.0481767530817387366,-0.82570144052514205,2.70207472347326183,-0.868395178806849355,-0.943372759547927986,0.959683207620826817,-2.41815443056718671,1.62075813910204602,-0.413138951308668512,-4.12783926038743232,0.210418123143910507
-0.685985406501456341,-0.244950759584295047,0.789028478703306724,0.425610320763120997,0.288360519622561706,2.10921352236999216,-0.783844542635842023,-0.121618298211866038,-0.458390281411568012,1.29448116514798017,-0.628175310198426984,-0.205898104982227104,2.9947418462969515,-0.701139421088713077,2.13919773539349922,1.37466678369498418,4.10285731970333334,1.17797675981720262,2.75036648787268145,-1.08755508249541499
