2.40079091154331392,-0.216153962964222845,0.732577756596529461,0.214214671710665799,0.622260196605370908,0.218577936942571244,1.27344540097516501,1.59617798215713491,-1.58131343937970126,-0.670356981184540124,0.379804182757919495,-1.01522913921429203,2.95707374091982444,0.0772501444676068072,0.0575046975726295206,1.36902138448307564,0.461042941407749096,-1.2151346974834929,2.35511340266173796,-0.0552845204346687422
0.971556628842183745,3.19505930790908055,0.00229693255295888724,-1.99313444377648641,-0.869736778024456592,1.11584138776762831,-0.0185443641752864319,0.547046607248045214,-0.969024172421083851,-1.38775915344264966,-0.187306735240794525,-1.32991504080907608,2.90847508976299896,1.7768166113548427,-0.160706460620797575,1.27383796683583483,0.240798353846792629,-3.1642320250224425,2.43260155321791105,-0.189350497179478772
2.11837713578754405,-1.96990551834682948,1.22558170445746928,-0.52481088395916986,0.192551979075605312,-0.203624672902303627,2.67917436270412068,1.31092281009824929,1.04581612337374441,-0.854733114498626434,0.380866382242044776,-0.765590707284865335,1.25407518664723394,0.607736767877719353,0.546347735735399409,1.10128733877663953,0.907962358302885852,-0.741868037457858343,-2.70349818933012465,-0.422157124282303453
1.20506751294682379,3.55527607803383727,0.368332825138294406,-1.32291566621598999,-0.844475802717971846,-0.0104798959859247823,1.59401914028487224,1.13977447653383757,-0.583716415933028587,1.28232822355966358,0.380463100826740286,-1.55920618497500807,2.19306985195510862,-0.961572429321900124,0.62609880533292761,1.66429804398519843,2.68932045019427601,-2.99633815779198631,-0.0493440834205667936,0.613346310439239706
-0.304140700096698802,-2.94123278442298419,0.111843947426727555,0.94351656607833867,-0.806195129881869033,0.261241147126536288,0.165612754905371584,1.29767949316081266,-0.440269578973242204,1.48470481163516776,-0.899114844585196304,1.77415389341006513,0.781589983621798323,0.103227056821599078,1.99268263005439716,0.205874816944320083,1.86667667332758613,1.8265346547159369,-0.917517276428273298,0.138575919358385147
0.41078922508994653,-1.69987652242812959,-1.47151748940151927,1.37881486220391181,-0.0365678633068730261,-0.946874314866407274,0.440575427286521992,0.57585168647769247,0.259037403622258744,0.432647558097443041,-0.500843151124279906,1.60431731945443534,-1.5192230850390549,-0.41823085691518902,-1.29563485200424755,3.00060352909107309,0.19780666133411709,3.48283414646709533,0.486437393568350807,1.08506142834265429
1.59144699797016953,0.00464949588028582429,-0.33639053077739578,-0.185944589600683496,1.61295983117522979,0.0987341255356879444,2.33164399698855762,-1.62381013311977251,-0.723375834489743075,1.82637698849120356,1.41960805315439842,0.944247354873491873,-1.07062995233550273,1.75485054241610539,3.53658231402585432,-5.77396457368692939,0.126210173682440058,-0.741037049804566639,3.09211084535487135,-1.04801920025943351
1.65690057997089624,0.483848033363245833,-1.01584245262395534,0.282138198908812143,-2.05146019172341187,0.340725608250898426,0.614194873281651343,0.736461736215856422,-1.34071826118514492,0.765422380649809275,0.725483755517776552,0.150660044743930743,1.93541393202416789,1.9861256678256074,-2.13997981604851084,2.74338043472162374,2.99579023698377744,2.2017610466083859,0.158760792733487671,-0.59681186717630319
4.54514230414483222,1.36770885580920898,-0.456894003166775364,-2.16277402083361237,1.26108470914252591,-1.47727150301206489,3.63286275576566009,-1.31602986101635699,-2.65162939889193661,1.64942012991062503,0.00173986433520264693,-0.593163286611283036,1.0066667191889378,4.21935769761823654,-2.13958010380305375,-0.100641209917197105,2.44852855641206446,-5.02401819776278113,1.7267143390792079,-1.58078642325595808
-0.192803119758440916,2.94337898109304552,-1.66568402250082914,1.99695892545858911,3.025413153731626,-0.366131234058235333,0.411753990012535598,-3.69195658479914846,1.02295459679960477,1.69876378631955971,-0.678218505403365923,3.64647745590681049,-5.13930561588797108,0.933600138237508537,0.427780191167514146,-4.27366642237737349,1.53727590430668326,-2.42604487281514825,-0.953916528382710571,-0.317340366013482145
-1.39332784683703892,1.64105219756836362,0.681107960471851959,-1.12058402966376147,0.609529941366568351,1.14007137947414594,-2.55547353256612242,1.73829107085847623,-0.657412824556378395,0.335397889978109986,0.332207152008215545,-1.19175999044586622,3.47481155522874285,-0.644600397253457302,0.636425382038843357,3.5277977556661364,-0.854984665101194308,5.16830863431206478,2.37990069124848835,0.249357296348592716
-0.549679234634106728,1.81687202771860767,0.155537039301987007,-0.824458346295722122,0.22935761788972478,-0.511844424283877442,-1.01937155008801561,-1.48553986304620778,1.34698799085718468,-2.25788229422077436,2.35779354699659383,0.697163105602895072,-0.980156887589083592,0.19192573180668035,-0.689238608914832351,-2.26283955374440549,-1.15184353219798963,-0.238295719399423095,-0.842977581441155754,1.22460056253357541
0.62955277701304424,1.35611147551814892,-0.641486013263862898,0.266547018611919984,0.153020244003005124,-1.93612456758442741,0.138914209198956057,-1.74109351131894696,-0.904569088743431449,-1.69771348190654425,-0.505418411281404634,2.27012663637682399,-2.73954435536698249,-0.0794411696798933281,-0.506465097217963289,2.37518020333632807,1.78798646391287042,-2.2122406315159755,-0.874506641076350122,-0.493859461575941683
1.10371122304482827,-1.42230124313496664,1.16632598269633392,-1.25761719506106218,0.363982122623133397,-1.47571364557009232,0.696211707040043981,2.26882170933083449,-0.293276159696335859,0.876064019615412692,1.16763217198413272,-2.48043634318336181,2.05161728626036011,-1.0094343517701696,1.14798031328685557,3.99270008132136844,0.196310662093362565,0.956056662397650192,0.495153778715953119,-0.00028941245408621954
-0.954744856052499369,0.81348319406506564,0.90023070255356008,0.653742432715088695,1.31260782602533288,0.0251561104553130466,-2.67722914135222601,0.689828374690969803,0.38356410930263013,0.16817025206174413,0.283898830342337594,0.276954087172127661,0.190300406915986292,-0.0498443970654608784,-3.30533612093712525,2.38427554538589836,3.749906328965674,-0.00483309761961673093,-2.30495875457240285,0.237793203132471404
-0.0414239084484443604,0.594571474799652333,1.49373535858075934,-1.10184198124454191,-0.155389620180726024,-0.14859635195483345,-0.152245889593659395,3.04717642291077917,2.11438209325529325,1.70055651804398855,-1.31842069439099574,-3.00696272986106639,-1.74899567563716452,-0.985794618580910997,1.08206809325304132,0.332424683169866675,0.360772154946287338,1.33234266448988481,-3.29953420256117935,0.786496643296742959
-0.765222601116719692,-1.40125171940513749,0.336698529967948523,-2.82920652228317326,-0.096923461690087101,0.173921733783746285,1.07937606892563798,-0.9564778366919372,0.704172176203147759,0.357080753464845413,-0.682818588232817381,-1.03617777726996274,1.32015343482120118,-0.704369020413300295,1.05490836556924705,0.310230939669117578,-0.827286815355160465,-2.49269235638201669,-0.718551908229336234,-0.266111489686246594
0.709328816893042169,-1.85170740164417014,-1.45318350374110605,0.683404020075951357,-0.679618954643731676,-1.91850479637974436,0.0136793019561269463,-0.196082941829108542,0.912715043249146207,-0.653189808246511516,1.14202445261101482,-0.0932616259365676575,-2.55214699130253697,1.00099820045750265,-1.76372078711461411,-0.397415150054681032,2.5144042646920628,-3.10130762977992758,1.51949619331912045,-0.852940896132063586
-0.513851596676767941,0.383660070271251485,-0.812130482328761061,0.646099887639074333,0.852145402061142976,-2.00619447989751176,1.8970613787323789,-1.99263194178285441,0.244669815333716734,0.726019619682538031,-0.803192263342486501,1.59694977861550425,-2.35310273124515845,-0.620099405644250368,-0.248128107239318524,-3.03739245785586842,-1.18742914685908851,-0.52684504390628939,-0.169971024026925988,1.55057779738556811
-0.812924570106218436,0.952007414672021879,-0.0138552537181104041,2.53332741689320295,-1.9134637003944106,-2.37418427370747676,0.537402695521217111,-2.97732587006033,-0.636179345797021623,-0.00295861919444685272,0.64766681559191519,0.694776185226645304,-4.13606853449092959,-0.242502228439419626,1.47279876845256297,-2.20073342236073399,-0.176835833530437775,1.59167419249818898,3.61623799197593998,-1.25623940629844966
0.981689785670563753,-0.178217348995859781,-0.888944764163980161,-0.298192164621563449,0.285606188829432228,1.19178529242538978,-0.541131082640789129,1.38917578801973796,-0.402937134100391225,-0.402772371592159228,1.84336459863382918,-1.53960865459192475,1.77726029533320706,0.661922063271119243,-0.452010488568992397,1.97995899332507275,-3.32682132163377942,2.86293825927391499,1.87850436365299056,0.206144953600406244
-0.587969744743645273,-1.05853485498385314,-0.896339088588452571,-2.04180235727025439,-0.202528629309634972,1.28877573512983701,0.633242258128668634,1.84743333708142221,-0.9659170178095281,-2.50234643330096773,-0.0205951015232723848,-2.48324439803076036,2.31251519476486012,-1.10976689821767693,-2.90826568225534166,1.84065536237786187,0.335612091407604785,1.44258719212643371,-0.582802560812615167,-0.39815166820153236
-1.49483936347121893,0.384566354948577382,1.07310122561103571,1.33749496208602925,-2.10035642304309089,0.0330293627306946502,-1.37026115844724194,-1.07455712524637104,0.350118091323603442,1.70282372674352667,0.571626893948360304,0.861724003965079755,-1.30006786034836797,0.85043807715053632,-4.16662613392360726,3.0626465213351719,0.0304368025043647641,6.02528787270550037,-0.693611047317719054,-2.39444613557602981
-2.02118520710548299,-1.43236057648562487,1.46795202652494727,-0.760174043627892537,-0.704771732361511694,-1.3316663913280089,-2.29982846147567255,0.882791867929825225,2.26659368230014824,1.76826885185489524,0.345019673159276508,0.273669960647929811,-1.61149058902053977,-1.43335164408734506,-0.460668977655524059,-1.82509200335429611,1.04201970340796213,4.49926881290281688,1.46055489620317647,-0.167750306473977179
-0.827573448758682773,1.85224424038634661,1.86307040169967819,0.394933337214637914,-0.489501379046570873,0.574934639246356016,1.4275114253329324,0.666671359833835075,0.56713874827100319,-2.49841874999435909,1.24587324576647651,-0.290226547902479814,3.33507765889406071,-1.38582047162646571,-0.0915546942494213783,5.19174484449127682,-0.172274919252288716,-1.34161300492269464,0.087930129922680747,-1.23511112886846131
2.05074738150597469,-0.0638668800151893645,0.775607238081712946,1.9681969062356317,-2.08526762255858111,-0.886061799222482627,-0.87782873333785405,-2.55113205131315945,-0.43156101771286437,1.31924595040574788,-0.742100394605352265,0.548155917574213558,-2.36846645885527041,0.791293069732709409,-2.61583844607058058,-4.48263421572320198,-0.234637672419179127,-2.44186589739221516,-0.136649849928296374,-0.590535820713801285
-3.13327682169792299,-2.25182356610195145,-1.25321429533385742,2.846492195268568,-0.176815104567512621,0.837945684808438229,-1.94371033196098919,0.416929576360704601,-0.568110161833927485,0.912405548788755461,0.493842169506631845,1.29932606517474247,1.05249324037051739,-2.30522629801361356,1.60882097770520693,0.432870689381958829,-0.0452084352840739917,3.64808596807342456,2.53721905240764256,0.475966991945722229
-1.90505358463025942,0.440688293572371881,-0.351638447152407052,-0.553499688067268791,-0.228074640952491553,0.916522107638152783,-0.576182540860862402,-1.54906959943659417,-0.163949941256109621,1.24194189676596256,0.920678220131754044,0.155430415290846391,0.669211869360253009,-0.773649130275858354,-2.3513341033841666,1.43696177703751138,0.94495330966308444,0.709628713107200326,-0.699326533123641347,-0.135838323745310074
-2.16411472312174702,3.51725821982910736,0.958870373929139208,-0.19074829897457074,1.21423019034684199,-0.0760058785776900198,0.440844234784350308,-0.155714867897476517,0.258179105603383419,-0.418487601911402995,-0.623343621652580504,-0.987426630822718976,-0.813940485586058582,0.00441002371528583133,-1.30759321120205541,-2.96876690466612914,1.98803867866088724,-0.194485351306067533,-2.07554335294746872,0.992662211213931278
-0.0868678717674373213,0.620228260616132565,1.53441031376262416,0.771668620425170815,-2.01789152622418966,0.561048520280196361,2.09737635323152327,0.759804233153918651,-0.972449859879568335,1.57167758087277298,0.522382479323978854,0.137881927258233367,4.08596169135444587,0.118696815367296163,-0.300587567388006072,2.94584257083025669,-1.98669549926446365,-2.13659694375625753,-4.13536121736258266,-2.97148402262731004
-0.98283150993776236,0.39504914827303883,0.444878328435163006,0.482868357762908151,1.2903160117461645,1.3125042920507255,0.795038989130779639,0.438343715273351475,-1.20309211263118487,-1.57407372400407275,0.87469860775704511,0.200585804770379322,2.2934785992005664,-0.955623432014662155,1.67042518668597406,2.95233626670877269,3.09884174853148009,1.99554255097885158,-2.72256378135587562,0.962069275632372212
-1.94764852116420562,-1.13422253766906378,1.25570372039903266,-0.413237947341355161,-0.65468963130251101,0.272665376382527802,-1.61359486779181416,1.84415753925995296,0.57855843772380855,0.994193691217462594,0.810090803291192207,-0.777951494182802294,0.393003080585521192,-1.50612248365656298,-0.831012794279656242,2.77093999943615676,-2.47397091296964611,1.57782879060124559,-0.0255249950746209049,-0.288726798326733813
-0.772595380594761627,-0.0600931693686508339,-0.160982781336160508,0.456966364354709831,0.193443708838747036,-0.321743105390372208,0.471715635148902968,-2.10921284626685734,-0.303719042441810194,-0.632130741569193577,-0.756252626000501804,1.98863982045725352,-0.11994438426448395,-0.465453304059064432,0.423172018914647563,0.940873322546133317,-1.64271503221132642,-0.651823286030876026,3.12452363714740011,0.377209007981705813
-2.03905977652051718,1.05059420041760365,0.0879144305312217628,0.281280472469362941,1.88019195858299581,-0.363329528383673384,0.0301990249723545802,-0.810736291166397671,-1.12380131339521072,2.20223116360288351,0.351746257453828204,0.625328812878752527,-0.00131754825903116672,-0.554854845817667308,1.41172986073109308,-2.75887141474889308,0.730344956612608787,0.715364995149740945,-0.876306015738359201,-0.822451441483006751
-1.52276179226490815,-1.36847230117813901,0.0900529996268746163,-0.968383963714797957,0.0318533506306037106,-3.57712715846622098,-2.04940745915415112,-2.20256733770548063,-1.08577871512200574,-2.39954643450470417,1.34546290899898136,1.07417515342330172,-2.42341330639920427,-1.36982629142373935,0.201005309310497843,-5.67657749304866854,0.113960702094003483,3.2452279811500877,-1.90642852218969838,-1.90245987147584894
-0.384757846303509288,-0.943056085766293517,0.968588296824250627,0.717547944304893659,0.585205704948000616,-0.71848718194949468,-0.752596263987895808,1.45117504816670317,-0.358159895936200678,-1.0300294694871035,1.66827060442012676,-1.27509750577644798,1.15488176871432358,0.444458450230274693,2.03392987997030517,0.37336439464647353,4.95779708267093699,0.930475826620989266,-0.497549554128064564,0.848259676561848974
1.04067836050651219,-3.92427328346799698,-0.225307521292318708,-1.05173316657576899,0.563417658656200082,-0.229418167479449431,-0.90591031183772075,1.18092377682897487,-1.36224985325626347,-1.50490655773913962,0.913973026244306097,-0.880265689384779559,1.42786304637284545,0.24958122071544267,4.66153984923279019,3.48322947099040103,1.90001619057104087,-2.42119188279268682,1.34632773915653647,-0.687448770856556535
0.783816978746858961,0.103614989206313041,0.37484079111083024,0.543967752120827264,0.0740916502233177759,0.805341910848785925,1.94758059404786588,2.90552593478200061,0.0883091623347933286,0.24391045120978605,-0.0232830199868253769,-1.3973471512598723,3.59587004281913503,0.355802075705308196,0.173103842643645089,3.03026354241006768,-3.68383578264173872,-2.04212236189946239,-1.16692908537107476,-1.81602231932969915
0.567171504944299687,0.491492603902905667,-0.785558599315937967,-0.102282286367382305,3.76251515676644521,0.938749757056113854,-0.1720230326457384,-1.60552883574439598,-1.13845141687982609,1.80695575210638859,1.01544797819970012,2.69791895837513973,-0.304467229197373013,0.131388425584439889,2.08651616044704724,0.816762517767129714,-3.08309122646554323,2.5523552426972258,0.434579246559455068,2.03076361905129499
-1.27342502116365019,2.39039844825071501,1.10251793114042074,-2.36993792032793937,-1.72909580820547149,-0.320324081404738503,-2.69467440170314854,2.35935704329815632,0.279677165757750867,-0.812339053703637237,-1.62762207361083844,-4.48440495216375368,1.02729585668577794,0.607193219115783611,-2.01612650331123211,-0.169560353874088354,-2.31643791762831075,2.20537161251332359,-0.955804787484185958,0.64950728162012672
-0.817921833313445035,-0.624429090222010874,0.603936752220173956,1.20045792333595069,0.880250767148924917,-0.282405187378011568,-1.31464410753349004,4.1782025830468239,0.530180969670310476,-0.710971010197894659,0.80947730977934973,-2.43631899732244062,3.47957948776157133,-1.27465542151002431,3.0596421224925896,2.46443785497348866,1.55388722113236044,4.47087700180861347,4.72444723501822317,0.945063088186102518
0.33627952555076418,-0.733035249600593075,0.424886239974511526,-1.37217898569436092,1.32064928177687491,-0.520021871453983819,-0.941489928970469236,1.81509198474798938,-0.663023864716771549,0.544714165406529061,0.170585843887671867,-0.35936567661595975,0.54471494536358922,-0.614615422271525991,0.306187845191699004,-0.416870019082123788,-1.85755180171646295,-4.95970751980287439,-0.74597549474700342,0.131883289882294003
3.60385192871291471,-1.93466310882728387,-0.26801451890312461,-0.160046823737487742,-1.53441330411136834,-0.57206839656623254,0.0382103036368780721,-1.41161008550170286,-0.136907086616088747,3.06623302519055763,1.07648453284386703,0.697062389441212127,-0.139775793252400582,1.65562729902784822,-1.43089098651034807,-1.93346027372561302,-0.469248355097491687,0.0721041407179397464,-3.4519360541066777,-0.682630001943623999
0.643987277187491491,-0.443254160768476235,-0.273250132495602316,1.20060507288678231,0.940256124906756141,-0.489480661426071662,1.04924034687351009,1.87746405519687642,-1.71165618151869037,-1.69724942866385109,-0.662868092035287182,0.458820362249636016,0.736556433912759823,1.41930696973914316,2.4181797361398476,1.41892670227269035,-1.12517939141624534,-4.24308086485177149,-0.617037402715063688,-0.300261621577070148
0.530369605441523229,-0.0696598138480005596,-0.198663917375555305,1.88325599058775728,0.838888435882008232,1.95725393848210349,-0.31192353675695772,-2.5213889940103047,-0.317885328616024865,0.411418796222392469,2.56384105681378571,2.01009906293969021,0.105752659763096057,-0.020840392036756545,-0.482677768340559143,-2.30611360214406158,0.23166218563588542,-1.59940350362636163,-1.72710627847558396,1.69850144249392021
0.231214409762262513,3.12808044169121491,0.0627227019652732559,0.0403096848939499611,0.523407510754605454,0.914994978498301803,0.440897579164477971,-0.721233959789351897,-0.269642600369655372,1.11648032973583011,-0.971959824878243617,0.846667184590501498,2.28437709883503226,-0.874829979558116144,-1.25449186206905083,4.40339492340624705,-0.299444052663024762,3.03567775616501212,0.321958662189613998,0.40984993482982629
-3.67075256882015966,2.72143742366435148,-1.31043812885999644,0.396294368829802846,0.00415211882831733724,0.994415700386678814,-2.59812443643126478,-1.77679813146196075,2.0376083235455611,0.482678920854151983,-0.664769428667830953,1.08269517184842345,-2.00004251060798621,-3.21637681035402645,-1.26853416632554161,-1.22419805719958785,-1.48350407195067358,6.35860647893032915,0.378603573818740546,-0.983582261698540683
0.773830681817256671,-0.470423788428050438,-0.384378086015524756,0.119253992599402045,-2.32788259525331265,0.365633864425092769,-0.882377372749139632,-0.363032893561054004,-1.24296706333865159,-0.472805247315476962,0.492737755109998343,-0.952694533230530327,1.33831940215975553,-0.694855043487192625,-1.99247189331054542,-0.357544241475609148,0.658852889592266067,0.406178207276156888,-3.10128852205596495,-0.222380481338607217
1.39403198755243518,-0.548940235878607408,-0.104229035593887229,-2.46050660519292075,-0.261657743919423591,-0.430190956111655864,1.85873554737146107,-0.211318262753229069,2.18993252127206928,0.777638816198005012,0.863040471861405756,-1.51190774655791627,-2.07566871802798358,-0.252692789880196278,-0.980651014148564815,-1.93056357262007228,-2.32455893045064199,-4.94580084936082187,-2.6062789543150795,1.12086762465225731
0.186427072110231407,-0.880911341953648952,-1.22010072366129174,1.80252135047077244,0.389777696521825312,-1.24589468307870543,0.963534670996448406,0.71148841634038007,-0.223211449567753517,-2.07717634894401915,-0.831516336663382982,3.25814026989241112,-0.877196965699232001,-0.443697815330805378,-2.35869155347916282,-3.98752819881676501,1.40333087150885327,1.26452207192319954,-1.23077128538027014,0.20087984751662552
-0.49547696715959072,1.61439890816413389,0.558745032370270955,0.27991866121807718,0.918695543200649167,-0.60929143465060287,-0.132307706670425684,1.09323921293755122,0.368129188637049243,0.949458024157973868,0.197773575657993694,-1.48401248872044689,0.357947349786264357,-0.604349864358709632,1.07843498351128497,2.6279603037962751,-1.93679560255109484,2.4371441415849997,0.00990255066564396311,-1.08206733684810974
-0.885951358579435189,2.26130549912138168,-0.665855186809049759,-1.82068558118598389,0.379470178667856262,-1.05667446078029381,-1.18712526128890805,0.204592648080002243,0.285359943833540131,1.54372492393714733,0.451689555120195152,-1.11504322504906872,-1.02138027795510622,0.191515903274490251,4.03876216468067728,-2.11067465038450264,-1.91791845376601988,3.94253531966377446,-2.32676870570326244,0.313440334218938355
-0.198392342845817859,2.19229471754956506,-1.23237476897395593,-0.62272147698812208,-2.12010684372373026,-0.335266871033111757,-0.461469800032452027,-1.97011661202650656,0.351449919463302396,1.7328294196659304,1.07977376492263843,2.0925157036017894,-3.33799960548489549,0.290280025843101197,1.14335938720780161,-3.70744780936031582,0.670616274392430101,-0.0995120826379531781,-1.86508937702453159,-0.0133411283354897998
1.53611537661275399,-2.43227235681841103,0.343227020723965881,-1.50324026907338237,1.02679059982183518,0.554598005811369643,1.21587254252457022,-2.13140608862651204,1.97009239497152344,2.58657775675645407,2.23604754980200138,-0.854769560837662756,-0.612002057123887111,1.06431435279174558,-0.999264537424521371,-3.71480513098631837,-0.296438935059768371,-4.51780197810085582,1.5321786371498427,0.877417250260071446
-2.32030476798902541,-0.917098964118493565,-0.724279913594249258,1.0911503400369531,3.381501268788071,-1.33947656845238394,-0.601796280378720572,-0.725144894412092955,1.44008430982832669,2.35225849376178786,-1.0878736502942743,2.65447183846584434,-1.56802946447070646,-0.219256090343976473,-1.27149225108739983,0.569896882113010483,4.79282255865877271,0.693342176069831728,0.622477925466464743,0.606762749753886554
1.62771276850918856,-0.0295992425865755811,-0.877546094697178813,0.515427326987028867,1.25407824451461369,-0.603495761474231451,2.28582656059914369,-1.69724561782779504,0.265259272273484281,1.25359994222869453,-0.0573436321555536171,1.20224666504914923,-2.5609264810568626,0.270155258367994089,-1.6606742151874343,-1.83989829059122956,-2.60772571267730902,-7.19330683746096788,0.451483696322260764,-0.759676516460572215
1.03344689126791023,0.178780796590593205,1.50407383331994859,-1.08599770743980484,1.06809749579821145,1.34376033345704426,0.520274138750270065,-2.33244472068857167,1.5321040076783905,1.0395330273746648,0.0310375910865094348,2.66465031414997977,-1.69300555538700914,1.86001566727603551,-0.892014080640755602,-3.68440008935766272,-0.413888825633227542,3.12057519710692732,-0.419286306342761261,2.07878909554719726
0.841605583511745525,-0.483094935478477483,2.1393427199395898,-2.14265955026545196,3.26550483811531844,-0.661450801776427899,0.398692974206239725,-0.600892102252698068,-1.43397131445368498,0.266996646626282141,1.29573765199065538,0.13394334152864068,2.23719431393774437,-0.285508025024887091,0.483874952244175538,2.14768289289808711,2.49142206981579362,-1.02336000010688521,0.803526400920715811,-1.18999514508059767
-1.03264245481586192,3.16056402274638382,-0.725075921947805901,0.0632205247342981086,1.45484770483969172,-0.555499811075173211,-0.525080372108212678,-0.153335920324165681,1.21863751018177746,0.69994246883688771,0.405207951764731178,1.19826568407168632,-3.59800348648926871,-2.11506303421075836,-1.21638570451036809,-0.658166876080478747,1.69031902168435688,2.39887518842775549,-1.96545568207154964,1.34383531636089137
1.78790568965248742,-1.94181300050342576,0.151597488151503645,-0.766161878821844056,-1.43140669351005068,-0.511431213461558953,0.180287064281662412,0.157393705310539617,-0.289074981319893176,-0.889396893483206608,-0.796074341773465366,1.283452872286164,0.636385368023863363,-0.201605276864702615,0.884415374735449511,-2.2340591514568171,-2.24049937138932886,-0.58237056330223258,-1.99752572261187411,-1.35226988936343973
-3.64028539678271157,1.59527219880755666,-0.412058018923908476,-0.32665030828673064,1.35057937926369909,0.316487777257645375,-0.746303094323562899,3.66689387211771844,-0.373308132791775715,1.26345475783070338,1.21001822984832286,-2.97503426251114034,3.02355776308455226,-1.81079098333046051,-1.09242096128341015,1.69673717524053203,-2.86028562686665477,4.05025659142936778,0.325151080823581629,-0.878750968706901059
0.0510355714210358885,0.460853452140399522,1.65430655895656398,-0.400536959710827645,-0.91497248935762987,-0.664389923734242993,1.51914030227832431,2.80281463950121568,0.478549733987922055,0.381577127039702257,-2.66428203391458496,-2.30944254474951771,3.04991771763645403,-1.34093876146587077,-3.14222393417524781,0.379518420154757119,1.38257088199943867,-1.67759422325392493,-5.44815802952823525,0.299493779526074033
-0.193940334820441457,3.35619434342351619,-0.401499704567439331,0.771897612213912732,-2.36965033234716627,-1.91058554317340246,-1.61436888929800992,-3.4706745242869701,0.257177550378361486,1.80376995338806845,0.0578196461772048781,2.24982885360700768,-5.4891745302238677,-0.545013646309171484,0.590123698946536268,-6.49556431639057585,0.172838083060973674,1.5655363801161859,-1.67784590690188562,-0.444780271450675446
0.564771435672955513,2.41822309912930189,0.0849142580775748973,0.648347185610289478,1.156560434335002,1.91645790571915486,0.141150799913032143,-1.68551531589977377,1.06491018486226707,0.651660676423147178,1.27123900002906365,0.40767361383156997,0.64460924510969897,0.480961910550809335,-0.141577556223438317,-2.23439920697073813,-2.52342991397359739,3.03845341545184366,0.34371371878102025,-0.358547465586037173
0.23966951630022848,0.52334281469353483,-2.66857754557822435,1.6659500635178075,0.880729733389731928,-0.515390690496224546,0.304341680369072332,-3.14920206063597385,0.667121117015380349,0.328976703749688348,1.03453409475426894,2.89058308513898732,-4.65654695658664153,-0.330567789192631634,1.14788873000135139,-0.106381387826507801,-2.53964645509364839,0.236205984222033871,3.80661451468853373,0.854353358955285191
0.45980388585123555,0.9501933523413163,0.667139663604508604,-3.38192052195206916,1.63441826543286872,0.593925383639286264,-0.183969746081486196,2.89213288981739503,-1.10021808508564445,-2.44573498640071874,0.979046821871514039,-2.42816433203387261,2.39831115367891945,0.840988038656992565,2.47867813231119394,1.45755413323208516,-2.90603126740188067,1.53046502147351293,1.61979254527113103,1.59175797873353586
0.426860039434978633,1.39501216921189086,-1.86638972945681858,0.760483017802967232,-0.535285426495847871,-0.232497868587628997,-0.192811909620310251,0.282406745131578762,-0.475911219917157569,3.94162663672417768,0.9623350479960604,-0.275275681030462238,-1.54703605329755978,1.10414396011607741,-4.13421607939419289,-1.13210371657962416,1.6930802482785845,-1.93324438448367442,-4.44626202614953492,1.06926039922312288
-1.03477417777313119,-1.15146216737190321,-0.349537299248840361,0.633299705193208218,2.23214166894103005,-1.01559988945553492,-0.185250508839498784,-0.354763470159538907,-2.51104465832413837,-1.90684992362215167,1.26019835161751437,2.18736306453364193,2.92370470642405023,-1.7031622248711058,4.11753697035871014,6.5811179452922266,0.0940334461908469005,0.80528773227229733,1.90457065196107234,0.290599611171820871
-0.311593592486088533,0.272685907570432817,-0.0788891942226255388,2.4367189580462072,-0.0368296969621189837,-1.89158481522289623,-0.372283844481480108,0.753817577108153447,0.0431557029327121894,1.07304761372903568,1.29982703999292015,-0.7108987691800428,-0.919822715182195272,0.666202650843817024,-0.976270741261463848,-1.87690698131203249,-2.03585852590145455,-0.879655107641726941,-1.54202948693062014,0.011953709260964682
-2.10752415455737196,0.638284518504637743,-0.249150410611171907,1.006461618765085,-1.31289716341445306,-0.481570321679882729,-1.310586888454359,-0.716242281911082412,-0.906108735717001013,1.53967098531696123,0.499451895493531528,-0.665093852267021113,-0.788806067090761287,-0.63284330412421097,-0.579777481827867036,1.26955780872867319,-0.263251422038255412,-0.108334660908523325,-1.80080334158837241,1.58355968155444748
-0.637474892972853313,-3.11517239625802045,-1.27422981598797391,3.12225826717782384,-0.769760491556172766,0.368106707903602393,-0.25644532653431007,0.810509497400113244,0.392030375554975052,-0.276682761619117257,-2.62822816608096366,2.11173173081832655,-0.185666259839226022,-0.114977324085426227,-1.21370449037999317,3.33798747914786009,-1.22648336354004162,2.45912462310092028,0.209413906635932706,-0.704623115183456883
-0.711946544452398467,-1.68708468649687449,0.15774109850912979,-0.969898391290591189,-1.18130814746517387,-0.974479470374533641,-1.70999539086307717,-1.49481333574616571,-0.0394957090051088963,-0.230838084451428616,-0.396448167320623823,-0.435788491495276487,-3.26118530777348159,-2.01724527652253016,-0.137980450089558365,-2.5975264955352988,2.44868294211296522,1.86031429793556935,-1.38511305947206065,0.888498578172872366
1.81604228701976766,0.47488783800232387,0.424322104185361426,0.289119709645842993,-0.327282586864230784,1.60129699626144206,2.18018247231308582,1.26866270254597224,1.26713656414393827,0.149886697184819201,-0.838135840465350612,1.06643663796562382,0.613481327101433216,0.672807180321703502,-0.445246877706915012,1.57231220774352032,0.771084735411848077,-4.013714275431707,-0.0254824164359978671,-0.0163745784039727241
1.48594213009208498,-2.31736191145015047,0.848059420746223203,1.15027681520261593,-0.562777119428999217,0.425113673282738247,1.34224379578262143,-0.497563116810308459,-0.763449222878371137,0.649720991072900267,1.88096184177916403,0.672870734913742385,0.99689908936727134,0.78203204709848706,-1.38360883993664907,-2.90513443012259698,0.289957306359093114,-1.15120915548616187,-0.84297812894395896,-0.197837277127418859
-0.22063301893896925,-0.99821912528067791,0.735942313448758378,0.540665691431640449,0.0617077826716566011,-0.750745549766089537,1.44156995072904759,-1.94628657186356424,0.481607460168437973,-1.48862853226468794,0.502905715307041201,2.15135694911163844,-1.41184092183467436,-0.596731822257697386,1.45855046633338281,-4.47048288893806411,-0.308802691996121204,-0.644514726561308149,4.30508182430712427,0.846904082704791672
-0.977785483132007083,0.327954645217566565,0.271426647182072711,1.0603555054541185,2.61201129594733228,-0.311988040613675743,0.324766607197421453,2.084172256192804,-0.232748913089692644,-1.78516453606661329,0.81320826805780122,0.176858332274921343,1.39457012378485268,1.08257501631422381,-0.0506769056945130594,1.75607805955800456,0.580853437994643174,1.37399947878525852,0.362421094289234136,-0.217307068720178687
-1.83756136356791666,-1.11530578784985157,-0.00529828209447079888,-1.3958261563400276,-0.524325360341534763,-1.25396858625189567,-0.682144375268114,-1.03311134286001916,-0.114685731565034921,-0.583080623829067113,0.752277828057086984,2.45283906595311008,-0.85906563361047783,-1.85958170244327325,0.165799625892020297,-0.276752142935255574,-0.805976733549143121,0.409619468132056019,-0.0511436092998700589,0.507409284059708865
-0.161257907769588898,-0.161465723163574049,-0.136236732016019518,2.02269152091805671,0.363156471635083411,-0.931020503921646259,-0.117349734036518619,-0.166620063397911938,0.787898913660370681,0.259413817806984359,0.00065836117685402957,1.5215465063337974,-0.200689467389845028,0.870776223073499001,-1.64899964224505058,2.78940134209186308,0.462323784948780681,2.12251412930155281,-1.85258908726540961,1.17216603142608955
-0.453215102188766261,0.409893096653214772,-2.10117289870926127,-0.185653645599329453,-0.152767656300541177,-0.217742020738433489,0.104878609103822781,-4.76938714931068741,0.380603993111533145,2.07327765594279967,1.1643214412105618,4.35678257145522885,-4.31507015242436509,-0.443628656510848762,0.288565925834566417,-4.25215773352360316,1.45930531739263292,0.451925892047618849,1.94229887795170786,-0.892702082448372902
0.640228056739752471,-0.311070873543225768,0.703903677820296836,-1.49200895503302444,-0.781667024025140322,0.583777327182954719,-0.450579549704544113,2.59397643597110505,1.08344759070268193,0.681523519709033909,0.523016001742538261,-2.58027528882056068,0.856943542937811609,-1.03103464817673918,-1.43079498325349252,2.45633404601270344,-1.60124360030598711,-0.736706831480478441,1.32666826987683417,1.86603205579288112
-1.2627601983584309,-0.392372062626967,1.15249880086394962,-1.08228843253878693,-1.39788906142957692,-1.27291073713422054,-0.140179749630521433,3.58195981785933748,0.385987818312315156,-0.757797760214516725,-2.56862725233667089,-4.04117061354398199,0.814960999285707643,-2.62409687396756786,1.47408951587492143,-0.868503291286079837,0.756321743391323076,-0.518078486507182245,1.69290013865786171,-1.03615835000284018
1.50410024802983866,-2.2019540569425855,0.978013867705090356,-1.78845844459663317,0.516026485914985789,0.339255917044406774,1.5964864269997352,-2.57510225080373356,0.429355752746344965,0.654564156051058221,0.575911707053925914,-0.34521810968171518,-1.18657649327198955,0.150416206689330784,0.177162891251694099,0.00182416180619035593,0.171743945286011113,-1.53778908696064653,-0.795319448954759256,0.629117393328686214
1.28742026869822834,-1.78376813559058545,0.422894308238141281,1.1781439838029828,1.26557634910006622,-0.501784997614153516,1.98458490415654309,1.01965846706215513,1.12454595959294923,-0.442577091011011337,-0.788630515626857154,2.07155840806620706,1.78318818603222717,0.748887026090674479,-0.667016650850519532,-2.27507194378406208,1.94688759097870934,-5.13499128199105215,-1.15478326648408736,-0.0670697858816516751
0.862458899324351491,-0.429173600521575882,0.0499776988135388345,0.133791478087927851,-1.96147519012519056,-0.178142289447391217,0.897989788169050951,0.113804988761083678,0.367222186623513247,-2.18917441553026437,1.23407609651159667,0.132866721002306148,-0.383996297957982846,1.38557586116981546,3.85015716016889353,-1.48536549460051903,0.032144455726254427,-2.05495036753010751,1.34064070185937889,0.310255139147285863
-1.32074412747866043,0.493441571948025626,-0.030622432655801772,0.39768144792228477,0.391630369493327413,-0.546233165767114226,-0.706514807628211505,0.99661948434404557,-0.442666289421491277,0.416772790330154241,1.01200962388648419,0.538136211137390852,0.599370335305453916,-1.36708429649390761,-0.564017996571115621,-2.20797223253469665,-2.55588806742437091,1.17817510925741153,-1.81091300974725655,0.51422116393744266
-0.719826483672495909,-1.2339655272039225,0.538108912296456188,-0.273182422350665199,-2.31648643578954383,-0.584902298990327196,-0.920357644206806436,0.22988035674825677,-0.763052834206813246,-1.36056275364280821,-0.265970151861655291,0.072163461631778128,0.765759677234052805,-0.582482519164384316,1.93710170824962402,5.09263944500565646,0.720512342658726435,2.06447010777732487,0.967627535740460676,-0.00688035200107390416
1.50230069954212464,-1.2908031430046929,0.0753084867254085744,-1.20563252391133724,0.907584500013924322,0.796271682052135499,1.28891277673163973,2.84819185241690098,0.389499929689183566,-1.05852272560199001,-0.464526931462546422,-2.0656153818336791,2.52879606085291453,1.17945918522990856,-0.415458911592934632,-0.191164086064716132,-0.173260377615562788,-0.429795960960392798,-1.7969364500393552,-0.796988009184963708
-0.689749061050084045,1.35817137474956939,0.468825701529271222,-0.835753421865822799,0.587896038560145051,2.3467058096165081,0.544896123415109179,-1.79757283060698336,0.170366810311038647,-1.92735126677676516,-0.732941511583080851,-1.40862034689406146,1.37184172073684829,-1.62636057109947618,1.75608731498345905,-0.77734240366721441,1.51797237793685413,-0.828475426727599218,1.774626162453667,-0.17544128625612157
1.59504665765517828,1.29781834582857902,-1.33480437491315218,-0.661114062182097006,-0.0170680674886234396,-0.894639061428265769,0.220053314860855248,-3.06013337293557663,0.956030419382265961,1.73071182995613615,0.562303685084393434,2.46940127506253848,-5.94062322824454458,1.68741194196702016,-1.88427666696364127,-4.8736218570983878,-2.5229293137104265,1.17402740571320896,-1.01171929572079633,0.0233463376699943916
0.756751139524768801,0.198985424117678167,0.585233787743493994,0.472902261918008826,2.7907638623408233,-0.753965570908263549,0.569522924755686888,0.23632334502090277,-2.05056973923853247,-1.70098970253756976,0.477323260991580511,-1.03315584296112961,2.78665633204007346,-0.0994147275949143899,0.35359313294154221,4.27926515002797192,-1.57447135453698195,-2.22616933645107196,1.24688230713106818,-0.156356823507064591
-1.14155199141679908,-0.454630671282063969,-0.430729274842119925,-1.92136670688020961,0.873211877367791711,0.404846845441606762,-1.99769726120200519,-1.74710767630213759,0.675567673666689683,-2.25853840089273339,-0.105127151294203997,-0.246506264932872199,-0.588730254158814859,-0.36878521165477135,-0.254031091836942557,-1.86842578299810791,-2.13122678381682595,4.18825658236827092,0.302812990557131179,-1.01974286815703774
-2.82279107723550204,0.0133438445437450131,-0.654696314099536325,2.22306871842888176,-1.47950503861073179,2.01514435171131812,-2.61914604549517982,-2.3969987410561564,-2.22447211143768797,-1.76548414337422166,-0.893644950318966291,3.25232558767410262,1.66602011524508553,-1.80575609272408188,-1.59332553169838187,3.50127333467978374,-2.30309076321457296,3.61268001766956104,1.09773238011626062,-0.729935545532133467
0.162289074704061537,-1.05441690408348721,0.907175234400568242,-0.419132964042963574,-1.59211292601639798,0.69729819050195696,0.807216404063384352,1.07793260429441617,0.349015625286590525,-0.461579762671519622,0.972078415669322959,-0.220662308820121889,1.0263962407311058,1.2087278756711739,0.42202958067794627,0.187530983943201113,1.85024993580131625,1.12934299168233521,-0.858596860798475303,-0.582096104690530525
1.49984229169339178,-0.283526215240385071,-0.324530929752258113,-0.923253591993207889,1.34187877048841164,-0.0537983116518975027,1.14848002187213272,-0.97476495881867975,0.875647180084257126,1.69393039975667792,-0.0267706566704799948,-0.568661181405578087,-3.00417646894253743,0.482470060814725987,1.76550675904303533,-7.48757652590134537,0.0698929259557672378,-0.00966776401430802061,4.11848748626003314,0.572272866588646845
0.495842993299582091,0.0779875839601653076,-0.0889913994917466422,-0.0448545733231034,-0.532755714550434023,-0.663546005110136838,1.28649485412054787,0.414312282004495602,0.960061793678583908,0.403193033521984601,-1.49123036455288882,-0.461319431042687744,-0.314565312071073466,1.82882433712587389,-1.73449965151373786,-0.362268901167451529,-0.678139806831804082,-2.25163153689053708,-0.192526962929020884,-0.118353149001835259
0.0968165967197133909,1.62618443747433905,-1.38836814883280391,2.02612250316742593,1.44530231634647888,0.448982016145735408,0.775985163622306628,-2.41339048039249171,1.10683134206522005,-0.703864478482737921,0.036736945400429627,2.94551496033425364,-2.44716356552388126,-0.354220281459206421,-1.51819246139298181,0.121173911834932119,-1.96934509735529906,-1.62874242237945399,-1.78086473075525897,0.0401194188970920781
-0.772685989678634999,-0.392381575382070691,1.19599086770376806,-2.08588422563631593,-1.67611425068482345,2.38352747903973361,0.432080861767600188,2.12022205442418832,0.37233628154283005,0.188284245116118021,0.0830770170490437165,-0.592547425006580197,2.49838233970579315,0.191572603842632389,-1.29518442441634041,1.24992185084212459,0.265287774080967931,1.58467979037459727,-1.00383607884994963,-0.333273980897942856
1.19672285665536271,-1.09600807482091489,-0.325850155673434616,-1.47547687628912638,-0.65740429529410449,-0.494388145614004904,1.18107513839734102,-1.02072868988025434,-0.652374115302715829,0.48096170260032306,-1.12232685350700012,-1.33386776485054948,-0.417124538745123841,0.139599828299170836,-1.39369227446112798,3.2323261658769229,2.13738348881170337,-1.81605838544601439,-7.15086310995143126,1.69110086217105349
-1.08408148966966911,2.18985917214210257,1.0081449608940678,-0.696236771679062394,-2.70562858555027219,1.68229165074141607,0.922350900707588961,0.516870288711929859,1.36106563275480319,-2.15319376298255838,-2.31636510132346096,-0.88384127483090813,1.12779514351618237,0.770019788392364735,0.0549594397535647303,3.30745565100039274,1.05992257623671549,0.532184937624928911,-2.27002919922399871,-0.891731542691641677
-0.645423897603508934,-2.59179751612162024,-0.467629206035155287,1.64784805290126712,0.648957539158775631,-0.529621908919557405,-0.912677275900357743,-0.0161801126805545085,-0.220171027182144624,-0.805677373956302456,0.476758524049082311,1.20984187110779184,-2.37537632144629107,-1.48875843881385528,2.94250548088319608,-1.98532437100918835,-1.54887781789048229,-0.513154797003643415,0.736911977770178805,-0.958890648147925906
1.27934583772401345,-1.54295520691880372,-1.10187332066598276,-1.11900794832800798,-0.948379608317663325,-0.369426226187164863,-0.46678437544252005,-0.663796175752745521,2.7458609833151395,-0.669397139174441991,-0.125290559673391116,-0.65816658092541358,-3.56295142739842952,1.64824806855536243,-2.63708132317939103,-3.27064700140061104,-0.733432418641909778,-1.4593676160636202,-3.37607275291527742,-1.00878157288163139
-2.83209364091336102,1.10572257923830364,0.194540391702581306,-1.50728716878257241,0.0486798101086738585,-1.3316581155390077,-1.16400421279156707,2.86064594730872734,-2.24804387906795133,-1.03117522850980281,0.312873837111031949,-2.87115130929809759,2.0120793039575684,-0.659924370539933136,-2.68813553929057658,4.9037972144046531,-0.713847384972127519,4.96235910723671303,-6.64916852196999919,1.05606361343517374
-0.567875881869527976,-0.0784038748837622146,0.473370163921881637,-0.216480562856729786,-0.955284938557104057,1.47625826757832979,-1.76231026299269278,1.43992140338167007,-0.905848192589347012,-1.93267229599533508,-0.478780457600420872,-0.405118677440938046,4.81500220778385213,-0.730174653770702786,-0.786489848762459753,6.30909180531578606,-0.0595821289410421728,0.756343039722031762,0.304692267931095051,0.185852658424519174
1.25319633472973169,0.139169887327766084,0.110380873611451838,1.78907667860025432,-0.377968839247007249,-0.998655080465853495,1.56072970681325462,-0.609590357735746879,0.670194818845116336,-0.102177715010582593,0.250172549825403434,3.66187038681956789,-0.327523141710613419,0.468090970683219754,0.314772570253442296,3.22612204476971653,1.63412145517639074,0.0602793744884588534,-0.171043661711499623,0.0850320030574232971
1.20140154839543101,2.06693078682923703,-0.743471006594155548,0.696358246093573663,1.18332940783688123,0.552491187307058818,1.78172360187836287,-1.0317015247407344,-0.802752534135386053,0.658973448820439067,0.227315433155327318,0.817739787647550953,-1.78598204941150063,-0.265422838587047016,0.156069272172128404,1.20704910574265378,2.33451581885996484,-2.97396354855811973,-0.182577259116153634,0.62926850589451544
1.89225758588703874,-1.13637039180018062,0.539706785199751016,-1.2851753590393733,-1.06368314220704119,0.181524858907678666,-0.26770999547947294,0.886648532592408167,-0.602800095615731335,1.50492917837939277,1.66096953865210173,-3.55965708696466177,2.9847245027825049,1.90406426195358169,1.9339187850170434,2.75266830979391131,-1.37460126360105339,-2.22247332399039177,1.26762739301691263,0.490057929094967315
1.46145988510896663,2.62424812404377406,-0.647582965263907018,-1.09857479866215613,-1.54858848539404481,1.95891046130584301,0.678003702750403558,-2.14094217274959941,1.36030929730641326,2.16506532571916699,-0.0861908980544596748,-0.575619635446937172,1.22337451109419404,0.191456324436757336,1.40105532344975092,-0.345776077055999942,2.85138802975799921,-0.737108968287851996,0.51132297097900814,0.781571117426470674
-0.975425871941932532,3.49070664685508802,0.947769102183744439,-0.857386444294303773,0.455109815430495501,-0.558245800312784368,-2.14943725413459319,1.23758308162396391,0.288161125558437481,0.259168084120415532,-0.356747366435292257,-1.10520332712920188,0.882435107396093987,-1.12022360898865725,3.17623234137859178,0.436911856709476243,-5.48644365274189472,-0.992523379771097503,3.17143538042041762,1.58572176914881124
-0.010892880000381298,-0.392086063786184102,-0.344714889071679409,-1.09979942995948843,1.01101835809621954,0.50491495299268907,-0.265863440871214274,0.0745915673519433609,1.60486758288259979,2.42494345498242581,-1.14900790846556955,-0.695429668191545503,0.62242599251199926,1.87371252673177069,2.42846038866934189,0.105035311660281461,0.722449954723571874,-1.08593447412690258,4.21818875877374655,0.553588601995260166
-1.99039763770407485,-0.763286980001135817,0.363859413031599688,0.949388337046594533,2.34359409181977707,-0.871648574569439893,-1.81110566622431146,-0.328761027440451603,1.10499764901824671,-0.336782611023541012,0.241576671988857405,-0.473583010192053067,0.271604069599677034,-1.20985658622785097,-2.07420463136153277,1.21127600485635822,1.38962952094040859,3.30270654135584429,-4.0886454971003463,-0.979675275712450389
-0.182352972662480434,-0.835285517425027213,-1.16937560182263001,1.04043183432507069,-0.693586289044725524,-1.24809303612428901,-1.45955754931779325,-3.15701369004209909,-0.124673866407691958,2.23340898044474123,2.19863021689358096,2.43377567573268605,-2.65442028003002761,0.535021473661408842,0.564403574512346462,2.25987529990588332,1.39334418277544958,-0.170755219878249237,-1.12888296383226394,-0.401986348802204019
-0.248669358368176135,-0.251499204738571402,0.539821706633990428,-0.666178600677650889,1.69162820381627999,2.04312577035189058,0.715173670362943659,-1.45181311488912912,-1.76313510652874617,0.160516289535170303,0.148038589701332768,0.859813095342566336,4.24501391668316863,-2.3526067962431072,-1.07613907785508034,2.37738289278022696,-2.29439349093530831,-2.54108191950132545,0.171490813081086463,0.566913917594565553
-0.205003125057166363,-2.30923809802460989,-0.958634502431347624,-0.855283530350752774,0.162394765412751302,-0.317785815403439142,1.27401619788236697,-1.32159541643570733,1.03650967246190295,1.56087981641580664,0.0843457164029974976,-0.995380130940732744,-2.49549006191712186,1.77042948696146762,2.28295400736532095,-0.492157079828080823,-0.90018040418346823,-0.780235441397217566,1.93295203153706763,-0.650631502634453462
-0.471493346170415994,1.55128764663817931,0.826060490350330578,-0.312893431402749833,0.785794501104227439,0.771151818632962449,-1.17771230144752415,2.05731842360512918,-0.807863443569287965,-0.949863118104834925,-0.779807865472716077,0.0377610918169186682,2.84959037210669797,-0.721029186580147141,-0.279703159210823893,1.563444126548857,-0.863570023565600642,1.72709134610125514,-1.12432016633037124,0.454470794688609236
-2.21673274850247326,-1.03355212161567467,1.16527109478257551,-1.84006994245001532,-0.173653012230871401,-0.382027095995579269,0.651958965528744883,1.47830048718129325,0.733860525498828298,0.038209107390431471,0.208217654854753909,-1.6905681408093145,-0.497953301015927996,-1.26684639784955322,-0.465504465834877035,-5.0687296837396163,4.08470045360590817,-0.371513386352677444,-2.09065205611443572,1.44830665076992604
-0.0368942957866655388,2.20654586790320328,0.278601837057168178,-1.73005853251915309,-2.23032864286609822,-0.867966237199147561,-0.0537869710562495773,0.975674966338224925,0.908191164057095324,0.537531431902723678,0.213943443329631083,-1.79002412069962613,-1.41143496966257631,1.67379658371548623,1.22560119446824745,-0.038991645650508118,2.43948696816202526,1.15677497599076107,3.63418278492234625,-0.83709098770288537
1.26907560765653438,-2.0303127578906337,-1.07970916561309793,-0.551918134523999404,0.328272422997966329,-0.132910121427620931,1.09533185988317383,0.842134075993987929,-0.346840844832356276,-0.480619510999420907,0.80571152542464286,-1.15804255855480864,0.800527111129104685,1.29906759848505771,4.01886741912740675,4.36811997121097928,-1.26972135849229062,-0.827423772395339707,1.38515671818874808,-0.782837660074384267
-1.00294218654814915,2.71768516046781095,0.213555783078292566,-0.244268516361669963,2.44327803748460681,1.23272753112067823,-1.36137825506736543,0.346122224374672882,0.0531887229966008304,-2.13207156924085872,1.57280153160544223,-0.981970591910964585,2.24703214441155241,-2.42812598112639044,-0.250638576384059231,4.16814194092028512,2.59078084530906816,4.070018730844712,-5.38518953120221067,-0.386173846787349506
-1.72180290787364654,1.48539265627035966,0.98204283117107094,1.72069233570537983,-1.5393208947177095,-1.36788133935022471,-0.901295942834167141,0.559179292827075236,0.0564244010843986191,-4.93049193977023759,1.97425173019915268,0.534583284306281992,-0.725505649553009779,-0.67642619241468438,-0.818817183864224307,1.78172965284185625,0.720513601484862654,4.9686970918151534,2.65113644849306507,2.54453371966399455
0.812140501334087217,-1.74572126180034992,1.09259550132741001,0.99662815021690232,1.52979851931460242,-0.209092221548401153,-1.47021131467276178,0.0110826933818223283,1.74345283617228608,-0.623315138630389121,-0.0594165963066994041,1.11096478180338099,-1.74713879742992884,1.71381405829976385,1.08613672172902787,-0.609178801851998686,-4.19319592774005567,-0.52370874700422998,-1.85826005874641687,-1.2342424196472126
1.30335711373822494,-0.895527483682267755,1.09731535707052896,-1.87541506714625172,1.38937228566778037,0.741711614555205068,0.591744313905398611,0.0151803833049761697,1.14806377161370632,2.27840512677573237,0.609937250397987629,-1.74387570488700083,0.406791308221298442,0.142471223601772612,1.30374182021004104,1.21779877381432056,1.3166551422786632,-1.85226778996799424,1.69632291275267866,1.37277856139993881
-1.63901796530919275,2.99005039067533973,-0.375841196945885636,-1.17354720573585025,0.0152047830958883107,-1.02993769351988518,-1.15261317089230064,0.203937924130832754,-0.21913550160172568,-2.14173781946993635,-2.29273167871486372,-2.27033971911442745,-1.1611834324239827,-1.83582307043371906,-1.57229003750422525,-1.66258122378060991,0.447265671052847924,2.47252969743019246,-0.87148236037753557,-2.97470336308055172
0.52146345183601317,-1.32206862850960483,0.172866305836264972,-0.0405517978770062806,0.752037975451835594,0.000511580686780993598,-0.463481476074322551,-1.10792343297757334,-0.0475815592475522381,-0.305250934990915712,-2.47934370601933995,0.851989876803505242,-1.45647914262879219,0.187942866023348254,1.99186414296783099,0.628813025259139513,1.81730988245376701,-1.3833390379476227,3.53246522305898347,-0.993345871995577001
-1.02435489990464834,2.71069768647092157,-3.03637566222430921,-0.129351518106869096,-2.1675850497234288,-1.60304046419381341,0.719665523062120727,-2.96863239257853806,-0.227909666689971979,-2.45992176036432664,-0.270337960215883244,0.722270610060265938,-7.16491219304564098,0.287444168802340083,5.6497321334230568,-5.82264652058010679,2.07839663572253608,-3.23803107544182822,2.68962436699135088,-0.701534266927697381
-0.855738294128968291,-0.644379995823923357,0.894755433782749576,1.76649311255235686,1.93319430565793748,-1.27658390224815443,-0.350539069213738841,0.298547274105324389,0.454509767400727849,1.92657740695912882,2.60532107169361593,1.5676015236814318,-0.147190179484532474,0.467711986807290925,0.469480306752963872,1.43499111061293072,2.74971391013782895,3.77068282171273195,0.374063470555667466,-0.537861908460966487
1.06890980927060242,1.43052273495323767,0.666467596408052421,1.22275838496668232,-1.57249970791674576,1.36638084655215253,-0.186875271165132167,0.716637620996871449,1.80434407666533958,1.59594861074561134,2.64460520274495803,1.3619266267128074,-0.0822764526465416812,1.92643575078575191,0.749372918938489563,1.37830284589438024,3.42729295557290659,-0.142498631020234218,-0.591257725725007455,0.4925188334913565
0.241548490280066835,0.432571660397366831,-0.168196451530448848,-0.0947961185764836511,-2.29268871651102213,1.53832063374678052,1.58772600494476657,-1.40692775028052952,1.66932809071710508,1.34690633492511846,-1.35475062477914765,-1.04137617985063846,-0.793791449282589601,-1.19044774904162209,-3.24243386622622642,0.408671386691985883,1.51749847312937036,-8.11174426406521043,0.874018168020437414,-1.30596142438739804
-0.734999655380717098,-0.765936935574512257,-0.684625241671291906,0.535852346257409851,1.06119030190218955,-0.290753834716616921,-0.962529155454871166,-2.3860554569063499,-0.0987542579209772925,0.326465844777640291,-0.118415099054241732,3.56533984227790279,-1.66855462285534251,-0.681600316863322675,-0.681315361147253551,-1.85206561683191095,2.46184449672069539,0.0539455137302085469,-1.99688580723362463,0.0262467249896466692
0.368155531013287907,-1.42927899868576747,-1.90007581629237543,-1.40961124590628883,-0.0329032191792268877,-0.420598930393035475,-0.938019994074162144,-3.85528882319980282,0.443140208669312086,-2.5103574619632778,-1.81647161775058863,1.9431344475945016,-3.09074761313361268,-0.952413291914028348,1.42477367405057764,-3.18485417263939041,0.994557081023087486,-3.83205573409356859,-0.193231747279317551,-0.189816245271355266
0.917723737226118996,-0.00957371529613299833,-0.546634886722717317,0.640669846567417767,2.83951556733280119,0.521179108877542707,0.621452673497641994,-0.413111324910710731,-1.12769953680673818,1.18538231315324216,-1.40219545718826333,0.59546345620026897,0.545555008255148022,-1.02513593464715203,0.543330437749893203,0.221489580494898336,-1.16048959707531085,2.05439085446714742,-1.82507900897769804,0.549096671770539668
1.91395760414414684,-1.2979586168713968,0.253677433540321906,0.711494511970153232,0.0864122397862964742,-0.323402934472158565,1.21276585509862667,-1.3682406354911556,-0.946568853889366291,-1.96371982035650583,0.747356368009718608,3.1052302470405162,0.000743575172727260454,1.40468761631350403,1.37207701617136468,1.09971905208969889,0.525030757779797685,-3.97295029241385356,3.26151259081508194,-0.690545492459345378
2.27659075850445181,-1.60176229561780392,-1.71676130465722432,0.588703504084883034,-0.464347672184987015,0.483581063181216075,0.149241197677400961,-3.84867059181943549,-0.0693188394808539887,-0.915163256945164649,-1.31376063817658117,2.37673012846668996,-2.95093749988430165,3.66124756241476268,0.523299849027608954,-2.08425040278880536,1.14044028825564148,-2.11403861649497404,-0.151370364942174762,1.7087857071317476
1.83979570220824562,0.94579617875796651,1.70200710853173942,1.45143812241986403,-4.04469377351839299,-1.1334755252516675,2.40978029059910348,1.48769273694479542,0.195675789664746691,1.65215878402396266,0.524718429056315716,1.05146446642190416,1.51603515794908672,1.59797977250684098,2.45873110788088933,-1.09578924594573479,-0.199988308599867243,-4.25186610375147023,-0.609027076344064389,-1.05084909814471317
-0.431601530531291744,-1.25547924466228245,-0.18903236489015976,-0.194695458757858486,2.29332451860044673,-1.90307838566283105,-1.93252155905051848,0.0457584361010332022,0.338257069139307198,-1.2205878320736061,-0.117811460393421122,-0.27550173037920539,0.0257680004446751952,0.698422038424469038,-1.70074326264578146,-0.195362033417463138,-1.07305634128754335,2.69428393422781109,-0.0327961287272893059,-0.245177005500352679
-0.341266024022305159,2.69899643830556046,-0.555245724378552574,-0.351945274710619871,2.83473433973297295,-0.647426855865861683,-1.05739213134391985,-4.10414924535356818,-0.0913402686843624717,0.290924332342411884,1.53958465031251768,1.46092963322588121,-2.18345912719328039,1.09771997242640551,-1.77757751221834681,-2.98136726848401734,-1.27812016836789288,-0.559527887559014725,1.08746126879456773,0.718020166271153393
0.756331770639665946,0.308819291388168216,-0.120342546866472375,0.366237730566131237,-0.47454751745231083,-2.13769818330682648,1.61509701849091702,0.374823437315829844,-0.757609816706379835,-0.506007276195904243,0.818443029081425744,0.281152105748750769,-2.75093838601844975,1.0633910348508433,-0.49080789057807761,-0.527999355690854988,-1.23402994644100805,-1.90491188448820781,-0.609035965307933469,-0.507246474444413509
1.7309313150234773,2.46657693910306319,-0.754396983066620508,-0.54823795792754404,-2.57931692294695658,-1.12401158066768025,1.91077207719004316,1.0795491038500431,0.217025375313396385,-0.45297050092924962,-1.1334901926821479,-0.453739824193719388,-1.25094991220558649,2.40931212694685781,-1.89102905862649928,-4.05415161921159051,-2.80601456650094816,0.579333229103293212,-6.48640154603164731,-0.746179218398301813
0.0767590433551152834,1.55617425213021288,-1.79386651128290953,-0.00796376887710601583,-0.653975250275784514,-0.515866753308357517,0.712222592116070863,-3.79870869460137062,-0.138517382220561064,-1.3525936002432275,-0.309505312672075372,2.68848532765418646,-1.71086757395716793,0.19401703234718129,0.861264058186365866,-3.82516387033596139,2.72013563696514371,-3.00136015106736131,3.17032145735243986,2.25965879234381184
1.05142885512319229,-0.285050139690537885,0.323759626210524898,2.41240087856400098,-3.50555479158566641,0.506331034204793196,0.488316468176194285,0.996158026640189376,0.542496938014291552,1.02025647457345192,-0.307360388932613082,-0.100418096131107082,-0.434542450904685185,0.0142069804809270804,-2.1487791483521046,2.38552370164229588,1.51134547845659473,-1.9934523688178083,0.650246155809689919,-0.270963077071484815
0.774159561717161382,0.809447026723023821,1.08798369576533971,-1.63812353203469541,-0.851557534894434531,1.90913778029244852,-0.360399202775679106,3.07014953124536172,-0.50355324954673375,-1.74678249011619879,-1.91420580978049881,-1.88985922244511118,4.09397621371533127,0.158388387232061667,2.08840537304926377,4.67303278632364716,0.582643814497167734,1.32455781212915635,1.79284675355192569,-0.00685020662765668288
0.378997558705996274,1.58174870117592614,1.18506317321842602,0.41875739706748355,1.2372254180870621,1.72744168926540032,-0.161335307338231371,1.16673975876902891,-0.241383885632225431,-0.507153058655195776,0.746470371876591376,-0.810467876738563242,3.55933263714922443,1.52727622662243445,-2.10422229284599682,0.971444255779076005,0.692472914067297274,2.77722177271751125,-3.27964358063067118,0.172844533559634889
-1.2099975421366771,-0.461155482991759291,0.859320112640908351,0.331325611541284371,-0.163752299063217727,0.855040345925893841,0.0453372286438998365,0.855619011098737725,0.989882625880164624,-0.612032297368291567,-0.178782785647143228,0.148873563603690279,2.24413777982725948,-0.415432933215336087,1.82421211190240529,3.49281116548877879,0.312948022660312908,0.270584383113081861,3.05221655287437876,-1.95955597824647998
-0.749798376042169479,3.95395403950880553,0.77161744925730269,-1.19800772621658069,1.28529174223011666,1.34664166912256134,-1.02444011578996919,1.32514592869661363,0.423168689089608918,3.19563545934343374,0.942596378955890324,-0.664412449273066752,2.64841654236725699,-0.346432875720014466,1.92041031906921456,-1.6038784676214739,-0.127406033934727575,0.786609054466250401,-0.80382296725622393,0.860149871352188233
0.455957245874206329,1.02427618955506872,-0.224676292769979608,-0.20710261596666299,-1.42104114504120416,-0.806305629546683611,0.408190659010025769,-2.02218303270403332,-0.32816849591683539,1.10749049018088486,0.796087423917628656,1.45186651757934437,-2.2616418609648421,0.898952101739238119,2.5966332408974222,0.28547749246397025,-1.21880732223342303,0.552975301677928521,5.22305342431786812,0.88541393252329903
1.7249443190226954,1.67344113989987453,-0.00828027592585995308,0.715991715082545666,1.58783548616412595,-0.029364897944882732,1.67027784844550253,1.70114962162813432,0.846762212195837027,0.455592655106161815,-0.70305035117576975,0.193545202185706394,1.5405289110010203,0.961613187708281525,-1.37504219973973441,-0.837366641634003539,-2.22011658842741522,-0.296304786920472463,-2.25482354692109377,0.0248205652003579622
2.33913211287572986,-0.624852068145182571,1.05457667323648963,0.0408893312002927556,-0.895570213850476082,0.0686996179351554298,1.41020307924120258,1.04992453752614412,-0.220699433410118273,1.84378319461889806,1.18330133088288436,-0.908563553453544337,1.24354801301394202,1.89908588201631723,-1.85379508674742777,4.11493478285350101,-0.100344605509410836,1.62031999535281246,1.31777338754706252,0.0755649105462173898
-0.451925073736591021,-0.818477797437564658,1.02756519543458702,-0.823262395420224169,0.137702556572396079,-1.04335205830471556,-0.273806329078883026,3.29820890468507244,-1.23136765599523379,0.530719609379330715,-0.443572399691594843,-1.90543633091942377,2.14153961852145436,-0.979066113930727844,1.00675535163156016,4.0598944817517566,-0.26997194261513352,1.07070431395913324,2.0730357404096722,-0.529410130580727167
1.42697116806243818,0.660479806226620836,0.956292624288949122,0.103389321654230856,2.5031262907448073,-1.30663214922526438,1.51038883090876563,-0.979340290469197461,1.42763482349203175,2.79829573763792583,-0.0112376871137573851,0.71681022661672178,-1.18432035689201132,0.4173996046750022,-0.559397811911111931,1.03980489323666925,3.36416382910241296,-3.06926044244934415,-0.0124680606300440061,-0.0151094469696301439
2.66671238807658284,0.805947103759848571,-1.13169773475472146,-2.28759144643026247,-0.0574891721321034513,-2.27872468365634617,2.01307500376931037,-0.841271943533080879,0.407511307337423689,-0.157817701790810366,0.407892799616361046,-1.36245811357217361,-3.23030430414183201,3.00984230775361761,-1.49743518959940491,-5.36546910560299395,0.313426061174533588,-1.65188279023589768,-0.73777834410039056,0.47523264965957035
-1.42161264119906794,0.288514077146659664,-1.33039215443753966,-0.482266886743159096,2.32502377979715291,0.721147763989772428,-0.243055390670589122,-1.29911632974831015,2.3916560851116242,-1.32493702458866247,0.548740924775151684,-0.641600166411722128,-3.97837531719633075,-0.177714827996995506,1.72578419707575703,0.520945506177620588,-0.0600247275910288092,1.16014203124478676,2.90287919831672347,1.46939126877496151
-0.224929581307075799,-3.70328018768816802,-0.0465300305649003834,1.70249722621555,1.33068563003816487,-0.170061706778476346,-0.614589882048703462,-0.536553614542194746,-0.495217948346822645,1.39087508881384592,-0.897391229365636311,1.18043167137819682,-2.20624878213347708,-0.132116060984420497,-0.74924686840326693,-1.96532855304925924,-2.49325712470753391,2.48202157192359696,0.636859624743719599,0.202729502959238861
-0.737543781455161529,-1.05101404059769976,-0.781128875858984051,-1.51805080075273691,-0.492862266896493428,-1.63276700128569674,2.00643151081740134,0.869351788171168094,-2.42274522024386618,1.43398000961473171,-0.61589067253964791,-0.427806138925504897,2.39646997187394195,-1.01996168990119518,-1.78896531891243882,2.71172760399243407,-2.32792008783557058,-0.367095472962471081,-3.47256489273537206,-0.559325546016124608
-0.950101377890580912,0.183952522728576401,0.154181107892513714,0.870232364987987395,1.78322681073472378,1.23902063335884161,0.454190219573631981,-4.18290330625546414,0.932108492525707599,-0.295778896196016494,0.128533857634858445,2.98086710889054718,0.634622869435453429,-1.60873142106558387,-0.758067376272430704,-0.566616012129094182,-1.37954811261106158,-1.14742297438005458,0.950396919009170671,-0.51924454963405231
0.604783051354509271,1.51735510173148769,0.630136160101312681,-2.71567198304310509,0.738175442788385316,1.2341650050892381,-0.662105772706522822,0.985966342353350567,-1.08221362289385237,-0.95345538875590985,-0.886345679605187287,-3.34770998865201053,2.98641100246558588,0.204331595588114368,1.21101376929368465,1.1444781546750431,2.13155134762470944,-0.563804283720993449,2.4534926005593154,0.228771556251461311
1.0988994460380126,-1.57221061962873021,-0.651844243298049242,0.821587309340745531,0.659506173587571354,-1.09685828699873267,1.43185668114410669,-2.2949753769674528,1.04478179143551952,1.56546037529434212,1.34118361042943524,1.91868663811603235,-3.5520812144751277,0.153249046012587653,-1.60308644108896048,0.324681248327050032,-2.49268897737868222,-3.74224343142176963,0.962799329158592343,1.19929338621394899
0.334244078014261037,-0.281226694075278782,0.771006889231577675,-0.4516927177043496,-0.444960606131988956,0.473316647769520371,-0.66598552006237588,0.646379196356981933,-0.602274771528622854,-0.613453100652547989,-0.447183350938239077,-1.71964591329635819,1.49932320775704064,-1.44868675455226281,-0.901016487201816596,-2.83649251769950927,-0.978355281452885084,-2.39985496564240242,-3.50227175748010655,1.24782599221031298
0.792752593199396616,-0.186594800819961576,-0.117333800267856239,0.410982926670552584,-0.753373583422302429,-1.42543458032764092,2.12628199230606896,-0.114973522226123129,1.50700127641365778,2.5651042189194686,-1.14638110367325541,-1.23350775629480003,-4.48433591921186903,0.0927972226990906313,1.59145772972643096,-4.01000586292573935,-0.198275146113549045,-5.03517785120733841,0.220011915189293916,-2.93515797875491868
-0.132133852766746523,0.115230016319670961,1.10412546792996813,0.638130592603315727,1.7759120411858289,1.4399660258629543,-1.55104871266406064,0.594243204600300001,2.89524865773026319,-1.738019780725234,-1.46036169570060892,-0.717977572608155312,-0.123727467746400366,-0.845903582393969677,-0.341261433630605904,-1.30427230140550932,2.13676967350453717,2.27380863842383851,-1.45236645553349097,-0.367453653501789212
-1.01214267904734889,-3.498540106170553,-0.790064131024478256,-0.911712779725014966,-0.154970033333716006,-1.84357928007115057,2.13676715292199848,1.87756100864920028,0.636626936093026341,-0.328325405312393126,-1.87500230543530377,-2.26134652492204591,-1.98124165666941332,0.128718469387101603,-2.08425336391012106,-0.859668163567771315,-2.07149091664700302,-0.832830091043431753,-4.3848531005138236,0.268398794707632615
0.548778494338644118,3.71725883130481183,1.27147688841587847,-0.0376391806566483828,0.481243075365484385,-0.940328703155507095,0.333896794514472739,-0.866982630674618782,0.105961610721275384,0.513865379041293813,1.40912885317450032,-0.441582226355542007,0.919281774752565894,0.393217004844858775,-1.66634831264657834,1.45532282254247725,-2.52698355549104425,-2.14142793930948105,-0.844639305088536019,-0.0152148273859795541
0.241666444536542097,-3.15783339391815021,-0.597463113406735191,-1.45861259366151708,1.83637138337695105,0.0102972219943874999,0.283498166640350213,-0.882216990749833507,0.495791887008056709,-0.210495902317161698,1.97970327259527057,-0.344730763033248289,0.748434670557136972,0.204951573160552653,-3.4166064212835856,0.968327833772895552,-2.49557341823100076,-0.845882507657023441,-3.3866414836308909,0.522881986013279954
1.49861499774089557,0.224923152060341108,1.26486140264102032,1.6158611398450502,0.0970209216587463452,0.723616581013158511,1.50035696219798242,-0.402866527398992924,1.64517401036407129,0.405605503632859021,-0.0235096930074411466,1.62141554054689929,-0.187467145513414479,-0.752897719616664185,-3.28911575226943409,-3.1337027750758466,0.406051845509193321,-2.79419115444456789,-1.31455432318367804,-0.620878278921633497
-1.3987864510399961,0.479379411455323978,-0.33897567898979325,0.498203227833025064,-0.459039346219550615,2.05258907208955277,-1.53018096457669972,-0.547927803246175849,-0.421613224625431882,0.788806778780572371,0.747857661571313392,0.586299741787532525,1.99610029736334482,0.228279742829138377,0.404172397245940063,1.18303507641569849,-2.17560205288403896,3.75765134452818872,4.0307316614020019,-0.108850931197753104
-0.725298038886381558,-1.46180652058911775,-0.0826719288943300462,-0.505895005140252763,-1.40689528607768288,-1.30290915548894892,-0.290798795195232329,0.224110529912343676,0.903964039416603304,0.165756268816343394,0.678499088873978695,0.00540447961329904806,1.61857941163620933,-0.373957938698760872,-1.58240419598243176,0.0413089342514349964,-0.205539839538417396,0.273259688424728364,-5.14921060991906732,-0.726560191506354536
-0.722502121536542696,-1.06623251042971479,-1.39664088933605846,-1.08262592893043452,-0.960829819690076747,0.190497175845723926,-0.613132881021872134,-1.36181596693378748,0.534097778218354913,0.806129351543214079,-0.581951583190638444,-0.785549996141944207,-3.46723883936826027,-0.686492849303127928,-0.21476405788641334,-2.52705072220407878,2.07562083371122696,0.980329207724134788,-0.59874928200221178,1.42119569919613475
-0.629633978579043685,-1.74326060471758382,-0.83284395029296554,0.873923376567443122,0.75747152004573981,1.29613183376147711,-0.666812413023188388,-1.1245588857962332,-2.91828494000664529,0.0700792270126171096,-0.353373627404123647,2.13971201813724754,1.17657112356047677,-0.56201499623244211,0.0651091993805646974,-3.01028871284839461,0.550422504353291542,3.97904975386507598,2.47400061292531559,-1.91761444676756065
1.46841307952961553,-3.49699729404496606,-0.449687041239744734,-1.46292171932699344,1.45829750223469379,0.143361266322627551,2.34629777610053258,0.789242964740817676,0.442752295324553402,-0.508008284996865234,-0.986340906681160257,-0.631455586493578913,-0.201758977621895652,0.461603730615500363,-1.81464332016573837,-0.620157374330364997,0.910325715268028079,-1.51976810745574054,-2.01352728218024879,0.847659135329272728
0.322724505015681284,1.01751924326475307,-0.450605186507802014,0.886129401271723016,0.158496704541139871,-0.664713075893597738,0.26099343003193809,-1.47604240845759538,0.817369780305565952,0.569354933919719586,-0.766850927264470794,2.77368925403168554,-2.86359513205704141,0.795035371223372977,1.53295290519267358,-4.1563728343902886,-0.563561299822676665,3.70744386815785276,-2.05055139143471887,0.561222652234164787
0.5560456204857952,0.0388970818462272758,-0.310016454156696264,-0.894397205454743327,-0.576459885373502234,1.66028249808395079,0.0194743559348268501,2.39254396083457355,0.706803713400518951,-1.88714434607575088,-0.351026928081958733,-1.2187766788138743,3.76915087900449075,-0.98508639320805147,0.777678223390800838,3.26970901098525957,1.43933707567278235,-1.37032532486013214,0.495951586761880614,-2.10404678814126855
0.572746110328201552,-2.26246044153213388,-0.249110397182206539,0.858747471557887554,-0.160928122412451191,0.61492114745503712,-0.0222816908347959024,0.825657509371762077,0.322463064816184752,-1.68445466539233069,0.865348311800349435,1.09716565139034516,1.32969184642560179,-0.76603733989496281,-1.27521441433993798,2.42646188720339806,0.511443437395323608,-0.728577368221037136,1.48074908290536889,0.212605850621156028
-1.83120813988344633,-1.07832568552733443,1.00939443237857396,-0.74004017339610717,-2.29851153825628884,0.740350076833426352,0.670189839918266084,0.250778216196719028,-1.79832502670649741,-0.11260354529611899,0.20492941454468025,-1.3939744905285345,3.45195621272000208,-0.45029510167928305,-1.61314620668428654,1.95480204464056895,-1.08553053778018271,2.77130651644539183,-1.70688134829761706,2.02300233100201288
0.335615612800062968,0.701789313116160995,1.54584796016324422,-2.32883151398098809,0.642413538532443873,-1.55794022492903639,0.0350898937402696551,2.40241295044715208,-1.44974082197708598,-2.19030822546605819,-0.6328273178456717,-4.14166076692101459,3.98010859218359769,-0.497752712203679615,-0.0534772045614528707,4.48459884643292472,2.93455763711940065,-0.200074754719966219,3.07463712856505111,-0.991877685330171288
0.352489019718261076,1.91366376843386399,1.67091191944443529,0.946831167710580957,0.882197345873648953,-0.0598608991184372691,2.51222047253920966,-0.906114824915657646,1.32700379002750446,1.37576994323176316,-1.50562183016757123,1.22810751549340247,-0.152314457601193137,0.701012317647837446,-1.29780433292151653,-1.17108572907274566,1.11087273493051986,1.87447355457918685,1.40296612884818006,0.0275877186904094907
-2.6566144175022699,0.0133247474602180473,0.0120916370412495928,0.818839037448430118,-0.603836904949547892,0.744238606720264761,0.251823295640333844,-0.508816045905115089,-1.22729497217390238,-1.20744978091118704,-0.819712475786149808,1.22615892452405673,1.22652792315827353,-1.14842181807612964,2.79234741604429315,2.30981301108229742,-3.39078137910729982,5.02375235806406462,0.412687583689327064,0.101386978552946372
1.21123040597805942,2.1903197619978374,-0.643457334282247606,0.76801248613287465,0.213191747974663642,0.470992329554529465,-0.0878505231977851908,0.195546114373801844,0.18997137458176272,2.11870609584197966,-0.0353785007428419479,1.11464520410207202,0.592770421116107671,0.408445043255019569,-2.88625237400135592,0.059863210597438897,1.42681791755650766,0.0342537988718820963,-0.21169043243338595,-0.0208788566512513943
0.796770400540028789,-1.73085214520836295,-0.559313518984084546,0.012979919466829833,-0.308220486152407769,1.12967332801563147,1.82534972542766094,-0.0989295098251855992,-1.41527969842845724,1.94220420151544571,1.27742134264217122,0.2645191503986698,1.49943790540714583,1.42155411219724326,-0.0618565183461277299,-0.333815031095046844,-1.43173892214115317,1.49602527231606142,1.20566213922224974,3.08598682868559404
-0.684282394562657492,2.54387321305955316,0.268174720622996132,-0.767912672631201221,-1.68175774451973714,-0.124641367059723521,-1.20970676503806374,0.0315059166309307886,-1.4667730345843295,1.9927428880831568,-1.95873664381757506,0.388603562237919975,1.81149459239394894,1.62555579372686498,-0.249466921326867375,3.1109505396153101,0.630838776874225404,3.40607545481083651,4.80876412478681114,1.25053018696150864
1.01890282741064242,-0.802714326970493497,-0.996643450251677776,-0.0849147714564574135,0.506634679149290501,-0.369994910049551817,-0.0643579192456077837,-1.06171274391666937,-0.81709710811154046,-0.559233802778152156,0.111186129013983295,-0.510328967224945584,-0.832796873780799696,1.44698753674119307,-2.25748940018892963,0.859310716507696304,1.77018532760309744,-0.842501019713261301,-3.81825387688471984,-0.419763792255090751
1.8911682665982632,0.757125785042877864,1.946816779589994,2.28371764220961593,-3.06903815050363393,1.41748046065405298,-0.114529907681684723,2.29881965547874367,1.79900891533723173,1.13013498488382802,0.395697991253201209,-0.634111768132721854,2.08051865765690636,2.43649625758029087,0.760187138332752865,2.31908263238705503,0.401420998282461194,-0.101996296452715407,-0.327734979137866755,1.54256545474693185
1.21645355062116645,-2.08322922168819336,-0.0173631746032830922,1.32256776104422125,-0.238236740452001439,-0.575348109317160628,2.22597272434863758,-0.217572284511726305,0.776946941253509049,1.79943722676882634,-1.08079591482314608,1.82349245694868567,-2.66664857857469872,-0.0596197893222540284,-4.41559659093011625,-2.42125155920703916,3.42436710854229931,-1.21569019058917283,-4.33137585400040059,-0.326693133703648442
1.15110367075412579,0.807032007571877874,0.478346221630295554,-1.97763475548939605,-0.60324411170059633,0.426296703602964011,-1.08618817261089462,2.9373348392477534,2.02802478086047167,0.859243584666854465,0.626718099607189383,-3.29814236137919359,-0.0982648221281772621,-1.25565649868677598,-2.74074326050954475,2.64553260943064217,-2.4689674666949819,-0.586083032879960775,-4.15323472835499263,1.25432167552010498
1.06693349513369617,-6.27061428739212268,-1.65035478283576209,0.637238192720637753,-0.967628657174888773,-0.742450273508788672,1.48300610118271514,-1.62616227161543558,0.826751342404003053,3.68555666519322367,0.263412981680241354,2.45581011091509005,-4.04026622144237013,1.28762908914018226,-2.56559235143482933,-2.90172379712215633,2.27196637304128091,-2.11176806767703695,1.1258256180211339,-0.0384465331464381305
-0.955972940131896154,-0.857982775040651569,-0.95169056957838094,2.19266169039142866,2.41356976415904034,-0.188763298708636035,-0.191433973752039882,-0.368783110962402405,-0.491027663499662426,-1.22626012635793513,0.161410167777545938,2.02652565133355855,0.418340220049470135,-0.298981865466001195,0.0691113101493439214,0.213814990370669838,1.43750475611546302,-0.14125901688766293,0.244385744790803744,-0.266668561176001073
-2.44996651152179057,-0.169883219201679342,-0.180477637974610888,1.94485450117734127,3.35132134926021452,-0.438238340456852171,-2.07793836472358384,0.385819165387259633,-0.733997364807269626,1.79397211267544798,0.354874951432588182,-1.27680082952413176,1.72063973574662277,-1.56103880623239344,2.67685858547608957,4.77892197544926134,1.73262564834679522,2.54112933252153095,3.27394648363567953,0.372321635271768481
-2.32074840345323974,0.40334860970161418,-1.18320480563477171,-1.23914177949856086,1.2884475715491035,-0.835955069849356969,0.118155414639995335,-1.60502770418918517,1.80712713635141187,-1.02576024327742088,-2.43923164621891564,0.446389422876964037,-5.01392421131036237,-0.517357825085635104,1.11606921151025995,-4.59908627954692584,3.1384121811987491,3.45253662500455283,3.51134267456594706,0.521193202265823663
-2.060226530700072,-0.601921580456647232,0.41239824916793838,1.33619859050168843,-0.689614965677196379,1.05879959622445563,-1.60223569231901419,0.0765932552192888361,-0.143504373569285415,-1.28254494154577348,1.65471387031290051,1.37091851454012548,-0.736130696166405363,-3.27813838167562022,1.03959743487098866,0.629135700351159288,0.608274149411596854,4.71329586075869056,-0.383411016844932673,-0.909473206260348999
-1.0454799604335947,-1.36496250388314455,-0.139052173644148097,-0.0667668842398384393,-0.714854047047737695,0.00529355496061962617,-1.23351244510385127,1.77991413303877466,-0.688140890625319246,1.70283301920198027,1.01742048562576848,-1.62320559535180164,4.2155078807443207,-1.90228243702758659,-1.4810139649506171,4.73271966572890523,-1.60007588258452449,1.33306133530962545,-4.41751700558176097,0.74958031689267457
-0.207460697794154464,0.02719480435476921,-1.28889006680817597,-2.30546282832795768,-0.219084627799737336,-0.205926943928402467,-1.10931951322970912,-1.31242867013491349,-0.0419809413578796503,1.17775403115117361,-0.356743158024959539,1.18505470415470993,-1.72086032268364808,-0.224983842009256446,0.0665898872396579883,-2.5329358856597346,-0.0875647628431867886,0.4528421411219124,4.07315422999110144,0.311292448895698681
0.264097193057939938,0.789927002170008552,0.48637899524288869,1.2134569024456503,-1.36215820876542404,-0.147682585273580413,0.769272129610005906,-0.334241705714453385,0.645581227698541649,0.797766452743355337,-0.108120978541756924,1.746739153881399,-1.7745414350147346,0.512020166976515312,-0.0506420199730570342,1.55723718209493533,3.10254138769383081,0.467235019730564138,-1.33884667028702675,0.360158736755044895
1.22507918014902373,0.535795936241239334,0.63099347782322901,-0.660135074593511839,0.667933605826342092,0.36324716562097964,0.650792716286877515,0.886524372369375202,0.439018647198759771,-0.562272782236884261,1.88178827328824827,1.03962311618868863,0.642078577016170216,0.0176272980974453673,-1.35184378398333371,-0.592760185298683129,-0.391314460647326112,-1.10252938045017679,2.35277407502830149,-0.2385243757087957
-1.33309994328772108,-0.343416538346292544,1.7642355719030749,0.228954271579242447,1.50130255577709693,-0.447594989648607777,-1.08940078791047434,2.13705721117802705,-0.617918978038896061,0.540113267325725177,1.05412714524375106,-1.68441384109091086,1.58937115089873804,0.257954272118620542,-0.123196036775144596,1.37446470412608845,2.84824983036904555,0.933649854498213361,2.53014457335531873,-0.172218220715439102
1.93186586448072095,1.85003250624475379,-0.0680432792318506341,0.790390714011767415,2.52737342111053342,1.24828877958889839,1.98750152129702773,-2.22326854417493003,0.559675920209192213,-1.72887637218335799,1.47505220319861796,-0.035617802229566134,-1.5226551611925192,-0.980645882043629236,1.45500830163623074,-1.91011754256429933,2.55464043410160269,-4.67730011470839457,2.61082178537350051,-0.504636021514258237
-0.740712014644669958,-0.662057920855422588,0.575107133611374,0.939778712644432801,-1.17689282396687211,-0.0954549521584824173,-0.496677246364433944,-2.05621829924375987,0.145998668320770436,-1.69772310471896715,-0.187319857975327214,2.59201659036144738,1.01313261127968746,0.436059206434786351,-0.144091065523523493,2.01135138198636554,-1.94182028004990337,4.48028216762117371,1.00911850612031428,-0.131921375124755796
0.447046028630270098,0.583363992632010997,-1.28039949171616807,2.61211224383634777,0.420892641025395975,-0.841528491381932309,-0.553998639183395425,-1.35541685854958271,0.601121816921677321,-0.558821353020605538,0.694260411362190855,3.11502781876129786,-1.22112278519851625,0.00751192701097977943,1.39543509352377426,-3.74408862912875451,-0.0463872699370317804,-1.77393374221093447,-2.13878525723344382,0.741180336086341929
-0.133327229929194047,-2.13637785544843828,2.22861572812715369,1.13791804006273423,1.23420834207951935,0.348749358952025468,-0.849584915399944185,-0.398986463842453565,0.35132424745397145,-0.0396395398804139584,1.89075230891205948,1.12067780825026775,2.89337022306529246,-0.877430624462250619,-2.13034954577078217,0.949367072671114975,2.14318945330482391,0.752053484580669673,-2.27492663270295514,-2.96181326022521407
0.0197481998642210881,-2.47160243321340145,0.753826001002045221,-0.748806156592139116,0.737093633451451624,1.66114695217927699,1.57819935701538694,2.12724376386663661,-0.811513514191666063,-0.227710092807092312,-0.857511836688946594,0.342831964441261627,2.16730867601595367,0.121225558234956163,-0.986165369701285877,5.30974766253379471,5.59125092538914181,1.13642217713727889,1.77270947120503286,-0.911559665889191018
1.01129214475935436,-1.46366856379722066,0.919660804456835068,2.10371202680899705,-0.586408247029204799,-0.250476935254372535,-0.316532028995170911,-0.846730988010561458,-0.641617017931910838,1.17060067185962335,0.201739948099873501,0.666365215000832567,-0.162190758008641356,0.508032218212564057,0.814371513148635207,2.03201245638336436,2.65973671703006564,-2.23377809118908122,2.97772924439040354,-0.0638769321218387587
-1.55969513715663521,-0.0590111669098553754,3.17816696878121263,-0.295668328536696168,1.56238777746136859,-0.160992775851290071,-1.18068837542524818,3.56684090951334465,0.398529014319728148,-0.258309802764288277,0.185712503395577017,-1.60403130428690144,1.93540265803722389,0.0171960020352216227,0.814202963322087969,-0.40694248866532734,1.12377329863701036,-0.610860886161122218,-0.0070406528177685123,1.17871666207114867
0.318352459474299909,-0.946637053810496232,-0.74814940163775423,0.370211566114650392,-0.737954240290410124,-1.35909366566619561,-1.40515674247621436,-2.88056978836083477,-0.714470400852729282,-1.58005181661751815,-0.0389702236488112877,1.01718074767935329,-4.25867626617414174,-0.86892627517154597,-1.81517775904573764,0.280205415944855263,-0.809274220927894583,1.78901321198861418,-2.84776826402143879,0.721280109414234261
-2.24505644310047092,0.298173895380031972,-0.00882899468486799711,-0.0989671191999543925,-0.822406903403729128,1.13868724032326196,-1.8684124306892631,-0.252150720158683672,0.967990784256913872,-0.23498366652063904,0.102824516321768519,1.00936175996456434,0.601303346607839462,-2.97701079388146805,-0.2220978262623102,1.48018916814840984,2.27149119377139286,2.34331015041660295,-3.08777268633877666,1.57065794170358308
0.782744118885212115,-2.33503695307739623,1.77862348022244432,-1.60388888783543204,0.730684927594183575,1.74032737616608335,0.723870679462517819,-0.96833981311557249,1.36642911229341246,-3.06582219259046562,-0.432669667569427929,-0.435185942007860593,2.82761032914117783,-0.9705541500899042,-0.180228647291299948,0.655072451352926466,-0.817837876967952848,-0.342797399557732085,-1.86894908890444289,0.0695234423341468122
-1.79180005302193135,-0.173572633989221986,-0.264260521433297035,-1.12930940510575573,-0.172867701515085792,0.399261328662005033,-1.01028051327663126,-0.45558860702402687,0.778483555489411283,0.389045133529643039,0.1028247608725677,0.438854843336005052,-1.16995980226355112,-0.430709349206626124,-0.272000427264290856,-1.46467693750585082,0.66648026436092489,0.876836796458436929,2.56267390765341618,1.82595855817103603
-0.172957041064081385,1.02314141394997038,-0.0236049855322760932,0.487579158822486036,-0.910741242041468224,-0.0703834469224655646,-0.0762818250579969243,-2.12137376990248905,-0.21047055790075464,-0.627314984685372834,-2.02230447774993216,0.736897740555943037,-1.16167290638689358,0.729814405316226211,-2.31777190005882217,0.172504213631490488,-1.34700828130339345,-0.689586009490754659,-3.58346470847520759,-0.906958547717511609
0.000345119033241590267,-1.77055957777061201,1.77360144291523047,-2.37654671794424965,1.29329156002731094,0.403478295713749546,-0.503837128634393339,1.23422604741969422,-0.823865253795458718,0.800227937167382053,0.622388269757777501,-1.30632525238646746,2.53589305461221937,-1.44027627381975232,-1.36838971121063757,-0.349144229022096353,0.00326900339445680786,1.22667906350645395,2.6222271181114194,-0.930379051410963331
-1.35075130743990446,-1.84371105850626615,0.197188381468613033,-1.16602826107538404,-0.728539455413520276,-0.6900645364286212,-0.146147293902741976,1.1518192493489734,0.289942532709074663,-0.620125489519441464,-0.387008267857453903,-1.7087489908310507,0.515762442842142455,-0.292208104059522467,-1.94471471788249595,3.85725625887974966,-2.82984209442073675,-1.54527701834622611,-0.846275052698689634,-0.159236585983039441
-0.0836288056902256965,-0.988281493138427392,0.423533163071355745,0.653841442803431927,-0.58290182955711467,-0.365586894074265034,-1.65911698634174498,-0.563029427735176946,-0.16963642470487994,2.23672523359579367,2.03985204303292589,1.47217538317596897,0.238751437929894866,-1.7831855702231374,-0.797777624759974269,2.41029093170621955,4.01457214151534014,3.17746361513571829,-3.41806813289089639,0.356143971651674385
0.307984983986804461,-0.442390075835703389,0.616287932464236854,-0.255416426719718981,-0.136508133255072467,-0.64239231592792978,-1.04711723192650297,-1.01249524631909793,-0.052622479386177673,0.0420718060867928748,0.0402729818404917797,2.433431720374295,0.559715201675109353,0.238923226778483322,0.138612020980554751,0.709587058004002125,0.0502067161063363201,3.36656456228079781,0.620119994033090038,-0.307353237046269989
-1.86337025513616994,0.477118126863910974,-0.0318080330191214539,1.13656973699016173,0.791273144869228839,-0.559661092779871305,0.184099822300099664,2.00146381690203912,0.548980841187005852,0.721144551252332566,-0.35952184942463089,-0.743570534923677195,-1.42960350029034355,-2.8083182804833644,0.827943249734555242,-1.30213793745941597,-0.31214310754292135,-0.992349415174077154,1.83767438883417089,-2.08888264491850073
-3.19126578640570946,-0.93696901084036377,3.01692969482928319,2.17644996377147937,0.758663674085342965,0.576673549372917482,-1.95865046073592031,0.534033482528178505,0.65745634115034024,0.560876820588639302,-0.346567187218900952,-0.480532892432198377,3.45498935637803495,-1.50695944647850966,-0.436655428307449966,4.30253692053855108,-1.51429617426122753,1.80225652380730761,-0.587785821907908956,-0.651178898337990364
-1.22238178893099381,0.986108523943168502,-0.307707523232727598,0.487026945864969085,1.31692442468623994,0.0177058453050052654,-1.99453588563426609,1.07684386052220549,0.00277342464197900037,-0.879531145587144403,0.65157322316660804,0.207097144612976874,1.04589827792570156,-0.668932187927535837,1.64316162570330837,2.98909155924877279,-1.14639962046496025,2.38381771194194458,-3.5414141198999638,-1.54496483725193889
-1.83670020620197061,-0.394638936981697552,0.401604287438995122,0.447240449464517298,-1.68728014031184803,-0.197444770008783743,-1.28362474256756753,-1.0093799351247581,0.494924900961513536,0.960808467845098546,-1.39479422004862852,1.91471143290129331,-0.716285465032831192,-2.12977224210077276,2.44488538411692513,2.55412027508170114,-0.681036691974007069,-0.482815895620320734,-2.88182355412263869,0.14744479412749073
-0.109935094908194836,-1.07271686945009859,0.307385340943272689,-0.225437893266040412,-0.348436197124696589,0.462827923928199603,-0.28154759492741771,0.122226248811915877,0.530208631655261664,-0.711870826926003453,-0.676981142529874069,0.101371572433832449,0.421547812960695045,1.85101198691820334,1.44714086073327453,-0.875335595592836357,0.460403900976083968,-0.455635037055721837,-0.180322256588817259,-1.48439356402125688
0.657086228573354192,1.67010531579052168,-1.41623275836095841,0.53475071975449695,1.18196925025029853,0.190903586910393441,1.44864583689786097,-2.83666446517100379,-0.402920563347510918,0.275928165736577857,0.197423635969939365,2.67418257235410639,-1.21362191239630324,-0.929385588778723792,-0.325469370931890822,0.755634766580358108,-2.18397475655106232,-0.388240460523969655,0.615986045001919558,0.0388472426394973411
0.0692505690489638032,-0.239141300039364707,0.482741694812606648,1.58619069185997796,-1.37445750937786992,-0.819347459301349779,-0.716831924861908387,-1.33885651426896479,-0.582013284188737878,0.411526728482902115,-1.4523800937555138,1.70476595006563469,0.523860860722386246,0.306077341971476957,1.41837310504569625,2.02196832513536195,1.06295555091382377,3.19013756908102009,3.58123747901136591,0.227304764559200317
-1.29150088555393339,-1.36318030950036828,0.838236139772241984,-1.71476757842455751,0.716380342429654315,0.374118506514829863,-1.13483303627205956,-0.344438654122822763,0.0796014243809207572,-0.736111543991440631,0.482553422418427469,-0.901543256257178349,2.31373096739226947,-2.50384460930699015,-0.760035217580306566,5.12755392527595077,3.53286036522281055,2.5208438800118973,-2.64141936490965135,-0.301236767552643614
0.399741713160382595,0.58684248662477434,0.656248075057813685,-0.823597437383278175,0.60548907995476331,1.16230030023315867,-1.30244895943178074,1.57366089573615331,0.796406325897665246,1.04700246723043522,-2.44719443498979894,-0.00735353754757171914,3.88901263640142592,0.0322782256997793116,0.688382358210358092,5.20267617391574078,0.0329343045463557915,0.0785028849890788832,-2.26516387918999884,-0.131391971093505339
0.0986562160495753765,1.2834674533312902,0.239540157507766943,-1.71912229381225168,-0.813618901504172376,0.927937994059497617,0.143260487551174459,1.26277856420280243,0.348988211523636127,-0.739546376637327918,-0.00981011347481479216,-1.48045209183115634,2.15876294197375751,0.735561820355725926,-1.31463851891059713,4.01550801556526071,0.129452462532891999,3.52667137404104869,1.09967439806868117,0.793036966054939119
-0.60469841002052005,-0.487462548649811422,2.43068373257568116,3.21102881996763889,0.828330066762379191,0.606765885402939631,-1.08283663613030279,2.53609982162048375,-2.0425381646047609,-2.36745397569322247,-0.69058721172467441,0.0457465236389896293,6.15764433314212223,-2.48054416871774341,1.85881736702736244,3.33192648180681861,-0.592252796648116253,1.84813251319455674,3.35914119579567627,-1.49319433160567749
1.05351200106044085,0.861995547807108853,-0.641149471687970762,1.20329406340114242,-2.61473240476962765,-1.00323757396273949,0.190482961128674716,-0.0642648371568057819,0.591420002241104026,2.2071358766877327,3.06812987619278932,0.066807126878011297,-0.228897025139061128,0.248490182420791461,-1.93745271659390128,-2.26804085751102757,-0.337660676893568157,-3.54113455525521115,-3.37295454001135742,-0.783021372824432738
1.9583998541247627,-1.8583785783618878,0.397740198445985405,-1.38389072643950217,-1.78985429119232275,0.514109712343703174,1.78694561943863572,2.2560871844107937,0.923627586896961672,0.0474096209957851969,0.289334490663568755,-3.86764620894224498,0.955370114394406555,1.60859394203506301,0.503429921412374415,-2.14716239346875337,-2.17574542632383494,-0.830843575185538086,0.00677563174502537283,1.44950654796532397
1.19071495822184237,-0.414442086907542417,-1.67369824630168051,1.18545125259793238,-0.0287033079456398554,0.433113130191862872,3.02972374295088187,0.710308019006812952,-1.3631315439044045,0.391956941938974401,0.185038092724776115,0.799501026979513307,1.43932097349076393,-0.804197961444760079,3.87977057039420359,2.50795398995589913,1.75769460619730289,-3.68157145025543731,3.50103649978513243,-1.64808691264124541
0.0980034851197865153,0.268005088125367552,-0.0625509346080822537,0.294545629692024025,-0.134781802457193123,-0.0725858593802995722,0.446413292242616722,-1.96995099184263567,1.57011828522238583,-1.34569781317896453,0.305352825164837471,0.0163224584358236148,-3.0718106343850593,-0.0846290058039157744,0.718206477364514262,-2.12315614500536531,-1.63663762071460361,0.603229966727327982,-3.41780761089858176,-0.442279737713504262
-1.32691518318560653,-0.235323122026461107,0.188393023778429897,1.83585293923130322,0.775658220009368682,1.4627295239178284,-1.60729216125590169,2.58368872172481456,0.464644480597505072,0.999485451359618637,0.891233849567378611,-0.688801925925879965,2.18902594603064671,1.16768424153309835,-0.608768721822634973,4.69534294488031279,2.95575011888036121,0.991441907650202126,2.04760630891845397,1.87224613326410139
-1.86572791464272347,-0.734681847897587503,-1.54799765606356021,0.0648398990813574549,-2.05596609519108364,0.0464384221673929537,-1.63696992169367328,-2.40376656447250436,0.631585361752503127,-0.0982491811076434685,0.845598123642368971,2.04782638414154095,-3.63356032098604587,-0.49187815060415474,0.590601363111517452,-0.573602811186419537,-1.65153172178105168,5.2614447311647794,0.818912676575038079,-0.0760080922143893389
-2.51689907189398898,-0.667612685168074815,1.17787088230602288,0.962730124467434001,0.449338010465403337,-1.97837089574517933,-2.27953188659005646,0.722442648864827341,1.65069166179830717,2.45871682701280303,0.31386258658391808,0.768371846444220186,-1.7002742208160273,-0.97530448363790867,0.418536217594250637,-0.988032161515935203,-0.847091460415287822,3.82473929813563451,4.38661855846473525,0.153064359292495872
0.308932115542611407,-0.642602436649869602,-0.0729652763222416317,-1.82309730952229443,-0.106172876560500506,-0.563065080657141892,0.0693756689113791264,-1.99047923809975713,0.792727970883830291,-1.18424477881865231,-0.284509374425667094,1.14192232687628681,-3.11831988589144649,-0.505875191781926303,3.98880823798489237,-2.79436116997601669,-2.09861961923382712,2.12355255896739692,6.94523086506498277,1.28481190950961843
1.95956994204622537,0.612642408231885316,-0.191230409844393351,1.03168867786018814,1.79959557182788044,-0.445704189643615245,0.626986518880653709,0.646680207525633599,-0.620624124829170953,-1.69546110517067916,0.203466561882351071,1.41646228635697757,1.33358555616931485,0.565770915413008613,-3.40609899611106171,2.71415819303504469,0.919657210788375701,-4.31487142775002308,-1.93020715728781656,-0.937736043512274686
0.353847443957135244,-3.96921410302653221,0.50318506778030081,3.72893246463545491,1.06963506204006586,-1.08174007898053204,0.0619475239556911764,-2.42214678189319921,-1.57828607430129741,0.449215457921235684,0.151460894455805017,3.47335497825261941,-1.77694578450345952,-0.947177713388965392,-0.143037454163148225,-0.740332926175084283,2.19115752315874834,-1.97044725365722972,2.05433344992560052,-0.784041448919742034
1.14622474604994684,3.87656521723734704,1.25627709591785486,-0.197463606452112833,0.661702091638365242,0.573617126893290141,0.0732532488998449693,-1.15493034411692785,-0.650824627947921619,1.70092877700562539,1.54623732536814473,-1.2001654252252949,-0.0589307053263723943,0.715175172459378894,2.73571432789860536,-1.773698134438638,2.01058067078257929,-2.21738074685996045,2.60191632746744661,-0.665136950064124433
0.401990191783933415,3.65744542694124597,-1.51264082302715552,-0.20053168888910336,0.708085401687420735,0.809525828721725738,1.10059418797542152,-0.560480678926243536,0.180444853549068779,-0.856163816562145463,0.234382531074110001,-1.21724184547066749,0.00987818178760990415,1.49487133948198925,-0.950654219720405091,0.313731100566676191,0.142901539551179402,1.12352728466163287,-1.28765717240299504,0.687362820399553764
-1.85508959790072092,0.939441756131787042,-0.347493392321327754,0.664975122913486927,-1.17735648724785724,-0.67599187074770084,-1.51593793205076843,0.921971620552395343,-1.28234246443833566,0.448664300555545292,0.742903520743961376,-0.856292840361804308,2.30779707935343659,-2.13821897733769717,0.347580645499058205,0.844542509099400873,0.348122229716746445,0.439846094750981353,1.65082388560307214,-0.248215892897224955
2.00128124442356192,0.0120058515887246364,-0.918985888694154429,-0.525990029758083955,0.743611573441078311,0.405215579117705504,0.541613358326275218,-2.01266742588676451,0.0324527435276258033,1.81405232582159948,-0.149319784548266138,0.982220878833434785,-2.30753953922371524,1.27121147450505201,-0.187595035116821407,-2.59851677584552077,-0.578565678148679541,-3.44284915065557007,0.676339097800957356,-0.88516669511619539
-1.50142682900102087,-1.5095527582734618,0.351589182831044789,-2.3183268691725587,-1.40632273863727586,-0.833469866827098338,1.0702980500821675,0.00308182851968658196,0.866502407368372363,-1.22901059574257632,-0.332819093817376566,-2.53221112563202144,-0.524251483017199149,-2.7528914970857894,-3.27868004659993861,-0.21558754400457128,-2.63110522057800988,0.790321360924009397,-2.30525297109647997,0.27920769330926315
0.182214929508199286,-1.51951837071640972,-0.52009079317768403,-0.633829764296052534,-1.45153449706552484,-0.00162663764387493688,0.829813267655236886,1.3825951590479959,-1.3146582770724824,0.94007770498883092,-0.891562969163502306,-3.35075162789229575,0.922649924116432429,-0.467585765931934461,0.356058577125673514,-0.216941149010927176,1.00450668398857679,0.603068133867593059,2.48666948066806759,0.680551213724151616
-0.996513521521054435,-2.40386463890276092,-0.880279842500769738,0.597462767425118724,-0.335628037143062274,-0.052739464068203859,-1.32122471879146031,-0.407613211423278721,-0.497074843856881055,-0.0392467865636069169,0.846206810220024641,0.171523141953011216,-0.483245246248644289,0.449909256347517217,0.246750569614269305,0.00802444648579183836,-0.44401488153576929,2.20452711930086531,-0.322928395693405035,-0.917925784495600361
-0.501964949588588505,-0.293124046037977481,0.00622298747721632996,0.703716646077624408,0.562638993239556795,0.915531490942030901,-0.90165704578460748,1.06881104703197183,-0.262386663962312472,-1.65690581868634856,-1.174500106295157,-0.316107764169269057,3.11138353229918918,-0.091128060088226201,3.35326398073408027,4.69484013388914345,0.388776628523498535,3.69193011707322283,0.349130621467068525,1.23892326940582032
-0.648063194293680089,-0.051016065313259272,-0.624025652779462203,-0.944764345763066227,-2.78751315581155312,-0.897444573493010433,1.2477018140002929,-2.63380853746589549,0.879744705335971156,0.497080156935073292,0.152576538649434629,2.3046928169492733,-4.1384302245262079,-2.43377681799906531,1.31083562825293543,-2.9423558184459786,-0.972384624799917718,-2.67179858306861728,-0.695728389033835826,-0.917196795275204924
-0.593220839761822383,1.87974132563171348,1.30543356585822878,0.345880417566891918,1.41933453797712184,-0.548843515316093433,-1.0864415628680606,-0.125785749626499688,-0.491486319991719434,0.387703145618243594,-1.09991643381387449,0.107218779194554734,1.95727627840398877,-0.0975559608776952886,1.30792477570412791,2.31219481874172228,-0.278299268912396702,-0.581848434405299209,0.689583048436756996,-0.217830070730495984
-0.510500032763683831,3.60353550390242461,-0.874266370706891394,-0.907957832940899712,-3.07308830414377931,0.0964437629268080909,-0.703475264749487295,-1.68844231808602907,1.44357748994466761,-1.04347741975962083,0.18413109877359124,0.979383324588833482,-1.55359795735228978,-0.310163694015499702,-0.98848554244830078,-1.77255984371302699,2.18430269692775569,2.51366896773673165,0.498076831690883126,-0.763744756091505494
0.852546095168451368,3.36199928342976717,-0.149180232621399039,1.56932972983824603,-2.19604560007826688,-0.0107427571083462455,-0.228020865848548249,1.77047282033457742,-0.12743506212612038,-0.492691450476728299,2.14557706660614222,-0.702452724726442268,-0.435805048583969346,1.74038863601384497,-0.480221669983551147,-0.472037345851518075,1.06770030814680128,-0.890545968679625655,-3.87315347074187466,-0.283443434387982529
-1.18079913429473815,1.01291121963059494,-0.730940378411584213,-1.05256536363029141,-0.217714682825606215,1.11748637517189708,-1.91133194114063709,-1.50355158731184368,-0.455148407328485771,0.821505326694735971,-2.48202817018892352,0.578008073339322914,1.21568408599111177,-0.884604264651588812,-4.61368659394050695,0.0620702449346808016,0.626804676883011003,1.65041710789562024,-3.79777015991421996,1.38167020327652335
-0.120589105385259826,2.40987207930091873,0.959610175630098428,0.328002636784232415,-0.0517455787984381216,1.14575699751726945,0.121884297962031318,0.499927889737110775,-1.16046702341290864,-0.147463451301694137,0.779299715975232066,1.68787260538562278,2.22522359006566228,-1.30978388339840257,-0.269948252589134352,0.741307627540460978,-0.336335385324280867,1.67930040798471958,-3.13898548740996297,0.0452817109771657331
1.83790016565233172,-3.15966844559107862,0.552706815301793219,0.280813519485685503,-0.895886528115776959,-0.9660140490172896,-0.251312466788278011,3.74082456961257881,1.34913147577124648,-0.883363068071140511,-0.0633971418214948068,-3.8726281556010056,1.42200601979215757,0.571357011717192109,1.11180102873525621,3.70946191101687583,1.29889800162862179,-1.78908780703938231,2.77106823532144375,-0.59590998231710457
-1.85764835539367112,1.05095122865181168,-1.31267634373656361,-0.219771274340269274,-0.330964318895845377,-0.118336411622095558,-2.2271117488876393,-2.16691799596961054,0.064842437052975474,-1.23663723640312129,-1.55646174264924109,2.06975274392384412,-3.49953664309541468,-1.73174909299413105,0.141859998883544142,-0.187683934012608272,-0.0909329194778175642,1.9112576448189309,-2.09399233592415701,0.99399931647259876
-2.73757941652605119,-1.22849027793624299,1.01187954897305632,-2.65304060587217538,-1.62691941031745202,0.302576920859705889,0.176731951243928542,3.70773488027582721,-1.22192046194294091,-0.570750978757087579,0.956407022881685998,-5.79576103213166505,3.13228505581416083,0.511446292490667975,1.40978023556617704,0.350283134664582441,1.10551426786771967,4.07600772620368268,-2.56393861538918255,-0.367288247122709632
-0.19411331585857694,-3.44229565773440838,-1.2075799365725981,-2.55421516248600744,1.1439668602242572,-0.204025768678037539,-1.07416381002906913,1.40622266358029213,-0.252002193002221653,0.0134928470334707614,0.965290630840960451,-1.61069576168790851,-0.116440018343284282,-1.95552722972739002,1.31350465223499779,-2.90367070118802006,-1.72879426904305178,2.72477290086505342,-2.95460118318194942,-0.814057996951936924
0.934356127312374718,2.03247768768317627,-0.735274956202371488,0.15837725960514798,0.966088065598448731,-0.202217963874638668,-1.74895915740708019,-2.03947853240489074,1.157571195155495,0.84684362238473998,-0.306010581728175135,0.480030434938067241,-2.49607072077527725,1.68664316899043909,3.07103154226764286,-2.30766761409157661,-3.03446344693585202,0.733576555486699311,7.48307783744672861,1.45738564946860616
-0.0449807196351226721,-4.34772267516443467,1.06821343926709633,-0.849498288195352891,0.882578850447272245,-0.782165097154715938,0.99487318751727627,1.58008783383409313,-1.53265508791071681,-0.818596935427336247,-1.95800515675515086,-1.96337862076943703,2.6011930810539754,0.144061194429362216,-1.19353883483549184,-1.44382083780506698,-2.22452960254638787,-3.78167278725891709,-2.22890364539044983,2.17495792137051147
-0.390111495103837358,-3.42194049107614529,-0.700265314341709022,-0.628470754173222068,-1.23225800234965788,0.0499512934469802036,-1.20335711182623872,0.208445590639072864,-0.458253746652051042,0.141435449175168593,0.584274123911930121,-0.697481054093203046,-0.620754967154470094,-0.213960155035651994,3.51868053957339955,3.5037305561362424,-1.4465349825088043,0.222117058495629932,3.36857739892827013,0.790445573281301384
0.0324645763027483006,1.81180737874482989,-0.724594591262778032,0.124198297436211413,1.54287891211725903,-0.0106443670621511922,0.15149843171512084,1.10538259515966786,-0.564648607069901165,0.556692028347212209,-1.14912695817213151,-0.991979293765469783,0.451652145910565239,-1.35741636791562903,-0.759185887056032183,-1.06778886617831237,-1.67073892575818728,-0.723192589882707737,-0.0513669128038701031,1.00112066854111892
-0.0629798786155402884,1.95031730614972765,0.539796507824884197,0.00381834833034145824,-0.0409232623239394813,1.22583177919469755,-0.742125650610719667,-1.4139076404732116,0.72066920144170965,1.6533315191066611,-0.762011385757599968,0.870303226498826299,1.42466237465673262,-1.82543578689429253,-0.00320690804681502718,-2.13863205411983204,-2.51847493671464528,2.82458381889484711,-3.1965761893192437,2.00931220620644924
2.0995036080061622,0.105218748849518581,-0.819818657809825879,-0.220264090053262113,0.911811833022509899,0.102332301312576326,1.8908339068349802,-2.12489531950447752,0.461858153559287221,3.568177549726121,0.345661860188587577,0.333156298787887439,-3.11214614013515778,0.901837874447624643,-0.637082003095856608,-4.2976825873705069,-1.81934338363253656,-2.95690085910114586,-3.25049369122209297,-0.961909360204586839
0.334948400091398257,0.575737416026840698,0.867944685311264896,-2.82117653474300667,1.33052966092794289,-0.76501577168931012,1.64658699438219269,0.144787198669044215,1.70120585138759339,0.277272976718332564,-0.137467154660781049,0.247509116491956949,-0.199547281462192388,0.403582268704921199,-0.130293813479308573,1.04835390524840011,-1.22494081964045853,-0.820927376081864391,0.78013677832393824,2.02130044957577315
-0.228312171661384511,1.61696612661981054,-0.0449973116147634397,0.646475885980869247,-0.228126558607941371,-0.728151959526888382,-0.0389864612243896527,-2.05993299828635079,-0.277523515954295308,1.45420788563914694,1.64141998946461798,2.53473128339068232,1.04853169670615487,0.977306521476907331,-0.468566929081176031,3.42458659991054715,-0.108255684311599668,-3.34399441779021167,-1.39450265572598742,1.11613564833561951
-1.65927894962718026,2.87905950142654721,0.975500374312089136,-1.75428184918365382,1.75459072557120144,-0.428244670772752078,-0.774959097363894345,0.771320605149745209,-0.7477177973178738,0.862137836233293098,2.25731077250918899,-1.61648863725583114,1.22558152249511387,-1.2331510281834559,-2.89268348578539092,3.38105775498245453,0.810522560425484762,4.47493027332544546,-6.19022690540720255,-0.313500516000901674
1.14048414940769782,1.24177712335349977,-0.942625911904980351,0.306374219673949399,-0.643222202060830472,-0.429891532791311703,2.80288123171284198,-2.60647888617106283,0.394330985916164611,0.0959905601381751128,-0.118671212955364078,2.32465530495819817,-2.22985904401281321,0.900678229011796172,1.77534689502799137,-0.709371538575977567,2.78472947410589233,-2.95444330207954087,-1.09704919141194379,0.603677981897317806
0.0751465229288962588,-1.8703473652978746,0.0324114049967376833,-0.561531164782120173,2.19188482186931166,-3.21197723055105033,-1.11854222799971703,-1.19706039118258789,-0.599732038925911093,-0.149071390753843069,-0.56490974944580663,0.175885404551744701,-3.67992285846211065,0.231020803619047282,-2.37981248557492586,-4.72520489542173827,-0.237760740637273454,2.41535807249251411,0.309518407997946998,1.41982189436844752
0.127432934081974231,-0.938309518180563962,-0.188992590637469648,-1.53749897096898258,3.30902704718934437,-0.3448450913885866,-1.43245349886708895,1.11155092094263042,-0.991731545095299483,0.598209810020445265,0.350763270384990111,-2.28425064384570886,2.09935736675918649,0.251728378142007048,1.57277970349759122,2.52516534037772411,1.22783952213573389,-1.3225633138194024,-0.279852592955633306,-2.21353896160709684
0.231560309359851724,-1.83939964591009164,0.168349818769488652,-1.78134438289676189,0.941679490424143784,2.02463220595020221,0.417048008557688754,0.149309518713792722,-0.458185111555022784,1.7631239334633233,-1.69583716147660835,-1.21960857091397412,2.55176409001613447,-0.103571291580171462,-1.37623818722863422,0.104475455217697188,-1.27100998345940086,-2.34325656509897007,-0.769200569847839244,0.223965170974525923
0.732329092665857218,-2.43283851619378444,0.0456531248665423967,-0.118005078233409971,2.87707813695361425,1.00095729409388579,1.06825043230694505,0.201723419046827362,-0.0430735624046664073,1.46209387699841131,0.587834495149822445,-0.626252957044485026,2.58812799242178837,0.704959953864845335,-3.13472329002224992,-0.349886639419793311,-0.827319942831783117,0.344102714599460235,-0.884421251776829398,0.706668297821267832
-0.488903731901823013,-0.21967053128301306,-0.20552721671219093,0.995086201041659346,-2.04911895047955195,0.303783553688179109,-0.343212237105819717,-1.35101009644906567,0.140995190345221594,0.37060663443269859,1.44099360390970799,1.34664117502648928,-0.744651710822578528,-0.193820332004748214,-3.97620266281397372,-1.34975155729607676,0.776870466642602509,-0.591099989219143418,-1.19374365648816561,0.949522912715204281
-2.1732713015126599,-1.26246852563615097,1.14422532344729855,-0.741098509468964939,1.59924190031026892,-1.79181019462946978,-1.36689597452562883,1.4114637935105252,1.73482147607557091,-1.79050868597411528,-0.446354625159500307,-0.987435589893075227,-1.37183991258067794,-1.83596576017590563,2.9448946777328624,2.17250206865503337,0.193732948259356552,1.10475813115975363,2.93166228143937913,-0.864934887353472459
1.08637188805446905,3.26843168805551043,-0.641321724046814867,-0.224802346633695804,0.865855795107193016,-0.413341260066524996,0.319233346104464133,-0.457938664112112037,0.7012722003144094,1.62667660486679111,1.25120274216530225,-0.0543197788744152824,-1.14785355281572587,-0.167970671808036098,-1.00218355092337119,-0.311147500795796561,1.43058894667742709,-0.387173993674847672,-0.764830707638235907,0.663769421443411556
1.9062510516160962,2.60285752776175228,1.11134152211496673,1.31425565893696961,-0.555193741562373333,-0.434978191290220417,1.76758525275523737,1.25134374725021913,0.536669016056052994,1.01219281886521428,-0.304741837221878809,-1.36935863274101521,-1.24477280588716854,-0.446491942280991483,-1.21437121083589306,-0.558642489641760442,-2.56194534459373724,-1.0468572774576923,1.16836298673706462,2.42759337055000834
-0.421972890100030418,0.247255513343647759,0.591947018319620821,-0.738618487163078763,1.70450325435078121,1.25247252685400112,2.26352945249279225,-0.396893943674035188,0.230173252591585248,1.54993016422098706,0.792182520376530586,-0.758279215003816232,2.963450841041392,0.39173350078201824,-1.60280020408254886,-0.279839124422843699,-2.64274683494596951,-2.4352562470718162,-1.5797825555860745,-0.289305460316887642
-0.685337247407022065,-1.17100936457603311,0.255880464954104714,0.548243357036770185,1.72041361696732542,-0.960670340765740538,0.999146185981482082,0.491027860186466159,0.547234368371074309,0.300499682777167432,-0.70637932042592444,0.735915029515104568,-0.406565449148243163,-0.57886030092462637,0.85729482779148769,1.37860665683948946,-2.4972373629708744,0.153422564283367285,-1.59060805798630156,-0.427648792673662959
0.289670709752211486,-0.0851532886812106232,0.792351159710979358,-3.43702538984072348,-1.19277299974347595,-0.784589305990631036,-0.301008319720989348,0.460878659159655868,0.908191992164253725,1.1356760041330376,-0.134396366505735387,-3.81191697805776819,0.54665840719149561,1.0460444135246274,-4.63805312988333185,2.57751306654258228,0.119302615763883749,-3.06900176953228288,-3.54655356400587785,-0.548094720717409056
0.544518755804075827,0.105916679860703897,1.37979253093387277,-0.663239956164082378,-2.42946244419388435,-1.87812253288518005,2.00892753507235433,0.504518095258901678,1.78348724178713325,-1.14308868077334869,-1.83405699727456994,-1.91122304034149781,-0.84121600150428899,0.301245437146872796,-1.1279219039260624,-2.92286413565067393,0.972954723009363143,2.20661405483804529,-0.344844991845327464,2.44244478114536978
-0.386687370199577329,0.69731514922238691,0.399650437367057465,0.0794060706498853353,0.86820479574863596,1.04860495452820013,-1.39256806290506585,1.996087764440035,1.23344122971963466,-0.99176571544834613,0.0772300672323943393,-0.894158819481787326,0.706845448315989611,0.828673402747314714,0.0512623122499872436,-0.149060268389679451,1.929553917958585,1.59441398854189242,-1.54385569520934118,-2.1421418716576901
-1.94503041308399682,1.40479346450708786,-0.350150312459182378,1.65049099128246168,-1.49333317424915313,-0.860235547789296895,0.736277992712811913,1.48313985213847443,-0.26926865898815977,-2.63570409599057687,-0.0444036540820840903,0.378553352992141712,-0.815603491799661517,-0.625086617827696034,0.224292947948101395,-5.01359923645904448,0.837766003128987635,-1.68240613546843432,-2.51465844795599436,0.914030461955574469
-3.1577905759781828,2.29601509599726894,-0.10994753136299372,3.46555817996302817,-0.544058937279978116,0.0584799092831207179,-1.96484781104543127,0.554530151793939718,-0.518009968118573694,-1.41697410621742526,-1.22922169779864943,2.86575807433629093,1.0077970800680176,-1.06107200286439673,-0.254653569288713022,-3.30405607018275616,-0.389965794607878669,5.19480721830298009,2.49732878908657163,-0.37926339978915774
-2.17621754331008299,1.4573454610899117,0.58997406835084365,-0.565053797050782958,-1.00600532959701305,0.195520840371980004,-1.63859612614119188,4.10916560238201534,0.0668099688713243572,-0.0339232441696433878,-0.553856260453445381,-2.34726605620123596,3.90123009986639868,-2.84650282833525781,3.75583063722427468,4.29623919937192866,-2.50989228844692835,2.48985809992649321,-0.134066175476504817,-0.753683901892603592
2.37725400618107319,0.831908016408384854,0.0280215903539689573,-0.456005289822278115,2.56852665895895926,1.38076721646525669,0.980514567427689721,1.57680585699786602,0.714232645647569608,2.09840497274806115,-1.53570564456251168,-0.695389153851152186,1.78507811796267513,0.826563638616454655,-0.655887671999572097,-0.0383901019734496363,0.910150876077859827,-0.895906384322374905,-0.279604911526682098,0.715139314440532914
1.23752461954704973,-2.64704917191574829,-0.830942291971749736,-3.15077201774781557,-0.697998556426575711,-0.681485490884258804,0.251783505874645819,-1.87051500788069425,-0.530075447142566714,-1.39864355762666603,0.782730200944830146,-2.28346312116004491,-1.67190012398707122,-0.497762657493838856,-1.29557748856018495,-2.69441196032451957,-0.901154928759051121,0.908619221350910666,-2.00037924806228196,-0.380552259220204026
-0.883646161249394657,1.18931301224992292,-0.898574124005895203,-2.32537963393896741,1.54493241027333084,-0.207286201984436091,-0.416032693912647522,1.44838857187817305,1.05637845920592666,0.0468558974482201282,-0.880797813326451684,-1.98520689910432968,-0.709566324770492307,-2.33579629084557672,1.00792091217855506,-5.5680183473086915,-1.59872112834325542,6.245113164594982,3.51048610440501641,0.850118931642275255
-1.2445221657184804,-0.943585353979068953,0.653800544623881708,0.41179167272803513,-0.871136269408667618,-0.0413450468397202134,-1.44974829944049111,3.9274831241524244,-0.361651309148401878,-1.23207872354904646,2.11095868014646637,-1.96697892989757506,5.29060314931524722,-1.27322101905920526,-3.37591268613576823,5.15467563306931886,1.4926843297207204,0.250683023370792013,-4.07331246478530407,1.67673559895893343
0.870930827683197406,-0.367755147520358039,-1.26212018749453292,-2.70732405191064585,1.24276427997918493,-0.990510746633605721,2.20666325790983997,-0.0987158428077850036,-0.229426609373152207,1.79941776448882296,-0.0498094433861640332,-1.88804267105416002,-0.756335901687085421,0.30255495085135653,-0.487531012452756984,-1.57095427524487841,-1.26981462859675909,-1.98227811256957365,0.0718993458131647611,-1.55695640667339008
0.998012687016210265,-2.66918722518711027,-0.860765235028234321,0.107018570543370967,1.9057166235792351,-0.0441130798382277367,0.521515895594607426,-0.175308904003013327,-0.486276402043798461,-0.52459048456514612,-1.94815823983962844,0.819198808258530309,-1.21326561908571917,0.485743912385222909,3.01926797649672141,-3.62620745904629604,1.05980775944181427,-0.63038106818907691,2.35463612960098301,0.754211769454394609
-1.323386911398863,3.56537950438084206,0.308564454935932653,-0.00246466385782510584,-1.37407681045028562,-0.30162065809238614,-0.527211861560084372,3.31053362322019762,0.65376272979447847,-2.57273789370162653,0.657068401978171068,-1.83892016316168561,0.607082729843991031,1.29017760605824727,-0.606312377378762757,-2.08354691565503236,-0.208569062969519825,1.22756764310851296,0.386689588008527263,-0.373165468743894779
-0.0725051978596410046,0.895194598985064705,-2.01829284810573961,2.49840317135978518,-4.98774074945554702,0.0946579926186583848,0.7994037915923492,-2.43776410133556665,1.77390909290814625,1.46576687528970084,0.292293118255359474,2.80291197069279141,-2.97436608622763599,-2.78648906337631486,0.259568346451943099,-3.51326807974619637,-1.76317185312604074,-6.65437361155649221,-0.997260246790048877,-0.979569355968066047
3.75967072727576124,-0.0150264996636120182,-0.0703810892976396568,0.124896676607956211,-0.985356076309623075,-1.68338313659844707,0.712353344992183057,-1.49488859584986034,-0.526388610990034533,-1.35550399239795971,1.95521543654998964,1.27592459026698624,-3.74097473673049397,2.50985129010523789,-2.27180454204809701,-0.432684116507752736,-2.88920416091445631,-4.38781956274881502,1.29025378330946738,-0.0385992221616752521
1.48417353465856339,1.16942857552899904,-0.209320358694502245,-3.00829371337437967,1.02764291870864266,-0.741531287892984836,0.643621189182340125,-0.0190990711697341005,0.779731836297572478,0.557487849677733127,-0.120119098040195341,-1.16981444881851204,-0.602675575837855915,0.363879160501372922,0.846753830447487199,-0.888653182779234885,1.73295365755695774,-5.22766509965302717,1.33381583574858031,0.0221237240159095211
0.843970830300978525,0.227792180084855578,-2.46031781560100171,-1.71058262553377594,2.21363693316257448,1.43589754904969835,-0.145822336011819792,0.19649990745239404,0.87104699093795368,0.313864781266616877,-0.129228872512473641,-0.459735032768242902,-2.351849776061532,-1.0170409704159149,-0.591559290199132115,-2.21204219086467102,-1.89747842867189953,0.595523169073962633,0.766537569817138498,0.554601967668606144
0.850371532721873602,-2.46180900298805438,0.499353977511292124,0.937390913623470046,0.499009971731115998,0.533413410752116457,0.878367055364189353,-0.740557335887688906,1.58670945950508635,-0.867353100645102737,1.84839978066918142,2.26603978128476768,-0.972657920168849444,0.161910228307305198,2.42982469881681507,-1.44019646567541781,3.7534434302672457,0.268541378064759306,1.90799023758197706,-0.183462863064853654
0.256749749677809669,0.378051028307300918,0.109932659466907792,1.32578996944629779,-0.52813879477207426,0.517329851292632426,-0.0137804933458644321,-0.620749797100183409,-1.23659126537487563,-0.714232438940866188,0.89038375616255383,1.96042534267381785,1.2470600098664566,1.99686677595797768,-1.24644450912449534,-3.57710497880781286,0.924576713113222537,-0.853951641093675828,-1.80059199716724017,-0.102975620643171215
-1.04710553533066952,-0.563996097492215465,1.4678182464070435,3.47654981657410467,0.174800531176173807,-0.264938859554510076,-2.10462571742784155,2.59656611666720805,0.760610191217148013,1.81489313939053987,0.117436047574510108,0.081349678437885195,2.32237551344632598,-0.173201488915032675,-0.631962925446783341,2.16635543420810439,-5.41950330375671019,1.91888585440039705,-1.65598391742270823,-0.431792659729739903
3.34655574035229275,0.219585799322268682,-0.604760185348423684,-1.57289617859511099,-0.911612347054365113,1.07060161780618701,2.86468747058903617,-0.744543096211463862,-0.725779871799932641,-0.127863024706809381,0.487337118987124007,0.456554414558627275,1.10851200684393847,2.18727137883424438,-2.82445879643097664,4.20558596577251897,2.95053127371315504,-7.26789776345187644,-4.84305372010236113,0.504128373060981683
1.96724216197158253,0.206202006458785836,0.733096389594437237,-0.587036685651434964,0.226821735682712189,-1.17270085780014366,0.61059269485478751,2.4062249769304116,-0.415031002451166198,-1.59285554137646557,-0.772309862310689987,-2.37196821783575418,1.89188048351796678,1.15085867208071035,0.881077162129325298,5.39539718790824363,3.5753354445037151,-0.26288792901491842,6.60698501997687604,0.648177095080772148
1.76723110860766774,-0.519477273272834883,-0.458177928170510229,2.65560422851711531,-0.37357922438275748,0.00308109864689668465,1.77758273516936205,-0.232176118718396912,0.502023795263131123,-0.79027355711129188,-0.630506010706336384,3.18365225288370812,-0.904355028576564468,1.65867362724264478,2.53822880352080738,-1.40752469997703011,0.781774895233087408,-0.0370621273660774464,0.0153404901379803112,1.13800719889603563
1.34965847996814103,-0.992311089197602803,-0.0377999082479343607,-0.635795381727521369,-2.0505512126010621,0.472560737541021569,0.53395171172263689,1.32178071011244813,0.467197591807562818,-0.540333172401212924,-1.31660196234257754,-0.946500216361648938,1.08976677399403643,-0.148753171100225512,-0.169625069535619927,3.57618198183284264,1.30526997460968897,-0.493685066606324607,0.373477686698548361,1.68686142590119159
-0.577976819412558074,0.058460280207505641,1.75806723475216087,-0.307151637853417148,2.73364377000393199,-0.17834890297481934,0.849923993144480416,-0.588665451062786782,-0.672615647724916443,-0.731198900061861501,0.656999620859343714,-0.934850882248864479,0.101835685666433348,1.06860136064570099,-1.83167696352532317,3.35359739933316625,-1.76454795511507756,0.146778759489793936,-1.78974608873899799,-0.0760996830685906206
1.04081957352612942,-1.18434014955524569,-0.0985901835901984019,-0.0715144996652196108,1.05885857297542096,1.95234560643784949,-0.346111564703164343,0.301923890733659384,-1.51442058922190381,2.11710598106740155,-1.53533502542066214,-0.817331585903986246,0.829656675211771666,-0.033177123160581079,0.655331532331021704,-0.903174883552495644,0.557201065778885174,-2.51127907666564321,-0.679747825022543162,1.00469602532566538
0.886854218846049758,-1.50445310191341375,-0.45159236308212708,-2.32229801765664501,1.45360727469341655,0.774627520542225834,0.772527101685263728,-0.909368718583485114,-0.434790030445034392,-0.0543775458959062513,-1.11881097648594219,0.262617169228846536,-0.818315186297977837,3.10505691220867952,-3.7210989116770814,-3.41660215892996266,-0.0537223912542071011,-1.65036064370680924,-2.39810995641821512,1.03180678082033817
-0.333177535028996608,-1.1347157694276826,1.907849816483844,2.46954418766392658,1.04245920915143087,-0.910814549387090056,0.0446659802779913045,-0.665968553044568368,-1.26493327433876734,-3.87777313024436854,0.52859419442760236,2.52549766691469246,1.2668098156214247,1.45173515726056568,-0.783441884042134995,-0.18281939455703658,0.938202628790970494,-0.13459201539470958,-1.99304527426328826,0.9638139584623866
0.877257489168632332,0.418282226738142027,1.17600653320058846,-0.257020443973111634,-2.538840115254688,0.193200492528248474,-1.44515122508548788,2.35038543258992139,0.906730444002804004,0.172790124076194984,1.16855257718762329,-1.75603066450757961,0.874484656709580976,2.52909750195354821,1.11369942603279837,-0.258303513428331466,0.0369317518975592826,1.71254442670458884,-0.255896401728923861,-2.04601239717212069
2.30691174587900605,-2.27174944295819436,-0.820609284017805751,1.89575811435528019,-2.03671254737116225,0.0803147164391996848,0.892982341060773233,1.79832536211298133,1.64413942644494582,0.207374895394594944,1.13590872962298084,1.59666078743110784,1.28092843017826286,0.663404448489492093,1.38196400305327671,1.55925456915258298,-3.16972998710479592,0.523270855802154711,-1.48736959708989191,1.79569178766451021
-0.60203489323171544,0.544259974525190815,-1.76804302156471871,0.0194458895664425327,0.957793427307466305,-1.13983344206752468,-0.105945636825172565,-4.01054419147308838,0.321189269456046533,-0.498238481500006991,-1.12648728230697159,1.49232991560811357,-3.04948004936694073,1.03414723400472863,-0.433574811682308159,-1.40931387110446238,-0.995693463251187905,-1.07943403534363247,1.38671797203573033,-1.26691155782215326
0.0974130423745353247,1.25092051782700175,1.08540005768336845,-0.2993093696370277,-1.45027619762468207,-0.497200848960556385,0.290154381149360152,0.351126797165177695,-0.706295977935617492,0.412134190919429488,-0.0834855494415610716,-0.772194964273806184,2.33968339948109394,-1.41443272037340706,-1.43703629501371144,1.4382413455907217,-1.34991433169726749,-0.374190547613860114,1.97886251951664427,-0.125411277867678472
2.10661193985386408,0.370983194268517391,1.0221007480302633,1.85258901821000066,-1.84294106449395545,0.579174911360040512,1.73030163597480846,0.87759859915260463,-0.236670336461524772,-1.12967453742715529,-0.467595363053311508,0.383026380319731075,2.24946859501773577,1.21129513450598014,-3.78552674963408187,4.76551103483853655,-3.60673561358712957,-4.19163248602358074,-0.671249315557135851,-0.507226259431957982
0.526114673302228497,1.43990183965054941,-0.325778199578118044,-0.658735751612570253,1.30465203528268758,0.973844572768216121,0.923299794020368547,0.713182134286007074,0.805753454649766554,-1.56968527522737844,0.106491286578778016,-1.32790079427463592,-0.0219651195171376122,-0.514787011682864115,-0.218667406233280848,-0.906600527852205906,-0.177393843895762959,-2.54403035214843021,1.57564991724328141,-0.204941735606408132
5.13404006669553059,4.21031008062842282,-0.463739486434782189,-0.209932599023686356,-0.806303108334062824,-0.113634291227363751,6.06987560637446322,1.26411494224583953,0.656045875334241524,0.258835030712435743,0.417723390666509986,0.00316134442815378062,-1.64740963995193823,2.00455101533200075,2.70657468678839841,-2.2713259295827215,0.0290346946079426231,-8.25977536434199955,2.23340395183781437,0.291755980580729213
0.135633248975423309,-2.63918131020969149,0.169851018664728626,-2.64680917056807941,-2.13663966874590061,-0.422385884601546135,0.494711239077897991,0.314283867747976897,-0.563057325354669902,0.0433821418024135583,-1.13466619270975566,-2.79440559445354753,0.114806447493063762,2.3640041373645877,-1.24241410469265334,-2.49030791635220705,2.20095358859755574,-0.705412204900427886,1.61934127124084859,0.545186366744448203
1.66540020009156065,-2.2284056307819804,-0.117925593772200771,1.76215420469838735,-0.422187527102940052,0.325642150952305531,1.81911338182171578,0.297828011801177128,0.651080084420199157,-0.921253496207940281,1.11912097824474621,-1.24442120901520847,1.42397426718149012,-0.0796660000151322573,1.08609982508649106,1.36628748589050408,-0.86063560512438575,-3.37012010268823481,-0.87862951992157412,2.51859486955868528
1.20413668070039948,1.93831786293989783,-1.12531992346961496,-2.71619387084149366,0.615120623146652057,0.381981475498482881,-0.479895226902202654,-0.252288700052246517,-0.141368266101907308,1.14951827951035135,0.38196292532950149,-3.62901893119787378,-0.13135019343738652,0.340689813003616282,-3.11054360669812535,0.675140246426666923,0.595129827920366061,5.19586610807844007,0.476122758264029278,1.22936355950771459
0.0175838430303924646,0.664380270016199259,1.37796123458402198,-0.621000735701213391,-0.996100328804831681,-1.05665874008424887,0.570403186138009999,-0.887921525684313484,0.173246563074932275,-0.438714156004452183,0.681021812284579808,0.537437433557403477,-1.13251508113082333,0.994595653588916884,-5.22059415297410823,0.413788741272209215,-1.62417908173823888,-1.59552961077515731,-3.39431978962073488,-1.99559290533932088
-0.310991169075371887,0.333043515883708452,0.162361183617337118,-1.67084690905892286,-3.70650442407523206,1.22760173309666176,-0.75247451576918134,-0.922588877945508923,-1.0857462483175675,0.540194713894087464,-1.11726707208659137,-1.41903720011551981,0.453036272358834813,-0.184014927702982167,-2.45527595594831061,3.56383038785921924,0.129067188278332939,-1.23453231067040803,-1.55735344818348431,-0.305890616328323595
1.37495095857715444,-1.06776602837276569,-0.320668542890027997,-0.851127747256567257,-1.28294217343186623,1.14056358405791269,1.56643501093411719,-1.09560652088336896,-1.00310555628375742,-0.374027386250184835,0.460578893498793329,0.753575133768728866,-0.738225461333677169,-1.34079110059219109,1.59899048969159696,-0.79641532011874927,-1.96354675080101093,-2.46850889319884947,-0.601425567289221696,-0.324633389930855498
0.963896992253747253,-2.77465867246514364,-1.41516416589022964,-2.0853355667818203,-1.01986427114266975,0.612350760450427911,0.397540608073477797,-3.88627475805211864,-0.435971238055700538,0.554645126540664113,-0.842507476279991341,1.00553466015204718,-2.59890812261224946,0.0670141842170125235,2.51796015125791461,-0.384519138184092946,-0.17459554508466521,-1.04127857906182197,2.12573009515766564,2.84581857294015039
0.00863576187589449457,-0.225276259840949927,-0.098046282663568643,2.07889522431710283,3.00201608548517473,-0.225160669504485766,0.295725448767901022,-2.2757206407701025,1.89830769024153168,1.10337699963988545,-1.77248564304248846,3.14820204704677753,-1.09200750341130814,0.153200782627792603,1.77809465634005082,-1.43815444732019682,-0.139983362757942875,0.708889744140771105,5.74141211437705312,0.858309096502459679
2.44178145181724915,0.654705529219716587,0.305874032855960265,-0.617474226632860557,0.558705960318530925,1.71963528952635913,0.754520351391456345,0.0803902332701265376,1.05787100639716081,-0.451868119749662567,-0.699816083312516657,0.930612451249444139,-0.439749573743009214,0.490023306123304692,-0.257191639518411563,-3.50297797389128496,-0.132372216464335252,-2.31310804429051453,-1.83806409519083735,-1.35680254624106333
0.208663629724966077,1.02124013858826856,0.294718075303340432,0.678255989624232836,-0.745033421641440041,-0.419899235894116429,0.332129084846232492,0.376809661395406503,-0.167859203930879108,-0.703369258209038284,0.500994151180881198,1.60635259225054394,-0.879344859523091715,0.538032821798204663,2.88570167889265727,-0.348561578855159704,1.01073597420093875,0.811881025817277946,0.246092792603096078,-1.19121772936923365
-0.725165657995988089,-0.0563385488172784762,-0.562884212951407559,-3.01859610851759719,0.482939766437981755,-0.164179106329314206,0.582694553146378191,-1.24208829943163934,1.7990705955385482,-0.945831722226199489,-0.0274181235361060094,-0.603016601682266673,-3.2070768748164995,-0.369460171845746366,1.96203392741008198,0.11240801040381973,0.606665489618612885,-3.24019054927446293,-0.286290622770845049,0.000414847569971296757
-0.619702116275040127,0.598238933634214654,0.146080434731428843,1.57117906374798211,-1.25027181139677301,-0.737624480781235103,-1.22045484365361823,1.48667355395266632,0.243099767929195937,-2.43106147312839216,1.07308591466254089,0.0632852836587686762,-0.858078738889824222,1.42152313678295505,2.7206904272867356,-0.117982641780745273,0.887278131131937653,1.04298307885064356,1.54126289306582942,0.426186485795766345
-1.66510693472534221,-0.320609127648088577,-1.03900504826745244,-0.728953784328685739,0.33296375049834831,0.892410442864624565,-2.16382734830439816,-1.95316374456424202,1.11195432769622293,0.333008423975263423,0.285596426339460807,0.50306959650020977,-2.37658754894752411,-0.565761357909361329,-0.804448743104959729,0.614188235983635478,1.51928840498600048,-0.865158523289646486,1.0539956794640426,-0.325181646251668621
-1.26755967452778839,-0.260606819770496823,0.413455143382846391,0.520073996627834823,1.8766917613564662,1.78588076071680302,0.319565954079699233,-0.127085162955096781,-0.507593887331791449,2.57551949166282057,0.850766545349707637,-0.799939303637749122,3.06704307925381237,-0.889080146066131394,1.35946226288825001,-0.129119440464291468,-0.933939148966000277,2.42777015655255823,4.67090557597573763,-1.21685267179954026
0.172862391144342042,-0.951645044230112758,1.53539575019849939,-1.14294558565016446,0.173977845675945847,-0.225442068373584409,-0.575326919449295926,1.5892171501588841,-0.959938409839604545,0.0143085800557541006,0.782158143739890677,-2.49923199721575573,2.93664304483061622,0.443570844687535493,0.306368458979968838,0.953321268687632006,0.576427903152827659,-2.83513256886631826,1.13021231782209863,-0.622687367848576478
-1.12021521612974317,1.71014265546955357,-0.00656535898145545194,0.152372349558095421,1.08227799519669743,-0.491107850981952587,0.106825690187375866,-1.73868105124123384,-1.40317872055326598,-2.52167450057986731,-0.676089047693398726,0.928137331004051935,0.282274848855501137,0.377099394730205151,1.42603434084678504,-0.189750646402933987,-0.091174155907930779,2.15938470392590087,1.76364436415575265,-1.51675306212454153
-0.43160328827275074,0.837083465097581692,0.154431978697771422,-0.483252381446581891,1.63268546214951016,-1.0118333330544298,0.576261730787300919,-0.859223799044647851,0.205828876623015827,-1.33236589235137837,0.747634097559901512,1.37249704517852944,-0.938349777272026397,-0.797326563303302205,0.964409513092063575,-1.77935792065292464,-3.19681665281229499,-1.80743393202708025,1.30320509704407606,0.506432852394840149
-0.615714260926404244,0.906391678252685185,0.747524936779717875,-1.6498692908714836,0.454810673208334348,0.512414418716719444,0.257120305133278715,1.9555797171226128,-0.63696104693162281,-0.345865959824308622,-1.0806603725688948,-3.76394957610179004,1.55316844795058606,1.6597742422186208,-2.72596785916324746,4.52884702738201916,-1.57360181732767734,-0.599268108949506328,0.54747193629163049,-0.437659005010040458
2.34484269768267373,-0.781362183713148695,-0.562874998214859645,0.00939254627719382854,-2.40866633125767526,1.27872202059050677,0.28236301243780898,-1.35002182443872698,-0.939712851603678345,-0.067198430016959923,0.0138366035679469545,0.614913829487280128,1.35909608422007433,0.784801206304656884,-3.30407098251707687,-0.758754258406555304,-3.0988437978796175,-5.88762748535934577,-2.03230531996584585,0.42699762371085026
0.0998851607019195925,-2.13233481280212933,-0.685980356374178646,1.50156878397000026,-1.46479436091342441,-0.0711721516905415852,0.0630172160545116877,-2.44713671847808012,1.55354254249168777,-3.17311902803614343,1.30056107680680055,2.43747492453847059,-2.34294466641321097,0.589880815203520203,0.0211422105508822858,-2.06810113822837227,-0.749145914364783172,-1.38937548128305277,-0.155920335010666877,-0.297834279495199139
-2.15524477556059191,-1.21597164370222188,-2.51331312703401588,-0.857760415458406311,2.7721942445374399,1.85416954046969606,-1.06318548810671021,-0.765020996553467891,-1.71379347651926683,1.44421436040642681,0.861252817040890739,-0.386284264866553317,1.1892809488920304,-1.56731396033745973,1.70961530472609091,-0.884480301983704531,-3.08368766048789755,0.34484916578250574,5.39249794869749177,-0.0338844918520607302
-1.58187700014294563,2.86215396951494361,0.337360072352339779,-1.51673871004142868,1.0128520860963397,0.321590791077641602,-0.790336773246131497,0.466175299014593758,-0.34685825661894637,-0.273499314896326062,-1.27365840130576435,-2.11827793284405885,1.39727617973174478,-0.155933342380867535,1.01750922150714751,1.78467660460189825,-2.25979348623541787,4.04133174874162027,1.71252191249860375,0.711212391126088139
0.415075458867780578,1.27630739061141241,0.28846829485159986,-0.40791779471181705,-3.04868015970565898,0.933724412539246318,0.936459074726764484,-0.472802679357837763,-0.735956999066859519,0.779451942919870411,-1.72982524069516908,0.0670302768146328332,2.12373394731209597,-0.896990268635805443,2.95193517861679089,4.55122218465115758,1.27300911017539975,-0.601503304393132598,0.684242398757880954,-1.09233604999544132
0.440610384769497376,-0.789035462443054114,-0.466620550684916924,-0.778968066500534184,-2.24171352483184538,-0.0601979776824870111,0.587009821700771428,-2.95119677576345074,1.08052133324584698,0.248051698387994818,2.21572615457886313,0.792450225654722673,-2.94744732641394203,1.1719081041444448,1.07761877855284949,-3.1591566306694645,-0.79122408030487712,-3.01358845873698922,1.00237780789365094,-0.745082758158241543
-1.70962951107151095,-0.232094229282061804,-1.49657402279473795,-3.08842222000495559,-0.0453494967787797243,1.17734711697911898,0.205096614072108357,-3.62523269119926095,-1.13852987526502658,-0.536420831177987334,-0.385943598426429335,0.794073839646576407,-2.0877464687452929,0.234911647582322608,2.85250631998722071,-1.44654458606144543,3.80875450296895712,-0.723478382239968854,1.82105033243937164,-1.44852011995340635
-3.28378669271647494,-1.91732474338462677,-1.26198736854860116,0.0947588935841126856,0.8513513509267846,-0.444976663529976224,-2.38270409047098264,-1.0822903510170645,1.62744079708884692,0.605850331780777518,-0.939823926781076624,-0.79720140529447836,-1.92408993218204905,-1.93772519526009845,2.90253148391078364,1.05840890524448894,2.41785475024516971,3.78770100364246742,1.39539618638566187,0.189931013187982223
1.77949460845190588,-1.51628040451485924,2.05030116690650743,-0.244556107403024275,-0.0955601285672422335,0.479315672376304736,0.465623526344698502,1.53302040270444673,2.27791581587946368,-1.42562426489434446,0.254238842517156727,-0.933863414732113761,-0.3133946983781975,1.60461841953565565,-0.972012945386500182,1.45019193080530751,-1.52493705601683494,-2.35476162058111216,0.685866811498463513,0.855230987673968768
1.22992335795088525,-3.29188062363225464,0.723796164548788701,0.411913432450990769,1.34027936395071867,-1.18381682618242001,0.297870246179937959,-0.463358819873047001,-1.27455790447110173,1.87493858103689015,-1.80100285521571624,1.4731458065389218,0.238980011805529274,2.4783835203396043,2.32996712084177648,6.05967082219760567,-0.1823226426013278,-2.432361697919037,1.86821759608012039,0.287724313951844446
1.17538392714063944,2.18744974900801115,-0.366407596291760895,0.720883109610595874,-1.04481891356447076,-0.624225027684728206,0.3282213325215525,-0.219916117072404688,1.18329615804569022,-1.31734170293155373,-0.15058019546245785,1.76915534723804235,-1.61263040778342237,0.40744240575934898,-0.713910133064983743,0.654973253608392647,0.873297820085344734,2.79522080964176567,-3.49985815935964295,-1.27847249870513502
0.728558630736768964,0.899390114475377644,0.529160709536492413,0.754723576054536438,0.0160324314459481566,-0.42966345416927576,0.761998431408636767,0.670619120712301786,-0.187224955720034031,1.64935306019515804,0.28870815356624796,-1.35786461611146403,1.03302511492157167,0.0433270893210145683,-0.680133049800978662,-0.233619805530533603,1.2212335445585627,-0.686896345072652736,0.882775921136922825,-0.288182410758627883
-1.6228266164886711,0.696265029210372144,-0.793613415348901396,0.0177883374413989083,1.76745293442907658,-0.989147784541965946,-1.31209136797586901,-2.01376278651505558,1.57745426522342691,1.97827521309983423,-0.458329584758707054,1.42216088402677232,-2.09683994132626372,-0.0879001509703902506,1.28422051171050677,-1.04085920534686305,1.6831656604270071,4.24042508390507056,5.93928692079594089,0.727657173119956591
-1.39478796136027205,-3.64064979881749018,-1.9829108126473769,0.7618813583742583,-0.580952710516361992,1.2095651938849199,-0.82997199478011352,-1.46526881262805242,0.261693086611511194,1.17429900859917158,-0.410605364466245959,1.48222848412063279,-1.23664365546540056,0.689148150508884338,-3.82435037613043649,1.43402955501561635,-0.146135382887555454,2.5685169490574884,-0.669524202778350896,-2.31587483329565291
-0.772560875515281076,1.29734415242249534,-0.217074438005252057,-1.05538838559025749,1.15292725742259528,1.37041874730412894,-2.00917898347299984,1.04073418783402616,-0.212138861863993278,-1.65258276885098976,-0.103849206035777741,-0.570436858988307538,3.01209277697237576,-0.915109957481905045,0.516704611873856079,1.72123263582703823,0.364302547095348872,3.820400217192923,0.58001896444532719,0.831478443967810121
1.12759484480638483,2.17875448173182473,1.24645904927920737,0.724682333976703452,0.535929575911551992,0.277673384021044412,1.29088183873381923,0.144086967450889891,1.88342079562397058,-0.29979714251344558,-1.0018844487403844,2.39258107043862323,-1.67952953952198247,0.916836629342135279,-1.16191324309697697,-2.2256125065766228,-1.35108718156105811,-2.52434884895227984,-2.70361912073727995,-1.04777616770484805
-0.0169954782903362529,1.87906730957671786,-1.25785863900071426,0.421730884910113235,-1.73009425548667695,-0.402808796239611855,1.80132335135288324,-1.34676918262601308,0.491259914253369068,-1.45449224280205702,-0.863977013538490768,0.593356570053617083,-1.78071421686188702,0.134287149348683077,-2.15337344575499134,1.11632934639739201,4.47120491988075575,0.651444788703880229,2.14662569584074392,-2.36668378588970807
-2.02983677372449334,1.40112951975995892,-0.215818573665486568,1.48135931748825511,0.552552768595141464,0.49761665392061144,-1.13668448448899362,-1.85657029218549252,1.94668534907789548,-2.94432630204483692,-0.0455535213651255058,0.709554225618496126,-0.450482865481124206,-1.02766041426860988,-0.409637176443911122,1.23256328052782971,1.42724327431693343,0.566919389953508768,-0.205574047115570202,-0.170260640473867603
1.11020152046617193,-1.95117359431993842,2.46342237542764009,0.732853131587423823,0.807281558131640931,2.14276299939821913,-0.616245470969454479,1.39577047208549399,-0.247879358206304051,-0.207307270059687576,-0.80609773778243754,0.0617861075558648054,3.66562306977246566,0.0298665603912160287,-1.88428996212296895,2.63974938035800832,-0.965074254362787043,-4.09217781934044211,3.3243737265752662,-0.198391082677486397
1.83727585660112069,0.982195187833048378,-0.147854231460267771,1.20279261806497617,2.55211175994854589,-0.291817264808473531,1.28464469052169039,1.17711763950450155,0.377838459654197656,-0.474124297599519184,-1.1540841331589331,-0.44588087406999205,-0.785294722178488946,1.47379267819981785,-1.8416826317087629,-1.40714252730602718,-2.07179946938782189,-3.36720307729958668,-2.82679815985261573,0.996440057904890542
-0.438739570968252501,1.19666630940665186,-0.418642542028546227,0.217935487673373562,0.259019310935122871,0.248818893583737044,-0.402093079235589346,0.39629389410323751,0.485217947883817446,0.0980032360138111819,-2.32196424302671911,-0.688475877399708391,-0.638275789045184005,0.812417082507089994,-2.86494697205861915,-2.69471606021509924,-0.197309873589395723,-2.38700433961456815,-1.81598574634452992,0.572407318157236444
0.103597320780713945,1.32798939032720975,1.95131976563886567,1.76244271014857468,-0.840802187324742212,-0.334144671663407999,-1.54877313103906888,0.146681780756496488,-1.14376279453732654,1.93159311281508161,-1.18295448939450232,2.04506011499032114,0.988902514360623153,0.103070275045339943,-1.37256229494064264,-0.690063864931080184,-0.335957456265260135,3.05426300498841252,-2.09281261515205719,0.837866965917101636
0.22143597600300377,0.22661324291614382,-1.49145946341639868,0.668333376859414074,1.8935757913145741,-0.959508748906772291,-0.578558409152297726,0.302451581798587721,-0.666841766301364935,0.949840072420161885,-0.393881841057841964,0.5773764583485963,0.498712697182368714,0.380218489486885636,-3.58848129569425955,0.102546218016140098,-0.198598876179160527,1.93465999512441456,-1.96614020198766526,-0.876525540569046302
0.0365505557724459598,1.47215406388250369,1.65835160681198457,-0.317665046748661362,-0.190011621919221135,-0.962647189559788341,-2.02550126060626434,3.5613007714667031,0.224147025769615899,-0.637676206103564791,0.925613225428597586,-3.45697353111820638,1.02310396399616632,0.726398793342056592,3.03597125152262493,2.12163509115221283,0.404785113266629915,2.7794278991107304,1.65691960859251575,1.33470786287593102
-1.46145074677970954,-0.303571658572857894,0.121836713320524453,0.998967307081876643,-2.89223345667412568,-1.46572442676895975,-2.47136646450349806,-0.0278815847990561382,-0.506998583262318281,1.18648203889446879,0.707865191039833697,-0.376026376907669269,-1.17655491429607006,-0.561584108730161069,-0.14375843019099363,0.679802284016522318,0.868242809099395663,5.59379394639858063,-1.01100033741594153,0.933310070749424736
2.00656687384459076,-0.336068334603022545,0.536089056260084518,2.41970437560817198,1.27213832935563342,-0.0711155062814348288,0.995387598798781137,-0.230916990993555032,0.449292038038635599,0.652653634317405751,-1.57671400127673889,2.2731426067558913,0.933136098332509989,0.772009688225641533,-2.78602134654855638,-0.194053904348898243,0.881650573703437912,-5.7162625021545157,0.851054484013340051,2.23053628537121806
0.0591876719945697988,0.755520112881796879,-1.66599042098387695,3.78322402097793153,0.448720006167743601,0.862301431631463333,-1.12045079018231486,-3.22521252930367952,-1.06105998504250421,-0.754380913240727757,0.362668940897276137,4.85626572920874278,-1.58503684997313687,1.37159504813115496,-0.64660935132504227,-0.747416436354422009,2.076088308514215,1.42476350956629916,-2.56274947197452097,0.828359104807430358
-0.104827971836713302,-1.82731771731477566,-1.35252207479112707,-0.470287917030341951,-1.27415421186394995,0.60348812170294619,1.44464133986412535,0.258205292655951824,0.267849099307425009,-1.36255744416057722,-1.81507237740963179,-2.40559928703980086,-0.849548578350832417,-0.961209897141651504,-1.57316453604364725,-1.21762837493729559,2.46190756824167423,-1.56107841859235297,-3.1588999815504617,1.17307661266508356
2.17454082880727739,1.40424944729693202,1.36177557213910938,-0.032963135428552004,1.88184117457212063,-1.03329089956126774,1.16470809695704758,1.87635031532543795,-2.10398131663249144,1.13213981298125588,-1.37475993660915718,-2.2035200033161666,1.43993766428586523,2.85110986345374595,-2.08116991231030779,0.869440764113977527,-2.82113485477324755,-2.11277386975758308,-2.57602026803833484,-0.104814389334626723
-0.572665551143559437,0.0820704241166873433,-0.850776106201123761,0.173680315283991776,0.931124239108113816,-0.339312625507675103,0.88674435064982271,-1.38611720135134475,0.273710071424180301,1.05691373787954279,1.35869730307427461,1.91636293022523829,-4.03442888057746085,0.419116501175877287,-0.40889364318082827,-2.55532382237086964,1.48013288878552673,0.432480103434500496,-1.35317146856416093,0.567178626139466124
1.45305139425154795,-2.19632624765877082,-1.15987989000214853,-0.149768607238402213,0.374482103752593609,-1.84366268713855952,0.236954030932131493,-0.406727597898780269,0.00356105668442083072,-0.853996743977717299,-0.0562418805003574718,-0.238695195673149424,-1.84986102240257777,0.947437343607147153,2.5311774671052909,-1.52494094740710073,-2.63642201582122082,2.03911835353870252,4.2917834724841688,-1.48699835367213296
0.674891303573907697,1.66438318218762693,-0.837679173879482653,0.930477537676310473,1.55005497242743284,0.973357988407469232,0.216665180217394143,-2.06863958770150624,-0.729640742202773307,2.52030716223619322,-1.21551475453496516,0.0911188654466678349,-0.529778844511000435,1.2769562389325142,-1.63284076218923624,-0.687444006307698863,-3.83870164448542228,2.87521616871042385,-2.56087487735054431,0.46837247760273798
1.30810538379347285,1.72755082165041829,0.429168290798685736,-1.61197623436187332,-0.225547050812077265,-0.376687552381164525,1.31955010574996012,-0.846157194841617444,0.143523580194961503,0.252157758330128601,-0.359898839214975952,-1.03938343522394061,-0.0814294846790123983,0.984449592161257825,-3.11061288194289576,-1.30639158594674254,3.52439335811361332,-4.49457551607295702,-2.49563717302733723,-0.431255655504315605
-1.2800317426226977,1.21414693534099749,0.0384838235977765022,0.0218116013621046101,-0.0082382912673769626,0.804240772847208296,-0.796056981459548396,0.960664644351151176,-0.136611479447084794,0.750121567531372269,1.6685881627515895,-0.799010121820722286,2.32012757363332334,-1.85245645829655414,0.986921767276534245,0.211042111001953192,0.255302754539837029,0.866741176879876729,-2.86241188645972144,-0.710255813014636916
3.14449277116170745,0.922372257976784793,0.0107761363957741881,-0.770096145884129779,-1.78270405944765642,-1.51959292086064957,1.37618997028750645,-0.312419862635192391,-0.405341523497274092,1.61189092718085858,-1.55212345140773667,-1.08571237772191198,-1.11952128391210204,2.18064319041128307,2.70032440278827801,-1.45827781863347972,0.703065088177322717,-4.6865005251334404,1.71120350235981,-0.594323893760142496
0.786880040933206071,0.313832859060293123,-1.14536379655477272,-2.08017943927029991,-2.79491437970931456,-0.175287153317348843,1.32014862610213135,-0.318820618306678794,-0.293836018150982259,-0.180874982042130067,0.0308341031343911491,0.028631671133177633,-0.294446372901566722,2.00615694555727497,-0.954901905259023631,-0.800790548627248189,1.72359821466070717,-3.07918286267753993,-1.01489968326127911,-0.430204166257929399
-1.17053286546994539,0.540459039151367504,0.484733823473147307,0.287342235109249389,-1.19782204591420305,-0.0741999436548738261,-1.75555804176074592,0.119984554087457784,-0.249428739963779594,1.4005774624087648,2.17128511163284044,0.522116786598552318,-0.150797486414335741,-0.790399662388611923,-0.811817516947622275,1.96577180091910786,0.0678790887644421387,4.33688452360948151,-2.48017315787776793,1.8011435572810699
-0.156904903534746648,3.68674615632685976,0.154507431472736434,0.648780981375677746,-0.280545664475090384,0.0278815953185446198,1.75436716382567948,-1.43509641594827753,0.410280872822526843,0.599403489081078433,-0.52380246363630778,0.258264360359133915,-0.0710265164949948069,-1.89518675084982413,-3.1144732744932293,1.45393711004146331,1.33270933591719332,2.51588468139344679,-1.77139915046403251,-0.47624467837607587
0.944670567673283612,-1.28829852474037354,-0.429914474037526473,2.88332954320093604,-0.407255500256346381,0.404665861593009102,1.4080963032677849,-1.08752833292948292,-1.70239736000568209,1.04478975646936556,0.969539036420825395,4.1510561024412489,1.46838809557206029,-0.347224449321330286,-0.92374345824469084,3.73216590026827566,0.458016876731884737,-1.26524579118914127,0.77365315136851287,-0.302344270865899711
-2.63527566531664936,0.660072802457030483,-1.03283636307676718,-0.694325875834420625,-1.72412212969060796,-1.27440671512132275,-1.01689344297057205,-3.58844249231261081,0.110634897948571467,2.51815528605113714,0.476515321042688289,2.34729554105760885,-3.3979279434032601,-1.99191697309793869,-2.66472008680061156,-0.216074257438655659,0.647317527682776062,-1.33266046155001905,-5.25853854008252419,-1.03481707288719993
-1.41255714107071895,-2.51264379663066029,-0.331725669664708622,-0.66102097816206673,0.576128497838801268,-1.59174317908313423,0.256331795484515013,0.565359606553751615,-0.0688464132883366553,0.122090524284097959,-0.846703178705529136,-1.26251334131798632,-0.604445631434651465,0.568201581769645525,1.9839977458176532,1.20034146578614442,0.927392078445245405,4.49429728567570663,-3.79811552566618049,0.933094430906575067
1.2090069585274843,0.0374418247224171732,-1.15891512446417,4.11025660121184266,-1.00230505499467171,-1.5329041473946714,-0.814166780505425902,0.538790368589227575,0.137283588581841809,1.41446722588407536,0.233669587813930019,2.34706839798495803,-1.74419978393153996,2.99829559445603033,-2.28443795117008452,-1.0514196451931983,0.27860438861441772,3.04311262176850406,-0.0482967070335601142,1.03217141790280631
-0.251703782639681961,1.64557305094758499,-0.0526793334814788308,-1.52344187793588692,-0.797587261882210963,1.65723613591215102,-2.06594667927420206,1.60747885190734996,-0.621021073385712996,0.00310924809622002002,2.1911312077932994,-2.39523692943291788,2.32491946814514661,-0.502191669853348621,-0.0990702711801270258,4.47650304765031404,-0.521234044696964882,5.02008822584974457,-2.27362372341310293,0.908055964851759767
-0.930328329058689119,0.910858887719825816,-0.274913189219724685,-1.8080980324994298,1.49508837146448359,0.0538938119317034295,0.502488016916759372,-1.74896800150283482,-0.879734981680952877,1.34043483012721332,0.902587282196472329,-0.651753157233354696,0.788591097381865391,-0.594127039131213563,0.197459066853022197,0.0082196498252576581,-3.0819436132882414,-0.366660023907849686,-0.355177659350704777,-1.65719528310613429
-1.07835736976265761,2.6279210862033171,-0.56882540492806688,1.15977959896197502,0.889807833861879893,-0.099372792372485752,-0.292040098247593471,0.527322690622052725,-0.393564080736696964,-0.707466447672760346,0.654730594008112066,-0.331633577592764683,-1.0444367091279978,-1.16630819005785646,-1.11968944562013273,-0.717795992300488184,-4.26363012400500718,0.0692226078797531369,1.19272153790372237,2.367219487431381
-1.75676973748219289,0.141991209302000293,-1.10242559266193996,1.01428598561379224,1.10981798186179947,-0.399753012767622873,-1.64586655633119072,-2.3560712966258528,1.0402412181300662,0.653702864544139395,0.652715694572767791,0.584313839851128947,-1.9756596993135751,-1.76621577573364563,-0.930746961232891579,-2.91144051070085119,-0.999039241151031043,5.03037864826769088,-1.74243200787392771,-0.577096427280402891
0.996657756197505296,2.82148701466035234,-0.691902724648435274,0.759424443722493625,-0.487456852180913558,2.03239179315497021,-1.0096954778048477,0.195348148881994504,0.0789165306978614339,1.3652477268500971,1.18893982098035278,0.968028968399251344,0.0840504708063883887,0.280242589106706019,2.34086653129678579,1.65063928707902696,-2.26540959387621088,2.27573394156127273,-0.798565884777892032,-0.0868670859592812622
0.419811559036337822,0.145186726637278718,0.0374147889095605007,1.64426629007196712,0.393155185075295677,0.829324530408551697,-1.59114302669544139,2.32385939232399741,1.23445522501419114,-0.671318789931846682,-2.13447338670846998,-1.21336482724146544,1.21236975763155352,1.55809196799682437,0.0887260980498814494,-0.101240441342821161,-0.558926549180967958,0.290407225229301125,-1.18767313757412585,-2.4951898415632674
0.329690582720854719,0.0756208063280891796,1.21723294295016626,2.35637242588379525,-0.556803090434820791,-1.40175896885765217,0.735787021631728044,1.05107217570360967,-0.466704885893384991,0.232213337468773595,-0.809404295236114679,2.15416247896546542,-0.486278960253602344,-0.833434205312246323,1.79357157464632766,-1.01676093096238596,-1.73713413690690577,0.566424885813431644,-0.331814960517052782,0.180217709417866828
-1.18428206765145361,2.57073324020563154,0.493513568553054782,2.06423698248117482,1.06762816648416048,-1.42453886756372072,0.420914632254442977,0.419509014850176332,1.15147664674485295,-0.864094838084342731,1.06580508810199914,1.56775595975639015,-1.65091577327300354,-1.54735922618878408,-1.74401328747041862,0.0290771609172021141,1.8066507392625557,1.67937231270541787,-1.72827983959294107,-0.577297617044585043
1.39118562748141961,0.843799489101935918,1.74740099776731106,-0.231111615459620584,-1.62992067891248738,-0.101751791120795548,1.38819732452189193,2.91772768502806557,-0.677878499957658032,1.53188941258225575,-0.843802771666384399,-2.03187623296961073,4.43166311987631723,-0.336359443235675792,1.54689440687283608,3.42364848326713167,-1.27052035590170909,-4.31993876104595387,4.10944372268697933,-0.533637790518897481
0.73236856780239179,-0.620347106915771884,-0.310569960319475036,-1.2183327122942702,1.33647492809220414,-0.444153185709427467,0.129712465100295687,-1.46933507329473056,-0.313905727008627511,1.03745877243681583,0.000462025549244214368,0.939843254745188927,-2.22073016226434339,0.887352203226548397,2.42007456423592382,-2.39794693542877457,1.96154056188264114,1.43575117530082808,1.9999726977718586,-1.56548424298603384
1.59312008600587052,0.181025235061949619,-1.90867171561971838,-0.674958906519085744,1.2630698659080466,2.5588898039766268,2.13791054406748238,-3.95845967896468043,-0.200942049202293499,1.80391667151030899,0.400017176834279176,1.27303026957931675,0.141614528074639312,0.658464913835971832,-0.202545011330998309,3.20260479162288192,-0.0759368795648459188,-3.81962606412348915,2.27892770154490698,0.724467998201772323
-2.33531816778229029,-0.955629831629093984,0.748665617433454056,-2.94120254174737639,0.274026593814968134,-0.734380199364034314,-2.23962809269026275,-0.532735197455269982,-0.802797664492696739,-1.17825221453828921,1.4656133337060635,-1.11646248958586214,0.924421458100612825,-1.89279902120477694,1.02475508633873602,-2.37039989707522558,-4.37173967912649619,1.85182021913071448,4.77818949553511008,1.60739115686164991
1.37375349057055485,-1.68903294085270694,1.32508225939109536,0.296691201191960241,-0.515393617224185419,0.0910135978991868655,1.2132315513189984,1.07247050302739888,1.23402846456263227,1.88762973054480265,0.416642019005495023,-1.17869795377983744,0.689641332701537824,1.86236771896161257,-0.0605309271112410355,1.33471166474825975,-1.64898088902429096,-2.18583592341356603,-6.01850630859348534,0.495475527265954396
-0.205280563998192667,0.701158593501300165,1.24744318374772423,0.0515396805919303633,-0.319789746947878761,-0.120337655787989245,0.918678780150481655,0.580951464415780161,1.05686915726609376,-0.0796041522102802074,2.23209896843505629,1.60875360608339935,-0.00867131158268128442,1.82805326285213976,3.22057436413341414,0.999460632863805043,0.22976271583028654,1.34960435222150021,0.702864566564152082,0.7023502847891826
1.7514388583662992,0.240900862153972301,-0.512413172079139945,-1.8141340592229056,0.586603395610582612,0.380237775653115673,0.785374907416108714,-1.16712753179682815,-0.398552054685291868,-0.504457245743950677,0.751726827650652796,0.376140007026821599,-0.990951628624896053,1.19668644704364424,0.148568623439227943,-2.60998754688231971,-3.71555948666252656,-2.59326964333923327,-3.37353090223002328,1.624037367309066
-0.305667075447617675,-0.249403287774947136,0.173128334091532166,-2.02631840471381341,-1.09692880297594497,-0.26621705200690382,0.158258681374429611,1.27658036888150983,-1.1747764438031385,1.40896072747478263,0.586568365445249928,-1.99252760474702129,-0.866189348062854858,-0.0149608312008802195,1.28983334586578358,-0.118277006255645939,0.416446909636589369,2.41593021632285998,2.09924329565947509,0.046926015587803932
2.26011865745368112,4.06893128560577733,0.105694511925342446,-1.40963358110305714,1.56458898215977404,1.12746695462711721,1.29333906582171121,-0.409226403470505762,0.420428348360918969,-1.83932835525703497,-0.480888564080244885,-1.0667528031213831,1.26783467998612465,0.692851603576466024,1.42403614540677781,1.46160359379021387,-1.03222330845415633,-6.55688313713275317,3.79103629406182741,0.404017107096166395
-2.143543477947214,2.80161784211364795,-0.254271895630054645,3.11786312989482761,0.805818045295641383,-0.818419216188265741,-0.0567035019736251839,-0.29087387339180143,1.7642937788688775,-0.15141497581650204,-1.91714819500852029,1.08516011856077954,-4.37634671740473014,0.125086358886096455,1.17014519004496775,-3.37349393455882751,-0.172863427892158222,2.35994316584579034,6.63799223712880604,-0.89993660515236551
-0.91072359453750229,-0.649946718443459193,0.386251742149042732,-1.16205920974034571,-0.721910670757218709,-2.09236837691288668,-1.73457764391096947,0.408455021550374331,1.02701097457377721,-1.39177184815434463,-1.83135907395755337,-0.896180699700795502,-0.379848832909196132,-0.220436719586887625,2.9019430291967816,-2.82198116861978487,-2.71211612007627467,0.927686482226156683,4.07950263290456672,-1.59522484200185977
0.590026743643494278,0.192240266950319927,1.04128852011175743,-1.47726460150642036,1.07723692644931845,0.106225477395839402,1.88176997134431057,0.321589521513815091,-0.384231930466027827,1.45820432048592274,-1.23642834690177073,-0.451391554018209962,1.43685415152670037,1.05537126238709678,0.368790954276212168,1.3428416444352973,-3.55227388739044558,-0.794957938478405901,-2.80381370083233739,-0.780225749757720632
-0.549640699871277394,-2.11987367567168539,0.490480371371859902,0.340245053388728902,-1.19942214226046984,-0.257058788139786609,0.81358331298769071,0.637197813337151309,-0.590519548918897796,1.17126433014674181,0.539824446674289082,-1.17151198403846291,0.551734730463222856,-0.543921826786629148,-3.19714319959059567,0.257863389334518855,-0.909165618371650996,-0.0665539875498850769,-1.17472667797952091,1.83103184943956143
0.31600746168582533,-1.62482394589023182,-1.07579398090240308,1.89659272098052112,-1.82818414999950174,0.580284889192755005,1.10160895052167951,-1.06469416377084714,0.255346844569876719,-0.236541983462410982,-1.24663682919578034,2.91997440869797487,-0.419044983893747947,0.211561581045555835,-1.26377738929525707,-1.10553642083987147,-0.340113258222248083,1.56485410279276693,2.48968473639166987,1.12721837265503599
2.28979924621168962,1.60844727472674376,-0.797910229065366461,-0.771447516294605284,-0.421548041445722832,0.660407151925786584,2.52226277840396174,0.191379418096116666,-0.0551015681584872477,-2.0517441874970026,1.04395974941295044,-2.2887456180230541,1.63738232202495104,1.90843622281770364,-4.84596986132284968,2.12072091559890996,-3.55467070521061057,-5.01867882419395261,-4.18651189408545488,-2.21337551185328429
1.26301257535261247,0.306396144140287263,-1.35135875853957099,-2.22618582105187945,-0.89170463706286196,-0.65347581555005918,3.17871898485330284,0.774193215278122571,1.61502412672687523,-0.424201520033568202,-0.533017605292488428,-1.16373517807015014,-0.806022864533833983,-0.0449033034705919182,0.215833142903288033,-1.18416648068757335,-1.9973297247527908,-1.72085807762047538,-0.952422036331512234,0.318504509156101456
0.223409201515589989,-0.407068426829040986,1.70631985047506696,-1.05646701219410444,-0.98124715067175905,-0.216296157149939411,-2.18945474725894895,0.469402618459717924,2.06798156211147655,-0.0814240504904060608,0.467676345187699516,-0.626046170385607392,-0.455662962839083474,-0.603202863399382339,-0.50534771272171608,-1.12277918195157023,-2.26373405920910775,2.26148704546181412,3.48125246892153672,0.78207318772497747
-2.75144600452631671,-0.532589049825920591,0.823345984174345236,0.60030398005841823,1.75393640835836884,-0.776210314175144078,-2.91817151755781445,1.62222064482254069,-2.84916131930931149,-2.03392581833542785,-0.591018071528425337,1.12295611827088182,5.64649111693643757,-1.56374178382616824,0.365862867334706077,7.84105416180939852,1.78230676638066421,5.30799979099831543,1.04019609778432298,0.441091931206025745
0.511399207644418596,2.31918612284583814,-1.38653576141455326,1.84279743186358158,-2.39427139777631526,-0.517146687016151074,-0.891795685534166771,-1.20761427799272325,-1.73939632487581486,-1.26765518924408194,0.54741628187500091,1.51371766902318017,1.91745523025448295,1.08103995441138179,-1.71810971851685967,3.13284799117910717,-2.82127624246719133,-2.2453816378814877,-1.36695903167136623,1.34491429901315929
-1.82685658664707762,-1.24909757175333502,-1.28335708506675839,2.39091905127587223,2.48097179431180725,0.530591418742074494,0.0715825799956856107,-1.93052360516826615,-1.18171153197672685,-0.761660316923932101,-1.3129417544686881,3.05415712665255734,-0.218669315476791914,-2.57024995983976101,-0.273671339271503389,1.06566982044003922,-2.93363444078938729,4.73129638794876506,-1.01660351220479317,-1.07746087229042997
-1.32789707052668482,1.22049710881380569,-0.116739618743841353,-1.3726174727399143,0.936238949226897654,-0.859516593548960595,-1.1948229713955536,-0.128170170545411966,-0.465595590095248202,0.533811371405469082,-0.75708580218990551,0.0901153901513390976,-0.436158176699457278,-1.01205612725250682,-1.07001917782603728,-0.93470172036394461,2.46035136494394546,1.31483216714060469,-0.60898160913645405,-0.618674678762559327
2.10846675525201865,2.44716957365130083,-0.709561660909850511,-0.847697430284862552,-1.20635301814124274,0.302442445630438705,1.11529972162478996,-0.896425266638392615,2.57600844895472703,-0.318306800857129479,1.30451500757153105,1.47583204755512387,-3.25511003711989533,1.9838835833698234,1.73093082283218491,-4.11322805617468656,2.92501806929025765,-2.82434616384597348,-0.253097464032599029,0.00968408537262716203
0.00773099839447541608,-0.0430718674276560909,-0.0639495774347404455,-2.59119348279628836,0.0375397919228368099,0.198361663472132715,0.903627870924200605,-2.52753571426884971,-0.359597727483575158,-0.971191263271275029,-2.27296610902182916,1.81523877066454764,-1.04263151972853652,0.251348117213853361,-0.781536636805673535,1.04781677719759148,-0.479690644597119187,-2.35005854550463189,-1.15284932894550796,-0.170720880802239017
1.89861046672361256,1.38171981837877711,-2.06727002863413389,0.152701187214862227,-0.0367245576648893846,-0.406008576479487127,0.327914555425059984,-2.93399079463366652,-0.329568622172667136,2.72036605838262391,-1.271461783280043,0.216171561921484401,-2.81670334999798655,3.41914458372819219,-0.825124259861334752,-0.982629548504233119,2.5642640683631166,0.335469684972999338,1.92339354618148284,0.497228487143409281
0.347399025637754599,-0.0215048438066386891,-1.27373309844565985,-0.833430138658302733,2.09130181364979562,0.0148135723156621844,0.374716937366907088,-0.422996430681063629,-0.731338607776475746,2.81284511785988212,0.646510766578293983,0.955541964750271866,0.051346511139285185,1.84843849152566775,1.39752229149495011,0.272531658020941259,-1.17736871217751471,3.69566182790968734,0.804106105826801754,0.00320302967820400601
-0.11351499685990378,-0.398516775796640466,1.10764578360862465,-1.76652431418863398,0.532409860659273315,-0.702480710880085235,-0.190394774208185319,2.26354734350661913,-1.15853077043296016,1.34815972787001703,0.741554704701265721,-2.73766345765800834,2.16670941761564073,-0.23996038070579459,-2.10806127089239626,2.03988253949228859,-0.683291376769327274,-1.29165074999645513,-2.76396543342578038,-0.433666387227221117
-1.36209567300781087,0.62111243478343714,0.986813973080052032,-1.37715026918448213,-0.878307302868807538,1.38850422906527626,-1.23806299553161248,-0.286750869754105686,-1.00698402514200658,-0.399717022805488487,1.99328438626355897,-0.42579162046024055,2.90151591221094929,0.533743745807009118,0.379346587776799693,2.02061833865369822,-2.29534589528856348,1.19962552431177083,0.37645688746426148,2.07865568293538905
-1.15833319998769801,2.19469125316767011,0.522882656251618783,1.42701523845047995,0.0140210972284247216,-2.25288080945613522,-2.06591642866233505,2.31203069247764548,1.32023030511387729,-1.4367151351456684,1.53258168285882945,-0.956501928171028526,-1.17752949623823855,0.175209904048228698,0.18102780553917841,-0.269400122392849439,2.74359363050364413,2.43761793121395876,-2.16246894840007053,-0.741382025452798299
-2.06929652565539746,-0.834573370700513628,-0.703152985636768313,1.20120295860470172,-1.24751071673829839,0.0355859557508826085,-1.82928406443024771,-0.590562416183903816,-0.410500363863364859,-0.772902832730081202,0.367236228875857162,1.37695297275950401,-1.26503390648186054,-0.0468063429594265321,-3.0665011283236514,0.520738684820372,-1.39319067165818788,1.23123348227658402,-2.01176418915777599,0.305159274608436282
-1.14314420232459946,2.12690256556372592,1.19864052991294145,0.734895239807693335,0.247930384886602379,-1.13432215942834325,-1.43783498459716297,-0.111433909798144312,0.842985785551510047,0.59860595616731338,-0.447061474476162624,-0.228747743366678968,0.454942343726569998,-0.334896027295308651,-3.77738108215727753,1.2296679612358945,-2.94503141247549971,1.98890839591514346,-2.35127419053608566,-1.47361586482332041
1.94361031102627524,1.33292125381058302,0.885240067535831732,-2.39477585256503511,0.397609517113151567,-0.628295752662279883,1.30418084151305536,0.55497942667591893,0.261762829418489662,-1.80308380451073624,1.47298982747721463,-2.25056224745557154,0.251852357780088354,1.43715720735376529,1.10760252647649815,0.489221499271463134,-2.68227166333111766,-3.99151456441369579,1.18649144865245137,-0.0704323997516729805
1.307126261045779,-1.0195626648431233,1.46415768756857534,1.09786685346993851,-0.44365300836550825,-0.178128166612448013,1.80330243723365391,0.333506729798039248,0.192210959238596435,-0.617811316514380038,-0.123637822974603406,0.0800029799746623943,1.51264830608458434,0.104013461470171958,2.31615502436474996,0.607311814600495992,1.42020259495435774,-3.80260890910491645,1.52614357102605402,-0.602991009018541857
-0.295986467480717275,2.11465403036299149,0.143553105985853052,0.620949736770337157,1.76581001771793056,-1.90990260300734449,-1.51732662411605546,0.366483663249665026,1.40363440446445065,1.75269323439707891,1.18790949466639018,-0.678534194182938033,-1.84956899883077353,1.46273271399323646,-0.934903583799491122,-3.60194498236387695,-0.0833072666910177201,3.52683180461939161,-2.73619017013455412,0.145101876518426542
2.61412833171096448,0.745932670211487903,-0.509478576197893496,-1.35597140639057701,-0.857004938478853395,-0.597198468123201986,2.35430931983977088,-0.161611622479230527,1.06432884503472747,2.66597610303865817,-0.0206770963671739604,-1.65418950063888759,-0.131273498658237286,1.84825284903748055,-1.01127830570235666,-2.40070793688406514,-0.347843744854158643,-5.12408718559602683,-4.98535316678988227,0.396300488277004592
-2.16628640762505231,1.37145275798945621,0.233422081472066084,1.44247359096650007,0.561467235420521238,-1.89558254806928339,-0.9067658144221179,1.72050639697943542,1.49414697562541909,1.0927017216758379,1.17042476186655109,-0.670521583953759603,-2.19190736047049617,0.0921078234644502752,-0.00482989115276394061,0.628750760679581466,-0.067404833348393714,0.81758807126106503,3.2854883509745858,0.282749241224049486
0.440759484432467374,0.389326361768311091,2.23011484532986826,1.54065876449530048,2.42883304725677807,0.0356525559669762099,-1.42992012318218897,1.41706737932305549,0.80585871175202195,-2.10346481766383553,0.137892851303961506,1.01220194429466104,1.93250036623030219,-1.02887592222018753,-1.48035370785818299,1.36636953258506799,-3.68897787278056422,-0.0538823154833801901,-1.63054347510582143,-0.730200179527607962
1.51470822401513305,-1.41604981902287919,1.3203623627132437,0.728929696164646312,-0.909024769984082881,-0.829079139699409495,1.90605506788465928,-1.5720338387717232,0.745983133545252586,1.79865010653250024,0.0236279334279558342,0.793359422464167685,-0.216455915128794724,-0.00481595601789785131,3.05394924728980799,-1.9169024955340197,-0.453025862775638999,-4.63900560863870659,3.03967407572684811,0.61619092181509294
-2.33405263773127158,1.5008020646248077,1.72719579225144737,0.461476662571437157,0.722851283494225227,1.41517518241291551,-1.84028369165250649,2.64315028999944568,0.367477273712627339,0.203505302488268341,0.489071133234618427,-2.04886295145979691,4.38809329912792467,-0.985803807571170143,0.816853769052374057,2.9371587537421715,-0.55413885266305174,4.94991406386146249,3.88669128250074891,-0.268172266760043132
0.780291114740563674,-1.41509406382805802,0.148049639392698273,1.58372074634141002,0.370692498496515144,0.948736187803198794,0.828377550532535256,-0.245551723774553782,-1.09795748811228044,-0.550095059906539841,-0.62332361161694283,2.55042824652083189,0.961153193181999765,1.1513097515744859,-0.799980730992052025,2.96561608131707599,1.2483869632218132,0.835938591961817856,1.32912522543586142,1.48620076651312449
1.04152395712315538,2.47350885666329612,0.742098552326320493,-1.75212449753867316,-1.54884181549836719,-1.75946268141005202,1.97939628241034504,0.15039217900280899,0.421318188213593459,-3.17815786883604412,0.310291441722313655,0.228602507659947718,-1.55180270061917636,0.769775416268957069,-2.29588712809576601,-2.15118665748610161,2.4377099642486888,-3.65750281622498052,0.215143281336735021,0.848437561540631435
-0.441590855081749223,0.223677159233383771,0.635237809542311793,-0.977745721669873613,-1.09776132343465349,0.359622107930571533,-0.58581696411367945,0.300943392625116657,0.665469603644846641,1.97014331608161064,1.62826406413837055,-1.36269847789564635,-0.821759469050322267,-0.459838171083670533,-1.10716461756194517,-1.49588543613504688,-0.132482084624360397,4.02805657734329081,2.62335282799073699,-0.326040250624533123
-0.649477227647537458,0.967185771306459219,-0.0929391764000144227,1.98529367193892226,1.27392720838817031,2.56500982802349364,0.999665344083239704,-1.19425726503264173,-0.100046847010882706,-0.54207671861171336,0.129077911035980847,1.36698714505660024,1.10700724259022287,-1.11907310788028647,-0.639237063869263711,0.562030176610179844,0.219679543019191043,-1.92549438504732429,-1.77418159287988586,-0.450789052532783785
0.835887005740360456,-0.366215032270469865,-0.136708379735231006,-1.26099434049652159,1.21230587303668735,-0.605623646842041952,0.126607699804233365,-0.318678532800114711,-0.572495494415982242,2.96386438690429488,0.203758071484035408,-0.647190167946709471,-0.383321570530988198,0.0965181210646025578,1.7589383501339606,-1.74349652319070625,1.61862184490365468,0.307052751557846837,-0.554063609665514711,-1.03962734101271881
-1.91062728155686057,3.31570636361336879,0.43026569555166122,-0.349306250209248159,-1.67049120474106982,0.85020533468938253,-0.122970077387468013,0.717771523286192981,-0.255646052472161101,1.85058250504191557,-0.706418257152359508,-0.284947498563977608,0.286451162119395475,-0.564575934288737868,0.0768625039579959313,-3.47742154135198733,0.778999541679088248,2.26249561008673883,-0.559862992236008994,0.253280880280344289
-0.448721669543347967,-1.92839276922795633,-0.630882157765921159,-1.90652421040284725,0.821278700747046009,1.03367103339798461,-1.78758154228111943,-2.00351639808377202,-0.870598080167531374,-2.00591002258241247,-1.78868664844650893,0.677972449604761551,0.266705831587984721,-1.15859105075685798,0.995671918504818398,0.942645446871748893,2.41678276473763365,3.04467464106482488,-1.22907087040883733,0.53531357997766793
-0.336129606664107017,2.14827536819034703,0.0272979248313770795,-1.50215626077219988,0.236723589020861935,0.341930607189769586,-1.01218274935387376,-0.0929452560227795599,-1.26443661844714472,0.822214268347646771,-0.552971743267810845,-0.365240499008312847,2.45562101932221744,0.434233959358800103,-0.422504154412810085,-0.510412664920318337,-1.75113707469166369,2.26494758029363963,-1.90296272801763244,-1.5243328269064147
-0.618291434371942672,0.480088552304538285,-0.677081509960037242,0.405164060216720634,-0.603755799861046105,-0.689940873028289436,1.63440929240794164,-0.494889187036968548,1.10025562615769723,-0.102717219668601534,-0.765503178326952805,2.83535132857546657,-1.62078789937355627,1.12716107760618223,-3.34889987598703742,-2.30924829498879447,-0.814016579721411948,-1.33023508738834928,-4.49859600889668965,-0.301906894456097696
-1.43032231588628855,-1.56914076327739926,-0.0273106639195050162,-0.662977179865772426,-0.280119722405575922,0.909238083667375463,-0.393715769967564688,-0.689142814864775799,1.25914282845873138,-1.63604899776006341,-1.47118193579282641,-0.0738489159676573026,-0.578946399467060724,-0.233829302055207855,-0.462338102924014172,1.74438179193553089,3.18007632800344364,1.5900189980610826,3.58088377590311158,-0.743089479292018851
0.626752159973919198,0.526283267192871773,0.604303469626771284,2.01571407547464609,-0.610006622724294068,-1.69979713624125695,-0.192622720114005885,0.839618302827200291,-1.15009911203129889,1.70998983482695155,1.03647950768410424,-0.121923867630219604,0.226406662774916223,-1.02758042741958167,-3.23118508266504634,3.86330439802601155,0.612231479967947689,-1.81415574551386216,-4.77668813682164028,0.821764253167661884
1.62151000216369345,-1.8519422044112126,0.933255469140094052,-2.03964196620533889,0.392705418818019458,-1.04555624026544103,2.02710001683562213,0.986393962594735108,0.712293417653504513,0.273264869912028141,1.07248348260902393,-2.23252374159382549,1.06404356807755729,1.14709606681660548,2.8125646456700073,-2.73720387584765046,-0.199723275967523928,-6.13554875375855779,-1.64208714908299336,-0.465406108871728952
-1.29787620153112826,0.469289576104284345,0.037183920746722457,0.206193077548233794,1.93470850754848089,2.17616860351378083,-0.907810143874103082,-1.41843264594754537,0.251396142267954648,-2.86168652317055505,1.00818352683221812,2.29393816857456612,0.0866886987003589043,-0.173047007135599978,0.755878043983699621,0.403763274491786117,0.485582389762338695,-1.23701079188098961,-0.90473095822592231,-0.633058364843228083
-0.19913904947465666,2.09045521025629855,0.509229736834271862,1.4828864887442581,-0.977238736864061819,-1.42018327234551878,-0.653662135414626366,-1.17755665104642571,-0.583799542769967483,0.348902894113960971,0.863177747415177721,1.01302678013031278,-1.83722480671282518,1.60174159934457228,2.73639258589631718,-1.89967263669972697,2.28783805198613521,-0.242053773975022396,-1.56308052217873339,0.734935181563281525
1.62701366179631846,2.09633923495887675,-0.0354363015116682806,-1.66924113320391876,-0.0505383481221081052,1.06350391560927937,1.5635120905968436,-1.10202189934783079,1.22856850672531737,1.27181252824371671,0.685809429378360758,-0.583311629729991399,-2.06876374041857813,1.55176661559978624,-2.56305573892078398,0.301277391535243022,2.34025753368030109,-4.60515798860245962,-1.25763884676693105,0.315395612046243168
-0.84439123365704849,0.843325202004652663,-2.71655858483065993,-0.112152176460813519,-0.153635552479253951,0.530648209837373708,-1.72344068913981374,-5.23920398230347395,-0.0924556159244723647,-0.990190022784252832,1.32251875169180932,2.90175510951204529,-4.63991545258023041,-1.03103241944398283,-0.937769079126676175,-2.89279089069917372,-1.40126335544030201,1.26382564101550465,-2.23507438401660474,1.76695124312278851
-1.49668067476905642,-0.417817536881034235,0.651864281817082114,1.7534507936162822,0.940315402567791225,-0.3698655668135859,-0.466669653092085079,-0.0516864699391274066,0.958973976826980379,0.317270160535000845,0.70815462248937977,1.96547487647819774,-2.15497265957732465,-1.70147497188880403,-2.2379714895924403,-2.79507378588266109,-1.58876139784899539,-0.376451202422783515,-4.13753687197983755,0.931573815823102169
0.479899239707046232,1.3459115121880032,-1.22114948898986375,-1.52321596121948799,-0.78979616454229451,0.268191021335230373,0.795364574625495813,0.0437774933130855859,1.98668408625642234,-0.988105745198474605,0.258322653376959421,-0.455433071587874272,-2.04616300955296326,1.88342241109497732,1.0580944731544899,-2.9535845832785208,1.22661660113033544,-5.18616074570819485,-0.570370206294770199,1.33997506798834132
-0.796776039676722947,0.887128633453547311,-0.182308933876918378,0.155770761427104082,-1.52848827330012638,-0.919034585800584947,-3.13446340191681605,-1.31798972692741212,-0.137399938083000217,-2.07926491059890806,-0.355977759436931218,2.62310376224819208,-0.430988554009172353,1.03582670383301312,-0.201256799675796377,-0.635034916273466421,1.04011994762154636,5.28181979858582995,1.25381344383568916,1.48086071378647177
1.31426296642608675,0.512029720655660103,0.687958303225220447,-0.622035076458392511,0.599755329774698365,0.374658359362796067,2.22919298128870835,2.50061607449036494,0.401363520463862034,-0.564132256965824364,0.695822401639287769,-1.7801628806351113,1.96276823172960979,1.50120961728461166,-1.51759566454801598,-1.35982772716696387,-0.828727888891363618,-5.0259374447499896,-0.330929419222116827,0.16104017870937426
0.698194488771948563,-0.323077380453154983,0.460371575557481205,-0.144390531010940737,-0.0447383307505519676,-0.236705079539565655,-0.148672863498188312,2.22837066907063175,1.18888890907519507,-1.75494744939254055,0.553199304998922559,0.382981406655561629,1.16317670327164957,-0.178470215192369414,-0.204271020307023904,3.966123414930673,1.47695701267119128,0.0481455868433971271,-0.924686475263958085,0.106868645602858886
-1.43357217280475813,1.86687128832037708,-0.50220265408281084,-0.79756893391590844,-0.0193185488346520537,-2.43445285288493407,-2.17130688049985476,-1.50974083785285007,-1.66148979692814436,0.253553202608645667,-0.96296810449289616,1.04328628479527663,-2.33854387321103729,-0.151889919405132384,0.288778586370870394,-1.03203166589461648,0.65012106675640946,1.84612785990695771,0.0825006175008689419,-1.08218351387695133
0.764082786208381326,-0.701746295393480546,-0.685051902681941605,1.76424895692944106,0.148987117033870214,-1.02433636995259381,0.0344393902449498593,-0.146959864310026,1.15233385982599446,1.0033999081546856,-1.10312028184567867,-0.775899434660799248,-1.51056838420206518,1.50086035891918179,-4.51062050943630144,-1.34619551094986289,-1.30722865368749086,2.38225304853707609,-1.59451582304575989,0.87650595619615701
1.94679320789864985,-1.33399100598557352,-0.309367310555505592,-3.2870260960991482,-0.661231940747506242,1.00122660648212336,0.315135564419748548,-1.25355593237390006,0.479375226174547364,-2.13361691063781755,-0.282583722933343329,-2.12210129697934757,-0.0930755724387876543,0.257305158208924745,1.70122957965257893,1.06360467815217108,0.756582264043387354,-4.29641746272703262,-0.454322703726535992,1.61319005190020737
0.756863576830797524,0.03143059761362893,-1.08090619166365887,-0.643581522256880589,-1.5092893232586726,-1.56020510976307492,1.18482011290043787,-1.22981742851557097,-0.694529973916214627,0.15125745592740375,-2.11068509583179953,0.202371701045249625,-1.88394691653999047,1.15707448229140009,1.98858804396294797,0.981391197071165955,1.35873837007501019,0.0428877674218478694,-1.58579313260334298,-0.690313837684196407
-0.0996300776760916523,0.175140325689265824,-0.165995228538076856,-0.454475337764741305,1.22534592455964031,-0.554699356945970945,1.09871416354955231,-0.514727031030919435,-1.69226665796182063,-2.41984518009524141,1.12386282706369345,0.344625202426716515,-0.943011165921000205,-1.15138662150422855,-0.559846474766086732,-1.70737867415959621,-3.55151152799492875,-2.24752078759787421,0.291590053825420026,-0.298541343622176603
-0.0452608393588473587,-1.10942341391485755,1.71379859079533925,-1.40038480315772773,0.165957747935962352,-0.230272112944931717,0.13857907617338483,2.90606367376882302,0.166368075627749634,-1.5273036182737052,1.43406586930279278,-3.04155397069500166,1.98496647464488074,-0.386453680971215907,-0.799426566886861645,5.10159901731749521,1.05465959996895742,0.113099544878154129,-1.66827614693881321,0.132271821386211186
-1.78239649760571983,0.417792547960442129,0.276069014835278792,-0.448092376904349554,0.386420989334742837,0.414842350514678382,-1.40092442711452714,1.841824880287249,0.253149112699840362,1.03416383996584016,1.1740061633082064,-0.483668468245951333,1.30265005984330151,-2.37189930857914355,1.65734198683950829,-0.595131985187179358,-1.687409041750634,3.12441316717752704,-0.454676522816066575,0.577409725812557784
0.37223380035694914,-2.90862693958080998,0.0965690508623567451,-0.201064679988128631,-1.53848110885994016,1.46084509331326595,0.392812746883256014,-0.666180813641273128,-0.189696310330636969,4.0719408090109539,3.52335239831712377,1.7076193008444065,1.76696883269769045,2.67928331004257103,-1.57683305807222673,-1.80737146295296203,3.93593161971061845,-1.66667157015834611,-2.38674107393220014,1.77641807676497887
0.166052221371184805,0.14997728816378797,1.03451548214820499,-0.558717053556986865,-0.972595284654914072,0.648685137026120295,-0.5595289867652119,1.18592324511758052,0.686028509691652633,-1.13779409585520819,-0.12511123636528329,-1.87593049262491474,2.21228631761835848,1.36292053424042225,-0.337608122524633181,2.06749492980906213,0.80567749734579297,4.47721653319614266,-1.32446739512780987,0.368749540754362837
0.50003159564131372,-3.38392976651224808,1.19348895899704299,-1.61502680361347495,2.26142824901669837,-1.49452143378858326,1.77180366655635413,1.70338743179146546,-0.613184021591405282,1.22399234313200411,-0.745600189497819366,-3.52355241416269394,1.30603681853487474,-0.269046968844616818,-0.711870192207400998,0.168616013457966479,-3.53188361577946974,-3.56933256905006813,-5.44686271352864626,-0.166642002634005193
-2.74050781749690575,5.14246920020013576,0.244742913777230203,-0.682507810805574322,0.776048994545066928,-2.59557622447092706,-1.71208330910305628,-0.361577166824008922,0.780447110696255164,-0.856143341895340138,1.12719774496220393,0.698506295119517673,-2.06080896506735689,-0.716912133246859318,-0.533890444300806122,-6.79260435394590179,0.890305835889233621,4.97049866472150192,-0.741556776013938657,-1.00477932264933267
-1.77504552713005714,-0.4807597114845375,-0.918281862733465903,1.00759335870010158,-0.391619290779940343,0.337946370387061212,-1.04031246907669095,0.605747233659534534,-0.538681994980024781,0.130545063569405845,-1.5511061539017641,-0.236869531396594307,2.3660898951878413,-1.23542806752425594,-1.7012044012213392,0.0974277526765226914,1.80292441578110374,-2.60638861312581849,-2.94897995297930526,-0.451608792379617985
-0.429727455781388046,-0.00605309239187981976,-0.597531847460023968,0.149594360700760903,-1.48683478425464233,-1.21447662674385448,-0.164847478245616991,-1.80755777377531013,0.510730012680325807,0.0996977266809341151,-1.09736769895565822,2.06004075989384416,-3.14549764164225243,-0.235947562596674681,-0.402520468921806762,-1.65638257536074573,-2.01227777051194989,0.379741736633179006,0.567622484016709561,0.570689038011403582
-0.241900097708032669,0.618807787661738717,-0.402527462929266833,1.14780454512551366,0.12761663736868864,0.463263112637162966,0.243989924942843522,-0.0937324704306616852,-0.441123158300389895,-2.47963698301338242,1.28324428389438427,0.295277838710046259,1.73871697723308594,0.79797446841284525,0.237473678395296206,0.757761323618196148,0.309224135142876999,-1.24303916694878214,-0.221994472497118289,-1.67786199136448344
-2.80872432656750215,1.1111174708696121,0.677476965595125491,0.820510267857424425,-0.83658659681588754,0.491154013694445779,-2.55830248635931579,3.46383955397909782,1.41216416833880509,0.1119456378941662,-0.610256079852073086,-1.304947584323632,0.826401659549913847,-3.08671094032547355,0.184564791125561178,0.804034807230719628,1.43179276497081642,4.87870103059635163,0.921513524812314189,0.93135504296030347
-0.30933440974488996,0.249650975902332567,0.156652837055602706,1.29364872169520062,-2.69716615670006021,0.084433059795413018,-2.10694352501237336,1.97317265524503149,1.18835665393274192,-1.69730245220392306,-0.0291929538208919766,0.562481137966695299,-0.770606229293960721,-0.437312526224197418,-0.44209731134844249,-1.74013397198336572,0.00972620688594679275,3.0339683256225265,-0.646133338220160613,1.66359600018852172
2.45273798903588425,1.43956565355341515,0.284426121624854811,1.30202862412732667,-0.0248680823832862705,0.010091898457135668,1.6752321454712189,0.173310359090080163,-0.00134169273107971089,2.60050615753143255,-0.301126547985618664,1.30573579089631719,1.65814136528587319,1.46200180678833669,4.81997609220729117,3.06001063193121992,1.42562954598154579,-3.07897463240651614,3.16823005261459745,-0.268309745530787347
-0.841444137009267679,0.274260168505977564,-0.237801204333788263,0.0657074177816558413,0.81378212808144712,-1.30843658427545284,-1.10392439416063781,-3.31958904178938852,-1.81913746154618194,-1.42363556495451649,-1.83659208756856573,2.99615831393292575,-2.56639735914684097,0.536519318745815599,-1.29850951079985855,0.0760528674292507423,-0.497811506369186862,4.84105414971860437,-1.12278197425347526,-0.939484060167323221
-2.28555458596088101,1.47105760773778393,0.302808927182609211,0.984417612590756663,-0.659023527183579705,-0.106514927824011715,-0.105739773376404764,1.70753339658793601,-1.4833541042685956,2.31299114393277394,0.653350799017624162,-1.09013455934518055,1.90689884536853516,0.919427343473142256,0.382650133819649019,-1.69750639731607933,3.9951254832761145,2.98226492255266695,-0.563969318412194554,-0.928512424486575227
0.330658791751259673,2.75105334880584795,-1.17437118487374526,3.20430151831754673,0.0549429723308807044,-0.528857188898716135,0.409705781686378279,-1.16774580147861307,0.542263110591593267,-0.264620374974255557,0.942072156943435379,3.10355555245239856,-3.09431075600289063,0.00110039066239458897,0.213617666514170551,-5.27800271418497768,-4.26689637034728886,-2.00701027132413268,-2.07850247931723819,0.583637828694285599
-1.68256764504881406,-1.04227254325113305,-0.700309820825317786,0.659659073279272534,-0.565580607489650888,-3.10450235970484023,-5.12334944930019611e-05,-5.19291772421816411,-0.557838357410632368,0.307067522646477742,-1.90503668188114483,3.51967348745393771,-5.73447168448676958,-1.14758013951550919,-2.08318800449722019,-4.52809025720717795,-1.66233213735567831,4.07131465446892271,2.93065683029069124,-1.33855793808690859
-0.900819089925466887,0.313457940227293452,0.286869571748332219,1.36842292788782038,1.06459958696368151,-1.30015636168612159,-1.83598662111145705,0.78653455592171917,-0.312814114152332068,3.79380400354356873,-1.85947174050409014,0.466028579710345725,0.781610581932761561,1.63630519348621184,-1.09417608004644329,-0.407734870111921777,-1.57446543492282198,2.96705859420209483,-2.48428686373148366,0.0769157673583754503
0.113828286554063504,-0.038395149024619539,0.410935722244683443,0.0634282174478281308,2.04621453285182087,-0.490696043616666189,1.08112601138407816,-0.8170605008443933,-1.31400154609124842,-0.760106435499386723,-3.00078829001987923,0.118998070093289124,-0.478371788102688489,1.69717679003108168,-1.06400025375469265,0.992404337365336064,-0.481799452542624795,0.160978950830841488,-0.856542543777858989,0.661518823163133152
0.278254948060481677,2.74986716601240788,0.799318951894133489,0.610602722447515123,-0.625329466175267523,-0.733268933257748112,-0.882476544451046507,1.33085854466201337,1.4307182607966582,-0.671536955474943076,-0.647464006241215251,-0.814581836583675778,2.86507506016815228,0.0812666974029800093,-2.97773039773072989,2.01155620853211792,0.577747880684532977,3.50796189245186207,-1.05934179819333596,-0.13609320781179543
-0.461710328014675875,-0.872746770005533801,1.7047276547197443,2.42031990780293382,0.701414911604830826,1.76850345366600092,-0.434674835156154793,0.727657292753102203,1.24220574689256757,0.0327363143664474443,-0.414754310080195532,0.341268530862985864,2.65442115592077155,-0.62422817462564173,-0.489598223210985117,4.30674780065159446,-0.531280291485399903,-0.263436552144359903,0.204590378716430987,0.378817707653721303
-0.408241548143213784,0.812171180244929736,-0.824517666399359972,1.73790566855249184,-0.284032411725658795,-0.876880320280434389,1.37357924744665216,-0.485087469473132971,-1.35168749746422678,-0.395278495397307417,1.06300629249661704,3.29600428079545527,-0.0253894225174466984,0.777077799276248871,-0.963018749881122793,0.510371592674517705,1.49130866124250905,-3.10687468806684164,-0.522428063823265121,1.35142218234967282
0.0684764830138466229,0.718684912501965201,0.507656671716320895,0.305009263127578589,0.235259131868272048,-1.2946352986082279,-1.06722631447655192,-0.708028156886871596,-0.140800412002526881,1.81839744412483872,0.624934155869798502,1.24049514538039674,-1.32757921173897486,-0.38522087165516905,-3.34484548716605046,-1.66443046447935683,-2.09742317410076673,2.12566391604637728,-2.02744869824290497,1.11077536636582419
0.413133208667308294,-1.61582568873843702,-0.0251143360798117068,-0.536639433478778627,1.17597629768483136,-0.73967821472571138,0.994117132724172903,-0.571307156575652786,0.804340269306327293,3.36967219727841627,1.65136678612845311,1.15850840799955268,-0.280497425643306764,0.597348442292088277,2.34138833851748096,1.71945530676936209,0.983583659998051973,3.84208509019084365,5.49258844469614438,1.07160631284798802
1.44568521234891678,-1.34697486666911415,0.187349953827060489,0.662378409971929982,-0.186736556997303543,0.624708293004150095,2.0077202449279663,0.105785564000928159,1.19044222084584317,-1.51360034391910037,-1.27185315099702279,1.52466950052775352,-0.391244891084663871,1.38841064908770262,2.78098038712055162,-0.490680887181716097,0.674081531120640176,-0.241712605372106093,2.60953037161341639,0.589526923879653664
-0.864482794015998146,1.57547718745313214,-0.920790489498738651,-2.35938938036032564,-0.654618881973318523,-1.08906868103769972,-0.0373887951129219243,-1.30256287262236325,2.27059235376534829,1.21634496335663012,-0.120638957253890344,-0.784219414205943766,-4.49022599131998756,-0.61151166790950251,0.927332387242725487,-1.9871909672100132,-0.632349629029748672,-3.2125901590472612,-2.22148690522217374,0.221820403254762294
0.312892371746875897,-0.692326539575247368,-1.55578398760195546,-1.28383609814221789,0.522443021115934325,1.05416508777278484,0.309365429535568337,-2.64636748689313039,-0.0730417409506600862,0.824277195603395074,1.3816788351313718,1.31611161423874345,-2.16397357189333617,-0.0630766614675149079,3.78413884309590021,-2.83523918262956975,3.09670109144131533,-3.591044538065995,3.61620126000540898,0.533218576849612158
-1.8394803852467092,-1.05109197297688484,0.14967995949820101,-0.671939828072951384,-1.91302887996052684,-0.415275077469956178,-0.834118584162444443,0.0590974773199229725,-0.948972456629481154,0.520648903820068898,-3.99512452623281833,-0.415241610183935794,0.99110179339901272,-2.39307270000047945,0.473867952648672708,3.97735501102715894,1.65427376441635632,4.08026624374420344,0.0151029934122075341,0.088882719306274921
-0.649740120768807272,-0.692988997619575553,-0.705446933086599004,2.8630334680637195,-1.31448478787043954,-2.39373270945501382,1.49259758151769595,-1.66256434936723285,-0.322345615603884694,-3.65084575526299782,-1.48590392895354562,1.85568894967292808,-4.98188708890044207,0.76441394565292653,0.368809597837094716,-4.20894917844404404,1.22525986125373065,-1.77659802532469979,-4.240263791705285,0.0988887940988497915
2.341431580366089,-0.884979093759980517,0.156551806424206047,-0.822823562543690379,2.16159950653245581,-1.96507503298266739,0.227408267061137898,0.698761323229871611,-0.263411836793985832,-0.605397613570541449,1.51782040556149256,-1.3653719224163956,-0.451144669353740924,1.48343755453983439,-0.627941796489121518,-0.0773343563489320013,1.44366914907131516,2.25263158394407981,-4.14599874629385479,-0.942991628804583759
0.568501957311462691,0.0531519566513745725,0.268301085553433127,-1.00825994988408452,0.0716151950302012785,-0.289611643827284992,0.884600423491633481,1.7368318638804463,0.25818753503982228,-2.47275681796403335,0.395260570626614405,-1.0570334174097118,-1.06390495254118678,-0.219576541667660163,-0.584099632651549738,-1.43267603107372166,-0.774397304895455107,-0.130697861030588891,-1.62013472378663059,0.238267953292730317
-1.65296497980758761,4.53462123752819402,0.560107424758941708,0.328493801089772997,0.397351256160949906,-0.14642087658027611,0.0515971378109474701,-0.188104770646834646,-0.243159266745144598,-0.181113582502829912,0.806618052151605647,-0.554446591515864728,0.999882674599135712,-1.34347952131834392,-2.39309720259289449,3.65572648929305055,-2.13930178146134953,1.03541257892365768,-1.12939798035067795,0.785518997102026106
-0.138737057682513543,-1.41419997636487271,-1.13087589919419873,2.22540200016668432,1.48755339945127107,-1.3529082007464015,-1.80036996485982126,-1.55063956262517522,-0.232432188965105702,0.0777723348761550082,2.12731112766516839,1.86079577783995376,-1.74314230194518216,0.159820726480817771,0.0280528029952410753,0.778627913003493433,0.997115948159817078,1.78075163492154642,-1.14751388434684087,-0.233186087022557886
-3.00974329438630628,1.04658078950729561,-0.3433004841181308,0.318528132159026645,-0.685667013965591043,-0.70454745031655841,-2.05260438356085251,1.48755911835344978,-1.27729974943497226,0.564433200538773883,-0.457926200799743666,-0.76321034826011358,2.8642575555188885,-1.97097337642859327,-0.565479394001968005,3.47303881874476295,0.698414177983039952,3.01252928948890197,-0.396249094143884761,-1.07927861401978742
-1.222672942909792,3.24658587974067858,0.168033574104378997,1.43817050195484986,1.22382861115779717,-0.197948008168067513,-1.41912415361400601,-0.348619660020773547,-1.20333896894885761,-0.0683063123715689363,-1.40482843512772781,1.45550140987232579,0.679406939299943557,0.0761293604326101769,-1.43307602415817281,-2.91653287037586839,1.69041825766212317,3.53576842384047474,-2.54413431121947475,-0.621405238492230172
-0.581468543318158892,0.437838920234033646,0.585540347012101337,-2.94921146441417026,-0.939153642166025926,-0.301708926485526774,-0.836850011150006345,2.50744499845952751,-1.12906005805852483,0.42530998408135845,-0.254651202370210272,-2.48617399697279939,2.49386017795311243,-0.935348608472997278,3.57173023138331125,1.05139170079816124,4.34083793446782895,0.983705033898706449,4.32608032569151746,2.00846603581787164
-1.68032354406046625,0.957682049370472188,0.418951429871175174,0.330903671624301787,0.396476286456596994,0.701188725430057724,-0.0270136414794569756,2.00237995605401142,-0.603391760468980687,-0.744500863550598968,0.59598820234141181,-1.06318869187918619,2.06482846276973486,-0.222512458578817768,-0.389387931649391006,1.92343487736041596,-0.304140567972048581,-0.463168456320181499,-0.293514028815789862,1.11900921199507297
2.30032206852020771,0.457060223033778135,0.18622900036357537,1.16506624677210358,-0.4770697059456383,0.626498675559665541,2.17142568695908222,-0.654331694178406864,-1.11221922085663261,-0.625835620259110104,0.357450284733227541,0.908791874838582259,1.78472739598056362,0.159272681932299265,0.336936465295336884,-0.380641272313668511,2.01515731213815119,-7.07835897266091951,-1.17762716641552934,0.183297026205257785
0.0232080698665712397,-2.04261361813743259,0.341430388078093672,2.45571975255496033,1.59886781665115074,-0.661454877987959988,-2.20511984666358085,1.07290429139423882,-0.443836647932105699,-1.09945633594068926,-0.538836520978928091,0.731702326214279997,0.352898138238402437,-1.88031707822645,2.37887374694936637,-0.865546652951608264,1.70744368984525008,2.76422139247035403,1.03879257115760559,-0.921907056663417102
0.76877346543781111,-2.89432087963120654,-1.00978647178291814,-1.35338092599480864,1.24575673338178405,0.766847796373287482,1.06448884722758619,-0.36630534010305682,0.534751020537259092,-0.94984003153797103,1.39789811714555845,-0.566024486063271937,-2.5652915715695821,-0.380480725892633098,-0.0555450729141789556,-0.0602311601333992835,-0.638298339493853506,-2.55934051417083275,-1.86921636024909099,-0.0563685536289777744
0.229776581260790258,-0.291909187877509912,-0.0056927161543420951,-0.691037124097669708,0.622804021208196223,0.250768547428467214,1.94696546329707698,-0.863933626390996356,-0.369703318776550216,-0.88561315726437273,0.602805191633393522,-0.700925418639097408,-1.02396554039401289,1.11688710218241605,3.97224188794866295,1.43471235246313311,3.03998664275110153,-0.214340567855237502,3.75804339687522404,-0.028026753316573106
-1.32279183563703451,-0.647541896954616059,-0.607694049135776515,-1.41609943339507782,-3.5799779662181983,-0.563580492684788603,-0.71991985928115243,-0.437141707615165354,0.7381240450675981,-2.80757133364102485,1.68203054284226128,-0.972532599805913001,-1.42904983040989064,0.941003466935711574,0.477853587053671369,2.09664413456266097,1.62789539419548634,1.78714953494328688,2.08518790992002279,1.1695168270366032
0.134412437904618293,-0.754351749870359356,2.61612931894131018,-3.34333608994870746,0.779836485353140763,1.71364820950201113,-1.95620582993530956,2.90815310033673802,0.46354146033456245,1.33608329226845668,0.68276266948865072,-3.4318799299129612,4.41911110874435487,-1.18111467039979923,-0.618727926788256943,1.97393133933994602,-0.820365855140942291,3.63871601789441579,-1.53452520934755765,-0.55709911611771179
2.31028396928469926,-0.307145545670033104,-0.547212094075679167,-1.17501684872457024,1.62400936519452022,-0.150565613537026188,1.26918169770834477,-0.144920363215514658,-1.59753580065072942,4.34491332635565808,0.410747651578466488,-0.898730103992180895,1.30436109230938646,-0.621479278824474846,-2.19809598121023608,1.77095887259694962,-1.49773319818653361,-4.94461528334293554,1.67277693502642744,-0.595579420424818151
-0.555659064451930362,-0.0878070390142323132,-1.1080124040941155,-0.560095714179586701,1.35917054963736006,-0.167250378315900561,-1.05379418416418291,-1.21213822421857098,-0.0624999091210876254,1.13600845631579572,-1.32946824607675773,0.377448863329116868,-1.36735508613551926,-2.9440260338677513,-2.14222172464004812,3.8240148259994684,0.0881147963148907198,-0.0628734203466349423,-1.62311621702114928,-0.692965396018761948
-1.4317748705900033,1.02598516349828572,-1.51718487563142257,-0.921222250291212741,-0.542936115515783246,0.046931315556025463,-0.443344798856881217,-1.80014130134282224,0.101489932006637015,2.17263432298800563,-0.49816415472848502,2.25200069003417269,-1.24433392483519367,-0.979736001812436919,-1.94932603300954321,-0.146601082668183391,0.17771037342983631,2.25266096601300969,1.68676402121926206,-0.427797994936234049
-0.437258433803604185,-1.49173546576515936,-0.584131513733474272,-0.16704744007161107,-0.532212046153389462,-1.45806011550210335,-0.327962215560911097,0.947902584300191253,-1.4464863348156396,-1.20931932283768795,-0.735592829379090318,-0.650159076296982996,0.333027380143126772,1.28516722117450533,0.930500502400432916,2.57724376736931715,-1.15603506821009439,2.94721986074997844,1.36218300818059435,-1.29547218923002649
-0.614063861600004923,-0.594189286051318488,-1.97379648854344958,-2.48006468240495437,2.72956967462115063,-0.105131658118741991,0.316861845539941955,-3.62864862532143517,0.397417540802939562,0.434289202205976332,-0.600145758077480052,1.06186221902792677,-1.93813713990415026,0.798943457784080602,-0.189949450209092735,0.960685720651838659,-0.0763647809236944614,-0.213356005795308445,-1.93020515668007797,1.36712030367745951
-1.15420597236871969,-0.444009371779713891,-0.0138550932933084788,-0.922328966535127859,-0.937014294350005716,-0.230504085774186102,-2.07588220635306264,-3.30127640510758669,1.48059365095322049,-0.807373437271252326,-1.19791330939721141,1.13752988833474467,-4.25432849211465314,-1.25979711034352682,0.134072092223285033,-5.24126420238169644,0.761097343016091887,1.53278555133489092,0.179783108895637839,-0.0222971123029064924
-0.263605118883301848,1.28312665576425222,-0.314799952554099094,0.147017613772992634,-0.562740355664119063,0.847793441997188535,-1.5539376161440337,1.53882240372078094,0.306648207124220196,1.26245453465288637,0.615179212599266667,-0.313480082787321035,2.59488702827160322,0.826135231130389447,1.62177156905262998,4.14214522171309873,-0.0836324269798479486,3.08330092603803063,-1.45640785941300344,-0.449019269838510426
-1.12795174866044845,-2.2693478780120695,-0.200539248654637459,1.41145107939975234,0.320103977289941277,-0.014293835507121138,1.15875070740868025,-1.90231311620636734,0.421722051092251415,2.67360673743863098,1.46849732109644138,0.462597096146963593,-1.50732211564037155,-0.844584534559372435,-2.01396505117994007,0.79707433586784493,-0.118552487840520498,-3.72537281742857163,-4.20335948571227203,-0.936539005277618131
-1.40840212046333324,-1.32164386067802031,-0.827403229156000064,-1.89185560331685299,2.07245809523319835,-1.6219654556932499,-0.0404527370999569549,-4.33353004661309882,-0.385095165542111317,-1.50511168681008112,-0.885694711121900458,1.37804524884709423,-3.14907268823369746,-1.2486971795817623,0.672635793053314779,1.0420050768339848,-0.85031974489436668,0.924863125962079646,-1.33477195399856319,-0.149700975091961896
1.62245816689753797,1.05884565562734245,0.465574032411079142,-0.213919239600352196,2.32031546928811228,1.24798382021921284,1.18605489204615577,-1.0382598863181336,-1.25454812772832658,0.487763182502065518,-0.583422433532516438,-0.756062939099110154,1.17425461996257519,3.52642975156211769,0.948769652005236108,0.165489133877494421,0.527582356771845062,-0.75500105396885786,1.95074868586595307,0.722177556406727317
-0.285663437628177974,1.30410112067431072,-0.144162694903740701,1.19335811511915835,-1.54082878427987136,0.459757443973826396,-0.626297438770170412,1.03917106129552206,1.08301007955216,1.5455206190662063,-0.710536658186771475,0.772758447725513831,-0.312864948474825044,-0.206637825100797257,1.49430702907017388,1.04364058528677073,-0.334420095894052638,1.74801806959324191,0.699557452791585099,0.349208204865566474
-1.70717501137734473,0.635051415200206582,0.0544488340605463264,-2.25262084455929923,2.28173435523822654,0.184475194123451647,-1.29261685908437629,-0.261467821288661251,2.19207300929239768,-0.588989839812829818,-0.0460625628799180009,-1.97130500285051968,-0.166791812470631878,-0.0664601964799726164,2.38523731258136529,-1.32014770832620965,0.918211757727607436,1.53431794670151866,1.00858581153399296,-1.97018058019374531
-1.3271707258596166,-0.881370983551687637,0.874264379141345693,-0.784742290403166676,0.53866305118356328,0.573861121732408996,-0.756946689450821109,-1.65161765451684417,-1.96202357420988771,-0.6273343664051938,-1.46388722366029733,-0.607406743035185048,0.847580092513758987,-1.63085193651684279,1.90707297599667913,-0.988540287100809101,-1.72385562147064686,-0.604454416671323269,6.43089712315018769,0.430527816958227949
0.42910540005841602,0.000967890409900913564,-0.411420366516398295,0.663130982022088977,1.15462951248781942,0.76382091739240543,0.999470449384038506,-0.72169252704134923,0.460651064420028955,-1.90891939249280118,-0.354036932403279769,-0.214864540328981085,-0.676979264940449355,1.53868010433528868,0.312026332668030315,-0.784324262720064502,0.178747870499110201,-1.33955801741052749,1.20310373293694695,0.171032143183698304
0.467061660380767796,2.90908983055643011,-0.178368649693727427,-1.17980785022913559,-0.306650746048127976,1.44654233668827947,-0.240102252692550117,-3.02206295456206453,0.390653776480940185,0.808825715768190845,-0.588771005262717195,1.47318696926047088,-1.8050596810036823,0.258512498687760273,-2.8273535693945977,-0.895023288526968219,-1.30952605148492496,-0.201976425849303171,0.759630207450216144,-0.834119216111254391
-2.98783585266809437,-1.09899257886411417,-1.91484688413628579,1.61866999280341628,1.79838643780915231,-0.601117667889375262,-2.35272649292892666,-2.86957858540535282,-2.29740017479113323,2.06812766284244764,-0.198182106421896431,2.55170396999992954,-2.27699068293822382,-1.53768314369337911,0.396449125202022412,-2.59448852029825394,2.23358438392005576,6.35185223276054511,-1.14821779833469839,-1.14516253896224796
0.610822374385951217,1.56927883264992141,0.0531544481390953186,-0.604769123094903827,0.960009706695853948,-1.34922843243646762,0.951912700327487427,-0.418863314500219963,-0.384741946077411856,0.995291535796154148,-0.200255879837569206,2.37845963135979854,-1.25209440411688666,-0.396092663775395093,0.200123279930347203,-1.79701400532139388,-0.515048124678922026,-0.201327205856405289,3.74691418747275096,-0.652585915175494136
0.28676807870785892,-0.126336751136023606,-0.50882131945964304,-1.31023700859090342,-0.220841601211473892,1.05698322338709572,-0.745320925501625653,-0.0490731768864173731,0.468643224963704086,-0.567631195759271234,0.469293508499049494,-1.47295252583818881,0.296406472800072096,-0.516444873905166357,0.569657330072470214,-2.39384049274452959,-0.0720879069394446542,-0.401117830132088515,1.67867070197537993,0.879248755411945027
0.899569622998911522,-1.41617130684469039,-0.824196865202919127,2.41919850801756597,-1.42441677054648475,-1.59068012517332669,0.544228417192285652,-1.09448949243498572,-1.38006777105441225,-2.56957516434172639,1.36315216584831655,1.89884154507868641,-0.643707295995030959,-0.113891384845728347,2.4740011993053046,-2.06830979270838711,1.15265141016245654,-0.0535887492550245065,4.62182258450447492,2.26819026319775841
2.1419899925023298,-0.594347269603388462,-1.43335082833692651,0.834709621699503246,0.568629761767807662,1.3256844744976366,0.734557781512026664,-1.78591734515093603,-1.51098386671813789,-1.81526461549742368,0.134938487603265711,-0.469920337032796065,1.69071430978142478,0.660675086935667788,-2.33804379520749617,-0.849376562193330353,-2.76562721136379297,-2.02783937988644292,-1.51500317293890996,-0.272094508467556562
0.450031432150349908,-0.580202015987205111,-0.436568812415538465,-0.859855552870193107,1.1205093634901484,1.11034188773384557,-0.197350894623459922,-0.912117500020020122,-0.328359383824678386,-0.513671410012881635,-0.511899497672824055,-0.316128119584078715,0.973802579817133585,0.060549020471638626,-0.799606302447319561,2.07544557504288285,4.07827646758457973,1.44666195419274701,2.27174683791483867,1.12056467522932679
0.475877950328416843,-1.97510077912086657,-1.7756960489129987,-0.876274976022369589,-0.616988014312893962,-2.05504708059604413,-0.369312632951946052,-1.39021597120239071,0.162014196206533512,1.10034673867114074,-3.05408269942618871,0.179319728429641029,-3.63727002567501945,-0.268173126906639359,-0.907210477211972788,-4.13765806725584007,2.52147184578905303,0.0163912757555535402,-2.92796160533634042,-1.12029703130967673
-1.94189424626283325,-1.23747825283456181,0.425773181955750646,-1.17154502905940539,1.93716669493506455,-0.506782668878908216,-1.37061601963851021,0.472015903964599193,0.589540145608745347,1.70706913698342433,3.05424074957671499,-0.99063112113812235,-0.534454467803951783,-0.395541956618327528,-1.18092624622331521,-0.62500469989316465,0.715238831718335244,3.1601135622102734,-4.47308376901140736,-1.34703121836003015
0.0441367906693496334,-1.20215133701688304,0.0896674962557885147,1.66604157584070989,0.642908436613509271,-0.727861451487189615,1.90362101125786354,-2.16270600388957357,-0.130337152668864337,-0.529691499422710432,-0.858370278220947136,4.66221889428822589,-2.44264275487990501,-0.179877440836365587,1.33095664687555804,-1.57330125978052004,0.899416193958505361,0.853944546960589412,2.96051293865063769,1.08959071411052522
0.177116531888255019,2.32714899183928337,0.137980666317076506,1.06854300644012778,-0.0341636628667941686,-0.563918937063366377,0.300751679474144606,-1.27518438542772738,-0.238299465975128993,-1.84018569753516914,0.99120878154977976,0.322667904109716464,-2.07847441057706206,0.801160268192065872,0.0475584097636138417,-0.332808799666595878,0.0370774647963962797,0.399341111236822199,0.726040422409933495,1.75007023157947739
