-4.31139823389522281,-0.81357541754013496,-1.93371112920042032,-0.998657957294619703,-0.431194326179533072,3.29472766339128365,-1.93476138731925995,-2.61279179818543206,1.73761733894727133,-1.18011939908615249,-2.66648797858778819,1.04824333249751667,-1.9423047852076869,-3.54409266187324423,2.76797548026475315,-0.396362215872133439,-3.12193141375739946,5.99624356057823782,1.3885109137686229,7.99282344176166237
0.41164078104131524,0.412587280257103839,2.58948234924329634,-1.78321952301295905,1.08105026350960398,-2.32011657349320455,-0.35362152090323945,1.48232832513070112,-0.402290622590709579,-0.574800856056471465,0.894391337922559537,-3.55766712147060726,2.23327908000248954,1.66026797237697421,-0.786619456583231513,-0.460769261605026126,0.758191869281091613,1.56807449026216728,-0.172890796730186758,-0.530841403642987819
0.843540325025912807,-0.533576775569746142,0.12399698240796668,-2.28640067370094968,-0.10549461648575699,-1.03855355288104079,-0.312652568361742045,2.3715786077315415,-0.485478905091070556,0.53501426938320884,-0.316284634485890004,-1.05579273398841167,0.906839228871884506,0.572979836174176471,-0.108767670919621445,1.27728732437831494,0.538594648275182775,1.62732554756901671,2.65324692869039636,0.75351065340310075
3.21661779742459952,-2.08980468432910449,-1.28678617616480961,1.45792295194077881,-1.82898907598917648,-2.14811313820039018,3.04031119705012776,0.372356146521666154,-0.669620713015888325,-2.92053078382058118,2.84725430904129473,0.677340993368825361,0.334092306507947523,3.98681431432427535,-1.68505010578323411,1.97623844781429159,-3.71461862391392161,-5.14678559539215108,-0.221590760220170685,-2.17655204833375171
-2.75398341201455832,-0.643520190088790245,1.14095811044817363,0.389065388475057505,-1.27849322115284325,3.60483323181473381,-1.71824266565947203,-0.674103151373482201,-0.984338141327747551,2.59916057936004163,-1.33305491418267841,0.600486739525295965,5.02758045510167939,-2.92312234651630032,1.51565147443162784,-1.36750651281184421,1.77223340215032121,4.760708858507952,-1.21879960048174962,1.22605484443592228
0.141464042368355192,0.565920741625792423,1.47719188347848607,1.94936040701568714,0.268479894172677702,-1.23824330858607135,0.470652045531470498,1.61641102689320459,2.55246703605899494,0.172289278119032746,3.11526127756513249,-1.52425246914053902,-0.77881491847775397,-1.40756747900983936,-0.272149905391173896,0.928577259616155337,-1.33376092832934856,-1.46223857905557098,-0.852869246058049701,1.95078584702574842
2.07047024637464983,1.54197817050025532,-0.698505055929585783,1.92943702096147462,-0.394890859775341663,-2.13944579447400596,-0.0688736196458298588,-0.990065822615792901,1.31109233395992053,2.44316851588132744,1.45423655519677442,1.92414726888413989,-3.89715679309345697,2.37223276808548844,-2.96308271534040202,0.265602190633581037,2.61981590731364555,-0.874199699452972045,-0.0889249321599672182,-0.373086872940132597
0.819872301193866115,0.575649013179084568,0.526896782204347436,-1.49830134709797047,-2.34231366805108365,-0.290633528516288819,1.25511294652504124,0.448909540785533023,1.47968157020582547,1.24530234839876863,-1.54253906604973734,-0.897360259267060201,-0.788813439028190566,1.59470708814233686,-2.61550278833346628,0.89717322032036706,-0.516315472081696036,-3.02861202698418186,-5.93051411780975535,-0.252062397415973916
-2.49827244834131923,-0.507071258856767848,0.14414233160777315,2.04462617390762658,3.39041511791926675,2.62070165025866864,-2.28963262100970111,-0.793386489168715348,-0.620036291594871281,-0.637562697905324494,-0.801972425063986583,1.475303551948,0.0321056400059843913,-0.80420634673597946,2.84843364099241336,1.46433418822645822,1.22079034884858317,0.572636455812116973,-0.780343350544851821,2.84932992697925469
-1.7594789331530849,-0.988433242507336995,1.57395217729407055,-1.03877862667871335,1.46915300521238268,2.15667892482623769,0.351200808883531501,2.84556407664049926,0.312207099410693079,0.344836098442535655,-0.0446081195487688723,-3.98267424408366155,3.61167975300995492,-1.67977759925222414,2.02782673348426767,0.648893558239643786,2.97379599877530243,1.50548596902499843,0.209402754815338848,2.50966732421030869
-3.98584078813370857,0.026291006835299658,0.0693668696837793086,-1.2597968933803283,1.51947786373616722,3.63225729233303429,-1.49679592085497459,0.488197742299250281,-0.165078091411404254,-0.0345646006514258933,-1.87990146979931305,-1.06063290960876366,3.68884230080696129,-1.73911955098706517,1.6019539442136741,1.11539527684871609,-2.16108597941653047,2.58305160550210111,0.618554328935828956,4.7924704447344455
3.48327181627751203,-1.60803713964794226,-0.480128838651215861,1.55368197032035549,-3.90205156104251172,-3.42067563320340895,3.59200384027430886,-1.91289788393644233,-0.934419851489069142,-1.19182389143476852,4.12488586145628666,1.7287670713162222,-3.19431875169984947,2.79674608647394995,-3.91786587366706929,-0.215950376161559321,2.23942169681049563,-5.98448980856574764,0.369713244280329034,-1.67830407588291641
1.29587818348566786,0.0305509368896370939,-1.26701445296646797,-0.474397048386366815,-1.57621785524956004,-0.0075283441794714856,-0.97107943573819866,0.0177562361596633328,0.133377735566341388,-0.318077376481749441,-1.31830683774283464,0.704327506869269704,-0.0215802817698953313,1.90376563977376279,-0.286264058415669098,3.92338484534337928,-2.52282569145906077,1.05476113558262763,-3.71372172737022455,0.989235626218216701
0.597417764577835353,-0.276772764249619274,-0.239381402025182988,2.42313746365279403,1.50650938150746949,-1.88913637773561094,-0.131823437917192254,-1.25660278630651034,-0.936215496309554474,0.153589229325061388,0.852017815097329434,1.04792735031935469,-1.81598021158249834,0.275208900055440409,0.469204938009699035,1.22103007492121041,0.518634259354831539,2.03258496848866654,1.76865925938175184,0.590621415616209178
0.140945971357091276,-0.379398714044888896,-0.171325275964720108,0.238383698189380738,-1.6267663418031284,-0.694570599098746078,0.996342066608188581,0.652230128740639237,-2.19175418163929026,-0.800616199181258481,2.89447999121433552,-0.969170808803523132,1.62260656378970092,3.43689251450828515,0.885558152171520119,0.914819513035397991,3.67063802624133872,-0.0320601277129219028,3.36335435558546392,-1.07647418358938673
-1.23823276093371493,0.45514778429141628,-0.674420841284954387,2.36595293730118472,-3.39165444196128396,1.32843878299739737,0.391278539599584863,-0.403127119337387152,1.36094924804596151,-0.986700946275211543,0.877146394720440536,1.28431358585042132,-1.58929963052235168,-0.723255721774519356,0.569934560784568722,1.4709625940395894,-2.3108459372360719,-0.56708827124476513,2.52490191561717614,1.98891724333940245
1.06993129163613498,0.845924044056185931,-0.244072378136567042,-2.20475910962408905,-2.21519868105557105,-2.16458243606792244,0.563350552905133806,1.19164394096248505,1.27748359750215812,-0.503973622482629668,-0.258320576250897216,0.276860114966429316,-1.92772753370865857,0.774156125828246333,0.447692872775604933,1.14679055196155155,-1.28744289242176402,-3.35320277866143623,3.07576691333348196,3.8274665310295557
-2.68296205837288504,-0.322616264578265755,-0.0148194073004481782,2.96606396835728647,0.406787383005110081,1.9456007585655879,-3.48789641578785758,0.0527997948078694213,-1.50185355753177996,-0.016583280732370892,2.00713415894627367,1.0353000580542584,2.54739952367096034,-0.2753422055604135,1.30387835468195989,0.195670915836666542,-2.74381701692521451,5.26038028586220374,3.23130030506838173,1.67863376969669043
0.327478084001770975,0.22113756417365224,1.21806707331749631,1.03890302784781285,-1.78022779255886121,0.208348701657856655,-0.335458259285973948,2.54610077183549732,-0.578318047132304613,-1.28980418624917892,0.807944646292028001,-2.71825574513401191,3.67759023235629501,-0.793410056370954964,-0.363272284274686219,-1.16466358514550716,-3.76767649174737818,-0.369944968247120587,1.57814837552975495,-2.47102872093406445
1.61952362764472069,-0.348727480705609105,1.00377933441921452,0.570651659951094237,1.16135234512318353,-1.89263279712591737,-0.0641741588371602667,-0.973338380023567984,0.577862817571387244,0.0236312243345070117,-1.23094688823282428,0.327509329008941308,-1.44494461361992843,0.71264602519213982,-0.580699305411930933,1.39126826186823993,1.08206614456990491,0.604202273466613371,-1.41891731985380121,-3.88446224762867454
3.03436108094912571,2.11352607559523742,0.991804132176762776,0.439373413553574621,2.85898992047040279,-4.10334026021413578,0.226323441165493106,0.699182215194473211,0.519017485776849363,0.557238690980334406,2.11171277212935982,-1.23216143959576496,-2.75418648184790049,0.665905162586012733,-2.82283426860274922,1.67610326961527045,-2.12913992630557347,-1.70004701618906218,-3.8198633707509182,-1.60187179790527567
-0.4964433112032135,-0.4390528130898399,1.35287869302104036,-0.065923128069662551,2.03807893356135672,0.0746580573385469265,0.194881224922062363,2.18665388358934543,0.23475599811750808,0.298465394157508723,-1.49857405964460555,-1.56804741503078904,1.18803207361593866,-0.885610409157344347,-2.00425994460748047,0.169147065411849734,0.082577211407943496,2.53951713694144443,0.825976952629562611,-0.0979847725914465145
3.07203664046516511,1.22591051286985797,-0.0704914183075448647,0.141829571507572416,-0.81272444706926561,-2.4425952899071115,3.52154705166974047,0.0503341920590535466,0.76643039074465702,0.336102329656412402,0.533671400299823628,-1.22526863817521581,-2.75956041092452331,1.17132746322792736,0.0129906833533076256,-0.760103887482920348,1.82597014048027972,-7.63130244144915704,1.60839077057099189,-2.34130708476817517
-1.57668406857055277,2.11814754233673908,0.683796619309900766,-0.589046598964157786,-0.166389338480299881,1.44115440361373626,-1.21113874082847817,-1.39299259750541737,0.0871263044778135959,3.64888723093387446,-0.506294566301079385,1.31914425622911136,2.43284278549788002,-0.7478326612555658,-1.6946730444737188,2.96220234926496451,-1.76945243450460188,3.36102760251503163,-0.508123513588975673,1.97964539995059585
-1.65472995612881735,0.824690741334447086,0.587691782063625268,0.153323086705872386,-0.0609940067819659468,0.747953635158858043,-1.15702675739240068,1.41498090345932592,-1.47471248675079547,-0.496694503240641849,-3.33269982626201244,-0.943430055363698616,2.42947495854029505,-0.30956050386127093,3.49040677948194045,-0.504529480591542456,2.45419496872050269,-0.598815738886027238,3.46680821984060783,1.9357115729917993
-0.322142720611360844,0.206229491033946416,1.68797590829638855,0.569290758845971023,3.36245100947379294,-1.17469841565425326,-0.0503912947276566811,1.61189813386307845,-1.4636361481294482,0.453507783540254006,0.236844367180642917,-0.797333144158582807,3.14214323505101056,-0.532950406170378366,-0.301454576292234822,-0.460631817135589539,2.27941044582895502,-0.338991586455867633,-0.777694107522330369,-0.576355939055914757
0.831222858208716886,-0.893417614181393094,-0.0660774357678554775,-0.529666749751446453,1.02350526877125048,-0.656918820180748875,1.04980414966526769,0.849234909101714286,-1.3008692572142535,0.661303882602169768,0.360790689942857123,-2.76976032918981785,0.792462053582908443,0.17009935091327813,-0.54910833304462936,0.551779992141816056,-1.14454637209434495,0.90243345633667893,0.896879790103561669,-0.830463227533794535
-1.32691575446079635,0.396216380484054331,0.0388510571372009048,1.76038579669701112,2.52845228460089588,1.96323305249770463,0.645308157518227121,0.353739591943349641,-0.838890979805283155,-0.391319964489738215,4.37655894917539801,-0.905065635681297942,2.26276964776655909,0.598239069017985181,0.276772775782782865,-0.665733417350414802,0.478098304088934389,-0.134364669499882322,1.65982982918613975,1.07389132959725275
-1.66037524598447117,0.768981140997491153,0.955159069471650857,-2.17149842578257957,2.12256661737818142,2.48802201723978733,-2.12888281300322557,1.32926932233082029,0.974354405090439135,0.755168941878253008,-4.8520048012799819,-3.47127981680251052,4.43324484226695148,-2.42903935565678974,5.58681377754560682,-0.372115014229982166,-0.903577027994438176,1.22081534332541608,7.34267227237090303,1.15040287292284527
3.93601831538412927,-1.43511257615360721,-0.563573845593119738,1.07079542478329182,-1.56790273262989466,-3.65644060810329163,2.09696431021055085,-1.19806621128731927,-0.778626610953935483,-1.33574069179092625,2.99354453812506049,1.4627797500236237,-4.84192898683661088,2.28060940691659475,-1.84937143976339491,2.16576144055005804,1.64782347269745477,-6.1451944696926093,-3.98380417044657431,-0.855343054625204324
0.883047241304441455,0.149784275817872653,-0.98326548635477784,2.07103950136005377,-1.62963125149591992,-1.17841559332414803,-1.07131015265704499,-1.37426726051186554,0.176552871608315537,-0.445432384559214634,0.101981022209506667,-0.524465142016605879,-2.0366404414986734,-1.09673760520167662,-0.0432916050488717855,0.496368759080235922,0.422657264703982294,-0.104144441460343073,2.03556574986784744,-3.19898857412442084
0.281513609192945324,0.711139055167334444,0.296990797679326679,-1.96953020667500955,-1.2734722341261453,-0.376430955497225772,-0.696376678407020333,-1.01896437989782807,-0.211453057119585508,1.22896568296680742,-3.15761458874974865,-2.3340511160113584,-1.93875525578229602,1.83428291641761998,1.82430032939340037,-0.232656140988376808,1.00748444154098027,-0.368728731667272269,1.87237342781984228,-0.875648495374718117
1.59680921450138369,0.14086647491144591,0.590690573333776503,-0.462779043088235476,0.376233703829190969,0.559428122033335251,1.05900127646347908,-1.20636658774514482,-0.0298815456910368378,0.714462334697319124,0.138724537393357522,-0.910185344992769152,-0.551758812465298343,0.111789776049321637,0.157586715058817994,-0.751612910376071031,2.48324399147542252,-2.44996882280587602,2.58771508641014503,-2.67803198593751102
0.674480217641396207,2.66535733338694314,-0.779005939872588371,1.60987131529179628,-1.16748263416245046,0.294268890873682465,0.160107149801426013,-0.58179577104571456,-1.05480622417702863,0.652579699078281616,-0.0825080609438619689,-0.558765151090890533,1.22995765163942417,1.10552833231751113,0.504194929822147087,2.77112375277165679,-4.48580973201260758,-0.857714748188761145,3.31624151653737043,-0.769567672801840352
-1.71056464988473134,1.12521905056882865,1.27129324794373355,0.111849709168708081,-0.400091755235383484,1.5386303591895123,-0.894489589729686063,2.90586840290267023,0.0374468360845678222,-1.4042258563054999,-0.654153932524623949,-1.39628175279807243,6.823264019946782,-1.38805065811005779,2.68132067785034156,-0.147627881534634853,-0.904067613147163107,3.06502001865145868,1.57698252727190824,-0.585815544817866463
0.665006299424671043,1.54278996062516294,1.54582824849296419,-0.862164368283938276,-3.66419680165533057,0.65471645199317674,-0.139929012917478696,-2.34988474018663718,0.37277026481944342,-0.330281467711136367,2.21103363911857986,2.04173865912776176,0.913242799199488031,-0.788273859253505571,0.713311822244412252,0.35124461757135278,0.740110119888770068,0.423697569867687807,-2.3171398394997893,-1.37002792794095773
-0.312824571643639637,-1.25077085031563739,-0.537950990201244927,-1.98069867852247006,0.2698112927022982,0.070002357238871174,-1.55154347074883847,-2.20717635671826873,0.586305953793835655,-1.96182105655787331,-4.00641301832155783,0.857363594257275263,-1.67995140415498678,-0.814822164369254365,-0.0408271280063944447,1.51580872246150444,-0.878513959215428963,0.773186901015923578,-1.34236957685113301,0.545498595202195347
-0.329187633980759065,1.27162351851365774,-0.271679037644138366,1.01904009809962659,0.0123955934142288542,1.4931748413298136,-0.0709457800817671624,-0.517737651355802408,-1.08761737158681293,-0.575703419092268409,1.54812533070152436,0.591523319606089837,2.51813917975822399,0.142068899070922655,-0.909038046125287491,-1.86807177931081747,-2.06273877708593911,2.13080755682274781,2.3200734713927269,-1.84727868408395635
2.40832053445217609,-0.849944246432933648,-0.718922916310162807,0.523231288129882954,-1.06797791727252456,-1.66295960428049039,1.23397280456764213,-2.71061244748930097,-0.967524877262335159,-0.742728589629675917,2.72791403060246607,4.67105085876945569,-2.75670374447863109,2.511441290896959,-0.538744736755710329,-0.739334506107453437,-1.41934910243818924,1.23822417772827587,-1.31000654088629331,-2.71209856008010375
-1.77893507372877124,-1.50901018257523556,2.26429470583455261,-2.05069893281287774,2.18866267248393287,0.274043919563567218,-1.04990737918542165,-0.0747371452876347403,0.853536122432053679,0.614458834280062316,-1.82728669060957372,-0.386489439386391298,-0.0426488969822392539,-6.56385787322576842e-05,1.31868211819593206,0.352697161809225779,2.99791138341298469,-2.10365434207397106,3.61551337734106726,1.85422390853195362
-1.58408548642403457,0.515530347778945131,1.35040793099011291,-0.438179581706604759,-1.45761606720788661,0.574394625031404038,0.399550973067373527,0.793249597451272992,0.59364877229903934,0.255042371466675466,1.32211435869918414,-1.04910692640260761,-0.568250957516308164,-1.0489965430880055,1.45066599857220657,1.20928513630236112,2.28681975032552343,3.46516619060905784,1.45507993286561077,0.943270633414319493
-4.83670584691545269,0.474633430334203466,0.044948660215971159,-1.4177666883624167,0.199428530885853939,4.19053539187225521,-4.07607079602807065,-1.919241954819493,0.913162808034311047,-0.396749658843767727,-2.39290297889206194,1.26513836215544417,2.896102100461865,-1.22151270865024197,-0.366347950084722707,2.54734244267239207,4.74910032464880683,5.38228209111659162,-1.60738559677169057,2.24829419453462487
1.00065991417857814,0.479969543643026908,0.0550145752061295956,-0.381104686737798404,2.84336924548607906,-0.36836256380348914,1.1547751302856275,0.677270640315327133,0.403488347166201522,1.29015591523797757,-0.450075254695738614,1.09155961758553266,-0.0880221095169507473,1.873139511031646,-0.467229759528358934,0.0586322801227271359,0.463042018717605974,1.02004887731251648,2.77265631815179603,-1.52713039922525806
-1.3575893219790045,0.138191345034163304,-1.62278740117536024,-0.203355661348027045,1.11379653234196874,0.901869559034621626,-0.435020321830617562,-0.80710409243863479,1.84923045807733111,0.119496219904244388,-0.567153633441713212,0.838986055263321373,-2.7379795409836345,-0.367056395244465927,1.220597981418581,-3.76236412582531532,2.06374463934053765,0.251497841526025889,-0.198061872311458498,2.0688409765348128
-1.12952453847574641,0.0521235425846720349,-0.412461699460527575,-1.51036271348405271,0.0577283915584224719,0.849937670169824799,-0.51322465388741012,-2.30155345228907171,-1.8731720046687319,-1.81507918853867478,-0.799789431268574602,-0.17817366645199359,-0.870010462229560799,-1.41326610220651028,1.74422023590044106,-1.74755130721623253,2.08349356561532284,2.27127803859308219,2.37718864429119225,3.16541743373745144
0.129392226695863088,-0.326502828972896064,0.871796398037126052,3.41196959807107625,-2.95116674483414432,1.15361276617799313,-0.480492359542380953,2.676011978433952,-0.467242379455189483,0.943644072332675443,1.39818247279858787,-1.40485066818687332,4.19425213212283587,-0.865539734757629353,-0.282830294112646707,-1.36672808721618444,-0.594491348503774719,-1.00621555923259565,1.41741975546834209,-1.09563798900655684
2.7738658613856324,-0.396062034994391965,0.0892697327583099054,-1.33334514422410311,-2.05693244186774438,-1.90565929016780511,0.516081817731608883,1.12406081489440357,1.08796855575705886,-1.44663849540302936,-2.58504379226760994,-3.29691442966723924,0.313746453449380402,1.09927865223901633,-0.477418762014389708,0.334761475677821552,-1.07865604620452449,-2.17553527834623628,5.5360693390775717,-3.19518646377557047
-4.00663595584757282,0.336707214033037605,0.621242789121698391,-1.79978606970292754,0.575012835487112794,4.04194371230904625,-4.41087620294076466,0.704597540882112239,1.11214505571842137,1.08620314618148694,-4.11389166646590443,-0.521369795976659445,4.02242670034236394,-2.56757348548226449,3.72216795252864596,1.58200484257138596,0.883461090135690408,8.73763972333926553,0.135892539356188696,1.89644991822188524
-0.732212747329724856,0.187833170931559601,0.185292624105474341,2.49603193004613644,1.17948972718373524,1.09445700784733546,-0.344349750559999834,-0.196880513191586615,-0.703088081971145029,1.6504454287385899,-0.296148051764008602,2.96199169501118176,-0.212668808117752683,-0.660501495000626493,-0.441554717896329441,3.14507308500276261,-0.971773804565872812,1.42122552279992487,-4.11330498927922417,0.471313900751758275
0.0246503474762108828,0.163612794336616602,-0.647855899137384839,1.96192928785275078,0.630790106857994193,-2.93479039854319268,0.0378360056784342244,-0.994744009405105656,-0.406556375130404157,-0.583104453390719923,1.40118496694956041,1.16541215600995551,-0.799016327189594588,-2.98167385866845525,-0.287288221092471208,-2.44405622598310712,1.27079593112300415,0.720416806889237815,1.07715490470596653,-1.75753306650156182
1.65914124869605817,-0.00480816151753509467,-0.189462582880498609,-1.53590698781020008,2.53313772904944212,-2.02420837645563534,1.03332661013377369,0.986729798634948363,-1.26248802678164163,-0.154548554436477359,1.34939959293286238,-2.94560466270430998,1.02649521781810837,1.88966341615813227,-0.75230834350672704,-1.45086010035095514,-3.36995224846730501,-4.74769969430587491,1.18757514743781889,-1.9828899471034267
-1.79780992214954516,-0.185379562324368613,-0.612440856638737041,-0.605695901952574278,1.32214118640649003,2.50294991267410794,-1.57963513533809352,-1.62950034280800815,-1.73234750255617409,0.781672073429479863,0.885445560797158526,-0.850049766666226558,2.37295374532553893,-2.71181124646228966,1.04286913213935506,-0.134486624025811519,-2.05340420207748364,4.11364639470762405,0.388198526553257761,-0.0773747742163303082
-1.63949107465586685,-0.563220949311539321,0.773692950623895315,2.17350707414197242,0.632269462813872307,2.72624597627188336,-1.29084761668818504,0.00297635992173993788,1.63497634341289766,-2.68043524905430219,0.0474486502993839571,0.422875962143618389,-0.232706186409127075,-0.89164060456587424,1.18062526570213366,-2.82374750144044295,-0.352420236153312971,-0.0483359450165077309,-0.50984367108201667,0.603963728407454825
0.0372209628476881799,-1.30472789517108523,0.775590727411072378,-1.01351550772391419,-1.3260376959812048,-0.00460332082486064869,0.152163627867706513,3.653116155305693,1.643278285306222,-2.11934481913438999,-1.37138974929284307,-1.27684890389309036,0.93332304831612023,1.29532554262640853,1.75064660935054106,-1.6777923679856499,0.190453423758633389,1.53709699899335739,-0.0308799692497637689,0.418607783470627437
2.75285132576218006,0.673847811706339783,-0.111019509539630246,-0.780678668654068209,2.05087156747184007,-1.65713356906084774,1.0125485997356396,-0.367706787435556126,0.0469502687267962793,-0.874621399070851568,0.66640651928734207,-0.659857859756246334,-2.33006502105176727,2.25047618153903661,-2.38711230605067914,0.674922929063944022,1.97914743028037354,-0.865815960719773292,-2.64810052919188621,0.163688209045206257
2.97402278686169197,1.37301882182159618,-1.28940453821373224,0.427915078126244686,-2.66834121730381968,-3.65527462862307617,1.73974374201832571,-1.54262385611934527,-1.13973501388886578,0.315196710138873737,-0.0369558999563170607,1.30223026707771194,-2.23881820875677162,1.04542081128142117,-3.5992094202997853,-1.64849015397418341,-5.44557496890632553,-3.37015555083562024,-3.7391388883306913,-0.736305668894141063
1.7368890159742143,-0.71416032851337663,0.682513832416050459,0.692184247645708739,1.85301064121218184,0.260205729331017044,1.37613844613163749,0.0760478848948417108,0.0543497938460481139,0.661661740301432211,1.79386872476462833,0.210191304854956712,-0.446640887732858372,1.47516481539417876,-3.82077933575496642,-2.02410222654736671,2.78134984131132734,-1.87059105442238072,-3.11221289617487917,0.192859250425210904
1.58801715506036389,0.217520268679721102,-0.776798207896105652,1.43652946137505166,0.623699751826291893,-1.90541064481838918,1.18959864980329733,-3.39299566637584826,0.889889944995852056,-2.2602725437889668,1.09196087503768058,4.95489715528533559,-4.67561172190541186,3.67867942163394668,-1.95042509622215166,0.257461434070093809,-0.0257603691546273994,0.328457859087510351,-2.98339332986862793,-1.30847948575324824
-2.29475803543762957,0.970129454483689924,0.541862587622377156,-1.11739815963999778,0.277687983905581748,2.04027013954649661,-0.902875746556693226,0.360877471909814895,0.517185577453394218,0.0374192330288871319,-2.7414053551253228,-0.513188656733122417,2.36740309852591091,-0.609516591826311793,3.35135307805032978,-0.717640284892990032,2.24611452022739178,4.509984778990761,-0.0633065402579629788,4.0777448445202662
-0.767705641302176223,-0.359069483989499005,0.135891172729951715,-1.05291306019587272,0.303071059986497915,2.5611096551276944,-0.238331901927529705,-0.0636065078573318926,1.03855827528554734,0.124630140905572701,-2.91897314016651777,-1.33615589799102086,-0.139469765289736536,-1.65120309562084477,-0.657831311664923257,1.24941158437765876,-1.80691417227008921,1.35552142287038557,0.0436721438443204504,0.261262650502124771
-1.62770526169863095,-0.746740042218020483,-0.0791010890216799767,1.66991166639094391,0.710880997933049597,1.79813845137036865,-2.22305788289879747,0.504545640162984976,-0.187450225814327159,2.10750088779485667,-0.533871759624106046,-0.510149923436384767,2.09082230261642943,-0.604843524894057794,-0.258294335267742425,0.489831330269587417,-1.05958330590394123,6.64150120714906755,-2.30767366604335189,1.79243525546479909
-2.39682112183951679,-0.853518537013622791,-0.367140566587124906,-0.103785806860535235,2.02637416504041212,2.70438237042018192,-0.813124680305345127,-0.711261134548258567,1.77884413548318965,-2.30095671222265841,-0.292206765787674128,0.906248076551975035,-0.777251663504484824,-0.353606586845562565,2.45336817170561616,1.79060492706569252,-0.8376632974446101,0.385319976018944077,1.61223433707891739,-0.0695273024968205838
-1.18220850663901089,2.01239378177298445,-1.22821563079465834,-1.13754718103522912,1.43729220481249609,0.264016062709727717,-1.68115597253166538,-2.18418950461604577,0.733895860249005771,1.20191061551735556,-2.41899074012303394,0.737684069191155034,-0.611965534464795624,-1.67436319174184001,-0.984632491067361615,4.0703694081183146,-2.25981070768016012,4.60107765621752751,-3.1619767696778025,0.605876797573988934
2.46940441214918804,-1.44611711310849755,0.366362555017039404,-1.50431159957744653,-1.11673213093260548,-2.51393198994034561,1.30793250604527378,0.186034266916026092,-1.26483646010392903,-2.6052275934678466,1.30411981910878016,-0.0928154611515087519,-0.348829714938892033,1.46922850844059982,-0.98289505189255133,-2.25366511792881141,1.52839412289045984,-2.5471230895578536,-1.04955058472875828,0.803440088143099973
-0.232744634878956497,-0.490017289335010264,0.430278690775524331,1.27932566207197862,-3.34236449575000849,-0.412475382490431974,1.52535089837769711,0.200721453444400399,-1.10366733081354029,-2.20395973608108164,2.13974242312600627,0.544909788360008474,1.41884611822069218,1.15242054075752631,-0.714981863170908838,-1.845480158128737,3.76141511016278685,3.17920337367193007,-2.38251672450695562,0.571925103743956664
1.33960136148168663,-1.13944499015379597,1.27616618030836126,1.29666073846398611,-0.54128722458288725,-0.985604557427333217,-0.730954095775601442,1.47274266985064339,-1.03032734351774402,-1.18282684869621346,0.302818352405924252,-1.41406839130003381,3.10431930361801944,1.12615183680861275,-2.13120355019671548,0.903682716455586732,4.32118645441421645,0.348961329681831967,-2.18620458487060931,0.013714807375366166
-0.109790384450976872,-0.939988853466467544,0.395700037314664466,0.085653905395864538,0.000825781125970292398,0.181530072949197069,-0.33104437697230249,1.35501029937697881,-0.311723458246571883,-0.715078120880864532,0.948505748297146623,-0.905642711243684673,0.705784469670795001,-0.43783103960419345,-1.50115191080537991,-1.65616036067223837,6.63226570443397367,1.03851543022876491,0.584901739057437142,1.86121348409823439
-1.00177694964240604,-0.868075299674681222,-0.723348042623859211,-0.277753642692038283,0.382182946703466642,0.923728334369917636,-1.55200109326890767,0.590326088090263212,-0.178634157881973871,0.287999275352893769,0.740511900598410544,1.14602251651661025,1.63546318592827111,-0.816796547052207167,-0.108626416890997154,1.8102081941002961,-2.75340492064795672,2.18328885981733078,0.889275737536577515,0.605181423189594003
-0.167903000693822801,-0.60509532467934557,0.015321788204025244,0.145755976613731186,-2.73950900837184497,0.0211062564466187354,-0.868217916171210913,-1.29357677672979965,0.141945218471801526,-1.12514380123015689,1.11285498031733976,1.45200204473479166,-2.37484412398652101,-0.668056487328180348,-0.316983188799213389,-0.300404528283515715,0.425599950165505836,2.63394984744518013,0.939816467653303955,0.167133655467767678
1.18885468089982815,-0.274571438450549599,0.612785575352288281,-0.11985052488369842,-1.97021730818294105,-1.60728445336366388,-0.884501745712837573,3.89460531712511493,1.47447577267224217,-0.459676669722372533,-2.30792352440130477,-0.402997638400293345,1.56876890215031128,0.253654800014201709,-0.189707520712268013,1.79429742237754919,2.22933920979576206,-0.915114979026472097,0.938346315047468349,-0.187397223369485388
2.534468244860133,-0.724277160486225702,-0.470992372343679189,-1.08444265915579119,-2.31324888834414111,-1.98094698403311353,2.30860881441040044,0.615348118186882842,0.128044887945391539,-1.17661554046913808,-1.45722221113246264,-0.992233259202109141,-1.2725578940391844,1.47411729502986977,-0.251761590882432273,-2.59565944316100472,0.933486816433177435,-4.33013153763178327,-0.614922039086998939,-0.375899402767972124
-0.794092174289208974,0.976757292465165183,-1.09977082332163945,-0.865163309270575054,-1.72520976402185333,1.33519293866504163,0.693522540020904188,1.54086748225229919,-0.66752989322223899,1.18345295927482885,0.288294364710039164,-1.1791565168832463,0.877348235639456409,1.23232698883018199,1.09279112851257176,1.24533957894790315,-0.779324715885490238,0.672496087555591093,-0.0257945926039163699,-0.334627880835946134
3.35474398740802382,-0.701864745885588115,-0.575900238889456073,0.966161843486064598,-0.505983289734682318,-2.67624044083626611,2.77226022057294408,0.760387575304191099,0.832520892385095079,1.00416723279613662,0.466137532246735486,-0.0411556120550545801,-3.2131950658664854,4.14291865203773657,-0.792920545179141678,0.726821114978899563,-4.85969707662174955,-5.73150950780890778,1.3197898774925847,-2.87786909314272821
-2.02563791357106204,-0.0321472661902229839,1.0940972521306469,-1.86237656549151764,-2.22348255057122479,2.48832869286210778,0.282384515616113163,-0.165283795771428266,1.34691702998410734,0.754710144778867442,-1.67313258282901933,-2.71131568223181318,2.59815138111740795,-1.09420365158230815,1.69601653384754836,2.02116886841054288,-0.763662250667161424,3.6399044502419069,0.248391712196289804,0.751464829970263537
1.97962212880632538,-0.230664114679068416,1.40251803171930511,1.67958685634056426,2.93052563794501086,-0.979373179530774074,0.673989018592591971,2.31209170784803586,-1.056845290022981,0.99613249671513826,1.69463830164208362,0.0630089546659512584,2.2373266983864557,2.50004240182949244,0.205281994055096562,-0.678828329034015909,2.38047887239405043,-1.98054049110223418,0.489730712880916741,-0.237061240644005078
2.26961097190832062,-0.0855493708354424093,-0.280695447228780814,0.155395173340580228,2.32304972892754158,-1.42240224855502562,0.516774186050837026,-0.572733870814449486,0.662853408175816838,-0.589876419173573696,-0.952133189770853594,-0.0463815201709144448,-1.82293660493722265,2.2755570562081302,-1.29356432645711217,-4.47438819936287935,-2.54986479154188617,0.533437141560602401,-1.80570359267366976,0.567102711180175856
-3.4026806944142054,0.512141828405523247,-0.488745435229473446,1.31076998760567109,2.17411458921129208,2.28161728541660791,-1.72046840172085891,-0.415368412372778439,-2.21447332075737302,-0.32808697163646533,0.863621760664735727,2.67286933553299955,1.52953091937934249,-1.90877791069214986,2.1216279891735077,-0.405634798402475238,-0.0812815406742043861,4.58550655514581162,0.0961863583896548358,2.5595927159267613
-3.08648522088237343,-0.819985756936027377,0.858373371356079162,0.915075212447785336,0.695179572006569213,1.7740392597370116,-1.49913008523815239,1.79369794977510777,0.734631945192704139,-0.797008394153083555,-3.97762852778194675,-1.28639571141058484,1.82851624551293979,-3.2566406452487997,3.34704273062604996,1.60934033442710978,-2.37430760929587947,1.75657917223302129,-0.145904393420527467,2.80580399406958936
0.281890220205704534,-0.0100797234095316435,0.132327797599888219,3.26994778243405548,1.05554210735125253,-0.668683494793182898,-0.0615421813127887476,-0.305828632700189673,1.8989380450819251,2.15876773225790952,2.44822028248791268,1.49398013124786888,-1.94713193275949736,-0.685423358198246513,0.759075165127041429,-1.20646867736191288,-1.77749505146775033,2.46047957166114939,-0.596548229371905325,1.46077235880926937
-1.42341573375683517,0.142793137728629754,-1.73775859123864818,-0.260537848125489357,0.146278927408662024,2.33372521175343817,-0.602446889089341742,-1.52952861258057671,0.269566082884197533,-0.921799083760734272,-2.43552559517852218,-0.254871697940127151,0.577230885306685648,-0.256900618798195923,1.23692778841109008,-0.663865856519423758,-4.20783585269185068,2.31216162487244459,2.34081070695339299,0.246394635369610343
2.79020059262899345,0.852811177766778616,0.312304017063780415,-0.0139064343109735929,-1.49455981573575891,-1.10698658875296752,2.61966581293017775,-0.0427625346026439604,0.697358897357090002,0.0107735439035765435,4.11676371424351562,-0.00125180193560538232,-0.953093261952726256,0.734690395549437159,-4.23427791184229285,-1.76348358900513991,-4.62036823636406524,-5.20203426172404182,-5.87055195280560937,-2.03516945916900927
-0.778417845854256774,-0.615048306741328599,-1.48341242027673048,2.54109842367393801,1.46764948402174022,-1.61761681108433142,-2.74196364863526254,0.244883942400461213,-1.13091473420610455,0.41671372161881548,0.429240302985979594,0.374721328065413195,-1.92614618801625226,-0.672642325668771357,1.87747964933600797,0.0332761022473956891,3.3538129102873997,5.48390929619789436,-0.342917100133073305,1.55055691308403087
-1.23028959879431854,-0.464479768212494593,1.04176556181829283,0.159503631701125081,1.8889527202163825,-0.177240325918380459,-2.4737813088716627,-1.86623633190430338,0.308092526784547072,-0.798707499103644691,-1.92939168135415628,1.45394974035315205,-0.17652743732968143,-0.933055230384842949,1.891026831432705,0.672719667956175771,-1.1062419644098378,2.58700416513248799,3.02944625809273571,-1.39814669369005151
-0.581318006258591535,-1.43612692979880063,-0.287322945973630062,2.79815619698418905,1.90967432369345902,-0.399200295273780759,2.25003127117521018,-0.987581541565875853,-0.0470450815566843608,0.924070034141938668,3.23078936132734196,1.68644329264142834,-1.42334427979543476,-1.37052459027840268,1.21775927835002951,1.14659760406059807,0.358790402881850101,3.9251665869440826,0.111886508351880479,2.62151854625131309
0.0103476020995812348,2.07857583700984394,-0.72415867258354738,-0.499636855210175923,-5.49118290362936268,-0.491173175219533187,-3.9242532908349177,-0.421267645624280485,-0.728847570583430304,2.03303264845094445,-3.29661805568517208,-1.33094653042063626,-0.884682763502798397,-0.589516729719505528,-0.299805037128663077,0.127885854628500689,-2.82585383637751564,4.17499235595422924,-1.19448950173860591,-1.31347472030545509
-0.747027147949161474,-0.992096742719981384,-0.354603699878731415,-1.7350155131234366,-1.96846786831009801,1.8009739717095159,-0.221455497629704651,-0.199347935799036369,0.579479427356983101,-1.95294782686862733,1.77300167241353401,0.663896173950657809,1.08936485225750324,-1.48315275063489449,0.392306727604418259,1.44590607856718223,3.8749058034834496,1.77676167276636976,2.36439237409414904,-0.0826446155476539823
3.20234395396174376,0.359275742385933627,-0.883420256453456454,-0.785879819338513586,-0.939701193953624392,-1.52403705905321174,1.08834201769671179,-0.274570240888316497,1.58840555675219486,0.643932060332997547,0.122682643014490264,-1.21056657493580344,-3.39194928130089179,1.52150029402099563,-0.0502482203604382172,-1.27930701416200532,-1.68538955906228227,-2.45135774433647269,-0.971291370178430147,-1.68322596698110805
-1.92464141463555749,-1.34354246562041313,-0.133953619889150388,0.144709075302441814,-2.44528576990799174,0.9767904579994795,-1.39315173900661593,1.21041250333214268,0.922679529091806061,-2.22351916877668332,-1.11145089508852934,-0.765270162278627097,-0.23160491986583398,-0.793003847456918209,-0.331553939691096422,1.27186632976207292,-1.91514265097137093,2.1812290160740746,-1.95812238872694433,-1.25594308037641045
-0.805577553421353398,-1.01726756652704475,-0.829624890242793067,0.694982530436886736,1.89076803116806702,0.705700757232529563,0.0277253813893348043,-2.47632539209791336,0.585220475548010155,-0.970569093758819501,1.9071157062469053,1.29325951282855311,-1.90262653440634688,-1.3878393200564032,-0.58425285554403672,2.33649506141439778,-0.877464162713304963,1.94369622862583258,-0.301601017205133048,3.07288565531901625
-1.59593132111519131,0.685258322978647083,0.301497811064981358,-3.08523417298487557,-3.10768244412867611,1.95357277627101755,-1.30423045889243872,-2.30805129724546854,0.716570979205194858,2.67933647245691864,-1.18893421927474208,0.930983567006315016,-0.336146322397324337,-2.13608674663564146,3.87486673380138047,2.17907868415048611,0.288788514534293717,2.47584456363443239,3.35386384245771607,3.98295444774083052
3.50878333843368351,-0.18021922759713227,-0.682791456556843701,-0.953238838159909396,-1.31268164652453989,-1.33152158772600959,0.907475315041612052,-4.40181268260919278,0.36804175766855346,-1.72458450888343906,-0.529946010298335324,1.37243388538702238,-4.15864946369755284,1.11197853538162295,-2.10199790186142721,0.391586830238465078,-0.742168139319242304,-3.56470961561837152,-1.1938118464366696,-3.64175997384560857
0.314873449928963656,-0.967065803651113387,0.634367430105272856,-0.609606257366185234,-1.50815753421116527,2.31628610703505133,-0.249926791668849596,1.05942208118090897,0.526454492193394463,2.38131156048133175,-0.676262675147084158,-0.623160663086672617,2.71829613009600779,-1.02218682520372939,-0.00985620755341127044,1.11073848690025834,1.29240645212897687,-1.08477148183004135,-1.98446643592848027,-0.265398861598952818
0.0359190652586670045,1.26678107355571279,0.753332686821189368,1.40804895586662737,-0.291490739684474143,0.499924519457006278,-1.34383487007948177,-0.624650165788231404,0.267122737876010152,-0.799356184920297363,-0.311788815298442934,2.79559461805348475,0.587983014410310423,0.184626432848560756,-3.9552870610408899,-0.588710595608769927,0.332282273026122066,-1.36504522704430165,-4.35760035597346196,0.87295650275354375
1.56570546753619122,-1.13663595944060303,-0.948690029405438229,-2.55659046199015716,2.83907913527213385,-2.30759072954752975,-0.88586796273943158,-1.07134900407713074,0.148289266229138822,-1.08042055586236674,-1.0449563822067014,-0.413057410187865015,-1.18399929754192912,0.349297073030610083,-2.39108173666647872,1.45910352596477622,-2.39614173022203181,1.1308066022040355,-0.23169458781263072,-2.63641303160351592
-0.112584969932017789,-0.340026377467445851,-0.219712043106264493,0.207944031014085789,-0.215665976904600182,-2.30011615607138742,-1.20133574198652138,-0.488835934179435272,0.613738714499381,-1.80303546653526814,-0.631302806493615809,-0.627038759348694574,-4.06972059873494452,-1.06971992509113223,-0.428564879127191933,-1.81999780777696962,-0.611359449169459945,3.35414206479365307,5.44605406439766782,-1.49843736524140581
-0.10659195872726504,0.587711309988102504,1.69798851041964438,-0.53351195133079532,0.359723690364843585,-0.790680467943602028,0.939829704927709231,1.97179749360123746,1.74033031098409352,1.32714280106752103,0.0630187861283973833,0.0293802736431554787,0.854133723597311212,0.682103116273312104,1.95574042374954238,-0.495616179949953661,3.04446021207317186,-1.65063374445192568,0.0898346044386981735,-1.75208707732882463
-1.94315753257768153,-1.14930305819383594,-0.513369575549599721,-1.72682847500689562,1.2152160584664371,1.00825978730358057,-2.54335302627344761,-3.09477768148596777,0.519257936721116309,-1.37842765019280455,-3.96488055971158726,1.64008892066567924,-0.179559297685190966,-1.4559043837003065,-1.60706813379582991,1.11978768359255065,-1.78956013572570538,3.8962521063389044,-0.296166830352680821,-1.34161346535015324
-0.344266658655675795,0.602809112383216439,1.03553109875598048,0.450662768119811485,1.55149528207389387,-1.84812423577730267,-0.142954117047901508,-1.48746170271893141,0.634814690026783035,0.388748060934016815,-1.7050030577819304,0.967965966552780999,-2.57156890017269246,-1.14724813946674287,0.562490021440545607,-0.323736061875547654,-0.0106504026000088011,1.67540479221919791,0.721638152750056938,2.0672738769440584
3.00055457654365654,-0.538526667727752595,-0.36921613957627214,-0.120686675669841675,-0.939875492516538791,-2.47896484578519427,1.72452905736293438,0.34241571791718145,-0.738597554882565732,0.159528481950887591,6.54169606232312173,-2.30156728781864883,-1.41955563073326951,3.1858863228830665,-1.14691901005529773,1.57520602959865563,-2.83154301174746692,1.56315685517197811,-3.12565091107818738,-4.52529562423799714
0.317157013671591048,1.52084188383799601,0.123820930182489686,2.66985513179651068,0.86257046918706759,-0.744818887915046912,0.221423056815224228,-1.66257848016763776,1.09722971839073868,-0.798904615534386187,0.612075570029358973,4.77763957887588209,-1.45231569723477594,0.21846366752975116,0.257336518832198935,-0.676913342907580984,0.629024915957548503,0.598557612547924278,2.80931595865192119,-0.434493569257874468
-0.652235351807914032,-0.00465183686929108303,-0.658252495293861761,1.43490418681014753,2.07539640560044525,-0.890923183358696025,-0.685431734509063695,-0.269387291326390776,0.630813377401290398,0.623191015855172781,-1.25226091431804276,0.660562419188235772,-0.287887380325994313,1.31261307608925071,-1.23647167746578068,-1.88482098464537029,-3.83315160266031985,0.642754469276867968,-0.529061707194920183,1.34043214222901841
0.876458238498387776,1.18240962531335048,0.0841955786325873784,0.796415418516959961,2.42253656500721126,1.18774686639619054,-0.212905439113390799,-0.483969906953843454,0.239126345645055999,1.02326338587662846,1.39892606889598459,0.0216280850217621876,-1.07752539227540667,-0.748177072297827706,-0.200766820181648931,0.226050687397869821,-0.785233095044990059,0.50512579252976697,-0.609878085454740648,0.710179708091378203
0.0980528647289690136,-0.843008999520068913,0.649594024009356286,1.54908791354955744,1.14018450755072198,-1.31340359681840768,-1.23285418229567911,1.74953333329582938,-0.246222483700371586,-0.0420851322415881773,1.05074085876420309,-1.22217653339762111,1.13614721350485404,0.510839230338322792,0.329274628686538173,0.411314801341045033,2.66918846639799368,1.19143867482466614,-2.05046700796032955,-0.561496724597780328
-2.80604481377083914,0.151347099201868618,0.0696652804639560502,1.88257846720632105,0.0772550591140924586,2.41096639338239127,-1.82290043599632168,-0.142510046939716667,-1.13079509238906861,1.00231019665762289,2.4423620459888542,1.78697305253589311,3.64200814575678544,-2.88495773401927202,1.20039360804631712,0.275435319238881371,-1.83944606887279116,1.60456418714123084,0.857842385913321293,0.995097104186773107
-3.35333515021301976,-0.188699359521956017,-1.60499115601242837,0.999996416472924254,-0.04833920414269198,0.502641850571650006,-2.83925366807207169,-1.59130314581664822,1.08253538481595202,0.860266478529497669,0.278207199705396035,2.31177983827138656,-0.974195404575885382,-2.04138411905581085,4.95909404945424104,1.06946361443106919,-5.91220278687322764,2.31263444016087982,4.74530310925671905,3.80761101160852133
-1.00879690726980109,0.809680376347245434,-0.832638924940972136,0.363479788821985339,0.118008006486034822,3.3964274527314009,-1.31470756880509843,-1.06127752532737696,0.8872319731548447,0.57462193618895796,-2.19237063381769381,2.21831282225045889,0.247475848751186334,-0.255473650567039356,0.182314108336168207,0.53876131282415507,-1.66419416539798504,-1.33500259467002391,-2.25032091443128346,0.368146335514455414
1.55885274712035349,-0.983730977312769705,0.628606362184336187,-0.612293526966282253,0.413450703240286321,-0.574550358047133281,0.135903576657839559,2.31197663612811644,-0.62980956738112992,-0.475256195774481305,2.34417643774340467,-1.7949362700662328,1.766260499550101,0.919265228590686267,1.22069693869580909,0.832292027371173249,1.57314498717470586,4.15993980060189905,1.88508439275202289,-0.708937071068474811
-0.109421918466422879,2.67321530939276508,-2.7399321114300399,0.0593390321376114291,0.598217247528500473,0.358145321933699579,-0.312561019476417346,-1.67566465282524502,-0.945903213885084138,2.40440032713159058,1.25265312854669464,1.02451155865708454,-3.15573528102524214,-2.14373070735528248,-3.22222416412773116,-0.624671415228615801,0.0120298436988103257,2.65806110790754024,-4.24948266310463474,-0.479383924956381269
-1.4455053257391437,0.424407803070823986,0.0370346226975051748,0.562606542859187542,0.138736059349103713,0.419175529750116349,-3.2349875046624148,-1.82984235142057416,-0.0918804830927354432,-0.648462168021683216,-0.927122802251507894,0.878331631106477606,0.508704882166032046,-1.28820816093762325,1.39462570973681355,-0.708923119028387894,2.29089403315114382,3.68302412989365857,-1.45091147498785111,0.384035198481855522
1.77272936394265712,0.303573866387217117,-1.01415485944302208,0.543689024957135114,0.908924434153562277,-0.406312939857230326,0.225797944106302578,-0.456576594033191785,0.509011051930533642,-0.868105690731011292,0.126459344435211785,2.44479737110108841,-2.01125660746649926,1.42659486159872206,-0.0123750231969636335,-0.110189094540536645,-2.45422104432320909,-5.18858031750264814,0.581112454706971815,-0.89299260007227399
-0.293402123235049883,-0.676675736500983005,-0.216151476876120047,-0.367447733674607646,0.00343797627985533523,1.60777447369887216,1.998959466178031,2.91160490592358112,0.961084033098146828,-1.31402302063139831,0.907279576367721718,-0.426007452154701982,0.129381066135053679,0.501437284932262139,-0.652931989665076484,-0.948076579109698447,-1.39973189607582782,1.43694363207344589,-0.097607546554986796,2.27465649595304464
-0.782836650804929257,0.690513852839080733,1.2334613040886464,-0.754135451227634368,1.54877080115403576,1.02502028857929472,-1.19159898255148788,1.62398670153906211,0.150593863264740085,2.46971703615772764,-1.07449960250928944,-0.99802463895600535,1.0390980792912039,-2.19203411105661505,2.89762233817245374,-1.72136915967336779,0.0179040735043003579,3.37719121071386974,-2.63368076641123672,-2.84779435651088653
-2.1752357511547662,0.398325793303501041,1.5292463671358556,1.54949680933150358,2.87027937870185301,1.79824705395337969,-1.20337404753917565,1.73607463821874886,-1.61832622678281712,2.3059093840336895,1.80541623615775948,-0.429031202945382495,3.95221093813774171,-0.949726558170124857,0.213516782172330222,-0.291225684242823024,3.23796769419844166,1.79053063705534932,0.332512663625886662,2.24292864355177723
-0.175734256002850892,0.07510676398681157,-0.918373585651932833,-2.04373150945763093,-1.14298280481650005,0.536701111742083459,1.11906585017047688,-0.901958945767456721,-0.570512517212506176,0.205950905821143115,0.145530748982237501,-1.29504228627079376,0.278472777158216223,-1.7071395208392286,4.10478833602493065,0.64636946258941741,-1.50425135464416737,-3.29291032479481904,4.35138947400774345,-0.389815618386945617
-4.72375818547955184,-1.35816351593264129,0.360643024551234814,1.25267568809040286,-0.899427145849043819,3.96107646089729526,-2.41927777117927878,-3.15994229465424992,0.672452084340356193,-2.76499103802899038,-0.741139059672655587,2.9839078062866542,0.735521100981861409,-2.06828511855046093,4.86364802954314701,2.03489710736217466,-2.19546573584400129,5.08318519010028069,1.1434204968822046,4.74161982232627022
1.88315415197543179,0.625458184803015405,-0.238373425140297301,0.0453017224741127517,1.98843304660351139,-0.68811682008843511,2.5482627941194127,-0.601787974361924993,1.19486862309515285,0.812326988609318956,1.97955905921454622,-1.05675479621772483,-1.22992497098103515,0.722592820354137744,1.81642955068508938,-4.42231298997880984,-1.91906834085228795,-4.93096715644406736,-1.27185328687123045,-2.1373913307012633
-1.73650557160233365,-2.14680205910575328,0.676785887562391775,-0.668902149240963251,0.816922030109326958,0.999556084237392839,0.462635035749087487,-0.426445108084490709,1.21300964864986494,0.028221257824066124,0.0122478639738580891,-1.24287639868776689,-0.157938417697120165,-0.547294568629639655,1.46011569460440183,-1.01028254068850765,2.52559326971160258,-2.23506967446805316,0.161743336192562259,-0.293565572211965775
-2.0605685455751015,-0.88844517604126394,-0.291332962927955352,0.463435194664043759,0.548388659057411743,2.9082127437178511,-2.23127851978561287,0.238486496049637342,0.838212303540242454,1.20743766152875787,0.0644300040140287772,-1.72961889815225378,2.69271173907100669,-1.70953347975646541,0.590478081335898186,4.21546922077103225,-0.56334902050830471,2.14351049935284177,0.635128948592230236,0.653336517322096522
-3.08497720304053935,1.76357100323628457,-1.28197745331392698,1.1312676969431803,1.42258760562791231,2.7951406281106137,-1.39098158447507614,0.779214619669985398,1.3548517665434483,3.00088253507591096,-2.15332601604430618,-0.187260180987945085,1.60173798046348304,-2.25320390862497133,-1.11765388301359958,-1.34874731035447604,-0.945706288217962765,6.1559010446831941,-1.27578668376043858,0.965756444911452183
-0.183553114853047844,-0.347243491316570618,0.705372201352035044,1.43240663391566581,4.5271359552855257,1.30135321133340232,-0.929777684004236105,-2.11423396272212383,-1.61708120616319273,0.13132387754304306,2.92700505959542046,2.34293569171050198,1.53913827438610462,0.323576473020223465,0.810516780524399016,0.0414576751433014465,2.82411462730261276,-2.39797137988412468,2.96363174446210564,-0.541808546861872853
-3.69536932029472043,-1.50646914051755521,0.818018822962136016,-0.808902087386054625,1.33888645136297191,0.492489539455571168,-2.67182783993591677,-1.38359124649360687,-1.0164269302249973,-1.86621373793210465,-3.85509381109833038,-0.464234822196621877,0.505936501381027748,-2.42047562908587244,-0.44265914308285248,0.335526278944014544,-0.595004973871257281,3.71194847982258125,1.18863797676118543,0.799069479883105616
-1.38139945927774166,-1.72511114133484478,0.799510238402745155,-2.14885808185209015,-0.138862974365914243,0.275352128982589484,0.0968936850737222855,-1.09060268385134007,1.18711217414230807,0.514220856357106793,-1.81111657749582866,-0.67191875926040745,-0.849927206548042657,-0.83379198811184807,-0.0849359636921631078,0.0499813973204398035,-1.15965968734496427,2.15570836018784551,1.01465544090075177,1.77343386288381888
-4.33564502874614899,-0.910624253061656064,0.698873595744884057,-0.00424843142660883202,-1.83085871491099983,3.24624632630763488,-4.07765307375082742,1.35039819502996461,-0.606253809642508412,2.49844517821233758,-3.89999666501168463,-1.024265040240949,5.52423786926844596,-2.64470792742643823,1.24442648553849344,0.777434420053539466,3.25704077797096225,8.57761683659790286,5.00101488894749213,1.98475794287036544
-0.79962790353380564,1.65699627080625622,-0.531689696433665371,0.778124178902812047,1.10113593399336351,0.720362571105961913,-0.0941386397588720031,-2.28136007745630209,-0.311463978060967928,2.82125669183735583,-1.24182406201573015,1.58696904455959142,-2.03755389612679538,-0.266551797258746559,-2.23897664822905629,-0.00623444574856500157,1.20038256219534789,-1.79607355917905154,-1.93523616572046131,-0.847134027231445486
0.419158390850332574,-0.224169310794543747,-0.0099115952197263938,0.551170965239846544,-1.79389934237324211,-0.594613976872750083,-0.534092895142556867,-1.25382897385060321,0.558749450257873037,-1.1587692978989812,-3.7454246359430643,1.00376697384204761,-0.117002680400496051,-2.58259290501567662,0.84581764893505007,-0.255553337542132608,1.54835892428990141,-0.786118688515995756,1.0330113243165302,1.78496257773949862
-0.181957606930192584,-0.0665806083022696532,0.765261243499846477,-2.25654014902315492,0.404031950031031206,0.827161994905828313,-0.688612983685859326,-1.40212423776366846,-1.69569417847893456,1.11201428120933099,-0.978065967863485652,-0.33174969002498339,2.30598487278620867,0.496456765605482853,-0.900865194780962275,-2.04788342994061567,-3.36834152284600918,1.2259865150150564,3.15231831056758338,0.291637863339931691
-0.334948544352513866,0.865567443556480964,-2.21577785311902131,1.14994040132820441,0.314408593245569745,-0.0344796767466596238,-1.14932246173239982,-0.572196967167847736,-0.540479042577898028,0.65195228010557349,1.84207347417036504,1.75379999375475615,-0.774886322782304848,0.401337697224146805,0.290499932917268167,-2.40191050723481814,-4.94898359735537952,-0.100467003263012514,3.696563669189735,-0.00290653786945974449
1.25681844363542439,-1.40816426857547605,0.0813828176131341091,0.267248878319971406,-0.223693530557524944,-2.40754617657437509,-1.06301591410347829,0.971370242531814365,-1.34494470835400204,0.516745083381531023,1.26915058470719799,-1.12065631946098865,-0.587516900994469182,0.359301910591250828,-0.0425043471137188933,-1.61069457079936273,0.2373082060696316,1.70080457278902686,-2.13846201173580841,0.299845597583168644
-4.19657746337884685,-1.53028041073590759,0.724751835907644915,-0.733434783108232957,3.34755324809683419,4.21650113591079645,-3.36758289632896446,2.35607211194646204,0.0306201865622820965,-2.31753147347000343,-0.89706774296346814,-2.24680215965516172,5.53683071213507372,-1.26979971015783755,2.18612317972223691,-0.387020393783179706,-2.56508269729209681,2.44709449869270923,4.24414910904082809,1.65633524588757841
0.624025582375603238,-0.019693293885294897,0.122419453596330691,1.56042233153061716,3.62885817098286667,-0.681605566967372289,0.953619407732706148,0.815933907588308527,2.35666199268935062,-0.964001362932731753,2.25719297490903115,-0.186591894878338049,-3.27692944794611574,-0.450409753555889025,-0.111135501508849738,-3.47006856923621143,-4.90178349316248507,0.277528588932925702,0.616272317266409408,-1.22865701545680328
3.56042442854086927,1.30039898051510128,0.034415327775513628,-1.20142889603534253,-0.91470500822981915,-3.23980647070819838,1.7914916002615755,-0.343414467280834246,0.909346792339311372,2.23222610028803414,2.38172555375071981,-1.51530553543386493,-3.923609341899438,3.05664429938596705,-1.55937776761739499,-1.29283317558535304,1.83113084256791536,-2.59535326397013533,-0.149832805812943337,-1.50533712202000314
0.644905111164519762,0.888954388215538516,2.43135384364041096,1.53236540805999,1.44185969824156035,-0.259861732926467304,0.294645570719715255,0.134188068229996627,-0.175927038081333892,-0.691423664310596986,1.08474381668762998,-0.763772285656761141,0.775537732932074619,0.735886587384471991,0.194787602980917102,-0.697470747648252676,3.86333089731005375,-6.14726246770469764,-0.0973733432425154255,-0.177265018234090577
3.170117329508503,-0.126545866130983731,-1.26132331141984433,1.45174134015536094,-0.0285171222121456923,-0.804967066138194354,2.94109077555806619,-1.17992355193007215,-0.498122399836853968,-1.62315151879555697,3.74981323183582926,2.3401491643363781,-3.61916822185702625,2.04151481913291732,-0.274022938323027931,0.63977678515764691,1.30760186734578587,-5.11766853397747212,-0.233632255519507726,-2.81154936069360462
0.195771998814336406,-1.26944107287857122,-1.00170647394265333,-1.35590807692638982,-1.05609803443255967,-0.137646578897802074,-1.62787417186073147,-0.583095012637324661,-0.578507238242218613,-0.206699162216037319,-1.19050591807042538,0.855852027098775392,-1.11332930269910557,0.441690017006110325,-0.46108771813587085,1.49334648558789596,-0.259041774063156038,-1.97696662648175892,-1.08424112121563088,-1.01366500292438477
0.00134427797199632442,-0.388817602992641898,-1.58461172685461582,0.339133934069164367,3.775996395568467,-0.872466921377779037,-0.0642233809805237976,-2.06935769997555452,1.00995774032115571,-0.144073521231123658,-2.35204855630095144,0.633574525177774683,-2.77699668460651328,1.35242732183790193,1.25169146411312382,2.73987938072042114,0.178801266469742759,-4.29013039555399178,2.01796768711388541,-1.84466203310926158
1.59030241689426433,0.391418042017031453,-0.0595216008069800739,-3.47261119524345041,2.94056387837161859,-2.94085676107508753,2.76237627416907472,-1.6182761997075219,-0.00154230431821437194,0.314507784408967872,-0.643271880152215147,-1.51342529077561005,-4.47147955814470155,-0.311553799181608748,-1.80317092189759642,0.653355145730452391,-1.85428324424736424,-7.84161763180025329,-1.52429149035497824,-1.06810172148819205
0.486134927138898998,-0.337517976306049627,-0.301377181296086261,-0.588917753278953904,0.828103744669576036,-0.717980823553248104,-1.21835508024577233,1.30642531407872386,0.686575449272018745,-0.512514296854432505,-1.01019523514264886,1.05912361379151765,0.419125610434868345,0.222395962441156142,-0.369562879171192238,-1.30760651351921364,0.696636629555499653,4.96949491747350613,-1.84357535315841847,-0.719977753119090846
2.29868052234542875,0.799617046623573358,2.40642248295233152,-0.71506718439439021,2.68183220124488475,-0.457008381437972455,1.3035248160121562,1.80204024964590426,1.64471566190233087,-1.37398565172265941,-1.40812925959496438,-1.15672753115606497,-1.77523528581742362,0.568461258558684568,1.12985246444530385,2.03858413011169048,-1.13382869924026775,-1.00373218883502413,1.26925526443406733,-1.85800760172155233
-0.00557371630100865056,1.57397521102579985,0.196131856706121904,1.1723351946059628,1.37880262053708402,0.859949882584394643,-0.197790667155212069,-0.937353712799246841,1.26165400941727723,-0.0908012470028906477,-1.53389773063709756,2.40933591440275263,0.478042881407642339,0.0114801210470698717,-1.41556794065767177,-3.71733863932920272,2.31228142309499418,0.683173868070151791,-0.56258370453600326,0.885574598896877507
1.21118180947261789,-2.1359481351735421,-0.304236659867676229,-0.494889759741338808,2.30053768518326729,-0.273551969188990107,-0.462141620261819652,-1.5980261544358787,1.85903322946994298,-2.09964145523706369,-0.61689568045399179,0.659826409299709815,-1.73443547863525738,2.28510374483708123,-1.75176975958104775,-0.274113186084084193,0.322535347320703825,0.930567052039225961,-4.16899572016018549,0.768009310246043131
1.48218939779862402,-0.287168661075599629,-0.278556989937471966,1.27007843092073647,4.2682711941835656,-1.74488320819652354,0.538264310470864094,-1.25715117364630924,1.2477030189282563,-0.799398997225621355,-1.85870303772471912,3.20732976494626998,-2.97918727206015976,2.21072522284252138,-4.51403661671194456,-3.73075608956788507,-1.139559090943292,-0.633144062999639545,-4.02087885278604507,-1.71690866741299297
2.34836404368166018,0.220229313402784427,-0.6518493181759345,-0.61906828042798645,-0.513068211702836008,-3.67042333828191003,2.09837714960132615,-0.708909700001130294,-0.297697213473449462,-1.88781437408853514,1.61970767860906073,0.381279086246024357,-3.93100126951888251,2.77351114368428053,-1.06756267543809424,-1.31558409046335578,-0.611251990249998545,-0.00993093911041193801,-0.18968711360490334,-1.57629088278118834
4.12845221268550056,-0.0534947111239780573,-0.0528915504458772542,1.6830121000938465,-1.38888348383424587,-2.36598348114930701,4.26446539772572031,-1.82762589794306396,0.436403197973618207,-2.48314812413418817,1.07176510638023115,3.02322798906376677,-3.69777389180340954,1.09728454207497017,-0.242496765173973644,-1.98848998387268572,0.250022131264886316,-5.1613803694206295,0.172934641606092371,-1.76335434792801204
-5.1794355585986942,0.432329240521172775,0.655659627029000047,-1.70026480213496978,-0.286184460808566021,4.20600293392172642,-4.70709053858631155,-0.414357820974713797,-0.633325176142169211,0.876122191838456743,-1.69859102902754078,0.114321082081675796,4.73568800195711503,-5.11742874577435813,1.18180077683068774,-2.00617693487280757,1.98684381839729074,9.14249008519017892,-0.892082309889345337,2.97510173188373983
-0.296056930542587138,-0.996372120855022136,1.35629585689760357,-2.59078351016815889,0.48724176133398539,1.01364435850902845,-0.627700877886817499,0.811653613551339692,-2.02224450704052749,-1.79637283243190193,0.197077563566180669,-1.78170777815103998,3.3484186891939709,0.179910561379424294,-2.36142639213826699,3.59210666622543151,3.26432583389321884,1.28935162463648378,-4.51402507841414913,0.234950500651308569
-3.02308316834662971,0.537459022141599352,-0.992246604896353745,-1.3364558430252329,-0.475593794209664578,3.9572614717109369,-0.847915745494305151,-0.941531501417140482,-0.56526043792424141,-0.217974246227835428,-3.24666693542681495,-0.790983711324820482,3.45044179872944179,-1.16874842743748708,2.64356011156432791,2.43413663755776577,1.79493450885958117,1.99622816413328574,2.46200851103033003,3.02580012332205106
-1.20047959201417132,1.40926084097476267,1.82840430584247171,-0.151452811052346731,-3.37304248444291099,1.86660086555838234,-0.0569518467534494074,0.412119103510796503,-0.738360664203359884,2.0440139445399117,0.263315539321848591,-0.107459710353684387,3.78182132305302865,-1.58632390049208949,1.08245554020750823,1.43748327641193785,1.10090942647721035,1.17642988996508269,0.650457557619605775,3.05158809522809804
-1.64460102162380117,1.39792940915014285,-0.117512913787028175,-1.30691138717289967,0.993401714868715313,3.09226300705981583,0.283526050549713249,1.98383640844133624,2.36801304687513836,1.07063696800333052,-1.51868466453109718,-0.392623540450894704,1.20403143122032352,-0.475326859466930485,2.40486078170720585,-3.56311106449236892,3.19477525477762381,1.15510820796788494,3.32083975944833787,5.21033744107322239
-1.39948762017030837,-0.494494509243669056,0.543266417721696371,-1.48492710061117128,1.8697882377697681,1.16309791088989356,-1.66729543894111609,0.172255461100232266,-0.455189483869201106,-0.757471217955598242,-3.40167461258889192,0.782783092755647392,0.65042116156153007,-1.12960550972016027,-0.62739112032384825,0.656556098775580299,0.379401806311544132,1.99770629068144911,2.45393864912960424,4.11382895793063863
1.21045456474444624,0.493775116819322013,0.518809081378838854,-0.138883361949057232,1.61988791396885978,1.84690714066389683,-0.269233151596219578,2.31529479456309284,-0.16487599678487061,0.398136287690223634,2.03040555816603963,-1.48544351107648986,3.6524017529431827,1.01645595693528601,-0.317552570257555067,2.62280765813366346,1.84757806788522871,4.19502761317584749,-2.14049426690848499,-1.81763738957222554
2.53438596812528427,0.984689613128111318,-1.34201117275068849,-2.20931619141646474,-0.0686975879927456956,-1.80035399536701779,3.68704903026957576,-3.06328673380917804,-1.28825028534764408,-2.2170363362072405,2.15053440019338815,0.828707921492763955,-2.68753573944754853,2.39161106243903232,-1.86572388962774904,-0.805563369867076218,-0.279396579045343318,-2.51125807605168827,-3.27967704690536266,-0.821109969591129363
-0.553473795430917459,0.488353798558477992,0.327387499479086408,2.35191677049006564,-3.84652853032515418,1.5073532376475276,-0.249917581403360317,-0.614717199709683415,0.721193488776762814,-2.08650678308252457,-0.328298820713438355,2.27489814440339666,0.342192483474657805,-0.0115204891239830409,0.175166217751896586,-0.0793423032519072896,-1.33771054452347271,-3.82528904705829698,0.101643855225326263,-2.20394707868409956
2.85826600279382514,-0.101695842901969327,-1.30441455162828146,1.12702866529939749,-1.53165307553097851,-3.67999457537530983,2.2444003627768101,-0.780311773196527891,0.43115423864786806,2.65909456735703964,-0.609223170375879142,3.83465431115771116,-5.29741534258661595,0.973991295461912543,-1.80752463247464323,0.042576190547106145,-1.52485291234770259,-0.862601612891450875,0.182604267023553729,-2.29855482906148278
-1.31848759323158116,1.03124959447975262,-1.36330090469112108,-0.470150118109880166,1.98359371211641511,1.67299997568241698,-0.991824382400308457,-0.535319201093913399,0.593521482338739359,0.252778407126193816,-3.41304592069046731,-1.31390071297666577,1.44831125161604013,-3.47253599748182573,1.40518434081508636,-0.171780369172890274,-1.47743653032161681,4.73274566291718113,2.6367235850766213,1.72041864473665784
0.476817394154431307,0.202226398609193558,-0.149190402934527372,-1.75677016472546921,1.67968672572407485,-1.2737595082967319,-0.180528287460370751,-1.34360806840129898,-0.617888251086560869,1.85965346315525104,-1.47166004482473345,-1.81003070180668724,-0.920760427054622577,-0.288825201484846139,1.64522789925312729,2.05675113047452429,-3.65034039549272471,0.566311225502705184,3.30733500703709504,0.684700648036660864
0.861869422283893738,0.939458544645139448,-0.635776038231603002,1.57979775673635836,-1.22241316128726174,-2.0169821077513217,-0.110670822234475358,0.414943538633037234,-0.112916733290174168,5.02585902336875723,1.86155099340599972,-1.30011593711377849,0.107264105482591174,0.038934555995226959,-1.72800652559912038,0.720707604048363648,-0.555755664524803517,-4.43762558522394723,3.22893305619626947,-1.13860643658241667
-1.55754284963234491,-1.3027245527556881,-0.906991692724651855,-1.55033419237956815,2.16935752644702129,1.54536946443800605,-1.49396264994628791,-1.2115458900559728,-0.50419679401054629,-0.605184211266190597,-3.35413062184774002,-0.724248542748360036,0.765546623824466588,-2.80535913960702654,0.796538988672081061,0.893781401615385662,1.84555099964199054,3.03230309128344189,0.320932625146802153,0.967473772063181969
-1.36064561864402522,0.171983016634904951,-0.720359127677712374,1.34449272491418026,0.327824852167802383,1.19606212209370266,-0.551207558516543128,-0.350239358846648308,-0.21111000814255429,0.504283016302978115,0.213721679968571776,-0.434916364566342861,1.3259030575802464,-0.0877764085386261161,1.92807926299570154,-2.99802709098480236,0.293210338192299524,2.55198774814305329,2.49729306269458373,-0.82151093886085691
0.174191054771731302,0.494868575712665959,-0.325913786183987642,-1.08501344770381269,-1.82295066765886071,-0.113048089214335207,0.370254066437604168,1.99392039958987977,0.228153408451725104,0.0168616135205063335,-1.56832486040958852,-3.30241992419704156,1.58593333790234059,-1.36009054006468233,2.0919624142052391,1.1808831412944536,-1.93889666833321694,-1.61055597562689079,-1.18769476329713619,1.29567887455796971
0.353754044671423851,-0.0467334126547161097,1.23698372752285968,-1.57599367338873408,-0.929824164809809228,1.30981460097896862,-0.296635552691598747,1.87674596108620606,-1.89410179472159168,0.935066875087543825,-0.691130537957177271,-1.53312487103056139,4.29334016525878948,1.80876224565299948,0.406875374043993709,2.54683697771506212,1.73066707558653454,1.33426454150031537,-0.316499310037528014,1.17531127840829264
1.15705865241354555,-0.598854900797172962,0.113383858046870498,-0.779752574856428127,0.928488672831502049,0.901619428736810336,0.767076894179883229,-0.454133440441083669,-0.676996496095930156,-1.99984835132623973,1.82361101616629084,0.689061388175351341,1.3608063845133862,1.8888776960546021,-0.459175754357305677,-3.0875847578469604,-0.172741577869041957,-3.38400553787437142,-1.96931156434354593,-0.965118857077334469
0.608321150893119555,-0.133759358660954564,1.48088330627847409,-1.62132628650776622,0.622792219890363929,-1.35519875364932907,0.572423201675236637,0.1294563434783155,-0.328918051172364556,-1.45787177444769966,-0.548787243054482898,-1.64274178199644338,-2.15850184372531118,1.75726883631469111,-0.973243800326359487,-2.19871196301125194,-0.585938407661777294,0.644079303877275411,1.66294000218932192,-1.93275957738423498
-3.14127933970590334,-0.784481029603016244,-0.736219308027617481,-0.384908451128996909,1.53522439112160947,0.43750411530176031,-1.92002773586860309,-0.846124777620442581,-0.793686387856482378,1.38792335673101119,-1.69108014665937745,-0.318319284128742219,-0.26575956993181088,-2.34006357436515966,-1.3576773820920931,0.0179175785498781708,0.202155463754596365,3.99178141671094089,-0.0105139709970060082,0.275020476411935888
-0.221618707108937441,0.382028702125638719,2.06473475208653801,1.25086302874620481,2.04725728939768947,-0.663206345333832603,-0.00525275999670434847,0.89035379799939296,-1.15690107374559048,1.15490713388063648,-0.293846438157716106,0.0854968076441476182,3.82513165131322852,0.156846861732281045,1.25498264901281376,1.09622651194768594,2.59619245181097513,-1.42784197679013869,-4.84514544544457948,-0.614573873701985129
3.0242214292530778,0.982610870633230382,-0.230305225433165783,0.290393138777635451,-0.292303367127435321,-3.80813987822811928,1.31552269736794747,1.65657574859543333,-0.460319718621309715,-0.369141134451516362,0.773003436202133853,-1.78812163382586364,-2.6862041368598919,3.28153978190911921,-1.12197967987916614,-2.23068251143471308,-1.52007325405321403,-3.69958211896572431,-2.00041719503862936,-2.9501983818883919
1.03025245220793438,-1.3722916881336098,0.346060013536899413,-2.0166244149764081,-0.942428620814489193,-1.23671381342633513,1.04846082658659268,0.492089621258449683,1.99323532092480327,1.26382654901492764,-0.537488515733829053,-0.33689458932721178,-4.31923607042781743,0.438549275628948465,-2.52816098047227911,-0.480443455689942678,-3.21483174582251152,-1.97771082762007855,2.15555982719815864,0.604123073134409272
-3.21980340567826095,0.765547168324793192,0.119045067904719179,-1.0908233547526347,-0.233717449255690268,2.58964575944958586,-3.00981113126474797,-0.0995181411229937585,0.924763103594390512,0.686377316040332808,-3.51511583436332575,0.291699657733450746,1.80824277346194795,-0.943957495448912387,2.47369771489876245,-1.18136692572965818,-4.41534255455412872,4.20375585584806277,3.74629092777712769,2.22661172415665298
-0.78138934730282561,0.673562902206002567,-1.06499711446380263,0.0664147690082590864,-1.79969420867719587,-0.784061500999717609,-0.154073692283507258,0.00231249995243452793,0.069865765729656748,1.05370391492999249,2.13313789643180796,-0.119705067506700291,-2.46474394524609641,-0.755824576707664786,2.8812792540587977,1.03062423236150957,-0.614645207267917382,1.15312446931328405,2.81906245250051501,-0.895997939759536122
-2.98948761039183486,-0.280999514033124398,-2.32269866824606375,0.169317117245765009,-1.04416071221391538,2.26596604823668768,-1.25599253216693985,-0.0794641539740517239,-0.379105054737007896,0.372881406086440492,-0.9818294551934722,0.386498867817528069,0.648206313319652283,-0.918732242248424424,1.93960061413472418,-2.88308439366699876,-0.0744038964405778075,4.89196089462503458,-0.678027003019381236,1.91332818712448249
-0.195271951443492187,0.375716593161712187,2.98494579297793061,0.00886687063952894955,2.21560397091988515,0.188182444446671815,0.0686246562234369001,1.92196677574866115,1.48070799840705125,-2.63196607256530468,-1.69906951397196737,0.526040951418974334,0.987259874229910905,-1.5322000867940746,-1.74398735170996488,-0.0477173724972347196,4.58999993561292996,0.817241588439901134,0.892811670654078515,0.844005492701523363
-0.991506863852793963,0.386375381443361532,-1.20046565838760744,1.9525418957551135,-0.550768865890991166,2.78085611917304254,0.0564368539474139341,-2.6537794979680509,0.809735927612123763,1.93094409891668062,-0.393890189449595918,2.64310757652551098,0.418711844964791358,-2.19739281216314009,2.54433222572918538,1.38028390862972561,-5.62965025024505383,-0.504594198055698051,2.85108878203326555,-1.34907886965814239
1.85288455050843259,-0.848000297405641201,0.862406620911278288,-0.819325548293719619,4.37971018715838589,-1.1070439231488034,0.928162700772450888,-0.12060839838803418,0.356318172096344254,-1.66506315725528298,0.685911501322563955,-0.707452209979152702,0.344957892216463169,1.52884903580173592,0.648330786164373118,0.107576047373889594,2.24827651454914834,-6.16337109804779182,5.29219098954317158,-0.530926687274478226
-2.39670390366710029,-0.285657443400888944,0.0219688965190435632,0.670193427705058853,-1.83377356562342264,1.3404482000029041,-0.938885905792302577,0.446322665604359903,-0.29327948049823982,-0.69047077620877384,-0.695703653456058002,-1.40398890220639827,3.47608805841359159,0.26392653340460287,2.97079291104260301,1.52154713044593004,-0.35408409651882583,4.39184511516644616,1.61566459087150505,0.745452472836840019
0.506234163489091005,-1.42721959002645038,-1.72965866232830745,-0.0141129660949107279,0.499630104049073598,-0.00238074449737718128,0.133543058205440768,-2.10554968984791424,2.27575695012668788,0.555158709703876374,-1.29954266121195583,-1.799491353837956,-3.97859090331478749,1.2543442867757324,0.978994387785454334,-0.70644752143381262,-2.35057686036495728,1.68321576635842174,-3.09250358469427011,0.195741234573896
2.56608669027409686,0.0445432451035324695,-0.302427249251282226,-2.02207201085237553,0.668429697372544651,-0.312443871490908409,1.36034065829146567,-0.917095066278646232,0.760323383061443092,2.92387607963052565,-1.72550737647391395,0.152629348196415743,-1.71475443473137901,1.55963378173932199,-0.0748545318454672953,-0.237532080212709246,2.03173995238367322,-1.06527688123012676,-3.40242372293442141,-2.85375387293328719
0.0908877497235477672,0.849731390186821756,1.10746356148098335,-0.410742379703580407,0.562201075765409564,-1.13977459096252987,0.0982037170882901211,-0.0858957430966593022,-1.47450197299081576,1.43873156090975352,0.627530290978509875,0.97506923528591638,1.7320724739888691,-0.0524266004419145296,0.8049494578884413,-0.0793607684766278049,0.0884223919959004484,2.54941813846356968,-1.56665439601273437,-0.0152254041614452197
0.863809585331698271,-0.424697859747213524,-0.800898362513279616,-1.67813151270014416,-2.23628228338198065,-0.509214685431726322,0.23343472343336083,0.772218634830140083,-0.354259896219803527,-1.7419116619842383,-1.7647460345894419,-0.233426530633369766,-1.3512659399237863,-0.528306387542974654,0.508144726786666445,1.01945084505898365,-2.42568110807420867,-3.334327360191637,-0.812437132237732174,-0.082636425211092171
-0.368781634426689597,0.343391377455391389,-0.388635781740507336,-0.361965579420092054,-4.75301953608174621,-0.131973373256500354,-1.76074889139297874,-0.234273918569053302,0.757163533979128833,0.531468816156538071,-0.171859899184592463,-1.46352116820086176,-2.56864216920009536,-2.21673166701633084,-2.76163898898040605,-0.859034470117397198,2.03790123521768907,2.05138877709018885,-2.74748752158986376,0.584687027942267012
-3.28656648056126066,-1.24105401161214846,1.06616961248360642,-1.40684059620002966,-0.90860905886390908,3.79313396336471564,-2.871138938756852,-1.69662205299288815,-1.44175707015605892,-1.68847077270977497,0.495318917241359125,2.28433784135016316,1.95094622715458721,-3.093755587298884,4.60824032145871065,-1.09439447896414177,1.99935341189250759,6.31173098419292611,3.88076106392934372,1.46670381150173412
1.88358775529380873,-0.745766898686796798,-0.117600155175939913,0.414895958288854727,-0.618676410888761796,-0.615845240987200393,0.671995689593349654,-0.811440911291940403,0.961820069680855316,-0.167178284135750171,-1.84514625215920103,0.0606057361650611942,-3.04115769548111325,1.31284705883858499,-2.10905561138748476,1.5363985900655357,0.402128436434666781,-2.96943230914098377,-1.9377671596764563,-2.540288060198864
2.22402752795655045,0.268251056434929525,-0.80591431708467598,2.13348569604569871,1.78367906403216647,-1.75066830905830018,0.997382972749077279,1.02309338057465715,-1.59116859085167883,-1.61918395710794139,2.49298815905335935,1.91013194506954043,-0.0394462219107216752,1.60180266569757634,-3.5207944263322668,-1.82006232386428057,0.870651717373357559,-4.07912604005461432,-3.51137442808305078,-1.79423073526540944
-3.04361651331619232,0.848893773425569376,-0.287355678895706124,-2.13874207726154175,1.61512807581871298,3.43824203380041427,-2.24742597643064856,0.286896568551367304,-0.479765313751710998,1.53089351031233023,0.975030075780403682,-1.77269418479020624,2.97615003332480077,-1.7139655062040442,2.53993626094403036,0.368730491003349037,-1.71033644386782679,-0.11226012820537061,1.3286629991125436,3.06784087444032405
2.08249839965271644,-1.27633283976205214,0.658165688875456345,1.31017853574205079,-1.23546770471266387,-3.31602943144119733,0.541995849528153717,-2.21325136348755303,1.10096227621295606,-2.29224096908916986,-0.460426499607673012,2.73413364628607436,-4.57074950524068147,1.14863822657919168,-1.57316094015179431,2.05504198104152591,-1.03984045025813177,-2.22304516717009681,1.41133244658582546,-1.93841294388002172
5.7261754568080514,1.26724654362012679,-0.737048182941766994,-1.78122816293667485,-4.99081001594115037,-3.23184617492851212,3.1175463192008781,-0.430875723890564721,-1.96788899084835633,4.12794258183717755,-0.6804359889485595,0.363012453842688154,-2.32900275851807192,3.27600470287439016,-3.71187350883055167,-2.96225170725314735,3.1881286987448525,-7.95161817065050602,-2.92106486864493275,-6.02762134680544737
2.76933467911139797,0.438431012588617997,-0.644093892482574093,-0.00668603326535090192,-0.0782457025324185401,-3.94750776154158745,1.62269822652586981,-0.328219788173976068,-0.874435452505453736,1.09763590139642919,1.85367813372234447,-0.286165294876107479,-2.78419525607009577,1.79069067539387627,-0.657432778438603038,-0.564500156131303998,-3.98555007981423826,-1.02270597748299297,-3.41458661479558589,-3.08617586195832772
-1.71497382884824145,-0.660942576503944168,0.424652725445062162,0.919503319472469216,-2.59707254112427188,2.12960929823136658,-1.6158276385749839,-1.95740540426642995,0.610622817800358764,-0.522767216142779767,-3.48142701733831483,2.1916411671008138,1.62658123960718326,-1.46104516362475878,1.31998693552057822,1.22771931135269163,-2.5401811186955312,2.813355491646365,2.82342606128939666,2.53452793920312347
2.63410208460845174,-0.66718708302395302,-0.864394900332360105,-0.967218525023544884,-0.595911209851023305,-3.83824503178914966,-0.508022535734204639,-2.51320852067094247,0.453487407814650079,0.282667423247350502,-0.412286545067757693,-0.0300103108114884443,-5.3650570716215098,1.47694807271498019,0.436027097569641198,1.55986756264618864,-2.81475554916344262,-3.45752002904794242,0.491621321011799395,-1.47981995428466551
-2.60099340691551451,-1.28638765108828923,0.505668120227749873,-2.3467145969521388,-3.49595315027172227,4.57667736762125088,-0.821405873195867442,-2.19390642967346183,0.0899479113635188454,0.276448970275891881,1.00071204248554424,-1.37711780884363799,3.87983788421073772,-0.610400581602959846,1.77800228805523486,-2.18853871981693215,-2.32244864298025311,3.6671369147468611,1.07598495222449442,1.85976016534773847
0.30793753516774347,-0.0830140963779057856,0.923456439514189764,-0.97300879898586623,-0.0588651668582461235,-1.38615998832659137,0.213641521125999378,0.512885891765944568,0.0525026403673723233,-0.939872537395026852,0.141462964909659344,-2.00847864984223889,0.304114823027515357,0.669561123632049893,-2.61481037294832142,0.82757264076668946,2.76885533115059124,-2.29104634583862987,-2.46372765856269016,-0.385184091320929511
-0.607524153079572637,-0.395303248411228714,0.944047422994566787,0.0197086643045888618,1.46908197808990093,-0.212470923931820266,0.676842714867147865,1.1440232943254709,0.682658560668641723,-0.524703085615879194,0.538045462848672496,0.393142290883558121,-0.808619715845517173,-0.459137171954169143,-2.05287966301339164,1.12653128866477203,3.04350850767023395,-1.12942421472314258,-1.50001640806932235,-0.230741468886460188
-1.15343440287384391,-0.438651155656732072,0.123434695481035098,1.88913941465869217,-0.116939535018104113,0.799012368661017991,-2.0026409569698016,0.962585333226851803,-0.222001168135378069,1.24371531910701716,2.66529236784803025,1.32331351198551772,1.72287528897111386,-0.9354695622783753,-0.0249503054825832536,-0.246106694956276656,1.46234233720885221,3.11232373317978794,-0.159699395897363317,0.642670584758992081
-1.73709817556783497,-0.518192579484095139,-0.104013392281632505,0.487840528709010401,0.97544755452831311,1.28626003713173964,-0.386478297859982334,0.631711192503981001,1.94058648114076115,1.64332631434762022,-2.77090049617887058,0.0051718828121142613,-0.93549535452200272,-2.35641004425998046,2.87032182390834478,-1.08827174855688691,-1.99735130150111817,2.63091978706615004,-1.07002127797023494,0.657261528789609084
1.27148274884514056,-0.0421766308478052146,-1.50099033325827302,1.04172934733578915,-0.133072816923948622,-0.992400824192641418,1.84633788704909652,-1.94591337085794724,2.29500125530508159,-0.0515539444724886498,0.0022559799007010016,1.62980288620428504,-5.05196106772825981,2.797713569891084,-0.301943997022719401,-0.951004728825806223,-0.137636399046234204,0.437661099518689423,-2.63071127918195158,-1.9378635862064626
0.616944682505052522,0.65954651207348014,-0.0784388766351012678,-0.319825943182786732,1.86158380749513919,-1.512753813366015,0.00211432106297355449,-1.42276578146082011,-0.741375902493233485,-0.344795538460582807,1.34678376305648784,-0.523591141220581147,-1.8950685380568717,0.509311946075701849,-2.83499696128163992,-0.397769368861938755,-1.1400798028036776,2.61665014055842127,-1.99281093903297291,-2.59508455472086874
-3.86393536819923478,-1.56569481276734912,0.466471598507116336,0.95474907112849805,-0.518971301588095124,1.66522080477193657,-2.37067133045427658,0.829327254007417913,-2.47446745597934381,0.974592314949716654,0.943008562078042289,0.601095685432882054,4.03299523459288523,-3.24988469947713066,-1.49392901662573574,-1.32631920522042002,3.63534685725612272,4.01624793698315496,-2.11385206754627886,0.509014822271226186
0.430131022129758511,0.246090732026976705,-0.0655393295702976497,-2.82408236447880512,1.31273124491018045,-0.79182751057775147,-1.0228119686969086,0.119693971078826136,-1.23254619352229278,0.0734850349668316333,-1.05984099753791594,-2.11458806052747494,1.02089304106007472,1.74112764342576876,-1.0159751511656101,0.65462589979346264,0.479976627810102363,1.66763114167481241,-0.771547960758279916,1.58573756703711632
0.804191591350846502,1.20882125278020713,0.0998347418379380985,1.33621139231412411,-1.34694830078365513,1.13819974029930071,-0.0915064943114031332,-0.973812295931474448,0.363836377221423646,0.202173225061169054,-0.99392609122687936,2.16894158867211839,-0.0714153676955364275,-0.582943212027176139,-0.837777365793628159,1.68071189696943946,2.82737661105781202,1.01230355242908687,-1.96447800178096177,-2.53814133761035121
1.09098534583429685,-0.602229717962542321,-0.163112568562835902,3.05089669738883096,2.55666693316849747,-1.21986091186888412,-0.684802751825916989,0.00620896743912609846,0.943700809762932025,-1.74526415173413652,1.76489866298953402,2.43888419557451774,-2.52148075897286361,1.24040423020490853,-1.92255693737588262,-0.186163528714206439,-1.26059532476259495,-1.93693562480026449,1.39960773698350405,-0.882908849381926597
-1.20050221541971625,0.535656936202686396,1.47454825428497638,0.523470864738190933,-1.37251584660954107,2.00926270775621862,-1.05752192437436721,4.33548078476217924,-0.825161969868414502,1.36943242046190372,-0.874705161557501665,-2.54546911907111362,5.44186338325444474,-0.788823030590168228,-0.624381615597083384,2.32743628151532711,2.91608629629967897,3.79407305757107105,-2.36021569448528235,0.801629923010693468
-1.7551756147516786,-0.310914844726023654,0.505842831766830314,2.81724467565193715,-1.89644087545173345,1.91701002383729624,-1.20054230488990599,1.11786482385908981,-1.31062603762789709,-1.43522431146370932,0.911293021854404528,-0.11042125652821369,4.11799255621066607,0.267078898788174479,-0.420263793299372967,-1.93491341476436918,1.69356496756181985,1.27994573208386542,1.10360713746845307,1.25571524308963522
1.6676131806160972,-2.32192558018944206,0.0810842224008851697,-1.4193032687192535,-0.709214487949965666,-0.973424869233912249,2.16660253073332942,-2.90021580241344568,0.136126315905542777,-0.548445582243255125,0.731223822004311796,1.22245849208362478,-3.24970011200259545,2.27141975073217273,-1.38905296878371232,-0.179378627666259782,-0.0247503300637554741,-4.00471293979327214,-2.03645919794413377,-2.6329965074546875
0.958477751817281676,-0.89787611299267911,-0.290807551933079111,-1.26270058808291985,1.28403758395978773,-0.260221376237892543,-0.000873102531975803202,2.27983709368607768,0.60440827234074268,-0.945287931175453289,-1.7747352015259541,0.341618182885485511,-1.07860228869600272,-0.469302806372693726,-0.469965428026418108,0.537017725982128602,0.149935820551555632,-3.20581836207874504,1.76750619257961072,-0.685531909691129426
-1.51159467841167983,-0.413757483815717586,-1.37734415274578503,1.95355027765296141,-2.16230986753185439,0.612586236724467326,-2.32800538459003947,-3.52728107575243532,0.437428224469929572,0.394486768284923572,2.11862378304798904,3.49380858890302992,-1.74980097410986724,0.0881006850185293428,-3.25403387711962999,-0.295432474153568381,-0.841760916924239488,2.56268457611078171,-2.79680662225319487,3.04855834200204479
-0.597055459852473325,-2.82033760206658179,0.56360944956492165,0.95375935827594005,2.64101548876275416,1.17757277632875867,-0.622212367358462637,-0.0826000749710676246,0.150772511909003676,0.891685972641965252,0.0542418094276987325,-0.7836187417101661,0.734860432985545819,-0.390987518830092529,-0.250145227634879674,-0.730912100698829614,0.408804480976146134,6.08699354648381696,0.0370269805021982215,1.51888150674174072
-1.20400793550388663,0.184072302131403631,0.733179416590084343,-0.179466475547370441,0.447809281167023676,0.817753449857834047,1.48977828155927461,-1.00218138257262823,2.00702034610592595,1.00010450832766717,-0.19365506152210743,0.346009753881949211,-1.41307218617798624,0.318834810157238857,0.859605458601844785,0.199620188989362485,-1.1852146527592029,1.00355249099868482,-1.15059333365621264,1.51233641396200458
0.993877321330352004,0.786759359248399015,-1.2739043022628187,0.460254889085697949,-1.04535073940993883,0.143145926887125574,-0.949604968505313618,-1.57129101004485117,-0.917866547622853246,-0.636484043779200981,1.07490047848855275,0.0985954067059421763,-2.17725462342615828,0.844180969652228774,-0.835536037427905609,0.879664000222403764,-0.463627863325989709,-1.81653314344171712,1.03509168163670195,-1.62675361670861252
-2.78944313755309059,2.77361708644553717,-1.49986887538839153,-2.06456135139172536,-1.57766645775882797,2.40712169780718543,-1.80815615937791208,-2.83326738229484443,0.356531709759603854,2.30631674855352831,-4.15581925339168734,-1.2968279631536983,0.414604201167104947,-0.469205804682504002,0.718392549428463201,-2.93697748717285156,-0.366555104960449796,4.75019756663448156,-2.42562201491474605,4.95351837390258343
0.568425017204698846,-0.0565097089063198027,-0.896589425332393275,-0.280547435691736069,-0.925689082415648512,-1.86265256307753169,0.917392027403893251,-1.76661456746293544,1.16024710985237545,-0.738147248582710525,-2.83731705649097554,1.81711052817373897,-4.37241753078117767,-1.24930487598126283,-1.33018017030868485,0.89527596529458664,-1.83949987044870111,-2.31438876667748428,0.0357134344706724616,-1.39028994436946274
-0.302022759887290493,1.1399683347192433,-1.01710057055237146,-0.40778080962608948,2.700333942687966,-1.04136712764118045,-0.898838846103836131,-0.471329811702228929,0.2705121087090257,-0.548415926401466192,-1.08480591624521927,-0.168999518939962234,-3.0515875736603868,-1.07182099147362075,1.13063595953697771,-2.57282416860292518,-2.43374907942253671,-1.44316021601150779,-2.29969982259715433,-0.628526236247671677
-1.69071163701963956,-0.302519386417215652,1.34829423100720902,0.894899550402607491,0.145530896655623493,1.72621316853990781,0.692989529476757626,0.764505155256697488,-1.3735782786991535,-2.91491679069134513,2.3423190913542542,-0.968387179505791229,4.55633497008534238,-2.37013164643213692,2.30462679858604913,0.62576627933920026,3.06454003031842115,0.61204670270216821,2.43903918281812304,3.1352660011469724
4.41468190362219737,1.14091307406820119,0.184279100299794912,-0.573059469617892892,-0.221893564852929853,-3.95206767564548134,0.936960487600679182,0.00823114937202128888,0.708212929479760889,2.68584139320138826,0.013281416698243299,-0.465054599948885927,-3.4068491344502192,4.40384678965893261,-2.79065471437569279,-2.92408422883280394,-1.82488166591777201,-3.47544207232315561,-4.16722331873206819,-1.57058172794649864
0.501342349666182407,1.86740970880622092,0.664100527522201611,-0.876364957589926719,-1.78951986713775524,-1.52145040232235318,0.927550101971656549,0.642276495252375179,0.295863418545138979,1.53589105480127208,0.432499101436164379,-1.4617663756435626,-1.96579880118267702,-0.370766865790008615,0.123805409685417395,1.25600372563506246,-0.0396740572340568282,-1.25929800308110451,2.24484390799046674,-0.431354742031227367
-1.75572538982970117,-0.0747074552103166312,-1.5344036365426339,-0.124257389656424716,-1.72317464980554114,2.03845492886016766,-1.88580939942168269,-1.95255302787595064,-0.89573222794230889,-0.167224662356637049,-3.45301253248728512,2.27829635002271713,1.95941201702689227,-2.62026967860928917,-1.76003969608043964,-3.33101317871058011,-3.18376176832887925,1.30180831603041525,-3.47840055158706729,0.707157419246375429
0.213991683847201075,0.188794446551861395,0.886271333455073362,0.360659642694814875,1.22327407154080725,-0.592957814100099512,-0.248554209933021297,0.673188889603534846,0.777894622544730296,-1.65075584571386536,-0.12537209031656027,-1.95596729374585521,-1.90741105519275655,-0.118540051292328225,-2.80965175927912458,0.0912685482857194114,0.283350435517218557,-0.857813339751965387,1.27561083348096238,-0.481227293391793931
1.16155186025515778,0.00713882918460567815,0.343436802844384104,0.0427362682133955035,-1.32245573071437739,-1.17873638680712989,-0.0742952803267059314,1.57569522688875385,1.00553319771235405,-1.47889806982989969,-0.152460969380347144,-1.20534761791091594,-0.0758487780906759307,-0.451467787228706008,-1.50367515763218806,-0.556625419271002175,2.29000110553110803,-1.79952237371717816,-1.14269846813208553,0.578787433898670489
-0.0415242906914508186,-1.75949048904679151,-1.48109062632628352,-2.10353552775360653,1.077554663844559,0.607402212109539485,0.729702518112181564,-3.28848870433560103,0.455238845100940537,-0.0482938515558356124,0.171775885855511373,1.76777928128719286,-2.66789343152170533,0.391617834302447843,1.56927009792859473,0.640279194468783341,-2.39457488117802875,-0.613764451211041173,0.61034274501846475,-0.522555820861167364
-1.5575504272727887,0.397657260199957396,-0.0395955838410663383,-0.837633265891655876,3.39509220620217622,1.06696689614561935,-0.531068830699248706,-2.27240159069037295,-0.943070411695885014,0.558783651601674536,1.281264892327308,0.728873013521211033,0.260933137419350869,-0.0379899469866966932,2.1850239856086402,2.23343152340038875,-2.11652185011196936,0.682663224444696959,3.93294300177225686,0.00356622765270440522
-3.07085138426511639,-1.53302119004502502,-2.30440432661224026,0.331443044799764663,-0.0624444481965637024,4.37150229903325016,-0.9075073491168546,-3.03985017399574753,1.01287906234941039,1.38631018735296152,-1.9522434609111794,3.96301132891115948,-1.12656304410984753,-3.57387507689307116,-0.558985105080759492,1.1512828127010879,-0.00801418982471547442,3.95278300295324359,2.78498973678934236,0.331704265075330629
-4.11571701499641307,1.50556063959381037,-0.418651368066905727,-2.05421842397255983,-0.866115796902121482,2.70784357878971971,-3.7850396219903466,0.539850714625953687,0.896565789673131719,2.63578126307964133,-4.18026862214453931,-1.47447132116017876,1.09187927579411781,-3.13175007298595309,0.375599200326580229,0.521002965317209021,-0.379747058494122047,6.11945113580319511,0.283318821847765079,5.6819955266794171
-2.56022972993570708,1.03862556740106982,-1.15578214187387762,-0.322013707233398172,3.88048366511892384,2.27113913882318696,-2.48927149967579497,-3.43211756133863721,-0.69040139113171628,-0.154246015479433174,0.135888560012432463,1.8037149710281204,1.01789836507831155,-2.95304979827773328,3.55070641853427249,-2.02145259739128669,3.48544648268957946,5.07592401984341368,-2.25774811694230015,0.862488305313931614
-2.15756032527892039,0.751082615391394537,-2.43231597333561078,-1.36388243783715168,-3.62658500998251032,2.64621918898095876,0.0213169296213526829,-1.65831683370354943,0.342172782414488785,0.564190661106104718,-1.30623344736833769,-0.29192717794756734,-1.89538588261714702,-1.2843801703031632,2.85626729615852026,3.36289539601836074,-3.5633749790397129,2.72931091854730301,-3.27830243437237456,-2.23685495894276931
2.47258305172805137,-0.931789679967186646,-0.19336612742589232,1.024733263773842,-1.39650529620870789,-1.44133780287213864,-0.166475840427957572,-0.0955417570027181778,-1.54204932973872899,-2.2157802400417852,1.33346390040073892,0.90722986272352979,1.25513146307327372,2.57844941258694016,-0.787362230112555683,0.771484490217594021,-0.988842568589903048,-2.34334574967519238,-2.00036398802211535,-1.20122195281973276
-2.88035275005137814,-0.625174822231425287,-0.921613658329128893,0.190112638566097059,3.15713151468955866,1.78455514469163101,-0.594302783727736816,-0.549355009779489145,-0.325239716152862013,-1.12433684140412082,-0.989111216126182469,-1.31927859766104949,0.700087395682483904,-2.7903573080254942,1.41640573865160158,-0.343930857275472901,-1.48109899788794719,7.10189689888112063,-0.253959458658638115,1.67026025994607563
2.82880620387706738,0.249374583108736753,-1.31480087716783145,-0.819235183473123296,0.684218742546884084,-3.65284964420803338,2.054689258045165,1.94139157272534146,0.70825783989074842,2.56536119012283192,-0.712964209871100096,-1.08996152742803787,-2.50674906810892528,1.36109712329523425,-0.842289451291414526,0.300388542459315344,-1.46521837941772337,-5.79200019618194784,-4.05573217443996636,-1.62773171102899972
1.25861690044173469,-0.0785121259242649583,0.330996388742188785,1.37942794505546118,-3.79748258873272881,-3.01259701453197293,-0.161730230141327619,-2.71638592749390551,-0.640023556221306578,-1.05277161669962704,0.888049974845580903,2.27004017919328893,-3.7148415559371748,0.0715370370451423043,-0.938330864459688607,-0.695316492859359925,0.693850039078293901,-1.37668339738943746,-0.0317799862863710827,-1.1032527305717752
2.33298563369231227,1.81102914571921825,-0.247416599790944963,-1.60498558704655525,-0.770025545394344424,-0.975752800236273865,0.69766595744186688,-0.207756803738187029,0.0907710023101297864,2.16757526906703468,0.98421930246948397,-2.47178329583574197,-1.4031332401465566,2.1726541503458372,-0.288098858707084016,1.23235698169794294,-2.68508404855192273,-3.41354383605894141,2.04730798076397802,1.32520249143551805
0.268536684113034274,1.14815437207856896,-0.596772695349303772,-0.477299230488022863,-0.388427963252901298,-0.0684600715006873084,-0.135870768451276047,-1.35732113438810043,-0.0219763951731338121,0.594213265351844933,-2.31912163751129841,0.184645078776973615,-0.147096962855979285,0.4000456337625658,-2.23437413925446027,-1.59269230493167946,0.606222316198991806,-1.27847142227008947,-0.0709619822734358918,-0.272844790121780423
1.69481038014351704,1.57550717922072336,-1.07134517281574504,1.40966183059867278,0.498566214751483605,-1.75827208085871445,2.40798970621528552,-0.311505949614210187,0.17005632061558934,-0.213407909819660874,2.08734052537543668,1.77857933739285734,-2.93694591207134703,0.550212161339698302,-2.68531992328440561,-0.476477821437123639,-0.165089747517011581,-1.35068375867168355,-1.57132664190433058,-2.01549424135097821
3.60841526080460584,-1.37246334405755888,0.549639887006438177,-1.44179064973854421,2.6001533710025666,-3.88493919245277652,2.35501652160369357,0.024973348419255522,-2.03347394318391306,-2.27439320805170819,-0.148064952478695416,0.146826654401733009,0.53348467259974619,1.24026189140973964,-2.7579046554643214,1.75021283535905536,3.21347532281453097,-4.41366152644780563,-0.56556138504296638,-2.26790353027683089
-1.23648028880600869,-1.68323825736865529,-1.00547150243018257,-0.90173181239186373,-1.51042287023046495,0.543162484190602535,0.696884643333429921,-3.31540667794102317,-1.68635056672762373,-0.880990273109342081,-0.381360121423902021,1.1008949144327711,-0.252520549326213761,-1.52351758230067902,-0.0718779311831385243,0.798117481955963548,-0.0533567074839936609,2.36943089043949895,-1.33607645992345514,-0.681577104384386456
3.57556972646883597,-0.649234130814947741,-0.403914678531489379,1.13734009271361347,0.540095564374156178,-2.6918407050627029,0.998943318975235695,0.538676593893324118,0.334769572163906293,-0.69501272026256633,1.39661113787454916,0.392475188078612647,-2.30215289552241664,1.91420197208115783,-2.92759294450936869,0.525526450889366004,-2.08278667954307473,-5.59903732288932776,-5.04837111731777721,-0.541684204341970177
-0.645255950860626593,0.805740952202307015,-0.465702094076414774,-0.424385903473104731,-0.598965774424801922,-0.76466540131060734,-1.82523817770434316,-0.379557853363984232,-1.45683108807190553,0.59388527363911936,-0.336568824991269611,1.53749244362488291,0.406844821718062688,-3.12765437952903946,0.845218262423310773,-0.613678248867619902,0.691737586434422291,0.314456103203577919,3.54640171314430175,1.82883435292745888
2.18647561564000759,-0.830210292959509877,0.683883404994322652,0.792017160365376283,-0.345311302467673331,-0.926977358669060725,0.691210189852762058,1.20921734597724506,-0.633420408168790527,-2.06563069067005767,1.58338028993762592,-0.43829457260183835,1.27204508449200127,0.103541725270303378,-3.29580367686761821,-0.816087957985922485,-1.76496511933716804,-3.33243237411957471,0.773209826573265202,-2.02106234119565986
4.02293394848925256,0.70121429703834337,1.33031505922804594,4.68160977291085789,1.1774449719866602,-3.71303197814963815,0.503806106391776587,1.292242708343327,-1.49616928899583446,1.75265549377877861,4.26078875266001411,0.993619071563301204,-0.763498791975878111,1.24103128213278868,-1.10242483366201505,-1.08958867614173593,-0.418809578669113669,-6.50153318429804905,-0.0523528541262340275,-1.47002154124637263
-0.911564848349069923,-0.267088028608396699,0.572322301949280354,0.0554033580258853423,1.39435292067901706,3.03430406357992499,1.54848609342769095,-3.28583687880622444,0.477512749665426117,-1.05235063772961479,1.22163701758861531,3.71190329750316916,0.95382244876220279,1.45754019516872213,1.9611868475777825,1.81451249134589476,-0.336893584313100514,-2.96258935034489923,-0.953426030835543781,-1.53342718048680515
1.85865629582469971,1.08587550777879716,0.2032370768951203,1.53049097303694293,1.94220126326460751,-2.0708119342041682,2.32943178680311647,0.0242298546425558821,0.60728341969952937,-3.19278756789539964,1.96057420179885145,0.454209588738159309,-3.36289845150032196,-0.351396800726764769,-2.60450618322782956,2.95625664980732061,-0.770027775329868547,-4.91668845726680104,0.697577165226641371,-2.74672952525658909
5.70893278318492925,-0.0322643248031783611,-0.960853052610626479,-1.14982316146997032,0.013867230312802209,-5.98923000329228294,3.89584215390324218,-1.05849521453972084,0.958691734772541881,-1.43157816611247157,1.23597965395175047,-0.418317332748604387,-7.66049401268020169,4.69722343120386476,-1.94656322753727595,-2.43288837645997136,0.0274101407749611399,-6.18099348971304163,0.0672852167379120319,-4.28239564201344169
-2.09075396198018293,1.00915343460972617,1.13823696164948251,0.472730621552489239,2.94211044595962701,4.42952476406466467,-0.181572923878981662,2.9911932039430309,0.00510756733641384679,3.58731020560125247,-2.50844807124425317,-1.8815463331425184,4.7985759174699929,-0.644999333208588932,2.61134880926577706,4.01897158334991822,2.25746446931808631,-0.753884518185361174,3.3108099606774597,-1.29432717899985672
-4.02015204185223585,-1.52528999263643827,0.337645252385992523,-0.389994077749937385,-0.979041117785879877,5.03002156980798443,-0.216302295045738724,1.11565306271384967,-0.895731481757642389,-2.7475311098128512,-0.0273977465894327046,-1.33076980239691345,5.3513721483788057,-2.99471301546253743,2.7470709121286303,0.587572003846008717,2.89249440932918045,3.74193619927965004,-0.570980587968812903,4.03495949047235047
1.48486893030347744,1.3486737547761769,-1.38414152496469312,0.879577026346181512,0.305989176639195448,-1.35848455566089998,2.16712835633934242,-2.8320533515246078,-0.197172496992326668,1.70016255899916646,3.5967886951947956,2.0882439060336293,-3.13511661856485446,1.74004814181893108,-1.76247770061979936,-0.679048661014032606,-1.92947227200242488,-2.40920988432717786,0.387206048793161561,-0.230605278374066969
1.04196304261434891,1.59306764539589141,1.67065329817632202,1.20765705135605117,0.897089708557819998,-0.530155440675264766,0.665797971376958175,0.215152698296823069,-0.356300297249490472,3.04647533225722755,0.932064082556634865,-0.897415892216344657,1.200236334689881,3.35070540877502943,-2.02560560551120439,-2.79776462958716898,1.55357134878281022,-5.07931226263959434,0.451449543766971384,-1.90904547558911175
-0.959022941813397534,1.20241222173515361,-0.644506869067798194,-2.0275300718559528,2.54392149035349036,0.0769256781047046728,-1.05590236805141657,-1.46323471980858844,-2.287342517131016,1.19101592830555902,-2.47746968893819597,0.848907178234100557,2.92078166475345702,-1.22623610317399656,1.49601623062888134,-0.848090175618377629,-1.48500494374059633,4.82713240368793262,-1.58720543284262772,1.87147770836969451
-0.074228699951393598,-1.35614026040035918,0.473586789154142707,0.661407459142564491,-2.82428274474140339,1.08305672643228434,0.120109652999421196,1.88446858678022178,0.569494768628569847,0.214783046781944098,-1.27666790146924902,0.280664393036183568,1.62097613848392119,0.40038437167315144,-3.09887164546146998,-0.997919817682715093,0.702861530733347117,-3.42710671720104942,0.340873909599536951,-0.174462378478117713
-0.947219307815310163,1.28535901029579658,1.73661603800305486,3.0033529819609619,0.614671619419949522,-0.310216674893257272,0.112062951993371671,1.49536050448681812,-0.237883960876015821,-0.789709695285433888,0.73137938480212572,0.577202085000863119,3.06417021854927274,-1.17962571857654352,1.06753247007734764,0.0258074973373218497,2.84495224169878425,2.31332028889844921,2.54141544755792825,2.22195649845906962
0.0515085001787287042,-0.532129043505673471,0.05611176187007276,1.11142997913886155,-2.14820017575344302,0.125113851164015744,0.674596664459522266,-0.651005005763351963,-1.76491163556311981,0.308600236773418968,2.10729015530451358,0.493586720357760522,1.08164436613721504,0.802303000425438007,-0.923677487183613644,-0.223184919450574282,1.05062197322213824,-0.263435798017207234,1.44192607063622269,-0.663731681185540601
-3.9708734852013241,-0.214576335847277061,-1.23288920461254903,0.00288506334654170396,1.82760199803849765,2.67386702657280662,-3.10238254997383622,-0.0478620262110573264,-0.821346200106385815,-1.27618459443935217,-1.86802094136924168,-0.0291005753720723938,3.31923946742453202,-3.95096735816932165,2.789449957497661,-0.156697701629394448,-1.13718203046423771,6.81678424332747568,2.83264582367579498,3.70207006475269562
-0.0121251083257259609,0.15311866145445921,-0.541161963610533259,-0.392318011521957666,2.2226127026204523,-0.523461834642150348,-1.71047026010936265,-1.7568447223636332,0.212331066987069605,2.5956478569257686,-1.68422905412235058,2.27111373687497098,-1.84115702290291239,-0.036427985493615575,1.87054859025468945,1.51141291100106012,-4.12482028211009144,4.0314695827561442,1.16306875973828161,1.87323159485224267
-3.19922746072921838,2.04141830781686595,-0.350621303746442459,1.80479577739952002,-2.45422473809174813,3.89220733751971304,-2.41000997112941162,-0.374549146547692335,1.720541771443999,3.73018886080251644,0.916519443683530111,2.08716896065869406,2.36830453678286545,-2.74098170282233911,3.36860624823103993,-1.19434636930056892,-4.08849699377481723,-0.0239054981955059594,-0.0654444619795714194,1.95589096042376087
-1.37437241268306676,-0.500695755481100457,1.12286054323316842,0.0765656061533704912,-1.36260198680844069,-0.0950853649279995439,-0.989083404687244316,1.54813394576417873,-0.757886581040696727,-0.713654962260773851,-0.788878514674825504,-0.716312814383407215,2.73038060162899976,-1.66400561979867034,-0.205174634898991737,-2.86233494971317137,0.116156621015912148,-0.999235174587588149,0.895953740915437558,0.625863285491543242
2.41557399969896958,0.802608879515206208,0.758361781992979767,-1.47883479938017071,-2.37698993622522581,-3.30457370201626066,1.78439840754297907,-2.37240592689708052,0.867088551899707793,1.21673145880721156,0.917679463708574339,-1.3637921644697435,-6.13596256890696434,1.75641613029485666,1.51096743682066581,0.533683966528625042,1.22504502633295842,0.300724155027950857,1.55935484930484436,-1.65589440760670481
0.399819126531358926,0.525984005807861976,-0.529574112531499219,1.10128060246097936,0.0693123863426253622,-0.720613286947470955,0.0779069755971207867,-0.0987243862618846224,1.23919863813729059,1.07223945674218313,-1.75272740450372,-0.168647879260272943,-1.61647049260124498,-0.604303800469393804,-0.656043929865994913,0.904040235556342275,1.7293412175916647,1.30852972044297733,2.41865816473367579,0.503743893940732712
-1.79922404603666575,-0.660695411157245838,-0.0285801998333325494,1.07469660582848903,0.42237214862907424,0.305984289088810368,-2.69445001307454479,0.528714046676864946,0.283705263057787982,0.791586891220713684,-1.27917367919481895,-1.22845419880455387,1.20340561012579994,-1.8573692542523923,-0.352621996640114233,-1.37633948667980266,-0.199191947077614839,0.821820943675096061,-1.2780084904920157,1.07675062375475661
-2.82360383330936981,-0.568269532533388189,0.162327879284314802,1.55656770611880768,-1.33616885029619858,1.33266891085407257,-2.11283622156270656,1.50504174875689167,0.487076867760310117,0.499192091679903083,1.70477670329654218,-1.01677655508573994,1.78248038950196408,-1.45278635998268668,1.2804857018858038,1.68079536624120696,-0.889583375762810769,4.50417966813183224,-0.708268571851420892,1.85696933717018497
2.67351553081250337,0.67816999367970332,1.62774072680451498,0.411125638973462326,0.193390794685986661,-2.89719684862781257,3.11509320217993713,2.21340057669786239,-1.42855137012375222,-2.90626947476448194,4.25972340102166225,-0.447133274637321942,0.0674839209305596738,-0.0666571292838486484,-2.71342848600770514,0.203608401723912952,-0.0628281073417595176,-5.33957269265975132,-3.18344739635038465,-0.737706289822606887
1.60582049459355702,-1.87355279725016444,-0.711682614910824851,0.0503490283166896993,-1.4440812528715854,-0.868667119437239732,2.42694050559829844,-0.715018449954580193,0.200915568539527745,1.88141498623284242,2.81021403501591305,1.66646861796314583,-3.35511282357116736,1.65173193947802854,1.5455127932068542,2.60012670398964874,0.0469318311413780206,-1.47549987497509094,0.261726989122721188,-1.37908545131657645
1.16873143206835972,-1.55708796349292267,-0.0177563468988090126,-0.957786944146332475,0.730347339527306905,-1.25820229050674648,1.92240830638872895,0.347650171230157401,1.51782415118591185,-0.512112322387175189,0.171345884666827541,-1.40066257457489574,-2.44641149480036768,1.36911378326698685,-1.23358437506983831,0.811532535691534607,3.27803851200479412,-6.0538376933776652,-0.302391889872695496,-3.49999553560955912
0.791611974373371607,-0.371354558105300991,-0.389996890260371709,-0.547131725773063793,0.2855372012935527,0.410282307424899018,-0.22688234317681702,-0.904443191147421999,1.72637812499809917,0.790235825348234999,0.620211636648151043,0.00362561100309204652,-1.08400466821267671,0.588799897533598293,-0.733226860039633777,0.965987785773529728,1.52093577821564763,-0.134086373153709693,-1.29272497978069567,0.984203492456750761
-2.15423357446870245,-0.0281102080870680969,-0.0736978063695347962,3.34122123837843166,0.663345964777403929,2.28824332845256118,-1.12152483033814598,-2.03753531641437702,0.740840929060791242,0.8210335011213995,0.764170157439297615,3.60128129067795877,-1.1446027483142247,-3.88948241000438344,3.99046207240271977,-3.40022789391260316,-1.99384209227466158,5.4733569146878116,-0.00838225256344795125,3.49783705546405566
-0.905701622140037244,-0.420907021683837257,1.0619411125396474,-0.173887700934990563,2.33366585438860463,-0.660463888471553906,-1.63232760054753712,1.4046429537803462,0.82923607864277793,-1.89648913176247058,0.545810953671056587,-0.0683693640194146107,-1.00816767287070141,-0.640252576769382853,-0.312850525376857536,-2.83595395465496702,-0.0822458655340072842,1.23746018190269469,0.977343707094874059,4.19466332052145496
-1.27323603021745102,-0.00563191629086664831,0.211177681382139715,-0.133296619744302708,1.95253286935573622,1.09909665025919323,0.416974963264706899,4.07121776082365905,1.13204280878566488,-1.82012673670826297,0.68633047807353964,-1.00807287310485405,1.85713367140740071,-1.08404945307713629,1.0022723978735375,3.48322042108084506,2.09782560792118078,-0.505810727555066508,-1.00468367692845839,0.84587925525115204
-1.54795301421312481,0.376637029255058764,-0.291580692320393464,-0.684870383487424128,1.7292910914889017,2.17211281336585271,-0.926070955902259185,-0.31086978173745583,-1.2051286807170416,-1.74770748509582163,0.155316354402718515,-1.30807332151814881,2.08751575639683962,-1.42813502129706826,2.16055336112558294,-0.330818027061459075,-2.31911412100603309,-2.59176117987761279,-1.31611475082504059,2.2005100310215111
-0.29309972071360535,-0.491100229637247421,-2.05175058936495036,0.422965970769278055,-1.51185154732787841,0.314255881463736231,0.0271814065928248257,-2.55579808224763649,2.05141587854229002,1.20646780176718638,0.777944302809801536,1.34619964580293416,-4.36513677118861221,-1.24603295174874318,1.00824437513391874,-1.26512153846271458,-3.7776681180620808,1.66000225250120903,1.06517551877193983,1.18890879774311453
-1.85997549598586676,0.376046407071140343,-0.45094515823654735,1.46830185369001498,-4.90191144215738994,3.01529225453124861,-0.121152024529961919,-2.06631566661637622,-0.302584422555837729,-2.772288526508627,-0.633421773888034223,1.60867177837309305,0.691314927490104814,-0.578791932934732078,2.82982085241788228,0.719042745099402802,-0.444165386800620732,4.61505048826628794,0.843212512101864542,1.40614039256845236
5.08692509439682539,-2.49898184683994362,0.335397521679677402,-1.39792457081999077,1.92595032642042718,-5.95189248941139226,3.63524670298588859,0.876688796305668538,-0.827837171019669471,0.303474982030959239,2.08569884310094533,-2.47470531470076693,-3.08620047391631491,3.22455478318656752,-1.81392432605013698,-0.867311191268550497,-2.07984566242106172,-7.06288650701905141,0.897932813953799203,-2.92903784175868598
1.25552388572339324,-0.132101916361082899,0.483665271883861825,0.685247816671329169,2.4832379466248975,-1.55076167412376309,1.00396213991022187,0.614726540263119903,-0.0451843414830668949,-1.87108328020918546,1.2900077090496096,-0.591533025796433187,-1.11537942133156776,1.86892896581888768,0.0174447067345703602,-0.139755387211072585,0.274960838168490651,-2.81836333114287729,-1.922367433321299,-2.31755527328140465
-4.08812625831952836,0.483331413048235625,1.33064767786861449,2.07356239449422608,-2.29600569372571384,2.95640170127990887,-2.68298741334118818,2.38484762328632138,0.575855932181630448,0.612000407769690447,-1.53791410877790846,-0.451175388778889963,3.63494356300969912,-3.11090922622046051,0.716392628561294709,-1.15281349641347575,2.40073382467617336,5.63631644524971964,0.0752538310894811519,3.83527490729013243
-2.05225973754014879,-0.268522151145703214,-0.529897189782274181,-0.856712529476474915,-0.166016192339702162,0.913963681884465196,-1.55448814162900995,0.0987553449377495535,-0.00420945471705218982,-0.516993857659312717,-2.30206061559989106,-0.742345136925960714,0.890515519123772914,-1.05626981078638327,3.2625515701532688,-0.33882133000757636,2.03285310737951797,2.58070934945580754,-0.694334824612497181,0.886828870734242325
-1.90781032636022396,-0.691556991972519852,2.04296033874675498,-0.0577924557865488533,0.194101819611893739,2.12426449570145781,0.373139971614541432,3.09936707990855664,0.55157680992017788,-2.38587503388169475,0.564319261052388055,-1.10442021363423315,5.2601648347765666,-2.23326333985115699,-1.02953115921463056,0.837252803526367662,-3.27654350719426857,4.56052550506670062,-1.48731393258101474,1.27540659872370776
-3.3168595795040261,-0.940019695195466243,-0.460013914849835115,-3.30058795272929695,-3.91388344681273415,2.43985350133282708,-1.09434806090471426,0.190123877929371354,0.489366719002571837,-0.808233466441172888,-2.69867609332544012,-1.84179809459597621,-0.650682921323358143,-1.41234858347926262,1.93300202222892414,-0.168646042990652528,-2.35793477323702527,4.86019793695508184,4.07394686812735163,1.54475183153619455
-0.350977001304384972,1.23245178457706372,0.758437650012031672,-0.970244359382997579,-2.9815172562353025,0.48997117716643307,0.639199630065762081,0.207412185834968704,1.28924504104578652,-0.666513910395990505,-1.29209056726754046,-0.951752512999600619,-1.90491579560061863,0.511800883882098101,2.32523090394683241,0.520325328040700641,-0.197479146828973273,1.76614680130048818,0.412784355473141684,0.281510831309280452
-2.27043560868582661,-0.0775819905194118503,0.426161799881241199,0.535241276952434508,-1.10383297251209123,2.03007779924466458,-2.98379059858582885,-0.595818957946780969,-0.489339132158467027,1.67547917893229736,-2.57904619806512247,0.104624088229299111,2.65880768448205318,-2.37803045827106097,2.75817641816876469,2.60725377866163699,3.79037593890017588,-0.0145106933806618509,0.831307023936276646,1.16755225397106233
-0.638616485214714591,-2.68336054337012353,0.562814622163803402,-1.40900434104469174,4.07962004553611024,0.952670515922488303,-2.04041292811532271,0.471946175359774567,2.53336213748523953,-3.96536103760427805,-3.62287714983013043,-0.799209895429265571,-1.08933633647790495,-0.0192477162246145403,1.06226500952669278,-1.34390660365386294,-0.662153808543412437,5.81883453861424105,1.73038908393136515,0.736254626580036264
1.46863549612021482,-0.169560054455517445,0.75561990401275736,-0.566767843054734377,-3.05345443395121352,-0.475538728061139948,1.31160647576697897,-0.976049185170267064,1.32087945246654792,1.82359461532797251,0.301540783959051928,0.96378569371307099,-0.881194413833160328,2.41353526379142869,-0.942269932745889549,-1.145856202070062,-0.223765614741556845,-2.73262206488797732,2.00712505975219546,-1.85691961790813753
2.58990342231415704,0.267660590983296032,-1.37499121061443241,1.28169949713606623,2.50195192054493809,-2.34847077597445031,1.11496398303634936,-0.528720439984308843,-0.758589804364039222,-0.0479459091942588747,2.79454750585354761,2.39109772466196713,-2.38282637106710737,1.80903980336581438,-1.11078046703575306,2.99274985317395847,-0.00474186848563478737,-1.83930283290705976,0.355462721459918196,-1.09617961369790895
1.17609243663142848,0.741890039686580849,-1.76911142794031151,0.629500107777087092,1.54076618003812071,-1.28141279033359723,1.04952561733298722,-0.695223504664305159,-0.653590681613184565,1.5690442200619894,1.35244539642646888,0.429753665441201027,-0.266914128816180929,2.51929378274900762,-1.67551859660802482,1.85136686520925431,-0.412910474753131473,-0.129843492117601184,-1.77301824872157221,0.640833994711742294
-0.8273170399088694,-0.0269013466872948005,0.408373399610745369,0.0129872281966256324,0.956687746709343312,-1.34356244937873837,-0.929435385787932389,0.851539243718779315,-0.473484738307851316,0.70415593155771361,-0.0516160987687581674,-0.415427164204887012,-0.49904017739223,-1.826360505039065,2.43396108007263789,-0.235939201271345267,2.35626452561484712,3.06850979792071632,1.78018372091954213,0.710650702337721984
-1.64652739582811902,-0.534068734252693744,0.0640521582183959104,2.14724214785263889,-0.095147311920189187,0.654837175096302126,-2.57227788866370988,0.308851216712327847,-1.15534678115943024,-0.325741585829221025,-0.821834449575492121,-0.337023751156995677,1.30253399460125707,-0.130558194346615225,0.650271114190477784,-3.96499838468563581,-0.190915937885050735,7.45566727670424267,-1.14625376920496969,0.625273790892220016
2.61424036442949737,0.825137286806956194,0.379834401847906011,1.13691337914747526,0.348612258972204825,-3.53904741120591915,2.38163966218742695,0.59634294375941399,-0.604022626299192456,0.602150918109734423,2.58239559586789902,-0.205348257742306001,0.125051478441976532,1.48268864623108598,0.27745795085063657,0.163281407928964506,-1.14750349586462796,-4.95691161058722152,-1.5962329169979188,2.3687805734570917
1.03456840609048473,0.000933103785359067398,-0.182431545862064365,-1.90362751531005414,-0.431299195910094635,1.19112038797391984,-0.185528948028900187,1.30200812286739387,-0.368774101196274962,0.895449764180880403,-1.35954278666129036,-2.72346227000848318,2.6137140277754316,0.507113210695706806,-1.8765169796889607,-5.53532169609048186,1.68207799195284435,-3.75943446887491151,-2.17763504427021815,-1.07310500486695215
3.84261830417532479,0.0794761830633217148,1.52937283497502685,-0.508714795080424165,2.54385361201980675,-3.41462083247657766,3.74152280363597356,1.79082042818519627,-0.933529857297178078,-1.08323720522734024,2.78559687469970596,-3.47183779942604076,0.219285691435165714,1.48863926302865601,-4.67314527291900017,-1.49222235592859409,-1.2642025216459738,-5.79330601728332617,-5.63562558897037746,-1.79657982822856899
-0.790425488735667092,0.272877517465879238,2.13717221126596701,-1.20091278545517777,1.31706476181930365,1.69894441683819108,-1.17150866044381652,0.349295241308732352,-1.27903863307494348,2.25989342497397994,1.0154117665622524,0.671898724750391474,3.02658301952588404,-1.68774900434418784,2.74031598797644582,2.53022332781568826,1.67332511853814569,1.30861179066062827,3.22214556391888074,0.84391209019964053
-1.42929760954736595,-0.663453390782139496,-0.479056290102170268,1.75402911270850015,0.684244711232036562,1.34533480014941587,-1.47151218439289444,-0.274828704481723973,-0.516192209692964754,0.477116828843072494,2.9129080092033619,1.49266796039310501,0.694988447399003784,-0.656508358171210449,0.782004167016902563,-1.08409681401815328,2.87840751299916953,3.23387561040930516,-0.515859869324124531,3.76524553435668041
0.392983211470367633,-1.1191497666257928,0.299395509014679262,0.848386584947518396,0.658443103555554243,0.288192389194859566,0.652971796034005902,-0.813764116804448601,0.280796788993050495,-2.24802849949638528,1.88240232927633544,3.79077869021771274,-1.1354182232026111,1.82216496450381071,-0.474239199379192067,-2.57649560989615978,0.709868242742130451,-2.18117964506433504,-2.17532706393632402,-0.289372280815261451
3.38914636631167054,0.673546511347634658,1.64194690338079763,-0.961816498539090459,-0.338586517694186295,-2.83132589010159874,2.7282460094625911,0.684011589259796104,1.43318548456191674,1.66357748816563289,1.3480873732308134,-1.04407472618711572,-2.02953630337553204,2.94792521359931081,-3.06383603087185064,2.40859355406725761,0.9633085988925284,-4.9614469571570945,-3.08744518393166434,-1.11151179377325438
0.978624162965159639,0.754380192842058928,0.161664336531436664,-2.5239875669910794,-3.70257498959299847,-1.38035506940570873,-0.224367952483693817,-0.925645980403081436,1.55036689159446728,2.66810372033541832,-4.79673261842476428,-0.866830442783509625,-1.04580842574580912,-0.25593111020057302,-2.20748551016147143,1.41236144272801201,-2.83284359324282864,0.708751047144487334,-1.72614966072892839,-0.946608950569327257
0.515430203451440416,-0.711216804121877488,-0.356089051634136289,0.736699741158321819,-2.64419065795954777,-0.986019268316712827,-0.00933837482440618045,-1.54333757781907499,0.103792937873960003,0.281982655940167137,-1.1227380578605648,1.86776238128315875,-2.10312334706622783,1.50636003470979807,3.19153878239758271,2.02988809684243021,-3.07327991312750726,-3.24377290166260135,4.6680903077519309,2.74433392383856489
-0.373069489042225033,0.99528777556899295,-0.993487745115245069,-0.229911328409520388,-2.80656438205730785,0.741270758767412885,-1.01505146276078606,-2.12304625475609976,-0.673251801813731121,1.22155287280932234,-1.26258497035141937,2.14065557947002683,-0.540882064052083611,-0.852968205818144809,-0.763521408488040509,-1.61957175590667957,-2.61710952428880494,0.532143480198564833,3.19808466836267735,0.362498454297122907
-0.623242810317825913,1.31983284172459503,0.2174559969925485,-3.31742111525922834,-2.31320234679360537,0.388306124618202408,-0.700273682984219104,-1.21581948777709692,0.876099652870062973,-0.351986546079462559,-3.47049963396700489,-1.73076424417273489,-2.12187047109164917,-0.743351499101690072,2.20860815280475542,1.23034017856626821,-0.794970618012563857,-0.791678918815513555,3.15671503251449881,0.717031484970020894
-1.13066901748770188,0.5436936998893801,-0.377443334820598331,2.81402429338263316,-0.913751436987538468,-1.09553451910433974,-1.33873347193955894,0.090702357970636846,-0.096799068170851682,1.984755505881723,0.49887973007291686,2.738564917387178,-0.149368524329011293,-2.09054936319363094,1.55293336164438722,-0.310322417704174069,1.20109232688326584,2.1744922567135414,-1.12958647088762754,-0.125698436138728525
1.62435653096927868,-0.115347533099649763,1.47658325438277083,1.58613210350051093,-0.250938046111440771,-0.555654599544978978,3.29563361068047289,-0.655123920430037643,0.0568599479965239893,-1.35384137917153979,1.9111328752593304,1.14369956971135522,-0.262044217680434566,0.714248820090206626,-0.238920593613841686,1.09929548087936246,1.15067724644419767,-0.413838133262672769,2.15646444794919168,0.153565200464666207
1.66975819843580653,0.870447218274239765,1.17327718601124409,1.03619864495965008,2.2739467750536968,-3.99991231849776829,0.433208196068266549,-0.227990753354212317,-0.0140052111821373729,-1.11116174546545987,1.61683717397821369,1.42544270859377531,-3.75535251361546996,0.207358305849385999,-2.72387066773900965,-2.07728841729902403,-1.93461878793491704,-0.815311310770689524,1.00609659943526153,0.736128302888505948
-2.70255247466587756,0.528467316671068499,0.901467459717785635,0.648834095887063866,0.987233836033518664,3.74900154711926792,-1.67044403565868849,0.702941883324134098,2.27103443294963192,1.61056679039232176,-0.825708577598760263,1.80902898957056002,2.40156744129580879,-2.00102133249608283,0.458822522367205665,-2.42227187188750248,4.40785643949963113,4.02345691269493244,-2.33278195482547712,4.16010829941139093
-0.620892028615783853,-0.760117886765853457,0.0449620675030104958,-2.36929360992873717,-1.1601355349977045,1.21922466469218294,0.192406966970057047,-1.14348277407570076,1.54859737149973564,0.44154629380637811,-0.27576857627430601,-2.05494807697512272,-1.04762127515008863,-1.38733802210519119,2.55883716480581525,2.11561410193123312,2.01897378969457586,-0.186665056514134925,0.0346778782681537376,0.39395801352416332
-1.39759170999475857,0.206020112931578903,0.913756060598719055,-0.502603283868082173,-2.87201416781677832,0.301991850910336146,-0.0652359809936438467,-0.0947435341849988122,1.49063800836041382,-0.278189631832177986,-2.43747774843171294,-0.577222692233946955,-2.16934061382700749,0.56553227870663314,2.4514178342916142,3.52937852983307776,3.05984041011791508,-0.715328758801419551,-0.358101198135914123,-1.77900197408306249
-0.53705557123988501,2.51963361539710995,-1.2451252499385268,0.988509627675363989,2.82527318196543975,0.771175778369581177,0.701377178429602233,-0.378665977074806426,-0.455108161331903571,2.15038455065380685,2.92247386407862075,0.489694482113119389,0.483485173409725855,-1.20630820983620568,0.504947947282968101,1.40010174782372965,2.07193168597318866,0.680341543401359328,0.0692723789346567642,2.18308154007513089
1.34087493224495935,0.0588000426704337886,-0.94134555623296412,3.32715493710623056,1.15236993928751241,-1.59102987595351508,1.07545067509802816,-1.33224568477409111,2.45013684754062178,-0.393373215509480734,5.01652171662622415,3.90808004751327998,-4.5393237761512264,1.33355318485328356,-2.09976646359554264,-3.34304477251837584,-1.88756250862093355,-1.64643916287041914,-0.120589732834298385,-2.14627041652631334
-0.611729676131178568,0.381127070591527506,-0.689696861773322789,2.0615488872221932,-2.28799083356531163,2.46445995700621667,0.542060820908569441,-0.187938479517286761,-0.00156547614977280039,1.187985895752107,2.81974929878358571,1.28920858379757597,1.33318890373338217,-0.4568218573692161,0.334627599676440957,-4.161033081049065,-1.37159702265708305,1.03418250380547327,-0.961193989512775127,1.95216839502556461
2.57004024261056463,0.925124238015996081,0.121554225530500312,-0.859755623213895426,1.65085934030439319,-2.07751027498231045,2.16047625675249266,-2.66823043210354749,1.01828013591198507,2.43621130841882394,1.02678048734182981,-0.277348931052578129,-4.91561107970259314,2.68809761094073263,-2.75775843175710822,0.265816639024753609,-0.992386964770759605,-6.64975600534789191,-2.86901634574476061,-2.09317505809271598
-1.75973738116053435,1.81544523716541151,1.6386387113433023,1.45989628803598648,0.427489703570774204,0.637401100962990408,-1.61527427791391531,1.82230561789535161,2.55876845015896448,1.50793935760781395,-5.24495387507999489,-0.10528870229589124,-0.285188509678800495,-1.5081006474261478,1.20280222001099579,-0.728350930983264422,-1.71098642415859015,-2.45937890790405866,4.45737258023450877,0.495485784822723929
-3.6784262441589326,-0.956007059574442764,1.13876724448612165,-1.21956775041044141,-1.32891202744043779,2.52652909230924427,-1.34074528135207482,-0.409408136453695393,1.58193661725253887,-2.23455272942170824,-2.68317838413240528,-0.546687371208859574,1.711518062582434,-1.55838100966121473,2.9073391467298122,0.0271785034427092127,1.8374671403559184,5.37937816960418047,-1.68976117900527512,0.15291291564262488
-0.885877848726490225,1.02199738461231915,-0.427280042695548312,-2.01586778833903102,1.17899883002171402,0.0785435694445523053,-3.66984225808158948,-1.81107577324581648,0.559015993486918994,0.525694864348264179,-3.00765099517704337,0.185620886405472224,-1.2135448724296003,-0.348960382014794179,0.211660078015230707,2.24697074035495392,-5.41492836191500437,5.21733682794515108,-2.40438595093143004,-0.272010675519022471
-0.486747805903627428,0.280078655046060665,-1.029568615836989,-1.94584275318021271,0.770789148810665292,0.607427233366574115,1.27129979075502342,-0.356871851995361811,1.07060043912287228,-3.73483538676865612,0.516340862004675882,-0.852775868682038918,-0.344623847529082705,0.358326782270450062,1.18447329094201326,-1.56134726457214379,-4.60395288116016932,-0.176931750883642741,0.293494881604760005,-1.40821293032979722
-2.53316152103322212,0.448946593528497584,-1.49438270769385495,1.95225540358969019,-0.390847555959994264,1.74566880304635541,-1.16081299505174762,-2.71990044563998667,0.45012486675456842,0.182575095234814438,0.0299770171187643264,1.11732704249442061,-1.86290554887975679,-0.922009103954224418,0.643627176342257634,-0.036591084613837338,0.248970403090326586,3.5792627123308316,-0.78199155771576645,1.81736544676271672
0.667698778586464425,-1.65482109136134192,0.405337625222913445,-0.385239062937964283,-3.24203013930797646,-1.86270450603174886,-0.215851785705671401,-0.224022278639683881,-0.491042081185492807,1.33619849460816109,0.5984675926240276,-0.833608478714811696,1.21797913143458203,1.00202348032069533,-0.643047759447785916,2.75930689189814116,2.30195580435870362,-2.20760447794410952,3.49799350365835471,-2.06833169312885268
0.318723463929813211,0.488629918345196423,-0.119193914992873615,0.946224126704447666,-2.91034961254853775,-0.00122798246969518235,-1.78155854226489008,1.22716842341992005,0.0338036313691126786,5.80768318843379294,-1.01524388652493913,0.125534354320021746,0.521792234583684067,-0.301554684772257275,2.29724712074974713,0.697930430885328357,2.39487323179613476,-0.120433711857325737,-0.608289566989128061,-0.58827811178308409
-0.358463702580479604,-0.161396280758381583,0.27325604735844794,1.5823051892155553,-0.381068087877752038,0.864235677399499358,-0.635681656891616376,1.78340464261226872,-0.195816212688140034,0.102096418752701576,1.92693302491742924,1.16847105936843509,2.06806459158444156,-2.81040662454065027,2.38705425417625028,1.75264971529108315,-2.65884459047332378,-1.21016958592128265,0.875212232050597727,-0.645956261287021438
-1.01406112266803872,-1.81537521557434789,-0.132875042084095257,0.386584246710227231,-3.59618431212401113,0.135586680206131183,-2.32565382841577728,-1.09012703451148796,2.09840951126447361,-1.88625778647444142,-2.2267158557940534,-0.00473104503274238055,-3.44330254507937328,-0.348721839414722956,1.28045434224966592,-2.70936126183650794,0.726779383951486446,3.97725794279813938,0.476729914636520258,0.111293280261874294
-1.87110977439140247,0.478518483179424359,-0.366199195279653389,1.84213614481441734,-2.55659045626609061,0.184487821849706357,-2.35783373023494169,-1.94009290024200354,-1.10057565068685892,2.03919856575175462,2.51197188213142963,2.36905652260299693,0.346644957995399017,-4.07075294823039435,0.289547065081062815,1.03914998613514742,-2.62572979229676484,7.15568441176312131,-0.548642636071329237,1.79115355860915337
-1.40970683857397572,-0.669745769414587744,-0.213306610040789962,-1.80121770745207055,3.50884287633711178,0.608339040116886665,-1.00529210773454691,0.594955967129282781,-0.452557006681264029,0.498466251895266554,-3.62941656550579062,0.215874258310791489,2.52632703723394725,-0.709748523351230176,0.159951481814747026,0.0706520385970751952,1.73731364350333561,1.11228654132941562,-4.69310972932449566,0.482803202568252821
3.18504213082632548,-0.321157683846953201,0.0815503360588025888,1.66361448025524639,3.25692888599329278,-1.28603954191623515,1.31111194433082257,-0.482622040731915392,1.50081920293602922,-1.37381362184411149,-0.166548597893175693,1.09331512126457731,-2.18923293118876394,2.21385509565460614,0.367586867031436393,-1.58094588909371403,2.76931190483444656,-7.42327504093498991,0.881593327639274005,-2.37853207918983145
2.15521086015779773,-1.52731604179055735,-0.639505485191324885,-0.883748136542084839,0.305553922826520163,-0.568061635350838534,0.629955283302680802,-0.464411439699099871,-0.711214142805295935,-2.01382023982618508,0.833915832028141013,0.0466167344917429241,-0.835828415805806024,0.0560271744579819153,-2.90601897539445542,-2.75096665246736949,-5.85115362309687459,1.0017215869647087,-2.61889079954874182,0.984310799820038884
-1.98182329243518018,1.33166605489451251,-2.34497866295791368,-0.917318187093791648,-0.839967452676584792,1.89055540417385926,-1.21956001629640087,-0.0825075650435206226,0.693986082251262348,1.68118518508343895,-4.44534974896025847,-0.509070196917641993,-0.960511183966654247,-0.349244465257500414,1.79526698073525837,1.25225592205822123,-0.657540471250193881,-0.427193525963121545,3.20249177525044182,-1.48196092903585375
-0.950431063256009123,2.70446579031615641,0.779778622098516561,-1.83604903592466884,2.0115430689458802,2.09841050828096209,-1.13712391700427307,2.06022771493764578,-1.15339937892780364,1.50998207219546288,-1.72724980170487208,-4.79481973282360308,2.90004352788953801,-0.593223760234267372,1.94376628167489307,0.994094844820090251,-1.29728512696514886,3.42567159806635324,-3.48159397738302312,-1.63922493717383544
0.266076459238177687,-0.0331322237851048654,-0.116444822480802165,0.816589624889360266,-0.831899574377845674,0.985419461565838817,0.937525833802549169,2.57208588290528217,0.72617715754083334,-0.168486411312249978,0.558172521719713211,-0.164701246909110005,2.38979896568154171,-0.486196844852637033,1.37637136630195256,1.24874011776553728,1.92416324003047312,0.406764600731187864,-1.04697801380051936,-0.782191655428824406
0.515332770245902072,-0.523863541380501285,0.0897373592004624687,-2.09967525015466983,4.15233022982388622,-1.79695717193742488,-0.85982820475655819,-1.98736167777879302,0.166088977524671083,-2.88919976780279342,-0.434211728237427652,0.355051643055547428,-3.30001259280045245,-0.279483894765972296,-2.21581399776740318,-2.25617442562735171,2.00891700020362629,-1.74931527571798107,-2.18338889258503199,0.0239377440360764165
-0.687184347939722606,-0.994802635120116241,0.339282279546286758,0.247409573183780235,-0.89217909384238181,2.23617305884731055,1.12080148264643809,1.60857386260567004,0.240463924664681195,-2.56262420032222193,0.0774852450670086429,-0.89962287162567911,3.91703721309146236,0.299698416567905246,-0.959479401740447657,-0.234345560813842418,1.76494437676867699,0.257648442806627243,-1.96261172194905775,0.111093040310111177
-0.327761828864484517,-0.0780170578406136905,-0.895892929561307283,-1.00104302417542534,-1.41414636477059963,0.511324919005526235,0.386965220292976975,-1.13198817933383933,2.11564325106181306,1.53333305656870111,-1.5699419701422066,0.281973976146759397,-1.71240611705422952,-2.66990585762031918,2.29518744268874109,-2.60774278619210875,0.822869522061770664,-0.882187552885810966,-2.20179493759200273,-0.703415207507119056
1.76466832603407231,1.20892761605733035,-0.771098653364055808,-1.26881894341104129,-1.78943491619615225,-2.2999835218014737,1.94597307643777562,-2.62562208432068855,0.651315217318064077,-0.414906762001163609,-0.54715500868912148,0.955693154328338679,-3.06739290248016516,-0.0398358787196346278,-0.360934833255884158,-1.24272322445073913,-2.28920368589141665,-1.06046776608524795,0.451570891238516237,-1.39639907284922771
-0.773398912912886094,0.563187692516834204,1.23593464418648602,2.06623922992178688,-2.10473901306369093,0.788557953055122662,-1.14801232562121469,1.01075824238239176,0.437470685797614833,0.317374553871982934,0.468757593175133547,0.718496216618790484,2.34305072122126168,-0.12758273343772808,0.051175996309754182,1.30076685598045194,-0.574044920403690928,2.52755384361766122,1.61598182734998486,0.758343170943365341
1.41652149842540021,0.359501502173385834,-0.632452367836119356,1.76004475919766668,-1.86895575167205363,0.29060583127280154,0.731240866284521784,-2.59017218421440987,-1.34769867548018074,0.724553728297701038,2.28912178046924142,2.80094732438065286,-2.06049256540942416,1.43383641883442725,-1.65805422076990117,0.456488682886813435,-2.46861872023944962,-1.60646812751598467,-1.87259523828950991,1.08677240450875856
-2.72073132712469112,-0.895189132324823666,0.674816133419904096,1.50538962541589383,1.50079611540591817,2.3654679575556532,-2.4838271392070852,1.44973656841562359,0.549430061678596982,-1.25833564108497997,0.126073417813336031,-0.381833059596554503,3.95464602310175684,-1.7632424573214831,1.1845012685059928,-1.68658039042229912,1.82114951632617528,3.99439856720996822,1.21270584470133191,1.70365401924902504
2.3816186799907757,-0.677731879438638551,0.152210050076362485,-0.569635049258828352,-1.43267396797889579,-1.81473285422825614,0.158350754502843805,-0.901220708757790256,-1.55573226257159214,3.02969822158155822,3.22913540389112796,-0.646720147800393441,-0.81799121324400148,1.33996222490840178,-1.49732973190268259,0.716790753981716655,1.35705223892100979,2.01329746708857638,1.43150412327304055,-1.19822118402270616
2.32442455795183367,-0.868697972208418046,-0.461886770623660736,-0.0246279658354560567,2.37877103155403313,-2.19886316818104577,1.49014565279496747,-0.256917965766800038,-0.201397781415928845,-1.8098251786977444,0.740723842847717528,1.07463767126306475,-3.99824017011475874,1.08085172913147298,-2.1238208002958463,-1.84708253392457644,1.02328005741115424,-2.6734440113161404,0.562298814610992181,-4.7764533719641129
-0.00912846732294911659,0.14603806557456403,1.75099727586833076,-0.43829710852341397,-2.46266850153604455,-0.863000807918906876,0.889330451928420973,1.89213557110915764,1.48159786246522485,-2.67719424236000947,-3.01264603641154016,-2.61107831687508396,-1.14379501544948559,-0.700986277531202018,1.79265630228947037,1.50314269723218019,1.8042912328110976,-3.79219069562281197,1.5662782888334843,-1.20420499680737181
-1.16579687053967862,-2.42824153350730931,0.911027998033432818,-0.651917502153848138,1.91614916961442838,1.04717168678561934,-1.4990906584960062,1.53079067815267633,-0.350514881501892639,-1.25492619281977746,-2.00242735384830484,-1.27498510824600797,4.71641440710176951,-1.44941586668566447,4.44486897336659936,0.597806881593949901,-1.95301133635805813,4.65597781496159957,0.784412739252636992,0.173247894669408875
-2.8305575707416657,-1.19300742447399788,-2.01153053582210228,-2.24741471248906421,-1.35078390564942952,2.55662237709699358,-1.33243219106827393,0.223795455618225364,-0.816498380625394038,-1.13766292956560955,-1.41429674155019636,-0.763783853415654579,0.519321772942550441,-1.26897180261399423,0.612079516630074316,-1.81206279856079244,-0.978954071939692749,3.12749066667463271,0.561552917718861844,1.26436049358744085
5.25208853985310142,-0.261340093721898703,1.51367568027572719,-2.48325852895997912,3.6761529886005273,-5.62443374638909965,2.08811224727977818,-1.91510464419597271,0.721508540979315605,1.47861525254683635,0.183165185348558912,-0.0144643809000827763,-5.59650262021072908,4.728753600354894,-2.4636556610313245,0.00261041071479727396,1.71301164697646513,-6.71644254048373934,-1.65648183560683671,-1.72395111307534799
1.0841442623633033,0.587823487693498237,1.37661771022046153,0.467290510425102001,-0.701787568882233481,0.112157860718219884,1.16364837134204491,1.20652314837772945,0.710728509467714709,1.75871535775075882,0.677960931010349599,-1.50961391939333489,0.57243005886889331,0.683358577653654709,1.83024784170573507,-1.20722706896333087,0.390557629933783346,-0.525345773821084716,-1.94770860438980242,-0.436209815875656048
-1.56069922541304851,2.25697000520065716,-1.08879071037012798,-2.05698096368747274,1.06059722114559496,1.39547826446770018,0.803812297639003082,2.51865733712075279,-0.13841788019038595,1.39751505502243445,-0.63842514583901655,-2.01010926222718256,3.42110274853375484,-0.0189086463767077634,3.27869409953445823,3.18712454052956096,-0.550024171301770504,1.63211263818388375,5.01888953176847874,2.61752408470360853
3.12546890964086543,0.68214169078685527,-1.31485728443930472,-0.540187130908258317,2.59270206774022416,-3.00435352146819223,2.33825939863119636,-2.44860846848451796,-0.364123550947461683,2.31087946373659037,2.34532656547199903,1.67531929745011121,-4.03845538961977191,2.16565932684764384,-3.85382598868182935,-0.499516940302175527,-0.274640653200185936,-5.70052701419812191,-3.00888612955664891,-0.665486312418303361
3.50185985387309628,1.22549686341145869,-0.241073231813561356,-0.728653737032799675,0.600249575026058579,-4.33185513697955482,2.48471152781134386,-1.07776615474365123,-0.921174932515455791,-1.1732328469317812,0.513147431703314005,-0.231062610414131786,-1.02080776484794389,3.246824898401663,-1.81193270014944807,2.88427823854159637,0.554437899937684664,-2.32200421085603326,2.20349566150706577,-2.74258995950164453
-0.561711039467301498,1.0411993540828457,0.741685833850846632,2.33204237854091145,-1.98979438249174323,1.25783756906179467,-1.13590876463638391,-0.945238141860732073,0.132998576856432182,-0.399928781658843657,-0.181819712850239484,2.9647471469094322,0.304713357843812593,0.00235063351557355344,1.92928923660958773,0.786880178738969427,0.0105981972010730854,1.47966662023298245,3.2966496882159193,1.09093157682711661
0.0692738931161067384,-0.382688465360006835,0.220746849806315398,-0.953395107886446214,-0.340786863707263299,0.33246415587737993,0.288326022897368806,-2.17194501458583966,-0.602895450609429173,-0.130387755871982702,-2.23825718299497112,0.999019905345659653,-2.13640522602775151,1.70382038369835498,2.92087145074582732,-0.939005680183288671,-4.18249119389747381,-1.797427638502749,4.33172994875564843,-0.185829643625892243
3.29033624700951544,2.39246056024748288,0.302273472177509051,0.139759301646269901,-3.16026274616240999,-2.68642764986119209,1.79303271138700504,-1.16149518682541641,0.328184613122272095,1.81159511060284384,1.49069515015376464,0.662787011439831875,-2.54780901229373136,3.7724084159834339,-4.55412803829736301,0.95526579252863697,0.837007238997726888,-2.82429060646972196,-2.60442882257383301,-2.08367923477486849
2.69319758172879187,-0.0160177885286085474,-0.137664965961152436,2.07315020691329677,-0.314855160656260291,-3.93319511145375467,2.3622119728986406,0.170398664867617955,0.677006659550961287,-1.59396008535353761,3.03118749781077401,2.55185688073575978,-4.71460488987640503,1.05710157415535644,-3.49862841341360609,-0.179807084579878818,2.0905463345349955,-3.8029529523595107,-2.65879357810719474,-4.04204635677525737
-0.725447096277213377,1.94919001583181628,-0.786210769152249189,1.43818352577078845,2.68070835599655899,0.59677206420076101,-0.58402017794067751,0.633633043750377767,-1.70138436235742918,2.20578642900085198,3.0802770301319482,0.78015715909867378,2.8188978012925956,0.486156147819587547,0.134960490618424495,-0.954266459253397148,-3.98996254058475808,-1.80710280782601362,0.840173917138169468,0.552857425370877009
-1.12995284712935051,-1.89581453730860683,-0.886646907229608483,0.179486372674303452,0.523450724850977767,0.612532827441437555,0.53248304187226625,-0.903156669649030852,1.09137128012774176,-3.38542014870375407,-0.652311427763161755,1.36326254091744681,-1.00268253602914359,-0.996925984295824019,-0.806909035754209469,-0.205386083681226517,-1.6184231534770801,-3.74153814289879882,-1.88237996852197731,0.473810466221255611
-2.12297839480513861,-0.994159330922737894,-0.550849656510414509,2.07541537960917033,-3.12502106651359934,0.916051659059373913,-1.74800516578842879,-0.73682826722466066,-0.109566814515247343,-0.811647688208354978,1.76962739314211692,1.79866958309768621,0.0511208527687675648,1.62880745067874133,2.07504632877460393,-1.24873228516962298,-2.6732686375040986,0.566982827482756413,2.7625972153157945,-0.80853183660802741
0.728580057309394236,0.757936494590213172,0.249643068925337719,-0.922645491613813595,0.00114589095736548734,0.742351670548050846,0.971113281677883355,-1.08060541652778896,0.686768227499932493,0.0178149341325067254,0.417094700288606623,-0.432125465354143423,-0.524235636401761518,-0.354089775074410584,-2.56599495383351117,2.45324547076634181,-0.309565550078815088,-1.93295010663452604,-3.24937227675472329,0.710148609552525678
-1.38605445144761763,0.285856150311921298,-1.28145557033837787,0.0997334209012490647,0.683800448942675554,0.58483442120648832,-1.69890354669410515,-3.5765979946698736,0.870595444217173831,0.25139826739612875,-1.24292841011718469,0.655148394126576994,-4.4549233445828138,-1.93485023701711145,1.58176279729749569,0.0515687132592202099,-0.0129689982202788115,4.11724802983907701,1.15501626496681808,3.04708542506677116
1.57856816336334793,1.8304797608962935,-0.860072434156623045,0.884733412226753058,-1.20422703767666239,0.339282446954542516,0.800421820905789061,1.03951989739255901,-0.741337272238656642,0.373992573538144302,1.60729284141188566,0.836843119256377665,-0.121353093759292735,2.49660430630956398,0.453152970162161106,3.28587432939772839,1.77716864036792677,-0.652451974597481721,-1.99253199269882697,-2.34008116338433858
-0.657221100584028384,0.533770897712248615,1.37286607329679455,2.23326900068983392,-1.74532333569488829,2.11228891797273466,-0.625787502283018826,-0.0296706159066286619,0.762961597870239205,2.30805510490247512,-0.95140209098877182,0.356891687364090882,0.179640840512825223,-1.6649578720835243,1.36934461594479351,2.40322076857324651,0.791900317175129875,2.61032882248645048,2.6084050351839454,1.84888654367522287
2.90952152451394674,-0.122047427635852621,-0.17213436110993513,-1.54931757210693899,-1.16104552502759018,-1.63670821462226179,1.44820666431723244,0.0432265972786464239,0.418959639559488617,0.369816421703674791,-0.312815342370186156,-2.07069430600983972,-0.397574611251310661,1.91547326757657221,-2.23013460792104157,4.61886124850072033,1.96644139369161253,-2.43507225686585782,1.74057705474930957,-1.71182749557188063
2.90053830427918991,-0.207953370930464121,0.805322304738450567,-0.0820260940766229102,-5.56608140761964965,-0.352194810280492598,1.74353423802474472,-0.316580771292076846,1.32552773526580125,0.983847191090911233,-2.24824882767191214,-1.19474946410946936,0.45227984329350529,2.18919812771418343,-0.615644004236220677,-0.482199120931897263,6.32132894075443463,-1.81459211118412522,-2.33819622929088755,-2.11395125511001103
-0.000401556283392530378,3.96579641937268468,-0.122709663121609955,-0.382549936036546967,-0.207347601414094196,-0.115095085364302963,-0.480529855516681037,-1.44671810212827867,-0.839011209787456247,2.90213958068491573,-1.89115410668056949,-0.305268594601912913,0.722034597212262041,-0.346289681525705717,0.0888005723108250683,-0.299283428880857183,-0.0133825171043293091,1.0515807628887035,1.26925926838819048,-1.91774719826636009
-5.35220756394486941,1.04933839537202211,-1.68871279911577066,-0.452738921543694994,2.88224267022962932,3.7129513101970959,-2.56718745789462277,-0.2939717078318142,-0.813916689235448909,0.122364000655085597,-1.74402662863082236,-0.208161292328422343,1.63036784492839693,-3.60031440776955414,4.74286802009704811,-0.397159089386300512,0.0444801407633165086,6.70503766269819845,5.54815689091265885,3.69242171776794903
-0.447578390238655865,0.404657504153859315,0.997911988675177275,1.03189219885688299,0.311503695417218063,-0.795214325548652901,-1.1380791458518591,0.402703130169328904,1.52620219970916571,1.19677699019596462,-0.734526553706559504,0.162054842050166514,-0.457162943582556713,-0.512177557000247252,-0.332841917233638318,-1.26494385149614796,1.62640830532187297,1.02445133883786133,-1.77073415681892521,0.17542915501995468
-0.366731899271556638,0.0141975321192690743,-0.226028056825848506,-1.34282300022283696,1.61889657186365032,0.227923330594269613,0.290337643806130641,0.761960962249929596,-0.0747653370507413706,-1.78823271058717048,-0.182779740130023322,-1.52069733463536227,0.401004928154629625,0.883421702400897124,3.03089391570799904,-2.92934988600747515,1.13387281992957245,0.560673038250507627,2.54133188183533321,0.334722415687839225
-2.8152630514960113,-0.377693601130982881,0.741001043327603526,-1.42209149022111481,1.78483760017178006,3.19194973822941286,-1.96161824826727749,0.866371416702651387,0.0571382938356872622,0.869087295767244639,-1.50534855612183538,-0.244909257910880723,3.09188280540218141,-3.12463024870848161,-0.103948509543124484,-1.18581710351047476,1.95300600458899476,5.38511871939551767,-0.660662097107359569,1.3827461264578782
1.34311973994999123,-1.94716062536851187,-0.168900007378124328,0.556680259951776502,0.708447574125246726,-1.80355371287867294,-0.655982949573727381,-0.49280705129516722,-0.483705754337052041,-2.4941082363273388,-0.325076350587941709,1.42761544535782137,-1.96579880030453014,1.54156104058304222,-1.50080229388609143,1.24956799785113626,-0.283936409926937083,-4.49818533875343363,-0.386209067932656136,-1.65241216200883811
1.91354824444780736,0.414424933197169998,0.562194835648336166,0.160871774582315941,1.25940645180689192,-2.13453117794319391,3.81631208792191678,0.316566183323835626,-1.25340837318502385,1.2985822482057694,4.98759604632445264,-0.318810211080177208,-1.56342482340521594,1.89020567667760409,-1.8787734530346214,-1.18017211710553394,-2.10216750052667622,-6.23360880106231185,-3.62089549131165089,-1.6050885881857202
0.259539003093627929,1.29452924483465215,-0.375389078190567105,0.416920606082142653,2.04833948448311487,0.576378166025356742,-0.99189169817136591,-0.394357036436035036,0.277602996805179802,1.70748295606815836,-1.17578687312122687,0.383833105752610926,-1.10113632535943595,-0.0130536496787195307,-0.816962580897057755,-5.11598290932749666,0.294896742451325966,1.98011599908679092,0.535296432925353671,0.45919734579633642
-0.638843705749772783,-1.1561430755063371,0.882438977743657427,-1.22539631258901904,2.80964404153967617,1.49097351918631293,-0.804821124249988196,-0.490637381776697246,0.886255937923579817,-3.39684404297673437,-1.77408675089623924,-0.656988383239675455,-1.02582177414760856,-1.55333132213786196,1.33029204481033902,-1.97059597534495934,0.112902579253446392,1.35144907646950041,-1.05647871566128582,3.81867589365189319
2.58846694269932209,-0.384130780850010678,-0.836702282568784206,-1.36188322570869058,-0.518592222657210944,-2.84014207625282955,0.722262109705764099,0.0495431123118933031,-0.558091549647713903,-1.55768047585647196,-0.317702878457917337,-1.59776098157666913,-2.19076492981795745,1.84901391254188852,0.318257353104123841,1.84508594356104272,-3.13643505437568892,-3.30202982260386424,2.40988943162335545,-1.1550804226624567
-1.04016269736793832,0.439685144148336815,-0.290388488163133895,-3.25266508689502931,0.0596506113250241735,0.510506174259932721,0.297027977533133591,-1.11587535224689072,0.0959594847555012703,1.54425422807118617,-1.42217686906532337,-2.35480279530877246,0.652120993422148354,1.67273140094837136,-0.799611797666960444,-3.8128713024358869,-0.615301560731098873,1.95521516613243418,-1.07864284174488545,2.19480633664081237
1.90713706526681848,-1.58059196707409777,-0.247784596046171202,0.409144047817681933,0.878607889251670993,0.109148883484958825,2.48105980524732717,-2.45820280055606943,-0.627813651521444083,-1.54342972280573365,0.411102486211496587,1.85311683785185521,-0.759889311549886259,1.3001671557993193,-1.89618131085549524,0.667908367321185859,2.35850000092006162,-0.635282304918365237,-0.7627359519085809,-0.870267437397926003
3.11549484936120491,-0.0880449890508511746,-1.43741738584628154,-1.5747006973477411,-1.66672948267728471,-3.11065070751459949,2.17172264044790664,-1.21442662074688923,-0.41062844041413743,-1.89163435315667261,1.53369774378934109,-2.28116894690576277,-4.97550364800481848,2.9469843112856533,-2.24328475775525771,2.25985251174531321,-3.93179390248201788,-5.0069685021974184,-0.939511900256157384,-1.83851333641677761
-3.13037221618936101,-0.133959685630339387,-0.120240115275812132,-2.94847871689390084,-0.703970009477734249,2.74472344749467467,-1.28031875708154685,0.304275003964196433,0.0465931564542192075,2.31662708901901437,-3.28705550281118342,-2.87866078595819319,2.5013824762427741,-0.221392735202948693,0.109386622967178784,-0.994317732500648588,-1.8672570105243933,4.10772051776167046,-1.43827486527065473,1.91851335040948134
0.515831601674528573,-0.0584491952701556433,0.201548165030071752,-0.292269165105106032,-0.986761692005690416,0.495519237982936123,0.216606667399553199,0.587672848870380071,1.89483424025607872,1.50088924984650296,0.0932475460393340505,-0.858711762506905618,-0.320609785583313212,-0.473662008483859087,-2.71239465521346057,-0.500942999380932896,-2.55433593521575864,-2.6341766854466222,-1.37813883240370805,1.13475027673892837
-0.591318868488171168,-0.424869227788723214,1.43896056947519946,1.68034046097374556,-1.77110303190953045,1.97847410392902612,0.456385900151027479,3.43576296578509233,-1.42259281400032833,0.31437614225887317,0.888110693685110975,-1.80040669614241899,4.39537650071756136,1.02900296892385468,2.30060904258890186,1.72770508408491619,-0.465741844620285561,-1.20761581850273259,-0.565047149221696743,-0.0808183435021003621
3.72210457131462835,0.205210629847043746,1.07233203852039893,2.41613325078868968,2.52758091147509401,-4.35874175578871093,1.83628832529822072,2.56890903208905375,1.8812184516069439,-1.75812277060830668,1.33245894326215253,1.84784283465334909,-4.14805120891407064,2.47823294482555934,-1.59258658656633423,-0.575736961051947049,2.00231155370622949,-5.1520054616272084,2.86774134697885597,-4.85232346722778018
-0.678607218948283353,-0.895511485083296921,-1.28709374325720316,1.69142333904819453,-1.75461718958130053,0.292041542592062775,0.51392944058922152,-0.484084329921150025,-1.30133221039819058,-0.18970225342803626,2.50391200925701707,1.73197735241419615,-1.24516867947459398,-0.937223441314148809,0.562686446829202436,3.06116921127724861,0.912408412433038052,-0.312890848207091621,1.57200436268304866,1.99918258528057957
1.7841906787164481,-0.162198016122899191,-1.4789206100303296,-0.107226453875282776,-1.89453668913989715,0.915182878570535707,1.53958914935509061,-0.606359508170547401,0.817846480165658196,0.494740389163486782,1.07496534911207031,1.7453531997558982,0.787839490281212473,0.150146341816870671,-0.986829972599585825,0.896479686764832806,-2.55107778306095856,-4.41314738956346631,-2.82739330047314086,2.29121192243392446
3.15835196700907872,1.32053317890570598,0.67588098101265015,1.34321307542042234,-2.12578104467730489,-2.44496266509616733,1.79922393463789199,-1.09971065582261374,-0.517373032121068555,-0.161216122846958049,2.66852831049137107,0.931048531970080528,-2.02938680423323259,3.42669575561517892,-0.728577712028222302,-1.05222312277680774,1.37903726996429343,-4.59706433815879567,-0.272716148535690484,-2.66470993229056408
0.0329124996554862187,0.494333459107929363,0.231599985485845011,0.768015517736715725,-0.187669149271410735,1.26968472932351473,-0.570481565280896663,-0.699254292569485014,2.00482325036404152,0.651741488620803833,-0.293335663441751215,1.98212457251745677,1.3885620562590284,-1.35050308910105277,-0.345704777156436716,0.852847541406770437,-0.340459713297679711,2.69478783947152989,-3.19694535433842919,-0.824513322299276319
3.99579953639407215,0.294050648896732436,0.561244031131963195,-0.656462514598112001,-2.08709842017549452,-3.97153433392344901,2.80719754520969333,-0.772660423993279055,-0.810062194583889505,-0.0531160962923250268,2.63225939146372268,-0.619303743813464758,-0.781762801662110651,4.47002722617583093,-0.792456922271939757,-0.147290655655549191,0.28514824311523812,-6.60689051491696144,2.19496476598178392,-3.9670541260976373
1.59988010764393573,0.966848959519663764,1.00723643241310734,-0.152764335549555735,-2.51394881500242651,-0.353637352948734274,1.78203269675973286,-1.76860315157767367,0.813790171312783861,1.09002035356313942,-0.493029901422015804,1.34576774793686438,-2.18519087146602864,2.04858957336749858,-3.61205434020762439,2.79900164529719309,2.65593405547158667,-8.11209479105160902,-6.57709910820713972,-2.27857406477587343
1.48818934728229246,-0.0454361417728452247,1.23508359443552096,0.020610167642666842,-0.0498873999994105324,0.577932195820504702,-0.0570993261394116408,2.93253651620011135,2.38389629928270619,-2.17387951801726498,-2.54311020210235439,-2.83519980163821206,-0.0424564423503064614,0.994441565184684073,-1.45855453056691342,1.89101344529145954,-1.80313475265334633,-1.79935160667900851,0.630495441476897955,-0.983519833880715844
-0.611792750690624887,-1.80414702946935845,-1.28019811607770673,-0.124974396012687256,2.93847687691452597,0.363213462132215226,0.273538645819154103,-1.07193745266754692,-2.94706218826999589,-2.54486651071605463,1.02796514737409517,1.21675017347929915,3.12671283576329406,-1.85959158151074955,0.651837970719896242,-0.569008288448070054,-2.65349860187012343,2.12402784940283196,1.66151846313744977,-0.1493658615719409
-2.61589962546301802,-1.49506271589495321,-0.387731091103141023,-0.0821358416043792144,0.693745808650361395,3.61825639213137906,-1.91508649638551498,-2.13741002184491347,0.0785500683862600524,0.333295853875590353,-1.82751926224487815,1.72612917041943703,3.31106483615147917,-1.9612911852341266,-0.0024194543996048294,0.837302570292866255,3.12480749754027043,5.00849318308900582,-0.0333899916101036698,0.6887403649476872
1.13137994072645687,-0.576245026703452234,-0.136069092933667368,-0.896632254977955401,-2.38820036174680617,-2.31095271806619706,-0.0707757620285930922,-1.07235656902513932,0.284871049584339231,-0.0244272402921814902,-0.953446345048177601,0.452759260255708063,-2.56753362317104861,1.06530202599241131,0.522604779812057219,0.0955321812180644769,-0.297758430487153114,-0.874424739603373524,-0.696512474687895899,-1.40810455085370623
2.35640226768038197,-0.656847069154420038,-1.90662763687870718,-1.57694629618899307,-1.06382893796669031,-1.58277384557182899,1.21833854804905539,-1.85682426407708889,0.598954706405954385,1.98115809267270948,0.45178806367023111,-0.56333918949730788,-4.43005971920882491,0.86364549772825272,-2.2008633245145095,-0.623313400221226499,-1.46931082543849967,-2.85089199961867967,-1.34707344124082917,-2.11594621678431771
-1.39134718009312541,-0.945604708168440555,-0.964067713570869289,0.665035658607351365,0.113914528767919326,3.05232734280342033,-0.270308880163905252,1.07360096586066867,0.882766187537280755,-1.18170156039456398,-2.47295809818082502,0.391256599933074101,2.02778268701963338,-2.10290237918700473,-1.39143704691338232,2.76110430912119797,-1.50509060869338174,2.64263833145881177,-0.831959290548137442,-0.57238263550887869
1.5412469171592742,0.437793567143429652,0.218695340996094612,-0.641517868590082863,0.843220481087983642,-0.0361403414605415418,2.46426081745304026,-3.97546028600799906,1.43022191942105303,1.24402573961521679,-3.03021164869653648,1.19165167300821806,-2.84336427271573156,1.30170413381694994,-1.12812915269219882,-1.14960726893165255,-4.08856811932200781,-0.851558483446084646,-3.44181318360535782,0.0441764381739106135
-0.860575845884575918,0.449936001766563176,0.48788716926791792,-1.9819474594443498,2.6476551558224708,1.21528902393155525,-0.872163948073816586,0.342387379427495031,0.734127250546178112,0.268565963857281265,-2.33248904293012371,-0.790092394760081751,0.959578813275174802,-1.07426397307639188,1.90549041658585105,-0.843962060793055024,-0.4860459758560009,0.5340104383223927,-0.462641166921432367,2.37203388217518008
2.7765163062504894,0.586396109774266705,-0.720561103527757263,2.03128502074024908,-0.244800647548835654,-3.75463630509174262,0.0834738638585243026,-1.6268084345913838,-0.0838972237431984957,-2.08195181146908537,1.71552142369454241,2.1578387357093809,-5.0200652502764731,1.75479984651784493,-0.758763157837582414,-0.357792678209615467,-1.68111299751809362,-1.18430897254282486,1.6058369801286636,-2.6978990274601613
-2.21279634876723152,1.16467265087946181,-0.803541068073202691,0.170313013125330703,1.09000623967483867,2.73112902263852853,-1.12249511607708707,2.00811691971153472,0.479535113390074597,0.684556433883564464,-4.56747041014819644,-1.79907981786165183,3.28800041125293552,-1.33016653794755024,3.1882383784152033,-1.57977707452504812,0.054741718823342049,5.58080505519965264,1.25061387862177886,2.31437830034453818
-4.18450778798324752,1.14876526053143957,1.51704473508329896,-0.43872878936409776,1.71464270725727363,4.22556982599559205,-3.47641483313507615,0.0890272817603102729,-0.608586296501108848,-2.5067103745300563,-1.00074286695573433,0.0982441589056767678,5.09871263789146134,-2.4573971481728325,0.0135625713374976312,0.0578075816073186644,0.0502508110738993097,6.66788415179363003,2.09557196667048107,1.80645345561339132
0.255738714708223347,1.49646540150480423,-0.230559244829349502,0.572127564000715072,-0.599588376831650227,-0.882728565617684757,-1.29532879106006193,-1.83542849109431372,0.607046229028276652,0.246292954914857837,-0.229141252100332982,0.244850488347304218,-3.24160939499210032,0.371299994203722394,-0.984073020655160891,1.63643796876323777,3.02581388879902313,0.791812186824098263,0.385121926125503888,-1.10104821015104171
0.461842307219829051,-0.208420980351549462,1.12684310836285184,1.99487318057169682,-3.35526997899226131,-1.06000806117724289,0.411011066728685759,1.94778565780893764,-0.290824625982455121,0.0594379926283522403,-2.09984702233769349,-0.551501736054050395,-0.42265697551981779,-0.0625282245805655057,1.65560455362897874,0.824517917416838331,3.11855097818414562,-2.2349220429891421,1.34388245067041945,-0.335236574995735115
-3.94065254090084904,-0.212919083690108979,0.758138078165507157,1.38158711757513553,2.65983052257412167,4.58476942549268784,-2.75439959533023471,1.14963928232850243,-0.496614254144840117,-1.20127006362462696,0.404157176884954561,-1.17265252823327581,5.83021410481162938,-1.83586925256661226,1.44544400806266937,0.0524941490889804865,0.554448293002667514,5.21592257299451312,3.47577547859507874,2.87425323585324755
-0.203336433933874461,1.09901075530898318,0.416871958607910209,-0.604289059837475606,-0.40544513899509893,0.949611647732723885,-1.007899071748807,1.09180149280222794,1.25277586110190042,1.87152629580417096,-3.1907013229290051,-2.46249727680355956,1.35740994754837452,0.943356962284676581,0.486162835603102084,1.71139612147481457,0.588172456210129813,-5.09427505628163235,-0.766622614221447618,0.0483521314244134484
-0.711767728792871313,-1.53180219588528432,0.619307632893659199,1.09060234607404194,1.89840894460397291,-0.158398330494562117,-0.51619897606380627,-0.176343861588660306,-1.32715948722139121,1.18098398406200134,0.074221416355794767,0.490139909230271009,3.0976863484516457,-0.435490888129231868,1.8430622159100476,0.358557922082833602,1.17400168382310466,2.28802463239860199,4.66587691730791665,-0.630194856221584887
-1.24463693380427021,1.92637713109268427,-0.307438109623937306,-1.35959929489953191,-2.59582251413338527,0.565736896197700956,0.536288267607034075,-2.35170202603639789,0.145939121134967376,3.02321979173397315,-0.0785378395675843666,0.100867914636900216,-0.148178550996945158,-2.16324481824501591,0.502982261533822306,0.621111988861778541,0.487969337938802872,4.4984867070313852,1.29962755882034497,-1.80556829202143088
-1.60726806616098306,1.01644092914585249,0.0516301060504343878,-2.51858962021544031,1.21533633945746944,1.42929267902256907,-0.674594149233162521,1.2205378321745961,-0.153903857334822175,-0.107467755541760038,-1.36550946958310804,-3.31100257084285365,2.66958851552634879,-2.01326456788937058,2.29092471123251418,0.122605278986952324,2.09767294233285195,3.32354040372974735,-2.75124279281048523,1.70940078740540713
-1.52298585698116784,1.19337333550883029,-0.404381074062741763,2.14610200114603522,-1.30214713653648317,1.60999809677267014,-1.25393032872765575,-1.9246702048210107,0.277387326311745619,0.656001769346203911,1.81994644229562064,2.09052312244167249,2.4229185755149536,1.42556568320984889,2.42838019622171508,0.521000445581323524,-1.61022989387187332,3.44139035704356111,-0.565977247053079724,2.41086830817957054
-3.79654033131443303,-1.08616646328932842,0.93950050656840145,-1.08328048412774103,-1.01199699034902091,3.92194680072611179,-2.93154634075303067,1.14344164457592923,-0.158087363921974616,-2.98065102392782766,-3.70039739557252112,-1.67035353806497189,5.32437142390849161,-4.07417808161102979,2.97229802424035805,2.10606387395393124,1.54230702622037108,5.00412236019050471,0.342278997020600162,-0.0649408441526992536
1.83287049480227537,1.03275725466732737,-0.859698223606480294,1.25859545598051903,-1.04872398355404184,-1.86253710512631043,1.49945504474783031,-1.06777839506878158,1.32767415414484335,2.06997738371240203,-0.732073584921564935,2.68897326747959697,-3.67708941313092064,1.479270867697557,-3.46861421384679813,1.85105258435881725,0.414072833626528691,0.834808384704509687,-2.32852538746831073,-0.59598184158016132
0.95229959156141919,-0.205786221457896379,0.189588729211436269,-1.32246681773240926,1.15386788544609287,-0.919385226376004283,0.0925426794059657359,1.14790474745526971,0.610242100311654267,-0.0442635492588730958,-3.43457141980541092,-1.13876485994587151,0.585293545347356226,2.02804744483695609,-0.0166398180771399617,-2.70231474564576502,2.05028009175613057,-1.59681276027497643,-2.10099032658407481,-1.48342155777578411
0.411837943980073729,-0.182559700816119358,0.849927092411091434,-0.691585237228751204,2.31871638281428627,0.294690423152270509,-1.45810616786345548,0.666397532626275324,0.723350337130801435,0.598848143862499183,0.297387601997798012,-0.726395916530932717,0.364830526786721454,0.445375479078937986,-1.35315303101937601,-0.524058595856871645,-0.279263308504750063,2.77696536857614928,-3.32631220488835844,-0.923705116214216804
-2.39062452398090519,1.20186405340943203,-1.63790694712519813,-1.10327930435452104,0.0534026836632845586,-0.705147870415549716,-0.837214195328245703,1.53974015725128521,-0.968501011717890825,-1.43126727662859787,-0.541895910985615736,-4.02572600663752134,0.315310742788846909,-1.20156294468451286,2.8188654486526894,0.290208706958425378,-1.74532941759394999,0.0598447065741154541,2.24248915636627855,2.45884788502444218
-0.370423170244076783,1.04006245813463583,1.16165490031735086,2.23091716963499698,-2.048431034441069,-0.203054683009154024,-0.508689995969791475,1.28776957395736957,-2.5450930854694862,-1.30807408306898432,2.02570273874690132,0.388356016347526367,2.65875927931699607,0.257662175151420592,0.951791223270778253,4.09448232222157671,1.36670526912441326,0.14378486833061474,1.62071199788067966,1.12304887894986316
0.0344744002768087449,-0.777787220450900429,-1.97021027615647748,-2.05431189560994465,1.58140169731083402,-0.894811693611546777,-1.30424938316811589,-1.52959469327563125,-0.487899308774462581,-3.77968791487319677,-0.669802779112712576,-0.983879380578102869,-3.4662889606760463,1.04179021752207945,1.43117294989014976,-1.8396896067387507,-3.94293804392547909,0.644790476273746305,1.20387192143673838,-0.398738535888222168
1.86228256647095014,-2.0916013044087145,-1.12377816948117237,-2.10677649419105339,0.40790378902431651,-1.37486577726922654,1.55341901608623378,-1.45582380202347594,-0.821664422964260233,1.53686263623471264,-1.31006695320130762,-1.43234217342533499,-2.38565706889291373,1.57277105836705799,-1.97989165602385353,1.95762765999969113,-2.85309616559897039,-6.75992488788435608,-0.218081831885728439,-0.264412638695886826
0.521579371431265537,1.40831421630642306,-0.603342131686589456,1.13910648019327265,-0.902667394343123264,0.00394542216114603887,0.872349972622804892,-0.994122405721916458,0.113583234801097333,1.88523478264200106,3.13053279783319161,1.11085624701036356,-1.9908984321308516,2.57590996557829266,-0.5805839901886517,0.432995365237587193,-0.372884814624089234,-2.92985675360762077,2.01348363836820354,1.50591327211020465
1.18280451280646193,-0.162001183569109447,-1.14528527523185431,-2.52460363539695498,-0.987447568075834448,-0.26045509790913246,1.40726885852393835,-0.629303919027557557,0.3078672622798585,-0.999570133744190015,-1.29284989669619677,-0.930968734292581312,-1.90853727017889852,1.52861198723341518,-0.916133793083535708,-2.36436470560760936,0.0914728309203110823,-5.13006650531283093,1.78749950441099137,-1.47109739482496726
0.0709870268319508085,0.166194810798690334,0.675530594810439977,0.780130167469559987,3.06329056676980604,-0.925265062605239552,0.206058870549480161,-1.6344387088430663,-0.386666892464786471,1.27203877499215223,0.721205090655740566,2.26042364770748083,-1.34049866778115256,0.0354555592316798743,0.800673065345477553,1.17045292996649697,0.689783096136538876,-0.24665515766681681,0.779045959401484134,0.727000751097900855
-2.99708166236892071,0.824580235139012463,-0.580298109526563244,0.191936018409542664,-0.300456044360881802,2.40582923199713505,-2.00633663808020035,-0.484626525377245043,0.148483743268061436,2.91890246673765041,-1.48539223187456892,-0.628023597815552836,0.903952986516930679,-0.777552823796658465,2.50649150300379997,1.17728165894730363,-0.695232625498723555,4.96005146204360869,-1.44467124242191791,1.59427089022645907
-0.634484294880056865,-0.0154270613688068103,-0.0451126990134889244,-2.12401712630909723,-0.383669967194065542,1.35295804555219834,-0.141038038163536245,-3.11210308797689184,0.582461143835957151,-3.02612138366453909,-3.18922977223222048,0.257933677604461509,-2.12665147660567611,-0.541325394520824621,2.40617791398861591,-1.28532543218326989,-1.18206438308805617,0.714136779709891534,2.23291007781334905,1.19567487233985426
0.757992603498354067,-0.359137825458429927,-1.22995128604275461,1.74381653063034814,-1.76829866678555669,-2.65773581496098288,-0.466985730376814401,-2.1405233224791087,1.27637228913157297,-0.537008415921881421,0.702484660006640893,2.03316430200966991,-4.6879182037951832,0.765928692958300461,0.100810197342257157,-2.31888544178971667,1.10297245209774419,0.0498294072031210955,1.2332201985151896,0.35621141593551009
0.599525835704949661,2.09920394583456504,1.02364949318314746,-1.24426559533175096,1.42282441557045747,-1.69196606297815366,0.813768205569898262,-0.149695018876040364,1.7501235047650241,0.547484552408669445,-0.264444473580993766,0.755535966198684128,-2.17385730783229469,1.24844291607947122,0.895981876827012802,5.05409369435528344,1.02365997777502482,-0.186506632535924421,0.396168751764463201,1.03160034192037742
-0.992783281762029346,-1.02370189839766179,-0.701692667661335201,-2.25981077983515943,0.407221156161285736,-0.800998288264340164,-1.19151116786368205,2.80014452946754577,-0.301598946124147393,-0.716680395624461175,-2.60689965968627879,-5.08814381732898102,1.26661797634788087,-0.314217300930856203,-1.63489956112636814,-3.42691543854658054,0.737514160607196656,-1.33582333318319812,0.230252036392919218,0.62994226715115853
-0.624043443250383856,-0.952279534040077036,0.186714342877532663,1.17876265685774206,5.10594919867037067,-0.271045600620135885,-0.248603634533919537,-0.168666477780567814,0.114461508964530681,-1.37896312340650473,-0.0637390634010532864,0.959190157721736547,0.598532999662624299,0.311601280099096822,1.06321690276556424,-1.25124619730765096,0.667687728635746658,0.805459535724083353,1.48948661227612966,1.57296847660885275
1.91187627754968914,-2.94152365633953616,0.773564122780929786,1.67146168467390788,-0.0989187931926287511,-0.523575533430552853,0.452116059822643246,2.30549546832245511,-0.990353315847743887,-1.91214690059083003,3.40135018656819721,1.92548107914152,2.56209967985396903,1.48153962640226777,-2.45284551342442825,-2.20798304317054139,-1.09490176678931395,-4.71609995947733207,-1.53958496589400462,-1.18836321885691309
-1.9531237542788904,0.498619372149053386,0.0160037567121603455,0.611433590574999797,1.74433126463497956,2.16903203220289775,-1.79580452740411833,1.07633356459817531,-0.149131695382972357,-1.98761273010536654,-0.811464220918128532,0.259593194758262868,2.63734208126614789,-2.43537931631227655,1.67685113367791283,0.319500631675793012,1.79296981885934459,2.74760054402356735,-3.01253176137469936,0.811604917550459604
-0.52083761437623044,0.316211084876727777,0.494487644218586597,-0.871684659961594277,-3.04779199697079717,0.49739922669742842,2.41132040636818479,2.39080532909816679,-0.431926124295693659,1.56312948435995902,0.276440401265046987,-4.3286170214421924,3.42765957145226441,-0.835973857239767693,-0.228052376599674894,-5.67066981900138156,-2.11928783285448841,-1.29256194703261906,-0.17153241057493393,-3.31263538288721593
-4.16519224761487372,1.02025387101171483,2.15420368729579925,2.84280434064238241,-1.5343425538825175,4.14418403566635263,-3.11357411124675121,2.23999848887647879,1.01927572606932171,2.36865794855019596,-1.43580874307657935,-0.0771679055563703337,5.1591565705136615,-3.53602968571765031,-1.81148995615054975,0.795224440932985721,0.709175372503843882,10.1281480693952677,-1.64749019364638083,3.74159283367350382
0.867559406842957959,1.32868481852376674,-0.539964473149219026,-1.42695971757522044,-3.96274534390738875,-0.494833005430897976,0.667124748912510612,-1.71360989166511302,-1.42929268778691054,1.56770853844673552,-0.366397226989877867,-1.36755867179261181,-1.11927820407421907,0.66501390538000027,0.252973882321813281,-1.10395117928845798,0.79924018231383076,-2.45034895226553795,0.618266438023065246,-1.04678700621982479
-1.48903533168095237,-0.647062643671167392,0.10823717289210158,-0.564327267125512511,0.107022977542469575,1.42618808057448065,-0.777442096337704225,-1.50606800749506142,-0.013225569126769126,1.91271848574238756,-1.69690353566703789,-0.955422057058104568,1.69820886379021663,0.517645022772771468,0.679850435720265711,0.629767754219434317,0.499093283776861407,-1.92257024203913796,-1.6801579579322603,1.76948627065062336
-0.783889533063454325,-0.041648824933920095,-0.803716901787518201,-0.150463095236240296,0.873384437515791756,1.31656561893214197,0.79611158477063293,-1.92527522171260146,-0.282998946424184827,-0.469998107536935772,-0.109434852070975794,1.56850056481146893,1.62886252867803516,0.199802808279080091,0.35003392877258821,0.0464154982366855109,-1.22624677224640499,0.926055982078729301,-0.0376941416104770444,-0.583685112836982878
-0.590454679194908238,-0.029195727905417343,1.46325115378223236,-1.07493766048957751,-1.37153640352135642,2.18289260550929143,-0.496468994216855142,1.79019449098054162,-0.746877132041805059,0.861304589624361849,1.10856165820621655,-1.02278051414054016,2.5148907654180479,0.939411018353296656,0.0903168355276737639,-0.275155261749357394,-0.338997299578612299,0.419168412377150412,0.593202786516175751,0.718960012466037357
0.411326874387693386,-0.00979524240297680038,-0.886641007335572273,-0.656104231686577055,0.642486987096627771,-0.8471339251164266,-1.39423279866873751,-1.22759404283511508,1.05198504683980043,0.549614982347776171,-1.72304333157489564,-0.961711864111095882,-1.88146557641402778,2.40142852668870832,1.26675209378090958,3.36483524007342139,-4.40198206031581929,0.770176880308546141,-1.21979615233166294,-1.85500943834704368
1.71770154100468386,0.168210717552142841,1.34084412343902337,-1.42550126805240662,-1.76984758261786723,-1.2628314834497707,0.798512521673974796,-1.35801242860807836,0.630186385913189651,2.02380746700884284,-1.59587596185072433,-0.185377241055304925,-2.55215972239830124,1.97029069537294133,-0.205352815065929173,1.17905787031641451,1.84518100463128065,-3.65195078012727636,-1.36453011717328221,-0.979568583458033992
1.09563758616136364,-1.1537557124530069,-0.217529487888707934,-0.978629021157831902,-1.3993222928476563,0.63139996903877238,1.31312247495206824,-0.655231441944132742,-2.11180009134482027,1.15671098300074515,2.35654831042740875,-1.42288240949512579,3.72975248946661875,1.65776091943708459,-0.986255072535545119,3.17405035992898243,-0.427278315532833131,-2.6389776200660795,-2.32570640116270244,-0.544374788939803622
1.09517252528223552,-0.0746195239502532998,-0.307476321969938238,-1.01528929800048195,-2.305568747829565,-1.93960268190577301,0.622774670597621482,0.426853789070017975,-0.271428347435268835,-0.25101048291127076,-1.22171515774246742,-0.172158041245576265,-0.804235127920850279,1.25341373424087754,1.28765620282745052,-0.421254339422784452,0.958364060795034001,-6.54066856752172576,0.98523771710695407,-2.57451503548669125
4.16821208432871781,0.303854749681875147,0.941618466635051887,-2.83907665458459801,0.0970517080299051066,-1.40021282490443344,1.55035080013504767,1.52280133206571122,-0.929203975183118813,1.45434080776806973,-2.21550911490123026,-2.97029605276378561,0.573462640965461512,2.19498672677070017,-2.14066254487541174,0.632387486368120921,2.95797966499724829,-3.52078461023101097,-2.39824662873225769,-3.26874933227181597
-0.711256636076405879,0.875371307771181439,1.30754622981973556,1.11379290866294989,0.0938776156811544221,0.809308180412810274,-1.59186224813912314,-0.448948235533424278,1.1982065800891053,1.99927037298591537,-0.0696830110691060295,1.53532131307254294,-0.739203055679744425,-1.14671800995218121,1.64266635630233626,0.0799107126552749264,-0.892201953890170985,1.76354692550083003,3.34448312214905119,0.786158627135203902
1.63341569983724955,0.261292383696472674,-0.823125799090170696,-1.81920252780494507,-0.652837715212477354,0.529735252210398522,0.941979592644630936,-2.41956983765255673,0.843644580898589846,2.19934875333389446,-3.04164072767949545,0.243484129513256459,-2.50856263953532999,1.34646670902085175,-3.59637797918717528,1.52087992116250192,-1.60716244290084043,-0.844051922130683474,-0.583684449796774474,-2.86599160194753688
-2.10434762558723643,-2.14111465419068114,0.651741159738429832,-0.472264253857613781,1.21692068719224911,1.07331684341591194,-1.53991378845347393,0.626446177480851074,0.373194878289545173,-1.91183322953565571,-1.43254045432334731,-1.38278570907350029,1.25702481971707636,-1.17137316944633696,0.679545539594061498,0.111521274062719125,-2.4919338006585332,3.78756521813223568,2.48038268868943135,-1.0847331598637171
-1.28387750440089143,0.488349994698925149,0.259223933710327259,-0.966449077605201934,-0.231725146145156741,0.619258858791715272,-2.53248448795989622,2.228887570807216,1.68616734358120102,0.921867168815153515,-2.86787787276241213,-2.58712485622289146,2.60850617903944038,-2.44823550131540291,0.346599509812115791,1.16218919949092281,-0.856829769692165066,2.42347717257917061,0.979741901697135265,2.52352556656780491
-1.9305477754044944,0.163060743435210792,0.141129458701090699,-0.780276681073729939,-0.927502707753783517,1.34625580878471873,-0.8773164634013908,1.43679251090594229,1.75660814066415405,2.7534617332747322,-1.05603003331175938,-1.31932132035686389,0.345355243374286525,-0.252831382198302645,0.413267229211624731,-0.760199599130791381,0.341616873854465708,1.9098922437683068,-0.374728458492731842,1.80703177207171573
-1.86516681037027388,-0.26560540611130895,1.83036507927504788,1.40235784373090344,0.532810090191994434,2.93140651582687628,-3.06071244437239276,2.25971342128995811,0.373480542733253318,-2.63956019777368622,-1.87677160511459507,0.860268561445377999,5.49998320874939584,-1.79401132909744998,1.23918151028213441,0.616919212708088693,1.39965340829369844,1.93201513665968339,0.316705566336998035,-0.544283118154547996
0.389663574544116764,-0.565906479461622092,-0.830746739699753878,1.14281847138814152,-2.96666663162990707,-0.843766780751458501,0.0596152883635010233,-2.1553056758676723,0.113446014640191328,-3.14960753171746477,0.555856494115094746,1.27205913340835086,-4.37493758209097905,-1.43888521019670468,-0.552750919119847084,-2.04616659215554275,-0.397220385948226173,-0.882008202447886469,-5.34346096220698463,-1.98457102514999684
-0.594645885320552847,0.835640023123659925,-0.936042596755061851,3.87672466543869643,-1.72527464358159532,1.8076533781494295,-1.01565329914507108,-1.56729291425642248,-0.356297782684202813,0.555948414144039615,1.03547399785966054,2.38180513265882121,-1.06365050057724875,-2.80212464731841226,0.219422575352427041,2.86464987555174888,2.26109161263126479,3.79310674561300631,0.400890155888024291,-0.00770949398941870104
2.73888441541819461,-0.625969262779445312,-2.21322628286142553,0.120325534130702391,-0.894833241856048067,-1.92174740016112322,1.12159259343656448,-2.93592824417329634,0.309325680375748979,0.0671928496082611348,0.303519288616523331,0.664782767894341209,-2.06612695195113538,1.24432013149595821,-3.32715713025885318,2.79072152430322618,-0.279111856216881948,-0.891994236078468949,-0.227616685942269525,-0.978039372263966866
0.699888332094712573,2.53469048655133733,0.214104261125962952,1.00413151532150891,2.24404261071483457,-1.13873929886855851,-0.187865957059774075,1.24220098617630614,-0.0156582148775592962,3.49441986578671715,0.134971373510480164,0.122221251060333713,0.608555803251280447,1.64231942780606555,-0.844427338887974499,-0.195722627969303176,0.789965111042440604,-2.14154138484921841,-2.12616938259306876,-0.439047525088407775
-2.88431421575133085,-0.097470167854293438,0.815084464514603035,-0.82242298301314809,1.99976155722345306,2.4193328749225449,-0.859246377430820552,2.35224470403191166,-0.653510237048120834,0.423978191996979947,-0.4048732727819358,-2.8713329081336969,4.82593927768109232,-3.7430919219678862,4.32958183546585307,-0.789373385057670518,3.11256556654793792,1.39117717839440957,3.94662612522786915,2.88505653912839888
1.01983320515083209,-0.911566988264801092,0.063796185869584382,-1.45407587435551355,-1.40470230716963851,-0.845784522688039053,1.79170764502433322,0.534237848932015646,-1.35720124076961857,1.1679976725630401,2.12045565110460421,-4.60824401747365275,0.448214566958358429,0.0356787999807479245,-2.7523396793738959,-0.516481197180078233,2.36425071607477522,2.9718274997472367,-3.53553179975885135,-1.07139512380774238
-3.12483927600548439,-0.549376150454384704,-0.407135116170287359,0.52512743290936692,2.69983529227310104,3.82601060987118347,-1.49273539016870194,-0.670403580262736165,-0.72667375803689771,-1.93250276141965194,1.23798183913611459,-2.02863658513903156,3.85301368055927762,-3.06036108155018516,6.06370387404471867,2.55461712667958762,0.0659790093453158366,3.65133590089599513,1.39163216352623742,1.32124769556979738
-1.157532836327132,2.16126819804673742,-1.78700858150582165,-0.781228343055572094,-3.01629269241004261,-1.21143362887838757,-1.50993405498650635,0.448359268020905033,-1.48890661067307373,1.32888935838117805,-0.947550296438433137,-3.42944229843402848,-0.881971369462045018,-3.13417035997185289,1.23814498924026095,-1.07871633651483556,-0.424535454174663318,1.33713444506244694,-0.264714804294071016,-1.2734076898289215
-1.46002984832214011,-1.88364939459327041,-1.17530654237283572,-0.281741804074374991,-0.871862785463627388,1.22286980181028548,-1.19991922153385455,-3.55574453610557439,1.5097082665192072,-0.0023505956404939049,-1.45771964270130194,3.44134351022119978,-3.59845268292034515,0.64069183323202139,2.06821546477300178,0.192425581296754938,-2.0257303072208912,0.761772040933236028,-1.27183456152146701,1.13768517360825183
-1.07077614338660343,1.95339612165409071,-0.921843883793146079,-0.380901791669004786,-2.08519898569540763,-0.10202020314225406,-1.48320506069680347,0.83980740985709823,1.19993997643560069,2.72126839379151164,-2.19391140367802651,-1.28655029231767393,-0.507909525921148686,0.284340657294047616,1.22435213603517701,-0.636657613992506866,0.714867967440252383,0.664736509761145067,1.63832870319505108,-1.97303154350011112
-2.73167668030260202,0.569738450362588966,0.399210195695330672,1.73574287623178525,-0.16657218946654595,1.63903737749826517,-2.0684109913211608,0.287920879672002028,-0.180063385208280496,2.16567379316788555,0.590006115701244616,-0.0679307589015775426,2.53808767008049818,-0.295845693756666139,2.29866236193697038,-3.07843825135677962,1.57215759729623028,8.03243889431913693,-0.600097798948985073,1.77060018368188854
0.326838513541373166,0.537523052201916984,1.25358401436678579,-0.994537408880244889,-0.0625172177615503505,-0.058127121529006287,1.98155402501427802,1.84114534256099116,0.893004267753739644,0.735267830343212636,1.22437604386434984,-0.76041795904397258,1.10111333621450358,0.531853039756772894,1.66276735565744804,-1.17508777792614172,5.26361290724146791,0.362645432245928878,-5.26057963513537707,-0.157578250042894635
0.930288973082080139,-1.32786278538417224,-0.222238583011420771,-0.258247597528103057,0.0198448715846764011,0.71222433700114729,1.86701716386625383,2.03809417174931173,0.593856789797726936,-1.28408983669512855,1.73078890436861332,-1.71323001995624824,2.74997117609051012,-0.127155141983153502,0.303265302260541048,3.71022736624703464,-1.00000931481002908,-2.3423227954367114,2.19767813417282376,-0.390358172179323837
2.58053963235423245,1.36368459272779097,0.0776976933153894211,3.7769231917967887,1.56775178346204314,-2.46630427563079513,1.82303176657089683,-0.273462421550182133,0.158741961701304141,1.05930567931303066,3.62832286071602761,3.30939098551386834,-2.04094797879166112,2.80746723142664134,-1.7846719035526315,-1.20603436149494647,-3.11456057332117808,-6.29465964684450885,-2.89227613342016632,-2.00015436930593404
-0.899943845968682377,1.06464056191493994,-1.1202649151265951,0.65789407059994609,-2.46850751696753967,0.58574887145127319,-0.656929398055036584,-1.28839621223529011,3.06745968740011721,1.4866905973014013,-1.83391291999341455,2.23368583252760367,-4.02357118866339025,-0.621083805140592249,0.778186064642406583,-0.518611239416057912,-0.780660083219138601,1.08144115097122162,0.938139503399922137,0.361710942597822105
1.36736324409883281,-0.146123685851769214,0.0565306335660896997,-2.54804240045129138,0.581359138176830603,-1.64387581786954606,2.47133293052876235,0.341784646537854619,1.0654758224906753,0.932629235397127609,-1.00940008376893275,-1.22864100502355011,-2.20483925715952855,-0.104324897039318507,-0.731222981588376952,-2.81332519728293606,-0.373020372299663117,-4.56564067835230158,0.734787359364150294,-0.00914672690927508317
-1.87551646100119052,-1.11420301259775933,-0.815309829307614531,-1.17589904178172189,0.537992445462203817,1.09514528665555266,-1.75331239582113407,0.573693223046562673,-0.610394545681333556,0.271578567219016187,-0.0559631377058313409,-0.267756083808261713,0.3941319979277354,-2.02247956264922735,1.80864404759289155,-2.47352455305632324,-2.51725268596354868,3.10921816117873462,5.42599481213133217,0.646966998057162623
3.82376704879700702,-1.0066367472073412,-0.0258714035991809144,2.17817025955926002,1.01611617612213578,-2.64664545119703787,2.05299286852953244,-1.17655294954777556,0.501162601772269012,1.28053618054977614,4.97800133367683895,3.00348781353435168,-3.66716315487856281,1.03032656439809966,-3.57703545854018712,0.00171065787677600789,0.0965968322178766825,-6.23387445878810453,-2.29212407852581679,-2.16865877533103379
-3.28171360200271289,-0.625055922472604109,-2.43094071331423756,2.18759309870558338,0.663495148545669267,4.64602159523725078,-2.81194451260497225,-2.66275525691328907,1.26334967415899668,-0.0340507204826450555,-1.10496070416458414,4.48375495857202466,0.242942167079678278,-1.27768082448549536,1.97088581513972394,0.447767107558705801,-3.20810163962574491,4.8030107964204598,-0.191270088352383044,1.66426180862066642
-0.867250663795567367,0.625873964402423488,-0.91320260721411517,0.460229161789242336,2.44241121577935294,1.78212689804539681,0.182259784174337441,-0.9012311936728159,0.136958890730895205,-0.477036435183018082,0.0651169085159794547,2.13351852857280599,-1.18447241481838894,2.15796251717618048,1.86130042221156455,2.17519914571689954,1.79722335295230962,-0.909869750483279116,3.29968293049065808,-0.915748589084240061
0.37371431206997241,-1.73401213999432047,0.27020966212213432,0.706588402965611428,-2.66698214734890504,0.15900261685655423,-0.320698836907262141,0.458541296976753054,0.58724549529108927,-0.670581412563105883,3.08770648948333326,-0.845088551632549589,1.1454053212595845,1.0521235033493479,-1.09892022316656002,3.0360927788827059,2.33108755827108238,-2.25686920648272116,1.61264882361435657,1.09526912275432586
1.90351563455692241,-2.52778856048677625,0.677460169708265281,0.247752817358805527,-0.136659053391242485,-2.31960510071127546,3.09461348027623639,0.930840656967447999,0.0787738993377384566,-1.88926488239409851,0.676450885049093897,1.25082854242472696,-1.44959410512160303,0.29900803777859053,2.07377512316331547,-2.04081207332199366,-1.95939297198196782,-2.09390247081850811,-1.04514619241521811,-2.85208327843873688
-1.62961395135540998,-1.55522725161237618,0.921839108954695341,-2.26511456060168781,1.60454312576207569,1.717195786433942,-1.86333454469236059,1.25638880310040202,0.595522169534567936,-3.67749130443745686,-4.01167980365351173,-1.35866100648306043,2.15610038530036707,-1.56696102512120627,0.773870768352901806,-2.63704353671125924,-0.0959091395046386269,2.25396660613471989,2.40387954182441677,1.18687029191113869
-0.411384074983342618,0.507897790692123374,-1.39997826615044807,0.886836752444718157,1.35120245770401781,-0.403271194195157945,-0.201186963741757319,-1.04247662091470517,0.381382429483355767,0.700595968615519316,0.915970859688104544,2.51338013509656166,-3.58978000879046766,-0.983171912542266879,-2.43077024411441567,-0.446309850637760075,-0.271979027444523846,0.574418404987855569,-0.483243173497669043,0.443841413535729701
0.744585636899084413,-0.716923593033500728,0.288462886479000369,1.79559892080710104,0.561195670250418832,-0.271541134213175828,1.51817307024442982,0.192093993151630699,0.893810119885204979,-2.02784380814186393,-1.52560360098718339,1.62456553174869467,-0.0684699436229466024,-1.63186228372070041,-1.09349512507036906,0.725384615137686151,-1.29251869731919733,-1.27576353288330124,-4.15382044948583751,-1.77921039393371849
1.09943761268316709,0.618437089939343432,2.53444233587465106,-0.512956874552422004,-1.67721145796382798,-0.443426379711095386,-0.433708413692445172,2.00021629446608928,0.143509417200532091,-0.579820881981264247,1.354056926672776,-1.32973534245517322,4.10376695756814058,-0.0220181313298172289,-1.39981292394284851,-3.20724644482997823,3.2946806278835532,1.27180029489782243,1.65843750655538202,-1.13559985819667419
-1.10987568199536946,0.908190294876158322,-0.608063194360432435,1.08910338267269768,1.04404881511683345,1.18937213164182931,-0.593265847180468042,0.0329265414961993838,-0.133713345431322961,0.980998706458716008,0.976812693981203406,0.798199035947398938,0.376071622683746387,-1.05677728196499143,2.94925662082593965,-0.438873728035208854,-2.35680052399872153,-1.99727024083725091,-1.01722975813106653,0.0208251981464067093
-2.62623556213287568,0.796948731980930081,-0.173098882691509359,1.38026698703651829,-0.445301862011220628,4.39068073860078911,-0.674157794465737981,1.84754421870953656,0.876569377897772117,2.07984657526736161,1.70844216915788238,0.454913692699469241,2.79169662786935824,-3.73058340250527776,1.42842513733621979,-0.287986896580731344,-2.55302729398652817,4.12365275498528838,-2.51167323648898799,0.902922194504813369
2.13442844084925465,-0.53042734845334194,-0.855874280741648064,2.32774463202910686,1.85038542909348758,0.0901615980631549491,0.503741722630162814,-0.738672642156936621,-0.21658740804091689,-1.24183843744627009,1.51231326913056141,1.44956293804768555,-0.765961428913467191,1.55057195895409405,-0.0365578161007087815,0.0197660274925385362,-1.57301273152659249,-1.95031914155304897,0.978695568683196182,-4.33700883134345627
3.38721660080653963,1.54241374110241369,0.786164294179995227,-0.974499689078803688,-1.92109355448719055,-1.38444479658514852,1.99518739673072099,-1.07073387723299551,-0.235592251172048628,-0.50335280794015913,0.28024745892214542,-0.356368522876903626,-0.500090287497906516,2.1409874559599551,-0.301823795675345674,-0.513822945528452757,-1.36932597391849264,-6.03056741472071689,-1.73635344030120686,-3.72277929868143165
-1.75178998845128531,0.0696764327624521534,1.06279730728169985,0.448262238971864013,0.379850079394162321,0.556738092433162191,-1.01016116456514338,0.0841246812184317377,-1.33863082855431603,-1.56604277543847203,0.592041500239656404,0.0897703342311894914,1.07750905663281715,-1.77124824716154228,1.05484315619148505,3.2518884158784056,5.29050575704392489,4.84098269194891273,1.19399125975612641,0.00114117663900585977
-0.631688703233054372,1.70982380313259164,-0.93688246765217198,2.17904235046556494,-1.42560855758660066,1.12265980066062987,0.807901066198466911,-0.0286406065888966943,0.383170846745942484,1.38051250733368835,0.657257034752924962,0.251761978248223994,0.198435582419829198,-0.64418471916542408,-2.00998078556828608,-3.80245316934505428,-0.91280968074483293,-0.881259174232067677,1.75996532094623892,-0.412165771659206925
-0.372623519872775977,0.663728605587769804,0.401070694496460767,-2.39304223320927267,2.37292081901340302,1.37527328407402805,0.298945994143721638,0.802474871197173645,-1.89770107842304148,-0.127219604444923029,-0.365510590774050625,-1.64926293408239921,2.02771496180956401,-0.640451153272422857,2.26646514109056918,0.495446594208354463,-1.27310869054426523,-1.34832052773579503,1.82814960491935929,1.48545588720236688
0.211057855620798096,0.229797241903576033,-0.443416894937266715,1.0965276048945789,-0.18571350503022177,-1.03540565780256655,-1.11088533212017171,-2.89737187899156989,-0.672924007516515599,2.46498644743188677,1.01065735296154458,1.52849249602661685,-3.14040491414684997,-1.55503376166431861,-1.79366988636730906,3.39019232586939667,-0.849749380467466509,0.775483229629591597,-1.46100590268630182,-4.14239606822064133
1.13969686468643716,0.137454368572242414,0.325137492280100915,-0.109429255867074818,-0.965081959789655497,-1.67387376029957191,0.613512115502395039,-1.82234355390920766,-0.200145786639935402,-1.49891129884667396,1.72840474467606109,1.49709809696452378,-4.11378365144462421,0.351904261080756953,-3.07970909442877216,-0.732897358647247144,0.115132069154730121,-1.82244563262571679,1.17103394712061681,-2.46487361454542642
-2.64840923605372236,-0.4301324533891977,0.997254177259371488,-1.26834718107406896,0.476135062094895534,1.74732163552315356,-2.8339553617773392,1.28134514951036316,-0.017728512856962135,1.4360394685684672,-3.75167775365531897,-4.12676537137962107,1.85877783166970589,-2.34001357452010694,2.31704696489271544,0.204891937770327742,0.258900892264005644,5.67965469519995203,-0.344202321765803509,1.15170565299653682
0.284499940081683056,-0.792465256172003585,0.950514614534549218,1.43501209876653801,-1.425473470803305,-0.57380201698109834,-0.0347302500548317961,1.2037828281035059,-0.654868983195883714,-1.18083245706656248,2.22158953459581587,-0.978213148396574583,0.436091570395228667,-0.248247946552429127,-0.720688687624383539,1.33058660048594257,3.25749717216721058,-1.03529272615434853,-1.75743457383280366,-0.922377512673015931
-2.48324489334265186,1.07934942760342611,-1.11491019638887345,1.13051972831265335,0.661351715617168545,2.27538655694159075,-2.05499823207954746,-1.02538120787215092,-0.835241934870391001,0.236470723668773308,-0.225542265744518938,2.22266422884382031,2.19796835355562337,-0.887599890454843332,0.755694952508572104,-0.446872083722239577,-3.60021014248948257,5.54948387666093712,-0.481020588516794023,0.98110577755278916
-1.75001944794602449,-0.747362240832996516,0.725855213235490848,-1.88849911705545237,1.71822306970683814,0.419452908681493153,-1.59514213677383943,1.01101853914493311,-1.12322170599195714,-1.26606770359527676,0.470307718575313616,-1.72160245453404492,3.7392384428203238,-2.0106580309443296,0.0682926140441813823,-2.13244043867547006,0.758685152385660477,1.53326809745857662,-5.01489894320876139,1.3762726092082862
3.61949545176872123,0.465917444301602368,-1.20415243994517795,-0.654705317185018565,-1.603877148904582,-3.71273689937920537,3.25713733612935474,-1.47074078322411039,-0.552320617417221937,1.155219240362793,1.5797235982830633,1.01809979740008738,-4.22158167920340421,2.15217974190640415,-3.42513046272631616,2.53506895176066971,-0.836317378744614648,-9.01399739265925959,-2.22833356886494549,-1.44713071148808337
0.212737683205131645,1.00819527821138033,-0.0171602976636341109,-3.12461132191415514,0.0570548089955061136,0.605758682636937773,0.0200389102208000727,2.24127959836914004,-0.0575634291829564687,1.91134940281141597,-3.48696481608407982,-2.09437155229775085,2.94018231838324473,0.851413301886556062,0.568425790873627768,-0.995974980438018687,0.882570112536159579,-2.45416241470813645,-5.50070155661491444,0.10278021757080083
-0.769799806124664143,1.3883420372201265,0.361892384925378563,3.08085594707147914,-0.634044511809161548,0.599780271519452013,0.633236561909602313,1.52490478008004882,-0.854109176824545568,3.04749134007564582,2.75612870313113056,0.187633620553220887,1.61988120670097202,1.10491135762664294,1.90504757323829943,0.915462271363990832,0.994341016210349649,-0.0724542602959524079,3.70727696558345565,1.11285034728028265
-0.795508727410671135,-1.75897485840263301,1.88488943831671829,-0.116307015598436952,-1.36954056811598579,1.06951257667052513,0.118707624860406841,1.54232198871820803,-0.316423497565570533,0.870194251659305862,1.99860095070516675,-0.0888202849799939187,4.55405235673610598,-0.889456703870191379,3.27690292573875919,0.987428047215119342,-1.28364362696068945,0.599150243088920509,3.09486228137627695,0.343089598626437176
0.387296846002032569,-0.37268938523011369,-0.584447320045927365,-0.929618580007097961,-1.46341173033784333,-1.34887456354900137,2.13295394201198629,-0.426290576064035309,-0.490299929998626538,-0.88674809195481874,0.668309294867999615,-1.24404103138381439,-1.09514523781218087,-0.684676798923194552,0.0197053625932138189,-0.0407763111072807216,-1.53442765789254132,-2.08788885295118121,0.0564427503833925606,-0.136355201698272616
2.76598158281282469,-0.893307852637743594,-1.13683318788083598,0.0139831838672600673,-0.313507174211248629,-0.191604917280830817,4.05931661394285559,-0.79060738106117423,0.833960220736521873,0.265977201226060778,1.61888802284922884,0.0105208723787788005,-1.61018561206765765,3.03465957903105776,-0.134996311778748546,-0.225324023257184092,-1.87857195049107739,-4.41035281370966015,2.10094911936978734,0.262299159648203162
-0.134845227227061992,-0.31823654881485669,-0.000344668759419124063,-0.138048394284287446,-1.68603386363325636,-0.049248771449069223,0.0745653536750740115,2.82212138910066956,-0.5652318341782675,2.01513488433675159,-0.745209303549947188,-0.594650200937778317,2.6048045088491083,-1.07929917682365262,2.32494337621094393,1.32935394898409043,2.25340966879188809,-0.512720358472794735,3.82919935018990421,-2.53934460664573525
0.700227663475429196,1.32355324651352135,-1.15026242344979535,1.75930695222542477,3.68016155383608012,-0.655767347705901171,1.00245423056380289,0.348622785599034313,-0.056150975334487388,0.0971483245790444733,1.72498896999523965,1.13618854389435464,-1.07323781415574326,0.723979016235986039,-0.0616573972626704991,-2.80097810381524059,-2.46459839787222146,-3.385248012910135,2.51462189333017072,1.0282655540050134
0.596535415571505023,-1.23938723943376972,0.587118321192677373,0.888083570210628892,-2.1310662001585583,-2.72292368665802753,-0.171849328738965551,-1.48629622536751049,0.876099409492953396,0.955715443767111705,1.77188184993708209,1.83981785447189594,-2.65429316909470314,0.860449711377351267,0.595084395377215025,-0.417217022253990377,-0.579546334335768409,-0.96286173444486356,-0.0815189295566161598,-0.115799095664232479
2.77172298515940296,0.605592747339306237,-1.30645707756211671,-2.71860618596645454,0.950088040679365364,-3.74597806574232495,1.03048532128358028,-1.2969768966144184,1.20601337268048003,0.469870155300324943,-1.73962339041316971,-1.55794962959995908,-6.79942599078593357,1.60783890951396935,0.900046799907646133,-1.1271612418716821,-7.12067308871578675,-3.03194862518380504,-2.10292416049056685,-2.56905820479065961
1.68735742586612636,-0.327521522310412538,0.497666827583089166,1.24278329988368785,-2.81658920947388536,0.556944061107258137,1.16202146148713492,0.150583190635684205,-0.256589889678748462,-0.81325646068741575,2.68592956273784456,0.958372351572578607,1.60979165461932539,1.27655308702658488,0.689520280494510307,1.19154105326236004,-1.7475738354689061,-1.21355349890850461,-1.06615360536045345,0.308529622678498483
2.20012591413490721,-0.358033756001266856,-0.324762342902424395,0.163558146182393588,0.709934929904121659,-0.485104318370102483,0.348615235561572978,0.7667616016008173,-1.20586383110928219,0.574684076261147814,3.55740004838337587,0.991894786206084067,2.91859807208403987,0.375979004984757226,-2.27243835681782569,1.47355907162623345,-0.793287650751766993,0.178628752266139224,-2.7264236599265983,-1.44212010369142885
-1.72049818537260113,0.513848649163223259,0.822733499437702243,-0.240816735962373046,3.92953634427059795,-1.09473117675122444,-1.21341837426587729,1.12069457800375316,-1.00624882930088799,2.40180506418575357,1.13554992176754777,-0.279560292567782975,0.495809556666463147,-1.40721244684525315,-0.0343977849542668329,-2.48382612001322522,-1.9203781065694272,0.670174801198563097,-0.102777137636845942,0.641880361679633582
0.1817174253469864,-0.79164964396433124,-0.440718009526726906,1.96402573970349081,-1.12929386257293718,0.133566078886039247,3.47210097688266517,-1.08971163978424723,0.435299858479873625,0.678356998306172687,0.921993299323847548,-0.421777286198460499,-2.81888860057629032,0.0952410693919825135,1.04438296920045381,-0.310728157076741285,-1.02184784016635444,0.0164288141529981453,-0.482972227214110872,-1.95912671370922564
1.14957708622676336,0.546211529331274925,3.013269564025022,-1.21303868004718418,0.479836793791046101,-0.180881213431531407,0.522531561679069667,2.27840244368255407,-0.0146565548767751529,0.435543951064543633,-0.776351576952862055,-1.90124626415419207,2.01092731241506817,0.504852874510133165,-0.504577431811622512,-2.92996984236747737,3.68806398712956485,-0.274778645836994351,-0.677510067129287741,0.0429366285477401285
-2.79583687737966935,-0.281899712798339031,1.00873675788140238,0.385349436904711129,1.93603381376126293,1.19465894437482789,0.116803667834885286,3.40695525200388882,2.69289016801561853,2.84162035989502959,-2.18005739946329991,-1.72161219043152092,1.26755876270595125,-2.90235710283879333,0.627562627549892227,-0.73465848014490398,2.97337652646120532,2.1636095265841786,-1.51405226035157603,3.11895739821523454
1.11821414763569571,0.00224936944592789637,-1.35660039293619783,1.77688249434051326,-3.46008436133177888,-1.24544367867119621,1.79848096015229686,-2.71118612979398366,-0.402726584907652674,-1.44276361557041932,2.56749023752603422,1.77260047670391319,-1.75839906129226176,0.439766511949781724,0.899710527682828221,-0.0557621539015794102,-1.02447389127154587,-2.48922276600858039,0.679460212249841877,0.367363464003062967
-3.0146578307213665,-0.317927549802844323,-0.971947385673645581,3.74732082343108841,4.26151674595378704,1.06678146498164739,-2.27413211991962561,-2.34434739585674157,-1.28687796847457769,-3.71003828115522971,1.26575946626174551,4.04476671512386865,1.59896343059773804,-0.320521905336383583,3.70345818581918707,-0.105159449007332303,-0.787697540821165387,5.32216226595510022,1.47692568264629243,2.75520488112849948
1.25694412393820221,0.0723347509610783035,-0.27785808377714355,0.904564826200093708,-2.54647790060928081,-0.123127035673430474,0.02358698949865079,-1.42272554081476521,-1.44449834231330598,-1.84059740286050522,1.32888769273582197,-0.208853120786751223,-0.583904022051822569,1.38205408642932071,-0.237429686292444847,1.58059129841146295,-0.259955766737069494,0.696466447451375759,-1.21402493070301287,1.15761310669720663
-0.161405896541175237,-0.0921751075216660221,-1.94537954820264813,2.13490974028466463,3.62056311666751407,-0.0732056608208374454,-0.80654875933047987,-1.16695726037481506,0.0289662763868710968,0.280394880481745767,0.287110577424607327,1.00705844535158517,-2.18475395818338924,-1.50741432182797497,2.24104286381658335,-0.54938100311822613,-1.37501021224833897,2.47836013685145451,4.90396520956979654,0.300654527517501047
4.53562671312860388,-1.40224214551692805,0.0214957306339655825,-2.69303696061341524,-2.97366030701123085,-2.14850455978764376,3.02211992452191947,1.07348539220064199,-0.671533578832598566,-2.50149592018607336,1.06979004018955215,0.0841286044762009771,-0.685817495141762823,1.49164294144576126,-3.69050738070640705,-2.15175382139205373,-1.35201671769442533,-8.45634798440479862,0.93303869064444378,-4.09394253231759819
3.84054253197778328,-0.442729318421674012,-0.842349296183405039,-1.3951517750745579,-0.761160360158680716,-3.45859052197167438,1.83681772870620508,-1.20894259617155386,0.426273135806965187,0.116519396672721376,1.79238715171022234,0.180859647798533724,-4.43632987602594309,2.25954624362441647,-3.33544552778502146,0.929341927527847611,0.342431632951391229,-6.3912592591730002,-2.02646883244202192,-2.00719019018907874
1.36612214114800645,1.00486356959465351,-0.831723529369815417,-0.7913954104623937,0.473999829228510305,-1.39693669976311474,1.61999641659390337,-0.578423418319233162,-0.344130622434924927,1.96320855247835158,2.27269289847536182,1.29392364077307542,-0.469799876502882074,0.641391669947352638,0.201039606728313058,-1.47598050259487112,0.627373476272521713,-3.46243676146178991,-1.88205178542553386,-1.15241209791088428
-3.80759955788714866,2.43472353386669793,2.0464320606615396,-0.97582512379164188,-1.17320280725378479,1.59521371207688745,-3.02368582896647142,2.23987596656031673,-1.4901205515489413,1.98998222343677589,-1.36212800650242127,-1.01991736038367087,3.87041251976888212,-4.49446254692395364,4.02702049604577894,-1.92371081019610068,0.864895003560920306,4.11322039893920355,2.39586614104025086,2.56412261613349557
0.874514432450584023,-0.0841287946470338915,-0.301278632862618079,-1.58917758475372217,-1.02959120468946019,-0.535503276513064841,1.27420401203374722,0.964151091401927118,1.75756447394640469,1.5699334057935368,1.71402403651300728,-2.36290667125345832,-0.71829117631150996,0.526539593897029978,2.01277581914772874,-0.0693798010706239143,0.626933961217320701,-2.5270226527795554,5.30696262741731584,-2.68212815124897741
2.54135335845064914,-0.821746855939093912,-0.561095169038867914,1.57396116385410489,2.7541423090377517,-2.80170207803353932,1.25067953763486939,-0.134419421199465372,0.690475847862778824,-0.886067893521146677,3.27896244065240694,-0.0667706940601875132,-4.70711301547058802,1.48294714292205465,0.935810478091459785,-2.38921554061162622,0.389040403972421456,-6.86523816189422664,0.747628373480215047,-0.971318990627716761
0.940736531808145537,-0.349611392871875204,1.07363217290051094,-1.51550664459162743,2.30737638392022371,-1.63522859365200168,-0.816828016474825835,-0.20501141670553466,-1.61861530328595848,-1.38120750932610492,-1.02395553965829245,-0.345741353185294198,0.638457393980338073,-0.236770616548445861,-1.95829101282838813,-1.21060012119225413,1.45580465882424281,1.33988611458258022,1.26211018417739496,-2.12269373206965462
-0.90674179034337854,1.67798109397717865,-0.551504984209583937,1.30243116818737659,-0.322226968197263319,0.492311276474773907,0.183022032941765084,-0.619082000952606348,-1.809373807448454,2.18128543619736126,0.930156163241247391,2.06877229599096824,-1.39645025458338479,-1.22680967739217706,2.72977278623063668,0.944297702365680114,-1.90799700352095325,2.01451388240568274,-4.46616654495985177,-0.49827990898029445
-2.39800333893566231,0.612247000572509248,-0.46642814225954915,0.0363637996337318747,-1.58783175128713294,1.45126414065845699,-0.425579621837043509,-0.852595457559732317,0.543716490150036535,1.15681570621885288,0.782934796999770199,0.489802278057823504,-0.148068843181356685,0.0932538036934054959,2.16989970598300985,1.02205351143313905,-2.10186984245379538,0.972005532749390833,0.40360009125035462,1.20431916445954901
0.321875602568921559,1.68939514870232466,-1.52667087140706248,-0.627996040092811292,-0.982804394880788745,-0.505000877553022476,1.12413445454262706,-1.38296592393196693,-1.07976490999834041,0.965931800691086195,1.38392917716956698,-0.922838656528638279,-0.354833143208707236,-0.516052906219338081,-0.281345880077547628,0.0690087046661400083,0.582171285645518011,-1.61635751661999594,-2.53067907789931912,0.464229079671920064
-2.9437309372581959,1.66284571565452599,-0.453486988970379812,-1.56338495923683474,3.22692513021418748,2.53511134703031615,-2.57814471408369661,0.500498988495119645,0.0291527244288340183,0.964778097908500887,-0.859901256955241666,-1.91847744399044551,0.609930906614377544,-1.65022545181175806,1.52362106675547859,-0.393823626992168774,1.86657959446343646,5.3905077365943761,-0.338482505252596655,0.253808209705807419
1.24008885715514072,-0.881236639886088802,0.501444144482324328,2.07370911450088746,-2.4498438459323042,-0.487925840408613254,1.46363275303791474,1.02783152625734187,-0.592279826687872379,-0.476473465928463125,2.42709274234588523,1.51482603728145748,1.68872513208820596,1.70649561100170466,-2.115298811408306,0.627504493569346122,-2.42222803274166898,-4.11230158894141962,3.39771662334010971,-1.34770841377545647
-0.277610242108238703,0.276319945710971904,-0.614641729490519095,-0.890055010986326667,-0.165745991190666742,-0.584541289515170814,0.134976640805438614,-0.128628907029695982,0.283288700048945519,1.11243263731974129,-2.95148082036627057,0.858197048703501553,-0.0571430063222316265,1.33860305403676816,0.905438854559504569,2.71337324386997158,1.0612914735058292,0.0620782138282082799,-1.33409065289684237,-0.938889890640154712
-0.852104055768469926,-0.430881551735316115,0.269881204086429127,2.02058048725857908,-1.23940010268640499,1.38449661969480409,1.18799846119895292,0.342182110546388529,1.94296591787861073,0.100970402327616615,2.70161284478577013,2.71602310250201651,0.860324216708996281,-0.434256565451936305,-0.425620643090177664,-1.07767568664753921,1.86526977553786888,-2.51435130758517822,-0.825885447068475553,-2.81036541214578017
1.08755399822031884,-1.19188636826960193,-0.864437766452574419,1.73865914927063581,-3.22513270382094719,-0.542846053215073954,2.37379304728755347,1.40854173884080058,1.08083753573068009,1.78911335364588009,2.3710498615175708,0.260971710658328082,-0.801598037723438184,-0.0176402754710020468,1.6021679561652391,-1.06536607791709526,-2.41228164122070599,-6.96909615019556838,0.849494389355652024,-0.889341647068280561
0.209913853707055287,-0.125433275886664114,-1.63792153514979866,-1.1461178868708557,2.80490718245256865,0.322907716960426083,-0.0840923071329709587,-1.85304387568200601,0.500516147691056901,-0.202500517397086882,-1.57932278896995038,-0.394129874664230717,-3.72554250187505209,0.365483945258510579,-1.42129597343608327,1.15423802665002739,-3.4983322845948015,2.78729302230820242,-1.23950241793981242,2.85005910708936439
-1.23762073275210138,0.253271916484505477,0.646445042068067854,0.747434449572425219,2.57196275971112964,-0.375366596350070136,-0.700355435922103808,-1.96082832168631538,0.206366356317027405,0.474624220280701059,-1.06905088254322256,0.265258192317169572,-3.36629751124331822,1.02560295845982763,0.815705640623903716,-1.54208589392608597,4.017164116168356,4.27296041787793968,2.22206306377186635,2.79786506814850533
-1.26070772255469188,1.27714350227576623,-0.0329024994383631531,0.598281208969017375,-7.30368972381195025,0.710083383194986317,-0.19036784431187323,0.141541278290513328,-0.982807118514603784,0.248476354525648424,2.89546076551519871,0.554254389512322976,1.39290724763159779,-0.320360212437357739,-0.638177795417308791,-0.547739246480890229,1.27590092791903253,1.69875867977679951,-0.409393617335954418,0.600167000496706682
-1.50312023832108288,-0.340062943141377638,-1.83359703583245737,-1.4379844175578953,0.165263367823385937,2.81163735189799935,-1.39405305437697624,-0.879233833059917869,-0.1767331752741855,0.47674530958378708,-1.49894028804526558,-0.298525720211188561,0.786739048227884652,-0.947052657227118289,-1.61667959094735969,1.08532082258827089,-1.46721168160149085,2.91090484490581192,1.63214227005589052,0.0225540683905792599
