0.548605086110700246,0.937983169665938754,1.35959332877725969,0.100087337755691744,-0.0104065283438635383,-1.50466211075686362,0.899479441877950259,-0.255277610669806865,0.739405146016820058,-3.11993844332980252,0.448466782081626936,-0.333520728645040787,-0.352405666670022599,-0.151136044227448196,-0.310572683013934148,0.254004725442006474,-3.44103960605740378,-1.75922847440986674,-5.26747356262606647,-0.241877732402932533
0.375011304592316741,1.26943369287534691,-1.12779409301760847,-0.00517380508737623739,-3.65920804689070112,-1.02214095944601069,0.215352749250793979,-1.39358316296984674,-0.0661129205436641332,0.854134858622993653,-0.822383024487178371,1.9071162414537175,-2.62438927012616396,-0.749447262797831804,-1.35666763172917237,-1.52448404372043367,2.01326769827600627,-1.33398885557027769,-0.820216687884167794,-3.69853334433692726
-1.83813943695004434,1.80741754671046984,1.38463429929857007,-0.379455530922005124,-1.16847645831469382,1.97778838276408364,-0.744298219423981,0.787146737103191385,0.271901439919874088,2.85553998063220593,-0.455570279495420949,-2.20425783179518708,2.55049990489546552,-1.39978494993620561,1.50383756117433909,-0.225266109538002385,-0.490025241776463949,0.37844779433473219,1.98322759530662096,-0.0836359791348430942
-3.12784516044170946,0.432446721236686871,1.24558644899026727,1.05943139565164768,0.632957078559203357,0.488638982130044419,-2.2160105419444398,1.31740772090432268,0.622455174591930671,-1.49678858112371937,-2.91141587725271478,0.600639701820259719,2.85777899438215366,-2.57779976900400376,-0.776132413244597252,2.07499272392592848,0.582324230467503368,1.16665101453598652,-1.50087078437243759,0.395193797537083391
1.43627636727992281,-0.716694374997926098,-0.831668758691767707,1.87911591147967938,2.01808059953765939,0.879918502435099614,0.710081579937674956,-1.97714800505519661,-1.38973568253727109,-2.27592714016518727,3.25613806392054794,1.54682032945989367,0.961426332393612526,1.35120290442093016,-3.17638597273593382,-0.260665864621591636,-1.54852473734396079,-2.81735425535041095,-4.24456430142595043,-1.79406286217383593
-0.0230247821990185071,0.175166712177262984,-0.551139277503903458,-0.0691904306138050457,1.59765865416454922,-0.908194209803458774,0.0855353457242661874,-0.184060766708989437,0.624378345808898172,-2.49474244693919545,0.651838882223567562,0.652796605598777502,-0.339285084247623991,0.223163477238502467,-0.472210329801230622,0.873315460638292018,0.679378629720731486,0.536180638717029923,-2.95973836862487349,1.95090561284119368
-3.32204168266138256,0.0233698500447099555,0.579012711893099552,1.69579448289990942,0.2316133599347035,2.05716875874169514,-3.31379369424942238,0.633654497352561297,-0.544183664048161542,2.88340290483918293,1.93625320351876429,3.33016612379606869,1.23115133253444498,-1.87474827549679168,2.69930338610952836,1.8630693631508588,3.87981391254156582,6.84271951912129506,-0.307341222186230556,1.22041769737570771
2.29818193280662841,0.277414400078160372,0.684275547101403037,-0.387279443396160328,0.165666281719032221,-1.38761935694274796,1.57206450714221924,1.28214140053903547,0.571945828774061193,-0.184959080829389222,-0.257603985892734422,-0.891229836806152975,0.475700709432291868,2.23714003785472926,-2.59890445475424903,-0.482490223764623749,1.30124169049999483,-4.08988832023889781,-3.13991930251948848,0.415916494269560455
0.165080624104765955,1.29921597918740295,-0.762993830240769944,-0.355994147188889776,0.428506543501242843,-0.323938103271833366,0.414462418254698928,-2.75652824013327891,-1.47830446335666643,2.37179067757777151,-2.36928427360296157,1.45335994159077941,-1.96737997633975192,0.618112320164322382,-0.918340270951578108,-0.75117790371154558,3.88904011559746854,-3.69205794152767819,-3.09119828186107704,1.74956915199752383
0.307146645888244307,-0.769978195560614975,-0.767281523193303783,-0.920455223521751908,3.114776239976079,0.603602903658606915,1.27865191385978294,0.471273702563907826,-0.836560956785329712,-0.349204644673876963,0.614871552894385776,-2.42969384059426474,1.60670088364950847,-0.582632626230183082,-0.0194307356652414498,-0.209499577931945041,-5.52084618737111299,1.59170590129211043,-1.42319335987323226,-0.455005326836877944
2.15011521238216829,0.6664297051555923,0.793671684369267272,-1.71424446225861749,-4.33133930696059455,-2.07514505363852875,0.435954303946348876,0.469195120791442322,0.598074422545957773,-2.59907867718984642,-3.63305917156080449,-1.23280197916657341,-1.46868651295787234,-0.348758993412493667,-1.16494449615087792,0.657306517930115186,2.60287228421697714,-2.64304964901531125,-2.92370305685067278,-3.11082071152206829
-3.60070950553422975,-0.465499102110859264,0.0642370583255765099,-0.679599941750746672,-1.5087494529098906,2.53817612388142821,-2.56742238228190667,3.79591902412284954,-0.974878755902163663,0.100910466324929407,-1.99891572222013947,-2.9842057495393397,7.26083912009929833,-2.67171367788261449,-0.356966731094250367,-0.173183642355392742,0.549042801981364015,3.9824137344332966,0.89805517328847595,2.24764722747093604
0.108115312858867565,-0.595651527048842055,-0.320894671347605853,1.37591496752477216,0.33201390674646486,0.687861209317412681,-2.30047862888186971,1.09010130012458228,-0.305070004716328613,-0.0194301666580115225,-0.639047335954950335,-0.0358379231878138416,1.24897113142317018,0.779485683742123681,1.61689301709200728,-0.264566953808683558,-0.0388094108729988008,4.75980548511140267,-1.79679426488172123,0.755320686150595555
2.47287753013845846,1.06703543568844972,-0.558709701011207871,-1.18606790423614994,-1.79538083878835852,-2.23879735476559416,1.27344746883728965,1.46949296635337756,-0.92824976520251945,1.35500370827439021,0.548589333521367184,-1.05214153496339691,1.01229974506389708,0.517246612720206889,-1.23532589055102182,0.312570335731629512,-0.241129640005546542,1.70673948818693111,0.0702759057215536637,-3.93979881501543217
-1.34955223723451812,-0.562137954450628863,0.999910553547605163,-0.563453639467104916,2.18903183549129965,0.0848533988017093344,-2.18540483977458688,0.640283233918554684,-1.55291582331890221,-1.19643048680356046,-4.12455447932554442,-0.319553413391046426,0.637532877594378711,1.14317494126341912,1.24328907979340908,0.0712295147215326468,0.781772206107879009,0.498571080419683621,-3.52980573754304627,0.856029774801357668
1.61342426892305668,-1.38909806418055704,-0.584178248534176991,0.797944836975650995,-0.676662770585569229,-0.850646131272318473,0.524008074405198032,-2.43515188458209453,0.841772078612408436,-1.12920586463536821,1.97416371265595969,2.83055846442991266,-2.01691276434536571,2.70822962324497807,-1.61207715280664443,-0.0369478419248378889,1.14945873808638277,-0.121945789089435569,0.532472367835503668,0.0432537972237684171
0.973980117627734066,0.0344250160001813507,0.933845200958135058,-0.492094251750389122,-1.12739879820285971,-0.792793772552537912,1.29661620702790104,1.50415916413786599,0.446438168302150606,1.22028644877697512,1.66764011078493835,-1.80189286642468094,1.96063157467246496,-0.139985577129348948,1.55230711738562843,-1.09890416188034679,2.98129597582753814,-0.888452990644341467,0.406074656907564613,-1.27377972429951725
0.782093101295041504,0.889384563821641105,0.369292837857412348,-0.813144627467716097,0.701944110722556802,-1.65990406911196131,-0.316419513999514512,1.79381058477187616,-0.140438836017470731,2.72556465957234639,2.2659314588530548,-0.929703328480695701,-0.261890223778326048,-0.620965637470115572,-0.820900547314790896,-0.047370428799882576,4.34630315791999244,-0.467686864557766757,-0.957922463321071116,-0.423115866505016036
0.21168385924533048,-1.873146685347304,-0.173189363514150318,-2.39103293185324439,-2.70238498233089208,-1.49994883020742376,2.14881384444818524,0.254639346316331672,-1.36775831645489565,0.10553224913535339,2.96809569846886268,-3.88306856493552077,0.455987216210032298,2.09259195243334695,-0.0940247134715922334,-0.331704691655097361,-0.568997092461071219,0.853346610265358518,1.91860360959967347,-2.12999507850933867
0.643906779014836395,-1.12437716205480553,0.475452597490097606,1.37257279763394169,-2.92700022027405282,0.993601792141734053,0.523045695182302373,-1.13574054560519877,0.655144308214148707,-3.3881761095304439,-0.866934696173118247,2.39462461204038757,1.44840300080233964,2.18786095826459981,0.708739459530030813,-2.40764334087822807,0.013151129121104185,-1.31174595026876317,0.800747802187581126,-2.08336549056778475
4.30838841264327588,0.949569421107621547,0.298130390355550223,0.610568215027156636,-1.47284829814156004,-4.26768268907653425,3.09459314556651011,-1.47107265387963704,1.10317021870955134,0.0749555442710360953,1.44167876320641541,2.20888458533051146,-7.04187359174438221,0.932858499632630789,-2.92234277652877994,-1.7427222947519192,0.663025960636270617,-5.61252675160084014,-5.85422768393308601,-3.36626372470849278
0.518082612103952567,-0.0700401103244936846,1.27143026954529814,1.26170360954834115,-1.25025861391603699,-1.66694682856962784,-0.477900951198460988,-0.458124170253582819,-0.961483553491462084,-1.4127399059453738,0.13348204511829348,2.14913516775738422,0.293341704484650356,0.327907357670291444,-0.476975745099265103,0.940203408708414679,-2.81117397357250098,-1.47393187641746093,2.7158724365926763,1.92094048184964539
1.36420127453357365,-0.549678902132412883,-1.3616251329892064,-1.02399662013507409,-0.669538435706762303,0.713544359311736653,1.67279373976732892,-1.92230589445982281,1.77810358148427561,0.79563503965355642,-1.0996078088945771,2.18010025506600424,-1.5027220038525293,0.228348272959219278,-1.65261885348487869,-0.484905641626712902,-2.25070679503777038,-4.98900650164714143,0.842365206462055482,-2.9365820513597054
0.29249375861590643,0.852139406978270286,-0.0654921838368482112,1.13483997933965197,-1.14358869918251815,1.17451540070870508,-1.2904732986466827,0.752279150187671775,-1.00324788003794629,-0.345461457996370236,2.11696536852602879,0.698898239801305499,1.54146783369459861,0.165362232134675852,2.41363147246055565,-0.400789764335916343,5.0529481254679034,1.50133256394842407,2.12341084996331553,-0.155896597452161029
4.40315201982447313,-0.697041661691983894,-0.858234215798233668,1.03730203125762466,-0.60591551185044612,-3.29457573815941718,3.6447377140788122,-2.26984944679734735,1.14126465684064993,-1.94366761827363921,3.70253041798834737,2.5477802793349893,-5.34691106799481997,2.47624099479492399,-2.13745412577019778,1.17368813512394743,0.91323308036187556,-4.89842353656120455,-1.36190842515875254,-2.03118225106858086
3.2711260334178478,0.216544218989355414,-0.880261952745804099,1.20594241709217176,1.02160623647248783,-2.84660733071513317,2.56449405397683128,-0.878974152889819615,0.132316846704930463,-0.363689506907840632,1.36969838934560606,-1.07883564819273015,-3.71522986652819176,0.508012248395790067,-1.59856684492661549,1.06714477488376369,1.58410371828581953,-1.75624755159828538,0.0111220226687144107,-1.40857171572560946
-0.966450648462991779,-0.0228927829303592414,-0.284135458515881401,-0.947617172910496297,-1.19092049006955247,0.244340460581297408,-1.35262341709425238,0.631298434409938269,-0.183331726954081564,-0.830252261186940621,1.15538547663656277,-0.972376081786536117,1.91025874750579261,-1.05379322056282176,-0.266124973904707407,-0.907920475461782006,-0.232453246015239451,3.41010276128819223,2.91443846298726461,0.762543860099931359
1.62903604832458848,0.352923522151154412,-0.935534878450399399,-0.839217612850608141,-5.7058344514081849,-1.52934904972754926,0.446080463843874175,-1.41455207556381435,0.407482822424003743,0.404401653259310434,1.05502516507914224,1.69998243027229878,-3.27776312144005644,0.665265694064297697,0.391255379310443296,-1.48354562109209676,0.5926485413073449,2.14483664138386754,1.56747774641641335,-0.188182093780080106
3.21355082165119255,1.62603790168177342,-0.634930688299430668,1.09089256000422807,-3.30312141541532833,-3.40472395591221622,2.71526658863836801,-1.69748506247852182,-0.984862838363808946,0.123261886423597158,2.99056965376241646,1.62832368838305874,-5.19798330651136631,2.36113188327913948,-3.6211824898128433,1.86982887670335418,-0.314451764343453233,-5.32518370742653602,-6.91356165331465444,-3.40809156043830086
-1.79381497094392595,0.604187247727699939,0.975160518518083719,-0.888184010057681217,4.27991274269663791,1.69396217288442719,-0.137352682560321376,0.198091181276267653,-0.736524966384040081,1.25332023912452084,1.65293161345657991,-1.0007921606118042,0.343981106406463677,-1.40993828720661862,1.52345596951146001,1.42737282751542738,0.319376867164012701,2.09635102092589864,6.02651660229792974,1.81393917035134211
0.0138932379250192532,-0.141432863700003741,2.76882712244540929,-3.03458497946843853,1.27892021699922576,-0.279916989462629884,1.35437758718646095,2.10471166887864802,-0.61194297386604124,-0.0504410671867579,-2.27016595878864669,-3.47008757753464536,1.57454167528529609,1.05180278639360081,-1.41595932251871193,1.09373283745551575,4.70414722601340429,-3.26896927750768995,-3.74645865185767857,0.182062075011163005
-0.816290465401731558,2.06519553472963979,0.223313462275891217,-2.45803443765057938,-2.19049225550236315,-0.518457953440764063,0.258214863651077764,-0.0881411162954398447,1.2955604852308289,1.52473450144366329,-1.19336816319905181,-1.98908474085951004,-1.77203647092999739,-1.4946765863519087,-1.01816522012324606,0.601299345171656507,4.71862055448126405,1.52607892355538888,-0.113071899143325591,-1.71799953118046766
1.97517513944550593,0.321714773332890391,-0.145691298376466272,0.951872800542855169,-0.311375211098409654,-0.360920378318365542,2.58896564885520863,1.92212694329924094,0.928428821781584479,-1.09423125041301139,1.05291003255920868,-0.7728720681807838,1.21813135127522565,0.123848702386117129,1.06871316753051571,-2.09608777803483592,-2.05292825754675246,-2.90775855558607921,1.50579710196683969,-0.608777014870784949
1.29398160109658278,-0.797583018632663565,1.75677224908614948,-0.0174864274453243526,0.305809982512484424,-0.50087422373032997,0.145105882410433623,0.635875078830674512,-0.455716627023994847,-0.439201463896184696,2.84593449817317756,-0.680351440455075451,3.10883124287118884,1.17086753709240821,-1.03112734724266564,-1.50892964413655672,2.15377884009850673,-0.885134703404749312,1.61202666045566922,-4.34720813235238701
0.864646518026152555,-0.948597100888962763,0.70465772123576198,1.05920995585359745,0.292301027491156939,-0.198801109375718488,-0.0977496194058022072,0.967097460777166629,-0.644054060351448521,0.0135129768093526191,1.42960587450922771,-1.41831105906859434,1.69431751510602235,2.86912601786580046,-1.99038404398988056,0.980820716901959377,3.38143798960167752,-2.98841979449408202,-4.0336934376646969,-1.13405595075718613
-0.305780573716638526,1.48278619100043563,-1.79040871225523146,-0.33267069408269806,1.00284413834293495,-0.581827571206069427,-1.81978550174936826,-2.57914299048006423,1.60920915265995212,1.93624242624946818,0.129160464547091597,1.02627699568987074,-6.28378135467449628,-0.496567106603187203,1.40297903694570381,2.58309286519970982,-3.92523386301050747,1.48603138628874776,2.33577090328606296,0.282628713817025867
-2.47675772556379314,0.299989030193831663,-1.65354361781847947,0.543337134439163205,-0.0438482175577204272,0.82255842212425534,-2.20941103282446605,-0.46281198240039334,0.516799856051431861,-0.316878655201870807,-0.295641458255004874,1.79477508371380723,-0.927772445252463385,-2.91824966090488713,2.03462358246475938,0.617563985297162832,-3.63380033194764751,2.76588868718732606,3.93486711554531654,2.02052608947129508
1.35931070897722139,0.0468869055044811509,0.0184769483520322471,-2.25856877137532841,3.29810571936722985,-0.719223240039823186,2.07708293874041994,-1.48955458511139116,-2.31019964242754039,1.18461287261527892,2.2576308951355486,-0.679418578323016775,0.45900730924041111,0.48598735332946813,-0.234849561871116913,-1.24791636435908138,3.87425149473098607,-5.971820536996721,-2.13170499523816837,-1.74963735947399757
-0.753963444132403016,-0.169502502145603307,-1.5226294964454905,-0.57923012515628125,-5.49501374445116308,1.0605610061809756,-1.31426990287137024,-1.17236133021913225,-0.434457091350189784,-1.64047833488758688,1.23698355220363543,0.801025192726103952,-2.26300441678954156,-0.00132237864336078362,1.33921187251111817,-0.184002443816307676,0.709701630208790624,3.11714130458070704,-2.56771019885088547,0.496245023057383661
-2.97039928055202518,0.760584342439723282,0.114341355924110877,1.24339127808284,-0.758351850913895897,2.6947368119022852,-1.58734281515387954,-2.80450608124836709,1.81448896807773474,-1.28700743597792822,-0.369611386652442364,2.74098344694770368,-0.114262959594073177,-3.32913239579772435,-0.924715629531758898,-1.55790001053854743,0.445305230707354671,4.22423295708388125,-2.54995812853494463,3.04358598737975994
-3.35226441766943761,1.48364215750683881,-0.235291482274595343,-1.05791640925298625,2.07866582179925841,2.04244728462677561,-0.4389013482226225,-0.647022702921092874,-0.480215204661290807,-0.904520167186628532,-3.03578713976659742,0.940895396112980231,1.36855831986295384,-2.25638984344489613,2.41463754551894016,0.978730477302192425,0.367291871892633959,0.0330509104638706114,2.42975514482756827,1.54356854862740156
0.500837071083998664,-0.0894133795813929072,0.224518966809327453,0.964749407381551127,1.54012669455073414,-0.267097316068022061,0.647126974603481342,0.607438510654321862,-1.31279216734399706,2.65625241968609949,2.30949984783073115,1.37033358545183193,1.58632113489740378,0.276318882672286603,-1.66447290397182557,-0.683523090780747244,0.724279979065521329,-1.27438044428687824,-3.45225680137454338,-0.0615771439145932561
-1.16956275041033897,1.02057111222671071,-1.51380878672139541,0.31851691060907833,5.08845799814641264,0.111965638104492254,-0.830588862491008051,-4.94709107497913969,1.13356981152647274,0.0343924200090437657,-0.879783641432068886,2.75639244098251579,-4.0538608296225318,0.555487459919695392,-0.246551948395916626,-0.977408880776876821,1.22368390716609698,3.42739208539823359,-3.25213515507587791,2.45300044464469735
1.11300154815066854,-0.757682739767891023,-0.666471277747542001,-0.233339598998382414,0.456930891415965379,-1.01960897172241216,1.90327384413044176,-0.364796061952149697,1.23473621454526827,-0.22710130391095118,1.2233285740934936,0.32145245569465547,-1.52955138723903561,-1.88020220675200922,0.203064239223273713,-0.868583014393051189,0.398635746434293836,-1.59090006902065273,0.00478269441409308067,-2.20422144212508186
0.755587276371002758,0.281115682357999275,0.200858773582545974,-1.95886471816282026,-0.160449533287983448,-0.599810559423304523,1.79104003546295165,-1.04731049395958675,0.11229543737131735,-0.328332608857347275,0.34648739482536095,0.995067400634571664,-1.40482552252919102,-0.251661744986424296,-2.42351931473711568,-0.0477178235490187744,-2.14747643169433955,0.00506434444822269608,1.45028022313297056,-1.64044084770421605
-1.11565663603637333,1.06286762899881637,-0.452752474719143316,0.390899563251277282,1.39160141435493179,0.524469435185597521,0.147129387205155171,-0.0935323122216317054,-1.68102826881278711,-1.57635157028848605,1.76590557363609846,1.27114305030161678,2.14807965194212303,0.267321950869789937,-1.13205285947170164,-2.6484478876256099,-2.29766560911451601,0.766494402024587185,-4.96298390069904194,2.51446191374695127
-0.481576462765732793,-0.753620072646382422,0.853418283851109072,0.291873514051070593,1.88529012005986396,-0.662577449654442652,1.14148981014177586,2.3117227608951465,-1.018252746357585,-1.84798556560183957,-0.721614986991154339,-1.71558285230074081,1.82999243065465067,-2.60451377732700928,-0.351834644928243456,-1.86883111020759007,-1.21692539480770279,0.31599877227661094,-1.97655397980984193,-0.0749328886319508419
-2.79987646410065016,0.08444648823277838,0.449296417700722317,0.117449763563177656,0.00479041081044456665,3.24087631825997269,-1.29254434757402503,0.320733546893890109,-1.93411533055558826,-0.69486972460015195,2.8326332434398549,0.228618066057136526,4.99027246953500825,-0.995686627003237401,2.9814972954019372,-0.819897694064624982,-1.62127836803509018,1.35595066576110979,0.481606051123188939,2.96365393942183086
-2.75996728726495721,-2.1811263860078598,2.64013998867498456,0.96028993584969391,-4.80687727075767324,2.2095574362186392,-2.31127433300664586,4.54686585918432318,0.474406085939499123,-2.67614057863020927,-2.28163514288456115,-1.82771046502468515,5.69569683098796453,-1.48668593235576774,2.60903920021896552,0.794828653274233687,-0.823109082493421296,5.35073848146455155,3.19786704141090938,1.76038266511338692
-2.52692973874192717,0.410455936623371209,-0.762669135120353392,-0.784568790147041062,4.30139624871417947,3.23285343081327881,-2.85809306233439742,1.99405753288770837,0.669195611385009714,-0.871188589567484239,-3.46794189609304571,0.108490344899139252,5.58866689923336235,-1.10439758134136512,-1.04840011985379156,1.98427865195991893,-1.9622988897424154,5.3298311625121606,1.40467858551093094,0.580587406834652708
-0.608125704854409421,-0.654864763273542261,0.0984298086757860041,0.318841716370760031,-0.0969154510524229407,0.465221795840101759,-0.303207327835429752,1.59145416080936264,0.885160609707185353,0.264730235142786485,0.533932616605946486,-0.980909372581678984,-0.221992694568104276,-0.361358130583723347,3.89451011986158768,1.32916608373659373,-3.28709810080081066,1.88218743896121055,2.65472398473388749,0.969691428081314921
0.307256448563770157,-2.78109245915016157,0.0198168560531815433,-2.10139339663596525,-1.64643741128275845,0.787875715140528787,1.03144614575669413,0.877819456898632056,-0.467537176533370069,-1.37331437053937644,-0.0560628652808209949,-0.241812171676823756,2.95766731766950253,-0.274368737878380953,-0.568814618420457663,4.40575197657179451,-4.09399300080836426,-1.97496488026104511,1.85546943927277463,1.10349471488100681
-1.32369234267758862,-1.34873631746508416,-0.994743737083244373,0.502605951259524786,0.202468473483251171,0.421503491677119535,-0.862268182780290937,-1.15530956668694462,0.59237911513615471,-0.391093502692081929,-0.72101891427249476,0.113075945756144575,-1.03978286136214759,-1.98035874422032343,2.32967319905730896,-2.49021882079031487,2.82044642364677767,2.33764799682123448,-4.13701110413711248,0.818883373455907448
0.543834229400827818,1.32770891746206865,1.88913273546981308,-0.949984266599205984,2.64317144672271231,-0.599886634672875951,0.589332968676673175,0.485085415571418821,1.18790759764237164,1.8819385294882911,-3.94823298895427577,-0.372469470783847678,-1.48839474007487715,0.259119720802013453,0.776431121478958319,-1.36493555866839866,0.754314501711748409,0.627818039731764643,-1.5455986690980279,0.792391170087887953
-0.227870324616898573,-2.27382836033384628,0.253772298890261427,-0.0999585840772140299,0.0764629187037735303,0.295344932557658424,0.844357980105758021,-0.725793564401339353,0.0381968247600780256,-0.660235861012271275,-1.72647447322919967,-1.02448697862673499,1.81480630686067324,0.0858992671311399059,-0.667288634126173896,2.66892443323782214,1.86278390936462745,-1.19641810629225098,-3.01760118049288417,-1.57578127721098427
0.162050687683571781,0.161851961344588208,0.985188765939320144,2.35334354739610552,-2.34842067927043363,1.24482724628459285,-1.0229805480617733,1.5740044411568308,-0.601170923577523109,-0.273699455774663925,1.22820477253161298,-0.206142138155612359,1.93374671335653536,1.12485786516750452,2.55312696273226436,1.79941179710862853,-3.31686818954316998,1.16764109112619652,9.9644308363358931,0.538588428009067366
2.61982041903860363,-0.658854552747891398,-1.57973537097635597,2.56939541726018383,0.0793890350314510329,0.980062196633572635,0.647819667742662197,1.61771572443874412,0.283662893761176593,0.858369016943644647,3.51161023529772853,-0.505021499123386231,0.170427610731275575,1.15239180292613264,0.00850826731189096783,1.02939275144727893,-1.00857757526518377,0.107159778071445402,0.0770506771329686063,-0.948058591602218614
-2.94907196058472554,0.250155808909036548,-0.393961432081175456,0.00294762011919366554,0.11751129566037119,2.34766837128483097,0.162172653437571423,0.789259772526377135,-0.579443154334581934,1.23920796047083814,0.746163941978744916,-0.30537788087873019,2.77689318427381782,-1.04470561766394265,1.38426903466324136,-3.82969309199957353,1.27304794508850994,-2.47953530082222962,1.78938964817932922,1.74216503228499597
0.451042958958199014,1.03765816548948497,-0.380291567315058865,0.905411881770752269,1.73131214744827755,-2.33904952178284375,0.00981580283525391659,-1.75334309227074137,0.555943491780850119,0.194339420103687682,0.162918513016336225,-0.573827215359483112,-3.33917660338570599,-0.36455406649823191,-0.372743230914831192,-1.37631103425721513,0.14867599370429796,1.39458555588285815,2.05416535874723749,0.318325723443599551
-1.4465669935499994,-0.122530117349911968,-1.05707145555323745,-2.33719224109273993,-0.585406435541934278,0.354284484096044128,0.0358149222450552668,0.795997282560606867,0.0808786853797433813,1.30310569118931463,-0.802993016036813945,-1.96790466157803623,0.80449531959297782,0.687485820372244372,-1.71327036206798122,-3.77891077905644002,-0.236468314013335651,0.629965757468106236,-1.80018637471267895,1.77158468126407787
3.80711998461398471,0.179075557579601669,0.850566771207985517,-0.031078244096873188,-4.57515520838027179,-3.11139991209750821,3.48771670765581376,1.34870037100305629,0.669098817316047367,2.2471147550966295,2.17135356319316131,-1.79302345781447037,-3.04473273052698623,2.79632586106228098,-1.90854694161700089,-2.18884038234110578,0.44296597695639861,-2.01543650072783098,-2.92943283403248556,0.0744470050319325782
1.01901395558289143,-0.507101588664948366,-0.822857082618984603,1.12222270480216135,2.12449390213487854,0.198583010570570012,0.534743301418851402,-2.13814088808037095,0.257743560662219762,0.589772242732795049,-1.10678236727105195,1.55884791622297514,-1.63937256646889673,-0.0150677760705604825,0.413133160494294993,-1.2731428898844217,-4.26913971570373096,-2.40065835613833922,-0.977958563970569572,-0.626852572459768664
-1.73625186876857796,-0.954584805159639282,2.6270756798961421,-0.465407316863867826,-1.27885203368512967,-0.0354173733251104753,-0.342050644616625543,1.24650450948797631,-1.45565787965704518,0.0305134811472931658,-0.112558642957426888,-0.127539169902818272,3.21280710707760075,-0.105950334866268897,4.03039738897669952,1.13943896581528259,3.8758431059408216,1.86651222897741298,2.35360792359073212,3.17699022724759894
-2.61492154604652027,-0.0485743878818958794,2.06334497562951436,0.80992336329207637,-1.63126240226278063,0.871811361711203214,0.323328216977291305,3.13987719665549792,-0.38836787276819873,-1.90040350836775618,-1.15724472805512857,-2.61628629747246322,5.49529869280531358,-0.763757689662584616,4.45887023543611249,-1.15406650086313811,0.89535116525624614,6.19026476570541728,2.73091153009591059,1.15957982303533891
-3.09647068831476568,-0.187073762197716209,1.94480240644472757,-0.457678373629630209,-1.1379307724376968,2.08044390069074092,-1.45313664422887268,1.44422271434284943,0.038738454875779621,0.238283139293506224,-3.5460321600292235,-0.816432628303584207,4.67815762004566604,-1.91285965479902531,-0.753206766277833895,-0.119288857985236751,4.36552515546763953,4.09958322217903426,-0.912166415138625175,4.37440996878486033
2.05396008925404416,2.02512363393330075,-0.0582602285836373579,-1.15356532575386006,-0.419273075422411545,-0.171727560994879458,2.19932853920203719,-0.883158528446632785,1.60916830159598834,0.881824610807042775,1.18135007559451455,-1.294884119874818,-2.30531081200224319,0.91274803292248341,0.217314824396339756,1.92109793424055519,1.77022007037786766,-5.01214476432029787,-0.817341730659117305,-0.864027927729277612
0.407044247949004179,0.358556913796070131,0.119351984655148152,-0.643938862953621682,1.04988953022871168,-0.236412081971407395,1.44352511314876208,-0.462412207777026685,0.0986015748568304928,0.774613794889445151,-1.43067022278643252,-0.246886452798096123,-1.04023328100722745,0.00604132806263283934,-0.547389096972954126,1.17897678403581763,0.516853957514506357,-1.03898783322773713,-1.06260012463062226,-0.726480593000633723
-1.17920130523684175,0.47696468142020676,-0.128915528328411133,-0.576604280495060739,0.398980425184097265,2.09825955498666028,-1.52239997331973731,-0.89268270992685772,0.564684768022527428,0.123859766667515581,-1.32950386375397334,0.994413848687246027,-0.735034390990401243,-0.971254337385041078,1.20003160915554408,-3.89213294491888595,-1.81991211576205503,1.90348092854358009,-0.420541346593808929,-0.579794797358403891
0.573737869211732532,-1.69658799741927835,0.924265762087232656,-0.179619558420387959,-2.66561404996186813,0.372649516361832855,0.591320425546666417,0.917610335205927052,1.240438827155387,-3.83025546712261056,0.803219376739186863,-0.173328281705024845,1.76757313330318588,0.527424600949272127,0.699477456657505603,-0.401031055388244462,0.909876129169873149,-1.07591080963795394,1.13980406750781871,-0.130401490440893858
1.42901116332958877,-0.00441976353843010102,1.57743083610652546,1.02125065075943744,0.222603384428792267,-1.16390886714961717,0.0133388168939888134,3.32480012034742956,0.80145319495463696,0.388118568696734334,-1.40775965010247428,-2.87781741051601969,0.938510248353360721,0.407944865783612998,-0.439635711003211471,-2.92313397439934475,1.91359911658253701,-2.84755539030883664,0.540428696464261948,-0.415782771156356534
1.97585924391443957,0.776848169468127847,1.30027374901498294,3.27137349739849714,1.32822805195786486,-2.70188701944921661,0.787287024305914573,1.04228777522112193,-0.869026618856833966,1.76066415764450901,4.13735323403112609,0.406252421719847656,0.0704141957307479333,0.769120702677426049,-1.40459112218880278,-1.75986708284166893,-0.680868174926973491,-2.90487711378231772,2.3542202014993161,-1.53812617984934796
2.22914061850890333,1.20630830282681734,-0.559261375096860136,0.51276567846222465,-0.954928158805884886,-1.23266936700692287,0.959421863584880907,0.448234041958683105,-1.39737025720394525,-0.844470579274328226,-0.603781406350696992,-0.00900790283701568065,-0.408236665372544216,1.58350265061750561,-2.96637108792789084,2.8469388967230449,-0.267329890067084852,0.278393344210776106,-0.547893173795586885,-2.08255759006145569
-1.36697260191006187,0.0862177659532059326,-0.910194413380799427,1.57353054355629873,-2.08950507408713859,1.95871789817867437,-1.24921922869850932,0.221102056115547618,0.441337275803416584,1.48529400142348278,-1.16021349585296618,0.253185608291082387,1.10465917603050423,0.378923154099237325,2.39104786747487852,-2.03259918765385628,-4.46056319496038434,4.86885123768054306,2.98473540332728859,-0.0256048818153306081
0.677424100816053532,1.5599601417696225,-0.237488207605120238,-1.86176671389206794,-1.97046275287190009,0.769701704473724435,0.941773030350979812,0.153464945255385565,-1.30891390597710577,1.69089701054204511,1.19571315522061594,-1.5386462215386989,0.573993873947613031,1.14134418314917263,-1.23489559336816623,-2.13381803760068722,-0.690580394056222735,0.962341575279196171,2.03420852938707952,0.246756820964601636
0.68920930899591959,2.54672849708254612,0.545787842860938621,-1.00354509486648547,3.49863653492746618,-1.01205638636602102,-0.384588051096390104,2.27754100808121507,-0.295799162865897969,0.94269708683189668,-2.35626800442237894,-1.55216968691881951,2.15982640227006595,-0.826506485018871029,-1.92211528394295472,0.84390820244530329,2.56000550569804775,-1.44230832053821101,-4.41674264569072328,-1.27921286536676848
-0.744061691757717636,1.02067346969622941,1.46949253811817382,0.598901213194384274,0.309732308160428071,2.85965888233484833,-1.67687375980452824,0.277929023346138504,0.856625031404627202,2.07538520935773452,-2.02352924982135063,1.1858170797590073,3.47039426492439995,-0.907673553313150361,-0.0183312765203853291,1.99108856366400366,1.83059831604150425,0.555764493864536857,3.46772760098242205,1.14591602090441369
-3.15863934243793709,-1.12740714281317689,0.754991092421377408,2.1272119173349906,1.42404043780038037,3.98656765684901382,-0.327492099233051781,0.945367350508818038,0.120278406908514449,-1.22194059824464762,2.17111308077899867,1.48398743508123432,4.29886135617582354,-1.24918155312650159,2.36632779760586986,-0.756383220196965356,3.08813662126617805,3.72621024866015649,2.60563404759417816,2.1103510160348331
1.37591553757527829,0.523348952874935769,-0.593116252715577441,-0.381485287830506448,1.27162153202630113,-1.60354366026952921,-0.0492473408168975779,0.703152477398601983,-0.119078461410702996,-2.32058697301865502,0.149927206821157594,-1.18365811643617369,-1.18220691115394394,0.626830753620215009,-1.22366339711136041,1.13448867109678275,-1.98132191431775717,0.316026799873446451,-2.12926714103931181,0.0254692333579240281
-2.67621720566371835,-0.157490916696488736,2.1109918688850704,-1.19686220779828867,1.34386606832401001,1.14599371061506372,-1.62266399470222589,-1.82082732294879923,-0.531090367941515762,0.315793188991231211,-2.77784799167246987,-0.279902559550493868,1.80741152037067154,-1.98736506353916509,2.11499062356766743,-0.509839974572171117,2.06039984408950483,3.08538096487519864,-0.725413478032442383,0.174258381271372137
-2.72736457043152747,0.368661284416807733,1.72343858046348131,3.70613145599648508,-1.89582370230709341,3.32789317534151641,-3.72715174859113763,1.40548614544958594,-1.11656881867920355,0.979880371527649174,0.407610806524122737,2.00090642126537999,7.45627443611259277,-2.65997222408738709,0.4058085147983167,1.13313612380379758,2.52307747555611694,4.9815185514708995,2.05101123958069786,0.943594440248966548
-1.31193760414816007,-0.441295929714436708,-0.210846776815900666,-2.0826572485906758,1.89988065106886617,-0.0994032149421757855,-0.732280497537175279,0.760302578946086216,0.515868724309393234,0.546373645222439808,-2.4325274090927258,-1.22590492003136542,-1.7387093463500527,-0.344101340983881121,0.653347768321485667,1.81416020683580759,0.0805378322099392502,0.713216037698211958,2.92320079660925813,1.66047322689082799
-0.732510842756345926,1.61164292034211254,0.456671418898315584,0.0183824953009926184,-1.46336708350403044,-0.0661011215323505374,-0.23957912654303376,0.823990279611798604,-0.484191981668650462,2.8888610204269316,-0.0383406463009084431,-0.195196534423040219,1.07341313385553883,-0.0638320290285599862,-0.911071467503777876,2.72065510458971094,4.4436047626597972,2.12693152914056016,0.34190796455905359,0.970359343951221587
0.20131341683661988,-1.05116664076154542,0.555281727402209713,2.00149903293239495,2.21335974554290171,0.444615159637326673,0.542213215135701421,2.60853788886859839,-0.323012496296983864,-1.39960602095205244,2.73756235552481453,-0.852967602637509703,4.62653344952583367,0.345200050729978558,0.449015588350224704,0.90823069699500103,1.26333601770185977,1.82374779473952753,2.89377795380690062,-0.950181719795801127
-0.148927207095254976,-1.56790510394358762,0.115526744573448165,-0.530806298282526901,3.08944084974009137,-1.51934189357741278,0.61324159793012456,0.0257088111063698554,0.544635685264200919,0.170249732635374851,0.0233525565155472299,-0.545858035028378374,-2.44061543737049025,0.833380345823333091,-1.17356564354071047,-1.98903216855718101,-2.09413431090536184,-1.571053603020937,1.41090738077065025,2.33272237553038053
1.00196613278681967,-0.916098308099588809,1.5169548233461787,-0.0995126001711105074,1.35025482197526525,-1.95191298093553223,-0.967253163103935054,1.54924717786601462,0.0564901708358925073,-0.836987500010067054,-0.849149668890271103,-1.16041969690620106,1.00100140726314035,-0.120132140628652032,-0.581788310145802678,0.170601812902613975,0.776273414279699758,1.66019125006661827,-1.48993037133472717,0.262784785205453453
-3.90623011529853814,-0.549170735755290185,-0.172487544951554161,0.415056581971929295,-1.12366150947442733,1.79535207282393117,-3.7195489909301851,0.537120136611076493,0.206950492217853277,-1.92165562462341466,-1.03940092206466006,-0.313494352361197604,-0.169781104487153472,-1.19179224004078277,2.95912932295406739,-0.215388441044555595,1.75593810734330047,7.41329943207603836,1.46984886883304755,-0.501837398065552276
-2.06926913653094102,-1.9174772853328792,-1.28563262385093524,-0.450280601673889003,-0.227963384142640779,2.92994875975587421,-1.06041301918219988,-1.15677526780778228,-0.943604454571215334,0.145768319546023373,1.53209358620378477,-0.974191518288154867,1.16591919310633263,-0.474625237281555423,1.16450947668054794,0.0764504451266924817,0.185459617705045099,3.93614737196842857,3.23316168603347665,2.08635590857490705
-0.157162103592140556,2.02719616886087861,0.164975241191133104,-0.569864172671438407,-2.40260034667309874,-0.318637290716324295,-0.622860038894897272,-1.5470698379877188,-0.884880832351988222,1.0844076192473,-1.53162031321402003,0.247653111869535897,-1.15018486231558259,0.863396879106806181,-1.42008600538348273,0.40650213641852817,-3.3009241328736052,-2.76458692019483721,-3.40160645134106554,0.466382895462336799
-2.29777012940688419,0.0208220599764859689,0.788280831110383828,-0.554357010856846744,1.54477276413272202,0.793453443006368775,-1.30015236576455262,0.992315716600963182,-0.509414775945628562,-1.31802867467432994,-1.49070317897834492,-1.1622093606200159,2.58900659622942397,-1.22824380177444015,-0.548955920806605491,1.23533980968368473,-0.190197808181933214,1.59701698318933683,-0.760428946575305797,1.8564169130894459
-2.77477050390326196,0.109949000524302773,0.292018085709284336,-0.845423812376155603,0.909621833963520032,2.054849186973847,-0.691624859019695615,0.547042634720888876,-1.04196181363919083,1.18032486565909434,-1.45391509995716794,0.145836619399019984,4.45773561216175107,-2.85697349772182285,1.85428111241527294,-1.09399503495041506,-1.26251514356006278,1.98327562105338706,0.016098191939748499,1.66921499048079913
0.365339478430287912,-1.30856085682103185,-0.186958862894750749,-0.422026390229185755,0.219079460339395765,0.748669650909020601,0.168713362714148357,-0.481824718022940579,0.280035580749702584,-2.77047873741783279,-0.921934644841658102,0.449776682377933446,0.238707655202628488,0.0767662360319373016,-2.0950257434492654,1.24435937105648531,3.47245639903964154,-1.41755372486034714,-2.87390846964773461,0.947581325537076191
-1.62489125800850642,0.572392641634581589,-0.021105832439849783,1.32617286464279038,-4.26673637922659488,0.0883413813738482545,0.328217798928298221,0.49388229226064212,0.340844260068746074,-0.648613793336269673,2.20312114005070603,0.127991475711629304,-0.458756063541165771,-0.783006765977441455,0.624499674823394968,2.76591155521438825,1.56279554432695189,-0.143523528207695872,-0.281846244180083638,3.88267737138967561
0.824547600238995759,-0.444953866141889975,0.0570857870326941727,-1.1374763944437698,-4.68829365128545739,-0.204610680649519816,0.243021051950787242,-1.89229472449103775,-0.380057755713729906,0.717244396813271345,-0.927271707483273033,-0.758676536101166588,-0.453907060321702194,-1.2663178526865948,1.40341698017830607,-1.39501891514638943,-0.45784154921327197,-3.65946752411909637,0.80089380211651251,-0.630239380054480436
-2.28781436252387893,0.669710458500081929,-0.881399317037488639,0.816987430276701621,-0.201940864096761347,0.753241817374880274,-3.17081325295664085,-1.54021343146266032,0.76624619834153096,-1.10202854996222244,-2.4083183017136145,2.16749662028032075,0.0143897603038641887,-0.985853869114239223,-0.966971251083537875,-0.947180803218915068,-2.09506720221166987,3.65322792445018107,-0.460483437519062955,0.182531313627253888
-1.36738989744427619,-1.54874232481476493,-2.12101828625805666,1.41871284496331729,-1.3378760746375975,1.39303822297822233,-2.1368667103708332,-1.27063366553968127,0.160502651198291185,-2.58814745639233523,0.412119279700849162,2.51427809340602693,-2.33832616509762925,-0.352705402814756652,0.792836780416461107,1.28508737484522295,-0.821235037702151782,3.16263109653465335,1.46954857199214972,-0.185440445791488162
1.63341324205958283,-0.0265862957179678512,-1.22159283501051008,-1.17376873571810081,-3.10511645414081627,-3.2316800212442236,-1.5520261036634071,-0.491405028739506644,-0.894330774395054262,-1.76053907376207475,-1.17250679740669828,1.06257041063685342,-2.70992969719645327,1.96702898556393668,-1.30674202058342814,-3.48256669710029465,0.0936102644674598056,0.896588916024135485,-2.38960447199761372,-2.40257229221977298
-0.778187555974979461,-0.983043095061345351,-1.28525972474387884,-0.699097719726286093,0.189736897588166809,0.961778183172494305,-0.279349053838378547,-2.07006979978280548,-0.439717979226885103,-0.661727035262376972,-2.03306277326972173,1.68505235089954897,-0.61913779371815203,-1.324667034703914,2.39864929755412604,-2.89009425721841762,0.180487209929122983,0.532650319284961316,2.3296413075934379,0.798090068015639087
-1.56238626622040933,-0.320246317967541438,-0.431449709158129135,0.339964981992451509,-0.324228550259657411,0.97533861541687783,-0.866911920221154264,1.70719114398039395,-0.360440831452626009,1.96930492863395079,2.82735520670997476,-1.8088887232333728,2.15330325890177043,-1.28512491899338022,-0.210037276841446352,-0.882630293195039273,3.06247517167691852,-0.343485036572386049,-0.442254968198116605,0.80059689757678032
-1.98347502723879465,-0.180805883829973479,-1.9169604810999239,-0.234205902075611871,3.80307849396548026,0.16106371464551747,-1.16924218154388315,-3.18497325880052395,-0.415209642264720569,-2.18937753938958934,-1.2167615056856651,2.52123575971450542,-3.05068869113046759,0.720695723493964935,0.130395662047714578,-1.14650283008051024,-2.32843266550932082,0.181184306805292433,1.2190226925150085,2.11765723127909844
-2.61674195601754578,-0.0895732472608181673,-0.429858261738727654,0.865595577638846869,5.18914961213416248,1.79141536128313161,-3.55989029373678134,-0.417622888720138863,0.651081160010465454,-1.93476584086792802,-0.502576962567606089,1.39763538523225272,1.17285579861968237,-2.72417273466324517,1.08806572746285912,-0.670307381414704473,1.20144118150945389,1.15239157070305343,2.41026580427548565,0.994028090734365266
0.596352346567600833,0.648072595339579616,-0.486802834586751665,-1.02658801323461879,-1.60685799133215834,-1.93673466416308582,-0.0994087093258914506,-1.95337958903121955,1.31496921218004248,1.41248623237134519,-3.43752028358676354,2.45671431554021469,-2.42820844440650907,0.466271492416473032,-2.82664653734622107,-2.06761890521270653,-2.43165178358824408,-1.04405850870317995,-2.6340728730281926,-0.173496996485744875
0.313605335030862964,0.596139736704946466,-2.1229532599555081,0.34145477312742939,-1.67142498677365459,-1.33202527760569711,1.92557843544664165,-4.50032322897139192,-2.04351520704034373,1.66822600772618213,1.36878878903339785,2.5601233066358362,-2.49797747112696289,1.29270383983402559,0.134430696541544686,3.03138441744610576,0.883229127073953291,1.19420472401853761,-2.24466154635000681,0.677448701003232734
0.197164196250102286,-1.74434211033349684,0.438141135522541636,-2.00940910027604813,-1.45721113416890535,0.799166724421202068,1.89878181273495072,1.52841806068427344,-0.280618647755355721,-2.0293869474418158,1.14481347386539811,-2.77318476491626642,3.50337822168448687,1.59450181040091299,-0.901909866450772757,0.784212309827582943,-3.49088468347604097,-1.56261515390923766,2.13457104256091101,0.530169564610829425
0.800181095417669908,0.0563733101475240514,-1.88955085433625847,2.12580534756110318,1.92200117801603887,0.267670213113613609,0.186931704993017173,-3.06194500771274747,0.747639573241105526,0.50236758429178896,3.20737637098392536,4.60898318308038668,-4.68327255490361427,1.53366219923486891,-1.76160360643495784,-0.21830800235320591,-2.34152374879071079,-0.470424919943554787,-0.513500321562548878,0.670637441790591149
-1.35269680572181472,-0.478546085274360822,0.840368154842474624,0.356044035137858206,-5.43053370289109161,0.917094448116498207,-0.772457450812138346,0.649892078746375113,-0.338660036578963097,-0.204777034753384851,2.40323948091304951,-0.703906635076326337,2.68982249655415373,-0.836596749390678074,1.51247001248318536,-1.81929199966761579,1.10590484287492874,0.156979524771466955,0.745272232813217861,-1.18857620480031367
-0.255152974891677209,0.400939910318807102,0.369784737760569415,1.82100883041359629,0.399077554404941359,0.576757831385015685,1.23048527807010188,1.75945727893770809,1.06605568111450344,1.88295888598455075,0.886900478428860994,0.516195763291536491,1.85958850874100978,0.137882065814621979,0.544102992566036781,-1.81698592166788719,3.94954127487428597,1.24491132221554879,-3.57339735519114887,-0.891376432496917115
-0.846798456801790111,0.213705088567945234,-0.476163838079857793,-3.46627725067615122,-2.81476828889198627,1.42013517541914935,0.145006462069787956,-1.42038553651889843,0.812731957839654795,-0.453389777204431077,-0.815254919300821168,-1.64735864463082371,-0.116212293018949558,-0.467155010200438703,0.377169534289899966,-0.954674266914168346,1.56020773395701751,1.11776633147002036,-0.751498721897856603,0.558718697999136316
-1.31996460624753786,0.351210073398399492,-0.0491910461598371873,-0.0373828380434018323,-1.44098413588979568,1.96215247050500929,-0.918965851669701683,1.38504894416374946,0.458202427691931313,0.491402043358988072,0.367908335441624157,0.167119551010469686,0.947420456711231096,-0.937140320018883255,-1.12580305698485161,-1.50879733588543541,2.61579563601513243,5.08384108751999797,0.909298988353695714,1.0848543653013567
-1.59974873170578125,-1.09232369871410229,-0.938648382682300331,1.35755623460832897,3.08128281238920332,1.42113643839304715,-0.760252531780360785,-0.639398989057288092,-0.948268895140520818,-0.0574809393647149613,1.58167571413523267,0.612836741724665957,-1.13251672532016889,-0.466293344269297361,-0.317754765119984794,2.49735701759178186,3.38133430014881586,0.586222212530764453,-3.0406100639746243,1.62985618366062068
-0.760705069196717654,-0.254324670834316591,-0.551709618990106399,0.438632920219756972,-2.82381337472141869,-0.590691657741082565,-0.792074902379273027,0.222302008342277813,1.45840147392333486,0.620899763005984484,-1.71202762193116542,-0.0108837104141421281,-3.12516311292311499,0.235459816093080448,1.45008198721792758,-3.28616557606644522,2.55775207606570465,0.520834642120794111,-0.440681237802430792,0.853274175306092397
-0.548360446702787274,2.20099369097344733,-0.177061060510558643,-4.63079366401089221,0.952883284274777531,0.682293169852964954,-0.850635931412488722,1.89222313289952959,-0.615580745062542789,1.06210243915029556,-3.59113211047898728,-3.09621190190218254,2.22215917141166663,-0.429705081648392551,3.70464339524323627,-1.03628446680301489,1.23883978092271074,3.65520114302621302,1.96687584544339344,0.910964617098062979
-1.2921788800179721,-0.739476438353033116,-1.27449550680365875,0.473090128340384608,0.527632066474861716,-1.24971265035000068,-0.527536644944204491,-2.17730929199468681,0.958376453590049748,-0.254508301423936767,1.78687776947703525,2.59711449062854527,-3.28283360799812529,-0.612116985174477657,4.00854261657080357,-0.897945261225325697,2.0140741227073522,2.11025310106148556,2.80313073355325582,1.00655799005658442
-3.7091770763417089,-0.0282028533371359684,-0.712562202213505969,1.0600064257441717,-1.21897526526136057,5.38623542498137731,-2.32055171272451366,0.288790235329757283,1.02344018626169286,-0.340146987508230025,-0.432107304619814225,0.362759075428757849,3.59468954051691414,-0.673073065253437242,3.10876640474775412,-1.48657846181421616,0.356389510351348748,5.87499627250887535,5.03131509059528437,2.58319724836692943
0.461487762259291612,-0.807599462055390127,-1.01072847832417656,-1.07097260958514595,1.17923758042227433,0.0668518067477460176,0.0465735572775416648,1.99234491510700829,2.42764414078094148,0.491448522954929579,-0.965840913286779568,0.854594539321281821,-0.469671946071561874,-0.209748426109691188,1.29155658738122026,2.0792517771644472,0.889638511873446447,-0.0475386201981166656,1.82939184646240482,0.673779047562602984
-1.26395660201497884,-0.06113018073943427,0.0640280011075008287,-1.63882819755985376,-0.187381129013589082,0.900253105156887057,-2.67460009493111617,1.47140694811043526,0.922620851256231167,-0.0284554518431484847,-2.99230158363802312,-0.64689318300242904,0.681671109324475055,-1.233035358931593,1.60491933838114242,-1.59000979099698636,1.99806095117582805,3.72742082087298066,1.11600461892691505,-0.384454469975363866
0.546101564195732303,0.253568331996764318,0.69780365285227608,1.29812415911196166,-2.98332820945752619,-1.09491951249041408,0.18142166990032349,0.855827409866597777,1.02219426247287748,-2.74570136120143049,-0.995532616815651084,0.725942604756589116,-0.213751389990123469,-0.507375552594647838,2.32196049482151423,0.432028474247335981,0.943431634921059192,-1.70776717691610624,0.0187663906220006498,-1.57613596364388009
1.36424310835971019,0.109376015821927922,-0.15754048897305889,0.0449099619418324436,-1.93685078240149622,-0.890166557436547046,1.12367894778422928,0.432104908567933543,-0.872625676561482932,1.04179807463943752,0.543363150954679464,-0.998001995145876619,0.934904500956433293,-0.383592786165679989,-1.45209785270707914,1.92535458389965042,-4.76130458619348396,-3.30008121292323953,2.05783510177301832,-1.81319547173863338
0.635085054372141244,2.18790120618470052,-0.972724949080421841,-2.51847632824497358,-0.136742993853749994,-0.066610812366778363,0.954905881749400165,0.0382215225047751392,0.258244116777047117,3.21024691183322863,-2.74104019894529971,-2.70520431881912549,-0.0668063218930524116,-1.55081347732984187,2.55121385465025607,3.2553096181390524,-1.32330607852091853,-0.285646753057181457,1.62756750101095982,2.89078560432768983
-1.90421563807157823,-0.270170310338404329,1.20323199165953998,-0.475991991544893189,2.05442012754240011,1.9900271565290093,0.00840201454226125431,1.61174374058797509,-0.465919457797821068,-0.519176514510278797,0.436372181394767467,-1.82081711030349536,3.68912188970489963,-0.608451564007156831,1.76422798805039571,0.799007381532574112,0.825662160083801444,0.174220309924568606,1.26395620450108881,2.72035026090072707
0.196814263968046937,1.57168314046719049,-1.20739328223547715,-1.68937065546914966,1.21221522264936477,0.449647321982191095,0.753486969543371354,-0.587951168148923675,-0.666848987311371211,-2.18857488273653589,-1.01224297178438394,-1.94670232173430824,-2.14361424226652586,-1.46959398594515256,1.85499095399980884,2.60782038151059625,-1.44468717326711271,-1.96606006067436923,2.52175156943117562,-1.48256132209604807
-0.0525357231685356918,1.32807973932073464,-0.805374379252106309,-0.196519395539809016,0.70892192957443434,-1.52911530032716025,0.491361198311105807,-1.79739349419312555,-0.580712915452852418,1.17745354699917026,0.341833251538896488,-0.84479853702273966,-2.68305897580703645,1.51736638000984669,-2.40904040062982361,-2.57265449089812215,-2.66122874068808501,0.853212127126616537,-0.945198033021784401,1.82102460848547354
0.0101876053838544315,1.08445636361673436,-0.0313084025043945738,0.666185587070043828,-4.48757613910739472,0.171576638509820495,-1.5772674520102612,0.483482013933699273,-1.80159486772713184,-0.325235035495226976,0.992973932887588062,-1.24630777408732674,2.09855490381127296,-0.267010822855710206,0.82917556623900146,2.33402954849565214,-1.80011461450461785,0.571103702463400476,-0.348065783414390706,-1.77293897096986308
-0.6100361428521065,-0.631426714859332328,0.487297901848895598,-0.414178808670164544,-0.00887632378559807984,0.152671576838022682,-0.219625381988359153,0.115232591604915016,-0.967936148084815873,-2.85013613055902804,1.99928228271551145,0.364761139248953481,0.985246298916389596,-1.19187657031491145,0.87568518231474235,1.38431191502704531,-1.3804619707956487,0.721459248731352587,1.75882474310947079,-1.41198811348644271
3.89880946469814749,-0.470301989975493218,-0.931245513229950084,0.428221182673973855,-0.890981777274464815,-4.28789706814144367,3.65936448559993854,0.883128798502495038,-0.938489269812545879,-1.59371227905014234,4.41866483417609324,-1.14624880930999384,-2.04727274945904147,3.12848132033903026,-1.65104251144860048,2.4131938841721472,-3.3315610293665463,-6.12076628767685804,0.857728667769368958,-1.39211654316388911
1.81748141054073953,0.414231297585071545,0.0511795839448307838,1.69950083544293329,0.701541884689864892,-1.58715187959506987,0.859481802448697985,0.0824246179035297566,0.466818975326470764,0.482670551567482342,-0.169693883463403278,0.207850408220408761,-1.83839702000437111,0.280242400235136635,-1.07564932733199892,0.068842503389305032,-0.965338959458377111,-3.79734648915082706,-2.8930187144780497,-1.39562655432287297
-0.665618854721274356,-1.28848507707466009,-0.00630742921105161003,-2.97253352783988767,-3.63438180712818104,1.2224663969321159,0.136873947299238241,1.50280693039214763,0.113573978448356816,-1.74819656291757486,-2.58836875501781094,-1.47394824226192744,1.44712919065221546,-4.59330832153031832,-1.04782142334375195,-2.17004151992364447,2.17132521217130225,3.54078048006671153,-1.35445605125689394,0.0789741499978492828
-0.868896497939179668,1.33453013576353152,0.284731065097631464,1.12114389111459722,2.60012317866935794,1.17046431022360853,-1.05356562659221287,-1.06022406849238937,0.244090804395355104,0.545650600977342304,-1.12901522014793598,2.4866170842973272,-0.890920093363055554,0.23868707942916817,1.67105070411178791,1.4651572940384392,1.64161623884009655,-2.49198037768440805,-0.84952986071761416,0.179587919263031498
1.37859877893672023,-2.62741154602709459,-0.658389356035964268,-1.04511558075528188,1.65695682765215024,-0.603886657200228272,0.633200813903359583,-1.67403727528941459,-1.53757365157678816,-0.641429367950239082,-1.71465091778551515,0.437370522193206657,-0.495706437566809432,1.24416410848107017,0.38893702599060459,-1.67522328601671888,-0.619945465153278641,1.18992823515914559,3.8590695730438247,-1.20506261146609095
1.48133877459761565,-0.168981619004773737,-0.011014813041503287,-0.395854069776023498,-2.66096591362236801,0.656164943080352225,0.41868419863296763,-0.83651773436915744,0.519280086763942439,1.67188563401820312,2.04283506240798696,-0.108492428115469788,0.880579472968196164,1.44923043180702615,-0.588450440506483652,1.73307424060318338,0.656711942170952856,-3.97258955495517885,-0.417864248197575949,-0.204874572318154619
1.0700705276406508,0.503526803683025159,-0.879934548287963136,-0.176415776293128684,-0.867314447336137717,-0.540174631070052369,0.388374280055724996,-2.79984912010996112,0.489904103579962058,-1.03892415076798006,0.563887319587656366,1.21351332171104942,-1.53150399863949449,1.84533657396739414,-0.518659811186603759,1.26082537763368729,-1.48637856830353488,0.121169093667894578,-0.506298925143959022,-0.566631810534063196
-1.55382998735647493,1.80876641212044098,-0.658220270369298199,-0.795038916984693644,-0.662382285157826045,-0.442106795578040168,-0.559476608415652388,1.50824711666543698,1.11731404991395755,3.84608608236432437,-2.46976865103959264,-1.26592740277925997,-0.846934144445734227,0.192879017295012695,1.87567492269341063,4.17661828734519958,-4.77964334210945019,4.05125460286822037,2.37313090929390391,1.4840660502107248
-6.40818599697342695,0.0203167767867570813,0.534894142136010498,0.696248173126350789,-1.27576322365201489,4.80872280123154816,-4.69035042705653371,0.739842890162439093,1.15066374248232228,-1.07818960158937638,-1.03311546791231557,0.576233903550323445,2.27010164002199533,-4.05309414252057465,3.91501097032525758,0.447979681264387919,0.904466251896108187,13.6466666719873952,-0.110009687474579412,0.739101940783113642
-0.424249002007953402,-0.00370124806735680446,0.391983334281488849,-0.617610979076709476,-1.53857570971692126,-2.37698483677638572,-0.350023682705562778,-0.475802947820782307,0.777555574843579844,1.16718769366801012,0.86633999684241525,0.548686190221221781,-1.48521491447969556,-0.651529969656819197,0.660874843762947806,-1.1683436945728054,1.23566653638455048,-0.196833758685577426,-0.804912310113527818,0.0625546349094898008
-0.418686582659204387,1.14571168064644113,2.43119616986072851,0.190351332970690845,-1.20999224551282736,0.227609689248289088,-0.903344649571776848,-0.223254009002050752,-1.09820775647878777,-0.737317463649361349,0.528197581302926267,-2.15655475261959939,-0.303155251846077112,1.55275134854196328,0.601872290505999219,1.34824545112652383,1.9960894696698388,-0.704174939302665392,-1.81066704242995469,1.0216876720611634
2.21736960533699801,-1.42140056658657321,-1.20223027598147181,-0.475919997338211442,-1.213108255603359,-1.49026503097550811,1.33889458458599964,-3.37958534673258182,-1.26495041728312785,1.31350040196466722,4.02047721218554699,1.34030232709198938,-4.12768949331236801,1.44247469236738191,-0.933099187390964646,-1.78825897307426263,-4.31048642681265548,-1.08260942941395233,2.49413864670236363,-0.203544622012885368
1.04295757910529718,-0.444581396510612847,-0.939505734705724183,-0.481298141894900777,3.31304964354427423,-0.283054374680115239,1.26670111768040483,-0.521905351497024217,-1.07349205730869568,-1.00430710819722013,-0.727121502685391441,-0.225124904029535083,-0.655528110284674725,0.808889407506078184,0.274327393272699671,-1.28068122443892984,-4.5702656738677776,-2.73328936896508656,2.13286834143353721,1.091775031817112
4.32800171198839578,-0.992952323068432507,-0.127447023386437847,-0.236855231783770687,3.61440370432969393,-2.77927397951420074,3.3877414857065502,0.279554899714614224,-0.0556781406577857019,1.28530296186933368,0.951756564168622643,-0.0478289139433737548,-1.66507901136518432,0.965424756808096585,-1.72578365038903736,-0.362263544690612782,0.0635026095589893841,-8.468770230272332,-0.236793341066775492,-5.34770006361697625
3.17914650627762274,0.857746935845170144,0.783433428072415228,2.17406216900270488,-2.26127990906990073,-2.98123307236234814,0.600147229964631879,1.66335305334530092,-1.43255918039816876,-0.0232739572220828084,0.597465719295231845,-1.25703572673083852,0.32673168849298112,0.508352115652292991,-3.61071892907667058,1.3207172357911805,-0.1945876428272241,-2.54199796537204303,-1.12599403710959178,-2.64748032918706144
2.23029768336926137,0.454920007913296454,0.59178206099507924,-0.388094291585753925,1.46061798874354598,-1.62851944104105661,1.52492933727468283,0.672385919230932605,-0.115682511881858505,-1.99574544826675782,2.64325896654454562,-0.522111845325109014,-1.91748663819614173,2.648138082863146,2.12917654613985263,-1.14752626897134791,-0.240096467511943884,-2.11637040766860585,1.937366240089192,-2.19639950399072426
-0.783249600434799631,0.390529848577911232,-0.464635208278968093,-0.57147040515093861,0.942503196678325383,0.142443302752813361,-0.940223854135531445,-0.458645901270121337,-1.54799406619825342,-0.153736307579120934,-0.986532637508530375,0.743157977533139946,0.633844069656239517,-1.44379641943391812,-1.36047159936927109,1.0917947597727844,0.110585672697722903,2.04825691604472881,0.643075017240799518,0.441076939821406389
1.40933183406655615,0.170465526237067788,1.00779620690068739,-0.622535891135503006,1.34878582732109864,-0.393196124939746761,3.22400402601645863,0.0745079148271787367,0.608135169052592572,0.724529572082276752,0.493260392842009621,-0.290259355562133892,0.281596582188629097,1.36312857908126328,-2.38742505163460761,-4.31162053184596683,1.1616595326792043,-2.49160498486595472,-2.11422568790581877,-2.47458389321899475
-1.7533483703990107,2.68113701449600539,-1.57791121922371769,1.72281354467528836,-1.59965762197672623,2.5801845052168928,-0.643873188501491778,-0.865166284155864496,-1.1071829250584746,4.39385452605674853,1.88806693318058261,2.41937073162776572,3.61650841580067306,-2.91755495469006387,0.604736633179126515,-0.850531692371999104,-2.77231174189371021,0.867291678428421586,-0.155705421555981105,1.07138302423061127
-0.491302827169561807,1.17701910172994317,2.15844059644083464,1.27016618103617485,1.2744987145696427,0.84946770545514716,-1.0713198389823213,3.23659977239945196,0.89634347337341358,-0.579328624004611936,0.618194078296978367,-0.483967482385164238,0.769508223924491475,0.750350684384395006,-0.413344276856396409,3.50094510411114923,1.83847663801284877,0.280479565985497892,2.6408561573047673,1.84277636685492774
0.270287935325791095,-0.107903016917958228,-0.00132953267530781338,1.8668340119779403,0.0289974225037036119,-0.158843546283887999,0.13498570167161883,1.27711229669118809,-0.811795018801736212,-0.0679700464237714685,2.49287304836817869,-0.0205599702954520416,0.681005225967515782,-1.69691370085944104,1.91729774746889592,-0.015782877761063966,-0.9192069365936828,-3.25195001424814345,-0.226816518180648075,0.197427172364487813
-1.18423874606343471,-1.2002081314828148,0.458495530732111134,0.960179460511667027,0.941808639048636764,0.0792474188853238559,-0.058649571626969231,-0.862347931428723458,-1.56758420195277504,1.09807648748603315,2.4981668980719709,-0.000422433595540814904,1.44374431960693395,-1.80649544692842712,1.311093689236279,-1.2656283891223159,2.84801217437599741,2.25634532684140421,2.96652704370645282,1.42675052043184847
-1.68760594566449784,0.169329290804679816,1.50488479828803423,0.195625049153648839,-1.41174991432281272,0.268858769107596374,0.567106545184281163,1.03334333970565306,0.679588872909311359,-0.570254866251746595,-0.58956874057230324,-2.19489781732500422,2.95509021653288029,-1.81723869182875264,0.654092747945303254,0.361440884584624755,3.06924632744462356,-1.93900767103233229,-0.311371448041591281,1.29880406882480215
-0.136007397661809554,1.09655776638620828,-1.43329672942613384,0.655862544889987631,-0.241162335662861937,0.425387768525150312,0.764723274263644393,-1.58873256216310788,1.24486931130469647,1.55923629115357709,0.586278692227884424,1.19468805750693519,-0.712872371940111771,-1.41230365148165671,1.67394899286737187,2.45936248318405637,3.01340087700264947,0.350874178185162422,1.31165384551523667,0.363805233382099635
-0.811761754756508025,-0.545028827976042685,-0.952583690598532984,1.35577752419590536,-1.55399664265994297,1.56827775802390645,0.106112182590323581,-2.41532136314245527,0.228364293094739212,-1.35392400962903015,0.843808172632692477,1.7217722451370967,-0.955088382427710547,-0.635171984462691186,-2.05922177250489069,-2.56992201681448185,-5.07194241635376653,1.1070202876667623,-2.01577477540617567,-0.826568983640457056
-1.33116542872745303,0.918691366735113646,-1.14948144080958392,-0.153087271670508784,-1.93921950764439743,0.791045738335648729,-0.887916162880406867,-1.58778520701389425,-0.475276487510797041,1.26552204729802242,-0.778066330768874437,0.990872119486788883,0.336681645919888473,-2.18338725144654333,-2.16813121405861997,0.779572709745384174,0.978452104015781865,2.53031973351639339,-1.51304026951051362,-0.0174208083224371667
1.82619578291674722,-0.60019122319594409,0.35679290517733675,1.67620888632332576,-1.55933866773882057,-2.11917985434736345,0.468660173021418103,1.04792849828703183,-0.296197075787168362,1.09923760894720846,0.398688136358053113,-0.0701264971107495166,0.614224042720088903,1.69550696788186772,-1.45946520329775797,0.761058846783913556,-1.22426158593039824,-0.461232595504985576,-3.83180129659322732,-0.310489586173813892
3.69470995801024937,0.116362991533831756,-0.0910668722198309105,-2.19121651007119445,0.359916553720979249,-3.41065003582567261,1.3060891147749536,-0.584554454134424417,0.571389434592179057,0.0564327648482639832,0.361323130555935068,-2.57469491992818211,-4.2543740440906781,1.66507692473877711,-3.27938406907663182,-1.59497874864462075,-1.49886585263094441,-3.54144335478292271,-3.67331078158896318,-3.28326101346076804
-1.1514477531610805,-1.06069512628491402,0.217556450145147545,-1.52251182385921768,1.7639191980988842,2.59199433356326692,0.760634032249335235,-3.34388505419035287,-0.250588904512726418,0.701708831886590056,-0.494523648829247875,0.776699730731134408,1.69450176929644969,-0.251450668996962223,1.16905791508301982,0.380887454162870953,0.721525665908518854,2.2065707001424637,2.51865199334948331,1.40290338629861511
1.09136776941061986,0.444817154761915357,0.885335420608059032,-1.89712499707416282,1.74280252506942079,-0.367985119230877622,-0.553118954526632955,-0.712348105244902219,0.109345232158239949,0.53801892962872111,-2.46360241173996419,-1.35728138039770951,-1.24850263446172893,1.89299053285117513,1.05019076222203056,-0.415677390836744876,2.54373540073815629,-2.35312078263719782,0.372004500138717165,0.652812119206752972
-3.22408362720340991,-1.22500500739741325,1.63704411769970704,1.66462367639815478,-1.46243210936183354,2.84784536816160827,-3.26596055105820282,2.09393144536605602,0.0220830898942635766,-1.32202040149701694,-1.99085921961342183,0.253978300413865765,3.39800843031278266,-0.730927195897225324,2.70192140959056948,1.36129230466322926,2.81823319908238945,3.4451255735437436,-0.524859416759949959,2.55277658288627274
-0.894234279700004131,-0.626264368010857497,-0.738066007567997784,0.243929295600845392,-2.27192183587314567,-0.0526552378265916082,0.577666280151876377,-2.20585118038753647,1.32585778910722718,0.869600469797134124,0.373820656325816847,1.77147706956502637,-2.65182809710436551,-1.00697699263857832,0.454894217726118044,-3.72289692467690214,1.11078932186202084,0.582128706569423615,-2.73929333928220409,-0.262897090853269122
2.06868155720957869,-1.07583528184796817,-2.12071966998300665,-0.173718586700428945,-0.835673148014418832,-1.69681387228832126,1.87598684457220521,-0.288873760947865876,0.800670127913884921,0.0215177196173639007,0.0361466278901009519,-0.84531587867986957,-3.84429412720133934,1.21582262431448296,-1.76152213979654659,-2.62428820753534309,-1.35940258265631475,-5.16465383054906901,-0.368854454923020159,0.601532089405078407
-0.654310871177080755,-1.26956930481316821,0.422256910249833917,2.51048240065660222,-2.8261338967081131,1.42216766125343086,-1.14008714216243789,1.51742521450802847,-0.0782900251809933029,0.866885858593576253,2.32017984718056836,0.613899904229037952,3.92075191882649854,-1.02937210719063499,-0.262513725046988555,0.611337582003243729,1.53741602499987851,3.12769729860775891,1.31294013953490474,2.53186682364441396
0.934339208804806143,0.177413807189187034,1.35475694227721699,0.68502233976774507,-1.63958854841613433,-1.17844886085294109,2.01045486686760499,0.857222655628160357,1.41644981686000371,-1.25338486047656494,2.67252711645853358,-0.114353835156704262,-1.38051267243014242,-0.752703994726306669,-1.36229069447112594,1.15934389342232147,2.65380024872707931,-0.239852163080368469,-0.877210208053928686,1.49966979478438156
1.52606212016786769,-1.58732479604140919,1.84861233389661117,-3.4287237744694079,1.46366569912691169,-1.33495444074578828,2.40227197929326097,1.18410555169425069,0.651308852856451681,-0.351880220374445662,0.510454129662924583,-2.79635609208687619,0.738961893332101494,-0.756484005013862593,-0.561053404067844208,-1.14764639372637878,-2.33861953538761558,-1.40244511317380871,3.58078911891500962,-1.64303829337355567
-1.22642095997803113,-0.42310914574759706,0.344831379788655468,0.832805710471982485,0.74893793765258132,2.40023966264817368,-2.30562605075199967,-0.107298911577828046,-1.30659344315949144,-1.54603484929743895,-2.80775719065399221,0.349801902860932157,3.70431365356918363,-1.54448259724026049,0.306531744095706438,0.218753723861634747,0.645524532403168427,7.54197037155415462,6.11217050918018767,0.859844917599992375
-0.279281880211913136,0.0613971339889638826,0.129538919895509808,4.29612104498103786,-2.63492965901854426,-0.68812928751897029,-0.92248551007549362,-1.35136811841347204,0.129850135601528083,-1.00054800578546832,2.8513618986738325,4.5419938330641525,-1.32347605781675437,0.0672029042918452224,-1.58267597612874944,-0.820656077454242405,0.163375275366373918,-0.111556743629780186,4.11641723133461301,-1.56111801814637707
-2.44012484812027486,0.906762263864161255,-1.26019424098963984,-3.30614492620118572,0.821742042297255226,1.65597116049494253,-2.73409329285030767,1.4373312127355593,-0.532615214469447817,2.16491178576670729,-0.615773057482510544,-3.34856907687041394,1.84908023699172319,-0.639173764404967093,2.08768606797964207,-0.321039765107907382,-0.603552021684997331,6.77635906778587849,1.1171618956272058,3.43047320673287315
-0.719328002410881795,0.155873185810391168,0.529403176904053252,0.210884239925828249,-0.575030915367265805,-0.536384986115608253,0.591078274943023896,-0.44108828384602139,-1.35233536789365361,-1.79013257926324365,0.342926578501206281,-1.20482215580705487,0.94157951044340582,0.020678950256966467,0.486610124166974745,1.54070164247814922,-2.93957425059140354,1.82061913179345747,2.36961010880210265,0.91259436558994611
0.81692177479330319,0.00709799207856463745,-0.0762043946423483082,3.06705926491353598,-2.8264401455621555,-0.167823244256108256,0.174486121838978742,-1.25897190373388113,-0.587713477797910722,0.492464940673737361,0.883129919182991441,3.9702595569252157,-0.513230687296259869,0.646586643931764016,1.06481643748306176,-0.716827055976914429,-0.501475887991048364,-1.76535381265721769,1.23562111919394968,-0.0572808822680326429
-3.34329416271411661,1.41803076178178311,-0.949155602557114841,-0.14496536505933727,-0.389701617320619698,3.24490354083211896,-2.45411079069437443,-2.54980410018502202,-0.421311970107389411,0.704621622644945211,-1.50388098659172331,0.496847356284522979,-0.744638728693642338,-0.617441781079021146,3.11851006313899282,0.580049872922873688,1.52582727525521999,2.20127580314367144,4.89266789143781633,0.257915361330136428
1.28039793745253228,-0.326013076553063497,-0.547763703386042411,1.51285712879499523,-1.18847991989165136,-0.188996885637725875,0.827791005750729059,-0.644932472411028912,-0.291145489894350962,0.549433099060593677,1.89993689443355529,2.46245205103121467,-0.390691602324189979,-0.114736523516596953,-0.839841748407556765,-0.452274336646587671,-0.784350532104583609,0.305950887370077806,2.82295765232169149,-0.814037261358987796
-0.552826681866144365,-1.42576632203737375,0.413288782356391826,-0.250570256951327008,0.273857176346764597,1.53844404102495114,0.602985189728663551,-2.93925453315121077,-0.221147445982523033,0.110774000680957913,1.69728585924186515,1.73283431357544071,-2.84589397809771194,0.817148941368725623,-0.750805973116381975,-0.705497451824325439,-1.09015072971816784,2.85140515348616441,-3.64719039554815749,0.43721037590170253
0.478566892396761312,0.0473307552836655585,-1.26243649862759333,0.685177892045713222,0.528785217922049799,-0.151983839048510233,-0.617063578016795233,-1.18291915865103903,0.578501203335662795,1.94647394664507889,0.333746000484575478,0.590127646437084707,-1.78848088298038777,0.451449112246284145,-1.12454371463472169,1.76271826575719226,-0.479925168406017011,-0.250364925163460372,1.21938721654233873,-0.218721520210510834
2.28407234149578287,0.194522464585373117,0.589444221418858438,-2.45746893639708208,0.225235741512857274,0.143937753383493544,0.482643359785614179,-0.544020137254816349,-0.809116095209321595,2.96071114178039974,-0.966722172563012849,0.219673514404366027,1.51388694240166033,2.14566273172172028,-1.71121003989507514,1.56106168226348174,3.37337216975171428,-1.54210372491056469,-0.0696182402678515999,0.291805856466570035
1.52234604894586356,0.768157528355916885,-0.477651507408662357,0.355383015109037415,0.597395190524481645,-1.85490540400066273,-0.384163718163491597,-1.96405474195494922,-0.801139936260929386,0.164228883054022501,-3.47385432396185978,2.39801299705288651,-2.96804461522600871,-0.579236104771617355,-2.82945884626272548,-1.99611523212882158,0.71136884579095061,-0.531841943478236323,0.391403836009680539,-1.18820720139039215
-1.44780615155071857,-0.126104291873583907,0.732849672350687875,0.943067628185368045,1.14346361379545924,3.57857091871505251,-1.54547106435402259,-0.915567647730505585,0.950839474417570996,-0.897047333799999125,-0.45668732917196625,1.00784305263435714,2.38827987645581485,-0.694988036135050447,-1.87842901296341247,0.366790706705647451,-2.50512986581118025,5.40653007834142052,-2.09209435673760957,0.439661741110904947
-1.47022128811289976,0.0963693368271793943,1.94192504317465819,-1.99344747340172534,-1.50370796022715303,2.05351526816429875,-0.572836779053559897,2.36131048290267431,1.3258175605299114,0.199225526841189327,-3.22521247087014595,-3.06302278706918685,2.55458194541824035,0.814039366793943953,-0.802653942405186394,-2.71733840828767148,1.25772017775945488,1.51070708046706681,0.575422073468126127,0.450697370424303134
1.92785953419609113,0.175555774731558645,-0.664655695089852228,-0.286240852785483557,2.14845132457520371,-0.937965382066557329,0.344157519736174478,-1.34574472543309231,-0.547837028844049168,0.51318113924173725,-0.135976943998452587,1.31438153189644069,-2.44028510095117479,1.60318165248150191,-2.88402666677581943,2.74288030645695136,2.47001527348093175,-0.106529183486654896,-3.66173800637676816,-0.380184278730481273
-2.41949766215566298,-1.4295806324489948,1.82284395990145609,1.20682511189854536,-0.961157333044605822,1.90803185856439428,-2.90074204720042772,-0.796381382259773951,-0.932264300889352082,-0.683249803123582522,3.17458641891445392,0.295983220992228402,1.6512743258552478,-0.881579225143246936,1.45400586204320081,1.21115938317789507,2.58498436146083188,5.8871343210680136,2.22718981905788649,0.782832994317339215
-0.93945671497597727,-0.910464225009586459,1.57609172752660376,3.40984399344095346,-0.581716377016040842,1.03443219970754319,-0.659528709047179196,3.58439180059375939,-2.01012689287975865,-1.65295376148428597,2.12524235286707652,0.716798987112353236,5.69376339635944628,-0.0956728165959866983,0.274393565604282741,2.41262784178761391,2.08916531103452074,3.16360255930505918,3.69232453793686588,0.433117496932328372
2.64191959228766571,-0.295640985604876616,1.12248397716129467,-1.30184485854236875,1.08576107852127324,-2.74186162102200592,1.68928143248137208,-1.30498663812579485,2.61756731505695228,0.769350524312210848,-1.40683762975645221,0.482887386395204399,-3.29612947223246655,2.53128321741482809,-2.03186395297532307,-1.41547841600684299,2.18353937718770252,-2.69758855888162152,-0.910945226780782713,-1.67935835170123493
-0.534544049485532136,0.143712339920821025,-1.1707385107738264,2.20164478774034,-0.0458167986155971416,0.983179922859177435,-0.248045857930035696,-0.716341035897304912,-1.05846939869186563,-0.253083920222480607,2.35982732759875447,0.871461421969416006,-1.08629652983499092,-0.168035353524708053,1.12033548486341594,-0.852854842336236096,-0.869158227352678225,-1.16151111888580783,-0.489700612414132985,0.0542473453179923432
-0.560309391508888144,-1.29859954456439075,-0.0328329506062008739,0.619253142351836594,-4.04809195864826066,-1.05390332664569275,-0.88794514753159115,0.472399843412156184,1.08415123675634972,-1.49948218026725488,1.61888937888794215,-1.06562037897209549,0.00921797609505690084,-0.627565541296991269,-0.0372414355784302237,-3.33934745240004105,1.68252514539195208,2.74354832989345176,0.16015068584621181,-0.534717063691969585
2.01010589807008255,-0.183292454960930606,0.806386206514484671,-0.884667602359703209,-2.08023071699617157,-0.16597891142784274,-1.25687143789551348,0.459365474324287371,0.564537012713588249,2.94759148860040465,-2.87871041089424518,-1.40947601815528922,-0.957441177958159195,0.927120239953770686,-0.657714228450568372,-1.00142640560821383,0.450655817387707491,-1.35398479301595454,-2.59340923107666743,1.37400897255567012
1.44710743331206615,-0.956552925323728709,0.0803475042638739784,0.563950079415074135,0.61664374325438176,-1.11680439511849916,2.51520472843343779,-0.313282576697603565,-0.628550270067481431,-1.65531802875343925,7.53544238071088923,0.322724231518346893,-1.1238822122736889,1.48903707535177676,-1.43504619320371796,1.32710283969318832,-1.14675036046941314,-0.341113132584771217,-2.36528692209695102,-0.0783160274392714212
3.65822901699568659,-0.289945708664691548,-0.753111695485690125,0.182773625631490716,-3.50594979932327799,-3.80234740349779665,3.41159860435212625,-1.28185549114384334,-0.515967481418882046,1.44707802099730998,3.31940320051991433,2.33177727687412517,-4.58078854751393205,2.24813078958066948,-3.90143104747276936,0.463398876361605039,1.65539559310339457,-5.62452413352922509,-2.40995739123426578,0.205668159100262843
1.47422019847752073,1.33263213783998902,-0.799308777915026192,-3.85565955357149237,1.32533231493000314,-1.45266577109612416,0.446120891396937003,1.97483615670681667,1.11337506962328581,0.445375108308787737,-3.65171819601385783,-2.92834538022147273,-0.481765622820686412,1.88630628795876043,2.96237750770067354,2.68542492128062626,-1.87902303277528171,0.112223136724555694,4.4494386141367519,1.24232294681813449
0.695871626829111967,-0.418758811079164128,0.208259653889600549,-0.270910683850572653,2.09201077979454686,0.0158556180781069048,0.675365228582555654,-0.280301321030965167,0.315418048374320525,1.48554969749150301,0.221197320549765902,0.746216512503490081,0.470190387160985601,-0.0369377476707975216,-0.392412454860617654,0.587984659921756303,4.49068772155642559,-4.21406727027216998,-3.33154537918971494,0.933826284668846762
1.08238086793865596,-2.80491866938779699,0.839811252250396101,-1.2280015262726085,2.3063715675647094,-0.674139393687962385,2.18737131099350313,-2.88048681508473026,0.143469495798725227,2.30369765410058536,2.35251988713394367,1.23666719592824559,-1.34334646689546688,-0.63041090970935576,1.60934382228718387,-0.402215040255335943,-3.66814870817256544,-0.0873505722012412472,-0.848467074186025294,-0.268555650348122843
0.290199318977706733,1.78027012290907716,-2.4010578067250461,-1.28858622359318997,-2.2193509429494509,0.0808679052812505544,0.0997630763510425345,-3.36991212908118021,1.23161179907757612,-0.165205914197163767,-0.826784509038401505,0.929283293916097541,-3.75860800913850124,-0.165614856534982147,-1.61957837345703015,-0.648751477585830627,-3.07071273697122216,1.48320085733132356,2.42215911096911896,-0.598830102462108771
-1.15110893572666706,-1.14748883017897341,0.139652598965637004,1.58497022777416241,-0.293155719692182404,0.99659765902035069,-0.229460975621239349,1.15212317651609197,-0.974579829916157436,-0.989424559730732733,1.59186711663138758,0.425219184785612825,1.15586421741199685,0.686872072754114882,0.591135824033843016,0.156028708729782972,-0.668169231121612639,-1.52931968705191279,4.43266876057331238,1.96027753059991938
-1.34121129135541439,1.43359272663841764,-2.30827699462253522,-0.66560401179680273,-0.566556468140509639,2.51449059408995579,0.129951483837374149,-1.52461266465315837,-1.02446828943730028,-0.788923155819900246,1.34937194911865221,0.686261270822567826,-0.855628588702231352,-1.47117424826324306,-0.515371414842632491,-0.434215272704765065,-3.77164931999919695,1.39202101353206542,-2.07358179409439636,-0.404143932501084158
-0.441495382924814883,2.85244844355285254,-0.31538902826702131,1.48396379378549459,2.91614863801341251,-0.49114090565083024,-1.57397749144015231,2.57693846960543382,-0.727839745729507603,1.53515646998964805,1.74223069627163807,-0.721470660282266585,1.71467269584793902,0.177284402109174566,2.1540598535262192,-0.984368960538487769,2.21508061258349143,2.74384289505466938,1.52076337359236335,-1.34669899928251424
0.274886890764056258,0.373258476389540739,0.875431389213147781,-0.298873237059078423,-0.29507831512788868,-0.321527797573064877,0.789276494505593895,0.728158650132675334,1.14845132551889573,-0.500864188256539888,0.342753115911754946,0.329977685374385876,0.0199259323788447476,-1.52338528901206716,0.013464735120407292,-0.487572276958119888,0.538192321245480887,-3.11306804420997896,-0.734398298007198691,2.71726807708150231
-1.34055808142616262,0.0487150110121470706,-0.204189517680625987,-2.75093266642690093,0.457654236751837973,-2.58068697528448299,-1.58044400575244604,0.344917662936216562,1.62066421440828012,-1.90425517424751467,-3.13371724806799046,-2.238083142656067,-6.06872417019248367,-0.208514711643221579,-0.852690366133798894,-1.15179798121335319,-1.08995417911019921,0.273451650666962698,0.0193954640638715134,0.168197401023466669
-2.13993957381206723,-0.0373063772297848109,0.0555611371974550974,-1.02015284759384994,-2.23510406532362493,0.128203875228738939,-0.417428460438102833,1.74537072823389927,0.326221097915204428,2.38926965013755277,-0.858058250275819723,-1.27949595772664115,0.237823120603539523,-0.593481331726748773,1.33693674546202068,0.825138460248293293,1.34983448696536601,4.2595142106939754,3.41870885661441859,-0.839515364101044659
0.313308895962709499,0.59256713806568817,-1.11077036850823241,0.87693651466519984,-0.17616277463089286,-0.996229090525151739,1.31941951257294487,-2.55333647505474115,0.0682571262525217548,0.412625391590164925,0.123486735341064774,-0.949299275630601014,-0.206672894261339501,1.23792694486483867,-0.513498352725414553,-2.9677575283791704,-0.00484627424629024365,-0.215258750888766781,0.311891407927973652,1.2825756773124144
0.918401578229035342,0.987578477049333103,-1.35340200392187127,-0.538611541621533907,0.0283940867824596828,0.584228058191540001,-0.415922555923562698,-1.49302537996021045,0.394202354785985587,1.01028276010864926,0.0279907861092411892,1.61990644811306206,-0.688491623480271375,0.698255810414670997,0.0568792672826143528,-0.797164163091142131,0.93572467201400733,2.98573892496777038,-0.923462820609587842,-1.53332801312574873
-0.477717170546078596,0.645600450879236232,1.55775951186982242,0.090236366340548102,-2.93767832749057112,-1.06477976418280562,0.311510261735590765,3.12860858657265783,0.787415069945460955,3.12312910214526784,-3.46437051562676945,-2.34809695639554139,1.16132363946759276,-1.09519863761900305,1.17229974138818882,-1.52550018717698799,3.56908076919961825,-0.19882736228128009,3.26014429885725709,0.430502382894550395
0.0829924297951461221,0.255945203787027675,-0.688440816883210238,-1.10343509783318083,-0.0735036731658322978,-1.39556815316038252,0.00430409726723334461,-0.829761604065999525,0.291991752068779753,0.160009261301815892,-4.26469043413627968,1.89955863987550932,-2.16892587105266621,1.17531181178381749,-1.96428579404200687,-5.50236291475971395,-2.08218285345090992,0.571641541556608845,-0.43687299056361345,-0.0631418265580530463
-0.047068934213292557,0.67265558892343924,0.751314852463008442,-0.506873763165952895,1.80913190695094639,1.3143269650301721,-0.0778436509432797602,0.61668149456760013,-1.19167243727978422,0.938341205408111056,-1.51679100621366203,-1.56544263538314232,1.40458953118451291,0.640882053124467221,1.63357085555916837,2.95783302095044176,-0.653092624566514957,2.42064683698003957,0.753881874433040222,0.915574121717659506
-0.670877996331937676,0.664130843998684606,-0.520634161412296681,1.58274609228951579,0.631658523851752252,0.748042633048337624,-1.22934151722981233,-0.437181128439412425,-0.123825831594823049,0.408725768450176385,1.76412266071826673,0.555936708644658384,0.531909641787182585,-1.03500220420127409,-0.21342584022667152,-2.13101027246045627,2.73785769307085891,0.0928728986770147313,-2.12816190882255141,1.10878784063249203
1.39769807295698456,-1.56627477439325946,-0.379471877701795857,4.06938755278839626,-1.48140497517086778,-1.68649708636401785,-1.54889310239340272,-0.0624187644544052719,-0.56418292969042938,1.43190161177291975,3.09986925517272249,2.39153531265103769,-1.3595365848467571,1.76121155071707602,0.717069427973149875,-1.16790502749921909,0.30290987652213025,0.317140633320381227,2.61325930085732994,-2.09565897561047354
-0.209113112427642966,0.737759074578697271,0.0936550407167581062,0.42964212746947128,0.456467630803033209,-0.144216982228981883,-1.71865739264037409,1.563830571169609,1.02186598188681765,2.72210587530860249,-2.23296313785072531,-0.674367688839018431,1.03411088292155795,1.24076590772952677,0.374471824226922045,4.00556018735180519,3.53986861753319326,0.771664728885370632,-1.88232564230329302,-2.48851515423649694
-2.28792297905859732,0.303823241504328712,-0.430717311256229085,-0.573839746552302299,4.55673479455959463,2.10569617312889479,-1.24347585534397931,-1.55471402578898377,-0.143726758060130189,0.530277210157314549,-1.94448273798489191,0.645161994897050728,0.503809533989941993,-0.858968049414420065,1.36057625902459978,0.536688374570363114,2.55645163183999502,5.66997866252972482,1.76717779106517581,0.123654519119297673
2.10012570378587471,0.849345565527204416,1.22967759279609767,0.489285615465591184,-0.619932374563953559,-1.01246986176721121,2.49779813918163285,2.40053005088328986,0.259607761973263351,0.893318983552177537,1.04887308542934243,-0.77699176468621578,1.12190859818418875,1.04497919315897114,-1.70526598106554994,-0.659327125174854367,-2.09415668533847654,-4.52567273805314851,-3.81171911980058287,-3.69076561809624026
-0.507896896340608972,-1.11578018747122365,-0.793924467219060292,1.20416296975242609,-1.40570030662947354,0.933248357725115607,-0.533436374804057811,1.10530000682073082,0.420102395399732043,-1.64932094138616758,0.793423666036488617,0.300539675629736158,-0.673806339836281243,0.59750588214990441,-2.10425253693963565,-0.937148328749270232,-0.819257820673750081,-0.765350832554138938,1.20637511645322459,3.01335017843076169
-4.38042413923060892,-0.172711704866708005,1.72767985259021462,2.09464017087395682,2.67643367731122694,4.49085305816748193,-3.18535715826583798,-0.670083591848598448,-0.550179425294255009,0.486042878495157038,-2.28522132354264684,1.82692098275079728,3.5042505321554378,-3.93499751965578426,1.22709108601942329,1.90970644142730084,2.81386067323966227,7.18047923110515196,-2.08616495450161743,1.05035680654608354
-0.405137849477652856,-1.31705194715319407,1.76790330786103334,1.149342459523919,1.88605950846108739,-0.417512271692127845,-0.595859870799100189,3.33458969579975495,0.0887029978191180429,-1.15481694112985367,-0.508803060449112721,-1.30925025915420123,2.28698449138266957,-0.245544732581930852,1.05471100173205379,1.64429188528843784,1.77191850257424721,1.89956079121025589,-0.376553259058444056,1.82949962252019716
2.04332002929378787,0.887034713263582186,0.790941754855784884,-1.30218968371942756,0.723614762071781548,-1.51325595381984601,2.50844994346375882,-1.03469402953148415,1.01249603453246628,0.526635889773771515,0.111763949540280072,-0.891439130066116747,-2.26274981606341985,0.788967879039349507,0.419773589313534978,-1.54994372668029823,2.72128377571829017,-1.22285062237374542,2.21140101720074833,1.55109195261944088
2.7146217912291899,-0.368345764302558054,0.234745961697760269,-0.242383957301178399,0.224272714763155218,-2.20867135150402527,2.28430755007914632,0.861093392308376337,-0.672346248849459927,0.527905528033275284,1.43517105666795652,-1.3594066909019511,0.299107777045997392,1.4989992753271304,-2.5762341905344357,-1.85724880121041847,1.71571408484003052,-3.89558879030582217,-2.53817956605430517,-3.60117326213900579
-1.62902013764634712,1.15542960757851043,-1.04734954123100565,0.116649923528383215,-0.319402177964568157,2.03116471211526184,-0.784496252602562172,-0.49301963849776026,2.15888977989934228,-0.956911292537633296,-2.87685195343885702,0.713816562528242216,-0.958502377064176958,-2.46792197625417753,0.636450110620808585,0.812464070403829508,-0.478581993362523217,7.80121156757935541,2.26496723535688904,-0.421285339914611201
-0.648476924290768642,-0.00194326415858381198,-1.0881604766266324,-0.761642543461391486,-0.0755286423147242536,0.269458167282052796,-0.281816420082264818,-1.97693634803680029,0.666812184073071967,1.30879730932944338,-1.65965707826509812,-0.655984781171645825,-0.505566118436378109,-0.40335942885542253,-0.347669000598932465,-2.4390991419469894,0.987933071939272267,-2.32784819445883429,-1.53899169352180532,0.569468247063472988
-2.88030335500674806,-1.72728391433486328,-0.431802454866488439,2.65127085161544906,1.32823047264104077,2.32756301601656279,-1.25585400507970868,-2.52232328975486686,1.0802271707747233,-0.362627011314263781,-1.34521873601182596,2.1430276592363704,-0.176588133087540039,-0.552130263987818948,1.69770740931329245,-0.655200252008336759,2.18703863321749781,4.80018666444767916,2.29215812881278325,0.581541012488288489
-1.09672714320138964,-1.00247559999674096,-1.66746584903394224,-2.04143704118379254,1.85696190235278102,2.00526555729655742,-0.770599529930231841,-0.940789621352458583,0.714003946689645841,-4.28549287177907789,-4.02475676655604264,-1.0007944501034074,0.677573014676212226,0.261115596716779252,2.15188110984729519,-1.66022846306249061,-0.0642602839600874276,5.44163203202400148,0.0127597744166389991,1.30046932342788812
0.302758328819045797,-0.608416853027588411,1.07266746305818939,0.860191904857663725,2.11823404566231677,0.200294531698013478,0.655096625677299094,0.574692364258911681,0.863100520713100172,0.644116797021923038,-1.1432878696442994,-0.275564932105272442,-0.270493411096481784,-1.39416046880231415,-0.230313793904446118,-0.203081172028893364,-0.484353455078985529,0.769723026566592861,-1.20591058995538458,-0.170078473878142816
1.98115204569109715,-0.708362541698029591,0.207717323974427992,-0.664668278685690228,-0.315203886514445197,-0.246482817274833399,-0.1100234724207486,1.28428225340311331,0.53062976707941123,-0.964526618116185563,-0.299122985786541506,-2.4515201087457883,0.977513066902321093,0.957066793452103992,1.20394169632981596,-2.48792878207820589,0.982097563572243315,-4.16778648558468845,-3.05618077656954235,0.12691289426652072
-3.92327657551106102,0.368484633613424095,0.314942362259545694,2.48395736275479351,1.68378528479670253,2.39921045066387784,-2.5160915129334378,1.08655141847845904,-0.107395663353350088,0.151161426035775509,-2.23405692655958843,1.76320435121125851,2.64349322969829714,-2.40665379887019526,1.47382088613913087,-2.53648229456224694,1.34739512194975553,7.35060493076611632,-1.40547389297846226,3.25681348684467142
-1.46678914490872558,0.845676509710459823,0.961227831600016458,1.33584853025420447,0.246832738942067809,1.45821228215814491,-0.830926014665580359,1.4511894180462972,-0.912391391060260459,-0.326413126943152665,0.317983143454934558,0.644632196819244996,2.72393813653855776,-1.31270668033787685,2.20889053369264543,-1.2985832000244788,-2.65744363298975639,3.3270065580456194,0.657240798467288889,3.28922320121678657
1.03472644276089421,-0.0049374892170116003,0.077938256817652693,-1.42021848619099167,1.56318627530697629,0.0232525801338746216,0.520442575841279842,0.725224562582546972,-1.64930555289594172,-0.0200068062842256693,0.34418521927151674,-1.9584103737636569,0.881471127297311474,-0.0345836653905318772,1.91010465271742791,-0.503860079516009973,-1.81340901839325697,-2.60337895566191646,-1.49750039925377387,-1.36511763310428469
1.1171893169853031,0.685487396669026694,1.38582553952197851,1.39061834432875275,-3.65289469633123476,-2.88183162021489458,1.86245162414603338,-2.77452337740589838,-0.0207547711322156221,-0.637602187537627985,1.7381328394014639,1.87416882480282565,-3.01749213827543628,2.26029286876754254,-1.1297731306775689,2.5327908029062618,-1.45838324537289177,-1.06677417048192891,0.0348013927424730279,-0.0626324363122680305
3.00853617177748633,0.995042214684163873,-0.422002918941358551,-1.35656547614548373,-2.63773171874300338,-3.118642722986257,1.55592670666673349,-0.295499531552763761,0.174106359701178021,1.45765656592813486,-1.97807002903898188,-1.6490542539582751,-3.19977787528290492,1.64801321595586692,-1.70684331084815732,0.0964978070866160109,1.26167024096074032,-7.73169022099148062,-4.14548247174668116,-1.52335907568618079
1.86537480312940485,-0.922116536532118447,0.404585756644144923,-0.124582446744258599,0.132651547660688734,-1.50816440053591849,1.49901327480056756,-0.017436829747243407,-1.20633246869371424,0.96873779451037445,3.51657095133111008,0.122037952175148484,-0.0763599690993490704,0.906712140161804236,-1.76617722405072897,2.67374466661233212,3.58406694767882961,-1.30312613116483544,-0.122021999557895985,1.74816986018086395
0.899049464890819161,0.721281158767319353,-0.232567431768532534,0.0866333290380714161,-0.638154012065333953,-3.2614818323805097,0.511519796441199937,2.04682144138609523,-0.648071047679917078,0.758126849425130311,0.633167581767762666,-0.895234620879903686,-2.53530849146593917,-1.04571944173382114,-2.53055101230229829,3.80453599385155927,-2.03259271782666096,0.310093184001357602,-1.28773455411673621,-1.70021214388270336
0.822920020161493126,-1.07677615030453522,-0.98683567256368121,-2.00537255295496264,0.801741371581167761,1.26510579133750767,-0.246543745827697142,1.76944898536592277,-0.377053904225035985,-0.911233636036203443,-2.41994219808341748,-2.54303917784784561,1.36111177323332089,1.05621128094353134,-1.3446091288182942,2.19714052339814803,-0.577320317599273158,2.75424934130300558,-1.45790903042500442,-0.518190749816638929
1.42543529319251028,-2.5162782676624138,-0.849153795127340794,-1.01416197772666838,4.41843725901555562,-0.0302814517856076042,0.441230515587406169,1.36271488252910999,1.86213239138154174,-1.95991930140438653,-1.22981819190748842,0.0783779767131000393,1.08635731871218377,-0.22812374219532916,-1.73418470049983964,1.1622256037045926,0.187360822498476465,-1.05510786401340328,-0.254492732687367884,-3.00898625475807924
2.25525085046381157,-0.661901148202136858,0.288171646003500925,1.87257968306692324,-4.04733733206369628,-0.984537641970557376,2.67712778157170783,2.21006992002516478,-0.30534919347197631,0.780693238388692312,1.4770179722718686,0.107131241826022863,0.435729904233979393,2.61697427067681732,-3.90908253842728648,-1.29265991837659322,-0.88718395659610938,-1.12605995534344916,-0.840485815277271842,1.09383893155674894
1.90206094198415587,-0.283410922969982937,1.96802605029426658,1.37140758671368568,-1.98206263151684792,-0.872538972632435073,1.7772839047144815,0.504366868571616944,0.450888312456263263,0.955955037109597061,1.69611647740874916,-0.352362116513795454,0.904465793175249555,3.13334969501055127,-1.68464198850944524,0.994583793223622004,3.57424830118291936,-2.3676010836602388,0.0562552987024582812,-2.64175018216963498
-1.65469568031198078,1.77754153472948562,-0.327271248387943747,-0.47884368278921019,-0.814352909259237756,0.841110495842866124,-0.726621743036984236,-0.459071266614453966,0.243609273044072261,1.15043854708543369,-3.79100530278546666,0.164254237108813456,-0.0190655633716151872,-0.193224415002336475,-0.449478904007806268,2.94483695001983214,-2.79298165981951829,2.38183681414403114,-0.699229693322495405,1.33643917021260616
-0.967239390609878735,-0.666799490666547534,-1.12303458544961132,1.96915765525345798,-2.00519024873984453,0.851725058660839474,-2.20535412590497781,-3.55802087430539871,1.4343113877266751,-0.352044485816312647,-3.68809025685089997,2.5463023087961445,-2.05784407489029109,0.751730067383196143,0.870586867490641847,-0.634040326077671579,-2.10817263791299769,0.710975434388929961,-1.6003204908441595,2.86747473291651511
-1.91216645016631337,-2.34933373673428125,0.745963192935824693,-0.531355843204689648,1.17512690848430235,0.0303744599239811584,-0.894961617801857345,2.57436872516612247,0.180046780284726399,-0.98669983956699292,-1.37624230723083563,-2.80938840925877953,2.10770351533210487,-1.86716974255527246,-1.16492438305859292,0.203142713953137127,0.800175108956124537,2.37875914257525789,0.969047945813977574,2.72988842754603978
-1.07331842858786164,-1.25977937397037132,0.203423641852741727,-1.48599575707455323,2.83146868137850927,-0.493706210232294329,-1.01170416944134645,-1.27024124070938038,-0.697093498529127609,0.953825924488547083,-2.50353832674661048,-0.992437457407952972,-1.74811409154903519,-2.41521530515635785,3.12443052355163786,-2.46539244205368302,-1.16481073650049449,1.91751664717900505,4.75491003001638379,1.59763721792002955
-0.0996755930480815733,-0.454074913358951837,-1.60212529245872437,-0.44223276636487685,-1.07742439544573254,0.204566688650494849,0.72514517126518685,2.8568414837089624,-0.340953968114495631,-0.839111697332824535,-0.155152235877709155,-3.92068312881478453,1.99951282027893762,-0.918872440481432351,1.34426961188475569,1.63117435531109467,0.0821082372967853608,0.268086285275370262,0.503744003697894294,0.889344283235050215
1.71539266803854784,0.376659377001312523,0.967765817070487144,1.17958461935512626,-1.2224430588580355,-0.174867219966403309,0.0834602429171340393,2.54140143262527163,0.84597543515971485,-2.14263718260497349,-0.56555248053071383,-0.368048451658295417,1.81931885466896404,1.1838696296269442,-1.6476288868749811,-0.957651886947703757,2.05615362331880691,-0.160368154650897571,-2.79159783756151514,-0.103518872636475023
-1.24936148819932979,-0.818536003572427173,1.32365196672854912,-3.2874924017422007,-1.68675160411274061,1.49335726221434606,-0.661503712491706919,3.6252347047612643,0.534210337954975412,-0.347328304705244117,-2.96030723509201099,-3.39040877791842554,3.62877898519922581,0.312947072929225911,-2.19565282617719459,0.936939844945476441,3.25381795650443317,3.67396242079873403,-2.57444717836671888,2.72772450580080017
1.06110469043257072,-1.44193821872544681,-1.52576356696610294,1.3124042635280424,-2.67362054325949261,-0.719217510754069034,-0.807792568578918457,-1.32668368947444137,0.75365094792084053,-1.5255691576376762,-0.926610459966129008,1.52171858219611655,-2.89445617858230486,1.03293710931956206,-1.1153659757876353,1.01487675511550357,-3.95543671478347214,-1.94334840570932954,-1.12372386741202224,-0.491621382480696922
4.18130274034811578,0.424847358662632346,-0.944601229739614801,2.23373870930577567,2.80125434797478867,-3.84138325753565413,2.16799629715987763,-2.62325390430725314,-1.33217914730541476,0.448681298291805142,2.6155662129232975,2.6108318202911498,-2.5401495771455509,2.67815510157650039,-2.7661964085537929,0.992434279391695262,-2.92303344379662633,-6.70869579410608718,-3.07570097665080189,-2.61944499394305375
0.292176186468369625,0.0209364830848513712,1.94543610796478195,0.966061331705507786,2.74199658319697104,1.04081008727102975,0.280934914348532627,4.07966825716581383,-1.94720127712483304,1.52451196958105406,1.25948054761596495,-1.74090715727057699,6.86176579869164893,1.7947645498071565,-0.871067124908441515,-0.340131773291442396,3.73656083742935596,0.46240337695747441,1.92135310228268041,-1.13408341233977028
0.74697189941785247,-0.0580060450549916909,-1.23452055552123241,1.15650286489625409,0.975593339460403608,0.615311782224164827,-1.66933035113458561,-0.274358188070766118,-1.88262098272985168,0.886108090531289694,0.447534716111418873,1.09304939435256787,-0.291621685655973628,0.900370380396694037,0.146539235142423951,-0.556892389040122948,-2.24242126491405047,-0.0161647161454660966,0.941765552556963925,-0.817247652728458562
-1.92316571156253446,0.0308599679114010227,-0.967983334075654178,-2.79974531999636866,0.325602379068716086,1.93324233494919695,-1.33796323321953792,0.987665741236892658,-0.111576518313328488,-0.549810293280663887,-2.09434780946777099,-0.976036014750924941,2.98810333787181204,0.0946309044583939912,2.07417492900814215,1.29583671156178948,-2.12101246242639929,2.70071498590303216,1.22560967822965861,3.51598495980559456
2.78007993295427225,0.260804174415241008,1.29048442136790342,0.936822770768945268,-0.345527746370178968,-3.76233039230708233,1.36521941213817821,1.61512461557656817,-0.12798189090314227,-1.23594963091380405,3.97065183378655195,0.695100891207060312,-2.34969296504312197,2.53449649476419658,-0.569264544217418567,-2.85822472948570594,3.06825590590218056,-5.44861775234569112,-0.355128289415514442,0.199129522698383077
2.53181180084732693,-0.152754381347862012,0.988149442759724161,2.27925012390788728,4.69077502702247084,-1.87468334361302413,2.46966014258315525,1.32151027777292329,0.430025885049065526,-0.0106919630833192079,5.26412741398939854,1.16319663977515031,-1.26755665625376146,1.45282115727465655,-3.1120634179277884,-2.47979040262093742,2.17418219588349082,-2.85596738153194218,-0.0199238705389240441,-1.93043923831983721
1.6514182818819354,2.01248493330240708,-1.28712997643525418,-2.35594685679863591,-2.94859462262943861,-0.389852567373501657,2.09952519197291521,0.24354011658344929,0.237085199199656815,0.379657988706485205,-0.0991811520654072298,-0.74084806627418609,-2.15619025928701635,0.0936937970435012951,-1.45054869731036074,-0.381172702737588187,-0.636689522782970529,-2.55008859174768032,-1.7046062325934328,-1.53848516407049862
-1.44539814849451709,-1.16064483338737467,0.201089879922289327,-0.949228735193712425,-0.60896707622680557,0.549715908875149872,-1.87258202294435661,0.35598658020147933,0.474921545507225651,-0.431160779060404453,-0.412522540478629907,0.00965486261671274874,0.849193523790856886,-0.715948884884714198,1.97680679703628392,1.34648393125106303,0.0720541612955468286,1.45183552441908592,0.0395976878193484982,4.36176447842684567
-0.355863973301560388,-0.529067017631666192,0.137822563030518985,0.286173951830356876,-1.92162195796123414,-0.17079880593378724,-1.41146382124516045,0.884527173768678732,-0.317886183175456138,-0.0788702304176377156,0.854452644409833817,-0.24904698343942433,0.514787011074531953,-0.915604412297444381,2.10876819682573746,-1.8430148137494573,-0.41226003925096999,-1.55709861675312999,0.755753520271502333,-0.409826354730111309
-1.69949047033474465,0.318806963273386257,0.399223061622202779,-0.328067081675723404,-0.347877333817147416,1.88409850879182139,-0.626978346058729041,-0.0987869776191331733,-0.911469720644659365,0.0351166819192125085,1.70157729410299718,-0.582291141120076183,3.48503845477578578,-0.36844614189470265,0.782848595797446145,2.22379439705466497,-2.05650003840203643,-0.177818430178178444,-2.70054586953026377,1.74693036587961825
-1.88979593317647709,-1.3658812206407811,-0.584045967524979392,-1.02115629457216817,-1.53298987773299134,1.57642851574329534,-2.65026274589010935,1.47630461973945759,-0.0591849851033331223,-1.69601261301518202,0.0576308500003084798,-2.1163848718524072,1.67523158448071419,-2.0867705790432165,4.54864812127854545,2.28341074934123611,3.20917385024436852,4.49646173693415907,0.35627717401947484,-0.30459462348163896
-0.0988259425926607538,1.44980016795140565,-0.880094781495979306,0.0215971961007712585,-1.38168309184476068,1.10293337048745888,-0.797842122034885581,-0.206129899641642134,0.917258015968753559,-0.0160695237962739067,-1.29287340357043923,-1.13500904937140512,1.58768975761781883,-0.540969509056197895,-2.105729203530462,-1.77007792222460192,-0.274767674766079328,3.69188632369977432,-3.20849183320715303,0.344916105602595224
-2.90134230810887583,1.30941202970914961,-0.524070797486312356,-2.649453799088346,-5.24481958007218108,3.23690370062613386,-1.49809784173653315,-3.33391580874337023,-0.992228095527655896,0.873500061177714171,-2.07651703814001642,0.916993235678105867,0.740595939557714966,-3.50753660608355666,0.614254069536690372,-0.0418248948841107304,0.666451777285132274,5.19112310797270471,-0.615116889507629105,1.27251121089077368
-0.73407561557348211,0.38091488953948488,-1.37362614376391123,-0.266247776502111178,-1.36286159969229459,1.07779312211970013,1.11627986849953742,-1.57279651999146486,-1.09428175970266039,-0.0557976953877991275,0.255140275966185881,-0.534645684795861831,0.138368777783338698,-0.206958574298352654,0.209236571894840878,-0.180490846104572528,-0.0108822588669244425,1.48997547728448287,1.26659466310140645,-0.0937544690846372347
1.834034662410432,-0.601572496817799673,-1.19664607129704348,0.963381312788888389,2.24831803002806385,-1.40333079992906606,0.681545902883465171,0.47683351832470916,1.15743212680932528,-0.956312201996436628,0.500983450280241049,0.538560199356899583,-2.11915593889089759,2.75579411670504903,0.942911389133444855,1.94254499008139248,-0.72719810406092189,0.83820668689704525,2.43342144556915674,-2.24187200225465988
-2.13688151776396396,0.908151635556698755,-0.0885802354878675591,-2.24104484386615743,2.28267842646103869,-0.458685356416188017,-2.7921784337744584,1.16869294091341591,-0.196770285885690344,-1.30668675305573845,-4.68672504496270559,-2.08448690789703672,1.26453464358814549,-1.13697409596484644,0.379957335402033858,0.0244433378225020655,-3.11839771733711979,3.84411042561438476,-1.30431126078625281,1.7148981507540495
1.78209393597120713,0.206748444926029534,0.487093664982183649,-1.40043549419540048,-3.12190129750398393,-2.73942140517913302,-0.260539581239173978,-1.44370400815854749,-0.202835347542164673,0.492476953126793793,-2.69926576056110834,0.952986147804623429,-2.71518624923463037,3.24781093679668764,-2.61211245807252013,0.672162689930801749,1.24923688748726058,-1.0121427023851346,0.960060396177301545,-0.914456577523963254
-1.26357246154763114,0.415683072258538899,-1.46265324954445219,-0.767676594168449467,1.39365403519981457,0.228210975553671536,-1.86035075875928801,-2.18912105792311751,-1.13162581039770171,-0.0652126629260437324,-2.25841007087957335,2.32931600663050897,-1.10237064322350387,-1.14704747014026998,-1.16704773827549868,-0.312043047451102395,-2.30568389284359698,2.56002477636243286,-0.641755301661621425,0.548036296413278445
-0.0123619783685237454,1.35059747393344076,-1.28967872041138087,0.44312968546342979,-3.35067558588668124,1.13715389955512935,-0.228445848307676808,-2.06611507693872554,-0.701982583296986262,-1.53330238676398256,-1.19168149330460982,1.72233103003716748,-0.241693467032138815,1.73405176656774596,-0.817117800827444229,0.637274817907406588,-0.537483875941657807,0.501843710546437283,1.728957552444921,-2.13198612086112815
-0.777607171501555228,-1.00809235996555135,-2.53337306019767361,-1.83880499572479872,0.245120080460045686,-0.426926786484658871,1.42510040864237131,-1.90506265883639059,-0.0331598606566812712,0.542543405492988295,3.268856768220187,0.539299728660834865,-1.94808412706768719,-0.966273528161884943,3.96931270343081355,-1.41283452585472058,0.538053113676738248,-1.0714148668294543,4.24253249715429437,0.31121318449119928
-0.48125588770926897,-1.58479863323978165,0.864487261848444377,2.36174014217295536,0.0247308338620352633,1.06256126215674485,-1.67902270208617987,-1.00321187149262236,-0.228426515529006197,-0.393332622602216908,-2.37848385755900704,2.94520147130756493,0.09377039581300535,0.518493873385007409,-1.16403135417354009,1.47918562139823395,1.09076172093327139,4.981969329190016,0.469249069969008614,2.14502430205632644
1.22709631252987927,0.354040722478819847,-0.176473316982011047,-1.67801154371997163,-1.47180084128392941,-0.907229057913937265,1.33468631664468318,-0.744169158649201301,0.612110834227068024,0.731304200690114259,0.381980856789306211,0.121975190804899949,-2.50730363200904049,-0.0464904667269731009,0.952478701697465846,-0.912374534269759008,-0.0909015756903394367,-3.13647024064389868,-1.16240587474394386,0.340569533523424117
0.400298509334054031,-1.07859060800765327,0.986424492979193213,0.56397078965071068,-1.54797969850569994,0.279771793240389477,-1.83570678829042233,1.76823178273216297,-0.192051207206989621,0.573278799259730132,0.94845276293482994,-1.45901971208052839,0.867424446787190884,-0.822341560105075642,-0.42817153553156162,1.26113582639239508,1.5245146236770748,-0.112069771618276609,-2.54841786530286107,-0.395616072347509617
-2.21981472768359289,0.536126231785810536,0.980450214063681935,-0.256864913804818851,-1.7524136043981724,0.142395040115818577,-2.46204363742610521,0.565752679792754121,-1.20621851092832633,2.52717648594106237,-0.866696516075892598,0.718984580171030618,1.87957580768324162,-0.716440272125340893,1.45692120498021738,0.968062267222059014,3.30729951947974943,1.98656039439412302,-0.197790066770554329,0.0644080286095265603
-2.8451128707328377,0.481920739758060435,0.233743079588045632,-0.0978035796870945079,3.27134266006886154,4.38524209587840552,-0.291096940483156374,-0.186935708158286279,0.306651259642733431,0.430730872730569536,-0.674674955766470852,-1.30500604807087894,3.79992535909344831,-1.37237620983913522,1.86452990197685575,-0.989875674002863248,-0.26969993290823574,6.59334326096265233,2.94765468657388441,2.86299365163110142
1.02663692484180569,-1.81964031259092485,-0.458947343153595699,0.70681888209937338,-0.878963623489726231,-2.09818137165036189,-0.242020854294166199,1.23306258565510962,0.55910205310829264,-1.92832185871917039,0.620800779167707595,0.695585609807263916,-2.82533496391411454,0.0507347349404166023,-0.727748038246957552,-1.99031918397769703,1.25587393550391191,1.22954742864590028,-2.14779319056581608,-0.144736502222868907
2.27559441557573949,-0.159039200510989548,0.0135068997260970724,-1.17811279363836463,0.103920116840083718,-0.61900666210507449,1.58056585135929462,0.549140075230895586,0.209399882712685226,1.14300287791787913,-0.363723202571326287,-0.321046732399465573,-0.67630491116890934,0.433914841905149062,-0.491975464219497949,5.19831955053953543,2.3316676050043097,-4.94666380933481253,1.34677669336196826,0.63935539823300469
0.804043447268971589,-0.216999885287532723,-0.737302705173563555,0.434700863674181759,0.537080218802971299,0.62047323733941484,1.33651091212516948,0.243109477154964809,1.13483179836537573,1.3944922082179203,0.984676698231344516,0.308051506054093038,-0.0597413570193951193,-1.1640144456487751,-1.98648225026645653,0.880960439045519128,0.576072316107159255,-0.863552839326457322,1.73995320427914102,-1.31137257202416224
2.27634907157309652,-1.05181063889325466,1.18079839388694685,-0.862071879267509833,1.82668371398694718,-2.15008238503943749,-0.679978577608400303,1.40310034787462445,2.66424961594922483,1.34605718603245816,-2.03043432441688454,-0.971115887087181662,-2.91589209155737583,1.86617492110915828,-2.53081719581226938,-0.829559713925976383,-0.261321728053103497,-0.571746170055793534,-2.514378087087072,-1.33067721517948345
1.28352733996606694,-1.85835039649388256,1.05153186921387864,-0.547124676948838484,-1.10006392004268316,-0.0464171384046566313,2.499510604404378,1.4673418961565392,-0.499153453586044904,-2.47874436531421516,2.43026517898806338,-1.58480616782213235,3.92600420756383839,0.239040194612787193,-0.353311790846555562,-0.859516873957047456,3.20546831527899867,-0.576600825742800804,-2.08293924520098539,-1.75667405926157061
-2.11364474069723762,0.989596399664329662,1.08182055284261791,-1.43093503427623592,-0.892285064991354848,1.59622985507485993,-1.89636526194362309,1.50964718427133016,0.703402432687389334,1.51402242496177841,-0.204108399260811313,-1.93759101022466296,2.2049070076740156,-2.20134789463660141,-0.503715324550601862,-1.8778128176815474,3.85555706069194848,5.45721313855565082,2.33016710985970477,2.36126884987551477
-0.446710626427447355,-0.439152743032097503,0.773113134285807191,1.55509774171686366,-0.561586904681852017,-0.552529953617054925,0.382628131187509657,2.42459556852970293,-1.38545285765533821,-1.22921465527975582,3.85270406611062155,1.32748930096881068,3.86360471611731038,-1.20199045404243332,0.199250469540970837,2.19168013550247354,2.53583022404356218,-1.06549326793819565,1.59228453342972753,2.92586620629225314
4.39502371421151139,0.083682123252378976,-0.845872495287694592,1.22281733232113665,-4.05454058620848024,-2.33298465524938203,3.45417551296295988,-0.147992919981221271,0.83840845859382418,2.31983156911286459,1.53598309364852459,0.864460987566618377,-3.63904785015464771,1.82060325218798913,-1.21944756178379055,-0.360159023970443692,0.547059624507790443,-5.38040715819516446,-2.48877217494663627,0.468175159303732102
-1.17967423441910713,0.975733403027954749,-1.83774942593725976,1.28132959729967433,-2.20921407042635654,-1.12886110160741615,-0.271028185243587461,-0.550874592108567374,-0.270743647863997183,2.86891008968914818,3.68918341084890766,0.636480409842168027,-4.00445890371660429,-0.893907738664891593,0.709888116879729303,-3.57970418609787844,1.91159766375678331,-0.626672443918852129,1.32235202795827012,-0.34254711524042436
4.86130696724348521,-0.976775621189865606,-0.253956727096271317,-0.823465164956471374,1.14366787487777222,-3.18827601005861139,2.35769918286470137,-0.0791271630180047092,0.397262932063542296,0.72860235063363088,0.0459287875158221337,-0.756244073302715147,-2.62245533886697268,2.79350108579936451,-2.10840621106374426,-4.31204706573488306,0.0733394503020807914,-7.17863245156187091,-3.15180569047345216,-2.49850602885943696
1.85995387632588338,-0.736503061921092717,0.866746344481732711,0.418802782573281906,1.45799609558077625,-1.80222325735581368,0.391067370420687621,0.37792176086520074,-0.922758762062442117,-0.227070956052392137,3.27271515831126436,0.45367120081812301,-0.57474095117923385,-0.674673059218506621,1.31931394972068605,0.585436374756791666,-1.64643543659796965,-5.18263036139911293,-1.33234082750952654,0.100234266869395877
0.594032972816360916,1.25206218447248863,-1.26119007301460861,-3.18593604779722783,0.0450077161113076052,2.51237296944153599,0.443100803778327612,-2.1701582337987535,0.757495898037120252,1.10568031751032292,-3.23456423768475299,-0.0358869216096406457,-0.622208388528972089,0.11230734277078526,0.918051961952802698,-0.149571303297793279,-0.148016744338059392,-3.86391433649152827,2.53277749400027608,1.74640338016666763
1.05136603150491781,-0.893048225207642377,1.86143574707388382,1.92957968965809168,0.127342747889602231,-1.01982902792801111,1.0158600196274119,1.22299029752459187,1.08974212012276417,-0.66510778046471597,-0.995583949132775259,-0.6583915163749684,2.34534995694553539,-1.23027440896787255,0.340627280213357531,0.1275437542007411,0.270955517237259691,-2.82165555474228924,-0.024693583080494682,-2.10209537889492681
-4.30883231532908706,0.337806935429369459,0.047859356572795983,0.305001832145629537,-0.0512866374970639832,3.30268607004124748,-0.640227334687462291,-0.520698355980153238,0.951362072967934402,-2.55589776330842611,-0.678748893966604649,0.21949566283573535,1.41887859120962889,-1.56960678942440301,-0.650187787271902073,-2.2499789877834071,-0.0311301584944550409,3.10250853606087418,4.70396650002610439,-0.989927966311360263
0.643841173879641238,-0.507458918317395313,-1.61809343749262369,0.5375508364461693,-1.0896118666107546,-1.0427617759878034,1.26171179961357249,-1.84525017274338055,0.911483316772294772,0.26028695369506244,-1.77613375517804051,0.170339564828513118,-3.32934692970992963,1.14839862438552665,1.24700063856646493,1.17740984034123519,-4.58193958090537912,0.633031939848296199,4.32830979757581868,1.25051025335246191
-3.5995972137686949,-1.26996384060775847,-2.32497164446542204,0.0437180879457604657,1.4749364477776814,2.92655438513444466,-2.29378100534623997,-2.04387010525819601,-0.685965398255163672,-0.434030291097016407,-1.14740129856024242,1.66989166016036839,1.86401404853561892,-2.55710935984939436,0.736201823583080839,0.27153331083190857,-2.61871228254986521,5.3780013235898334,-1.10991941317575415,3.53833640970793351
-0.0494907474927797145,-0.143897474573831285,-0.0276212732356460877,-0.237677727648570092,-0.487297656475168428,-0.215727506707452998,-0.206579378635629085,-0.613903956692649966,-0.36565266745030045,-1.18519403162032022,1.55660580999553622,2.31944888072330269,-0.346629302320302701,-0.63138092922204192,-0.894951633474645125,1.1181585901312332,-1.59468167965440144,1.25508473246768237,0.684409878524438575,-0.766763491066041802
0.336368451953158398,-1.15813780041738523,1.22013283537843642,-1.8248878818790919,1.57038879321342484,-0.345235961397243774,-0.470929139537768437,0.630677003169852646,-0.12715606368703064,0.753611401229524969,-2.62251919167671854,-2.63080507437848654,-0.11670058258612688,0.171161246015113538,1.19276650080218416,-0.827281896991264754,-0.464490790838948397,1.48326043069209446,1.43806557233980881,0.558114764318049184
1.35932580402272762,1.0019098888368223,0.946147303256324124,-3.67331767076677984,-0.458919414781870538,-0.197854881045382902,-0.127200135967605654,1.332757214195889,-0.404202126735876299,0.0335995073482190446,0.467678237755665083,-4.62050778025100684,0.577577916266092783,0.30353608903959356,0.827003044419714173,3.97548301927433068,2.93063916048952589,-1.78158842816317065,3.01631129771306616,-1.0704576768834535
-3.63377731584469288,0.767518644977072229,-0.0564071639806941888,-0.985688287804344032,1.97376070536472148,4.01430341258342693,-4.83732695012982372,-1.31903032176373269,1.89158300797528911,2.32812930800837448,-4.90803200495904246,0.817193080220484758,1.18288044115330249,-2.16313257268606618,1.9778567291632887,-0.0202496873747947635,1.49892710827612863,10.6429772735258794,4.21280485440212349,0.15663337904472055
-2.95853240105404058,0.352549132133064436,-0.317417405440974465,1.59759321369419904,3.03854532736709126,1.93786172953575919,-1.81684728044196242,-1.96623685429112194,-1.40714453605639234,-0.917542168325608865,2.07649092402520807,1.930688588008586,-0.0523453749198924331,-1.76584390756793641,1.21451006175495024,-0.93883587867254259,-1.82434716223148263,3.14513461491259561,-2.28850932952033448,3.57508254608854514
-4.58004134564053267,-0.572823451020566754,0.232539699602736988,1.9609496215890927,-0.700176129778288137,3.53617701269507734,-2.97839547661642712,1.09127857203872081,0.330800572682447169,0.890436038492182558,-1.30947466807391866,-0.935014583075394756,3.70324501126773242,-2.60642211585815753,3.00578736029346993,-3.23562991107629916,4.45495046514988235,6.31161925277835678,2.94555134391875795,3.1462148129908547
-1.24202015534377463,-1.13736931760607618,0.559130961050277153,0.942631577458934,-2.84393541199911626,0.792075414276345646,-0.0425526461885682716,-0.494181827434402199,1.48797852126156083,-2.48747094821148096,-1.7942011141828007,1.44243286598181797,-1.29514921064025401,-2.35563339702579855,2.79738053892895877,-0.00576304950323603543,2.7119849229744295,6.14598323051127693,0.301898680033848288,2.34746048751219627
-0.567531182412768898,0.386201338470513911,-0.141586492654296708,1.03371132431515211,-2.56859681501040349,0.103614124323619022,0.508065724785034312,1.07949030479160735,-1.26218931018842562,-0.466543310156911528,1.4070903806806847,0.716476256780841814,1.25828391171613219,-1.34714943359340711,-1.03980935702053778,-0.746631621976720949,3.43551568729347778,1.31498900843177546,-3.80226843400199233,-0.413565909573439361
1.10456296491682004,-0.284995930373886375,0.379453845641824772,-1.39073082473922005,1.01008849604458528,-1.56443841879091683,0.0670971344661860369,3.55311587501055293,-0.155132394579346744,-0.830466679888050674,0.35720484760465282,-2.7586308505221977,0.754405444432019512,0.476559108676879839,-0.153316983915736504,0.850407422389011791,-1.87541639166938534,-4.03214418672073016,1.06845586006042703,0.0883430875738887705
3.82356432167850402,1.86734936470636215,0.432412976865117649,1.33504536519560668,0.628329985245539069,-2.72808034257318077,1.85375640570024713,1.50961164925670621,-0.149581841664238713,1.68776280792566236,1.92494496905685541,-0.185423723831630666,-1.93775789496947404,1.91586085111297533,-1.90045117552514409,0.90450587453308573,0.980926544761928421,-8.07712575457626336,-3.1927197407763015,-1.96313951037641976
3.3617308279796938,-1.00396786086946155,0.31247660526358223,0.852873635122489815,5.75710088163732259,-3.60482775659823806,1.25926819393292178,0.582304620636749592,0.0726958177857003618,-1.20767827277736473,0.335517930552881316,0.883009956639599136,-1.5479421629027299,4.33289976269065935,-0.355381962376601468,-0.339660033089293434,-0.983948241518960987,-2.28036972259506143,0.165766352506403702,-1.64741885809899347
0.956239875911173765,0.22774907750705678,1.89982389812920971,2.05098660726756199,0.495421078634609824,-0.212524959433367744,0.756475624177189276,4.12747926978520763,0.202675337087607765,0.227411456769955306,0.922387162156761198,-1.38245604792193055,2.48717534630066428,0.195517941688467894,-1.50385709009257917,0.395075102250266486,0.31363536571070505,1.97515728193924778,-0.298403502484719418,-1.14173373299412284
3.43397882925062925,0.638140662159006333,0.53416899549972352,-1.15838512760390966,-0.807074049521011583,-3.05998999536569638,2.55127149009856646,-3.23682827861329692,0.329541624042285097,1.35698717104931998,-0.0158014162002030265,2.07135108134584467,-6.14009295506347907,3.24645032193488126,-0.0622782712433990956,-1.26511225514744474,-0.0103667625465852283,-3.69902573070209595,-3.57829032249882939,-4.39909828632247901
4.98097947653876094,-1.07910487565341984,0.665066037040769831,-1.34655860490359092,1.12676253829098294,-4.94532626717608892,3.30881177140839,0.978291736926845124,-0.789406081649648428,-2.44439617622623873,5.16162730102242939,-1.63092304569149427,-2.25334721592946385,2.63657102072773286,-3.09865695182912271,0.350429938849299183,-1.47797961799676814,-5.78303758961978254,0.244204272959412966,-4.03024791091158008
1.93085695259323287,1.56103768725657654,-0.729732171701739429,-0.728403407781281431,-1.24417070639507221,-1.30741038143095167,-0.276775801743250061,-0.420234687543382557,-1.35539299329491092,-0.0387637522367327153,1.82904639717491091,0.148681357012707349,-2.52183561270149115,1.23976313032271546,-3.0845577223582481,-2.662411114078445,-2.30314182550603608,-2.17330937982601125,-4.10218730118183927,-1.6884784978856735
1.21571955363426576,0.0145258313571353971,1.98811515098123204,0.209812655037963647,-0.745703907526169885,-1.11742091922836706,1.13681441149086493,3.05255326995696974,-0.454014673189787554,-1.08620907966431202,1.48120042242252992,-2.00586258881528057,3.15789630324491233,2.87065979733425491,-1.87450249444740558,0.48657953397772713,3.24200433966322521,0.319484285545987678,-0.61017380033846691,-2.59572240261712572
0.35321604375207083,1.76371794503981882,0.0686611541139272724,0.282773901260174654,3.0393455113938348,-0.334299965337463145,-0.208904856775888742,-0.07857158296229029,0.887821766649107835,0.387003453231617944,0.767973472119955702,1.99535682456420127,-0.855659320884143315,-0.988173684097966132,1.42462058281402926,-0.973234360780771302,2.75735390902003763,-0.872404014921699056,0.710832747294507294,-1.07668076116970002
1.44151103598050234,-0.473306230579159382,0.574451987652228491,-0.38108305448325791,-1.33234272992352865,-0.366741218706995054,0.707536989320410425,0.241224412393037685,-0.894926544235780663,1.65290791808910309,-1.7387470649065444,0.794060738871577798,0.441841143825783933,1.56947552714258731,-0.914560480003394627,2.22464572032404728,0.122533854023630775,-2.50639121838471857,1.25373510927854581,-3.77102698744706144
-1.48096530288004624,1.72149547710196815,-1.69964846574285833,-0.39793875447220145,-0.720361220041623063,0.0284110688454468248,-1.55109534304861629,-2.32974880388539329,-0.300641890369510445,2.55996213397032246,0.478020829957351234,1.68954556225947417,0.175913907526896368,-0.964555672693433341,0.0957627360160103608,-0.248342492731274705,-3.6861524075563592,2.9477190087600369,0.833467675729530066,1.98051093287778013
-1.61805793673556852,0.490514708765269647,0.748775675218535719,1.98673969984704413,-0.676466390552174279,-0.130092858031973568,-0.087061672552857905,0.631422140905618656,1.42268392223242146,0.0203162022664506656,-0.927824836416681897,-0.210105938346832499,-0.345568097705519994,-1.83153505376143455,3.30531440991001979,0.998534294265050248,2.59922101404768435,-0.214669869900688093,3.32152995907072279,0.0863219208456285358
-0.335836461023311439,1.42227852178294611,-0.318126766639023562,0.460062280245610133,3.70564149158306932,-1.31978231820216574,-0.0663625430977406588,-1.97232662766560973,-1.63308749870289005,0.0954907137452514487,2.60113459445986983,-0.895092634842523216,0.0335274609683410482,-0.471984782749677423,-0.690885129231664452,1.18878745906263994,-2.01978797854918923,2.81468732196862481,-1.91706518366050793,1.98763353401850185
5.25367538591432481,0.30083832228466062,-0.469727785129326392,0.0916689688193668972,-0.791778984600746805,-5.32208862435751051,3.0078392918714254,-3.28580046331824605,0.0738622487128829941,0.658738119650598586,2.02312601754193944,2.572324020640953,-4.85344552970112186,3.92398041212917148,-3.19262842904511146,3.40856849883880297,-1.62211731689747407,-9.78915303089524436,-3.54033670161883363,-0.591049436010643858
0.981345016484505117,0.380430352054229592,1.0927300204377226,0.390685035473555931,1.72651101444333355,-1.06666355013095382,-1.78087664768075049,1.18470992730700853,0.727354850695851596,-0.761727478169544558,-1.63325301304378856,0.101139298664318991,-2.18401976660774455,1.77960890455785203,-0.316371910029030534,1.35018663782919668,-0.642202113623741355,-0.0898993306758300859,0.0154742227860281637,0.746873637077296704
0.434403688307478608,0.409068676384612973,-0.772107119588396063,0.565771467657440463,3.75563449044481956,-0.205839453397577976,0.86126900234518966,0.452167367399435693,0.810154764698937102,1.65961178566464218,-1.37785596469723925,1.13821870583724105,-1.42533641723756044,1.30550283115797749,-1.18564402791483059,-0.297760600543362619,-4.34765618933412235,-5.1079290388381251,-1.38327674236210907,0.205377507235771806
0.581389189614642254,-0.778246510191134,-0.223773727960825591,0.814048120405720832,-0.500642563626607306,-0.158757439722190696,-0.321141554434854704,0.201511296055339156,0.237373820576411265,0.310489994790642154,0.218219362832187985,0.928680570188878507,0.53109396211069948,0.837747597558711199,-0.851352314457019865,-0.383910542253908527,0.731256519298279839,-0.19459996288265477,-4.13783447501656987,-1.84314616760592775
-1.23387914241951213,-0.104588605442505672,-0.0449296570944026225,0.130145966697878451,2.56040953863021681,1.67286444583055083,-0.469299400295564884,-3.40985260630878795,-0.806884527707478316,0.304249837568284442,1.25412800055191109,3.89443606595005321,-0.625275924077210776,-1.92539245029428074,1.64339497283994551,-0.415726395205113952,0.751421620067117435,2.54026076355063202,2.36739390263891147,-0.360547542809957211
0.69456488428772456,1.21090535324523252,1.14368647532396039,0.502483941421983271,1.33182202968428398,-1.02892628654238116,-0.876205555576952344,2.82314592118091268,-1.57899614158821611,0.350598606968793858,-0.668562223559752256,-0.927158571841563028,2.72954466147100794,0.653727393195402851,-0.900921271366399656,1.78646659620816717,0.608311133055261077,0.55133762530717112,-3.02978019188614711,1.10025930551766837
-1.29479434048448061,-0.751786728130807824,-0.98883997683580438,0.0147103579560572042,1.83567887429665832,-0.0564385955817908458,-0.101685754708548529,-3.56979347925078061,-1.28618668462318997,1.34064701017404642,4.58924450591708055,1.28117066435130189,-0.807043837388063956,1.05445508457161008,1.3175821679157067,-1.62767827890359573,1.29541655543998058,1.36959406042986664,5.69988282405435776,-0.589892999298050724
0.0826894820409174031,-0.414993344545913356,2.01648192956438699,-0.994700671298236805,1.50375846799537349,-0.517674981271433743,2.33272491761406231,0.822377679610103773,-0.443808254996241269,-2.51000771420557323,1.57393883588509875,-1.4210411403714831,2.14572781193925444,-0.626999190221526059,-0.608304422908958253,-0.692034191041580038,-0.0434403407055971996,-1.10099985798043121,-2.31454514752490059,-0.301341599822003647
2.29643626377228083,1.45563521473033597,-0.011614857948036357,-0.478804717103731459,-0.0835196341890287325,-2.84206192458548301,3.8086332840628927,-1.98109861142883825,0.898703427337117611,1.23340998704770866,0.302799936058057495,-0.399197407863204623,-4.06584713297737821,1.57433753747258232,-1.11642752108739818,1.99403929037307592,0.0536498597067997449,-1.62392192753791043,1.20410807890671712,-2.28916455915229955
1.23111382154412508,1.43869487154620868,0.880314703967659318,1.92839412659586951,-1.50431147888814709,-0.333667063479955395,-1.51044595768173839,1.11547663425253907,0.664922582416181962,2.31156951152348356,1.73859138810478675,1.95048314881176443,1.05758329933274386,1.57911993482107693,-2.39956901517902965,2.25449069639190514,0.225050336065211853,2.4564340409989649,2.13681361399837266,-0.749802483267155595
1.83444950569736176,1.7652227939813967,1.15811427389730492,0.903184586024495251,1.45442722511298728,-1.78803452670611995,1.84650915686541972,-0.447316684421262767,0.645150568382186651,1.43936768618763811,-0.395699394453778941,-1.49980677935408235,-1.26982987847130402,1.72154455989370403,-4.3906416394443859,0.0941746281418458092,1.70255681566428541,-4.99877871336803015,-5.14172930984983978,-1.24376405228229392
-0.245899342419224509,1.26909669447552598,-0.623601827461895741,-0.0501161148103245538,-2.2198280231555616,1.25662153294459245,0.773070756114183077,-2.10780822811746704,-1.34329313848198661,-0.790717952386549294,2.18867268549149951,1.39412447100741588,-0.7439089560039438,0.296928783488586645,-0.653536312974884126,-0.526865950043839959,3.82129423542686908,1.4576923791605676,-1.8425729092407388,2.38611836475743289
0.635859775500764224,0.420214542843539429,-0.46559028781452938,2.31140592618312057,2.74363582248491866,0.252811743062547778,0.404234989546407686,1.23056256398162911,0.0204154247753457023,1.4039040671064924,5.13169345515065167,1.60704455585060102,2.48122377397793681,-0.380475132911492597,-1.0132412801515569,3.38432145445103005,-1.99601448417049254,-0.356004668941152846,-1.47716029264776161,-1.05270931449973548
-2.02792289559592387,-0.530400079164636384,0.720969728924993114,0.560980834485716673,-2.31326302016828,2.02520680917103446,-0.324439293886292279,2.05119562280534451,0.798804069105093162,0.126268041214353033,-2.60635202026417412,-0.851444123491528759,2.97171619815160959,-1.14400083122932905,1.38703975701270932,0.691354314465457698,1.64598476516526659,1.41000008628375229,2.20627274334038592,2.88032333925005091
0.359379855552513283,0.197008073044070919,2.16287889559761215,1.65032122438704132,-0.883099363804394022,-1.29431603265737993,-1.45787551160068451,0.601025724799811756,-0.848017439362819925,2.49480804999043748,0.341287330473001638,1.5065754032041403,0.57677231401800122,0.285651115141833167,0.380267580834711405,2.61622869261751712,0.110940981080062048,2.09868341026314997,-4.2653427855100432,1.27757358212805028
1.21263978355218605,-0.36986941670306428,-1.04146944393295349,2.29554136912570605,-2.05208347667723334,-1.39307015587213612,0.0868093893904490488,-1.47953848494146256,1.52875985187049279,-1.11237136142682136,0.059489542472605475,2.55066698574575446,-2.44104586642115651,3.11789133283411291,0.555056257443510725,-2.63323845092042097,0.0911860323964126113,-1.4544902922237386,-0.479941600008834235,-1.66360547613083254
1.20035581701470484,1.42716331009218345,-1.31190145396117441,0.499331874154813171,-0.586844164015591363,-0.218138346896826374,-0.676723174267310212,-1.55399983758890214,-0.764678148019494186,1.98269747069925417,0.827453249805675584,0.536267093583283283,-1.53798144044039198,1.03519193890271111,-0.616306634932917152,-1.87500554497322414,-1.47316752273000917,0.352381844568460723,-0.706323673664810969,0.663383760679916001
-2.99105559835588553,1.47559555694900957,1.02973088059441498,0.669070904268118771,-2.82965617877246878,1.60238388987576341,-0.439003713699200104,1.0001788185201661,0.833743513872581499,1.33158832595839827,0.0869710738094274793,0.506636577281795786,2.29755178571702778,0.194662049951218552,-0.0609482458953812811,3.2236402015370671,-0.645861010373982358,2.8816532315999952,2.07141693268978866,1.09091221042391173
1.05194751686963728,-0.920444576494882871,0.840576195791794101,4.08529901908051407,-1.25883605853711122,0.121884241964913806,0.536258904374406264,3.07013982920723238,-0.562293814710558504,0.363129157042547002,3.12254173524057776,0.895727755308476259,4.10745007720914046,1.30115241591095843,-1.89865816560329947,2.54182805912177967,0.853239712763259273,-1.28739003361212245,-1.17796126690558767,-1.74449343112769029
0.758103153462787449,0.308827782441091325,-1.88206047412212163,1.62474879062329935,-2.60923024391410063,-0.983630687440543272,0.392214612950721742,-0.347739407652145505,-1.18806788272287411,0.241276431853334555,1.95029935547209421,1.12769882610977956,-1.25064206318560656,0.34480200446106779,0.16674159008201267,0.966273380399736426,-1.20916906268191449,-1.26335486512726924,-3.00726089688321174,-0.327531778395188655
-1.72154068701431284,0.188617605219936868,2.33627388451331397,0.205910716849693087,-1.42145164620684206,0.95703472489708874,-0.691086061176763078,1.3067509680732714,0.39168042637278766,-0.621141880953902659,0.96002993003743109,0.828552181122816145,3.16682890198201195,-0.999647185876408995,0.906940475193052653,-0.748294096770032335,-0.902534609951355926,1.58489829092976242,1.12273149587575261,1.73320383528264554
1.55286328817079977,-0.201948703571066979,-0.921718083099418717,-2.05953743200032235,-4.80971304001815358,-2.06694803979521735,0.996465023618944956,-2.77527729170085191,1.00734787716960916,-1.65899497297177945,-2.99307795131651888,1.09849631530540504,-2.40503637946844373,0.710776581365251237,-1.90521014922404874,1.80590788778944544,1.8207035412663517,1.73626820132244375,-1.21612207956648488,-1.78437447059581422
-0.711576227876708822,0.806288233617854622,0.960648988345928934,0.958267632855146156,-2.02618215873219842,0.785217809076849238,0.958711091511341484,2.18915187829028612,-0.503455468757909697,0.467700394565268407,0.787635783762457686,0.289653265989387732,2.98389265951412197,-0.421091748846381453,1.27389651332877363,-0.770552539466308972,-1.19240102672484993,-3.26369175608642204,1.72476291345247512,0.814637046619529626
0.0814134321460601024,-0.470724802794257824,0.0726442587697824771,-1.4805250506377039,-0.213505391140039413,-0.580295355396243884,0.776648387164796561,1.93143813348908422,0.021608704925290264,0.542397180123870504,0.020130852047113932,-1.13022538299997133,-0.336121851380423442,-0.00832043044319245514,-1.66390569898300189,-0.303158283874315426,1.67969423748937774,0.22901370604542029,0.189262432305551898,-1.60423207758109676
0.809649267561571295,0.0688598151580579881,-1.97189881398630162,0.350609209370744523,-2.05287701123489352,-0.767152264027182063,0.301475010870026205,-1.4680181238589507,1.72436926891616182,-0.731170375793597227,0.501852335051319765,2.26885401184919866,-3.51001418335970028,1.1573064999264393,-2.81827304979187909,-1.01113244849207762,-2.87437259872298867,-7.12635826418447316,-1.61237462250394259,-1.38598666179115249
1.34135646891030857,1.31007152296143903,0.167981458805249118,-1.55373923766255873,-1.27884982100743927,-3.26749157437783477,-0.679447261608873587,3.46284979046290253,-1.58772329030497161,2.12699075362006562,0.872887397989674629,-0.667751643430642527,0.551231783657873176,2.72470754597861209,1.55752185836046153,-0.0158793219449553276,3.38860585684531612,1.09220362664725523,0.485491923293261352,-1.28657656736346837
-1.47501506911862212,-0.647867071595651267,0.615594085051996198,-1.73860608650019333,-0.999021457679335478,2.56885364284127782,0.671308806660463553,0.92003313936380049,-0.410149315834706152,-1.78439162718213251,-0.248578756314672883,-0.85593262401225223,2.83901908608320896,-0.078831553855122749,1.54900118806036069,0.388203815398229846,-1.18632310185763545,1.3486146416759226,2.96803621127517747,2.24209360143297909
-2.24488537347797035,0.112918655262363402,0.112671125713568646,1.1514207149996305,-0.578412690370717408,2.51708929736367049,-2.24407714409274117,-1.11344872041016463,1.11164030691584248,-0.805934731088358225,-0.815881460938016834,2.47533381322032797,1.67111118295984262,-1.24939420306077098,-1.36981342176328025,1.48345615001162945,-2.90880157203118994,1.70365921167574008,0.929886864350501274,1.82651864696403665
1.26472211160504067,0.732174659453780241,0.0406810483121326574,1.84311359679280762,-0.31360035931228758,-0.722166166761330386,1.84516846430695836,2.251782462714365,-2.25062814357709895,-0.971585732964786453,1.52978157796713932,0.703233381949157965,2.32672038853416208,1.00827990512787324,-1.25657351793865768,0.57315551953515298,1.46964742746355714,-5.06001249931360864,-0.238887697336198329,-0.548825165214022026
3.13386238890198188,-0.0128519579072543608,2.20936534323580247,-1.63314422411602944,0.34499132939964583,-2.51613286820233961,0.651658698524129942,3.51522342419524403,1.33150993520320537,-0.963378651466830438,-1.82499407089574128,-2.81553992091305938,-1.19713259598835231,1.34683506005841536,-0.704554250011400263,-0.473983547142940831,2.11559790577394624,-6.54456008150765367,-1.278918715905079,-3.22826355023574063
-0.256379351549680889,-1.56164403633746174,-1.05692526264840758,0.596728700618559871,3.36786860251659803,-0.451881299734597619,0.217415778568533724,-1.96930465685026235,-1.01491241520835929,-2.90882969039718731,1.68338431305170522,1.74531328670916608,-2.34341513680691493,0.736827376449530558,0.748733304358104479,-1.26583071468884412,-2.09726062947266501,-1.81435444802159451,0.736450976191466711,1.24088763567036064
3.52431710813046184,0.661689884334843437,-0.228633895838769252,-1.63603573004255054,-2.64745510557256525,-1.87339494487125546,0.422802127175052,0.745338056385985714,-0.181344137224136337,2.26300195150816696,-1.90607107522181218,-1.23690149181659481,-0.0036456606439201119,2.41406551641797273,-3.04531675593385076,-0.916938654825719235,-1.45019152309756327,-2.1260930780720364,-1.77640044657059271,-3.47305417736197075
1.02229851271869876,-1.61396800013170849,-0.916807077949647553,2.12331898818960774,-0.623383154791417038,-0.824522023873527576,2.87797839575592107,-1.4653578265048226,0.959303076441800906,1.44305927374275877,-1.43478894328138873,3.7631041369670144,-1.1131589904767154,1.28005995820066798,0.568134351683652117,1.02081440875293761,-1.9905664739069926,-1.42075400051225675,0.0955748065689702303,1.25521692742836577
1.64381471023034353,-1.02205879108235109,-0.509032824034430509,0.118803368155242992,-1.13009817302479454,-1.00687690349812486,0.229338878705631022,1.17788957905650138,0.86441387133603198,-1.45483061481930531,2.90222148222584897,-0.787610176025568709,-0.755233416433631288,0.945204154113225892,-3.32611512983241475,-1.00573339906240689,-2.15609724109341228,1.24678520339422727,-4.28167983063954427,-1.58015005213092108
-1.83472513039444096,-0.192856710972525353,0.319505972041144892,1.54347553842455087,-2.07205724830665217,0.562559685921221075,-1.45605170885227486,0.454517142464792245,0.22074331444751949,1.80618474133422136,0.402471709385733678,1.22042414210112682,-0.482936524288827718,-2.0259663022168124,0.288949661431577798,-1.22111587299868996,-0.554714015841139441,4.21592354144096948,1.27484713104243319,2.83144679581524672
1.84864252169685139,0.471561287805244478,0.515548416614425631,-2.73544284285396921,-0.478050035469064938,-3.05089160693051253,-0.0365384231963528094,-0.775934169225420245,-0.627153171491859784,-2.52237900044173413,-0.0772943122321105985,-0.677654052935031892,-1.84127085934936074,1.30081416129357264,-2.3802163897817028,-1.77268142839869003,3.68264461894453277,1.08805796707642188,0.210312247194418572,-1.57089262823873654
0.376076319967621753,0.127487999324419676,0.0212397736605768085,-1.49639662235960658,-1.02600082804472925,-0.634007959214888284,1.25850551023977064,0.690715351845297199,1.37056570004690625,-1.68762938437535204,-1.85959902362431739,-1.48890453283600244,-0.989291412655195157,0.851018467823436264,-0.468723525271613817,2.03176202453575838,1.9596863407304137,-3.75330687626051063,-3.15951862705786279,-1.42460209998067966
-0.496262909271968089,1.33900459940944772,0.231546561385872929,-0.333300394368008734,-1.75990428792696907,0.812054617311230187,-2.43932597812299523,-1.94949596406938319,-0.174976023001689157,0.618238767485462137,-2.90349884219317778,2.78746149459361892,-0.206812762958093921,-0.125442547414347488,0.264149232256996436,0.50792355114251686,-0.410320941461670641,1.38179756265532361,-0.300612296705390913,-0.610866735736283584
-0.704371630725875719,-0.220863137082593752,-0.637851590397906509,0.752566248309226804,-2.17785763982962255,1.03413031983967429,-0.101705536496753887,-1.06716152155726873,-1.04144701096376213,0.435718791015108187,2.21719163772710059,-0.054591317080156139,2.09907028284763397,-1.28919255031302238,-2.56393855322702136,-1.03337071171737871,-1.60079126286195339,0.1905208310011752,-0.463951398803496284,0.833400175632872497
1.97855129395929774,0.504836422674161955,-1.9032452181583559,1.312529632963221,-0.333995507065411368,1.10663112852864165,-0.989251245480601393,-0.949925521576383769,0.287037931212382802,3.36165822136615366,1.11473824135782285,-0.280108620671943698,-1.5918081661077621,1.39476640969849575,-1.53408426558582578,1.52837393513294972,-1.37164461371738722,-0.827740781255774438,1.58991803558321854,-1.01403276628775285
-0.209400355118578879,0.805228426590541946,0.0446490815110817257,-1.25642373709922706,0.840027286602506473,-0.349001515442802723,2.53760334409206578,0.251372963107860503,-1.04149576570087965,0.625596232358171522,-0.592907853761337478,0.152921028584845659,0.315222742332726513,-0.543444675081311446,-0.288440639771088581,0.699664890383925986,-1.34704635108051529,-3.37835607852998265,0.639795251994008662,-1.72731579354056963
-2.37233122308852007,-1.24824741003098705,2.04686370721843636,-0.315292459852764828,-3.52844384470377159,3.97849078948315826,-0.488817900197714095,1.51881183478334481,1.82071015115529566,-1.8176426477902996,0.0166959652059078742,-2.21586317331501181,3.92570280075896516,-2.11064238491851608,0.130140511658408842,-1.36478222768052349,0.578253052656068078,4.60912885601814803,-6.73893368623559219,0.574814345906458857
2.66806795940905461,0.866144970185810381,-1.31388035211298781,1.28424985074109155,2.30613050720762081,-3.63921260162419369,1.63459250504594977,-2.38258283839286689,-1.48528170325364539,1.35697605157635492,4.06735385571315433,1.72774432773559972,-3.2093059327933835,0.914431653219463514,-4.55089453007866762,-0.57872071881302567,-0.820747785452766387,-2.64629496147637733,-2.76609912066291264,-0.606993724304442539
1.13167561958354024,-0.153270948005108321,-0.984667898033448452,1.67889695987114806,3.87983686935094907,-0.601081741949346604,2.6436910561622895,-0.840531660719520679,0.572342866665051853,1.49386748104210731,2.86068877559252632,-0.0134558628319179086,-2.69966927561202974,1.93848274026336909,-1.93707388815740034,-0.75562909714239157,-3.25184230427949483,-4.99070865151437726,-2.2345396478013968,-2.28194950302469701
-2.05451423439502401,-0.552264860246894251,-0.415201617854427496,-0.496122827270700395,2.92391512799928455,0.201478116719928768,-1.2337281898578949,0.893641586674957522,0.452956910696368342,0.087006115190777486,-0.0596047075428183526,-1.37562395396592252,-0.0398396396099559499,-1.03318793371909678,1.01638197202862046,-0.00454015904835165535,-2.21358357718093224,3.48896561612025335,1.81822986134152687,0.0804995857253825442
1.12781138165989181,1.46014913102029764,1.03537894447606704,0.106293802379891042,1.11603567760239919,-2.38733196864798369,1.56268127559228276,0.945562735125936915,-0.538644901063977555,0.533081451187085609,3.13477210920158678,-0.998620285770436822,0.324322593174067919,1.87817968310116212,-0.0631071216023761372,1.95834955924558662,-0.0598887366823830647,-0.95752246948985531,1.20795437098181546,-0.560104880775874503
2.60889772910169526,-0.587381274868418624,0.979758556673122172,-0.526156232291825954,-3.22258382087020978,-1.80211826375685602,1.44037777512321963,1.68659742522275424,0.509412079305996857,-1.47227243397853536,1.39566578131179386,-1.60500721668209745,-0.708935917878398936,1.75311832161622405,0.0217952631126056562,0.39641046346119041,2.18151039694290505,-0.243623707536712836,1.31425687810006542,-1.83041863299552499
-0.40035322500342807,1.71233330010897489,-3.1469280504573125,0.383271100370569884,0.216763415674130627,0.772172356011476269,0.910204478648425686,-1.41175209593053075,-0.803085123476005136,0.771370103307467581,-0.484973661231420217,1.09931194860769299,-3.16564808743029058,1.00168940905129999,0.699697819131605225,1.56070260596856825,-5.26606995971363734,0.0954654613936510854,1.41148085067988083,-2.85626309724085958
1.01050248175954938,1.34863200185118748,-0.0469270184161477422,-0.784661224286797743,-0.750579039610002496,-1.0018547112159859,-0.637055252917436698,0.22625546274885816,-0.506614376457055204,1.74057511786648211,-0.281667056804061733,0.114021166408835861,-0.191496595996721558,-0.0286230526670595425,0.177900281865173399,0.331624431096963046,-1.66201913912305721,-0.489333127278959612,-0.478661879828217229,-1.44578243344883761
-0.920140762853595251,0.920569463246444952,-0.0683660465935125861,-0.0673319715294160986,-2.42436408193559938,0.0458504479264056075,-1.21736937471935613,-0.876386287036597933,0.4353849996176411,1.4455583743099536,-2.67742180400241336,1.16048132110484703,-0.354012157893208446,0.408175366535535156,1.79217444682254312,-0.721433903694464029,4.21695810300764684,0.42568257372542978,-1.51313122864382188,-1.97724455059109738
-0.926418748804401559,-0.135332327383737183,-0.410134446027431099,-0.760267594797305213,0.62579554685465677,0.599612944460592989,-1.60007957842542492,-1.74594569002961064,1.57204626983827112,0.835159980136755298,-2.28711927826494499,0.471911190013741544,-1.0775856971882789,-1.86264078115257559,2.79142673015495069,-1.82351498051189265,0.445057709442862215,2.94770019411541462,2.76458720674381775,1.95424355117682169
-2.05051172120148495,1.25471999459149419,0.0870231868476849801,1.38729756208400357,-1.69285205883797674,1.31505227939350955,-1.15852485465685451,-0.842485655954905432,-1.11756876034547825,1.03060369552457076,-1.29711994625284843,-0.185517651988179322,2.51225628117846922,-0.780139325414927143,1.15155875676671116,0.198566171186932205,0.108885917921755268,3.2887715047431807,-0.403792794137877886,-1.35246177226998721
1.05906723390240187,0.367805113379715942,1.12139206256731039,-1.29702734369536965,0.791966653763456763,-2.58741973034692352,1.5178073869208375,-1.83580061006032191,-1.01482122605437475,-2.68915979443070441,0.501117253735235302,-1.09743598755914262,-1.63235747415946797,-0.434940048898100506,1.35388077772810478,-1.09048403629464108,-1.95839226728867155,-3.30687301876684447,0.538649596504380268,-1.32225205704552695
1.20113347503659451,1.18887235207387132,0.136019862746980857,1.99758683176285734,-0.387132296547542665,-0.185267797109813503,1.98293461362211176,2.1003741299943397,0.060024553172433083,0.899788583833442956,3.47614268527847381,0.153399669263990568,3.33238669191215431,-0.033422236992545408,-1.30579569073944679,0.692705796943049901,3.60691470489602395,-0.0780495523358232107,1.55966428265750268,-0.429373057981164929
0.370550373349969375,0.870620957052591904,-0.566928467276896497,0.932455358903349407,1.90858395956460947,0.0246237748778359786,0.0738544554789460489,0.358008630278023154,0.449552134866433972,-0.288784658907078495,1.77388568036685967,0.501241335669310173,-0.572353091724424057,0.428910873258099345,0.604974508957578094,4.32547668037349542,1.98323293047963078,-0.608004518705158037,-1.03634569854971792,0.252475221869681354
0.875883061694585185,0.180242801185510088,0.482047175685377249,-1.1644736035473453,-0.0277922080369176344,0.57035307734857088,0.701171757755261416,-1.30963620446701756,1.52627494414505116,0.587097048383943165,-2.64363487698216204,-0.0807129802890611259,-2.03724776304652266,-0.227963126785198256,-0.127044312536691906,1.39816495393949225,0.180402946055503194,-3.85164721212412697,2.82110718431395258,0.608101668478372326
3.01421002510244396,-0.509508872072029328,-0.130968879415408607,-1.08885876598834952,1.20677219157618953,-2.50574851615841698,0.934689040977053631,-0.0230646637333067721,-1.27439633308834854,2.15025860055368545,-0.0266776806308974893,-1.3289279491205126,-2.23264445918251608,1.41781754075447908,-2.33916244679497076,-0.628948839757573874,1.10985838898354805,1.84616767139531457,0.540531980948530388,-1.30536940179687488
-3.91023092892635127,-0.917202182324887927,0.828450949052663255,-0.678160759509969679,2.32893795102090984,3.2250379201296635,-2.14323446351160385,0.0248833030904220959,-0.0790724322655990408,3.73843773884767305,0.530112034320552983,-3.18840481628524897,3.07872717349511493,-2.59630492678132807,4.03926158038790284,1.20530488190995366,1.48421300254935074,8.484744730401518,-0.872619546579814553,3.85750545619818164
-2.29934758319176158,0.155764459571809094,0.306506222925992111,-1.00796759724988916,0.127230096849764857,0.847683400087502981,-2.5920029970399141,-0.265446142540166186,1.17027156579454794,0.373028007339267775,-3.2548508704235708,0.37905502810481112,-0.831516605162318956,-1.08942028731804363,0.669238287246732955,-1.44128030012052366,-0.580102012114100729,7.20306272282671234,2.89363999302246366,3.12376736715019021
-0.407634151723622606,0.819383351319498465,0.55936682611060573,1.44604407466155704,2.4396786876225649,-0.746646361762978494,0.109792089116750285,0.925098123325319266,-1.61741284626074955,0.696231876502661273,3.80574150182953774,0.218438798202956114,1.10364105528272471,0.822846051672911694,-2.01424115645422441,-3.32648106788784315,-1.94040813406877333,-1.76123538668543689,-0.947402241849882087,-0.612287268804305063
-1.83651122523063104,0.163224042330268215,-1.77072845764910825,-0.688945971104126698,-1.86685392896036473,0.20697816001410263,-2.17546037074271448,-1.57327323815613584,-0.315741403084894734,0.191574093667319895,0.258578689469318113,-1.9001915140296628,-2.72167317071093606,-0.921482362665542842,0.237766570154536339,1.28332344527129716,-2.25509318911983314,2.87883814976504659,0.933768434502373679,0.250697608179534015
-1.56938803421516471,-1.25890774832027819,-0.202862947289960294,0.120988506756123951,1.08038428614832971,-0.562052636735453248,-0.806716519997079495,-0.84777599370215273,-0.101525764985476677,-2.2186544952210836,1.6620932518390279,-0.789747777684649543,-1.41314700772522994,-0.739925705346060503,0.433959398949626096,3.59890127874332943,-2.83282112142374176,-1.85562342434973893,-1.22125601188663668,1.58004075760020091
0.0495831842593129832,1.55937145356492213,-0.126056480437279766,-0.0437133346807372161,1.36511904479148516,-1.36441912970300328,0.821627610460974322,-1.60858696019651282,-0.259212342771996618,1.77157651033063623,0.041391866841390762,-0.903229072959988333,-1.11170038862469767,1.08496456371227601,0.39852707398501469,-0.611819809178981933,-1.25586109706240756,-2.44994498693462814,4.88784277682427692,3.03815987843696167
0.23289485563515902,1.22730167396122281,-0.0286926247439164041,-0.715520965021127497,1.08266860407991006,1.43440316455544781,0.712457079955142958,-1.8058602630019609,1.92223847118321811,-3.45040221739320652,-3.49208408419273297,1.16400184553161656,-2.83307573474761343,0.842178982428831047,3.20629189565834638,-1.04202195088548399,0.163061497145715745,0.677340535152274104,2.64384770191943774,-1.77003881785153983
0.734697522992540875,-1.51771051413491764,1.03643275126614021,0.861670480654092574,0.832206413440039761,-1.15717241604312182,1.38261986637691847,-0.28126188209143993,1.39269225419589127,-0.0415673495485430061,0.0252148100544781623,0.679900101141542201,-0.497256479287925657,0.0191437137190745947,-0.530161424140215498,-1.51400309621422791,1.7105262386851301,0.802721596519181402,-1.35194402383228574,-1.18178452390475885
0.875427873164561499,0.596916971271249097,0.143308193559268826,1.39296214601518686,1.42993272805842642,-1.21854889805722943,1.68664791884459642,-2.01361394096786572,0.868388217499847404,-1.89495725314283159,-0.97703337152493086,2.08350506291736615,-2.99877613390295394,1.4224353332483104,0.318429598765749167,0.879336531074713879,0.473703967445951724,-2.02539643265389957,-0.663972371534983674,-3.20526218322203782
0.512822167327357192,0.158598412454732468,-1.12215186809611844,2.92550072730422572,0.159646345190445682,0.00979035330850296787,0.881826581349166472,0.0939252285835716627,-0.179373283782544524,-0.139568145890636014,4.15161424490949837,1.21102529207052023,0.0178494703347354816,-0.358875445537930771,-0.0804325172504550545,-0.286425362640174153,-2.13441877195323881,-0.544207032432016624,-4.53210793066187012,-3.40654854194055368
1.91074430890882607,1.34697385349155585,-0.731621872871332291,-0.490329905301941815,1.01361292215410481,-2.28692508362104796,1.5714189434024648,-1.53569134834178822,-1.11755967051868033,3.48781097656683459,-1.2327682799676869,0.0396563201284470881,-1.58968049581973236,2.17706740242330321,-0.881480309979426946,-0.939269312083771846,-1.69060634791847342,-3.86294885621430462,-5.00729163710924308,-0.278875345553065146
-1.52651086558776705,0.415327220529379371,-1.02358252186539178,3.91973233802149634,1.56553773837908339,-1.33126782772158592,-2.70760766989381985,-1.18551755455309582,-0.143980049895402862,1.9095074969064787,2.17270909474967588,3.64095813181117212,-3.16424600627711516,-1.39682884951645025,2.64168108313676919,4.88202024020498548,-1.16691082153607439,2.47560565859281567,1.33742910650954205,-0.570066599281441433
0.122691829214328418,-0.259668687564876433,-1.38397234291266424,0.200502906613857473,1.52200105656740292,-0.0126862361314625943,0.0157476405051805851,0.0217570850341402208,-0.258804125253545014,-0.685356302598892797,-0.97672005917256266,-0.900781278195289414,-0.345467230487544075,1.06567234588186377,1.0967149921705075,2.26885048225251529,-3.19841422481558002,3.06027175315951006,-0.201153295332436644,0.970261205131501381
-2.53178467459563405,0.903282876705915339,0.585441336672653079,-1.7957337074290296,-0.710955539875085307,1.46222307128134354,-2.07184666340975365,0.524673546692376536,0.0370438979693010553,1.3718433632070357,-1.34053040826594749,-2.00359804467566693,-0.644408843132361131,-0.240360793632493852,0.121338624028192968,0.0837523202141159662,-0.538112766913997231,2.86579924251092066,-0.647620236471801114,2.83021804463439208
-0.415077499256779003,0.832573370610629637,0.355777631017759499,-1.19219082991188929,-1.51586441441706254,-0.73791562281655676,-0.144208082285317368,-3.16115025716963149,-0.293565494277779337,-1.20690387739875815,-0.302732101206110771,2.21428198141514132,-2.84507899661033559,0.353537786457983061,1.24417710649853985,3.16632090008568268,-0.506704192642638995,-2.52302453628363876,-0.115539955490190679,-0.230379934941472714
1.80742212384610945,-2.73723749480960565,1.24563160084836277,-1.90324990677771799,-3.24076416315805771,-1.60169897427754315,2.6576549792913613,1.508669323796616,1.11736695348734072,-1.26854136539942619,-2.31541094046939211,-2.01318223374054028,-1.04492183057932153,2.30564492150476719,-0.23955476440756962,0.508349292575046463,0.803331101157055305,0.546205482460980662,3.23454039308873975,0.671103585154481208
1.20222853804341145,0.639397032098280249,-0.246897324614558128,-0.440904033119103089,4.11683790293551066,-3.28679298440257295,0.72182742793582777,-0.20431903478827565,1.27008541492361582,2.39589930871082446,1.74954484666977139,-0.939195365859797349,-3.67153755715531593,1.32256512434989526,-0.529175473442439759,0.648624459474819837,-2.05935679022961526,-0.201005537955365104,-0.865578544747663936,-0.180770414246186811
0.450435777017505812,0.629178603893788102,-0.467441761540179523,-1.86297390372432314,-1.52525501974885702,-0.427354479735188308,-1.2682945882552823,-0.947312313213680812,-0.397624404408795595,1.59326132837461176,-0.569710761969324686,0.327999434338302864,-0.409103242237349951,-0.0623011236475389044,-0.18418328055002578,1.502788716381251,-2.87443410381628262,1.73650181049438945,1.65844411766511857,0.786796188971340071
-0.584890325134339806,0.213555038444164125,2.18583197702557408,0.0769982784550221067,1.72806261329036004,0.159554000012422342,0.7047245525308935,2.30276894504322405,-0.481957329047407457,1.76722191874224066,1.58371385092980876,-1.85361308670965852,1.4184231302015271,0.64207057289387548,1.91902286939309885,0.437903136452063635,4.34738768636503714,0.343218190039095039,1.89912890687631419,0.137370217419618634
-0.34181856262597432,-0.248292132296785706,-0.0950103503140897337,0.297200392491809184,3.05070083958274463,1.20335000529770442,0.0218412552069983217,1.3134845182751429,1.50279848976481123,1.13671968808306967,-2.63498706530876214,-1.30221687041000367,-0.776371143741281911,0.0663635511181572546,-0.973020611063766916,1.04843616992031197,-1.29567875793140885,0.963917107737163992,-2.29754453411547566,1.73057233532958432
-4.46180280531936102,-0.589488209765459681,-1.60616899447000705,-1.09188566472203608,-1.32075016286899283,4.95465056417446004,-4.08214095141868505,-1.37470084029834072,-0.167013430453008621,0.0486974290473549121,-2.93893087750376081,1.49546585319911007,3.10542608457402736,-2.7836589142116428,0.457461649484369681,2.34852125462582695,0.444246188300585543,5.23629484955230762,1.23202938988481026,1.90527197551550342
-1.43962459306914536,-0.813806698761853964,-0.552655530259311245,2.73662245675652249,1.4214594336520503,0.878758506554497276,-0.400983941567240321,-2.23861250341453433,-0.872542365350969296,1.53359455344854623,1.16332090953315115,2.53870265280095175,0.283881307332287169,-0.793980447851548532,1.97371904328867642,-2.15363562629909433,0.601793644044774756,0.662405883394636019,-1.00774721743599405,-0.5153155286143003
-1.59084504429706008,-1.29416035961416309,-0.340615507611703838,1.30715642988519964,-0.349935892304010565,1.95819000092085815,-1.57657231031745604,-1.52897112426666881,-0.204947464215172098,0.040214982915782925,-1.60141572542685706,1.4504131112626597,2.22824552924150154,-2.08697706862568744,3.66184817211750868,-1.04967703788756772,-0.49141355085843913,2.69893699966488443,-1.94572496352886648,0.86880525116884133
-0.657341019400642712,0.446216118207559076,1.79433038293997793,1.76264474624464684,-0.36470077463620143,-0.647723438959724174,-2.06840566347731869,4.07715710704036471,0.102593881637426651,0.974642990685252397,-2.04978635460468928,-2.02187076890530282,4.06724365025257306,-0.730167640810410301,1.62536480128519845,-2.41413849167624495,0.330742892798130961,2.58413766665643152,0.214619033617170912,-0.224822233418211503
-1.95622126058701173,0.348075610869867047,-0.060432015796652111,1.27767743532843991,-0.484187802021689706,1.45356633112719069,-0.595481249318855266,0.682238743079543686,0.694935019220999983,2.42875576888354683,0.770879625535289326,0.148046195387242313,2.31672986885652588,-3.13713932995831124,0.407057734912955882,-0.357778389853170065,-1.78555097965253329,0.708204235020853279,2.32176577282949692,2.47012436084843578
1.52590413553156345,-0.868627315497945029,0.314364875831075641,0.70927204788800835,1.07481472583420268,-0.977371219221410126,1.10406154419615188,-1.0703054419255138,1.09506577470280986,-0.97734714431937797,-0.938816296645475057,0.313424673575164403,-3.00160281686971508,-0.210020754757777539,-1.83099166583796014,0.641289256243223638,0.595529401626414323,-2.90659516304258192,-1.38390313454133196,-1.35624636013502764
0.000560002773684296624,-1.08078974877867351,0.271532269625865574,0.069744095112666743,-0.144616350610431571,-1.00058617857814158,1.30095194960805416,-0.381601626278493811,-0.848531584269316741,-2.64683154068735327,2.19735514827182632,-1.38530626764201692,-1.45004954770784789,-1.93474929975882515,1.78344144013185968,0.250099576401866808,-1.89290353857735694,-1.60474242918948495,1.98387482266032067,-2.22388562319265004
-4.7990896432343142,1.07059515759219193,-1.6431670270621912,0.381227896686037127,-1.98295433824422829,4.23281922138518318,-3.91536196824597837,-0.343346683465745983,0.471313877563688088,-0.202093624202153405,-3.10326336509989709,1.14268427557784213,2.13498607765131121,-4.28893234025001302,1.4098289609519421,0.20905459675532656,-2.735770896251839,4.85857259005523368,2.02698540260667448,4.71091288920322615
-0.851131286607839432,1.56295067953293376,0.556819188015528987,-0.22557028268933671,-0.164116625484807155,3.02805308123878847,0.367989849159520377,0.566233027578886605,-0.498085591213932366,-1.44924076446552208,-1.4733799290667049,-1.60787600586502255,2.73317431358632579,1.90388188405509284,2.40565996789753855,-2.36747642665573466,0.695269820514053394,0.491662214049509994,0.885901075140304473,1.71617816408762724
2.16134861296998171,-0.285957690361047179,0.32303370486093369,0.624205714656816957,-1.20764746356227626,-1.74994620915739185,0.149918476354579527,1.06116622254959614,-1.32459799245907806,-2.19430129533959395,-1.21873447234761634,-0.712397592355325404,0.630408850017425526,1.82546329050723677,-2.71754619363415273,-1.73449889312526695,-3.05479792287651675,-4.87597902992941989,-1.67329985004734882,-1.96855658042031001
-1.02666842376130552,0.874005675651574165,0.575714976877328755,0.925827919742656991,-0.307893457778151081,0.852109549915959441,-0.576918359521763846,-0.0568474709648018883,-0.516562658222768478,0.439764230811255818,0.790243819413157689,-0.0901839955629123863,1.38989631324315632,-3.01158107891949767,0.0493974728685197609,-3.04276568761249022,-0.146754085387356237,2.71270610907430765,0.748421326364007156,3.19413768064473969
-0.421345967728974258,0.867077154525855875,-0.48887923525914101,0.350138986151776188,0.340394924767796925,0.883915072975048011,0.332727011888872493,0.02604917092999871,-0.273750178410009648,1.34233752945413487,-1.99549325481945883,1.32551156837849327,-0.951772344896862466,-1.31948048739151247,-1.03020742402553123,3.56146226075898475,-1.05478111945782604,-3.08221928231358078,-2.25241230867514863,-1.3543047351300157
-0.0452254977286493595,0.956575857213460723,0.091814239013269322,1.02952304554348673,0.482396288856636657,-0.556175897436329447,-0.785001047346821967,-3.54597606335974724,0.60000968055642212,1.48850728218378991,-0.459131402502055141,1.64057877270013064,-2.60821151524578543,-0.0696664031573789172,-0.191784582454103236,0.851710278441493718,-0.533206703488959821,0.821868807004699886,-2.43966444039155794,-1.30466520787274476
0.653879787433583548,0.639255603913405079,0.755014006358226353,2.19883376208756465,2.60038088399349832,-2.94327162418037114,2.30292859556897822,-0.553657636585786816,-0.329968437653633206,0.0558823272375808672,3.62471815518921625,1.94969127121912011,-0.671775634510418551,0.135172741026373028,-0.330094530818834442,1.97321353285086043,2.95945352189302913,-1.3613743607308475,4.42269449034752427,-1.91988851990096121
0.995628336650255408,-0.6651097220766643,-0.205909432176300367,-0.239527828453637626,-2.06560608892960351,0.165801284065560078,0.356803005569251319,-0.17470881796249646,-0.694519334505119601,-1.35712541456109848,3.13221870025456806,0.704174148659164056,1.46070331945803233,-1.17364368850773393,0.0282750872147606268,-0.108387200864963396,-0.843368143941137682,0.325648553217522119,-1.87741904423624195,1.54298483588222135
0.46847481458892043,1.00668746512154739,-2.51486697719838315,0.797909938952255593,-2.18554356588707321,0.34602323140683805,1.19490698220617841,-2.26053092006926759,0.856013002817229585,2.5785603383332254,-1.42804961061862334,1.20324882230038432,-2.01731897969668017,-0.168649384722600826,-1.61789458418492704,0.540327913261189341,-1.65641499713579909,-0.348813929566167635,-4.45566369007836904,0.653614442395453521
0.0505281021057160593,-0.526166426602027393,-2.67789081275746632,1.00282626533812436,1.20093421745530704,-0.0517567567138232099,0.0166434430268501861,-0.712759385688722769,-0.856941239848178493,-1.57877716396831413,1.94757272434467565,0.665458449866791701,-0.916276723572594154,0.11560288516112549,1.91466239913202974,-1.97582192419873359,-1.77129037250152388,2.14976330187145415,-1.42452098176474373,1.75451193871126931
-0.195964283080352103,-0.25683293695473064,0.221886629197242918,-0.573511427458260337,-1.49684151154301959,-0.437685943035330649,-1.29399328523897705,1.93388301795866946,-0.512706448747587085,-1.06725690557073327,0.0486775627818493498,-2.08944524969002821,0.00754101941155166378,0.617540825033593088,-0.631556445325574201,1.63211159862214905,-0.0433315549990813675,1.00596553619949147,-3.28475728950916235,-0.335007970849744374
0.279851534521598777,-1.20373617406655287,-0.592637083233263362,0.420540838844815412,0.544852693009297506,0.633819709360708528,0.790963445256282482,-2.89512591631579941,0.586761102046133076,0.466186111304512374,3.06498479126892986,2.09895280545401564,-2.30780343168399416,1.06527883921350774,1.69354295594780901,1.9891286857952557,-3.68738300677789876,-2.58824759232792845,0.508005610988250478,-0.0101374988263785437
-0.570956422532512775,0.493396281845849383,0.7922926810570875,1.14782053808373119,-1.90557247996807044,0.150104464549195127,-0.262859831267721444,-0.107379444572025209,1.16397651387234036,0.316816741077835418,-1.46488955661452724,-0.183991514895526176,-0.793043571851621554,-1.21610592059618594,0.158104473744328899,-4.10690868624009653,3.2227435430324145,2.01267482289111621,-2.62292711342444873,1.21696315109600506
2.58615908410632622,-0.327382015885213373,-0.039613309253175237,-0.259778886584896396,2.5758549534254449,-1.05857215012149908,2.01685536653301689,-0.274403377749441291,1.00103242602262932,0.494587163639203409,0.327388051782366074,-0.947552718757240231,-1.37277683555653818,0.176897607328684231,-1.01046823043001455,-0.550486635031774085,0.323185115522440447,-0.995167440248884816,-1.69191419440757262,-3.03532805819437002
0.0212924652538983086,-0.866119383411056987,0.960450345741109435,0.0714296328584574508,3.09610453990386825,-0.67817196005834024,-0.0413218177587746233,3.3066247047621582,1.7315482087958769,0.494149231623821017,-1.30804172569019017,-2.18759077826548731,1.0117941435093587,-0.547839465681192239,1.18804732963361626,0.63344625317558001,0.306573435780185866,-0.818384384120489528,-0.230872796623997151,1.67428900327699104
2.01542252434486224,0.118847142837562703,0.504893262438277368,0.981769147479366167,0.161435980566268705,-1.9802000179950825,2.96481020205953705,1.34565246972466102,1.27549591975028886,-0.199018630843244809,3.97338740670969015,-0.525783761098028934,-1.34241260937693796,2.31381360809673575,1.08593613257790889,-2.5666361106723028,-0.10878301342052886,-6.10529115424663527,2.13417973633714109,-2.92693564438852283
0.720244310346686234,0.345214050109582282,0.317776220102056417,0.879213159560978452,-1.21112388932336912,-0.826508968537652211,-0.385950635146885268,0.79177405566210346,-0.729855028356644508,-2.16853633242252064,2.13737987827834308,-2.389513820488252,1.12015529309550965,-0.379613343309737339,1.3942062102737689,0.741354408350495708,-0.17600010932182833,0.0843350188423721003,-4.11744617549072345,-2.80222272540375572
1.80037449467371147,0.925672543679490367,-0.727854613148919083,2.81537514665054545,2.43779284667290552,-5.25483614655797737,-2.05031959393331809,0.213797562359877513,-0.5700470313387489,1.94023967618578985,2.03871822571166206,1.55596750778375337,-3.60983222970086759,1.90148935493404281,-1.22142457955291572,0.732063358486851445,0.0779863403714856074,-3.02318293219716727,-4.066345992892197,-2.3602966434874193
-1.9233204533528121,1.26119704602583615,0.394942319362817817,-0.86125098831229363,-1.42646487846672088,2.82265266351630473,-1.46658669429547861,1.82571812500701824,-0.483047552787623458,1.14434614617121722,1.88745752838641789,-0.806664385775743509,4.70503369752186451,0.626246915254957459,-0.107107971274060174,1.32494049870749597,-3.26941007187495103,6.16234639071129475,1.86529590122951405,1.59089802925639967
1.06027622408905908,-1.18096106234227971,0.675422780204819828,0.165993850993743697,5.65636574002408743,-1.10755449237408898,1.98271948260835473,0.516166990331312414,1.08508599406220019,-1.27342669861805557,0.831599243005377353,0.663225189540867177,0.288679708423602355,-1.93725987552410528,1.1588090300749776,0.514331692642344129,-0.241178572127938751,2.55678775135345182,1.32692007438630921,-1.31423949313665056
-0.799208269791682357,-0.324322664231263436,1.58977964486628998,1.75976076114704649,-0.441308981962433899,1.93588193221403304,-1.13835901363471859,-0.139815844055584004,-0.242506515369479925,1.52874557864313854,-1.02972601779430928,-1.3511040549544453,1.91171743211578749,-1.90434969677318588,-1.61546966787060264,1.02647320002664166,2.11929806440114277,2.61467169191217108,-4.92320075893552644,0.881699141757086746
-0.28454273708205402,0.193755457154868332,0.593380474689635173,1.48869138694277425,-2.17868272314764244,0.521623869402203622,-1.07913679602686319,0.486191712656831032,-0.884350633832944322,-0.5706922167823133,2.1018287309736623,-1.898290330120594,3.44402731905468062,0.953760284574610928,0.000209866832963407843,0.751549018409100822,1.9901534716007363,-0.823295790439473429,-2.94737100213823933,-0.342583202223253225
-0.851922016518917968,0.302472675266149127,-0.134826127486205649,1.69149998254482181,-1.78485172158494132,-0.185250227206574331,-0.467474054594824107,0.796021532108699192,0.355126945793742987,-0.182765001227547408,-2.55598219021752415,0.0800034145070363523,-0.327565981256071614,-0.390314662522915246,1.27114343018483122,0.383307494822623773,-0.817466453378251301,0.0673796362763730283,-3.93238680498412885,-0.256464700853696992
1.73207739106697534,-1.49184354145879094,-3.01542070234161708,3.14314002598017384,0.310738606269229278,-2.13130433862745194,0.748533174138956925,-1.27207364398137734,-1.07911921873259464,1.2953312921971416,3.70217910527828131,2.9052050142877679,-3.87293379404955695,1.62944039721873057,-0.649910049403761736,4.14112593034246057,-3.11833203965425376,-1.59902289827156774,0.0585129264921331674,0.493025808763317475
-0.624534381995949128,-0.863208605234131676,-0.148049043987790341,0.227956051926311271,-2.70541247693948428,-0.360574223279678974,-0.2707819383327289,2.64913125994750365,-1.55635913383635804,-2.18556380628120372,0.0635864485696849419,-1.92625109094674407,2.74441807415538097,0.160809952399114331,-0.360658798230987676,-1.41349462108702717,-0.840301202888579679,-0.75224483271701581,1.39369485991160502,-0.762900675763613645
1.09401940381543827,0.108596586659854749,0.643525931261196504,-1.08557965751715213,2.42860388547078099,-0.915726349471566725,0.133019603663294017,-0.419948835646351659,-0.543869516461641389,2.25468487572660425,-0.754722232058856801,0.00813242839606881027,-1.81991644661012542,-1.09963087708824192,0.104418703686256054,4.01477135180245792,1.13808586830856684,0.578921776639259478,6.94711976465310244,-0.051261476284497641
0.883173147320240992,1.74469798328474712,-1.36614669605771377,0.787556134362092486,1.62816729053927101,-0.640823221052691183,1.17227346130296506,-1.52362083714140795,-0.0328178361248613673,0.461717353831821276,1.25613030499014644,1.76088242326472533,-2.74199158272890964,-1.34183147644104905,0.756185770711413574,1.28574760745174643,-1.17027970923358526,0.509469654948137229,1.79771894950387612,-0.833239861676320692
-0.456539048261936919,0.00170925600421346999,-1.36042140604176387,-0.721372796718382614,-0.696477422472304819,1.15060011453232525,-0.307436196790910221,-1.06710520168067013,-1.53316040671882914,-1.0319038222769763,1.45961838496572494,-0.90188106042381766,2.11158975802042193,-1.00506704429233173,1.41833345940857125,-0.102080797108065044,-0.96826152617825012,0.146849564163533147,0.0485024369136446837,-0.967150484162007329
-0.543323753420650091,-0.777346944822693176,1.00546632437894568,-0.189030635061785302,3.66439555498592107,1.698571417121016,-0.385810248912431208,4.68994584108147361,-0.426647829538659096,0.544462824049807281,-1.80934555627340909,-3.46334382432360943,4.75210049034566673,-0.700887259264267759,-0.127863278424679594,2.72216440054992592,1.6085735354545081,2.84401903372401499,2.46896664263813381,0.41158123964382487
0.0916267032655969926,-0.846098923652269463,0.739180845762985261,-0.769994617804470538,-2.48794245055633922,-0.598562070574958804,-0.807432733946656822,-0.579778212349580269,-0.0202045399776993734,-0.5701759568637077,-0.0123860580362569889,1.13495883489027793,0.50382923371966426,0.0287850185736110813,0.0670726465381195486,0.334105503266806103,1.77311449562780754,-1.00574061306311213,1.49098828190097654,-2.24536259296337271
0.287941972724871154,-0.940784701085444985,0.722177412974316257,1.41969475354885843,-2.99033750401117704,-2.2049433063325905,0.205205459299594245,-0.808128170155752223,1.81047502694187323,0.360133749739614706,-0.925620493663604327,1.67191155626428523,-4.06355318455784875,0.812842941534265839,0.214701259432962449,-1.76776516697453667,1.91344842842917751,-2.56674131162156094,-0.356622110856780583,1.29251317592213266
1.89358278264875879,-0.801900832477002279,-0.939497682610689111,2.56141044545318453,-2.56649175911734329,-3.18418467462283505,1.41261192248549983,-2.77059209183535682,0.0532477543704981265,-1.1726628483944519,1.34833951504682803,3.81937214477792919,-4.77425308759944311,0.0368032381534693157,-1.78727374374782477,0.329788699898190818,-1.23340493625260006,-2.91129182953985888,2.55368809260790641,-0.484141317113757186
0.563918473116173269,0.843492561502406257,1.01596012482763887,1.46486146878650314,1.93621930218056515,0.9281827890132065,0.817531241104755613,-0.102864926962455638,1.2285383734535178,2.83897945225646398,0.288126970477520283,1.04458858241204267,0.330432982893063776,-0.105057073243031471,-0.998695437826432664,1.80103688466385403,2.46715141297384788,-2.63049513550003455,2.97599077608147056,0.603770539961515862
0.390360814596887762,0.2747302169920674,-1.14183344693976951,0.985294608071369482,-0.1422916767049478,-0.94120255813576903,-0.727522002777696852,-1.58827082893881566,-0.0279990932078112917,0.442254832018981081,-0.108328498568459733,0.293322442614942058,-3.53955019622276135,0.788613753346602664,-2.47392197410441073,-1.83206709614485797,4.32969828271335544,-1.58830910663215863,-0.988695849790823811,0.0821531335215224257
1.62875465458463209,1.69118344219224803,-2.38219772691424048,-1.64758782719043317,0.00771210702916298903,-2.31964843151687106,3.59765673504772998,-3.35802090041659529,-1.00653700098716725,2.04664663119850587,1.03751162383635021,2.72498507875505469,-2.53814954590539577,-0.770078561970634401,0.0166714465826212459,0.961575062892836674,-0.94239247136038895,-2.59903222275690649,-1.20428850727860892,-1.68591824067378315
-1.16240086640552676,-0.0917278770789973497,1.07539796218921446,1.09236266078185884,1.26117194622378093,2.68225890450486437,-1.67842624968972687,-1.8475531336554345,-0.0423027362292791309,0.776261336946432512,1.08136668317493156,3.20586783611522463,3.76165503103580523,-2.08949123294089789,0.327791633139919603,2.05235939767318376,-3.69873732400116273,4.98789858805753727,-1.3505705384982265,0.00271171794970204421
-0.211508310800770011,-0.488839432689461895,0.949284569513283993,0.633241269715912325,-0.661799819909741682,-0.0408318023375158073,-0.772591172907105106,1.27570201787626147,0.155017123225176412,1.38750650960694277,2.04112002504902268,-1.8892828483582349,0.762064508621415837,-0.20334783374035012,-0.857284475207968244,1.81657429889589173,0.948059156887360532,-2.22768503270878471,-0.531901806251158127,0.387573316583225969
2.28139015436157022,-1.48547643572383414,-0.124170438053376825,-1.00229931107269765,-0.674722271964205977,-3.48417900844151207,1.95663342553555353,-1.70830995635031058,0.771532226938408394,0.857208218357452312,-1.98377499205757246,-1.14207910459234685,-5.58488768747780284,1.01974592588470236,0.188379425728960603,-0.0439785622780291124,0.559712701228373466,-5.13091760527292973,-1.37030895012531717,0.0780474589629563259
0.780523976819730736,-0.185870453063508717,0.280952101272768651,-2.16985532452648844,-0.0445332707619261331,-1.29371985586916693,-0.105849671007459331,2.61939199548520874,1.68535587892806715,1.46688218208740651,0.10346830222807106,-2.55868468159612927,-2.05565136312544983,1.36160130805351742,-1.18591150354222141,2.71490208852837345,0.975215262697749496,-0.960493598696401163,-0.621707814112392509,-0.625594241783180016
0.813634183437846215,-0.0479036847339886773,-1.08883461605481835,0.684839325261680565,1.17400289358984544,-1.54008232499797559,0.664962257126207379,-1.88212631430325517,-0.900867015550394168,1.11414302871131632,2.70803261700893572,0.164449076777476527,-4.6404771983245201,1.26495292769926149,-1.62625033943246944,-1.24904798152118657,-0.851177238582735307,-2.5630880935827185,-1.01670780866740329,2.21726502990298657
-0.734035293570994618,0.73259571167727433,-0.693335858348258061,0.781943340779453044,-1.32719147777419,2.21640765755181857,-0.791828000525041986,-0.241591983087744822,-0.562926662639586683,0.766828498124906832,0.683744363860984805,-0.263379116253177226,0.832099436281301119,-0.537942243103220585,1.65502758741383693,1.11675622559975229,-0.388568771497196319,-1.15277228964727296,1.12097368722420843,1.19723484743049835
-1.73426190478014863,-2.67986834617311098,-1.39977438485248973,1.41211391976397516,-1.9814357427855922,1.31179788395879116,-1.63370967309031268,-2.08010177836921795,-0.660333744859850857,-1.48986948891900939,-0.825495191922272942,1.88545524167782763,-3.67863241023943699,0.795024624835990346,0.698041518016649709,1.8356024760603733,-1.52610987602111048,5.87954889677171177,3.71557506518069491,1.68761046311249463
0.606812954735011623,1.31477325881450602,-0.296075357608034662,-0.643849551233836359,1.54315225767805697,-1.41672047903505827,0.306398138603435177,-1.33597868409520348,1.59908784044117835,1.33335317875181136,-0.791870451783220131,0.410087667902290731,-6.19102962581862393,2.19878929952157876,-0.978631590855403966,-1.46324341226671306,-0.616702208391940121,3.17108970567740078,-2.22960583734551632,-0.612306668335331206
-1.39446189992870129,0.53464867507874847,-0.835550608785759708,1.72914476763544034,3.12780420644029755,0.177019468880777353,-2.14401193073313356,-0.0392191187525088233,0.416731407006285193,0.0435567059614277441,0.55972414772864687,0.0419547861967266289,-0.873889833217038614,-2.6570651395790188,0.19744458694852049,-0.456219378465280323,0.0169099524354241783,0.596707051166052715,0.767748752126313105,-0.604098033348975494
3.1731122296587384,-0.282015340261106084,-0.632114913181048621,-1.38055454882706274,0.661923852719586647,-2.7488058567000202,3.2184704655793972,-1.80547891570589369,1.61803114080576438,0.63483078992152997,2.06231226645905474,-1.74273401669344374,-6.02596110050195755,3.59100982356217679,-1.7260049196493179,1.12434721400185467,0.612849084381159481,-6.16243387009270016,-3.4813387309461441,-3.2747233394347357
4.20508175989863453,-0.960374142548035437,-0.183482194566860851,-1.26356070758424521,-0.921041532990122591,-3.24983342732108982,2.79777010691178951,-0.916413973619475408,0.258291485229924178,0.569290968123124519,-0.233997407738582075,-0.799252183090681467,-4.56774865525700768,1.58501916158872258,-1.13188342055197233,-2.22150831516500213,2.25217571659484062,-8.60615378674175702,-3.36315550141181419,-2.73313493899488202
-2.3146413232977272,0.253303662842690791,1.96153816210999121,0.450966735415341546,-0.239793732981193414,1.10586741710531289,-3.26902259176509613,4.48063330322934572,-1.37578293348659475,-0.989177702094130806,-2.58684426481997676,-3.71594540624060121,7.49659405937275647,-1.10704669115108678,-0.362498722874500912,-0.523275508780078225,-0.925826594708780592,6.75047318799532192,-1.20949813979985921,-0.168968671440224122
0.335440899052551922,-1.23001549796879561,0.25474134331290943,-1.27151629402534683,0.560279666020945921,-0.832444125602370355,0.760753531561086715,1.25787952548664594,-0.934970395344474459,-2.61002298412728972,0.320453187933110673,-2.32546628162218649,0.506295862300557342,-0.548052784680823857,-2.19377404071721571,0.243159833979433915,1.88750028687687532,0.350947717750137556,-1.91522148860169761,2.05057075458943894
-1.62183289047051726,0.566018213174926288,0.0240665451094993696,-0.538771225162263723,-0.573870635260422479,2.0258525831740406,-0.733618602461993286,-0.562929098223633351,0.346110810590257389,1.66250414148916015,-1.13278388055444834,-1.8652883921462331,0.360046978218552693,-2.0442842403851631,1.17139318169697559,2.36580064078647778,-0.367589909184271035,0.184229403941642944,0.0795224251141229271,1.27229140425167198
0.81804589973113484,-0.0340834856087902163,0.113074553190595298,-1.24350742150329796,0.877601858186275341,-1.7788735672424687,-0.259945190044460428,1.78869578136115304,-0.266462625586651292,-1.92266407587908317,-2.59860939139022706,-1.3351971767734907,-1.16186154187513191,0.118073006686480367,-0.137973893900273425,2.23063875480056062,0.847936361006053851,-1.93972686808687977,-0.50658527346797777,-2.48913216420850647
-1.25736617262235573,0.166308231718334781,0.125513592486094561,0.541234534462914141,2.22537240277835657,0.0781399327822015488,-1.96551213927465684,1.07796313739077609,0.170811497006572888,-1.79559519640860588,-0.252790922930076101,-2.44503758525454762,0.420742478503759676,-0.705549697509551543,-2.08695828269716799,1.04740163056890401,0.411221510038579929,2.05374171196390876,-3.60524454083658341,0.876083482193235619
1.49825817406394668,-0.249135170062383587,-0.181559050838043273,1.97136414309434937,-2.45258697705843431,-0.913629884370728118,2.27316955923076458,0.284811398523791115,-0.249863343232474139,-0.476503585279239639,0.0128189693470745873,1.57793447134322817,-0.740371976536694842,0.274112551670506854,-0.365779699283386828,-0.366446523807648805,-1.32938596183405733,-4.91836563666019089,-2.11064257547252065,-1.22061496247778267
-2.1702997688831096,0.728228873484801031,1.08763238490253422,0.280499346810513805,1.98414547193211543,0.277888422270312907,-1.50671396077726927,3.45297541648741069,-1.93417695942096834,0.238814800461138066,0.825683943837305812,-2.43029093399178731,2.95303749911849733,-0.0501622423455030109,1.51610260167692434,1.7591514233315384,-1.57571473366174564,1.61027923199265466,3.89559346354756908,-0.271781139528552318
-2.78411908667123864,-0.269328456226720248,0.0642006116051998393,0.880174854909832494,0.72725529677959655,0.901013289955795438,-0.30067828001964364,0.50658097788533818,1.29238579348571503,-2.51389120140715194,0.393290459229073575,-0.410783193007453806,-2.01466928872305395,-0.731594632021234981,1.94614614276491893,2.62720971534992387,-0.415240432761014633,4.02881695990490929,2.69266067258232011,0.359675932036298607
-2.70379489118599414,0.149292802753617032,1.57443005783569756,1.5431604932717875,-2.2860461250930455,0.400640287067493661,-1.86896371908918968,1.85021370013561981,-2.15180570392061554,2.45303930594577357,0.517787887387894163,1.18218379620568537,4.74648653966759415,-0.671936591165355313,3.11112373666151498,-0.742658800737506231,-1.03210917286603276,6.7348505956910758,3.61434453561578639,2.63166605709919033
1.45754289401743531,-0.64489626719019344,0.930044652318831822,1.54300997791388106,0.749912898293607411,-1.39843598667828517,1.17039397855367211,2.80532357125895127,-0.143884073010869001,-3.53985872304806248,1.81138289449507051,0.145350787177686375,2.23691878915340059,1.87337395390014061,2.62565597405129214,-1.42153132052164799,0.540110621113071177,-0.431656017616783405,-0.906607285642882954,-2.59115481904377143
0.212133881236438643,-0.393650806033461309,3.07961713187319264,0.229902772044125236,-0.346309898359893897,0.058944816230444036,0.612790224242438675,3.91618936430270015,0.119039176174798242,-1.38041432669208008,0.338833159827530039,-1.71781844150916929,5.89600625753086049,1.89162534423094142,1.10389618474878914,0.109266069802733207,-0.241260709943194873,-2.35046874523505034,2.51811435337687595,0.86642694006664378
-0.0152198818107090166,-0.0219355736114265273,-0.584856907488870426,2.22040520270898423,1.70350508824574942,-0.765351488544230407,1.46335509743982461,-0.0649068111173556755,1.76639595360577539,0.640577354037137781,1.48937830409219019,-0.926623933337370254,-1.51586355986053256,-1.5759253452737072,2.3274607120856019,-0.908637441119833689,-2.26400762184635118,-1.35462336341847478,3.19552656203766405,-1.52070613765090545
4.04980806523436776,1.01340748890084731,0.438816755557757732,-0.0694758463203264537,0.494727829759871451,-2.37668204736299238,2.46507309763101867,2.82133501793089447,-1.06919668935352408,2.11046610770186316,0.797863939870459449,-2.48487872296465628,3.18205098843694412,2.38076224795036362,1.45372576790462471,-1.40921533484120531,0.458310815207614797,-4.8532642280915077,0.558898527689915992,-2.51551701372744807
0.930751345490837156,0.503972592566749422,-0.761241805124113102,0.553434972588110474,-1.63536747859973097,-0.50929571227452175,1.40965873399955366,-0.541309526537137153,1.31874622647204376,1.00080019530111919,0.813559184874642294,0.311733482591015076,-2.07754859128338376,-0.224573778221918152,-1.01495442915425227,0.380550719256435188,-2.26174205915772975,-3.1475829716021404,-3.81330119098646536,1.11132948472459625
-1.26632682683858988,-0.675060423138061694,1.72462354372980964,-0.00166010641803404939,-0.0699834412469259176,3.38936757044244841,0.293283474312595993,2.95978177866628611,-0.104068436513713142,-1.87908056668870627,0.633641189468897137,-2.32100643781219418,3.57410756297310783,-0.932286116710348112,1.36641796902134516,0.27501411738821141,2.17338008997769938,-0.00983630456194761055,1.61229517653269672,3.62315805204643837
-1.77352981295939793,-0.595159937826498453,0.156015876482630655,0.765480585962837079,-1.01009747065106548,1.42473331498213862,-0.666919437412389571,-1.48040689371971257,-0.574615743366888698,-0.162335273091974097,2.10669239262945762,0.527217335034536161,1.45356702116886827,-1.0090379807852059,1.37063380502668686,-0.258488170589060651,2.45297352337241392,1.56087661437488712,2.75704104732714139,1.09839760062074876
2.04262718041674329,0.582031746431836305,0.0428241523432271107,-2.38274624012900516,-2.56873429851094848,-1.93885900118608046,0.523595351256337493,-0.843214096744061892,-0.651749537413419788,2.8142191817176081,-1.22621409358917055,-3.04057233951212069,-1.82874407200226075,0.284232171119211618,-4.14791706146037598,2.3431407423186279,0.615233574290333984,-6.32679072994141034,-3.01043987691007064,-0.245544066780731374
1.17565773159041309,-1.65184356957685963,2.57165870168595623,-0.410608034788271348,0.187633911914720702,-2.75253097959680382,1.11147850129680692,2.60653571641770077,-1.89530865146403582,0.159943504878726939,-0.72718163617625653,-1.85287740798984579,2.03174848807067576,1.70848914034511146,1.61185964256954284,0.295357678169101245,1.18274735681130783,-3.44914144041717874,-0.495910639831737388,-2.59081970652389781
2.07224601987389079,-1.28087687548416596,-0.368452465171643095,2.00290833648190381,3.52807763309708777,-1.92370687933036622,1.30347724997523051,1.32719557986458891,-0.277245502303234248,0.0319825930938244032,-0.0774991289987292109,-0.688207274014948855,0.30398381078174036,0.0972013303447783888,-0.817387922303718262,-1.26142302631418257,-0.341304505372613864,-3.33008028200379558,2.49327735773995496,-0.325143739887024608
5.79904312000660926,0.17592013215391239,-0.505334250846009914,-0.479914977983567248,0.796361796527513932,-4.37883233555695117,3.79963753676638705,0.11994495783574402,1.11090767102906973,1.93594982842053631,0.498112874397926786,-1.33086998475609852,-5.61389067957889232,4.68138887054278019,-5.19261730620545769,3.16031217876822934,-3.32120723266153961,-9.96166048081057021,1.01155884370641957,-4.33687082712930394
2.33536145229192194,-0.032815102061545573,-0.0432098840224561243,-1.39229178245657725,1.51430948760645734,-1.35703984069453631,2.17661687389469316,-3.21535835954346849,0.95402947535041982,1.43219939872264224,-1.08799623703625881,1.29698390222930504,-3.64688412647430882,2.99043732501151416,-5.30361603591844766,-0.519043080218923758,2.50400693423996223,-3.51527784929390608,-1.5136672224064287,-1.22894150208029607
-5.15161005886461165,-0.487831239010137474,0.472889518060937708,-0.42250969355318585,0.179646766712243749,4.27528206688188828,-2.23114373952423728,-2.45415833213853984,0.156712352837592078,0.667770206602128602,-2.61037836280759805,1.78107678005085535,2.2154950483594309,-5.01716322574308737,1.10180544716476447,0.0545459269798084789,0.743576869198991575,1.24024565648682028,-1.65262247024599263,3.85894554572184045
-3.66533701122105171,-1.35737393058391254,-0.415795028367569763,-0.29117289173538069,-2.5179004350288916,3.70046785978224557,-0.985904318044606098,0.165787042022671194,0.102789426757764632,0.14767208175833671,-3.02712100227169278,-0.676069876961288729,3.96479662141918032,-1.89976926158990578,1.26196265794240725,-1.18569970998472884,1.2071726734521071,2.70078089221548145,0.125624968923413155,2.53340592357798489
-1.25061342608016934,2.12530037758050971,0.440903161903960006,-1.75434316621155739,-2.616230230216539,0.499098796929638822,-1.04837523257608423,1.08938743243174785,-0.117521813315327739,3.71091732714856848,-4.35206540328516134,-0.993417724487917098,0.74810320033411648,-1.31141248908227359,0.647416432018656396,1.98757677160794355,0.121321536536927801,2.27098095834753,0.107160581059144819,-0.0749468997920334085
0.547688593823269954,1.47920338668387674,0.775126223641049883,0.409239330166542847,1.49151714196938667,-0.447310157380372497,0.54976536050746605,-0.665476372844909458,-0.817279018351137476,2.37812966985183838,1.14760574258966797,-1.1674643090156871,-0.152026319070389687,-1.0622275605033662,-0.599647452411223303,-1.30691414352528024,2.74056803701542151,-0.401950787487281469,1.8291814682779044,1.35285850784164952
-0.929080536227213538,-1.07222712599665138,-1.68997781200307995,1.70614369393833121,-2.1678258664849408,-2.18853570972188383,0.434609044075447482,-2.52390917730270603,-0.0463482797673116925,-2.93498648509774629,0.360715092068511767,2.58286047611294656,-4.28042747772292476,-3.29697830030604022,0.820013071788808556,-0.832499541580324021,-1.73798691422365947,3.48609776585419917,1.30880586521236708,-0.302904767274698339
-0.638606480229539919,0.751759531687816618,0.0281820274729630456,-3.30068505213666663,4.53316894228756606,1.37880609828454315,-0.0894242184741206453,-0.39241647788849493,-0.0637586292037531643,0.313404077696494143,-2.83400148364155458,-2.45543389825754144,1.59905811770841866,0.331888727404625272,1.11537602225797294,-2.34063813093878981,-0.112082832837267415,5.84528303665479676,-1.99061860669844348,2.79531533175461622
-1.5614185486663168,0.256546660659429493,1.26010499720559421,-1.02412177922829795,1.19384797110040886,0.867260667223364479,-2.15200673493111072,-0.513658829771445502,0.770492661498414,0.382977626702274199,-1.46274772319831659,-1.04062063549909478,-0.989960239864068337,-0.729418722444436618,3.88445466899384328,1.76758204050962142,1.39941980630074658,1.4552400637279157,0.313544506820892688,0.345301734079773659
0.141457901490487842,0.770339133472633386,0.779420821141649456,0.253627481223849927,-0.399152573519050036,1.34593251941037173,-1.37640632454473888,0.10779618880010948,-0.338156728637325377,-0.321933198825936739,-1.19936341305561478,-1.6073200640752594,2.0710628311263104,1.71674280552698599,-0.122779461245296484,-0.703466957966174422,4.44449059437171368,1.2627756636476728,0.311306478837213352,-0.584487887148886887
0.433805029503219974,-2.6506141936437797,-0.783267033494189358,-1.31371409286900764,-2.30543660388797145,-1.09313594186884,-1.10820566612677851,0.525253319347140146,-0.587048332962240349,0.705634695317883476,0.847462563470310903,-0.502464130014578569,0.450685931683341146,0.236419199600525376,-2.43577396684562286,1.72772499586270278,0.697733745638306924,2.29282581915097738,-2.9910840289515459,1.62549643463489768
-0.651744932466531535,-1.58477492405074627,0.929038837350990021,-1.55284200450368126,0.194689426403166055,3.1215931179174734,-0.38039915581560696,-0.42854921544910779,1.79225950790242616,-2.17745381168061369,-1.15279920144764403,-1.01948210798487038,1.38501726525327817,-1.59594069215553813,-0.927601119513263184,-1.22671132656931703,2.90366195117263404,2.7083133578865457,1.91000681543631634,0.984531979051117001
-1.5467865099536553,-2.57988723632934969,1.4261071165319148,0.0819929383907907205,-4.53691848609110426,0.746982278099805663,-0.867222947049640647,1.18521686415475425,0.0665093177829274435,-1.93067910898508233,0.774776401906841272,-1.42653164889620787,2.99960809323343547,-0.476446108000488366,1.90018041612590216,-4.0029460175914906,-0.705829360837000208,1.75825413218583027,-1.1653723172916306,-1.34428099974328474
-0.906990278769754688,-3.02105209448939549,-0.222690782895935746,0.295225018637415737,-0.831250075634797692,-0.42781689052039551,-1.21817823924629876,0.423706888039011131,-0.18655933611257372,-2.82254096328013215,0.0800146578928805779,-0.302546662349573781,0.216232614880623869,-0.896468811366117224,3.8197979724063984,1.80782926334415883,-1.10772806173043192,2.76531020164674413,-0.555116636102544359,0.73963893384151036
1.22704998916474928,-0.766517991225095119,2.63067960248637078,1.19838595014875793,-0.865362466741710024,-2.06444699701273349,0.645237636494119471,2.85280527197961931,-1.31846548129670227,2.30316931023308991,4.87243594978653238,0.083924842843763614,3.995097870744865,1.03892547528215329,0.333191237053480638,1.25095543092544936,2.66917840731746114,-0.611507570754958651,0.835159043350395036,0.0315373292867794155
1.40035064205089754,-1.46435790202222949,-1.31727786761985666,-0.0201236610627098522,0.837095863994158362,-1.47349109538084,1.45088068941778547,-0.161152841561158472,0.245425618019799369,-1.07200625874719968,1.41393972896464715,0.584538882266076421,-1.88226150463530728,0.49038549063245801,1.97929629198071111,-1.9408530909491335,-1.91682971248443157,-2.85762341403082099,4.19125482176541997,-1.04158871286577326
4.34413645744544308,-0.832741713444658638,0.514089078700357249,0.202233483439189787,-2.68448688295344251,-4.34781834589933425,2.44884934080281402,-0.54886916287028209,0.188973792981570077,0.780514886266759911,0.960599100836746045,-0.590753083410013313,-4.00869861193952293,3.41389353273494667,-2.16377676025875809,1.89714582344562332,-1.63924639228999358,-7.68731613350323517,0.856193173899221116,-2.61783135631289943
0.674478609298474696,-0.217622926315609061,0.681995104966536814,0.381161635548297795,1.62895647769127372,-2.0090095213589283,0.555961099397672243,1.60154209112925705,-1.52366312767547063,-1.11882387043338571,-0.802567600847666762,-0.230679635978989189,1.17257923728616476,1.58064191008402743,2.77634122794322424,-0.989189139481077451,2.1376071515672872,0.255949146488828883,0.859447710651133123,1.95816914899821826
-0.984731029367159727,0.072344633554746976,-0.0416819135957961148,1.94526762907668371,-1.11965482215037726,1.75569528939920971,0.281863501460466626,0.498726044392682477,1.97103360873045252,-1.01262787512684538,0.433558794718800211,2.00925725715780334,0.583920410378224064,-0.0077912407270770024,0.212971706403707356,-1.55332046271868562,1.54133447405158042,-1.22867093435080199,2.65360959629195525,1.83935780023211071
1.61071409668465404,1.67600384600960495,-0.68779236756341311,1.4091799926643036,0.476593406294826494,-1.61811994969260597,0.596226880697514394,-0.29015261312561258,-0.1482616251684927,1.63739078883137856,0.561598109261436385,1.44920338002200655,-2.69288312355846449,2.72999408661931531,-0.220581425234146311,-2.17051666276759603,-0.830927497589437736,-0.0239187281298072763,-0.160789063554954009,-2.87924015078317552
1.21018697425982946,0.0106529209108229272,1.29186352595821186,-1.64677317010056234,-1.79914006311914387,-0.704492760843486221,-1.63206580050569006,0.85400917111456387,0.20728165864997225,-2.55750386756024062,-2.16957083177787036,-0.52329370931266439,-0.200457497022285158,0.836271748108673219,1.12754010008431527,-1.93038592152472832,0.213357749575964623,3.38355756082507675,1.19079355208678783,-2.13642794633560307
-1.25114819073413353,0.602055914283473714,-0.192106921026980848,-0.894292046949383801,0.0937425053632092303,1.24750111149911924,-1.27818725735604688,0.320536141220819859,-0.659615457491350199,-0.884461868358334513,-2.24676875836466161,0.321414039897415016,2.22209300082956407,-2.91167901430836062,0.408586211661100596,0.0476280913087425428,-1.0107585222036799,1.19926050196472245,-0.233759962368120855,-1.22256492778765269
0.829219836499916263,-1.40391646600093023,-1.93463059060452536,1.22769095116781934,-1.68296100559090434,-1.66739083932720789,-0.216887985141801271,-1.40065605639500745,-2.90393678331272698,-1.02220272746899377,0.426198161994261193,0.866694409567262514,-0.78541625492302658,-0.554143352172718262,-2.52976034938052541,-0.167568361706333741,0.796365763948306493,-0.735093040915465457,-3.06771918726455883,-1.67510802538350645
1.49326449291505092,0.120192763083550327,-0.566585415488643829,0.125742288146301312,0.377038503031149608,-0.154545070660308786,0.698850505303219904,-0.276271261982987848,1.29633828624436109,-0.0701791918580420421,0.643655855775303931,-1.53307381276180066,-1.19452760007579961,0.787583848181585,-1.15845114024147633,3.56473262211209985,-3.27593169876771428,-0.0327062204311835483,-1.66495669151464165,-0.198860865917990376
-0.536338180964733291,0.815200796416563067,-0.642706399218138658,0.775523686780108856,1.12911506192372313,-1.20129425496132813,0.287489316056864619,-0.804163848060088449,0.381800162534875309,-0.479348090128195958,1.45039461484576693,1.15942014256031944,-3.07168909848062599,-1.31290230620273074,0.402475335951141933,-0.0949105655457100905,-2.10739748479594891,1.18159367431682427,2.75058912329949434,-1.19973854340468966
-1.83088313760816024,-0.326820262380586146,-2.20715041336626916,-1.78107431318445841,-2.1187529271024057,2.20898762426030171,-1.15980261976542498,-2.85456094965155671,-1.77698676811535883,-0.57240508926778022,-4.57384403685052732,1.1588325637836745,0.309463726518328652,-1.56334403246367892,-1.89202070799335709,-1.57380428619059143,-2.41776467136885476,4.18584692145645754,-0.0104245959270452947,2.93641518563801895
-0.385148122097856815,0.924130944445133884,0.521882922332267074,-0.0788403976046651994,-2.64749565087241612,-1.27245820394987841,-0.890553208822460363,1.16872149531302916,-1.40764616012481625,1.91963188648796979,1.33557778692534379,0.18870562379220282,-0.128685995336617343,1.79153637633380325,0.14882436830255516,-1.41563161613647948,2.59637218173771034,0.9194366842892856,0.467918617700706307,0.999258694953118809
-1.1239473994498046,-0.34940339054281172,1.47284669175202021,0.498978658697002142,2.00303466233851291,-0.0707905202278754642,-1.11794453282011452,2.13364251377366143,-0.650805530136978394,-0.258573509792463796,-0.51630374542647739,-0.670977435728436156,3.63663289154314207,0.901002053008143511,0.691622210729675557,-2.14669187954407503,2.24450021878032935,2.34271071663131458,-1.16997632055375456,1.83003149038087076
0.500517586856909058,-0.557038249777401906,-0.420841147057112175,-1.45517723064849558,1.42741739682084678,-0.411619179642151889,0.774844308372947044,-0.226986685885942285,-0.180534731725054104,-0.129342390574563842,1.65750600725323083,0.395601749544808257,-1.76784281182244296,-0.68201846993512294,1.18108350093017145,0.359960847670002249,-1.93689415997765169,-0.286410746744714229,0.015467746742070132,-2.32915167905975995
-2.92500294123935234,-1.26405898112477066,1.41921790992444996,2.96308416852279999,-3.3552939551017662,1.75277562770841255,-1.29487310065578609,-0.357489645412614243,0.574231514558596223,-0.761988622834727014,-2.80373823403277544,2.97820369042881961,3.58861489704424086,-2.74009655552273923,0.422314159091207397,1.19870311286003939,2.2605468270243283,5.0811413323605974,1.81558179862341773,-1.67950394078313847
-0.215239686370607419,0.462326154302372005,-1.38228421457598194,3.20864942994877245,0.915968524537945972,-0.0594812204586104912,-0.0720777106259888611,0.459071261995466606,-0.856554610689355012,-0.391750773251025752,1.29273208649458149,1.34855538115239448,1.15082096841684178,0.212903691862099648,0.801247395953033847,-0.987246123552834587,-2.15003814998967169,-0.751839067488118018,4.87211626839205802,-0.993351948490889813
0.103787081794035854,-0.14869250856291813,-0.708023253332183189,-2.1373975722717713,-1.59830474899814323,-0.193863787213263222,0.59566133091595086,-0.352035792367994982,-0.372623415503099242,-0.881334074680715229,2.0133466244639715,-2.00939882017998883,0.944293522869551816,0.0702711296238966027,-0.00563949997992376374,-0.485137735269275061,-0.380766106512442193,-2.59723208624826141,-0.765476042598492001,1.83855899906780729
0.0536255511754275896,1.73715281313625702,-1.88450293927613477,-2.42277990438186253,-1.87364735436597019,-1.4321791079385997,0.267685632770831516,-0.133579973045863276,0.967902439356325028,-0.150740782090905467,-2.41901732863923025,-0.649484419836199312,-4.85077284340669035,1.05989960496319058,-1.83083383420794776,0.640373817854570038,-3.16060782531515638,-2.36089987155743009,-2.4726235744555205,-1.03754754722524001
-0.995250299497414614,-0.713831254442740759,0.633685781080887689,-0.055320030349105348,-0.598062002093317835,1.60025262630913745,0.0237967933426447877,0.138369236793170342,1.17804260366152858,-2.68649035850579931,-1.19954743457577329,-0.523727933011894797,-0.904659294073911324,-0.990948096607363271,1.32094837503997664,-1.59612599867578187,3.93067112001017271,0.416268689171599371,1.43727725582125498,-1.92540051683941615
-0.967833061628955882,0.572386569026374858,-0.871664979631434078,-1.63576911515659384,-0.256015085935481557,0.980191177200407826,-0.156908142605356182,0.54187186045750857,1.72617337335160359,2.00057361721344629,-2.33633406470588589,-1.73063498211441269,-2.3936516422410703,-0.715385458903824545,-1.30968322212667987,0.599080240481245863,-2.02534571243039441,3.2926892453239347,-2.57596098827028097,-0.092408207216302371
-0.114810134341473455,-1.54501594702197953,0.192214591229815379,0.286449929691303007,1.00494254787059067,1.5067387214221768,-0.410039862826155121,-1.05935362306531866,-0.788381035156980992,-2.19568204087354957,-1.34356531589449535,1.30690050023947535,0.489481358716123138,0.5711197112809413,0.39058096321886554,0.802324379247098318,1.50809314151262241,0.0406493870531197815,-0.0975709169999223191,2.36694431116690485
-2.6212886782078435,-0.778723032013888816,-1.47798577767426886,0.850711346214626962,-2.032730020031289,1.80453843943927716,-0.644573279250598929,-1.57594969086548353,0.588073781296337139,-0.423579577367669158,-2.51340702898554058,1.00331236251585487,-1.35973938504149627,-1.0889745117534253,3.3764730887544685,3.93028858513559154,-2.37287313967597724,3.88387774837889799,2.64247698471440806,2.5515792434274478
0.174026938392962016,-0.645378682723171671,-0.00165821915512868838,-2.03538642250995006,-1.15698405660642356,0.573023930107298018,-0.365977994874568946,-1.24033421034131019,0.0527080991713105018,0.436904235512520167,-1.02019527043220104,-1.65267414578399241,-0.477632080225105227,-0.370188403549287726,1.76158555717376086,1.305183490868151,1.06699148545246159,0.0202798476931218725,0.42179805887058186,1.57810773796277659
3.44323722152094414,-1.39070653192171223,0.851707473727310038,-0.458078122466525905,0.289237185703117017,-2.1029431656941262,2.65470514770787247,-1.79913481817073695,0.105356839177401851,-1.59114548001574541,3.80069560336270174,3.78589823446133122,-2.50902371346508657,1.04340592974330204,-3.34079666901068251,-2.10871578488879807,0.334399729489644859,-5.77455553048240766,1.70952649997352646,-2.05939239117365114
3.651059452691646,1.36358701166616081,-0.646007292265187494,-2.09054132520775937,-1.20261159165648523,-4.64698486027488844,2.5833659596958749,-0.874552521631389412,1.11878101003862729,2.39384550777408966,-0.536069851644447981,-0.0798599098303387767,-5.64660349342714252,1.29756046466674779,-6.03775485357658059,-1.79469366457845436,-2.42376116067247738,-6.19945161792319333,-3.75708890041075483,-0.902473937841748008
-3.13079932362743474,1.57773423681813685,-1.33959332964162381,1.9382637204629185,-0.600804981484449385,2.05682948357656104,-1.34573361507750167,-2.0383134424377638,-1.83108060369738923,-0.610213929761816987,-0.861019386879631199,3.08903079298590599,1.35378300599524515,-2.22125115835386966,2.22858423840718523,0.81997210601492776,-2.55403113073940657,6.5572409074757898,2.09839923319812627,0.806630724572447222
1.36552368032667237,-0.269075334215151118,-1.11513782775451076,0.72420811188992984,0.505498405751290458,-1.47224342720918022,1.3023885462513074,-0.858961744109570491,-0.107774631047791045,0.167840675029129915,1.4397018026483952,0.989120362594632208,-3.25391223333909307,1.20563975534778245,0.420198426363018407,-1.39544951369190828,-3.81576281344050727,-2.05531903267439198,-2.6451796564469725,-3.5546513315138033
1.16826307297501386,1.23122787104986542,-0.185432042900527089,2.11764951496306431,-0.71137341537039378,-0.0933832894461256863,2.77035072200420762,-0.109023827126091363,3.15892418011561649,2.10470316758709952,0.361742025056868255,3.19648887794298497,-2.19043943504312644,0.92753260127273407,-2.08458934009475838,-0.655114790416204462,0.597728290363355841,-2.29727236163155224,-3.3031075164207464,-2.6259353667892702
-1.40493668107567427,0.793991560868983703,-0.949636103147950217,-0.907342683392157956,-0.321745356734797427,0.271413909354430938,-0.530821126496374252,-2.84159538360307096,-0.0738355426936416342,0.476706173666594013,-0.246335376569867731,0.0250591600506842455,0.842270985865432253,-1.41611071258583654,0.569544159378491011,2.73797015639765107,-0.464094866334900047,3.20491856034714173,1.21470733012386956,0.214304557714733307
3.57686120708219457,0.486407108468758953,-0.314687972401278659,-0.0535294958016100664,-3.7766493212666572,-2.46302753269281238,1.87675993379737727,2.52732617579398777,-0.762082201504019618,-0.606685536488060451,2.62350312923158224,-3.2083470344714109,-1.62947747598170856,2.63934278954329882,-2.23594077525287238,-1.3141437973475707,-0.069731282934288305,-4.47978728369207602,-3.12592279626346059,-3.41002452980108073
-1.74716471817737129,-0.15818297222066699,-1.70613797988256133,-0.19479329963958214,1.76013819076918709,1.33066128050992205,-1.1472730316297266,-2.66755131228876108,0.599783358548968137,0.151561607765982431,-0.177023946153151424,0.530492548110301776,-3.01342822590456105,-0.986551085993468635,0.39973729475885178,2.59529797713867527,-1.36036410876022207,3.61798601852517754,-2.23199216774553211,1.90471577042167683
-0.182455776723555591,1.27698662275308328,-0.357357392637173366,-0.698757237573943035,-0.418174472153011734,1.8254219526101898,-1.3568232324484546,0.0916078081639715991,-0.48219357812717395,1.5186513996718467,0.289698696590962756,-1.30938696112261854,0.334496629322953487,-0.710974802378115611,-3.20392846317589619,-1.10796425826092304,-1.77912858943324448,-0.951918377712021591,0.306111973706246543,1.65782805022878099
2.26898733445535461,0.43645006314784085,2.37298882678337808,0.740616178825356686,1.79545136277942885,-1.52219779520922316,1.24013218690059457,3.39677820724492951,0.225301174850036146,0.38956319249318544,0.678079624304575357,-0.454767016235867683,1.17925235502279624,2.08323155576675756,-4.74130969431304994,1.14714003029218059,2.67517937568722974,-3.26887449488366011,-0.942490315347504604,-1.87524715055010982
0.147302158460840132,0.990059234410643474,0.103758880270734072,-2.45233274710078142,0.8366618931455162,0.312236674753571752,-0.198336493114410539,1.11157016480076343,-1.15086395093360538,-1.3900138360308314,1.11547034182720939,-2.66009413920329996,3.51948404418726302,-0.144993176651887851,-1.59392382968691426,3.63366671335550429,0.24666040389728322,-2.76597255051793756,-1.30199049569237557,0.0844678758314424405
-2.04514201890611691,2.05381183036572201,-0.769003397468212335,-0.853027052732588831,1.66663479878101284,0.555393005241283655,-1.7289197027851122,-1.57272719887747026,-0.582627947262464141,0.560823693180638405,-1.48538173319258848,0.68413938271435093,-0.879454932175169013,-1.06718345021619432,-0.78400288928534223,3.59400713385354242,0.0114332266636577497,0.775259205812094621,4.09707650809947044,3.92741261833745803
-0.278126960775567533,0.230331280643968822,0.447842884881732128,-0.80277527248969005,0.344554921278797055,0.161017905506880832,1.01284296666737439,0.285114379158589837,-0.923719620868197033,-0.0343575966599052388,1.75151598474125647,0.0851668313517923298,0.40393404075969519,-2.3533269579347551,-0.260693626060319539,2.59785707934443222,-2.49778739265833982,3.76600321081617917,-0.0367338638154913813,-0.104294832837899407
2.41642444773866805,0.718005224826460009,1.70995411310367063,-2.94140878800724925,-0.38151606558326201,-2.21666021073600161,1.57841552544126129,2.18742567747882743,0.44841003200079621,-0.332899541410298427,1.29970799763138145,-3.90254035847972425,0.650471695261257365,2.08862033163858074,-0.38341679026294867,-0.288760602356138929,1.18857692363427336,-6.21398850034729033,-0.943891257977416687,-2.49175489479717749
-0.918662245605624594,0.821885094733615373,0.96762443346560989,-0.522689676633091294,-2.83078208348466642,0.550050874639513521,-0.954804851607503835,0.0296533547018645385,-1.15708438947002357,-1.93979327432070403,-1.89428296697319265,0.214786295325653298,1.98466783815274006,0.335677452490336925,-0.942715763240788984,0.0359553825994919016,2.04127901737596185,1.3330227007793316,1.14745729351184056,0.735407665276164413
-2.10081600705464044,0.18701512568062359,1.04301838535332592,-1.01740591038344697,4.16505691202249118,2.42140395238353001,-1.68431651679197425,-0.325921653955564383,-1.05331522910878372,0.704935638814186527,-0.125099162365158528,-1.63500777714273671,3.6017579354430258,-1.51294871819103482,-0.848952904568556321,-0.335806654011833905,-4.9913003990355449,0.328372337257024471,0.485505242849250396,1.98194509886267789
-1.31302689333784972,-0.901616176523985291,1.89039623211016306,1.06293729432538031,0.22170550051951271,0.360656466208393811,0.0119965901002279472,0.665416299738394001,-0.579718947783950944,-2.03531649224813371,1.1140215703808416,-0.232403911666946655,-1.01808715470555233,-2.06071097679837489,0.457519529717643314,0.746426439012415344,2.65568044774144596,-2.97142785568618306,2.02497874149882451,-0.0740543208956137983
-0.828006192961422416,0.166598709261092465,-0.459192119421142519,-1.86129785228348021,-0.0593750210544485985,1.38219056177895472,0.0939967953739652556,1.17336105937822821,-0.366556291240076104,1.72465232374439159,1.04745893220579056,-2.2547019194357838,2.07600189708347527,0.645683537533234264,0.0910328058242654697,0.891588888411297575,1.77757372924542212,2.65863066420284033,2.14238543590238484,1.80507639397944164
-2.69115161586301976,0.671638035208808493,0.519963354899059649,-2.08060477824447476,-0.220014717263728093,1.61759323080273454,-1.54638820181664904,-0.864125078716828976,1.00705086154401457,0.471322607395608273,-1.6551208237071251,0.571060211158339381,0.296968577007021672,-1.17457140767819701,0.67197648789224651,-0.54045447316575268,-0.596713381468849335,1.16669274913775411,1.12986053888619131,4.1150648041722695
-0.784279601703803397,-0.500933571504148523,1.14667424824266684,3.6195692628362961,3.74342765543096068,0.651649476239866465,-0.860677334696954066,0.413077911173172663,-0.718508996205051154,0.0880090058266647796,1.32500594443562947,3.94389506647601396,1.18905347759804503,-0.185354341763391967,0.0902337915708737032,-0.338517296184407401,1.89812264337388092,0.176375732827675297,-0.258587789212446517,0.857884102740224086
