,m,lambda,iteration,time
0,50,6,1,297.8602559566498
1,50,6,2,713.4525256156921
2,50,6,3,383.3239119052887
3,50,6,4,177.9125759601593
4,50,6,5,193.39454793930054
5,50,6,6,483.8662271499634
6,50,6,7,311.0348846912384
7,50,6,8,404.9093391895294
8,50,6,9,454.96401500701904
9,50,6,10,437.3876929283142
