m,lambda,iter,d_cpdag,time
200,0.01,1,0,1208.0904247760773
200,0.01,2,0,1292.0988430976868
200,0.01,3,0,1201.185776233673
200,0.01,4,0,1119.6108360290527
200,0.01,5,0,1180.088859796524
200,0.01,6,0,1176.4565658569336
200,0.01,7,0,1181.3898470401764
200,0.01,8,0,1199.6813280582428
200,0.01,9,0,1122.411442041397
200,0.01,10,0,1204.9487450122833
